0 0.539746 0.517188 0.37207 0.759375
0 0.2125 0.71875 0.415625 0.492188
0 0.222656 0.397266 0.439063 0.794531
0 0.209766 0.518359 0.411719 0.792969
0 0.590625 0.425391 0.251563 0.553906
0 0.525 0.608984 0.389062 0.553906
0 0.293164 0.685156 0.560547 0.404687
0 0.313672 0.386719 0.611719 0.773438
0 0.521875 0.688281 0.38125 0.3875
0 0.208008 0.588281 0.415234 0.320312
0 0.435156 0.37207 0.704688 0.744141
0 0.384766 0.711328 0.464844 0.361719
0 0.430078 0.699219 0.238281 0.35625
0 0.660937 0.305469 0.410938 0.571875
0 0.260352 0.600781 0.493359 0.270313
0 0.45791 0.63125 0.260742 0.49375
0 0.164746 0.312891 0.329492 0.625781
0 0.375098 0.505078 0.706055 0.766406
0 0.468652 0.751172 0.47832 0.497656
0 0.389062 0.996875 0.778125 0.00625
0 0.593359 0.368164 0.441406 0.736328
0 0.748828 0.25625 0.502344 0.5125
0 0.673438 0.432422 0.440625 0.607031
0 0.318359 0.761719 0.60625 0.476562
0 0.523047 0.996094 0.903906 0.0078125
0 0.867188 0.0694824 0.265625 0.138965
0 0.397656 0.175977 0.663281 0.351953
0 0.170313 0.0445313 0.340625 0.0890625
0 0.927734 0.139648 0.144531 0.279297
0 0.207031 0.199023 0.414062 0.398047
0 0.774609 0.329688 0.450781 0.64375
0 0.951953 0.508496 0.0960938 0.470508
0 0.535156 0.753125 0.414062 0.398438
0 0.225781 0.0422363 0.451562 0.0844727
0 0.205859 0.134961 0.411719 0.269922
0 0.388672 0.100391 0.675781 0.200781
0 0.812891 0.221484 0.374219 0.442969
0 0.941406 0.222852 0.117188 0.445703
0 0.953906 0.346094 0.0921875 0.504687
0 0.75 0.482422 0.5 0.689844
0 0.220508 0.9875 0.441016 0.025
0 0.423047 0.0305664 0.785156 0.0611328
0 0.533984 0.0481445 0.789844 0.0962891
0 0.309766 0.12666 0.619531 0.25332
0 0.566797 0.129102 0.722656 0.258203
0 0.307031 0.230859 0.6125 0.461719
0 0.364844 0.307617 0.664062 0.615234
0 0.348828 0.577734 0.673438 0.561719
0 0.95625 0.614453 0.0875 0.442969
0 0.740625 0.798047 0.51875 0.403906
0 0.779688 0.969531 0.440625 0.0609375
0 0.313672 0.0259521 0.627344 0.0519043
0 0.804492 0.0739746 0.391016 0.147949
0 0.177148 0.423047 0.354297 0.575781
0 0.707031 0.641797 0.585938 0.674219
0 0.948828 0.714063 0.102344 0.459375
0 0.601172 0.773438 0.563281 0.453125
0 0.521484 0.79043 0.574219 0.419141
0 0.686719 0.227539 0.473438 0.455078
0 0.141602 0.253125 0.283203 0.50625
0 0.715234 0.371484 0.535156 0.621094
0 0.220703 0.489453 0.416406 0.564844
0 0.897656 0.541406 0.204688 0.479688
0 0.422559 0.671094 0.304883 0.4125
0 0.900391 0.813477 0.199219 0.373047
0 0.800977 0.870898 0.398047 0.258203
0 0.124902 0.0502441 0.249805 0.100488
0 0.641016 0.054248 0.680469 0.108496
0 0.15166 0.139063 0.30332 0.278125
0 0.678027 0.161816 0.612695 0.323633
0 0.548047 0.323438 0.650781 0.646875
0 0.880859 0.21875 0.238281 0.4375
0 0.882031 0.337109 0.235938 0.499219
0 0.167383 0.4875 0.334766 0.544531
0 0.801367 0.487598 0.397266 0.607617
0 0.21582 0.594531 0.405859 0.221094
0 0.184863 0.758789 0.369727 0.482422
0 0.677344 0.751953 0.6125 0.496094
0 0.928516 0.792578 0.142969 0.414844
0 0.428125 0.750391 0.676562 0.499219
0 0.52666 0.186914 0.663867 0.373828
0 0.621973 0.519141 0.495117 0.739844
0 0.757031 0.717578 0.485938 0.564844
0 0.256641 0.827344 0.513281 0.345313
0 0.870898 0.840625 0.258203 0.31875
0 0.285938 0.994531 0.571875 0.0109375
0 0.675 0.994531 0.648438 0.0109375
0 0.714844 0.991797 0.570312 0.0164063
0 0.714063 0.0656738 0.571875 0.131348
0 0.156641 0.772656 0.313281 0.454688
0 0.137012 0.347266 0.274023 0.519531
0 0.889063 0.456641 0.221875 0.458594
0 0.909766 0.653516 0.180469 0.464844
0 0.911719 0.748047 0.176563 0.425781
0 0.533594 0.938281 0.846875 0.123438
0 0.834766 0.114258 0.330469 0.228516
0 0.157617 0.715625 0.315234 0.5
0 0.770312 0.113867 0.459375 0.227734
0 0.833789 0.571777 0.332422 0.561133
0 0.792969 0.626172 0.414062 0.636719
0 0.651172 0.672266 0.616406 0.546094
0 0.836523 0.672656 0.326953 0.545313
0 0.191797 0.830469 0.383594 0.339063
0 0.678125 0.926562 0.64375 0.146875
0 0.803516 0.884375 0.392969 0.23125
0 0.944531 0.164062 0.110937 0.328125
0 0.168359 0.580469 0.336719 0.525
0 0.571484 0.679297 0.467969 0.450781
0 0.827344 0.768359 0.345313 0.463281
0 0.380469 0.807227 0.720313 0.385547
0 0.369727 0.946484 0.739453 0.107031
0 0.752344 0.986719 0.495313 0.0265625
0 0.77207 0.162695 0.455859 0.325391
0 0.588965 0.841211 0.698633 0.317578
0 0.71875 0.907031 0.5625 0.185938
0 0.190234 0.821875 0.380469 0.35625
0 0.700781 0.848047 0.598437 0.303906
0 0.766406 0.838867 0.467187 0.322266
0 0.227344 0.879687 0.454688 0.240625
0 0.26543 0.939844 0.530859 0.120313
0 0.252148 0.907031 0.504297 0.185938
0 0.858203 0.153125 0.283594 0.30625
0 0.374219 0.628125 0.0695313 0.11875
0 0.604688 0.258594 0.18125 0.201563
0 0.590234 0.276758 0.217969 0.241797
0 0.788281 0.116895 0.0234375 0.0412109
0 0.5875 0.32207 0.228125 0.333984
0 0.997656 0.052356 0.0046875 0.0921631
0 0.335547 0.613281 0.150781 0.148438
0 0.360938 0.621094 0.102344 0.136719
0 0.770312 0.141992 0.0734375 0.0941406
0 0.998438 0.153906 0.003125 0.303125
0 0.384766 0.652734 0.0921875 0.175781
0 0.977344 0.0414917 0.0453125 0.0779541
0 0.0830078 0.213086 0.132422 0.100781
0 0.596094 0.327734 0.209375 0.208594
0 0.589063 0.494922 0.246875 0.372656
0 0.378809 0.673438 0.0705078 0.223438
0 0.803125 0.130664 0.053125 0.0722656
0 0.616016 0.315625 0.163281 0.0914062
0 0.694531 0.339453 0.364063 0.125
0 0.446094 0.658984 0.210156 0.308594
0 0.366016 0.664844 0.0984375 0.2125
0 0.45 0.776563 0.155469 0.210938
0 0.609375 0.0767578 0.132031 0.148828
0 0.809375 0.0761475 0.328125 0.135596
0 0.765234 0.338867 0.207031 0.105859
0 0.69375 0.362305 0.382812 0.179297
0 0.373242 0.613281 0.0816406 0.142188
0 0.0764648 0.588281 0.151562 0.175
0 0.601562 0.649609 0.217188 0.316406
0 0.387891 0.707812 0.0835937 0.301563
0 0.600781 0.703516 0.204688 0.210156
0 0.614453 0 0.602344 0
0 0.702734 0.396094 0.392969 0.248438
0 0.235156 0.592188 0.351562 0.176563
0 0.272852 0.624219 0.272266 0.1375
0 0.408984 0.716406 0.129688 0.326562
0 1 0.899219 0 0.201563
0 0.998828 1 0.00234375 0
0 0.994531 0.0378906 0.0109375 0.0703125
0 0.789844 0.122461 0.0265625 0.0513672
0 0.0888672 0.225977 0.15 0.128516
0 0.438281 0.719531 0.179688 0.323438
0 1 0.830469 0 0.335938
0 0.894531 0 0.210938 0
0 0.991797 0.0317871 0.0164063 0.0635742
0 0.635938 0.0406372 0.021875 0.045874
0 0.942187 0.0569824 0.115625 0.112207
0 0.835938 0.125 0.125 0.0699219
0 0.644531 0.298047 0.129688 0.15
0 0.311719 0.510547 0.200781 0.326562
0 0.110742 0.586719 0.209375 0.1875
0 0.541016 0.730469 0.330469 0.30625
0 1 0.770312 0 0.434375
0 0.896094 0.831445 0.207813 0.308984
0 1 0.211719 0 0.41875
0 0.0812744 0.198047 0.126904 0.071875
0 0.666406 0.25625 0.267188 0.214844
0 0.646875 0.317969 0.104688 0.0929688
0 0.446875 0.583203 0.214062 0.266406
0 1 0.590234 0 0.477344
0 0.394531 0.689063 0.107813 0.265625
0 0.46875 0.79043 0.11875 0.172266
0 0.553125 0.796875 0.273438 0.164062
0 0.8 0.11875 0.046875 0.0507812
0 0.592969 0.237305 0.151562 0.253906
0 0.0760742 0.250977 0.142188 0.240234
0 0.645703 0.263867 0.186719 0.207422
0 1 0.308203 0 0.542188
0 0.612109 0.339844 0.191406 0.140625
0 1 0.390234 0 0.502344
0 0.594531 0.403516 0.233594 0.377344
0 1 0.491406 0 0.546875
0 0.334766 0.523047 0.172656 0.286719
0 0.425684 0.626563 0.17832 0.132812
0 0.0871094 0.614062 0.166992 0.179688
0 0.530859 0.674219 0.357031 0.289062
0 0.738281 0.928125 0.24375 0.14375
0 0.0100464 0 0.0200928 0
0 0.202539 0 0.405078 0
0 0.289258 0 0.578516 0
0 0.383691 0 0.620117 0
0 0.816992 0.155176 0.134766 0.122852
0 0.669141 0.216455 0.289844 0.257715
0 0.0748047 0.223242 0.135547 0.169922
0 0.773438 0.252734 0.235938 0.279687
0 0.478906 0.5125 0.207813 0.289062
0 0.343359 0.589453 0.139063 0.1375
0 0.55 0.516797 0.326562 0.374219
0 0.19707 0.615625 0.35 0.129688
0 0.346875 0.708203 0.149219 0.305469
0 0.876563 0.748047 0.0703125 0.139844
0 0.538281 0.093457 0.3 0.186133
0 0.901563 0.0663574 0.196875 0.130957
0 0.976562 0.0998047 0.046875 0.198047
0 0.0832031 0.119629 0.157227 0.234961
0 0.0540039 0.408203 0.106445 0.295312
0 0.29375 0.403516 0.141797 0.317969
0 0.452734 0.492578 0.225 0.313281
0 0.321484 0.598437 0.174219 0.121875
0 0.522754 0.599219 0.360742 0.364063
0 0.240039 0.647656 0.344141 0.096875
0 0.273438 0.672656 0.28125 0.217188
0 0.895312 0.735156 0.109375 0.160938
0 0.589063 0.758594 0.251563 0.270313
0 0.115234 1 0.230469 0
0 0.982031 1 0.0359375 0
0 0.111426 0 0.222852 0
0 0.504687 0 0.607813 0
0 0.678125 0.108203 0.242188 0.207031
0 0.769531 0.126563 0.065625 0.065625
0 0.114624 0.232764 0.198877 0.144629
0 0.545313 0.260352 0.253125 0.232422
0 0.708594 0.290039 0.323438 0.180859
0 0.718359 0.256689 0.322656 0.281934
0 0.498828 0.322461 0.207031 0.309766
0 0.256641 0.386328 0.186719 0.259375
0 0.671484 0.409766 0.369531 0.314844
0 0.5625 0.458594 0.284375 0.392188
0 0.490625 0.470996 0.179688 0.323633
0 0.423438 0.575781 0.186719 0.215625
0 0.469531 0.55625 0.188281 0.214062
0 0.527734 0.534375 0.292188 0.3
0 0.618359 0.609766 0.214844 0.266406
0 0.148242 0.639063 0.273047 0.123438
0 0.196924 0.644531 0.367871 0.114063
0 0.575781 0.677734 0.2625 0.261719
0 0.853125 0.696484 0.14375 0.241406
0 0.0888672 0.687109 0.176953 0.171875
0 0.63125 0.714844 0.15 0.182812
0 0.909375 0.75 0.153125 0.167187
0 0.396777 0.74375 0.186133 0.317188
0 0.7375 0 0.525 0
0 0.815625 0 0.36875 0
0 0.680078 0.055957 0.140625 0.103125
0 0.455859 0.104199 0.222656 0.200977
0 0.785937 0.109082 0.0296875 0.0626953
0 0.821094 0.184766 0.21875 0.21875
0 0.17334 0.243018 0.307617 0.17334
0 0.0683594 0.286719 0.125391 0.316406
0 0.518359 0.36582 0.264844 0.410547
0 0.421484 0.383984 0.278125 0.350781
0 0.340234 0.466016 0.213281 0.355469
0 0.388281 0.48916 0.250781 0.338867
0 0.530078 0.492578 0.249219 0.358594
0 0.251172 0.562109 0.314063 0.176563
0 0.2625 0.535156 0.292969 0.253125
0 0.303125 0.591016 0.214062 0.146094
0 0.602344 0.585938 0.21875 0.15625
0 0.667969 0.594922 0.260938 0.192188
0 0.638281 0.650781 0.19375 0.314063
0 0.808594 0.692969 0.209375 0.242188
0 0.878906 0.714844 0.06875 0.20625
0 0.523438 0.757031 0.2875 0.24375
0 0.518359 0.775 0.23125 0.207813
0 0.594531 0.794531 0.2375 0.203125
0 0.617188 0.78125 0.2375 0.257812
0 0.395703 0.782031 0.254688 0.28125
0 0.869531 0.934375 0.223438 0.13125
0 0.903125 0.921094 0.18125 0.154688
0 1 0.95 0 0.1
0 0.862109 0 0.275781 0
0 0.951563 0.0376099 0.096875 0.0741943
0 0.704688 0.0817383 0.235938 0.159766
0 0.9625 0.0498047 0.075 0.096875
0 0.667188 0.170898 0.289062 0.26875
0 0.699219 0.165234 0.242188 0.16875
0 0.733594 0.144043 0.203125 0.106055
0 0.125684 0.189404 0.218945 0.144629
0 0.782813 0.149316 0.0484375 0.104102
0 0.893359 0.176758 0.213281 0.289453
0 0.525391 0.286133 0.128125 0.213672
0 0.305078 0.372656 0.280469 0.28125
0 0.79707 0.378516 0.258984 0.188281
0 0.210547 0.397559 0.278906 0.292383
0 0.492969 0.408594 0.16875 0.369531
0 0.170898 0.433984 0.308984 0.2875
0 0.723437 0.462891 0.321875 0.310156
0 0.0771484 0.550781 0.154297 0.235938
0 0.411621 0.680078 0.17207 0.230469
0 0.444922 0.689063 0.25625 0.253125
0 0.436328 0.778906 0.291406 0.442188
0 0.414844 0.710547 0.227344 0.297656
0 0.607031 0.291406 0.170313 0.240625
0 0.364453 0.680859 0.0976562 0.225781
0 0.342187 0.773438 0.640625 0.453125
0 0.379297 0.77793 0.258594 0.428516
0 0.365625 0.671094 0.123438 0.257812
0 0.324219 0.488379 0.648438 0.70293
0 0.649121 0.474219 0.642383 0.675
0 0.660547 0.313672 0.374219 0.332031
0 0.45166 0.775586 0.637305 0.448828
0 0.607813 0.341064 0.254688 0.360059
0 0.426563 0.641016 0.232813 0.314844
0 0.338672 0.707031 0.182031 0.284375
0 0.544629 0.458594 0.43418 0.6
0 0.474219 0.474609 0.503125 0.638281
0 0.650781 0.447656 0.435937 0.604688
0 0.238672 0.771484 0.477344 0.457031
0 0.223438 0.484375 0.446875 0.503125
0 0.341992 0.187891 0.623828 0.375781
0 0.186914 0.248438 0.373828 0.496875
0 0.641406 0.761328 0.625 0.477344
0 0.523828 0.786133 0.667969 0.427734
0 0.0420898 0.185742 0.0841797 0.371484
0 0.230664 0.814844 0.461328 0.370313
0 0.618848 0.188672 0.660742 0.377344
0 0.0279297 0.242188 0.0558594 0.484375
0 0.209766 0.484766 0.419531 0.705469
0 0.432422 0.198242 0.589063 0.396484
0 0.608984 0.199609 0.447656 0.399219
0 0.0750977 0.157031 0.150195 0.314063
0 0.322266 0.651563 0.197656 0.346875
0 0.0694336 0.836523 0.138867 0.326953
0 0.0888672 0.135547 0.177734 0.271094
0 0.803906 0.265625 0.392188 0.53125
0 0.228906 0.564941 0.457813 0.451367
0 0.0321045 0.219727 0.064209 0.439453
0 0.327344 0.294336 0.654688 0.588672
0 0.683984 0.249951 0.488281 0.278223
0 0.695312 0.289844 0.560938 0.335938
0 0.649609 0.813477 0.667969 0.373047
0 0.187109 0.138867 0.374219 0.277734
0 0.12793 0.972656 0.255859 0.0546875
0 0.595313 0.411719 0.334375 0.551562
0 0.299609 0.744141 0.599219 0.511719
0 0.0587891 0.813086 0.117578 0.373828
0 0.436719 0.151172 0.611719 0.302344
0 0.622559 0.134375 0.650195 0.26875
0 0.811719 0.178809 0.376563 0.357617
0 0.553906 0.341992 0.29375 0.393359
0 0.29668 0.552344 0.360547 0.553125
0 0.371289 0.563281 0.314453 0.517188
0 0.21582 0.400391 0.431641 0.564844
0 0.0154053 0.54375 0.0308105 0.492188
0 0.796875 0.132227 0.40625 0.264453
0 0.801953 0.125 0.396094 0.25
0 0.824023 0.264844 0.351953 0.529688
0 0.441406 0.537109 0.334375 0.528906
0 0.0214355 0.392188 0.0428711 0.507812
0 0.823633 0.359961 0.352734 0.531641
0 0.819531 0.511328 0.360938 0.542969
0 0.307422 0.134766 0.614844 0.269531
0 0.181836 0.189258 0.363672 0.378516
0 0.811133 0.607715 0.377734 0.548633
0 0.332813 0.720313 0.310937 0.459375
0 0.689844 0.18418 0.620313 0.368359
0 0.813086 0.708984 0.373828 0.542969
0 0.307422 0.807031 0.614844 0.385938
0 0.797266 0.346875 0.405469 0.560938
0 0.024292 0.729297 0.048584 0.477344
0 0.0367676 0.791797 0.0735352 0.416406
0 0.129688 0.858008 0.259375 0.283984
0 0.227734 0.162793 0.455469 0.325586
0 0.426563 0.277344 0.574219 0.554688
0 0.772266 0.511328 0.455469 0.569531
0 0.0158447 0.6375 0.0316895 0.484375
0 0.477344 0.595313 0.325781 0.392188
0 0.229687 0.673828 0.459375 0.477344
0 0.724609 0.803125 0.550781 0.39375
0 0.540625 0.1625 0.6 0.325
0 0.750781 0.143066 0.498437 0.286133
0 0.628516 0.216406 0.714844 0.421875
0 0.743359 0.251563 0.513281 0.503125
0 0.500684 0.364453 0.473633 0.491406
0 0.825781 0.741406 0.348438 0.517188
0 0.797656 0.851562 0.404687 0.296875
0 0.152832 0.988672 0.305664 0.0226563
0 0.725781 0.136719 0.548438 0.273438
0 0.821875 0.549609 0.35625 0.575781
0 0.818359 0.768945 0.363281 0.462109
0 0.279687 0.216016 0.559375 0.432031
0 0.483594 0.234375 0.48125 0.46875
0 0.813281 0.801758 0.373437 0.396484
0 0.16123 0.991406 0.322461 0.0171875
0 0.822656 0.660937 0.354688 0.557813
0 0.797852 0.826172 0.404297 0.347656
0 0.494141 0.726562 0.442969 0.36875
0 0.258789 0.869727 0.517578 0.260547
0 0.225977 0.992969 0.451953 0.0140625
0 0.757812 0.9375 0.484375 0.125
0 0.838086 0.179492 0.323828 0.358984
0 0.292188 0.40625 0.584375 0.621094
0 0.823047 0.213281 0.353906 0.426563
0 0.179883 0.864062 0.359766 0.271875
0 0.199609 0.321875 0.399219 0.555469
0 0.694141 0.376953 0.611719 0.525781
0 0.857813 0.411816 0.284375 0.563867
0 0.280127 0.630859 0.295215 0.505469
0 0.653125 0.616016 0.584375 0.472656
0 0.753516 0.40625 0.492969 0.614062
0 0.480078 0.597266 0.424219 0.449219
0 0.763672 0.609277 0.472656 0.568945
0 0.684863 0.579297 0.630273 0.607031
0 0.761914 0.722266 0.476172 0.524219
0 0.558496 0.989453 0.754883 0.0210938
0 0.258789 0.263281 0.517578 0.526563
0 0.328711 0.992969 0.657422 0.0140625
0 0.443066 0.990234 0.72793 0.0195312
0 0.659668 0.719531 0.680664 0.509375
0 0.742188 0.853711 0.515625 0.292578
0 0.662109 0.990625 0.675781 0.01875
0 0.764453 0.972656 0.471094 0.0546875
0 0.517969 0.603906 0.551562 0.509375
0 0.592188 0.655469 0.590625 0.498437
0 0.421973 0.413672 0.631055 0.601562
0 0.523535 0.682031 0.516992 0.379688
0 0.73125 0.985156 0.5375 0.0296875
0 0.374219 0.621094 0.084375 0.123438
0 0.380371 0.667969 0.0908203 0.229687
0 0.577734 0.212695 0.0585938 0.090625
0 0.610156 0.210352 0.104688 0.0941406
0 0.592188 0.25 0.107813 0.151953
0 0.679688 0.29668 0.0515625 0.0621094
0 0.379785 0.596094 0.0919922 0.0734375
0 0.617188 0.247266 0.153125 0.169531
0 0.585156 0.246875 0.065625 0.142969
0 0.79082 0.117188 0.0339844 0.0476562
0 0.671875 0.291797 0.0484375 0.0484375
0 0.346875 0.623438 0.125 0.1625
0 0.559375 0.228125 0.04375 0.0609375
0 0.365625 0.6375 0.0914062 0.164062
0 0.639453 0.044873 0.0367188 0.0552734
0 0.682422 0.310937 0.0585938 0.0921875
0 0.39834 0.624219 0.125195 0.128125
0 0.39541 0.675 0.0998047 0.221875
0 0.667969 0.316406 0.0625 0.102344
0 0.692187 0.297266 0.075 0.0664062
0 0.650781 0.266797 0.114063 0.175
0 0.365234 0.739844 0.0960938 0.378125
0 0.566406 0.216016 0.0421875 0.0734375
0 0.637891 0.319922 0.151562 0.160938
0 0.44834 0.6 0.23457 0.1
0 0.564844 0.255859 0.0703125 0.101562
0 0.560547 0.224414 0.102344 0.119922
0 0.696875 0.308984 0.0796875 0.0886719
0 0.349219 0.600781 0.115625 0.100781
0 0.124219 0.192383 0.0492188 0.0566406
0 0.385547 0.709766 0.0734375 0.291406
0 0.432031 0.726562 0.171094 0.323438
0 0.408203 0.551562 0.15 0.221875
0 0.396973 0.590625 0.12793 0.0953125
0 0.66875 0.0399414 0.20625 0.0798828
0 0.447656 0.63125 0.240625 0.164844
0 0.112695 0.184961 0.0738281 0.0753906
0 0.621094 0.0225098 0.0265625 0.0302734
0 0.445312 0.561719 0.216406 0.1875
0 0.404687 0.603906 0.135937 0.0890625
0 0.599609 0.259326 0.130469 0.179785
0 0.373047 0.704688 0.0820312 0.303125
0 0.63125 0.036084 0.0515625 0.072168
0 0.797656 0.150293 0.135937 0.119336
0 0.0875244 0.178467 0.0331543 0.0430664
0 0.435937 0.778906 0.178906 0.442188
0 0.325781 0.745703 0.170313 0.402344
0 0.649219 0.0322022 0.20625 0.0644043
0 0.646875 0.0443848 0.05 0.0649414
0 0.664844 0.0835693 0.159375 0.148096
0 0.541406 0.245703 0.1375 0.208594
0 0.99375 0.0980225 0.0125 0.181299
0 0.353125 0.501465 0.164844 0.35957
0 0.33457 0.601562 0.153516 0.158594
0 0.653906 0.0451172 0.0796875 0.0902344
0 0.60625 0.194189 0.111719 0.106152
0 0.553125 0.232422 0.05 0.0660156
0 0.639844 0.258154 0.223438 0.210254
0 0.717969 0.296484 0.126563 0.0652344
0 0.890625 0.777344 0.08125 0.071875
0 0.914062 0.0729004 0.171875 0.145801
0 0.778125 0.11416 0.0671875 0.0751953
0 0.551953 0.276172 0.127344 0.167187
0 0.323438 0.405859 0.0734375 0.0898438
0 0.281982 0.610156 0.28291 0.139063
0 0.925 0.0510864 0.0796875 0.0970459
0 0.98125 0.0421753 0.0375 0.0836182
0 0.80957 0.087207 0.208984 0.158789
0 0.797656 0.120313 0.046875 0.0570313
0 0.310742 0.405371 0.0550781 0.0908203
0 0.681641 0.465625 0.090625 0.442188
0 0.708594 0.513281 0.021875 0.034375
0 0.616406 0.182471 0.0953125 0.118652
0 0.630469 0.194141 0.116406 0.1
0 0.554688 0.263672 0.0609375 0.114844
0 0.621094 0.350391 0.167187 0.174219
0 0.705078 0.0506836 0.357031 0.101367
0 0.896875 0.00727539 0.20625 0.0145508
0 0.666406 0.0402832 0.0671875 0.0570313
0 0.988281 0.0505371 0.0234375 0.100293
0 0.995313 0.187695 0.009375 0.354297
0 0.0816406 0.166113 0.119336 0.0978516
0 0.586719 0.193945 0.126563 0.133203
0 0.317969 0.493848 0.194531 0.345117
0 0.89375 0.798438 0.084375 0.117188
0 0.939844 0.0400879 0.120313 0.0801758
0 0.802344 0.129688 0.071875 0.101172
0 0.928125 0.131934 0.14375 0.263867
0 0.642188 0.415625 0.132031 0.303125
0 0.695312 0.445215 0.103125 0.29707
0 0.455469 0.581641 0.235938 0.120313
0 0.459766 0.708203 0.175 0.367969
0 0.923438 0.760938 0.15 0.157813
0 0.360156 0.773242 0.19375 0.453516
0 0.0536133 0 0.107227 0
0 0.934375 0.0550293 0.121875 0.106348
0 0.785156 0.0941406 0.2 0.188281
0 0.980469 0.0843506 0.0390625 0.163721
0 0.692969 0.180664 0.265625 0.156641
0 0.0742188 0.199805 0.105859 0.0871094
0 0.688281 0.230908 0.298438 0.259277
0 0.613281 0.282422 0.167969 0.173438
0 0.758203 0.307422 0.202344 0.084375
0 0.667578 0.376465 0.0796875 0.226758
0 0.618359 0.388281 0.170313 0.238281
0 0.367969 0.560156 0.090625 0.209375
0 0.564746 0.553125 0.483008 0.18125
0 0.461328 0.0165771 0.430469 0.0331543
0 0.916406 0.0125732 0.167187 0.0251465
0 0.690625 0.0393555 0.153125 0.0787109
0 0.980859 0.0331543 0.0382813 0.0663086
0 0.790625 0.124609 0.0375 0.0644531
0 0.702734 0.294727 0.0992187 0.108203
0 0.707812 0.546875 0.107813 0.117188
0 0.288477 0.582812 0.248047 0.144531
0 0.555566 0.576563 0.437305 0.132812
0 0.647656 0.686719 0.295312 0.292188
0 0.649219 0.723047 0.29375 0.194531
0 0.472754 0.0297119 0.454492 0.0594238
0 0.896875 0.0140137 0.20625 0.0280273
0 0.683203 0.0473633 0.0375 0.0630859
0 0.824219 0.104858 0.10625 0.0844238
0 0.979688 0.190234 0.040625 0.380469
0 0.823438 0.112402 0.04375 0.0423828
0 0.551172 0.223779 0.153906 0.143848
0 0.632031 0.200195 0.0765625 0.0730469
0 0.329688 0.398047 0.0921875 0.0921875
0 0.683984 0.733594 0.249219 0.182812
0 0.575391 0.0311279 0.433594 0.0622559
0 0.617578 0.0396484 0.342969 0.0792969
0 0.535937 0.266992 0.173438 0.162891
0 0.677344 0.4375 0.0828125 0.341406
0 0.760156 0.0327148 0.457813 0.0654297
0 0.964063 0 0.071875 0
0 0.779883 0.149414 0.0714844 0.120313
0 0.11521 0.179883 0.103564 0.110156
0 0.794531 0.125586 0.121875 0.0664062
0 0.102563 0.187305 0.0690918 0.0625
0 0.158984 0.224561 0.0472656 0.122754
0 0.589844 0.295312 0.227344 0.211719
0 0.663281 0.422656 0.0875 0.308594
0 0.475 0.727344 0.1375 0.428125
0 0.230469 0.0138916 0.457031 0.0277832
0 0.812109 0.0144531 0.375781 0.0289063
0 0.632812 0.0443359 0.257812 0.0886719
0 0.546875 0.285156 0.232813 0.177344
0 0.638281 0.318945 0.126563 0.104297
0 0.696094 0.435547 0.130469 0.360938
0 0.0698242 0.45625 0.0355469 0.0632813
0 0.655859 0.449219 0.147656 0.385156
0 0.281641 0.646094 0.278906 0.178125
0 0.683594 0.698828 0.239063 0.261719
0 0.360938 0.0100342 0.442969 0.0200684
0 0.886328 0.000427246 0.227344 0.000854492
0 0.627344 0.0628906 0.0734375 0.111133
0 0.948438 0.073584 0.103125 0.144238
0 0.779883 0.127368 0.140234 0.194873
0 0.861719 0.0786133 0.276563 0.143555
0 0.0675781 0.189063 0.0839844 0.0625
0 0.155273 0.213086 0.157813 0.134375
0 0.316406 0.396484 0.0707031 0.0851563
0 0.662891 0.460547 0.101562 0.4
0 0.280859 0.678906 0.275781 0.260938
0 0.996875 0.789062 0.00625 0.232813
0 0.201758 0.998438 0.352734 0.003125
0 0.194141 0.00469971 0.388281 0.00939941
0 0.304688 0.0148437 0.453125 0.0296875
0 0.848633 0.00427246 0.302734 0.00854492
0 0.909375 0.0268555 0.18125 0.0537109
0 0.0863525 0.131445 0.158154 0.201172
0 0.0913818 0.212842 0.131689 0.111035
0 0.257812 0.714063 0.515625 0.326562
0 0.238281 0.681641 0.476562 0.242969
0 0.428223 0.725781 0.535742 0.339063
0 0.247852 0.696484 0.495703 0.283594
0 0.517578 0.723437 0.775781 0.326562
0 0.437402 0.680859 0.356445 0.241406
0 0.289453 0.724609 0.414062 0.338281
0 0.627734 0.267139 0.140625 0.186816
0 0.362109 0.673438 0.133594 0.229687
0 0.548438 0.268311 0.289062 0.18916
0 0.233252 0.672656 0.399902 0.225
0 0.440625 0.691797 0.5875 0.252344
0 0.282813 0.7375 0.565625 0.3625
0 0.264453 0.775781 0.528906 0.448438
0 0.49375 0.32207 0.428125 0.308984
0 0.606641 0.185986 0.196094 0.191309
0 0.366016 0.685938 0.732031 0.284375
0 0.468359 0.293311 0.553125 0.254785
0 0.227148 0.64375 0.454297 0.342187
0 0.221484 0.730078 0.442969 0.411719
0 0.209375 0.632422 0.41875 0.255469
0 0.412109 0.250391 0.666406 0.394531
0 0.212109 0.6 0.424219 0.174219
0 0.510156 0.23457 0.364063 0.247266
0 0.493652 0.186182 0.406445 0.241699
0 0.6375 0.258203 0.314063 0.181641
0 0.587109 0.319922 0.232031 0.309375
0 0.714063 0.256055 0.571875 0.171484
0 0.237109 0.564844 0.474219 0.261719
0 0.371094 0.564063 0.742188 0.2375
0 0.661719 0.380469 0.676562 0.44375
0 0.524902 0.189111 0.65957 0.326465
0 0.347656 0.217188 0.685938 0.434375
0 0.414844 0.592188 0.810938 0.221875
0 0.766016 0.204297 0.467969 0.408594
0 0.225977 0.575 0.451953 0.335938
0 0.315234 0.561719 0.259375 0.132812
0 0.619922 0.291211 0.760156 0.250391
0 0.7125 0.379297 0.575 0.473438
0 0.666406 0.176172 0.457813 0.219531
0 0.281836 0.523828 0.563672 0.186719
0 0.381641 0.498437 0.763281 0.167187
0 0.612891 0.200195 0.774219 0.369922
0 0.177539 0.204297 0.355078 0.378906
0 0.182617 0.20332 0.365234 0.244141
0 0.404687 0.267627 0.660937 0.257715
0 0.191602 0.162012 0.383203 0.224414
0 0.669531 0.298438 0.660937 0.453906
0 0.720703 0.180664 0.558594 0.361328
0 0.592188 0.235498 0.795313 0.153223
0 0.599219 0.343359 0.304688 0.266406
0 0.236719 0.486035 0.473438 0.223242
0 0.436035 0.221289 0.613867 0.276953
0 0.592969 0.751563 0.814063 0.395313
0 0.598437 0.158496 0.751563 0.316992
0 0.183008 0.168262 0.366016 0.336523
0 0.697656 0.473535 0.604688 0.404492
0 0.346094 0.312695 0.671094 0.344141
0 0.751367 0.511719 0.497266 0.373437
0 0.738281 0.789062 0.523438 0.378125
0 0.633984 0.501465 0.732031 0.29707
0 0.714258 0.611719 0.571484 0.376563
0 0.359766 0.548047 0.719531 0.177344
0 0.694922 0.74375 0.610156 0.409375
0 0.481934 0.770117 0.718945 0.459766
0 0.185156 0.310352 0.370313 0.410547
0 0.668359 0.153223 0.663281 0.306445
0 0.66875 0.534766 0.6625 0.339063
0 0.408594 0.179297 0.659375 0.358594
0 0.716016 0.690234 0.567969 0.385156
0 0.753125 0.258789 0.49375 0.309766
0 0.582031 0.453906 0.835938 0.314844
0 0.756641 0.228711 0.486719 0.204297
0 0.728516 0.34043 0.542969 0.267578
0 0.578906 0.41709 0.801562 0.183008
0 0.575391 0.21875 0.849219 0.267578
0 0.183398 0.0392578 0.366797 0.0785156
0 0.649512 0.617578 0.700977 0.391406
0 0.72168 0.0362305 0.556641 0.0724609
0 0.467285 0.245752 0.50918 0.228027
0 0.458594 0.0223145 0.867188 0.0446289
0 0.451953 0.355273 0.633594 0.325391
0 0.19707 0.961719 0.394141 0.0765625
0 0.419141 0.385938 0.685156 0.460938
0 0.708984 0.0254639 0.582031 0.0509277
0 0.251367 0.242383 0.502734 0.217578
0 0.18457 0.401465 0.369141 0.329883
0 0.694531 0.850391 0.610938 0.299219
0 0.2375 0.921875 0.475 0.15625
0 0.607422 0.0371582 0.785156 0.0743164
0 0.747656 0.128809 0.504687 0.257617
0 0.313281 0.182324 0.626563 0.364648
0 0.475781 0.567969 0.821875 0.160938
0 0.558594 0.686719 0.882812 0.384375
0 0.766016 0.182617 0.467969 0.237109
0 0.580566 0.413672 0.462305 0.146094
0 0.625 0.696094 0.75 0.490625
0 0.717578 0.80918 0.564844 0.309766
0 0.268359 0.458203 0.536719 0.313281
0 0.708398 0.932813 0.583203 0.134375
0 0.738281 0.391016 0.523438 0.289844
0 0.472266 0.650391 0.849219 0.224219
0 0.272852 0.183643 0.545703 0.16084
0 0.188672 0.439063 0.377344 0.23125
0 0.208789 0.517578 0.417578 0.239844
0 0.675781 0.877148 0.648438 0.245703
0 0.549219 0.472266 0.901563 0.159375
0 0.751172 0.612891 0.497656 0.288281
0 0.715234 0.954688 0.569531 0.090625
0 0.707812 0.757031 0.584375 0.317188
0 0.387402 0.422266 0.751758 0.224219
0 0.71875 0.66875 0.5625 0.265625
0 0.474219 0.931641 0.815625 0.136719
0 0.544531 0.578906 0.910937 0.284375
0 0.7 0.914844 0.6 0.170313
0 0.724414 0.527344 0.551172 0.259375
0 0.716406 0.716406 0.567187 0.270313
0 0.396973 0.7875 0.712305 0.425
0 0.235547 0.89375 0.471094 0.2125
0 0.191016 0.016333 0.382031 0.032666
0 0.334375 0.779102 0.66875 0.441797
0 0.736328 0.673438 0.527344 0.185938
0 0.267969 0.967578 0.535937 0.0648438
0 0.50625 0.969531 0.785937 0.0609375
0 0.629004 0.96875 0.741992 0.0625
0 0.348438 0.0347168 0.696875 0.0694336
0 0.494531 0.479688 0.726562 0.1375
0 0.267188 0.300391 0.534375 0.25625
0 0.389453 0.9375 0.778906 0.125
0 0.381641 0.964844 0.763281 0.0703125
0 0.631641 0.770312 0.736719 0.289062
0 0.746094 0.846094 0.507812 0.164062
0 0.4875 0.896875 0.753125 0.20625
0 0.324023 0.318945 0.648047 0.262109
0 0.751172 0.445703 0.497656 0.272656
0 0.746094 0.767969 0.507812 0.189063
0 0.562598 0.914844 0.785742 0.170313
0 0.327344 0.205518 0.654688 0.380371
0 0.313281 0.39209 0.626563 0.326758
0 0.339063 0.457031 0.678125 0.190625
0 0.754883 0.491406 0.490234 0.229687
0 0.633496 0.930078 0.733008 0.139844
0 0.277148 0.137671 0.554297 0.180518
0 0.300977 0.0381836 0.601953 0.0763672
0 0.308594 0.16582 0.617188 0.331641
0 0.361719 0.429688 0.723437 0.183594
0 0.22207 0.780859 0.444141 0.438281
0 0.550391 0.823438 0.771094 0.353125
0 0.704688 0.967188 0.590625 0.065625
0 0.325977 0.260986 0.651953 0.262402
0 0.625684 0.876563 0.748633 0.221875
0 0.419141 0.455859 0.741406 0.167969
0 0.7625 0.802344 0.475 0.170313
0 0.322656 0.187695 0.645312 0.283203
0 0.341211 0.398828 0.682422 0.357812
0 0.504687 0.389844 0.508594 0.205469
0 0.344336 0.935156 0.688672 0.129688
0 0.266406 0.0255371 0.532813 0.0510742
0 0.691016 0.828125 0.617969 0.245312
0 0.229297 0.837891 0.458594 0.324219
0 0.362109 0.595313 0.0859375 0.071875
0 0.633203 0.907422 0.733594 0.185156
0 0.28125 0.938281 0.5625 0.123438
0 0.362891 0.626953 0.0859375 0.1375
0 0.335547 0.883203 0.671094 0.233594
0 0.275 0.895312 0.55 0.209375
0 0.600781 0.244141 0.113281 0.163281
0 0.558984 0.220703 0.0328125 0.0507812
0 0.632031 0.291016 0.123438 0.0640625
0 0.378223 0.63125 0.113867 0.139063
0 0.599609 0.421094 0.0289063 0.0484375
0 0.569531 0.207373 0.059375 0.0844727
0 0.541797 0.61875 0.025 0.0625
0 0.558203 0.228906 0.0414063 0.0789063
0 0.700391 0.290625 0.0992187 0.0667969
0 0.419629 0.636719 0.19043 0.15
0 0.594531 0.213281 0.1 0.106641
0 0.671094 0.295312 0.053125 0.0695313
0 0.55625 0.623047 0.0734375 0.0679687
0 0.608203 0.252734 0.141406 0.1375
0 0.340039 0.594922 0.133984 0.0773438
0 0.513281 0.773047 0.0132813 0.0414063
0 0.55 0.616406 0.0609375 0.065625
0 0.563281 0.615625 0.0796875 0.0671875
0 0.440234 0.61875 0.221094 0.16875
0 0.659766 0.303906 0.0570313 0.0894531
0 0.607813 0.224219 0.127344 0.127344
0 0.597266 0.425781 0.0375 0.053125
0 0.369922 0.68125 0.0960938 0.259375
0 0.532422 0.208594 0.100781 0.102734
0 0.7875 0.113379 0.0125 0.0451172
0 0.0101563 0.990625 0.00751953 0.01875
0 0.443848 0.606641 0.22168 0.117969
0 0.760547 0.159766 0.0117188 0.0304688
0 0.395996 0.645312 0.143945 0.175
0 0.333789 0.623438 0.148047 0.135937
0 0.0851563 0.991016 0.170313 0.0179687
0 0.0437622 0.991406 0.0855225 0.0171875
0 0.380566 0.594922 0.113867 0.102344
0 0.745313 0.284766 0.1875 0.0640625
0 0.0839844 0.171484 0.0132813 0.0316406
0 0.638672 0.314063 0.102344 0.110156
0 0.552344 0.198828 0.0421875 0.123828
0 0.577344 0.61875 0.103906 0.0609375
0 0.580078 0.2625 0.211719 0.153125
0 0.386328 0.753906 0.0148437 0.0375
0 0.0976562 1 0.195312 0
0 0.854688 0.858594 0.021875 0.0359375
0 0.622656 0.434375 0.0796875 0.0765625
0 0.36875 0.579688 0.0882813 0.135937
0 0.101074 0.992188 0.186133 0.015625
0 0.13584 0.19375 0.00976562 0.0265625
0 0.417871 0.599609 0.183008 0.158594
0 0.865625 0.438281 0.0109375 0.0375
0 0.614062 0.287891 0.140625 0.185156
0 0.523828 0.221826 0.122656 0.111816
0 0.541797 0.229883 0.144531 0.0757812
0 0.153516 0.992578 0.202734 0.0148437
0 0.55 0.204883 0.100781 0.111328
0 0.515625 0.588672 0.0796875 0.110156
0 0.510156 0.774805 0.028125 0.0472656
0 0.4 0.491406 0.034375 0.0328125
0 0.353125 0.572656 0.104688 0.0984375
0 0.567578 0.590625 0.0851563 0.128125
0 0.173828 0.992188 0.185156 0.0125
0 0.697656 0.992578 0.125781 0.0148437
0 0.722656 0.282813 0.1375 0.0789063
0 0.564844 0.636328 0.090625 0.096875
0 0.392188 0.677344 0.136719 0.245312
0 0.670313 0.314063 0.053125 0.106641
0 0.359375 0.697656 0.0960938 0.326562
0 0.859375 0.808594 0.015625 0.0328125
0 0.0212402 0.999609 0.0424805 0.00078125
0 0.9125 0.0126465 0.009375 0.0208984
0 0.486719 0.633203 0.294531 0.153125
0 0.61875 0.316016 0.15 0.105469
0 0.628906 0.331445 0.114063 0.137891
0 0.65 0.259717 0.171875 0.19541
0 0.810742 0.289453 0.331641 0.0667969
0 0.578906 0.601562 0.10625 0.1125
0 0.622656 0.620313 0.201563 0.065625
0 0.536719 0.642969 0.0296875 0.104688
0 0.437598 0.651953 0.223242 0.197656
0 0.0574707 0.0144287 0.114941 0.0209961
0 0.628906 0.425 0.0890625 0.0640625
0 0.554297 0.605469 0.0703125 0.114063
0 0.707812 0.992969 0.198437 0.0140625
0 0.0277832 0 0.0555664 0
0 0.637109 0.04375 0.00546875 0.0349609
0 0.441406 0.758594 0.174219 0.075
0 0.662109 0.540625 0.009375 0.0375
0 0.75 0.992578 0.195312 0.0148437
0 0.400391 1 0.204688 0
0 0.448828 0.999609 0.199219 0.00078125
0 0.206982 0.992969 0.222754 0.0140625
0 0.115039 1 0.221484 0
0 0.353906 0.0038208 0.491406 0.0076416
0 0.526172 0.661719 0.078125 0.129688
0 0.367969 0.674609 0.078125 0.221094
0 0.70625 1 0.2125 0
0 0.0910156 0.00231934 0.182031 0.00463867
0 0.638281 0.00334473 0.389062 0.00668945
0 0.626563 0.408203 0.0859375 0.103906
0 0.0703125 0.971875 0.140625 0.0296875
0 0.578125 1 0.198437 0
0 0.238477 0.00429688 0.476953 0.00859375
0 0.432813 0.0043457 0.484375 0.00869141
0 0.126563 0.198242 0.0390625 0.0316406
0 0.274219 0.640234 0.33125 0.166406
0 0.61875 0.999219 0.20625 0.0015625
0 0.185645 0.00345459 0.371289 0.00690918
0 0.596875 0.224414 0.0984375 0.154297
0 0.336914 0.492188 0.0246094 0.0234375
0 0.115332 0.00305176 0.230664 0.00610352
0 0.585156 0.0436035 0.00625 0.0313477
0 0.515234 0.229297 0.149219 0.0648438
0 0.528906 1 0.204688 0
0 0.508984 0.0041748 0.505469 0.00834961
0 0.675 0.764063 0.0328125 0.0453125
0 0.754687 1 0.214062 0
0 0.583984 0.00473633 0.474219 0.00947266
0 0.713281 0.268555 0.117188 0.195312
0 0.596094 0.405859 0.0484375 0.0929688
0 0.451465 0.589453 0.22207 0.103906
0 0.334766 0.686719 0.2 0.3
0 0.325 1 0.207813 0
0 0.496875 1 0.214062 0
0 0.898438 1 0.16875 0
0 0.632812 0.23833 0.171875 0.157715
0 0.251123 1 0.222754 0
0 0.613281 0.440625 0.18125 0.0875
0 0.75625 0.00394287 0.4875 0.00788574
0 0.689844 0.314453 0.08125 0.107031
0 0.273242 0.620313 0.292578 0.13125
0 0.331055 0.6375 0.183984 0.164844
0 0.878125 0.663281 0.034375 0.040625
0 0.536035 0.642578 0.423242 0.139844
0 0.258594 0.992969 0.223047 0.0140625
0 0.0720215 0.180078 0.0418945 0.0542969
0 0.639063 0.356055 0.110937 0.193359
0 0.365625 0.675781 0.0953125 0.217188
0 0.441797 0.663281 0.2125 0.242188
0 0.525391 0.644531 0.446094 0.273438
0 0.453516 0.613281 0.282813 0.334375
0 0.387109 0.675781 0.140625 0.217188
0 0.321484 0.670703 0.536719 0.242969
0 0.513672 0.673438 0.432031 0.40625
0 0.537402 0.625 0.492383 0.398438
0 0.509375 0.777539 0.420312 0.444922
0 0.586328 0.662891 0.34375 0.485156
0 0.212695 0.111621 0.425391 0.223242
0 0.638379 0.798047 0.660742 0.403906
0 0.340625 0.739453 0.453125 0.317969
0 0.284375 0.742188 0.56875 0.139063
0 0.659375 0.749219 0.68125 0.501563
0 0.493652 0.593359 0.308008 0.288281
0 0.313281 0.761719 0.532813 0.207813
0 0.249219 0.692187 0.498437 0.221875
0 0.282422 0.678125 0.564844 0.198437
0 0.276563 0.779297 0.553125 0.441406
0 0.457813 0.70625 0.475 0.492188
0 0.836914 0.0399414 0.326172 0.0798828
0 0.244922 0.78125 0.489844 0.273438
0 0.257617 0.209961 0.515234 0.419922
0 0.538281 0.7875 0.5125 0.425
0 0.658984 0.755859 0.682031 0.335156
0 0.879687 0.9375 0.240625 0.125
0 0.256055 0.874414 0.512109 0.251172
0 0.220898 0.922656 0.441797 0.154688
0 0.700391 0.660547 0.599219 0.485156
0 0.2625 0.117578 0.525 0.235156
0 0.671484 0.352148 0.428906 0.364453
0 0.28125 0.178516 0.5625 0.357031
0 0.244922 0.267578 0.489844 0.433594
0 0.445215 0.492578 0.498633 0.175
0 0.272461 0.744141 0.544922 0.364844
0 0.254883 0.436035 0.509766 0.348242
0 0.232617 0.908594 0.465234 0.182812
0 0.2875 0.820312 0.575 0.359375
0 0.279492 0.875391 0.558984 0.249219
0 0.331641 0.737109 0.663281 0.525781
0 0.725781 0.432422 0.482812 0.386719
0 0.660059 0.830273 0.679883 0.339453
0 0.708203 0.387891 0.583594 0.438281
0 0.294922 0.95625 0.589844 0.0875
0 0.755469 0.653125 0.489063 0.498437
0 0.345703 0.246094 0.573438 0.492188
0 0.895312 0.0862305 0.209375 0.172461
0 0.743359 0.952344 0.513281 0.0953125
0 0.715234 0.299805 0.328906 0.260547
0 0.247852 0.573047 0.495703 0.380469
0 0.594141 0.0310059 0.652344 0.0620117
0 0.696094 0.0257568 0.607813 0.0515137
0 0.226172 0.933594 0.452344 0.132812
0 0.859375 0.188232 0.28125 0.271191
0 0.259961 0.957031 0.519922 0.0859375
0 0.486328 0.957812 0.653906 0.084375
0 0.818945 0.94375 0.362109 0.1125
0 0.761719 0.278174 0.476562 0.295215
0 0.249609 0.732813 0.499219 0.4375
0 0.286719 0.490234 0.573438 0.478906
0 0.322461 0.825781 0.644922 0.348438
0 0.475391 0.161133 0.630469 0.322266
0 0.754492 0.0515137 0.491016 0.103027
0 0.354297 0.957031 0.655469 0.0859375
0 0.858789 0.138477 0.282422 0.276172
0 0.41084 0.462109 0.645508 0.553906
0 0.8125 0.375781 0.375 0.435156
0 0.234766 0.933594 0.469531 0.132812
0 0.858789 0.2375 0.282422 0.278125
0 0.387891 0.442188 0.524219 0.155469
0 0.699219 0.484473 0.407813 0.266992
0 0.739062 0.79375 0.521875 0.384375
0 0.528125 0.0623535 0.64375 0.124707
0 0.764453 0.353906 0.471094 0.30625
0 0.599219 0.498047 0.301563 0.201563
0 0.7625 0.225195 0.382812 0.169141
0 0.885156 0.689453 0.229687 0.308594
0 0.369727 0.616406 0.105859 0.101562
0 0.820312 0.30332 0.359375 0.401172
0 0.64375 0.526953 0.246875 0.261719
0 0.493652 0.882812 0.59707 0.234375
0 0.567187 0.883594 0.639063 0.223438
0 0.619531 0.957031 0.675 0.0859375
0 0.916406 0.225195 0.167187 0.337109
0 0.499609 0.470313 0.324219 0.138281
0 0.672754 0.495703 0.654492 0.284375
0 0.874609 0.284717 0.250781 0.273535
0 0.283398 0.472754 0.566797 0.235742
0 0.8875 0.739453 0.225 0.296094
0 0.873047 0.909375 0.253906 0.18125
0 0.713477 0.508984 0.573047 0.497656
0 0.518848 0.261914 0.616992 0.223047
0 0.25957 0.210938 0.519141 0.421875
0 0.276758 0.406152 0.553516 0.512695
0 0.85625 0.379297 0.2875 0.264844
0 0.84707 0.431641 0.305859 0.271094
0 0.86875 0.332813 0.2625 0.273438
0 0.824609 0.444531 0.350781 0.36875
0 0.727344 0.540234 0.5125 0.282031
0 0.876758 0.623438 0.246484 0.409375
0 0.848242 0.189063 0.303516 0.366406
0 0.274805 0.603906 0.549609 0.395313
0 0.894531 0.809375 0.210938 0.348438
0 0.694922 0.883984 0.610156 0.232031
0 0.786523 0.194873 0.426953 0.188379
0 0.630859 0.219189 0.550781 0.208496
0 0.493652 0.540625 0.44082 0.49375
0 0.704688 0.585156 0.590625 0.44375
0 0.553125 0.475 0.432813 0.15
0 0.88125 0.836719 0.2375 0.326562
0 0.744531 0.392578 0.489063 0.285938
0 0.725 0.246826 0.55 0.256348
0 0.265234 0.219922 0.530469 0.321094
0 0.426172 0.297998 0.633594 0.310254
0 0.476562 0.434375 0.340625 0.142188
0 0.863086 0.500781 0.273828 0.314063
0 0.742578 0.720313 0.514844 0.364063
0 0.405469 0.682813 0.197656 0.21875
0 0.814844 0.668359 0.370313 0.447656
0 0.784375 0.589746 0.43125 0.451758
0 0.689063 0.546094 0.621875 0.290625
0 0.892188 0.566406 0.215625 0.359375
0 0.358984 0.885547 0.649219 0.228906
0 0.827344 0.675781 0.345313 0.25
0 0.253125 0.179297 0.50625 0.23125
0 0.544531 0.252344 0.654688 0.296875
0 0.753906 0.265625 0.467187 0.153906
0 0.3875 0.494922 0.526563 0.394531
0 0.349219 0.552344 0.639063 0.3
0 0.649219 0.905078 0.65625 0.189844
0 0.519141 0.384766 0.592969 0.365625
0 0.711719 0.40791 0.390625 0.22793
0 0.292188 0.478906 0.584375 0.3375
0 0.562402 0.514063 0.489258 0.404687
0 0.81875 0.236768 0.3625 0.370215
0 0.471484 0.491309 0.378906 0.267383
0 0.810156 0.774609 0.379688 0.350781
0 0.766016 0.821875 0.467969 0.35625
0 0.65 0.116406 0.621875 0.232813
0 0.761719 0.684375 0.476562 0.265625
0 0.470313 0.910156 0.586719 0.179688
0 0.278906 0.198633 0.557813 0.276563
0 0.842188 0.392285 0.315625 0.363867
0 0.730469 0.855469 0.539062 0.289062
0 0.769336 0.100977 0.461328 0.201953
0 0.666797 0.884375 0.666406 0.23125
0 0.641406 0.933594 0.670313 0.132812
0 0.726562 0.0875977 0.546875 0.175195
0 0.327539 0.495215 0.601172 0.508008
0 0.614453 0.29082 0.527344 0.244922
0 0.816406 0.546875 0.367188 0.36875
0 0.803125 0.135059 0.39375 0.270117
0 0.8 0.188135 0.4 0.274512
0 0.591309 0.336328 0.579883 0.264844
0 0.458203 0.526172 0.655469 0.541406
0 0.320508 0.449609 0.632422 0.182031
0 0.765234 0.874219 0.469531 0.251563
0 0.312695 0.333008 0.625391 0.363672
0 0.279687 0.237109 0.559375 0.474219
0 0.299219 0.932031 0.598437 0.135937
0 0.535156 0.14502 0.689063 0.290039
0 0.900781 0.454297 0.198437 0.301563
0 0.523828 0.933203 0.600781 0.133594
0 0.274609 0.193408 0.549219 0.166309
0 0.293359 0.433984 0.586719 0.464844
0 0.804688 0.496484 0.390625 0.472656
0 0.35 0.200195 0.653906 0.19375
0 0.452734 0.198437 0.666406 0.208203
0 0.79375 0.848828 0.4125 0.302344
0 0.717188 0.903125 0.565625 0.19375
0 0.867383 0.842188 0.265234 0.315625
0 0.671094 0.294141 0.529688 0.186719
0 0.635938 0.446191 0.43125 0.274805
0 0.429297 0.93125 0.591406 0.1375
0 0.751563 0.255469 0.496875 0.403125
0 0.911719 0.519141 0.176563 0.332031
0 0.289844 0.908594 0.579688 0.182812
0 0.29668 0.509277 0.593359 0.411133
0 0.706641 0.932031 0.586719 0.135937
0 0.682031 0.184424 0.601562 0.349902
0 0.744141 0.214062 0.502344 0.307813
0 0.403125 0.201172 0.625 0.402344
0 0.737109 0.149805 0.525781 0.291016
0 0.496094 0.195703 0.689063 0.295312
0 0.471094 0.798438 0.540625 0.403125
0 0.765039 0.928125 0.469922 0.14375
0 0.417871 0.117676 0.67207 0.235352
0 0.540234 0.199805 0.703906 0.387109
0 0.28125 0.364844 0.5625 0.421094
0 0.438672 0.156836 0.678906 0.228125
0 0.354297 0.143164 0.649219 0.286328
0 0.316797 0.196484 0.633594 0.392969
0 0.397754 0.609375 0.148242 0.185938
0 0.614844 0.253516 0.1625 0.1625
0 0.5625 0.518359 0.0804688 0.252344
0 0.377734 0.578906 0.117188 0.239063
0 0.616406 0.325781 0.175 0.296875
0 0.553125 0.214844 0.0234375 0.0414063
0 0.36543 0.660937 0.135547 0.245312
0 0.55 0.224609 0.028125 0.0523438
0 0.649219 0.452734 0.126563 0.174219
0 0.585938 0.510547 0.13125 0.275781
0 0.649609 0.367188 0.103906 0.201563
0 0.391504 0.628906 0.30918 0.3375
0 0.634375 0.380859 0.0984375 0.224219
0 0.632031 0.23125 0.19375 0.0882813
0 0.550391 0.575781 0.0523438 0.145313
0 0.571094 0.582812 0.100781 0.128125
0 0.423438 0.686328 0.289844 0.217969
0 0.582031 0.598437 0.117188 0.103125
0 0.632031 0.480469 0.0835937 0.160938
0 0.342383 0.676172 0.130859 0.214844
0 0.523438 0.526563 0.123438 0.244531
0 0.404004 0.573438 0.15918 0.239063
0 0.340039 0.591406 0.0328125 0.0515625
0 0.65 0.310547 0.1 0.103125
0 0.404004 0.519531 0.162305 0.482031
0 0.676562 0.284766 0.03125 0.0476562
0 0.441406 0.747266 0.364063 0.0976562
0 0.599219 0.560938 0.157031 0.178125
0 0.419922 0.635547 0.182812 0.285156
0 0.321875 0.501465 0.327344 0.54082
0 0.629687 0.258398 0.21875 0.130078
0 0.563281 0.208203 0.053125 0.065625
0 0.356641 0.621484 0.0671875 0.116406
0 0.407422 0.506348 0.35 0.47793
0 0.374023 0.625781 0.117578 0.134375
0 0.586719 0.610156 0.1375 0.0828125
0 0.6375 0.32207 0.120313 0.304297
0 0.373047 0.6 0.104688 0.315625
0 0.0820557 0.169922 0.0179199 0.0292969
0 0.6 0.267188 0.367188 0.124219
0 0.622266 0.375684 0.0625 0.19082
0 0.283984 0.0120728 0.500781 0.0241455
0 0.34375 0.591406 0.0429688 0.05625
0 0.565625 0.1875 0.0492188 0.0371094
0 0.793555 0.587891 0.197266 0.302344
0 0.565234 0.553125 0.0859375 0.196875
0 0.540234 0.227734 0.0117188 0.0617188
0 0.279687 0.00955811 0.364844 0.0191162
0 0.377734 0.0103882 0.417969 0.0207764
0 0.542188 0.592969 0.0390625 0.117188
0 0.199609 0.0108398 0.399219 0.0216797
0 0.485156 0.520703 0.0492188 0.223438
0 0.553125 0.54375 0.08125 0.220313
0 0.365039 0.666406 0.382422 0.232813
0 0.562891 0.223438 0.028125 0.0375
0 0.567969 0.5125 0.225 0.228125
0 0.408496 0.725391 0.43457 0.147656
0 0.421484 0.610938 0.324219 0.279687
0 0.614453 0.212451 0.175781 0.0821289
0 0.660156 0.249951 0.0765625 0.157129
0 0.482031 0.695312 0.426563 0.184375
0 0.603906 0.603906 0.16875 0.090625
0 0.384766 0.0092041 0.271875 0.0184082
0 0.809375 0.578516 0.189063 0.242969
0 0.142188 0.00961914 0.284375 0.0192383
0 0.437109 0.725781 0.172656 0.140625
0 0.222607 0.00878906 0.321191 0.0175781
0 0.0516602 0.00782471 0.10332 0.0156494
0 0.80625 0.0107422 0.3875 0.0214844
0 0.909375 0.188672 0.0140625 0.0347656
0 0.664062 0.262109 0.298438 0.115625
0 0.127441 0.568359 0.19043 0.0796875
0 0.667969 0.394629 0.160938 0.191992
0 0.73125 0.610938 0.4625 0.102344
0 0.683203 0.00958252 0.305469 0.019165
0 0.582031 0.205273 0.0921875 0.0679687
0 0.623438 0.502734 0.120313 0.204688
0 0.00911865 0.0078125 0.0182373 0.015625
0 0.941406 0.00880127 0.117188 0.0176025
0 0.123242 0.00905762 0.246484 0.0181152
0 0.627734 0.227539 0.158594 0.115234
0 0.753906 0.0115723 0.489063 0.0231445
0 0.896875 0.0074585 0.20625 0.014917
0 0.789062 0.0090332 0.279687 0.0180664
0 0.907813 0.211914 0.015625 0.0394531
0 0.510938 0.763672 0.0234375 0.0507812
0 0.482812 0.851562 0.142188 0.0625
0 0.58125 0.0100342 0.39375 0.0200684
0 0.513281 0.0120728 0.479688 0.0241455
0 0.4375 0.00986328 0.255469 0.0197266
0 0.487598 0.010022 0.249805 0.0200439
0 0.691406 0.253564 0.071875 0.163184
0 0.676172 0.301172 0.0382813 0.075
0 0.604688 0.4125 0.01875 0.03125
0 0.665625 0.443359 0.159375 0.10625
0 0.420703 0.721094 0.225781 0.15625
0 0.0795898 0.00806885 0.15918 0.0161377
0 0.66875 0.0101929 0.476562 0.0203857
0 0.73125 0.297852 0.171875 0.0691406
0 0.323047 0.446875 0.473438 0.391406
0 0.669531 0.317188 0.0578125 0.0984375
0 0.399316 0.644141 0.201367 0.147656
0 0.636719 0.0414063 0.0132813 0.0365234
0 0.709375 0.251758 0.125 0.135547
0 0.732031 0.00864258 0.28125 0.0172852
0 0.835742 0.00993652 0.316016 0.019873
0 0.0861084 0.560938 0.0375488 0.0421875
0 0.505469 0.572656 0.367188 0.407813
0 0.594141 0.575 0.528906 0.85
0 0.553906 0.546094 0.459375 0.484375
0 0.457422 0.588281 0.314844 0.373437
0 0.585059 0.411328 0.589258 0.822656
0 0.529004 0.45459 0.423242 0.539258
0 0.550391 0.298242 0.611719 0.533984
0 0.401465 0.621484 0.39082 0.333594
0 0.489063 0.519922 0.419531 0.517969
0 0.530469 0.185742 0.495313 0.328516
0 0.523828 0.409375 0.619531 0.625
0 0.583984 0.257031 0.225781 0.188281
0 0.442188 0.56875 0.33125 0.263281
0 0.664062 0.301953 0.671875 0.561719
0 0.614062 0.253711 0.1625 0.177344
0 0.639453 0.191406 0.721094 0.352734
0 0.394922 0.601172 0.500781 0.358594
0 0.528125 0.344141 0.4375 0.5375
0 0.607031 0.329688 0.201563 0.332813
0 0.712109 0.593066 0.371094 0.766992
0 0.350586 0.627734 0.399609 0.291406
0 0.694141 0.421094 0.596094 0.842188
0 0.371875 0.670313 0.0859375 0.209375
0 0.279687 0.674219 0.285938 0.334375
0 0.611035 0.546777 0.663867 0.739258
0 0.673438 0.226953 0.653125 0.429688
0 0.33457 0.671094 0.159766 0.210938
0 0.61875 0.249219 0.329688 0.175
0 0.352734 0.610156 0.657031 0.4
0 0.507812 0.258643 0.4625 0.370215
0 0.521484 0.610938 0.671094 0.778125
0 0.733594 0.689453 0.423438 0.586719
0 0.633594 0.342627 0.159375 0.37334
0 0.261914 0.744141 0.315234 0.414844
0 0.366797 0.667578 0.392188 0.391406
0 0.616406 0.23457 0.232813 0.139453
0 0.485059 0.575 0.248633 0.290625
0 0.33125 0.825195 0.6625 0.349609
0 0.325391 0.669922 0.228125 0.211719
0 0.565625 0.225195 0.332813 0.130469
0 0.739062 0.676172 0.321875 0.647656
0 0.651953 0.369922 0.111719 0.414844
0 0.208203 0.783594 0.416406 0.41875
0 0.559766 0.667578 0.808594 0.664844
0 0.313477 0.865625 0.626953 0.26875
0 0.653125 0.376172 0.107813 0.264844
0 0.425879 0.651563 0.473242 0.696875
0 0.798242 0.677539 0.403516 0.644922
0 0.435937 0.552344 0.715625 0.51875
0 0.750977 0.421094 0.498047 0.842188
0 0.265234 0.664453 0.530469 0.336719
0 0.385547 0.683594 0.114063 0.234375
0 0.463281 0.54375 0.25625 0.298438
0 0.758203 0.679688 0.258594 0.640625
0 0.613281 0.476562 0.192188 0.440625
0 0.122632 0.225391 0.154736 0.1375
0 0.573828 0.229639 0.411719 0.158691
0 0.120313 0.171875 0.148438 0.254688
0 0.515723 0.536719 0.282617 0.26875
0 0.438281 0.713672 0.353125 0.327344
0 0.678125 0.56875 0.35625 0.528125
0 0.663672 0.646484 0.438281 0.644531
0 0.199023 0.785937 0.398047 0.428125
0 0.416504 0.663281 0.356055 0.270313
0 0.707422 0.749219 0.352344 0.4875
0 0.348633 0.610156 0.697266 0.445312
0 0.324609 0.632422 0.1875 0.132031
0 0.35625 0.725781 0.7125 0.535937
0 0.561719 0.214844 0.260938 0.122656
0 0.299219 0.768359 0.598437 0.463281
0 0.4 0.68125 0.476562 0.496875
0 0.403516 0.694141 0.520312 0.611719
0 0.3125 0.726953 0.625 0.546094
0 0.312109 0.815234 0.624219 0.369531
0 0.723828 0.189453 0.552344 0.378906
0 0.561328 0.254688 0.320312 0.195312
0 0.80918 0.686719 0.328516 0.626563
0 0.642578 0.340039 0.25625 0.351172
0 0.508203 0.320312 0.857031 0.609375
0 0.457813 0.48125 0.809375 0.625
0 0.630078 0.700586 0.521094 0.598828
0 0.376953 0.709375 0.0835937 0.28125
0 0.714844 0.769531 0.339063 0.460938
0 0.317188 0.802344 0.634375 0.395313
0 0.598437 0.539062 0.201563 0.273438
0 0.366602 0.896875 0.733203 0.20625
0 0.232373 0.777344 0.374316 0.445312
0 0.349219 0.776172 0.698438 0.447656
0 0.484473 0.177148 0.72168 0.354297
0 0.669141 0.180957 0.617969 0.361914
0 0.357617 0.904688 0.715234 0.190625
0 0.557813 0.183398 0.405469 0.366797
0 0.818164 0.741211 0.363672 0.517578
0 0.293359 0.756445 0.335156 0.487109
0 0.75625 0.307422 0.4875 0.560156
0 0.71875 0.394141 0.385938 0.767969
0 0.138477 0.334766 0.226953 0.353906
0 0.554297 0.858984 0.747656 0.282031
0 0.621484 0.381152 0.194531 0.44082
0 0.781055 0.720313 0.437891 0.559375
0 0.227734 0.793359 0.455469 0.413281
0 0.454688 0.721484 0.760938 0.557031
0 0.441797 0.31875 0.883594 0.6375
0 0.744336 0.201953 0.511328 0.403906
0 0.550391 0.541797 0.116406 0.238281
0 0.730078 0.426563 0.539844 0.81875
0 0.333594 0.479297 0.667188 0.547656
0 0.539844 0.204492 0.146875 0.135547
0 0.494531 0.536719 0.195312 0.246875
0 0.729492 0.1875 0.541016 0.375
0 0.396777 0.71875 0.126758 0.303125
0 0.342187 0.576953 0.684375 0.549219
0 0.797656 0.395996 0.404687 0.573633
0 0.241602 0.75 0.483203 0.465625
0 0.726953 0.353906 0.546094 0.660937
0 0.485156 0.916016 0.829688 0.167969
0 0.583203 0.876758 0.739844 0.246484
0 0.431641 0.915625 0.863281 0.16875
0 0.330859 0.378125 0.661719 0.546094
0 0.659375 0.45459 0.113281 0.370508
0 0.308984 0.664844 0.617969 0.434375
0 0.804883 0.853906 0.390234 0.292188
0 0.360156 0.632812 0.30625 0.13125
0 0.284375 0.671484 0.56875 0.519531
0 0.805469 0.808203 0.389062 0.383594
0 0.326172 0.658984 0.315625 0.194531
0 0.339844 0.300195 0.679688 0.600391
0 0.206445 0.367969 0.412891 0.533594
0 0.680859 0.916406 0.638281 0.167187
0 0.749023 0.322461 0.501953 0.591016
0 0.324414 0.488379 0.648828 0.638867
0 0.764258 0.797852 0.471484 0.404297
0 0.754687 0.249414 0.490625 0.498828
0 0.700391 0.846875 0.599219 0.30625
0 0.793945 0.826172 0.412109 0.347656
0 0.783594 0.175586 0.432813 0.351172
0 0.317383 0.892188 0.634766 0.215625
0 0.509375 0.544141 0.1625 0.197656
0 0.530859 0.589063 0.121094 0.151562
0 0.784375 0.625781 0.43125 0.59375
0 0.117676 0.417969 0.235352 0.529688
0 0.0753906 0.514746 0.150781 0.514258
0 0.131641 0.563281 0.263281 0.514063
0 0.120679 0.212939 0.101221 0.139746
0 0.103027 0.228906 0.206055 0.151562
0 0.398047 0.614062 0.135156 0.3375
0 0.692969 0.498437 0.320312 0.399219
0 0.763867 0.892188 0.472266 0.215625
0 0.503906 0.205469 0.246094 0.128906
0 0.460254 0.640625 0.298242 0.292188
0 0.0232422 0.132617 0.0464844 0.265234
0 0.301563 0.285742 0.603125 0.508203
0 0.789062 0.133008 0.421875 0.266016
0 0.308398 0.221875 0.616797 0.44375
0 0.777734 0.759766 0.444531 0.480469
0 0.50625 0.210156 0.289062 0.160938
0 0.770117 0.466309 0.459766 0.620508
0 0.619922 0.268018 0.271094 0.201465
0 0.134546 0.157617 0.152783 0.313672
0 0.801367 0.530469 0.397266 0.535937
0 0.746875 0.721094 0.50625 0.50625
0 0.692187 0.916406 0.615625 0.167187
0 0.745703 0.380078 0.508594 0.239063
0 0.658594 0.85625 0.46875 0.2875
0 0.369922 0.211328 0.625781 0.422656
0 0.189063 0.16377 0.378125 0.222852
0 0.134277 0.135742 0.15957 0.216016
0 0.112598 0.189014 0.124805 0.209473
0 0.157227 0.139063 0.314453 0.278125
0 0.812305 0.195312 0.375391 0.390625
0 0.390234 0.389746 0.780469 0.525195
0 0.669531 0.39375 0.14375 0.253906
0 0.72793 0.664844 0.544141 0.503125
0 0.515625 0.391699 0.148438 0.438477
0 0.131641 0.311328 0.178516 0.308594
0 0.629785 0.849219 0.593555 0.301563
0 0.188672 0.227539 0.377344 0.366797
0 0.646094 0.192188 0.679688 0.384375
0 0.22832 0.139258 0.456641 0.278516
0 0.65625 0.774219 0.44375 0.451562
0 0.735547 0.571094 0.528906 0.528125
0 0.544531 0.343555 0.255469 0.367578
0 0.115137 0.296924 0.230273 0.288965
0 0.136499 0.359766 0.173096 0.425
0 0.911328 0.128223 0.177344 0.256445
0 0.557031 0.60625 0.0976562 0.153125
0 0.473047 0.214648 0.847656 0.429297
0 0.298242 0.217383 0.596484 0.434766
0 0.506641 0.193945 0.553906 0.387891
0 0.783594 0.467187 0.432813 0.5375
0 0.140625 0.329688 0.28125 0.34375
0 0.416309 0.564063 0.181445 0.371875
0 0.258594 0.34668 0.517188 0.398828
0 0.511719 0.192139 0.1875 0.142285
0 0.748828 0.476953 0.500781 0.588281
0 0.100293 0.216797 0.182617 0.118359
0 0.40791 0.559375 0.160742 0.2875
0 0.329297 0.698047 0.182031 0.271094
0 0.526953 0.198047 0.299219 0.264453
0 0.137891 0.253711 0.275781 0.263672
0 0.14707 0.241406 0.294141 0.482812
0 0.602344 0.187842 0.1875 0.294629
0 0.434473 0.437109 0.195117 0.121094
0 0.138477 0.0703125 0.158203 0.105859
0 0.628906 0.199609 0.165625 0.262109
0 0.794531 0.878125 0.164062 0.203125
0 0.0259766 0.213086 0.0519531 0.426172
0 0.521094 0.216992 0.359375 0.100781
0 0.507031 0.630859 0.179688 0.372656
0 0.277734 0.24707 0.555469 0.494141
0 0.364258 0.627344 0.0933594 0.292188
0 0.39375 0.430078 0.2375 0.128906
0 0.399609 0.289844 0.590625 0.23125
0 0.5625 0.634375 0.1125 0.20625
0 0.604688 0.659375 0.204688 0.26875
0 0.196094 0.275781 0.392188 0.3125
0 0.405859 0.230469 0.586719 0.135156
0 0.601953 0.189648 0.264844 0.279687
0 0.585156 0.352344 0.23125 0.4
0 0.0998047 0.190234 0.174609 0.117969
0 0.15752 0.159668 0.165039 0.275977
0 0.223242 0.222266 0.446484 0.444531
0 0.214258 0.161914 0.428516 0.323828
0 0.438672 0.330029 0.510156 0.323535
0 0.539844 0.311133 0.310937 0.313672
0 0.480469 0.387402 0.18125 0.393945
0 0.469531 0.436719 0.184375 0.124219
0 0.917969 0.0963867 0.164062 0.192773
0 0.579297 0.490625 0.189063 0.377344
0 0.105566 0.223096 0.211133 0.145215
0 0.525 0.642188 0.140625 0.320312
0 0.9125 0.072168 0.175 0.144336
0 0.582422 0.625 0.15625 0.194531
0 0.428125 0.474219 0.228125 0.178125
0 0.458594 0.717578 0.246875 0.321094
0 0.574609 0.604688 0.142969 0.142188
0 0.187891 0.158691 0.220313 0.317383
0 0.254688 0.667969 0.453906 0.214062
0 0.449219 0.427734 0.135937 0.129688
0 0.438379 0.205908 0.404492 0.133496
0 0.474609 0.412891 0.160938 0.164844
0 0.415234 0.208984 0.561719 0.132422
0 0.53125 0.186279 0.140625 0.186816
0 0.316016 0.626563 0.244531 0.117188
0 0.790625 0.862305 0.170313 0.275391
0 0.434277 0.346484 0.30332 0.315625
0 0.514941 0.24707 0.44043 0.188672
0 0.0943359 0.152734 0.155273 0.0671875
0 0.130103 0.0982422 0.149951 0.162891
0 0.101758 0.156543 0.143164 0.181445
0 0.550391 0.66875 0.0890625 0.271875
0 0.842188 0.114063 0.171875 0.228125
0 0.263086 0.732813 0.526172 0.14375
0 0.697656 0.372852 0.45 0.304297
0 0.446875 0.391016 0.128125 0.211719
0 0.936719 0.0344238 0.126563 0.0688477
0 0.736328 0.233984 0.427344 0.278906
0 0.4125 0.395215 0.173438 0.18457
0 0.0164551 0.138477 0.0110352 0.0414063
0 0.675 0.268945 0.309375 0.214453
0 0.0824219 0.451172 0.108789 0.0632813
0 0.468652 0.182031 0.286133 0.182422
0 0.225977 0.200586 0.451953 0.401172
0 0.375781 0.71875 0.188281 0.292188
0 0.230273 0.0633301 0.201563 0.12666
0 0.848437 0.0828369 0.175 0.057373
0 0.175977 0.0628906 0.217578 0.0996094
0 0.523047 0.267969 0.359375 0.238281
0 0.492578 0.425879 0.171094 0.145117
0 0.413184 0.53291 0.258008 0.349805
0 0.372461 0.350781 0.255078 0.308594
0 0.41875 0.204297 0.484375 0.0878906
0 0.907813 0.393359 0.159375 0.232813
0 0.0660645 0.5 0.075293 0.151562
0 0.510938 0.483594 0.178125 0.20625
0 0.321484 0.60625 0.185938 0.128125
0 0.75625 0.850781 0.24375 0.245312
0 0.0928711 0.140039 0.147852 0.102734
0 0.523047 0.185938 0.298438 0.371875
0 0.336328 0.594531 0.175781 0.195312
0 0.242188 0.620313 0.484375 0.167187
0 0.408203 0.169336 0.472656 0.187891
0 0.0746582 0.509375 0.0399414 0.170313
0 0.408594 0.138477 0.532031 0.276953
0 0.557813 0.5625 0.065625 0.0609375
0 0.182812 0.151074 0.365625 0.295117
0 0.692187 0.290625 0.153125 0.257812
0 0.107983 0.36543 0.121533 0.449609
0 0.663281 0.338086 0.134375 0.335547
0 0.0650391 0.529297 0.0826172 0.207031
0 0.359375 0.584375 0.146875 0.348438
0 0.660937 0.284375 0.078125 0.0484375
0 0.915625 0.430078 0.153125 0.132812
0 0.735938 0.378809 0.282813 0.223633
0 0.520312 0.553906 0.117188 0.23125
0 0.545703 0.183594 0.125 0.226172
0 0.907031 0.384375 0.15 0.167187
0 0.605859 0.602344 0.183594 0.152344
0 0.642578 0.66875 0.467969 0.279687
0 0.575391 0.22168 0.0546875 0.109766
0 0.376172 0.479688 0.139844 0.550781
0 0.351758 0.487109 0.124609 0.488281
0 0.26543 0.315625 0.138281 0.353125
0 0.334375 0.474219 0.129688 0.578125
0 0.314453 0.374805 0.149219 0.419922
0 0.275781 0.361719 0.127344 0.401563
0 0.258398 0.260352 0.137891 0.363672
0 0.330273 0.500391 0.191797 0.532031
0 0.301563 0.324414 0.160156 0.347266
0 0.360742 0.572266 0.123828 0.414844
0 0.239453 0.256445 0.236328 0.381641
0 0.397559 0.436621 0.204883 0.486133
0 0.263477 0.602344 0.313672 0.367188
0 0.330469 0.588281 0.189844 0.373437
0 0.333594 0.312891 0.310937 0.383594
0 0.296094 0.466016 0.134375 0.561719
0 0.380078 0.354492 0.114063 0.374609
0 0.265576 0.6875 0.304004 0.442188
0 0.170117 0.224414 0.231641 0.403516
0 0.435547 0.362305 0.123438 0.388672
0 0.298438 0.508203 0.225 0.564844
0 0.398438 0.329297 0.110937 0.339844
0 0.489844 0.353467 0.173438 0.375879
0 0.366797 0.666406 0.0976562 0.5125
0 0.201367 0.253516 0.311328 0.460156
0 0.315625 0.356689 0.24375 0.397559
0 0.583594 0.383203 0.245312 0.425
0 0.6125 0.319922 0.178125 0.307031
0 0.646094 0.191211 0.232813 0.270313
0 0.485938 0.391309 0.0984375 0.44707
0 0.633594 0.252539 0.220313 0.372266
0 0.464063 0.390527 0.154688 0.44082
0 0.603906 0.182227 0.303125 0.288672
0 0.309766 0.922266 0.619531 0.155469
0 0.187695 0.756641 0.118359 0.400781
0 0.547656 0.357812 0.310937 0.586719
0 0.660156 0.583594 0.679688 0.832812
0 0.27207 0.265234 0.408984 0.421875
0 0.446484 0.30293 0.196094 0.420703
0 0.101147 0.782031 0.0969238 0.435937
0 0.160742 0.807031 0.257812 0.385938
0 0.247656 0.300195 0.3625 0.548828
0 0.275391 0.682031 0.296875 0.317188
0 0.24668 0.524121 0.350391 0.504883
0 0.0877197 0.780078 0.0733887 0.439844
0 0.228174 0.753906 0.150684 0.398438
0 0.544531 0.356641 0.109375 0.376563
0 0.103418 0.7875 0.113281 0.425
0 0.424219 0.404687 0.2375 0.439063
0 0.255078 0.889844 0.510156 0.220313
0 0.129102 0.775781 0.0792969 0.4125
0 0.388672 0.592969 0.185938 0.3625
0 0.313867 0.930469 0.627734 0.139063
0 0.128906 0.789844 0.090625 0.420312
0 0.344336 0.6875 0.192578 0.348438
0 0.12373 0.794141 0.20957 0.411719
0 0.609375 0.300391 0.226562 0.407031
0 0.25918 0.501563 0.107422 0.596875
0 0.223828 0.805469 0.440625 0.389062
0 0.310547 0.249414 0.177344 0.405859
0 0.528516 0.375391 0.111719 0.414062
0 0.557813 0.164844 0.422656 0.303125
0 0.580469 0.382031 0.142188 0.428906
0 0.271875 0.466406 0.139844 0.570312
0 0.545313 0.590234 0.45 0.557031
0 0.131543 0.759375 0.23457 0.375
0 0.165234 0.786719 0.323438 0.426563
0 0.195361 0.775781 0.287402 0.440625
0 0.371875 0.672656 0.0804688 0.223438
0 0.174121 0.790625 0.119336 0.41875
0 0.165625 0.729688 0.134375 0.340625
0 0.243555 0.790625 0.165625 0.41875
0 0.342187 0.934375 0.684375 0.13125
0 0.18125 0.794531 0.3625 0.410938
0 0.272656 0.209375 0.119531 0.403125
0 0.380469 0.514941 0.221094 0.406055
0 0.552344 0.24043 0.351562 0.412109
0 0.6125 0.241406 0.167187 0.151172
0 0.660937 0.574609 0.657813 0.780469
0 0.523828 0.659375 0.417188 0.434375
0 0.368164 0.933984 0.736328 0.132031
0 0.306836 0.328906 0.359766 0.470313
0 0.306641 0.790625 0.613281 0.41875
0 0.384277 0.219141 0.311133 0.408594
0 0.373437 0.634375 0.078125 0.157813
0 0.374609 0.736719 0.107813 0.490625
0 0.449316 0.717188 0.281055 0.459375
0 0.333398 0.788867 0.272266 0.422266
0 0.419141 0.622266 0.235938 0.405469
0 0.483594 0.766211 0.328906 0.467578
0 0.329297 0.764844 0.196094 0.442188
0 0.357812 0.670313 0.1125 0.23125
0 0.470215 0.642188 0.336133 0.38125
0 0.538672 0.764844 0.461719 0.470313
0 0.577734 0.209961 0.0671875 0.0855469
0 0.621875 0.268018 0.232813 0.260059
0 0.219727 0.498047 0.162891 0.610156
0 0.565723 0.939844 0.779492 0.120313
0 0.225342 0.719922 0.358691 0.392969
0 0.391406 0.180762 0.396875 0.361523
0 0.237891 0.65625 0.357812 0.296875
0 0.651172 0.279248 0.272656 0.311816
0 0.605371 0.751172 0.57207 0.497656
0 0.649219 0.644531 0.701563 0.682813
0 0.405078 0.784375 0.364063 0.43125
0 0.513281 0.925 0.776563 0.15
0 0.395703 0.938281 0.791406 0.123438
0 0.145483 0.188086 0.156299 0.366406
0 0.769727 0.907031 0.460547 0.185938
0 0.342578 0.260547 0.685156 0.436719
0 0.373047 0.767969 0.163281 0.464063
0 0.486328 0.776563 0.542969 0.446875
0 0.708789 0.924219 0.582422 0.151562
0 0.351758 0.719531 0.109766 0.43125
0 0.892188 0.512891 0.179688 0.499219
0 0.426172 0.774219 0.766406 0.451562
0 0.475684 0.822656 0.776758 0.354688
0 0.876367 0.5625 0.228516 0.501563
0 0.565625 0.216797 0.0367188 0.0609375
0 0.143652 0.673828 0.258789 0.307031
0 0.519922 0.515625 0.397656 0.601562
0 0.619531 0.357812 0.23125 0.417188
0 0.659766 0.941406 0.680469 0.117188
0 0.153906 0.168164 0.225781 0.327734
0 0.22793 0.176172 0.20625 0.351562
0 0.307031 0.181152 0.242188 0.362305
0 0.426563 0.939063 0.853125 0.121875
0 0.578125 0.210742 0.0421875 0.0789063
0 0.85332 0.615723 0.293359 0.512305
0 0.308203 0.417969 0.307031 0.529688
0 0.834375 0.459277 0.071875 0.536133
0 0.903125 0.460547 0.15 0.497656
0 0.60625 0.224805 0.134375 0.117188
0 0.5625 0.214062 0.0257812 0.0914062
0 0.61084 0.923047 0.637695 0.153906
0 0.555469 0.217529 0.0375 0.100879
0 0.27793 0.283203 0.494141 0.503906
0 0.876563 0.462891 0.08125 0.49375
0 0.69375 0.249561 0.292188 0.336816
0 0.222266 0.498535 0.444531 0.556055
0 0.786719 0.332813 0.164062 0.426563
0 0.171973 0.625781 0.332227 0.3375
0 0.492969 0.422656 0.290625 0.482812
0 0.143359 0.149219 0.286719 0.298438
0 0.450391 0.155371 0.452344 0.310742
0 0.251904 0.483594 0.206348 0.604688
0 0.692578 0.309766 0.285156 0.376563
0 0.617969 0.449609 0.2375 0.573438
0 0.584375 0.424902 0.192188 0.517383
0 0.198437 0.892969 0.396875 0.214062
0 0.16875 0.836719 0.3375 0.326562
0 0.80957 0.874609 0.380859 0.250781
0 0.9 0.367969 0.15625 0.48125
0 0.378516 0.143945 0.503906 0.287891
0 0.691016 0.393359 0.277344 0.507031
0 0.807813 0.693359 0.384375 0.463281
0 0.823438 0.382812 0.0890625 0.453125
0 0.878125 0.549902 0.084375 0.51582
0 0.693359 0.177344 0.310156 0.302344
0 0.794922 0.827344 0.410156 0.345313
0 0.871875 0.376172 0.0875 0.4625
0 0.0957031 0.779297 0.191406 0.441406
0 0.666016 0.696484 0.667969 0.482031
0 0.277148 0.570312 0.554297 0.3875
0 0.208984 0.178418 0.417969 0.356836
0 0.571094 0.205518 0.0546875 0.0733398
0 0.264453 0.914062 0.528906 0.171875
0 0.417969 0.551172 0.239844 0.413281
0 0.759375 0.298828 0.220313 0.411719
0 0.569922 0.248438 0.0898438 0.162891
0 0.618359 0.188086 0.166406 0.249609
0 0.5625 0.227539 0.0359375 0.0429688
0 0.822656 0.855859 0.354688 0.288281
0 0.780469 0.832617 0.439063 0.334766
0 0.835156 0.552734 0.075 0.450781
0 0.859375 0.329492 0.115625 0.456641
0 0.333594 0.518359 0.667188 0.411719
0 0.717188 0.513281 0.221875 0.579688
0 0.564063 0.722656 0.489063 0.51875
0 0.704297 0.6875 0.189844 0.44375
0 0.570312 0.167773 0.35625 0.335547
0 0.86875 0.673438 0.115625 0.432813
0 0.0540039 0.786719 0.108008 0.426563
0 0.563672 0.208252 0.0734375 0.0834961
0 0.223047 0.248438 0.446094 0.451562
0 0.263281 0.462109 0.526563 0.441406
0 0.590625 0.210547 0.084375 0.0894531
0 0.379297 0.599219 0.0945313 0.20625
0 0.658984 0.671875 0.342969 0.496875
0 0.750781 0.757812 0.498437 0.440625
0 0.6125 0.267236 0.182812 0.206934
0 0.348438 0.626563 0.123438 0.142188
0 0.386719 0.671875 0.0859375 0.229687
0 0.628906 0.164648 0.217188 0.329297
0 0.560156 0.230469 0.0453125 0.0476562
0 0.224609 0.133301 0.449219 0.266602
0 0.585156 0.207617 0.028125 0.0710938
0 0.270313 0.141992 0.4375 0.283984
0 0.859766 0.516406 0.280469 0.529688
0 0.558594 0.263281 0.0625 0.192188
0 0.88125 0.268359 0.2 0.494531
0 0.619141 0.757422 0.450781 0.485156
0 0.711328 0.758984 0.213281 0.482031
0 0.151562 0.132422 0.303125 0.264844
0 0.750781 0.204297 0.251563 0.397656
0 0.58125 0.226758 0.0945313 0.117969
0 0.354688 0.129688 0.567187 0.259375
0 0.663672 0.248828 0.260156 0.165625
0 0.160742 0.208984 0.321484 0.417969
0 0.586328 0.489063 0.378906 0.634375
0 0.561719 0.234717 0.0703125 0.133691
0 0.805273 0.903906 0.389453 0.192188
0 0.823438 0.711328 0.20625 0.410156
0 0.507812 0.281641 0.175 0.232031
0 0.841406 0.600781 0.075 0.364063
0 0.824219 0.284961 0.189063 0.455078
0 0.782031 0.782813 0.35625 0.434375
0 0.366602 0.61875 0.0925781 0.132031
0 0.85293 0.416406 0.294141 0.529688
0 0.414844 0.571875 0.176563 0.2625
0 0.745313 0.724219 0.196875 0.476562
0 0.548047 0.209033 0.109375 0.0920898
0 0.703125 0.786328 0.495313 0.427344
0 0.723047 0.629687 0.207031 0.415625
0 0.828125 0.682422 0.139063 0.377344
0 0.0558594 0.625781 0.111719 0.335938
0 0.335742 0.371094 0.671484 0.404687
0 0.494531 0.170801 0.416406 0.341602
0 0.860352 0.318164 0.279297 0.513672
0 0.13291 0.565527 0.26582 0.389258
0 0.796094 0.234375 0.251563 0.464063
0 0.883984 0.212891 0.232031 0.425781
0 0.663281 0.280273 0.264062 0.233203
0 0.0390625 0.674219 0.078125 0.3125
0 0.0616211 0.130273 0.123242 0.260547
0 0.570703 0.186816 0.3875 0.373633
0 0.731641 0.769141 0.342969 0.461719
0 0.187891 0.503125 0.375781 0.434375
0 0.195508 0.351172 0.391016 0.438281
0 0.0503906 0.150977 0.100781 0.301953
0 0.586328 0.187891 0.0304688 0.0355469
0 0.663281 0.28125 0.0546875 0.05
0 0.536719 0.20293 0.120313 0.111328
0 0.412109 0.670313 0.155469 0.235938
0 0.561719 0.193701 0.0828125 0.119629
0 0.533594 0.240039 0.142969 0.146094
0 0.0768066 0.179883 0.153613 0.359766
0 0.779883 0.768359 0.262109 0.458594
0 0.914844 0.183984 0.170313 0.367969
0 0.641797 0.189258 0.364844 0.378516
0 0.566406 0.230469 0.0828125 0.08125
0 0.891406 0.15459 0.217188 0.30918
0 0.817969 0.886719 0.364063 0.226562
0 0.546875 0.187549 0.110937 0.12959
0 0.588281 0.199609 0.0734375 0.0921875
0 0.34375 0.60625 0.130469 0.115625
0 0.640625 0.183984 0.301563 0.367969
0 0.0487305 0.722656 0.0974609 0.329688
0 0.771484 0.210352 0.336719 0.420703
0 0.771875 0.168945 0.254688 0.337891
0 0.746484 0.168848 0.363281 0.337695
0 0.857617 0.157617 0.284766 0.315234
0 0.538672 0.26543 0.164844 0.196484
0 0.703906 0.180078 0.453125 0.360156
0 0.370313 0.605469 0.0789063 0.171875
0 0.592188 0.287549 0.182812 0.240527
0 0.623438 0.305127 0.257812 0.282715
0 0.555469 0.236719 0.059375 0.0621094
0 0.314063 0.623438 0.189844 0.144531
0 0.517969 0.19043 0.130469 0.133984
0 0.461719 0.205469 0.260156 0.125391
0 0.3875 0.754687 0.028125 0.04375
0 0.707031 0.304688 0.210938 0.3
0 0.0849854 0.174023 0.0280762 0.0339844
0 0.816992 0.168164 0.366016 0.336328
0 0.814063 0.163867 0.339063 0.327734
0 0.524219 0.215576 0.139063 0.118848
0 0.591406 0.194141 0.13125 0.129688
0 0.410938 0.55 0.2 0.198437
0 0.663672 0.290039 0.0601563 0.0511719
0 0.389062 0.68125 0.028125 0.217188
0 0.554297 0.233984 0.0460938 0.0523438
0 0.607813 0.421875 0.0234375 0.040625
0 0.573438 0.16748 0.184375 0.167383
0 0.542969 0.289014 0.227344 0.243848
0 0.304297 0.670313 0.216406 0.23125
0 0.588281 0.242627 0.121875 0.147559
0 0.389453 0.742188 0.0351562 0.06875
0 0.873047 0.701953 0.253906 0.449219
0 0.638281 0.305469 0.163281 0.29375
0 0.486816 0.342578 0.262305 0.334375
0 0.592969 0.198437 0.198437 0.217969
0 0.437891 0.682031 0.199219 0.257812
0 0.662109 0.256445 0.0523438 0.0925781
0 0.6 0.200586 0.0765625 0.0796875
0 0.580469 0.317188 0.210938 0.289844
0 0.602344 0.421875 0.0367188 0.040625
0 0.548828 0.15979 0.155469 0.172217
0 0.374805 0.659766 0.0464844 0.0617188
0 0.608594 0.194336 0.0765625 0.0933594
0 0.357617 0.722266 0.509766 0.217969
0 0.383203 0.789062 0.5625 0.0875
0 0.420215 0.714063 0.711133 0.221875
0 0.363281 0.717188 0.726562 0.209375
0 0.423438 0.77832 0.69375 0.283984
0 0.425781 0.760156 0.575 0.14375
0 0.520312 0.755469 0.648438 0.15
0 0.454785 0.78125 0.429492 0.1
0 0.615625 0.734375 0.76875 0.178125
0 0.544531 0.693359 0.78125 0.171094
0 0.32793 0.648828 0.655859 0.202344
0 0.385156 0.685156 0.770312 0.275
0 0.505078 0.740234 0.410938 0.182031
0 0.622266 0.705469 0.755469 0.198437
0 0.434277 0.639063 0.220508 0.13125
0 0.619141 0.733594 0.553906 0.192188
0 0.451172 0.664453 0.819531 0.230469
0 0.456152 0.333008 0.49082 0.120703
0 0.414453 0.456152 0.535156 0.329883
0 0.430859 0.692187 0.232031 0.240625
0 0.6875 0.453125 0.314063 0.153125
0 0.356641 0.810938 0.707812 0.378125
0 0.383984 0.628906 0.152344 0.10625
0 0.701172 0.424121 0.310156 0.17832
0 0.51875 0.76875 0.557813 0.278125
0 0.634766 0.42041 0.433594 0.187305
0 0.531641 0.329688 0.549219 0.101562
0 0.409375 0.383203 0.507812 0.170313
0 0.453125 0.396484 0.522656 0.2375
0 0.772266 0.347461 0.271094 0.365234
0 0.715625 0.445312 0.2625 0.204688
0 0.75625 0.183984 0.29375 0.367969
0 0.686328 0.386719 0.360156 0.228125
0 0.283008 0.677734 0.277734 0.207031
0 0.320703 0.641016 0.221094 0.128906
0 0.615723 0.533594 0.579492 0.314063
0 0.443652 0.279297 0.492383 0.191406
0 0.322266 0.482422 0.508594 0.338281
0 0.717969 0.206592 0.3125 0.358691
0 0.356445 0.616016 0.712891 0.236719
0 0.538281 0.639063 0.8 0.178125
0 0.639844 0.634766 0.720313 0.209375
0 0.663672 0.570703 0.325781 0.383594
0 0.675391 0.450879 0.649219 0.15918
0 0.550098 0.417285 0.64668 0.298242
0 0.411719 0.340234 0.489063 0.173438
0 0.732813 0.447266 0.30625 0.323438
0 0.329102 0.653906 0.658203 0.146875
0 0.448535 0.616016 0.21543 0.141406
0 0.484375 0.45 0.575 0.246875
0 0.576172 0.706641 0.466406 0.207031
0 0.293164 0.711719 0.586328 0.251563
0 0.376172 0.524219 0.5375 0.434375
0 0.70625 0.563672 0.290625 0.500781
0 0.637109 0.535937 0.725781 0.30625
0 0.595215 0.627344 0.537695 0.228125
0 0.628516 0.448535 0.742969 0.187305
0 0.626563 0.374805 0.460938 0.235547
0 0.726562 0.124121 0.3125 0.247461
0 0.799805 0.380566 0.262891 0.35918
0 0.51084 0.235352 0.52832 0.268359
0 0.698438 0.245752 0.30625 0.184277
0 0.560938 0.219531 0.0328125 0.034375
0 0.781445 0.191992 0.290234 0.286328
0 0.25332 0.827344 0.307422 0.203125
0 0.505078 0.218164 0.516406 0.436328
0 0.376172 0.604688 0.0789063 0.0609375
0 0.337891 0.400391 0.510156 0.253125
0 0.773438 0.241016 0.260938 0.335938
0 0.235156 0.532813 0.470313 0.394531
0 0.244922 0.468066 0.427344 0.379492
0 0.445312 0.825781 0.8625 0.348438
0 0.388379 0.603125 0.0998047 0.046875
0 0.777344 0.403125 0.296875 0.246094
0 0.376953 0.648828 0.188281 0.144531
0 0.701172 0.158887 0.307031 0.166602
0 0.307813 0.572656 0.615625 0.235938
0 0.253125 0.789844 0.305469 0.134375
0 0.804883 0.440625 0.258984 0.24375
0 0.650781 0.653906 0.35625 0.38125
0 0.265039 0.741406 0.530078 0.414062
0 0.85957 0.407715 0.280859 0.26582
0 0.382129 0.331641 0.516992 0.235938
0 0.614844 0.596875 0.770312 0.257812
0 0.657422 0.722266 0.317969 0.208594
0 0.398535 0.598828 0.137305 0.065625
0 0.641016 0.713672 0.378906 0.391406
0 0.636328 0.420703 0.727344 0.194531
0 0.644531 0.778125 0.540625 0.296875
0 0.611719 0.587109 0.765625 0.358594
0 0.857031 0.354688 0.282813 0.358594
0 0.860156 0.441504 0.278125 0.16543
0 0.866016 0.479004 0.267969 0.224805
0 0.342578 0.671875 0.223438 0.201563
0 0.814063 0.258594 0.296875 0.226562
0 0.271875 0.629687 0.29375 0.117188
0 0.581152 0.214258 0.60332 0.428516
0 0.29375 0.55 0.585156 0.290625
0 0.665625 0.384375 0.66875 0.235938
0 0.807813 0.480566 0.265625 0.220117
0 0.380469 0.603125 0.126563 0.075
0 0.533496 0.278711 0.548633 0.184766
0 0.553125 0.221094 0.0398437 0.046875
0 0.370898 0.659375 0.0425781 0.053125
0 0.652344 0.316602 0.65 0.133984
0 0.735156 0.330664 0.235938 0.326172
0 0.608984 0.215625 0.524219 0.407813
0 0.339063 0.116211 0.520312 0.232422
0 0.636719 0.335156 0.445312 0.210938
0 0.210547 0.641406 0.421094 0.214062
0 0.825 0.223633 0.296875 0.158594
0 0.8 0.28418 0.307813 0.381641
0 0.459473 0.676562 0.263867 0.139063
0 0.358594 0.628906 0.146875 0.1125
0 0.0458008 0.509375 0.0916016 0.515625
0 0.371094 0.603906 0.0835937 0.0398437
0 0.382031 0.658984 0.0632813 0.0515625
0 0.824023 0.851562 0.351953 0.296875
0 0.430469 0.292969 0.620313 0.403125
0 0.294531 0.405566 0.471875 0.357617
0 0.463281 0.560938 0.615625 0.307813
0 0.360742 0.342578 0.584766 0.385156
0 0.369922 0.317578 0.690625 0.528906
0 0.394629 0.166211 0.52793 0.332422
0 0.710156 0.376172 0.260938 0.235156
0 0.775781 0.460156 0.296875 0.200781
0 0.191211 0.448438 0.382422 0.445312
0 0.775195 0.496094 0.449609 0.45
0 0.240625 0.505078 0.48125 0.492969
0 0.294141 0.131445 0.588281 0.262891
0 0.505469 0.602344 0.735938 0.239844
0 0.877734 0.438965 0.244531 0.208008
0 0.273096 0.771875 0.249902 0.115625
0 0.757031 0.401172 0.315625 0.18125
0 0.683594 0.201953 0.267188 0.0796875
0 0.714453 0.181641 0.280469 0.125391
0 0.785742 0.189453 0.278516 0.160938
0 0.380469 0.595703 0.698438 0.245312
0 0.762109 0.165137 0.288281 0.186133
0 0.403125 0.7125 0.210938 0.148438
0 0.358203 0.598437 0.0421875 0.0515625
0 0.700781 0.202002 0.3 0.256152
0 0.24082 0.41709 0.481641 0.454883
0 0.269141 0.183984 0.530469 0.367969
0 0.557031 0.229297 0.04375 0.0578125
0 0.684766 0.240234 0.271094 0.139453
0 0.437891 0.707812 0.246875 0.1625
0 0.664844 0.157813 0.273438 0.226562
0 0.605078 0.292969 0.524219 0.178125
0 0.852344 0.265625 0.285938 0.196094
0 0.239844 0.610156 0.479688 0.345313
0 0.638281 0.314648 0.165625 0.0964844
0 0.139648 0.753516 0.279297 0.492969
0 0.352344 0.596094 0.0320312 0.04375
0 0.879687 0.40459 0.240625 0.175195
0 0.292188 0.210938 0.584375 0.421875
0 0.80625 0.0994141 0.3875 0.198828
0 0.235938 0.214062 0.471875 0.428125
0 0.358398 0.849805 0.716797 0.300391
0 0.206641 0.75625 0.413281 0.365625
0 0.714844 0.316016 0.259375 0.122656
0 0.219531 0.140332 0.271875 0.118164
0 0.858594 0.475 0.279687 0.13125
0 0.558594 0.228125 0.03125 0.0539063
0 0.697656 0.331641 0.25625 0.128906
0 0.835938 0.190234 0.29375 0.132031
0 0.236914 0.157031 0.289453 0.145703
0 0.690625 0.663281 0.314063 0.501563
0 0.84375 0.337695 0.309375 0.226172
0 0.560547 0.160352 0.646094 0.320703
0 0.366016 0.601562 0.059375 0.0609375
0 0.790625 0.173535 0.41875 0.34707
0 0.250586 0.136328 0.264453 0.15
0 0.622656 0.237305 0.485938 0.287109
0 0.716016 0.268945 0.260156 0.187891
0 0.563281 0.214453 0.0140625 0.0460938
0 0.806641 0.801758 0.386719 0.396484
0 0.642969 0.128125 0.263281 0.215625
0 0.24707 0.198828 0.451953 0.397656
0 0.694922 0.356836 0.378906 0.325391
0 0.375 0.721875 0.191406 0.13125
0 0.461328 0.145898 0.661719 0.291797
0 0.789062 0.851758 0.421875 0.296484
0 0.384766 0.757422 0.021875 0.0445313
0 0.741406 0.368555 0.379688 0.371484
0 0.567187 0.217773 0.0375 0.0414063
0 0.0159912 0.758594 0.0319824 0.482812
0 0.30332 0.367578 0.606641 0.532031
0 0.0586914 0.154297 0.117383 0.308594
0 0.384375 0.670313 0.20625 0.201563
0 0.218359 0.413672 0.436719 0.524219
0 0.316992 0.780469 0.161328 0.104688
0 0.0355469 0.203906 0.0710938 0.407813
0 0.313672 0.808594 0.167187 0.148438
0 0.843945 0.909766 0.312109 0.180469
0 0.379688 0.628125 0.08125 0.107031
0 0.386719 0.239453 0.654688 0.478906
0 0.773438 0.483691 0.4 0.376367
0 0.670313 0.292188 0.0375 0.0488281
0 0.858984 0.159375 0.282031 0.31875
0 0.049707 0.17793 0.0994141 0.355859
0 0.041748 0.412109 0.0834961 0.520312
0 0.689063 0.61416 0.43125 0.524805
0 0.634766 0.132812 0.607031 0.265625
0 0.3875 0.753125 0.0328125 0.0335938
0 0.878906 0.367383 0.242188 0.226172
0 0.857813 0.237842 0.284375 0.169629
0 0.172461 0.181836 0.344922 0.363672
0 0.0507812 0.851953 0.101562 0.296094
0 0.841797 0.232031 0.316406 0.464063
0 0.766797 0.565234 0.466406 0.527344
0 0.44541 0.58125 0.216992 0.120313
0 0.664062 0.188086 0.671875 0.376172
0 0.0133545 0.561719 0.026709 0.0515625
0 0.0272949 0.536719 0.0545898 0.0609375
0 0.0998047 0.672266 0.199609 0.403906
0 0.263086 0.193359 0.526172 0.386719
0 0.561719 0.1875 0.15625 0.104688
0 0.0194092 0.780859 0.0388184 0.438281
0 0.15791 0.111328 0.31582 0.222656
0 0.700781 0.746875 0.3125 0.445312
0 0.664453 0.811523 0.414844 0.376953
0 0.683984 0.210938 0.372656 0.421875
0 0.180859 0.149219 0.315625 0.118359
0 0.45 0.760938 0.257812 0.090625
0 0.614844 0.138086 0.253125 0.137109
0 0.0253906 0.670313 0.0507812 0.49375
0 0.795313 0.483594 0.3 0.103125
0 0.29668 0.149902 0.258984 0.115039
0 0.749609 0.0733398 0.500781 0.14668
0 0.519531 0.130762 0.276563 0.211914
0 0.6875 0.140234 0.290625 0.280469
0 0.859375 0.204102 0.28125 0.172266
0 0.843945 0.0943359 0.312109 0.188672
0 0.686621 0.1625 0.626758 0.325
0 0.032959 0.525 0.065918 0.1
0 0.198242 0.132812 0.276172 0.183594
0 0.859961 0.308594 0.280078 0.2
0 0.266406 0.236328 0.532813 0.472656
0 0.827344 0.716406 0.345313 0.5125
0 0.231836 0.770312 0.330859 0.1
0 0.707422 0.120117 0.585156 0.240234
0 0.146484 0.10332 0.292969 0.206641
0 0.285352 0.731641 0.239453 0.146094
0 0.574219 0.177734 0.215625 0.129688
0 0.348828 0.6125 0.149219 0.096875
0 0.856055 0.163672 0.278516 0.130469
0 0.731641 0.422656 0.280469 0.116406
0 0.420703 0.572656 0.186719 0.117188
0 0.471484 0.648438 0.274219 0.104688
0 0.671094 0.288086 0.0296875 0.0351562
0 0.045166 0.75625 0.090332 0.4875
0 0.812109 0.302734 0.375781 0.567969
0 0.810547 0.616406 0.378906 0.523438
0 0.214844 0.573828 0.429688 0.513281
0 0.256055 0.867188 0.222266 0.265625
0 0.367773 0.660156 0.133203 0.04375
0 0.476172 0.625391 0.282813 0.119531
0 0.319922 0.264648 0.639844 0.520703
0 0.562891 0.231641 0.0171875 0.0609375
0 0.0260742 0.614062 0.0521484 0.5125
0 0.56875 0.202783 0.0484375 0.0717773
0 0.728516 0.185352 0.442969 0.370703
0 0.0880859 0.586328 0.176172 0.159375
0 0.0119629 0.582812 0.0186523 0.0585938
0 0.034082 0.514063 0.0681641 0.23125
0 0.709375 0.362891 0.223438 0.171875
0 0.338867 0.761719 0.133203 0.071875
0 0.18125 0.654297 0.3625 0.453906
0 0.854297 0.516016 0.291406 0.155469
0 0.441504 0.289258 0.27168 0.182422
0 0.592969 0.162695 0.2625 0.1375
0 0.0793945 0.621875 0.158789 0.18125
0 0.348047 0.591406 0.0300781 0.034375
0 0.502734 0.123047 0.286719 0.246094
0 0.580469 0.123242 0.260938 0.231641
0 0.494531 0.828906 0.215625 0.232813
0 0.0566895 0.554688 0.113379 0.122656
0 0.47334 0.211133 0.65332 0.422266
0 0.792773 0.422559 0.414453 0.492383
0 0.445215 0.245312 0.264258 0.116406
0 0.461621 0.770312 0.267383 0.125
0 0.616406 0.230859 0.23125 0.125
0 0.05 0.576953 0.1 0.075
0 0.101953 0.781641 0.203906 0.436719
0 0.467578 0.667188 0.266406 0.084375
0 0.738281 0.289062 0.401563 0.498437
0 0.735938 0.444141 0.298438 0.146875
0 0.660937 0.291016 0.20625 0.065625
0 0.700781 0.310352 0.260938 0.0925781
0 0.605469 0.312109 0.15 0.0914062
0 0.054248 0.559766 0.108496 0.0726563
0 0.652344 0.188721 0.196875 0.164746
0 0.619141 0.308398 0.219531 0.0902344
0 0.674609 0.372461 0.191406 0.114453
0 0.746484 0.717969 0.441406 0.525
0 0.544531 0.243555 0.021875 0.0292969
0 0.661328 0.288672 0.0453125 0.0421875
0 0.340234 0.778125 0.110937 0.0921875
0 0.0359863 0.478906 0.0719727 0.235156
0 0.282422 0.521484 0.441406 0.342187
0 0.254883 0.574219 0.405859 0.259375
0 0.288281 0.601562 0.405469 0.201563
0 0.365625 0.622656 0.0875 0.0953125
0 0.239014 0.617969 0.378223 0.235156
0 0.285547 0.694922 0.402344 0.294531
0 0.319531 0.621094 0.180469 0.135156
0 0.560156 0.210742 0.10625 0.0535156
0 0.372266 0.617969 0.0765625 0.075
0 0.830273 0.878516 0.339453 0.242969
0 0.775586 0.874609 0.448828 0.250781
0 0.30332 0.603906 0.201172 0.16875
0 0.237158 0.735938 0.381934 0.38125
0 0.337891 0.525781 0.438281 0.275
0 0.603906 0.201611 0.171875 0.0717773
0 0.328125 0.717578 0.410938 0.347656
0 0.362109 0.601562 0.117969 0.0757812
0 0.816797 0.395996 0.366406 0.226758
0 0.554688 0.196045 0.139063 0.0821289
0 0.793164 0.346484 0.413672 0.210156
0 0.778125 0.287109 0.44375 0.171094
0 0.772852 0.217383 0.454297 0.157813
0 0.835547 0.798242 0.328906 0.281641
0 0.565234 0.183789 0.2125 0.107422
0 0.276611 0.779688 0.388965 0.395313
0 0.124414 0.0538086 0.248828 0.107617
0 0.539844 0.235547 0.0859375 0.053125
0 0.772656 0.0795898 0.454688 0.154102
0 0.844922 0.871875 0.310156 0.226562
0 0.559375 0.210156 0.178906 0.0617188
0 0.778906 0.158789 0.442188 0.14375
0 0.853906 0.628906 0.292188 0.232813
0 0.350781 0.667578 0.43125 0.399219
0 0.598828 0.232031 0.178906 0.0609375
0 0.383594 0.59375 0.0976562 0.0625
0 0.814453 0.397656 0.371094 0.271875
0 0.862695 0.79707 0.274609 0.262109
0 0.848047 0.572656 0.303906 0.217188
0 0.832031 0.436035 0.335938 0.224805
0 0.562891 0.21875 0.0296875 0.0300781
0 0.219922 0.7875 0.402344 0.425
0 0.85918 0.694531 0.281641 0.270313
0 0.811133 0.346875 0.377734 0.260938
0 0.614844 0.236133 0.164062 0.142578
0 0.861914 0.748047 0.276172 0.274219
0 0.149219 0.108398 0.298438 0.216797
0 0.542188 0.17002 0.214062 0.136133
0 0.787891 0.109546 0.424219 0.133252
0 0.801758 0.299414 0.396484 0.255859
0 0.845313 0.532813 0.309375 0.235938
0 0.123047 0.0384766 0.246094 0.0769531
0 0.842773 0.470703 0.314453 0.204688
0 0.800781 0.811719 0.398438 0.314063
0 0.832617 0.701953 0.334766 0.297656
0 0.349023 0.625781 0.202734 0.120313
0 0.284814 0.583594 0.236621 0.20625
0 0.633594 0.267188 0.157813 0.100781
0 0.793555 0.8875 0.412891 0.175
0 0.832812 0.644922 0.334375 0.275781
0 0.146875 0.0596191 0.29375 0.119238
0 0.613672 0.26875 0.163281 0.164844
0 0.171484 0.124219 0.342969 0.248438
0 0.798828 0.230664 0.402344 0.239453
0 0.281055 0.527246 0.562109 0.362695
0 0.824805 0.447656 0.350391 0.271094
0 0.652734 0.872656 0.510156 0.254688
0 0.483594 0.365625 0.467969 0.353125
0 0.239063 0.0962891 0.478125 0.192578
0 0.831445 0.890625 0.337109 0.165625
0 0.590234 0.333789 0.469531 0.344922
0 0.167969 0.0774902 0.335938 0.15498
0 0.24917 0.46875 0.35791 0.432813
0 0.833789 0.59375 0.332422 0.269531
0 0.805469 0.107031 0.389062 0.214062
0 0.571094 0.208008 0.05625 0.0699219
0 0.479688 0.433203 0.502344 0.411719
0 0.712109 0.850781 0.492969 0.298438
0 0.490527 0.306445 0.437695 0.320703
0 0.624219 0.308008 0.132812 0.0890625
0 0.562891 0.220117 0.0335938 0.04375
0 0.614062 0.298047 0.1625 0.110156
0 0.375098 0.777344 0.50293 0.434375
0 0.807617 0.158496 0.384766 0.192383
0 0.505469 0.166992 0.192969 0.144141
0 0.564063 0.223828 0.0273438 0.0359375
0 0.192188 0.816406 0.384375 0.367188
0 0.120508 0.125684 0.241016 0.242773
0 0.384766 0.610938 0.0890625 0.065625
0 0.352734 0.621875 0.516406 0.421875
0 0.539453 0.209814 0.205469 0.0889648
0 0.293945 0.592969 0.587891 0.302344
0 0.122656 0.181445 0.245312 0.248828
0 0.524219 0.232813 0.120313 0.059375
0 0.227734 0.717188 0.455469 0.353125
0 0.304102 0.660937 0.198047 0.132812
0 0.814453 0.102319 0.371094 0.158252
0 0.833594 0.49541 0.332813 0.273242
0 0.171094 0.159961 0.342187 0.319922
0 0.658594 0.287305 0.0882813 0.0507812
0 0.25332 0.460547 0.506641 0.453125
0 0.788281 0.0137207 0.423438 0.0274414
0 0.55625 0.253955 0.419531 0.290527
0 0.507031 0.19668 0.18125 0.119922
0 0.39541 0.5875 0.110742 0.065625
0 0.186914 0.774219 0.373828 0.39375
0 0.185938 0.282031 0.371875 0.375
0 0.646875 0.236914 0.1875 0.147266
0 0.576172 0.200977 0.0617188 0.0644531
0 0.0992187 0.0327148 0.198437 0.0654297
0 0.208594 0.638281 0.417188 0.475
0 0.260938 0.651563 0.521875 0.31875
0 0.430078 0.328516 0.478125 0.367969
0 0.314844 0.812695 0.5 0.374609
0 0.332422 0.0931641 0.527344 0.186328
0 0.695703 0.331836 0.466406 0.291016
0 0.117773 0.642578 0.235547 0.321094
0 0.502344 0.230469 0.18125 0.0695313
0 0.590234 0.184375 0.0382813 0.0296875
0 0.682813 0.889063 0.510938 0.178125
0 0.135352 0.231982 0.270703 0.304785
0 0.56875 0.217773 0.0375 0.0382813
0 0.108398 0.696484 0.216797 0.324219
0 0.121289 0.578906 0.242578 0.29375
0 0.096875 0.0982422 0.19375 0.196484
0 0.558594 0.226367 0.0367188 0.04375
0 0.65 0.390234 0.473438 0.350781
0 0.196484 0.750781 0.392969 0.498437
0 0.771289 0.423828 0.457422 0.333594
0 0.776563 0.017041 0.446875 0.034082
0 0.252539 0.126172 0.480078 0.252344
0 0.114453 0.525781 0.228906 0.26875
0 0.592969 0.18125 0.0328125 0.025
0 0.480078 0.213721 0.402344 0.227246
0 0.233984 0.66875 0.467969 0.498437
0 0.569531 0.5625 0.0375 0.0359375
0 0.196484 0.156641 0.392969 0.292969
0 0.778125 0.328564 0.44375 0.31084
0 0.339453 0.589063 0.184375 0.157813
0 0.181738 0.327734 0.363477 0.428125
0 0.651953 0.303125 0.0945313 0.0726563
0 0.192969 0.541016 0.385938 0.471094
0 0.589063 0.248242 0.196094 0.0828125
0 0.659375 0.286719 0.05625 0.0402344
0 0.644531 0.211133 0.182031 0.100781
0 0.378906 0.48291 0.45 0.348242
0 0.570312 0.215234 0.0484375 0.0390625
0 0.787695 0.716797 0.424609 0.332031
0 0.388379 0.573047 0.18418 0.116406
0 0.226758 0.567969 0.453516 0.495313
0 0.160742 0.308984 0.321484 0.375781
0 0.176172 0.392969 0.352344 0.447656
0 0.349023 0.378027 0.551172 0.379883
0 0.534277 0.498437 0.49707 0.346875
0 0.285986 0.629687 0.240527 0.126563
0 0.457422 0.219531 0.253906 0.111328
0 0.597266 0.439063 0.477344 0.367188
0 0.209961 0.239453 0.419922 0.365625
0 0.202734 0.404687 0.405469 0.459375
0 0.10332 0.798438 0.206641 0.304688
0 0.636719 0.279492 0.453125 0.326172
0 0.103613 0.280811 0.207227 0.264941
0 0.170313 0.811719 0.340625 0.376563
0 0.375781 0.6625 0.065625 0.05
0 0.10332 0.436328 0.206641 0.26875
0 0.102148 0.387109 0.204297 0.279687
0 0.541016 0.587109 0.0867188 0.0859375
0 0.413184 0.531641 0.495508 0.363281
0 0.596875 0.176172 0.171875 0.120703
0 0.422266 0.619141 0.478125 0.386719
0 0.521094 0.244531 0.171875 0.0859375
0 0.227344 0.331592 0.454688 0.359473
0 0.532813 0.588672 0.107813 0.1
0 0.168164 0.228125 0.336328 0.291406
0 0.474316 0.183203 0.223242 0.157813
0 0.538965 0.585547 0.454883 0.357031
0 0.362109 0.662109 0.0804688 0.0507812
0 0.583594 0.205469 0.0796875 0.0738281
0 0.48916 0.541309 0.47168 0.356445
0 0.685156 0.0969727 0.545313 0.193945
0 0.461816 0.0908203 0.58418 0.181641
0 0.509375 0.276953 0.1875 0.15625
0 0.521875 0.18457 0.383594 0.280469
0 0.315625 0.670313 0.163281 0.0828125
0 0.307227 0.43125 0.346484 0.345313
0 0.748047 0.0527344 0.503906 0.105469
0 0.475 0.145313 0.225 0.192969
0 0.207031 0.842578 0.414062 0.314844
0 0.666797 0.285156 0.05 0.0351562
0 0.366016 0.415527 0.432031 0.331445
0 0.303125 0.701172 0.201563 0.14375
0 0.659766 0.236523 0.08125 0.144531
0 0.660156 0.817187 0.496875 0.321875
0 0.496777 0.61875 0.433008 0.367188
0 0.235352 0.275781 0.442578 0.365625
0 0.267529 0.555469 0.246191 0.211719
0 0.166406 0.846094 0.332813 0.307813
0 0.471094 0.247461 0.23125 0.101562
0 0.619531 0.183398 0.0859375 0.0328125
0 0.553125 0.247461 0.18125 0.0816406
0 0.767188 0.135547 0.465625 0.271094
0 0.594141 0.177539 0.0375 0.0308594
0 0.73125 0.773047 0.471875 0.341406
0 0.223486 0.546875 0.19209 0.160156
0 0.367188 0.305518 0.548438 0.306934
0 0.561719 0.275195 0.240625 0.148438
0 0.367578 0.659766 0.0445313 0.05
0 0.588379 0.634375 0.448242 0.371875
0 0.217969 0.18125 0.435937 0.317578
0 0.594922 0.090625 0.521094 0.18125
0 0.621094 0.173828 0.176563 0.1
0 0.628125 0.604688 0.0226563 0.0421875
0 0.610156 0.420703 0.0296875 0.0296875
0 0.118652 0.892188 0.237305 0.215625
0 0.464844 0.603125 0.227344 0.173438
0 0.614062 0.846875 0.501563 0.30625
0 0.572656 0.5625 0.0421875 0.05
0 0.783984 0.521094 0.432031 0.334375
0 0.603125 0.5125 0.473438 0.251563
0 0.411328 0.585938 0.147656 0.159375
0 0.543359 0.563281 0.0851563 0.0515625
0 0.747266 0.360938 0.491406 0.275781
0 0.738281 0.287695 0.445312 0.292578
0 0.592578 0.181055 0.0421875 0.040625
0 0.773438 0.225977 0.453125 0.348047
0 0.625781 0.604297 0.034375 0.0460938
0 0.628516 0.56875 0.483594 0.30625
0 0.485547 0.795313 0.467969 0.279687
0 0.420703 0.586719 0.176563 0.21875
0 0.413965 0.616406 0.123633 0.15
0 0.783203 0.610938 0.433594 0.309375
0 0.630469 0.603906 0.0195312 0.0328125
0 0.6 0.208203 0.442188 0.314844
0 0.369531 0.129199 0.50625 0.258398
0 0.550781 0.655469 0.430469 0.301563
0 0.614844 0.754687 0.415625 0.179688
0 0.283984 0.660547 0.246094 0.107813
0 0.563281 0.766406 0.4125 0.207813
0 0.563965 0.876953 0.51582 0.246094
0 0.514844 0.585156 0.155469 0.114063
0 0.41084 0.842969 0.500195 0.314063
0 0.451562 0.575781 0.214844 0.226562
0 0.25293 0.841406 0.505859 0.317188
0 0.776758 0.0819336 0.446484 0.163867
0 0.314844 0.689063 0.164844 0.103125
0 0.485156 0.457031 0.03125 0.0390625
0 0.546094 0.627344 0.034375 0.0453125
0 0.730078 0.475781 0.485156 0.3375
0 0.538281 0.626953 0.0515625 0.0515625
0 0.600391 0.435937 0.0484375 0.0546875
0 0.45 0.860938 0.028125 0.03125
0 0.777148 0.150293 0.445703 0.27207
0 0.421191 0.798633 0.50293 0.308984
0 0.651563 0.191602 0.189063 0.157422
0 0.565625 0.153809 0.192188 0.177539
0 0.830469 0.020166 0.339063 0.040332
0 0.600391 0.308984 0.19375 0.105469
0 0.392969 0.755469 0.01875 0.025
0 0.755469 0.139746 0.489063 0.202148
0 0.664062 0.290625 0.0625 0.0507812
0 0.610156 0.419531 0.0328125 0.040625
0 0.621875 0.335547 0.034375 0.0304688
0 0.767383 0.19668 0.465234 0.211328
0 0.742969 0.0976562 0.514063 0.176563
0 0.413281 0.19668 0.514063 0.315625
0 0.390625 0.757422 0.0296875 0.0289063
0 0.675 0.255664 0.0929688 0.0855469
0 0.555469 0.230664 0.0515625 0.0554687
0 0.602344 0.423828 0.040625 0.0375
0 0.402344 0.562891 0.202344 0.269531
0 0.750391 0.915625 0.499219 0.16875
0 0.55625 0.56875 0.08125 0.0554687
0 0.474609 0.127246 0.522656 0.254492
0 0.6875 0.435059 0.489063 0.345508
0 0.4875 0.458594 0.0265625 0.03125
0 0.478125 0.461719 0.0359375 0.0375
0 0.219336 0.873047 0.438672 0.253906
0 0.291797 0.246484 0.429688 0.278906
0 0.64375 0.324609 0.06875 0.053125
0 0.580469 0.219727 0.0625 0.0359375
0 0.523047 0.845703 0.469531 0.308594
0 0.557813 0.586719 0.096875 0.0765625
0 0.468848 0.875 0.507617 0.25
0 0.724609 0.569922 0.477344 0.328906
0 0.205664 0.546875 0.202734 0.110937
0 0.759766 0.265186 0.480469 0.197754
0 0.676562 0.521484 0.4875 0.324219
0 0.374219 0.592188 0.179688 0.214844
0 0.698828 0.13457 0.507031 0.269141
0 0.417969 0.703125 0.49375 0.323438
0 0.578906 0.192236 0.0609375 0.0592773
0 0.652734 0.299219 0.0632813 0.0632813
0 0.307813 0.873047 0.504687 0.253906
0 0.8375 0.925 0.325 0.15
0 0.578906 0.435937 0.053125 0.0609375
0 0.661719 0.61875 0.503125 0.31875
0 0.564844 0.2125 0.0515625 0.0601563
0 0.653906 0.290625 0.0578125 0.0460938
0 0.316992 0.35 0.411328 0.309375
0 0.536719 0.807813 0.210938 0.151562
0 0.394531 0.758594 0.0171875 0.03125
0 0.0643677 0.560547 0.0962647 0.0546875
0 0.0646362 0.587109 0.0957275 0.0515625
0 0.0644653 0.536719 0.0960693 0.0515625
0 0.0898438 0.586719 0.0953125 0.0515625
0 0.0895508 0.560156 0.0958984 0.0546875
0 0.0648926 0.610156 0.0952148 0.0546875
0 0.115259 0.560156 0.094873 0.05625
0 0.04375 0.560938 0.0875 0.053125
0 0.04375 0.5875 0.0875 0.0515625
0 0.115527 0.586719 0.0939453 0.0523438
0 0.0898438 0.537109 0.0953125 0.0515625
0 0.0900391 0.610156 0.0949219 0.0554687
0 0.04375 0.5375 0.0875 0.0515625
0 0.0646606 0.512109 0.0956787 0.0515625
0 0.064563 0.637109 0.095874 0.0507812
0 0.165527 0.0577148 0.0939453 0.0599609
0 0.139844 0.0375977 0.0953125 0.0506836
0 0.165527 0.0375122 0.0939453 0.0505615
0 0.139941 0.0600098 0.0951172 0.0557617
0 0.140039 0.557813 0.0953125 0.0609375
0 0.114478 0.0607422 0.0960449 0.0546875
0 0.140234 0.584375 0.0945313 0.0578125
0 0.114453 0.0376831 0.0962891 0.051001
0 0.0450684 0.610156 0.0848633 0.0546875
0 0.11521 0.5375 0.0953613 0.053125
0 0.16543 0.0189941 0.0941406 0.0379883
0 0.139746 0.0191406 0.0955078 0.0382813
0 0.0649414 0.485156 0.0951172 0.0554687
0 0.0893555 0.0612305 0.0964844 0.0541016
0 0.165527 0.0857422 0.0939453 0.0539063
0 0.0643555 0.661328 0.0962891 0.053125
0 0.115723 0.610547 0.0935547 0.0546875
0 0.04375 0.5125 0.0875 0.0515625
0 0.090332 0.637109 0.0943359 0.0507812
0 0.0893555 0.0377441 0.0966797 0.0512695
0 0.09021 0.511719 0.0945801 0.0515625
0 0.114478 0.0193359 0.0960449 0.0386719
0 0.140137 0.0866211 0.0947266 0.0523438
0 0.065332 0.4625 0.0943359 0.0515625
0 0.165527 0.112109 0.0939453 0.0515625
0 0.0651855 0.259375 0.0946289 0.0578125
0 0.045813 0.637109 0.083374 0.0515625
0 0.04375 0.485938 0.0875 0.0546875
0 0.371094 0.507031 0.403125 0.565625
0 0.0898438 0.736719 0.0953125 0.053125
0 0.0646606 0.736719 0.0956787 0.053125
0 0.114844 0.0865479 0.0955078 0.0526855
0 0.0647949 0.761328 0.0954102 0.0523438
0 0.065332 0.2375 0.0943359 0.0515625
0 0.0898438 0.484766 0.0953125 0.0554687
0 0.0651367 0.2875 0.0947266 0.0515625
0 0.0647949 0.436719 0.0954102 0.0523438
0 0.0644531 0.0612305 0.0962891 0.0544922
0 0.0894531 0.0868896 0.0960938 0.052002
0 0.0646362 0.7125 0.0957275 0.0515625
0 0.064502 0.686719 0.0959961 0.0523438
0 0.139648 0.608594 0.0957031 0.059375
0 0.0642578 0.411719 0.0964844 0.0523438
0 0.0902588 0.761328 0.0944824 0.0523438
0 0.0893555 0.0193848 0.0960938 0.0387695
0 0.0898438 0.660156 0.0953125 0.0546875
0 0.04375 0.4625 0.0875 0.0507812
0 0.114453 0.637109 0.0960938 0.0507812
0 0.0898193 0.712109 0.0953613 0.0515625
0 0.0647461 0.311719 0.0955078 0.0527344
0 0.0645386 0.0378052 0.0963135 0.0513428
0 0.139746 0.112207 0.0955078 0.0513672
0 0.165723 0.136133 0.0935547 0.053125
0 0.0454224 0.662109 0.0841553 0.0515625
0 0.0900391 0.336719 0.0949219 0.0523438
0 0.0639648 0.386719 0.0970703 0.0523438
0 0.0898682 0.312109 0.0952637 0.0523438
0 0.0650269 0.786719 0.0949463 0.0515625
0 0.0902344 0.260156 0.0945313 0.05625
0 0.0643433 0.336523 0.0963135 0.053125
0 0.190234 0.0373047 0.0945313 0.0509766
0 0.0888672 0.460938 0.0972656 0.053125
0 0.190674 0.0188477 0.0936523 0.0376953
0 0.115332 0.312109 0.0943359 0.0515625
0 0.0640625 0.361719 0.096875 0.0523438
0 0.0901367 0.2875 0.0947266 0.0515625
0 0.04375 0.436719 0.0875 0.0515625
0 0.0901367 0.361719 0.0947266 0.0515625
0 0.0901367 0.686719 0.0947266 0.0515625
0 0.04375 0.412109 0.0875 0.0515625
0 0.140234 0.312109 0.0945313 0.0523438
0 0.141406 0.538281 0.0984375 0.05625
0 0.0651367 0.212109 0.0951172 0.0523438
0 0.0885742 0.435156 0.0978516 0.0546875
0 0.11543 0.2875 0.0943359 0.0523438
0 0.11377 0.735938 0.0972656 0.0546875
0 0.189111 0.0546387 0.0959961 0.0665039
0 0.0437988 0.261328 0.0875977 0.0539063
0 0.115332 0.337109 0.0943359 0.0515625
0 0.0438477 0.2375 0.0876953 0.0519531
0 0.0894775 0.410547 0.0960449 0.0539063
0 0.04375 0.686719 0.0875 0.0515625
0 0.0904297 0.237695 0.0943359 0.0511719
0 0.04375 0.387109 0.0875 0.0515625
0 0.0437988 0.2875 0.0875977 0.0515625
0 0.090332 0.385938 0.0943359 0.053125
0 0.113574 0.658203 0.0976562 0.0585938
0 0.0649292 0.0872803 0.0951416 0.0512207
0 0.114551 0.111719 0.0960938 0.0525391
0 0.0316406 0.5875 0.0632813 0.0515625
0 0.044873 0.7875 0.0852539 0.0515625
0 0.0319092 0.561719 0.0638184 0.0546875
0 0.0644653 0.0194824 0.095874 0.0389648
0 0.114355 0.760156 0.0960938 0.0546875
0 0.139453 0.136816 0.0960938 0.0521484
0 0.04375 0.762109 0.0875 0.0523438
0 0.115137 0.510938 0.0966797 0.053125
0 0.0902344 0.786719 0.0945313 0.0515625
0 0.04375 0.312109 0.0875 0.0515625
0 0.140039 0.336328 0.0945313 0.0523438
0 0.04375 0.737109 0.0875 0.0523438
0 0.0438477 0.2125 0.0876953 0.0523438
0 0.04375 0.362109 0.0875 0.0523438
0 0.04375 0.7125 0.0875 0.0515625
0 0.114282 0.710938 0.0964355 0.0539063
0 0.04375 0.336914 0.0875 0.0519531
0 0.0319092 0.537891 0.0638184 0.0546875
0 0.0649292 0.187061 0.0953369 0.0516602
0 0.0891602 0.111035 0.096875 0.0539063
0 0.136426 0.635547 0.101758 0.0539063
0 0.0438965 0.060791 0.087793 0.055957
0 0.114844 0.685938 0.0953125 0.053125
0 0.18833 0.133789 0.0983398 0.0578125
0 0.187451 0.0816162 0.0993164 0.0617676
0 0.188477 0.111133 0.0980469 0.053125
0 0.0671875 0.8125 0.0904297 0.05
0 0.115332 0.261328 0.0953125 0.0539063
0 0.0559082 0.8125 0.0631836 0.05
0 0.0439453 0.0379883 0.0878906 0.0515625
0 0.0314941 0.610156 0.0629883 0.05625
0 0.6125 0.214453 0.121875 0.130859
0 0.0438477 0.187891 0.0876953 0.0515625
0 0.114233 0.136914 0.0965332 0.0519531
0 0.114844 0.361719 0.0953125 0.0515625
0 0.6125 0.187939 0.123438 0.110059
0 0.372266 0.604688 0.06875 0.179688
0 0.360156 0.598437 0.100781 0.232813
0 0.16582 0.161816 0.0933594 0.0513672
0 0.0904053 0.211719 0.0953613 0.053125
0 0.370313 0.624219 0.0945313 0.207813
0 0.14043 0.286914 0.0953125 0.053125
0 0.0889648 0.137109 0.0972656 0.0519531
0 0.0644531 0.161621 0.0962891 0.0529297
0 0.0640625 0.110547 0.096875 0.0546875
0 0.0494019 0.0875977 0.0761963 0.0509766
0 0.112915 0.786719 0.0987793 0.0515625
0 0.595703 0.193408 0.102344 0.0788086
0 0.04375 0.0197266 0.0875 0.0394531
0 0.0315918 0.463281 0.0631836 0.053125
0 0.0901367 0.18667 0.0949219 0.0524414
0 0.0316406 0.4375 0.0632813 0.0546875
0 0.158301 0.555469 0.108789 0.06875
0 0.0316406 0.6375 0.0632813 0.053125
0 0.139453 0.162012 0.0960938 0.0513672
0 0.0894775 0.161328 0.0964355 0.053125
0 0.0442383 0.162402 0.0884766 0.0529297
0 0.113184 0.385254 0.0984375 0.0544922
0 0.3625 0.614844 0.103125 0.160938
0 0.107227 0.410938 0.214453 0.116406
0 0.577734 0.202734 0.0539063 0.0707031
0 0.0641602 0.137402 0.0970703 0.0519531
0 0.0890625 0.811719 0.0966797 0.0515625
0 0.0314453 0.412891 0.0628906 0.053125
0 0.110547 0.482812 0.105859 0.059375
0 0.358008 0.601172 0.0527344 0.211719
0 0.155078 0.579688 0.1125 0.065625
0 0.108594 0.460547 0.217188 0.114844
0 0.185547 0.160254 0.103125 0.0544922
0 0.031665 0.6625 0.0633301 0.053125
0 0.13584 0.360352 0.102539 0.0542969
0 0.107227 0.360156 0.214453 0.115625
0 0.0314453 0.212891 0.0628906 0.0539063
0 0.116211 0.236328 0.096875 0.053125
0 0.114453 0.161426 0.0962891 0.0525391
0 0.031543 0.237891 0.0630859 0.053125
0 0.166406 0.0104736 0.0921875 0.0209473
0 0.332813 0.533496 0.303125 0.486133
0 0.163281 0.311328 0.0996094 0.0523438
0 0.159375 0.334375 0.104688 0.05625
0 0.0315918 0.387891 0.0631836 0.053125
0 0.031543 0.6875 0.0630859 0.053125
0 0.141602 0.0129883 0.0925781 0.0259766
0 0.0316406 0.188721 0.0632813 0.0545898
0 0.616016 0.164648 0.130469 0.151953
0 0.0314697 0.312695 0.0629395 0.0527344
0 0.0314941 0.2625 0.0629883 0.053125
0 0.0316406 0.0382813 0.0632813 0.0524414
0 0.04375 0.109961 0.0875 0.0566406
0 0.386719 0.617969 0.0859375 0.135937
0 0.108008 0.309766 0.216016 0.114063
0 0.0319824 0.787695 0.0639648 0.0527344
0 0.10918 0.210498 0.218359 0.11416
0 0.0315918 0.287891 0.0631836 0.053125
0 0.451172 0.544434 0.338281 0.493945
0 0.354688 0.613281 0.0554687 0.160938
0 0.0315186 0.362305 0.0630371 0.0535156
0 0.582031 0.193164 0.0765625 0.096875
0 0.109082 0.509375 0.218164 0.113281
0 0.134766 0.65625 0.105078 0.0625
0 0.41875 0.666406 0.153125 0.203125
0 0.0325073 0.8125 0.0613525 0.0515625
0 0.438281 0.611328 0.196875 0.316406
0 0.416406 0.592969 0.141406 0.3
0 0.108789 0.260156 0.217578 0.114063
0 0.0314453 0.3375 0.0628906 0.0523438
0 0.378125 0.630469 0.0648438 0.117969
0 0.112109 0.408594 0.100586 0.0578125
0 0.385156 0.657813 0.110937 0.18125
0 0.13418 0.757031 0.107031 0.0609375
0 0.0316406 0.7375 0.0632813 0.053125
0 0.128027 0.35625 0.256055 0.109375
0 0.215186 0.0187988 0.0930664 0.0375977
0 0.0318848 0.7625 0.0637695 0.0546875
0 0.0439453 0.137695 0.0878906 0.0515625
0 0.106934 0.660937 0.213867 0.117188
0 0.132227 0.732813 0.1125 0.059375
0 0.0327637 0.0602539 0.0655273 0.0605469
0 0.106543 0.457422 0.113867 0.0609375
0 0.107227 0.610156 0.214453 0.116406
0 0.108203 0.558984 0.216406 0.114063
0 0.0602051 0.835938 0.0543945 0.053125
0 0.143652 0.523828 0.117773 0.0867188
0 0.108887 0.161914 0.217773 0.115234
0 0.191406 0.00742187 0.0914062 0.0148437
0 0.031543 0.020459 0.0630859 0.040918
0 0.0689941 0.834375 0.0866211 0.05625
0 0.382422 0.614844 0.110156 0.171875
0 0.108496 0.432031 0.107813 0.0609375
0 0.115039 0.186133 0.0949219 0.053125
0 0.11582 0.210742 0.0943359 0.0542969
0 0.658203 0.248047 0.04375 0.0980469
0 0.38125 0.574219 0.135156 0.271875
0 0.655859 0.242578 0.0375 0.1375
0 0.140332 0.261328 0.104883 0.0546875
0 0.127539 0.414062 0.255078 0.109375
0 0.0330078 0.16377 0.0660156 0.0552734
0 0.353125 0.599219 0.101562 0.159375
0 0.3625 0.598047 0.0960938 0.116406
0 0.019873 0.589453 0.0397461 0.05625
0 0.675 0.249609 0.0625 0.0871094
0 0.10957 0.810938 0.105078 0.053125
0 0.130273 0.305469 0.260547 0.103906
0 0.12832 0.605859 0.256641 0.108594
0 0.133691 0.785156 0.106055 0.0546875
0 0.021875 0.564063 0.04375 0.0609375
0 0.107324 0.710938 0.214648 0.114063
0 0.132129 0.706641 0.112305 0.0625
0 0.0210449 0.539062 0.0420898 0.0609375
0 0.131445 0.0541992 0.262891 0.105664
0 0.130078 0.10918 0.260156 0.109375
0 0.129883 0.164648 0.259766 0.0984375
0 0.43125 0.544531 0.116406 0.220313
0 0.0190674 0.0387207 0.0381348 0.0541016
0 0.667969 0.249609 0.046875 0.119531
0 0.133984 0.682813 0.107031 0.059375
0 0.0193604 0.608594 0.0387207 0.0671875
0 0.164844 0.548828 0.117188 0.0898438
0 0.391406 0.573438 0.201563 0.311719
0 0.383984 0.586719 0.110156 0.120313
0 0.0315918 0.0882813 0.0631836 0.0519531
0 0.108008 0.113867 0.216016 0.117188
0 0.441797 0.571875 0.142188 0.259375
0 0.168848 0.184424 0.0865234 0.0561523
0 0.0365723 0.836719 0.0520508 0.0515625
0 0.139453 0.185938 0.0960938 0.0535156
0 0.165625 0.284766 0.1 0.0570313
0 0.130566 0.224023 0.261133 0.0832031
0 0.386621 0.634766 0.0751953 0.0882813
0 0.130371 0.553906 0.260742 0.103125
0 0.12832 0.657813 0.256641 0.110937
0 0.131543 0.259375 0.263086 0.1
0 0.13252 0.38291 0.10918 0.0591797
0 0.0318604 0.10918 0.0637207 0.0617188
0 0.0196289 0.0212891 0.0392578 0.0425781
0 0.664844 0.277734 0.0421875 0.028125
0 0.0209961 0.514453 0.0419922 0.0578125
0 0.632031 0.218799 0.154688 0.144434
0 0.129688 0.466797 0.259375 0.0945313
0 0.107227 0.0612793 0.214453 0.11709
0 0.0328613 0.13877 0.0657227 0.0544922
0 0.0207031 0.487109 0.0414063 0.0617188
0 0.433496 0.55791 0.517383 0.479492
0 0.395703 0.678125 0.053125 0.225
0 0.386719 0.564844 0.117969 0.0953125
0 0.570703 0.206641 0.0453125 0.0554687
0 0.0441406 0.0132813 0.0882813 0.0265625
0 0.317578 0.621875 0.192969 0.192188
0 0.0202637 0.464844 0.0405273 0.0570313
0 0.0202637 0.0602539 0.0405273 0.0628906
0 0.360352 0.578125 0.103516 0.151562
0 0.157715 0.357617 0.107227 0.0597656
0 0.586328 0.205664 0.0765625 0.0710938
0 0.215186 0.006604 0.0922852 0.013208
0 0.0203613 0.439063 0.0407227 0.0578125
0 0.104492 0.758984 0.208984 0.110156
0 0.371875 0.627734 0.0625 0.117969
0 0.300977 0.61875 0.193359 0.13125
0 0.366406 0.633594 0.0609375 0.14375
0 0.257227 0.611328 0.263672 0.163281
0 0.652344 0.285156 0.0296875 0.0382813
0 0.332813 0.619922 0.126563 0.125781
0 0.365625 0.6375 0.0796875 0.120313
0 0.360938 0.624219 0.046875 0.121875
0 0.559766 0.217969 0.03125 0.0257812
0 0.36875 0.610547 0.0625 0.113281
0 0.188477 0.945312 0.376953 0.109375
0 0.657813 0.286328 0.04375 0.0347656
0 0.6625 0.287305 0.0515625 0.046875
0 0.561328 0.22168 0.025 0.0355469
0 0.345313 0.633984 0.113281 0.124219
0 0.691016 0.686328 0.01875 0.0265625
0 0.375391 0.647266 0.0632813 0.142969
0 0.65625 0.283203 0.040625 0.0476562
0 0.665625 0.304297 0.0421875 0.0859375
0 0.498828 0.426172 0.535156 0.153906
0 0.690625 0.686719 0.0203125 0.0359375
0 0.322461 0.405078 0.587891 0.11875
0 0.660547 0.287891 0.0578125 0.0632813
0 0.423828 0.473438 0.522656 0.189063
0 0.364063 0.596094 0.05625 0.0921875
0 0.762891 0.180859 0.474219 0.185938
0 0.735156 0.226562 0.45 0.178516
0 0.703906 0.229883 0.592188 0.166797
0 0.721094 0.178174 0.557813 0.16084
0 0.692969 0.688281 0.0226563 0.0460938
0 0.200391 0.640234 0.400781 0.207031
0 0.357031 0.600781 0.0414063 0.078125
0 0.193359 0.924219 0.386719 0.148438
0 0.3125 0.160156 0.517188 0.282031
0 0.488672 0.507812 0.494531 0.246875
0 0.103906 0.724219 0.207813 0.153125
0 0.555469 0.214453 0.0375 0.03125
0 0.105664 0.773047 0.211328 0.150781
0 0.352148 0.589844 0.0414063 0.0484375
0 0.669531 0.247656 0.660937 0.196875
0 0.371875 0.141016 0.498437 0.252344
0 0.430469 0.571875 0.536719 0.310937
0 0.678516 0.194141 0.642969 0.189453
0 0.100977 0.678125 0.201953 0.158594
0 0.179883 0.132227 0.359766 0.185547
0 0.565527 0.423047 0.392383 0.255469
0 0.692969 0.283203 0.614062 0.173438
0 0.689844 0.682813 0.028125 0.0328125
0 0.209766 0.152148 0.419531 0.247266
0 0.371875 0.0957031 0.532813 0.191406
0 0.234375 0.172461 0.46875 0.299219
0 0.09375 0.586719 0.1875 0.175
0 0.435937 0.130566 0.464844 0.227539
0 0.185254 0.627344 0.370508 0.154688
0 0.40791 0.356836 0.712305 0.114453
0 0.664844 0.299219 0.670313 0.2
0 0.0945313 0.633594 0.189063 0.16875
0 0.759375 0.132422 0.48125 0.171094
0 0.548438 0.475098 0.459375 0.26543
0 0.669238 0.392578 0.661523 0.188281
0 0.717188 0.282422 0.45625 0.183984
0 0.665234 0.345313 0.669531 0.192969
0 0.329297 0.446484 0.33125 0.224219
0 0.170996 0.572656 0.341992 0.146875
0 0.109766 0.820312 0.219531 0.148438
0 0.339063 0.513281 0.325 0.284375
0 0.12793 0.915625 0.255859 0.1375
0 0.344922 0.5875 0.028125 0.046875
0 0.0966797 0.526563 0.193359 0.15625
0 0.182617 0.191016 0.365234 0.241406
0 0.183789 0.714844 0.367578 0.129688
0 0.183984 0.660156 0.367969 0.121094
0 0.370313 0.616797 0.08125 0.0945313
0 0.175391 0.615625 0.350781 0.132031
0 0.676172 0.443359 0.647656 0.192969
0 0.542969 0.12832 0.464063 0.198828
0 0.698047 0.691406 0.603906 0.190625
0 0.169336 0.570312 0.338672 0.140625
0 0.485547 0.0742676 0.547656 0.148535
0 0.67998 0.637109 0.640039 0.180469
0 0.659766 0.294531 0.046875 0.0621094
0 0.122656 0.86875 0.245312 0.140625
0 0.671777 0.586719 0.656445 0.175781
0 0.106445 0.472656 0.212891 0.148438
0 0.201953 0.679688 0.403906 0.1625
0 0.274219 0.101172 0.528125 0.202344
0 0.167773 0.526563 0.335547 0.157813
0 0.69375 0.334961 0.604688 0.176172
0 0.723437 0.882812 0.553125 0.16875
0 0.179102 0.475 0.358203 0.157813
0 0.692969 0.695312 0.034375 0.059375
0 0.684473 0.139941 0.631055 0.181055
0 0.304102 0.365625 0.608203 0.133594
0 0.167187 0.519531 0.334375 0.140625
0 0.675391 0.489844 0.649219 0.182812
0 0.716797 0.740234 0.566406 0.189844
0 0.551953 0.389844 0.524219 0.18125
0 0.134766 0.122754 0.269531 0.15293
0 0.67373 0.529688 0.652539 0.1625
0 0.705078 0.922656 0.589844 0.154688
0 0.239844 0.925 0.479688 0.15
0 0.406641 0.161328 0.454688 0.186328
0 0.202734 0.0674805 0.405469 0.134961
0 0.288672 0.4 0.41875 0.207813
0 0.625391 0.123438 0.488281 0.183594
0 0.187891 0.433984 0.375781 0.169531
0 0.565625 0.224219 0.040625 0.0546875
0 0.123438 0.187695 0.246875 0.182031
0 0.594141 0.0632324 0.560156 0.126465
0 0.720313 0.774609 0.559375 0.163281
0 0.721094 0.385156 0.526563 0.179688
0 0.694336 0.0761719 0.611328 0.152344
0 0.419434 0.637109 0.150195 0.121094
0 0.689453 0.689063 0.034375 0.0453125
0 0.448438 0.180518 0.496094 0.210059
0 0.351562 0.569531 0.420312 0.292188
0 0.7125 0.827344 0.575 0.159375
0 0.203125 0.738281 0.40625 0.178125
0 0.385938 0.713281 0.0421875 0.053125
0 0.118555 0.419531 0.237109 0.142188
0 0.371094 0.654297 0.04375 0.05625
0 0.15625 0.194092 0.3125 0.20166
0 0.376563 0.0693359 0.583594 0.138672
0 0.200781 0.794531 0.401563 0.190625
0 0.690625 0.17168 0.434375 0.228125
0 0.201758 0.692578 0.403516 0.300781
0 0.696484 0.948438 0.607031 0.103125
0 0.483203 0.063623 0.592969 0.127246
0 0.630469 0.370313 0.482812 0.240625
0 0.371289 0.608984 0.0667969 0.06875
0 0.308398 0.251611 0.611328 0.220215
0 0.376563 0.666406 0.0351562 0.0460938
0 0.201172 0.9 0.402344 0.2
0 0.677344 0.306445 0.0546875 0.08125
0 0.351367 0.592578 0.0535156 0.0539063
0 0.36875 0.315234 0.7375 0.130469
0 0.202148 0.607813 0.404297 0.307813
0 0.2 0.556641 0.4 0.265625
0 0.342773 0.583203 0.0347656 0.046875
0 0.641016 0.414844 0.472656 0.258594
0 0.528516 0.170996 0.436719 0.193164
0 0.279297 0.0689941 0.558594 0.137988
0 0.386719 0.748438 0.0359375 0.0265625
0 0.298828 0.328125 0.597656 0.157813
0 0.746875 0.422754 0.459375 0.162305
0 0.591406 0.171289 0.448438 0.212891
0 0.174023 0.256689 0.348047 0.232715
0 0.202734 0.850781 0.405469 0.201563
0 0.37666 0.671875 0.0466797 0.0890625
0 0.566406 0.219922 0.0320312 0.0382813
0 0.120117 0.240967 0.240234 0.184473
0 0.370703 0.665625 0.040625 0.0414063
0 0.0668457 0.942187 0.133691 0.115625
0 0.149805 0.0550781 0.299609 0.110156
0 0.220703 0.951953 0.441406 0.0960938
0 0.343359 0.589844 0.0296875 0.0609375
0 0.221094 0.742969 0.442188 0.204688
0 0.659375 0.315625 0.0515625 0.05
0 0.682813 0.0749023 0.55 0.149805
0 0.392188 0.696875 0.015625 0.0296875
0 0.499609 0.52666 0.449219 0.32793
0 0.2125 0.457422 0.425 0.217188
0 0.673438 0.301953 0.0335938 0.0734375
0 0.207031 0.487109 0.414062 0.191406
0 0.381934 0.675 0.0408203 0.0515625
0 0.205469 0.219336 0.410938 0.276563
0 0.664844 0.292969 0.08125 0.0652344
0 0.634375 0.0587891 0.59375 0.117578
0 0.710938 0.682813 0.578125 0.16875
0 0.636719 0.30625 0.478125 0.227344
0 0.208203 0.0641602 0.416406 0.12832
0 0.316016 0.636719 0.179688 0.15625
0 0.483496 0.323047 0.658008 0.146094
0 0.38125 0.729688 0.563281 0.359375
0 0.264062 0.949219 0.528125 0.101562
0 0.651563 0.276563 0.0390625 0.071875
0 0.707617 0.628125 0.584766 0.159375
0 0.254297 0.345703 0.49375 0.197656
0 0.747656 0.503906 0.470313 0.117188
0 0.747656 0.462891 0.457813 0.130469
0 0.696094 0.686719 0.0210938 0.0507812
0 0.372266 0.646094 0.046875 0.0789063
0 0.279687 0.199609 0.449219 0.257422
0 0.544141 0.299805 0.497656 0.201172
0 0.193359 0.383203 0.386719 0.167969
0 0.128906 0.362305 0.257812 0.128516
0 0.667969 0.315234 0.0484375 0.102344
0 0.76875 0.672656 0.454688 0.152344
0 0.167578 0.951563 0.335156 0.096875
0 0.712695 0.786133 0.574609 0.177734
0 0.685938 0.685156 0.0359375 0.0453125
0 0.74375 0.559375 0.50625 0.123438
0 0.384766 0.753906 0.0273438 0.021875
0 0.367969 0.569141 0.075 0.110156
0 0.708203 0.837305 0.583594 0.175391
0 0.732813 0.054248 0.534375 0.108496
0 0.696875 0.688281 0.0203125 0.0234375
0 0.753906 0.6125 0.485938 0.134375
0 0.150195 0.951563 0.300391 0.096875
0 0.667188 0.329688 0.0203125 0.0234375
0 0.712695 0.433594 0.574609 0.170313
0 0.695312 0.6875 0.0226563 0.03125
0 0.153711 0.250781 0.307422 0.208984
0 0.395313 0.701563 0.0164063 0.021875
0 0.344531 0.203467 0.442969 0.225879
0 0.0364258 0.741797 0.0728516 0.114844
0 0.207227 0.810156 0.414453 0.223438
0 0.121094 0.284375 0.242188 0.16875
0 0.316406 0.605469 0.171094 0.115625
0 0.773438 0.725781 0.440625 0.160938
0 0.387402 0.703125 0.0345703 0.0484375
0 0.0628418 0.156055 0.125684 0.131641
0 0.642188 0.228955 0.457813 0.22334
0 0.416504 0.688281 0.145117 0.21875
0 0.552344 0.251172 0.479688 0.210156
0 0.03396 0.692969 0.0679199 0.1125
0 0.0775391 0.102344 0.155078 0.129688
0 0.0478516 0.446484 0.0957031 0.110156
0 0.0470703 0.494531 0.0941406 0.107813
0 0.395313 0.701563 0.0203125 0.04375
0 0.14082 0.0484375 0.281641 0.096875
0 0.468652 0.28125 0.631445 0.1625
0 0.127051 0.310352 0.254102 0.122266
0 0.219336 0.403125 0.438672 0.207813
0 0.0566406 0.892188 0.113281 0.1125
0 0.359766 0.583594 0.0609375 0.101562
0 0.571094 0.225391 0.059375 0.0609375
0 0.0438965 0.546094 0.087793 0.10625
0 0.375879 0.573828 0.543555 0.252344
0 0.0423828 0.788867 0.0847656 0.112891
0 0.658984 0.303516 0.0625 0.0828125
0 0.488281 0.816406 0.4125 0.271875
0 0.382812 0.692969 0.0429688 0.034375
0 0.359766 0.289062 0.719531 0.178125
0 0.0348633 0.64375 0.0697266 0.10625
0 0.201563 0.311133 0.403125 0.241016
0 0.0605469 0.197656 0.121094 0.109766
0 0.604688 0.452441 0.492188 0.260742
0 0.0531738 0.842188 0.106348 0.10625
0 0.258789 0.301953 0.517578 0.208594
0 0.0381836 0.594531 0.0763672 0.104688
0 0.421094 0.691406 0.546094 0.45625
0 0.514453 0.895312 0.564844 0.209375
0 0.373437 0.673828 0.0492188 0.0507812
0 0.290625 0.560547 0.458594 0.241406
0 0.557031 0.213281 0.0484375 0.0351562
0 0.800586 0.951953 0.398828 0.0960938
0 0.652344 0.289258 0.0453125 0.0484375
0 0.597266 0.89375 0.760156 0.203125
0 0.353125 0.634375 0.0773438 0.15
0 0.0496094 0.393066 0.0992187 0.10918
0 0.20625 0.286523 0.4125 0.234766
0 0.285156 0.925 0.570312 0.15
0 0.342578 0.5625 0.0523438 0.1375
0 0.657031 0.280859 0.075 0.0585938
0 0.764063 0.0669434 0.471875 0.133887
0 0.796484 0.960547 0.407031 0.0789063
0 0.330078 0.555859 0.122656 0.155469
0 0.245508 0.422266 0.491016 0.248438
0 0.345313 0.55625 0.107813 0.0953125
0 0.683984 0.695703 0.0421875 0.0609375
0 0.104102 0.0437988 0.208203 0.0875977
0 0.508594 0.733203 0.35625 0.322656
0 0.187891 0.345703 0.375781 0.192188
0 0.0958984 0.0343506 0.191797 0.0687012
0 0.215625 0.365234 0.43125 0.233594
0 0.273047 0.954688 0.546094 0.090625
0 0.245898 0.58125 0.294141 0.175
0 0.0568359 0.245703 0.113672 0.0988281
0 0.474902 0.856055 0.476758 0.259766
0 0.6375 0.847656 0.54375 0.204688
0 0.220703 0.582422 0.428125 0.291406
0 0.248633 0.376563 0.497266 0.266406
0 0.225586 0.546191 0.451172 0.348242
0 0.158984 0.295703 0.317969 0.192188
0 0.637891 0.789844 0.535156 0.195312
0 0.557031 0.228711 0.046875 0.0683594
0 0.219727 0.480469 0.439453 0.275
0 0.692187 0.683594 0.0359375 0.0484375
0 0.053125 0.339063 0.10625 0.104688
0 0.226611 0.645312 0.321777 0.185938
0 0.552344 0.783594 0.776563 0.189063
0 0.264844 0.900781 0.529688 0.198437
0 0.0910156 0.953906 0.182031 0.0921875
0 0.176758 0.809375 0.353516 0.26875
0 0.05625 0.291016 0.1125 0.096875
0 0.170898 0.322266 0.341797 0.144531
0 0.337891 0.634375 0.0828125 0.145313
0 0.534277 0.749219 0.77832 0.201563
0 0.338672 0.582422 0.0492188 0.0515625
0 0.624219 0.49375 0.628125 0.226562
0 0.557715 0.840625 0.776758 0.2
0 0.340625 0.594141 0.053125 0.0554687
0 0.64375 0.294141 0.0632813 0.0640625
0 0.677344 0.314844 0.0734375 0.1
0 0.481348 0.658594 0.420117 0.310937
0 0.34375 0.557813 0.0496094 0.09375
0 0.519141 0.914062 0.717969 0.171875
0 0.359766 0.652344 0.0523438 0.0578125
0 0.65 0.252344 0.040625 0.0894531
0 0.562891 0.222266 0.0367188 0.0414063
0 0.374805 0.63125 0.0605469 0.120313
0 0.562109 0.227734 0.0289063 0.04375
0 0.6625 0.304688 0.0578125 0.0890625
0 0.567187 0.21875 0.034375 0.04375
0 0.374219 0.654297 0.0585938 0.0710938
0 0.087207 0.174023 0.0345703 0.0378906
0 0.6625 0.2875 0.0484375 0.0484375
0 0.55625 0.226172 0.04375 0.059375
0 0.569141 0.206641 0.0484375 0.0773438
0 0.667969 0.305664 0.0515625 0.0746094
0 0.65625 0.284961 0.0484375 0.0421875
0 0.0853516 0.175977 0.0244141 0.0386719
0 0.69375 0.686719 0.025 0.0375
0 0.566406 0.225977 0.0390625 0.0621094
0 0.561719 0.228516 0.0414063 0.0484375
0 0.389453 0.733203 0.0359375 0.0820312
0 0.390625 0.750781 0.028125 0.034375
0 0.585938 0.186768 0.015625 0.0334961
0 0.372266 0.657813 0.0523438 0.0546875
0 0.475781 0.463281 0.0359375 0.0359375
0 0.670313 0.330469 0.025 0.0292969
0 0.0784912 0.460938 0.0277832 0.0351562
0 0.0859131 0.176172 0.0262207 0.0566406
0 0.669141 0.290625 0.05625 0.0578125
0 0.649609 0.286328 0.0242188 0.0414063
0 0.69375 0.686719 0.0328125 0.0484375
0 0.69375 0.687891 0.0234375 0.0554687
0 0.376563 0.607031 0.0703125 0.0875
0 0.8625 0.8 0.034375 0.034375
0 0.0757812 0.454688 0.0330078 0.0578125
0 0.663281 0.281836 0.04375 0.101172
0 0.585938 0.184961 0.03125 0.0359375
0 0.191406 0.27168 0.01875 0.0359375
0 0.561328 0.240039 0.0460938 0.0753906
0 0.191406 0.267383 0.0234375 0.0355469
0 0.472656 0.462891 0.025 0.0359375
0 0.0912109 0.171387 0.0332031 0.0443359
0 0.381934 0.599609 0.0611328 0.0648438
0 0.0810303 0.465625 0.0234863 0.0296875
0 0.391016 0.6 0.05 0.071875
0 0.0785156 0.446875 0.0302734 0.0609375
0 0.5125 0.769531 0.015625 0.0265625
0 0.387109 0.754297 0.025 0.0367188
0 0.090332 0.179883 0.0400391 0.0609375
0 0.575 0.183398 0.0484375 0.0410156
0 0.0755859 0.453125 0.0238281 0.0578125
0 0.479688 0.464844 0.040625 0.0484375
0 0.389062 0.726562 0.0265625 0.0953125
0 0.654688 0.284375 0.034375 0.0476562
0 0.860156 0.803125 0.0234375 0.03125
0 0.562109 0.216406 0.0476562 0.04375
0 0.187695 0.270898 0.0265625 0.0417969
0 0.072998 0.447656 0.027832 0.0523438
0 0.390625 0.756641 0.025 0.0445313
0 0.865625 0.798242 0.040625 0.0503906
0 0.696875 0.672656 0.028125 0.015625
0 0.566406 0.239453 0.0515625 0.0886719
0 0.691406 0.697656 0.0265625 0.0609375
0 0.656641 0.275391 0.0453125 0.0585938
0 0.188477 0.266602 0.0375 0.0371094
0 0.6625 0.330859 0.0554687 0.03125
0 0.588281 0.179688 0.0328125 0.0359375
0 0.689844 0.697656 0.0421875 0.0625
0 0.0703125 0.439453 0.0246094 0.0359375
0 0.510156 0.772656 0.021875 0.034375
0 0.512891 0.775 0.015625 0.034375
0 0.376953 0.674219 0.0507812 0.090625
0 0.371875 0.667188 0.0507812 0.0507812
0 0.316992 0.380859 0.0132813 0.0414063
0 0.183008 0.275586 0.028125 0.0601563
0 0.513672 0.759375 0.0195312 0.0171875
0 0.562109 0.263672 0.0484375 0.120313
0 0.591797 0.19043 0.0335938 0.0582031
0 0.0816162 0.467578 0.0227051 0.04375
0 0.39375 0.747266 0.0265625 0.0234375
0 0.569141 0.253516 0.0585938 0.104688
0 0.0869141 0.447266 0.0160156 0.0414063
0 0.37666 0.744531 0.0623047 0.06875
0 0.86875 0.796094 0.028125 0.03125
0 0.362695 0.608594 0.0511719 0.090625
0 0.315234 0.379785 0.0132813 0.0341797
0 0.0900635 0.166992 0.0397949 0.0597656
0 0.186719 0.274219 0.0179687 0.0582031
0 0.084375 0.184033 0.0375 0.0639648
0 0.304297 0.375684 0.0339844 0.0345703
0 0.315625 0.405469 0.021875 0.0195312
0 0.629687 0.607813 0.01875 0.0296875
0 0.571875 0.214258 0.053125 0.106641
0 0.476562 0.469141 0.028125 0.046875
0 0.312891 0.375879 0.0179687 0.0357422
0 0.670313 0.33418 0.021875 0.0417969
0 0.0849609 0.459766 0.01875 0.0210938
0 0.697656 0.657422 0.0289063 0.0117188
0 0.306641 0.378809 0.0273438 0.0361328
0 0.394531 0.699219 0.0203125 0.05
0 0.482812 0.453906 0.05 0.0609375
0 0.31543 0.41875 0.0203125 0.0242188
0 0.308984 0.38125 0.0292969 0.0453125
0 0.633594 0.614453 0.0171875 0.03125
0 0.867969 0.789844 0.04375 0.0546875
0 0.65625 0.273242 0.0359375 0.0703125
0 0.664453 0.225391 0.0265625 0.0546875
0 0.379297 0.711719 0.0421875 0.0796875
0 0.860938 0.80625 0.025 0.046875
0 0.00927734 0.985156 0.0185547 0.0296875
0 0.479688 0.435156 0.0265625 0.0164063
0 0.655469 0.229687 0.040625 0.0515625
0 0.197656 0.258008 0.0203125 0.0128906
0 0.665625 0.289062 0.0859375 0.059375
0 0.513672 0.765625 0.0335938 0.0328125
0 0.181055 0.283984 0.0242188 0.0640625
0 0.312695 0.387891 0.04375 0.0585938
0 0.386719 0.630859 0.0757812 0.117969
0 0.565625 0.187109 0.0359375 0.04375
0 0.192578 0.247656 0.0304688 0.0210938
0 0.00893555 0.989844 0.0178711 0.0203125
0 0.196094 0.268359 0.0210938 0.0257812
0 0.363086 0.625781 0.0847656 0.11875
0 0.314063 0.41875 0.0328125 0.0265625
0 0.0892578 0.435937 0.0152344 0.03125
0 0.514063 0.358984 0.0203125 0.0273438
0 0.0736328 0.172266 0.0691406 0.0523438
0 0.378516 0.71875 0.0585938 0.104688
0 0.607813 0.418359 0.0203125 0.0265625
0 0.683594 0.704688 0.0296875 0.0703125
0 0.673438 0.332813 0.0296875 0.0429688
0 0.394531 0.753906 0.025 0.0296875
0 0.514844 0.345898 0.028125 0.0148437
0 0.0191406 0.139063 0.0244141 0.0324219
0 0.588672 0.192383 0.0460938 0.0671875
0 0.382031 0.725391 0.0421875 0.06875
0 0.605859 0.412109 0.0242188 0.0226563
0 0.392578 0.589844 0.0546875 0.0984375
0 0.0900147 0.170801 0.0578613 0.0693359
0 0.480469 0.474609 0.0453125 0.0601563
0 0.35625 0.600781 0.0421875 0.0796875
0 0.689063 0.704688 0.0171875 0.0703125
0 0.018457 0.136523 0.0249023 0.059375
0 0.0246094 0.14082 0.0147461 0.0261719
0 0.705469 0.652734 0.0203125 0.0203125
0 0.397656 0.0602051 0.025 0.0344727
0 0.385059 0.746875 0.0501953 0.04375
0 0.305859 0.364844 0.0359375 0.0265625
0 0.0738281 0.422656 0.0322266 0.01875
0 0.8625 0.776367 0.03125 0.0285156
0 0.0104858 0.984375 0.0209717 0.025
0 0.515625 0.366016 0.0171875 0.028125
0 0.517188 0.332227 0.0265625 0.0140625
0 0.0189209 0.132227 0.0249512 0.0175781
0 0.607813 0.407813 0.0234375 0.01875
0 0.657031 0.229102 0.0390625 0.0714844
0 0.565625 0.181836 0.078125 0.0464844
0 0.0975586 0.176367 0.0462891 0.0589844
0 0.0251099 0.143066 0.0136475 0.0435547
0 0.0692871 0.421875 0.0270508 0.0140625
0 0.525391 0.767969 0.0125 0.021875
0 0.556641 0.219141 0.0617188 0.0398437
0 0.314063 0.424219 0.0226563 0.0359375
0 0.671094 0.219141 0.0109375 0.0386719
0 0.58125 0.208789 0.0625 0.103125
0 0.603906 0.389062 0.025 0.021875
0 0.370703 0.592969 0.0796875 0.0890625
0 0.0146973 0.973437 0.0293945 0.021875
0 0.631641 0.0541992 0.0226563 0.0273438
0 0.0767334 0.473438 0.0316895 0.05625
0 0.558984 0.26875 0.0414063 0.0515625
0 0.667188 0.216797 0.0109375 0.0257812
0 0.479688 0.417969 0.0234375 0.0195312
0 0.660547 0.27832 0.0765625 0.0730469
0 0.0224854 0.132715 0.019873 0.0154297
0 0.5625 0.260938 0.0421875 0.0664062
0 0.628125 0.240039 0.0984375 0.145703
0 0.398438 0.0545898 0.0257812 0.0378906
0 0.597656 0.191211 0.053125 0.0597656
0 0.507422 0.775 0.0234375 0.05625
0 0.669141 0.277734 0.0757812 0.0539063
0 0.0102295 0.975 0.020459 0.025
0 0.633594 0.0456055 0.021875 0.0271484
0 0.398438 0.0602539 0.0171875 0.0400391
0 0.133789 0.194727 0.0166016 0.0207031
0 0.4875 0.43125 0.021875 0.015625
0 0.308984 0.367188 0.0347656 0.034375
0 0.596875 0.181445 0.0421875 0.0765625
0 0.198437 0.271094 0.0167969 0.0398437
0 0.664062 0.184717 0.0140625 0.0313477
0 0.386719 0.761719 0.034375 0.059375
0 0.630469 0.595313 0.0203125 0.01875
0 0.63125 0.0491211 0.0242188 0.0333984
0 0.664062 0.207813 0.034375 0.053125
0 0.188672 0.244727 0.0359375 0.015625
0 0.186279 0.276758 0.0391602 0.0613281
0 0.8625 0.811719 0.040625 0.059375
0 0.85 0.328711 0.015625 0.021875
0 0.386719 0.752344 0.0445313 0.04375
0 0.527344 0.341992 0.021875 0.0164063
0 0.552734 0.381152 0.0164063 0.0251953
0 0.8625 0.757422 0.05 0.0164063
0 0.511719 0.773438 0.0171875 0.0578125
0 0.591016 0.171875 0.0398437 0.0429688
0 0.628906 0.60625 0.0320312 0.0351562
0 0.108203 0.169727 0.0246094 0.0535156
0 0.378125 0.655469 0.0609375 0.107031
0 0.517188 0.742969 0.0203125 0.0148437
0 0.36875 0.653906 0.0695313 0.05625
0 0.307031 0.723828 0.253906 0.349219
0 0.366797 0.647656 0.0617188 0.075
0 0.687109 0.683984 0.0476562 0.0453125
0 0.635156 0.607031 0.01875 0.021875
0 0.473828 0.431641 0.0289063 0.0148437
0 0.133203 0.178516 0.00976562 0.0234375
0 0.515625 0.31875 0.0234375 0.0195312
0 0.0766602 0.471875 0.0447266 0.0625
0 0.696094 0.696875 0.0234375 0.0609375
0 0.614062 0.390234 0.021875 0.01875
0 0.521875 0.357031 0.0203125 0.0195312
0 0.682031 0.704688 0.0421875 0.071875
0 0.583594 0.224268 0.08125 0.125684
0 0.0844727 0.464063 0.0195312 0.0515625
0 0.376465 0.696094 0.0501953 0.0460938
0 0.599219 0.378027 0.01875 0.0267578
0 0.308203 0.345313 0.0265625 0.0171875
0 0.486328 0.463281 0.0429688 0.0570313
0 0.69375 0.658594 0.0328125 0.01875
0 0.468359 0.464844 0.034375 0.0421875
0 0.609375 0.422266 0.0171875 0.0390625
0 0.520312 0.75625 0.025 0.0140625
0 0.664062 0.208203 0.0140625 0.0195312
0 0.379688 0.679688 0.05625 0.059375
0 0.610156 0.23457 0.115625 0.150391
0 0.00906982 0.988281 0.0181396 0.0234375
0 0.653906 0.283984 0.0640625 0.0472656
0 0.663281 0.180518 0.0140625 0.0209961
0 0.325781 0.404687 0.0117188 0.01875
0 0.396094 0.754687 0.0234375 0.046875
0 0.630859 0.614844 0.01875 0.05
0 0.477344 0.357422 0.0265625 0.110156
0 0.299609 0.372461 0.0351562 0.0308594
0 0.48125 0.444922 0.0578125 0.0671875
0 0.0851807 0.134863 0.0507324 0.0222656
0 0.0772461 0.175586 0.0449219 0.0476562
0 0.0546875 0.990625 0.0172852 0.01875
0 0.577734 0.23457 0.0648438 0.109375
0 0.32793 0.37666 0.0078125 0.0498047
0 0.849219 0.341406 0.015625 0.0273438
0 0.324609 0.417969 0.0132813 0.021875
0 0.0755615 0.445312 0.0422363 0.0609375
0 0.306445 0.38125 0.0417969 0.046875
0 0.514063 0.208984 0.1875 0.021875
0 0.535156 0.316992 0.0242188 0.0464844
0 0.705078 0.626563 0.0101563 0.0484375
0 0.0613281 0.405469 0.0191406 0.0195312
0 0.515234 0.356641 0.0304688 0.0257812
0 0.717969 0.675 0.00390625 0.03125
0 0.876563 0.770312 0.04375 0.071875
0 0.680469 0.727344 0.025 0.0492188
0 0.590625 0.16377 0.040625 0.0310547
0 0.310352 0.426563 0.0277344 0.05625
0 0.511719 0.743359 0.028125 0.0148437
0 0.655859 0.292188 0.0578125 0.0585938
0 0.554688 0.38916 0.0171875 0.0326172
0 0.396094 0.602344 0.05 0.0859375
0 0.676562 0.675781 0.0671875 0.0375
0 0.32793 0.377441 0.00820313 0.0279297
0 0.550781 0.233984 0.0453125 0.0671875
0 0.0166992 0.979688 0.0333984 0.0296875
0 0.645312 0.281641 0.0609375 0.0519531
0 0.0874756 0.169531 0.073877 0.0367188
0 0.851562 0.318359 0.015625 0.01875
0 0.598437 0.368945 0.01875 0.0214844
0 0.354883 0.588281 0.0402344 0.0734375
0 0.666016 0.277539 0.108594 0.0328125
0 0.6375 0.404297 0.0140625 0.025
0 0.0697266 0.440625 0.0351562 0.0429688
0 0.013916 0.139258 0.0249023 0.0570313
0 0.0709961 0.156641 0.141992 0.0164063
0 0.525781 0.775 0.0117188 0.03125
0 0.653906 0.179102 0.0109375 0.0269531
0 0.562109 0.198633 0.0492188 0.0746094
0 0.66875 0.337305 0.0265625 0.0570313
0 0.190576 0.241406 0.0524414 0.0164063
0 0.661328 0.282617 0.116406 0.0449219
0 0.515625 0.363672 0.0265625 0.0335938
0 0.293799 0.623828 0.292871 0.314844
0 0.519531 0.169141 0.160156 0.015625
0 0.63125 0.610547 0.0304688 0.040625
0 0.513281 0.291992 0.0257812 0.0472656
0 0.323438 0.769531 0.224219 0.460938
0 0.285938 0.332813 0.065625 0.0195312
0 0.488281 0.48125 0.0390625 0.0664062
0 0.0773438 0.508203 0.0173828 0.0171875
0 0.0177734 0.14707 0.0355469 0.0617188
0 0.592578 0.14668 0.0390625 0.0277344
0 0.667188 0.269922 0.11875 0.0195312
0 0.702344 0.627344 0.0117188 0.025
0 0.684375 0.306641 0.0414063 0.0859375
0 0.561719 0.293945 0.0226563 0.0230469
0 0.134473 0.200586 0.0175781 0.0316406
0 0.184814 0.283203 0.0209961 0.0632813
0 0.471094 0.420312 0.025 0.0171875
0 0.363086 0.630859 0.170703 0.738281
0 0.386328 0.475879 0.169531 0.66543
0 0.418359 0.628125 0.332813 0.74375
0 0.458203 0.473438 0.285156 0.68125
0 0.494141 0.366797 0.366406 0.733594
0 0.358008 0.366016 0.330859 0.732031
0 0.341797 0.63623 0.246094 0.727539
0 0.512598 0.462402 0.366992 0.676758
0 0.289404 0.642969 0.291504 0.7125
0 0.513281 0.598828 0.384375 0.717969
0 0.227295 0.63916 0.397754 0.718555
0 0.297852 0.509375 0.298828 0.621875
0 0.667969 0.306641 0.0523438 0.075
0 0.643359 0.213086 0.232031 0.426172
0 0.244922 0.369922 0.446094 0.739844
0 0.683594 0.205859 0.2875 0.411719
0 0.666797 0.292773 0.0476562 0.053125
0 0.608594 0.216602 0.19375 0.433203
0 0.717188 0.190234 0.3625 0.380469
0 0.223047 0.511719 0.433594 0.635938
0 0.544531 0.217383 0.280469 0.434766
0 0.621094 0.24917 0.146875 0.187598
0 0.155664 0.611816 0.311328 0.776367
0 0.569531 0.203711 0.0515625 0.0757812
0 0.0881104 0.175195 0.029248 0.0417969
0 0.571094 0.213721 0.0429688 0.0889648
0 0.857813 0.792188 0.025 0.0515625
0 0.0835937 0.176563 0.0255859 0.0433594
0 0.303955 0.352734 0.370996 0.705469
0 0.694531 0.689063 0.021875 0.0421875
0 0.379004 0.651172 0.0623047 0.150781
0 0.374219 0.631641 0.0679687 0.125781
0 0.18125 0.530371 0.3625 0.764258
0 0.570312 0.229687 0.040625 0.133594
0 0.567187 0.206592 0.0375 0.0727539
0 0.10061 0.633203 0.181201 0.733594
0 0.109277 0.616309 0.218555 0.767383
0 0.8625 0.791406 0.03125 0.04375
0 0.571094 0.207617 0.0546875 0.104297
0 0.0893555 0.360352 0.178711 0.720703
0 0.846875 0.336328 0.03125 0.0609375
0 0.660156 0.309961 0.0523438 0.0898438
0 0.090918 0.454297 0.181836 0.522656
0 0.55625 0.335547 0.28125 0.671094
0 0.546484 0.560156 0.449219 0.879687
0 0.380078 0.620703 0.0648438 0.155469
0 0.670313 0.314063 0.0625 0.0890625
0 0.582031 0.201123 0.028125 0.0696289
0 0.38125 0.589844 0.0695313 0.225
0 0.488281 0.261328 0.30625 0.522656
0 0.112695 0.439844 0.225391 0.553906
0 0.559375 0.21875 0.121875 0.4375
0 0.112695 0.528223 0.225391 0.768555
0 0.0587891 0.653906 0.117578 0.692187
0 0.69375 0.685938 0.028125 0.0546875
0 0.381641 0.554297 0.0726563 0.308594
0 0.175732 0.361719 0.315723 0.723437
0 0.187012 0.390234 0.374023 0.683594
0 0.614844 0.291406 0.159375 0.270313
0 0.689063 0.691406 0.0328125 0.0578125
0 0.380469 0.6625 0.065625 0.226562
0 0.423828 0.328906 0.270313 0.657813
0 0.669922 0.296094 0.0609375 0.071875
0 0.660547 0.287891 0.0476562 0.046875
0 0.0945313 0.176563 0.0292969 0.0539063
0 0.851562 0.333594 0.028125 0.0554687
0 0.0881836 0.176563 0.0324219 0.0542969
0 0.698828 0.688672 0.03125 0.0570313
0 0.132031 0.359375 0.264062 0.71875
0 0.842969 0.374902 0.040625 0.139258
0 0.571094 0.168652 0.05625 0.148633
0 0.857031 0.792383 0.0375 0.0589844
0 0.581641 0.207617 0.142969 0.415234
0 0.0627441 0.483594 0.117676 0.482031
0 0.685938 0.7 0.0375 0.06875
0 0.39375 0.0589844 0.0234375 0.0492188
0 0.676953 0.310547 0.114844 0.0882813
0 0.84375 0.341797 0.046875 0.0726563
0 0.558984 0.217969 0.040625 0.0796875
0 0.579297 0.201758 0.0703125 0.122266
0 0.0612305 0.389844 0.122461 0.728906
0 0.624316 0.544531 0.707617 0.907813
0 0.69375 0.674609 0.0296875 0.0554687
0 0.06875 0.433594 0.0224609 0.0367188
0 0.666797 0.320703 0.0398437 0.0671875
0 0.873438 0.790625 0.028125 0.053125
0 0.863281 0.789062 0.0375 0.0609375
0 0.867188 0.791406 0.034375 0.0484375
0 0.651172 0.300391 0.0828125 0.264062
0 0.932813 0.167187 0.046875 0.090625
0 0.0813477 0.184766 0.0410156 0.0644531
0 0.85625 0.786719 0.03125 0.0546875
0 0.672656 0.292188 0.110937 0.0421875
0 0.665625 0.283008 0.0453125 0.0820312
0 0.391504 0.649219 0.0888672 0.185938
0 0.867188 0.725781 0.021875 0.0578125
0 0.575781 0.188086 0.0578125 0.184375
0 0.564063 0.230273 0.0601563 0.152734
0 0.642188 0.194922 0.396875 0.389844
0 0.392188 0.746484 0.028125 0.0601563
0 0.928125 0.176221 0.046875 0.0772461
0 0.876563 0.655469 0.0234375 0.0398437
0 0.10498 0.34043 0.209961 0.680859
0 0.675 0.564063 0.435937 0.871875
0 0.858594 0.781445 0.0296875 0.0808594
0 0.701563 0.667969 0.0328125 0.0421875
0 0.0708008 0.746484 0.141602 0.507031
0 0.390234 0.75 0.0257812 0.0414063
0 0.660937 0.300586 0.0734375 0.112891
0 0.672656 0.296289 0.075 0.0597656
0 0.860938 0.765625 0.03125 0.146875
0 0.0819336 0.174219 0.0351562 0.05
0 0.557813 0.217969 0.0484375 0.130469
0 0.679297 0.311719 0.0742188 0.109375
0 0.920313 0.184766 0.034375 0.0625
0 0.377734 0.611328 0.0695313 0.0890625
0 0.864062 0.778906 0.0375 0.0609375
0 0.387598 0.727344 0.0388672 0.0859375
0 0.689844 0.684375 0.0375 0.0609375
0 0.383203 0.600391 0.0804688 0.0929688
0 0.851562 0.401953 0.0375 0.19375
0 0.647656 0.313281 0.08125 0.0945313
0 0.376465 0.639844 0.0548828 0.105469
0 0.401563 0.664062 0.111719 0.226562
0 0.65625 0.269922 0.0453125 0.134375
0 0.699609 0.645312 0.0273438 0.06875
0 0.380859 0.709375 0.0546875 0.107813
0 0.0708008 0.318359 0.141602 0.570312
0 0.69375 0.651563 0.03125 0.1125
0 0.385938 0.50625 0.0789063 0.409375
0 0.0915039 0.166797 0.0353516 0.0640625
0 0.0678711 0.431641 0.0232422 0.0523438
0 0.91875 0.187695 0.028125 0.0507812
0 0.389453 0.549219 0.104688 0.3375
0 0.867188 0.736719 0.01875 0.08125
0 0.94375 0.139258 0.025 0.0578125
0 0.667188 0.282227 0.0625 0.0878906
0 0.117285 0.177344 0.0285156 0.05625
0 0.582031 0.196094 0.0359375 0.0640625
0 0.839063 0.361719 0.053125 0.114844
0 0.924219 0.185156 0.034375 0.053125
0 0.879687 0.788281 0.034375 0.0578125
0 0.367188 0.623438 0.0820312 0.154688
0 0.884375 0.658594 0.025 0.034375
0 0.0727051 0.442578 0.0258789 0.0578125
0 0.613281 0.403125 0.275 0.80625
0 0.0389648 0.690234 0.0779297 0.619531
0 0.716797 0.557813 0.307031 0.884375
0 0.873438 0.651563 0.021875 0.0484375
0 0.0556641 0.318164 0.111328 0.494922
0 0.0708496 0.439844 0.0254883 0.0421875
0 0.387891 0.742969 0.0328125 0.065625
0 0.383984 0.58125 0.0867188 0.107813
0 0.640625 0.40625 0.0203125 0.040625
0 0.0182373 0.162012 0.0248535 0.0400391
0 0.369922 0.561719 0.0890625 0.282813
0 0.694531 0.662891 0.0296875 0.167969
0 0.186279 0.25332 0.234473 0.506641
0 0.389453 0.063623 0.0328125 0.0649414
0 0.86875 0.71875 0.01875 0.0359375
0 0.177783 0.313672 0.26084 0.627344
0 0.916406 0.197852 0.0390625 0.0714844
0 0.634766 0.241797 0.0789063 0.176953
0 0.617188 0.210938 0.161719 0.253125
0 0.13584 0.265234 0.236914 0.530469
0 0.412109 0.219922 0.234375 0.439844
0 0.633984 0.12627 0.203906 0.252539
0 0.636719 0.407813 0.021875 0.0414063
0 0.143164 0.269141 0.0226563 0.0414063
0 0.68125 0.704688 0.0453125 0.08125
0 0.857031 0.336523 0.0328125 0.0605469
0 0.557031 0.234375 0.0421875 0.0699219
0 0.0220703 0.165332 0.0249023 0.0400391
0 0.101367 0.16875 0.0484375 0.0707031
0 0.884375 0.652734 0.028125 0.0390625
0 0.701563 0.683594 0.021875 0.146875
0 0.39375 0.0513184 0.0265625 0.0629883
0 0.379688 0.682031 0.0578125 0.0929688
0 0.675 0.289453 0.10625 0.0609375
0 0.378516 0.655469 0.0585938 0.08125
0 0.456934 0.5125 0.24082 0.386719
0 0.0453613 0.744922 0.0907227 0.510156
0 0.336523 0.168164 0.232422 0.336328
0 0.174512 0.265625 0.0197266 0.0417969
0 0.58125 0.169531 0.075 0.175781
0 0.374609 0.664844 0.0484375 0.0570313
0 0.638281 0.404687 0.0265625 0.0539063
0 0.639063 0.325 0.0726563 0.115625
0 0.396875 0.0630371 0.0265625 0.0483398
0 0.179102 0.266406 0.0242188 0.0453125
0 0.408203 0.176172 0.238281 0.352344
0 0.0821289 0.175 0.0451172 0.0695313
0 0.66875 0.262891 0.0609375 0.157813
0 0.4 0.0519531 0.0359375 0.0625
0 0.602344 0.124805 0.122656 0.249609
0 0.0925781 0.185596 0.0451172 0.0655273
0 0.65625 0.295898 0.065625 0.0644531
0 0.420215 0.540625 0.173633 0.340625
0 0.559766 0.200586 0.06875 0.102344
0 0.769141 0.574219 0.341406 0.851562
0 0.121875 0.177734 0.0199219 0.0539063
0 0.0657227 0.416797 0.021875 0.05
0 0.386621 0.755469 0.0283203 0.05
0 0.229102 0.315625 0.257812 0.63125
0 0.682813 0.705469 0.0265625 0.0734375
0 0.106348 0.743359 0.200586 0.513281
0 0.0177246 0.163086 0.0277344 0.0632813
0 0.0241699 0.161328 0.030957 0.0542969
0 0.719922 0.166895 0.236719 0.333789
0 0.0357178 0.493359 0.0714355 0.444531
0 0.0983398 0.180078 0.046875 0.0589844
0 0.711719 0.2125 0.326562 0.425
0 0.886719 0.663281 0.021875 0.0421875
0 0.0762695 0.446094 0.0263672 0.0617188
0 0.271143 0.166797 0.255371 0.333594
0 0.687891 0.401563 0.271094 0.803125
0 0.0860352 0.178564 0.0480469 0.0561523
0 0.377734 0.560938 0.0867188 0.117188
0 0.587109 0.191602 0.0367188 0.0671875
0 0.233789 0.254688 0.247266 0.509375
0 0.84375 0.348047 0.0375 0.0890625
0 0.915625 0.20332 0.03125 0.0585938
0 0.370703 0.659375 0.0398437 0.053125
0 0.996875 0.778906 0.00625 0.317188
0 0.0923828 0.181445 0.0296875 0.0703125
0 0.116602 0.177344 0.0378906 0.0605469
0 0.56875 0.191797 0.0734375 0.139063
0 0.871875 0.763281 0.0515625 0.0296875
0 0.0354004 0.680859 0.0708008 0.492969
0 0.0750977 0.421484 0.0320312 0.0515625
0 0.147754 0.268359 0.0271484 0.0472656
0 0.716016 0.683984 0.0195312 0.0296875
0 0.0749023 0.17583 0.0423828 0.0506836
0 0.180859 0.269922 0.0328125 0.0476562
0 0.396094 0.752344 0.0273438 0.040625
0 0.142578 0.221875 0.0207031 0.0414063
0 0.878125 0.647656 0.025 0.0578125
0 0.996875 0.8875 0.00625 0.225
0 0.996094 0.112793 0.0078125 0.225586
0 0.657422 0.334961 0.0757812 0.138672
0 0.655469 0.248242 0.19375 0.186719
0 0.621875 0.238281 0.102344 0.160938
0 0.380566 0.676562 0.0623047 0.135937
0 0.443066 0.64375 0.206055 0.175
0 0.398438 0.490527 0.1375 0.456445
0 0.188281 0.267188 0.015625 0.0453125
0 0.368359 0.52041 0.100781 0.374805
0 0.092749 0.156641 0.0434082 0.0757812
0 0.885938 0.649219 0.034375 0.0578125
0 0.0370117 0.597559 0.0740234 0.508008
0 0.996094 0.143555 0.0078125 0.287109
0 0.871875 0.661719 0.03125 0.0601563
0 0.85625 0.347852 0.040625 0.0863281
0 0.14248 0.229687 0.0212891 0.040625
0 0.630469 0.313672 0.053125 0.0945313
0 0.582031 0.186914 0.059375 0.116016
0 0.127539 0.179639 0.0246094 0.0563477
0 0.0327148 0.426465 0.0654297 0.593945
0 0.0616699 0.789453 0.119629 0.421094
0 0.129883 0.180127 0.0191406 0.0483398
0 0.423828 0.626563 0.177344 0.164062
0 0.183789 0.269922 0.0203125 0.0460938
0 0.996875 0.616797 0.00625 0.316406
0 0.51875 0.558984 0.025 0.0578125
0 0.676172 0.291016 0.0789063 0.115625
0 0.586719 0.402344 0.376563 0.760938
0 0.036377 0.296094 0.0727539 0.45625
0 0.0658203 0.423438 0.0324219 0.0625
0 0.878125 0.661719 0.021875 0.05625
0 0.997266 0.828906 0.00546875 0.315625
0 0.0169678 0.152344 0.029541 0.0550781
0 0.832812 0.352734 0.053125 0.0976562
0 0.997266 0.55625 0.00546875 0.3125
0 0.463184 0.192773 0.176758 0.385547
0 0.621875 0.410156 0.0546875 0.0460938
0 0.503906 0.188086 0.373437 0.376172
0 0.619922 0.342383 0.0242188 0.0257812
0 0.579688 0.182715 0.545313 0.36543
0 0.371094 0.65 0.0445313 0.104688
0 0.875 0.728125 0.025 0.0484375
0 0.588672 0.124023 0.084375 0.248047
0 0.86875 0.717969 0.0234375 0.0671875
0 0.385156 0.470703 0.0953125 0.501563
0 0.588281 0.187695 0.0484375 0.0957031
0 0.0120605 0.211914 0.0241211 0.202734
0 0.272461 0.323438 0.246484 0.646875
0 0.327344 0.327344 0.267188 0.654688
0 0.61875 0.331641 0.028125 0.0742188
0 0.385547 0.748438 0.053125 0.0578125
0 0.869531 0.678906 0.0296875 0.0828125
0 0.834375 0.416016 0.279687 0.832031
0 0.02677 0.154102 0.0386475 0.0613281
0 0.592188 0.171094 0.0515625 0.108594
0 0.997656 0.727734 0.0046875 0.319531
0 0.51875 0.683594 0.0226563 0.0398437
0 0.576563 0.126953 0.0703125 0.244531
0 0.835938 0.336914 0.05 0.0695313
0 0.854688 0.80332 0.0359375 0.0714844
0 0.596484 0.19375 0.0460938 0.0738281
0 0.99375 0.788867 0.0125 0.228516
0 0.757812 0.879687 0.164062 0.240625
0 0.780469 0.89375 0.278125 0.2125
0 0.725781 0.869922 0.154688 0.260156
0 0.796094 0.876172 0.1375 0.247656
0 0.27832 0.249805 0.103516 0.341016
0 0.313672 0.252686 0.125781 0.349316
0 0.319531 0.298438 0.132812 0.273438
0 0.804688 0.911719 0.29375 0.176563
0 0.817187 0.741406 0.13125 0.334375
0 0.832812 0.765625 0.10625 0.328125
0 0.696094 0.870703 0.142969 0.258594
0 0.815625 0.845703 0.134375 0.308594
0 0.8375 0.814258 0.115625 0.340234
0 0.771484 0.849023 0.147656 0.301953
0 0.255078 0.25293 0.0925781 0.328516
0 0.339648 0.301123 0.124609 0.300098
0 0.803906 0.664844 0.117188 0.371875
0 0.825 0.716016 0.101562 0.324219
0 0.323047 0.302148 0.207031 0.262891
0 0.837305 0.860938 0.128516 0.278125
0 0.831445 0.884766 0.180859 0.230469
0 0.802344 0.791406 0.129688 0.335938
0 0.671875 0.865625 0.133594 0.26875
0 0.710156 0.846094 0.142188 0.307813
0 0.237109 0.28457 0.105469 0.245703
0 0.710938 0.89375 0.248438 0.2125
0 0.851562 0.788281 0.104688 0.323438
0 0.250977 0.298242 0.145703 0.250391
0 0.739453 0.910156 0.277344 0.179688
0 0.752734 0.728516 0.294531 0.542969
0 0.765625 0.835938 0.210938 0.328125
0 0.795313 0.720313 0.132812 0.31875
0 0.779883 0.817969 0.146484 0.334375
0 0.36543 0.55 0.163672 0.310937
0 0.369922 0.625781 0.0835937 0.140625
0 0.356055 0.502344 0.137891 0.38125
0 0.20625 0.295898 0.130469 0.232422
0 0.860547 0.916406 0.278906 0.167187
0 0.263086 0.310156 0.225391 0.228125
0 0.78125 0.648438 0.140625 0.365625
0 0.796875 0.804297 0.2 0.391406
0 0.219336 0.254883 0.130078 0.287891
0 0.853125 0.869336 0.1125 0.261328
0 0.351172 0.262305 0.107031 0.362891
0 0.352344 0.301758 0.105469 0.235547
0 0.407422 0.520215 0.224219 0.376758
0 0.338281 0.304688 0.152344 0.220313
0 0.226611 0.308594 0.202246 0.219531
0 0.85 0.688281 0.1125 0.385938
0 0.825 0.646875 0.110937 0.370313
0 0.562891 0.220703 0.652344 0.400781
0 0.305859 0.334766 0.278906 0.246094
0 0.761719 0.789062 0.2 0.334375
0 0.873438 0.830469 0.103125 0.339063
0 0.672656 0.30918 0.059375 0.0808594
0 0.768359 0.724219 0.197656 0.323438
0 0.189453 0.2625 0.173438 0.282813
0 0.366797 0.596094 0.0914062 0.196875
0 0.616406 0.25957 0.153125 0.198047
0 0.638281 0.868945 0.201563 0.262109
0 0.256641 0.923047 0.145313 0.153906
0 0.249805 0.370703 0.259766 0.270313
0 0.374219 0.279492 0.103125 0.370703
0 0.215625 0.91875 0.0832031 0.1625
0 0.593359 0.586719 0.542969 0.826563
0 0.750391 0.804688 0.271094 0.390625
0 0.703125 0.82207 0.175 0.318359
0 0.669141 0.291211 0.05625 0.0457031
0 0.873438 0.746484 0.104688 0.355469
0 0.692187 0.921094 0.24375 0.157813
0 0.867188 0.862109 0.13125 0.275781
0 0.367383 0.324219 0.121484 0.275
0 0.371484 0.651563 0.0734375 0.196875
0 0.233008 0.921875 0.0949219 0.15625
0 0.588672 0.397656 0.535156 0.448438
0 0.291016 0.926562 0.124219 0.146875
0 0.513184 0.433984 0.36582 0.513281
0 0.467578 0.586328 0.317188 0.827344
0 0.379688 0.633203 0.0695313 0.133594
0 0.320508 0.928906 0.124609 0.142188
0 0.774219 0.664844 0.196875 0.379688
0 0.343164 0.930469 0.121484 0.139063
0 0.658203 0.894531 0.213281 0.210938
0 0.889844 0.874219 0.220313 0.251563
0 0.356836 0.563281 0.111328 0.292188
0 0.80625 0.591406 0.1125 0.260938
0 0.205664 0.358203 0.234766 0.245312
0 0.657031 0.310156 0.0960938 0.0929688
0 0.402734 0.171289 0.658594 0.342578
0 0.387598 0.585156 0.151367 0.829688
0 0.366992 0.93125 0.0933594 0.1375
0 0.88125 0.869531 0.159375 0.260938
0 0.436719 0.569531 0.2375 0.284375
0 0.648047 0.25957 0.114844 0.183984
0 0.284766 0.239453 0.3125 0.400781
0 0.213623 0.917578 0.122754 0.164844
0 0.255859 0.924219 0.100781 0.151562
0 0.574609 0.325049 0.622656 0.311621
0 0.759375 0.629297 0.159375 0.321094
0 0.373242 0.225977 0.458984 0.369922
0 0.170703 0.910937 0.142578 0.178125
0 0.776563 0.585156 0.128125 0.245312
0 0.357422 0.766016 0.171875 0.467969
0 0.366797 0.929688 0.136719 0.140625
0 0.559375 0.225977 0.0382813 0.0441406
0 0.302734 0.924219 0.247656 0.151562
0 0.772266 0.928125 0.274219 0.14375
0 0.383203 0.668359 0.09375 0.232031
0 0.655469 0.835352 0.148438 0.329297
0 0.375098 0.580859 0.101367 0.838281
0 0.432422 0.332813 0.239844 0.289844
0 0.557031 0.228516 0.0492188 0.0609375
0 0.195654 0.915625 0.0860352 0.16875
0 0.334375 0.487598 0.1875 0.429492
0 0.386719 0.938281 0.121875 0.123438
0 0.388184 0.936719 0.0830078 0.126563
0 0.668359 0.767969 0.438281 0.464063
0 0.334766 0.358203 0.238281 0.257031
0 0.396973 0.498828 0.16543 0.4
0 0.651563 0.928125 0.246875 0.14375
0 0.731641 0.682813 0.246094 0.40625
0 0.260205 0.32832 0.291309 0.537109
0 0.564063 0.222656 0.0375 0.0476562
0 0.376563 0.304883 0.166406 0.210547
0 0.153809 0.261133 0.254492 0.280078
0 0.570312 0.207227 0.0492188 0.0804688
0 0.264648 0.922656 0.211328 0.154688
0 0.911719 0.826172 0.176563 0.347656
0 0.15918 0.38125 0.251953 0.265625
0 0.290625 0.382812 0.253125 0.266406
0 0.724219 0.764844 0.229687 0.339063
0 0.298047 0.236523 0.128516 0.306641
0 0.74375 0.559375 0.117188 0.189063
0 0.466406 0.318359 0.240625 0.335938
0 0.361914 0.447266 0.177734 0.505469
0 0.302734 0.4125 0.242969 0.580469
0 0.629785 0.25625 0.574805 0.357812
0 0.180078 0.31875 0.210938 0.198437
0 0.406152 0.942187 0.125195 0.115625
0 0.599219 0.736328 0.55 0.527344
0 0.363672 0.239502 0.110156 0.311621
0 0.329883 0.580078 0.188672 0.839844
0 0.664062 0.294531 0.0609375 0.0570313
0 0.368359 0.592969 0.0796875 0.0828125
0 0.317969 0.773828 0.219531 0.452344
0 0.496777 0.285352 0.725195 0.408203
0 0.810938 0.723437 0.35 0.553125
0 0.533984 0.167383 0.716406 0.334766
0 0.672656 0.312891 0.0757812 0.0992187
0 0.432129 0.763281 0.293555 0.473438
0 0.170215 0.35 0.217383 0.227344
0 0.212891 0.401563 0.253906 0.274219
0 0.832031 0.928125 0.264062 0.14375
0 0.364648 0.928906 0.237891 0.142188
0 0.910156 0.856055 0.179688 0.287891
0 0.736719 0.573828 0.29375 0.852344
0 0.609766 0.901172 0.259375 0.197656
0 0.832031 0.603516 0.1 0.289062
0 0.557813 0.237695 0.0546875 0.0785156
0 0.90625 0.796094 0.142188 0.382812
0 0.294922 0.205859 0.236719 0.294531
0 0.66875 0.261523 0.071875 0.183203
0 0.37207 0.475 0.244922 0.403125
0 0.359766 0.186768 0.110937 0.238965
0 0.675391 0.804492 0.152344 0.303516
0 0.406934 0.941016 0.0892578 0.117969
0 0.421973 0.442969 0.220117 0.479688
0 0.7 0.432031 0.335938 0.480469
0 0.423438 0.936719 0.257812 0.126563
0 0.355859 0.30625 0.161719 0.185938
0 0.804688 0.546094 0.1125 0.167187
0 0.519434 0.757031 0.483008 0.485938
0 0.247461 0.23667 0.122266 0.30166
0 0.333594 0.425781 0.2125 0.653125
0 0.625 0.293164 0.205469 0.259766
0 0.551953 0.745313 0.796094 0.509375
0 0.461035 0.299219 0.50293 0.546875
0 0.169922 0.9125 0.197656 0.175
0 0.357617 0.170117 0.136328 0.305469
0 0.615625 0.863867 0.276563 0.272266
0 0.582031 0.251172 0.104688 0.182422
0 0.779688 0.9125 0.0640625 0.0359375
0 0.119141 0.910937 0.238281 0.178125
0 0.674609 0.314844 0.153125 0.101953
0 0.380469 0.23208 0.096875 0.313965
0 0.530859 0.351953 0.364844 0.363281
0 0.623438 0.300391 0.160938 0.108594
0 0.435059 0.94375 0.15957 0.1125
0 0.766406 0.9125 0.0640625 0.0359375
0 0.462402 0.673047 0.243945 0.244531
0 0.914062 0.855078 0.171875 0.289844
0 0.433984 0.601172 0.242969 0.767969
0 0.580859 0.189014 0.0265625 0.0438477
0 0.753906 0.9125 0.0640625 0.0359375
0 0.410547 0.168945 0.217969 0.307422
0 0.766406 0.9 0.0625 0.0359375
0 0.741406 0.9125 0.0632813 0.0359375
0 0.378125 0.178906 0.0992187 0.330078
0 0.779688 0.9 0.0625 0.0359375
0 0.533203 0.329248 0.284375 0.341504
0 0.778906 0.925 0.0671875 0.0375
0 0.360156 0.714844 0.09375 0.320312
0 0.728906 0.9125 0.0609375 0.0359375
0 0.766406 0.924219 0.0671875 0.0375
0 0.753906 0.9 0.0609375 0.0359375
0 0.254688 0.440723 0.264844 0.337305
0 0.386816 0.442578 0.206055 0.614062
0 0.716797 0.9125 0.0609375 0.0375
0 0.468652 0.939063 0.276758 0.121875
0 0.561719 0.217188 0.0507812 0.0707031
0 0.382715 0.146094 0.20332 0.278906
0 0.741406 0.9 0.0609375 0.0359375
0 0.404687 0.680469 0.132031 0.265625
0 0.661328 0.313281 0.0710938 0.090625
0 0.741016 0.925 0.065625 0.0375
0 0.728906 0.9 0.059375 0.0359375
0 0.238672 0.410156 0.205078 0.560156
0 0.753906 0.925 0.065625 0.0375
0 0.692969 0.295312 0.109375 0.0515625
0 0.765625 0.8875 0.0609375 0.0359375
0 0.582812 0.184766 0.0226563 0.0367188
0 0.564844 0.25332 0.06875 0.187109
0 0.778906 0.8875 0.0609375 0.0359375
0 0.710938 0.933594 0.315625 0.132812
0 0.669922 0.363086 0.103906 0.202734
0 0.716406 0.9 0.0609375 0.0359375
0 0.375391 0.645312 0.0625 0.0898438
0 0.845313 0.634375 0.10625 0.360938
0 0.226758 0.413672 0.264062 0.625
0 0.728906 0.925 0.0625 0.0375
0 0.648438 0.348438 0.1125 0.175
0 0.146094 0.449219 0.284766 0.364844
0 0.80293 0.9125 0.0628906 0.0359375
0 0.753125 0.8875 0.0609375 0.0359375
0 0.728125 0.8875 0.059375 0.0359375
0 0.661328 0.197852 0.569531 0.381641
0 0.12959 0.352539 0.225977 0.240234
0 0.615625 0.236523 0.154688 0.283203
0 0.741016 0.8875 0.0585938 0.0359375
0 0.790625 0.8875 0.0625 0.0359375
0 0.138281 0.320898 0.222266 0.199609
0 0.373633 0.660937 0.0574219 0.0648438
0 0.347656 0.223438 0.126563 0.280859
0 0.716797 0.924219 0.0625 0.0375
0 0.789844 0.660156 0.275 0.503125
0 0.80332 0.9 0.0621094 0.0359375
0 0.716016 0.8875 0.0601563 0.0359375
0 0.741016 0.384766 0.277344 0.24375
0 0.765625 0.935938 0.0703125 0.0375
0 0.73125 0.319141 0.342187 0.1125
0 0.680859 0.295508 0.101562 0.0605469
0 0.332031 0.142773 0.664062 0.285547
0 0.487109 0.54209 0.255469 0.35957
0 0.674219 0.298828 0.0742188 0.0609375
0 0.801367 0.925 0.0660156 0.0375
0 0.685547 0.711719 0.0507812 0.0898438
0 0.777344 0.936719 0.0703125 0.0375
0 0.38916 0.720313 0.0341797 0.0703125
0 0.704688 0.9125 0.0625 0.0375
0 0.354883 0.419629 0.224609 0.349805
0 0.297656 0.730078 0.265625 0.539844
0 0.704297 0.9 0.0609375 0.0375
0 0.728906 0.936719 0.0640625 0.0375
0 0.778906 0.875 0.059375 0.0359375
0 0.803906 0.8875 0.0609375 0.0359375
0 0.393066 0.270508 0.118555 0.377734
0 0.815625 0.9 0.065625 0.0359375
0 0.740625 0.936719 0.0671875 0.0375
0 0.296094 0.810547 0.229687 0.378906
0 0.703516 0.8875 0.059375 0.0359375
0 0.648828 0.598828 0.0992187 0.158594
0 0.815625 0.9125 0.0671875 0.0375
0 0.207471 0.387598 0.381152 0.61543
0 0.704688 0.924219 0.0632813 0.0375
0 0.807813 0.608594 0.378125 0.195312
0 0.765625 0.875 0.059375 0.034375
0 0.6 0.210498 0.128125 0.0891602
0 0.398828 0.149219 0.513281 0.291016
0 0.3875 0.750781 0.0351562 0.059375
0 0.477344 0.94375 0.196875 0.1125
0 0.739453 0.473828 0.255469 0.474219
0 0.764844 0.948438 0.0734375 0.0390625
0 0.815625 0.8875 0.0625 0.0359375
0 0.716797 0.935938 0.0632813 0.0375
0 0.689063 0.709375 0.0375 0.08125
0 0.815625 0.924219 0.071875 0.0375
0 0.249414 0.559766 0.150391 0.880469
0 0.79082 0.875 0.0621094 0.034375
0 0.396094 0.197314 0.135937 0.36709
0 0.268164 0.218359 0.158203 0.307813
0 0.438965 0.513965 0.139258 0.39082
0 0.84375 0.33125 0.034375 0.0640625
0 0.753125 0.875 0.059375 0.034375
0 0.650391 0.578516 0.0914062 0.125781
0 0.778125 0.8625 0.059375 0.034375
0 0.827344 0.9 0.0640625 0.0359375
0 0.204639 0.917969 0.215723 0.164062
0 0.753125 0.948438 0.0703125 0.0375
0 0.870313 0.661719 0.1125 0.407813
0 0.69375 0.696094 0.021875 0.0484375
0 0.610938 0.244727 0.148438 0.161328
0 0.303516 0.501563 0.303906 0.390625
0 0.366797 0.626172 0.0820312 0.120313
0 0.285547 0.494922 0.505469 0.413281
0 0.355469 0.383984 0.336719 0.370313
0 0.349609 0.471777 0.342969 0.454883
0 0.626563 0.225781 0.459375 0.332813
0 0.326953 0.512891 0.433594 0.530469
0 0.614453 0.220313 0.142188 0.0996094
0 0.2875 0.359961 0.298438 0.426953
0 0.611328 0.625391 0.596094 0.507031
0 0.436035 0.457129 0.323242 0.37793
0 0.330078 0.315039 0.389844 0.423047
0 0.507812 0.20708 0.4 0.300684
0 0.360742 0.229883 0.387891 0.398828
0 0.28457 0.444922 0.284766 0.483594
0 0.569141 0.235156 0.514844 0.289062
0 0.540527 0.203516 0.439258 0.389844
0 0.781055 0.208643 0.306641 0.313965
0 0.295703 0.218359 0.389844 0.436719
0 0.439941 0.400684 0.299805 0.35957
0 0.657031 0.299609 0.078125 0.0625
0 0.278711 0.289062 0.320703 0.429688
0 0.430859 0.186523 0.410156 0.357031
0 0.364063 0.666406 0.0835937 0.196875
0 0.407129 0.520703 0.462305 0.474219
0 0.479297 0.443066 0.322656 0.337305
0 0.676953 0.189209 0.344531 0.366895
0 0.603516 0.609766 0.446094 0.369531
0 0.376563 0.934375 0.332813 0.13125
0 0.537402 0.574219 0.67832 0.489063
0 0.460156 0.540625 0.632812 0.501563
0 0.373047 0.660937 0.0648438 0.06875
0 0.719531 0.635156 0.307813 0.417188
0 0.609766 0.298242 0.527344 0.342578
0 0.448047 0.932031 0.373437 0.135937
0 0.409375 0.27793 0.348438 0.434766
0 0.239063 0.340625 0.310937 0.451562
0 0.769531 0.168848 0.265625 0.332227
0 0.556641 0.928125 0.357031 0.14375
0 0.313086 0.925781 0.277734 0.148438
0 0.37168 0.660547 0.0519531 0.0515625
0 0.490234 0.47334 0.404687 0.30332
0 0.419922 0.354883 0.332031 0.419922
0 0.683984 0.278516 0.364844 0.424219
0 0.455469 0.266992 0.3875 0.359766
0 0.615234 0.295312 0.164844 0.100781
0 0.642969 0.932031 0.376563 0.135937
0 0.256689 0.176465 0.308496 0.35293
0 0.322266 0.902344 0.252344 0.195312
0 0.860156 0.217334 0.264062 0.324707
0 0.564063 0.223633 0.0421875 0.0347656
0 0.646094 0.311328 0.121875 0.0789063
0 0.660156 0.29375 0.0703125 0.046875
0 0.343359 0.485156 0.211719 0.392969
0 0.22793 0.412891 0.304297 0.492969
0 0.226758 0.211719 0.326172 0.423438
0 0.525391 0.528906 0.428125 0.342187
0 0.653906 0.310937 0.0859375 0.0882813
0 0.595703 0.889844 0.364844 0.220313
0 0.264014 0.921094 0.287598 0.157813
0 0.540625 0.592578 0.0734375 0.117969
0 0.482129 0.594531 0.318555 0.351562
0 0.535254 0.459277 0.363867 0.26582
0 0.636328 0.698047 0.500781 0.527344
0 0.359961 0.910547 0.367578 0.178906
0 0.516016 0.330469 0.489844 0.348438
0 0.566797 0.205078 0.0507812 0.0589844
0 0.850781 0.164453 0.2 0.327344
0 0.699219 0.566016 0.326562 0.339063
0 0.791406 0.289844 0.29375 0.4125
0 0.486816 0.894531 0.366992 0.210938
0 0.607031 0.206055 0.129688 0.0859375
0 0.696875 0.93125 0.367188 0.1375
0 0.793555 0.640625 0.275391 0.3875
0 0.427246 0.90625 0.400195 0.1875
0 0.513281 0.119238 0.484375 0.238477
0 0.54375 0.598047 0.0421875 0.109375
0 0.675781 0.890625 0.354688 0.21875
0 0.367773 0.598828 0.0816406 0.0765625
0 0.539844 0.601562 0.059375 0.103125
0 0.614453 0.530859 0.371094 0.322656
0 0.417285 0.115625 0.476367 0.23125
0 0.621094 0.616406 0.0453125 0.065625
0 0.370703 0.646875 0.0609375 0.0765625
0 0.711328 0.731641 0.333594 0.488281
0 0.340625 0.110156 0.48125 0.220313
0 0.616016 0.108301 0.458594 0.216602
0 0.561328 0.217969 0.040625 0.0550781
0 0.542188 0.607813 0.028125 0.0835937
0 0.775781 0.564453 0.29375 0.342969
0 0.167969 0.166602 0.235938 0.333203
0 0.380469 0.733203 0.0445313 0.0945313
0 0.582031 0.201758 0.08125 0.0628906
0 0.248828 0.485938 0.497656 0.623438
0 0.388672 0.762891 0.0304688 0.0445313
0 0.746094 0.884766 0.303125 0.230469
0 0.167383 0.199609 0.333594 0.399219
0 0.385156 0.755469 0.0289063 0.0390625
0 0.284814 0.887305 0.290527 0.225391
0 0.191211 0.935156 0.327734 0.129688
0 0.593359 0.244531 0.199219 0.173438
0 0.389453 0.765625 0.0421875 0.0546875
0 0.542188 0.620313 0.0265625 0.0609375
0 0.598437 0.650781 0.15 0.246875
0 0.788281 0.934766 0.365625 0.130469
0 0.632812 0.864453 0.382812 0.271094
0 0.234424 0.860742 0.245996 0.278516
0 0.611328 0.309766 0.178906 0.0808594
0 0.249219 0.110937 0.465625 0.221875
0 0.621484 0.617188 0.0414063 0.05
0 0.553809 0.442969 0.504883 0.345313
0 0.564844 0.221875 0.0625 0.0554687
0 0.557031 0.603125 0.0578125 0.1125
0 0.856641 0.305664 0.286719 0.371484
0 0.56875 0.596875 0.0859375 0.114063
0 0.37959 0.709375 0.0486328 0.053125
0 0.666797 0.307031 0.0617188 0.0804688
0 0.570312 0.742188 0.0570313 0.0609375
0 0.696094 0.296094 0.117188 0.0542969
0 0.619531 0.612891 0.05625 0.0796875
0 0.519141 0.866602 0.400781 0.266797
0 0.558203 0.578125 0.0484375 0.071875
0 0.537109 0.247705 0.336719 0.165527
0 0.117969 0.15752 0.207422 0.315039
0 0.539844 0.607813 0.0453125 0.0890625
0 0.774219 0.741406 0.296875 0.429688
0 0.66875 0.298438 0.0578125 0.0578125
0 0.517285 0.0884766 0.57793 0.176953
0 0.648047 0.767969 0.422656 0.453125
0 0.559375 0.577344 0.0265625 0.046875
0 0.853906 0.652344 0.275 0.353125
0 0.739844 0.0916016 0.378125 0.183203
0 0.164062 0.339453 0.328125 0.477344
0 0.511328 0.5625 0.377344 0.446875
0 0.521875 0.560938 0.0375 0.0609375
0 0.680469 0.301563 0.0890625 0.0609375
0 0.373437 0.631641 0.0539063 0.111719
0 0.6 0.608594 0.0851563 0.0867188
0 0.421875 0.0920898 0.579688 0.18418
0 0.548047 0.614062 0.0367188 0.1125
0 0.4625 0.532129 0.35 0.323242
0 0.37207 0.671094 0.0542969 0.0828125
0 0.293359 0.894531 0.444531 0.210938
0 0.577344 0.750781 0.053125 0.0734375
0 0.609375 0.472559 0.396875 0.289258
0 0.642188 0.833203 0.385938 0.333594
0 0.836133 0.888672 0.227734 0.222656
0 0.5625 0.741406 0.0421875 0.05625
0 0.833594 0.946875 0.332813 0.10625
0 0.898438 0.15918 0.159375 0.318359
0 0.618359 0.0816895 0.567969 0.163379
0 0.387402 0.760156 0.0251953 0.0375
0 0.324805 0.0876953 0.584766 0.175391
0 0.571094 0.202783 0.0625 0.0717773
0 0.589844 0.589844 0.0828125 0.090625
0 0.351953 0.597656 0.120313 0.18125
0 0.455469 0.88125 0.428125 0.2375
0 0.4375 0.562891 0.235938 0.469531
0 0.361328 0.659375 0.0773438 0.0726563
0 0.274268 0.85293 0.338184 0.234766
0 0.578516 0.836719 0.438281 0.326562
0 0.571094 0.578906 0.0429688 0.0625
0 0.534277 0.206445 0.336133 0.0847656
0 0.560547 0.217578 0.0453125 0.0757812
0 0.396875 0.635156 0.0984375 0.121875
0 0.0966797 0.172852 0.193359 0.345703
0 0.618359 0.66875 0.182031 0.273438
0 0.162305 0.101953 0.324609 0.203906
0 0.535937 0.586328 0.170313 0.349219
0 0.810938 0.0913086 0.3375 0.182617
0 0.277734 0.779492 0.258594 0.406641
0 0.622266 0.635156 0.0585938 0.0953125
0 0.583203 0.614844 0.117188 0.134375
0 0.840625 0.566797 0.273438 0.338281
0 0.410547 0.89375 0.458594 0.2125
0 0.892969 0.266016 0.214062 0.340625
0 0.850586 0.085498 0.298828 0.170996
0 0.575781 0.198242 0.0578125 0.0550781
0 0.753125 0.823828 0.314063 0.352344
0 0.730469 0.055127 0.539062 0.110254
0 0.670313 0.314844 0.125 0.0882813
0 0.55625 0.739844 0.021875 0.04375
0 0.208203 0.1 0.416406 0.2
0 0.517188 0.558594 0.0257812 0.0515625
0 0.517188 0.55625 0.0296875 0.0640625
0 0.576563 0.205859 0.210938 0.0671875
0 0.548828 0.633594 0.0382813 0.129688
0 0.249658 0.857422 0.340527 0.285156
0 0.392578 0.782813 0.0609375 0.0890625
0 0.845117 0.750781 0.297266 0.384375
0 0.638672 0.208008 0.0617188 0.0710938
0 0.545313 0.563672 0.0828125 0.0789063
0 0.141406 0.953516 0.282813 0.0929688
0 0.938672 0.727344 0.122656 0.35
0 0.949219 0.232422 0.101562 0.357031
0 0.540625 0.629687 0.04375 0.0851563
0 0.941016 0.819531 0.117969 0.353125
0 0.964844 0.899219 0.0703125 0.201563
0 0.953906 0.180859 0.0921875 0.35
0 0.167578 0.853125 0.205469 0.29375
0 0.839844 0.854297 0.275 0.291406
0 0.816992 0.0450195 0.366016 0.0900391
0 0.933594 0.125781 0.132812 0.251563
0 0.0336914 0.15957 0.0673828 0.319141
0 0.948438 0.873047 0.103125 0.253906
0 0.557813 0.236328 0.05625 0.0671875
0 0.54375 0.642578 0.034375 0.114844
0 0.124805 0.217969 0.249609 0.435937
0 0.6625 0.39834 0.370313 0.379883
0 0.940234 0.629297 0.119531 0.335156
0 0.533203 0.619531 0.0726563 0.1125
0 0.294141 0.85293 0.495313 0.209766
0 0.394141 0.762891 0.0375 0.0460938
0 0.591406 0.603125 0.09375 0.117188
0 0.305469 0.403223 0.0328125 0.0810547
0 0.525781 0.583984 0.09375 0.124219
0 0.394141 0.652344 0.0960938 0.103125
0 0.860938 0.959375 0.278125 0.08125
0 0.485156 0.425391 0.0421875 0.142188
0 0.86543 0.946094 0.247266 0.107813
0 0.5125 0.546094 0.059375 0.0859375
0 0.040332 0.0992187 0.0806641 0.198437
0 0.930469 0.148047 0.139063 0.282813
0 0.00168457 0.0917969 0.00336914 0.183594
0 0.894531 0.891406 0.175 0.217188
0 0.596094 0.740234 0.101562 0.103906
0 0.304102 0.504687 0.210547 0.365625
0 0.944531 0.329883 0.110937 0.349609
0 0.247266 0.802344 0.467187 0.192188
0 0.923047 0.197021 0.153906 0.248145
0 0.104883 0.0857422 0.209766 0.171484
0 0.933984 0.953125 0.132031 0.09375
0 0.847656 0.329688 0.0359375 0.065625
0 0.153711 0.256641 0.307422 0.467969
0 0.540625 0.59375 0.180469 0.19375
0 0.178516 0.960938 0.357031 0.078125
0 0.647266 0.213477 0.0546875 0.0707031
0 0.940625 0.430859 0.11875 0.361719
0 0.308203 0.414062 0.0429688 0.10625
0 0.521875 0.55625 0.135156 0.252344
0 0.358984 0.596875 0.071875 0.0625
0 0.557813 0.740625 0.0328125 0.0476562
0 0.48125 0.433203 0.03125 0.121875
0 0.941406 0.524609 0.117188 0.346875
0 0.484766 0.451562 0.0421875 0.114063
0 0.167383 0.0700195 0.334766 0.140039
0 0.0402832 0.190625 0.0805664 0.38125
0 0.764063 0.401563 0.295312 0.360156
0 0.404004 0.653125 0.123242 0.078125
0 0.61875 0.687109 0.065625 0.0945313
0 0.881641 0.653125 0.236719 0.310937
0 0.692969 0.696094 0.0171875 0.0421875
0 0.3125 0.414941 0.0328125 0.0935547
0 0.5875 0.577344 0.0734375 0.0976562
0 0.377344 0.697656 0.0515625 0.0554687
0 0.0432617 0.246094 0.0865234 0.4625
0 0.464941 0.7625 0.35918 0.204688
0 0.558496 0.730469 0.533008 0.539062
0 0.478906 0.441406 0.028125 0.096875
0 0.941406 0.964844 0.117188 0.0703125
0 0.575781 0.760156 0.0640625 0.0921875
0 0.349219 0.78125 0.501563 0.228125
0 0.394141 0.850781 0.488281 0.190625
0 0.541406 0.64375 0.182812 0.254688
0 0.477734 0.847461 0.441406 0.305078
0 0.523828 0.561719 0.0671875 0.0828125
0 0.758203 0.463965 0.296094 0.317383
0 0.515625 0.548828 0.0421875 0.0773438
0 0.621094 0.660937 0.065625 0.138281
0 0.628125 0.60625 0.145313 0.101562
0 0.874219 0.0884766 0.251563 0.176953
0 0.0841797 0.874219 0.168359 0.251563
0 0.132227 0.870898 0.250391 0.258203
0 0.579688 0.624609 0.1375 0.182812
0 0.541406 0.732031 0.476562 0.389062
0 0.740234 0.313477 0.250781 0.108984
0 0.0717773 0.062793 0.143555 0.125586
0 0.932031 0.910156 0.135937 0.179688
0 0.235742 0.81543 0.355078 0.266016
0 0.913281 0.250781 0.173438 0.257031
0 0.617188 0.196289 0.115625 0.0652344
0 0.503125 0.539062 0.0890625 0.103906
0 0.38584 0.667578 0.0798828 0.0890625
0 0.513672 0.542969 0.0914062 0.0890625
0 0.453125 0.85625 0.446094 0.226562
0 0.381934 0.633594 0.0642578 0.135937
0 0.491016 0.6625 0.301563 0.270313
0 0.136133 0.0464844 0.272266 0.0929688
0 0.522656 0.60625 0.090625 0.145313
0 0.356641 0.615234 0.103125 0.117969
0 0.375 0.688672 0.05 0.0773438
0 0.5375 0.560938 0.16875 0.200781
0 0.135742 0.344922 0.271484 0.527344
0 0.0751953 0.845313 0.150391 0.309375
0 0.0863281 0.954688 0.172656 0.090625
0 0.901563 0.65 0.196875 0.251563
0 0.159766 0.870313 0.319531 0.259375
0 0.546094 0.679297 0.0421875 0.185156
0 0.550781 0.373828 0.290625 0.399219
0 0.65 0.313477 0.0890625 0.0941406
0 0.616016 0.253955 0.150781 0.178809
0 0.659375 0.308789 0.065625 0.0835937
0 0.617188 0.294727 0.157813 0.134766
0 0.574609 0.203125 0.0492188 0.075
0 0.460938 0.615625 0.266406 0.179688
0 0.371484 0.626563 0.0742188 0.128125
0 0.596094 0.200977 0.10625 0.0808594
0 0.615625 0.314063 0.157813 0.0945313
0 0.660937 0.29043 0.0601563 0.0550781
0 0.56875 0.207422 0.0484375 0.0585938
0 0.532129 0.271875 0.32168 0.217969
0 0.612891 0.570312 0.215625 0.192188
0 0.460938 0.673047 0.245312 0.263281
0 0.667969 0.303711 0.0625 0.0808594
0 0.358398 0.625 0.101953 0.151562
0 0.605078 0.547656 0.23125 0.279687
0 0.456152 0.579297 0.270508 0.249219
0 0.675 0.314453 0.30625 0.0957031
0 0.220361 0.642188 0.341309 0.265625
0 0.545703 0.590625 0.0734375 0.128125
0 0.648047 0.302344 0.0742188 0.084375
0 0.60625 0.600781 0.198437 0.15
0 0.470215 0.717969 0.25957 0.3375
0 0.574219 0.208203 0.065625 0.0734375
0 0.564844 0.220313 0.0421875 0.0453125
0 0.376465 0.644531 0.0595703 0.096875
0 0.223828 0.588672 0.335156 0.277344
0 0.373437 0.655859 0.0617188 0.0734375
0 0.55625 0.600781 0.103125 0.148438
0 0.513281 0.310352 0.342969 0.280859
0 0.596094 0.29043 0.192188 0.237109
0 0.61875 0.31543 0.157031 0.221484
0 0.551562 0.571875 0.0796875 0.084375
0 0.373437 0.661719 0.0515625 0.0578125
0 0.228516 0.688672 0.329688 0.274219
0 0.690625 0.296094 0.110156 0.078125
0 0.139355 0.103223 0.278711 0.199023
0 0.394922 0.625781 0.110937 0.153906
0 0.366016 0.593359 0.0859375 0.0890625
0 0.55625 0.561719 0.084375 0.071875
0 0.261328 0.626953 0.286719 0.241406
0 0.570312 0.566016 0.0515625 0.0617188
0 0.558594 0.228125 0.046875 0.0511719
0 0.401563 0.653516 0.126563 0.203906
0 0.383984 0.6625 0.084375 0.2125
0 0.539062 0.605469 0.0984375 0.1625
0 0.403516 0.614062 0.151562 0.154688
0 0.371875 0.65625 0.0757812 0.203125
0 0.263232 0.578125 0.28291 0.342187
0 0.611719 0.193799 0.103906 0.0764648
0 0.692187 0.257373 0.3 0.193066
0 0.542578 0.566406 0.0710938 0.0820312
0 0.326172 0.625781 0.1625 0.15
0 0.621875 0.360352 0.153125 0.191797
0 0.278516 0.602734 0.261719 0.186719
0 0.6375 0.342578 0.0671875 0.0464844
0 0.605859 0.665625 0.202344 0.26875
0 0.273438 0.705469 0.257031 0.304688
0 0.564063 0.320117 0.260938 0.283984
0 0.382422 0.635938 0.059375 0.128125
0 0.542188 0.629687 0.06875 0.171875
0 0.570312 0.567187 0.034375 0.0484375
0 0.535156 0.558203 0.0484375 0.0625
0 0.580469 0.264844 0.1 0.101562
0 0.561328 0.572266 0.0539063 0.0640625
0 0.288623 0.627344 0.239941 0.148438
0 0.560156 0.255859 0.05625 0.0882813
0 0.646484 0.345313 0.142188 0.161719
0 0.653906 0.573828 0.3 0.16875
0 0.544922 0.608594 0.0515625 0.10625
0 0.553125 0.591016 0.06875 0.104688
0 0.540625 0.65 0.0640625 0.121875
0 0.714844 0.332227 0.329688 0.141797
0 0.727344 0.276172 0.395313 0.264062
0 0.388281 0.641406 0.08125 0.110937
0 0.571094 0.222656 0.0671875 0.075
0 0.600781 0.528027 0.195312 0.348633
0 0.585938 0.526563 0.164844 0.25
0 0.623047 0.594531 0.250781 0.334375
0 0.557031 0.240625 0.053125 0.0617188
0 0.600781 0.2125 0.125 0.09375
0 0.623828 0.530078 0.242188 0.219531
0 0.582812 0.255469 0.192188 0.164844
0 0.614844 0.218701 0.146875 0.18916
0 0.5625 0.644922 0.15625 0.229687
0 0.590625 0.231055 0.1125 0.0644531
0 0.607031 0.727344 0.203125 0.20625
0 0.751563 0.417188 0.4625 0.546875
0 0.6 0.713281 0.209375 0.364063
0 0.625 0.274219 0.179688 0.24375
0 0.6 0.457813 0.191406 0.45
0 0.308008 0.715625 0.187891 0.317188
0 0.600391 0.262891 0.139844 0.107813
0 0.689844 0.193359 0.329688 0.372656
0 0.378906 0.711719 0.0546875 0.139063
0 0.393359 0.658594 0.0929688 0.0984375
0 0.676172 0.594531 0.372656 0.176563
0 0.627734 0.308008 0.110937 0.090625
0 0.523438 0.619531 0.120313 0.179688
0 0.241748 0.526563 0.302441 0.384375
0 0.545313 0.630469 0.0398437 0.0679687
0 0.282471 0.507031 0.243652 0.417188
0 0.609375 0.228906 0.176563 0.298438
0 0.378125 0.685938 0.05625 0.101562
0 0.537109 0.655469 0.0570313 0.09375
0 0.569141 0.546875 0.0742188 0.084375
0 0.383984 0.599219 0.0554687 0.0671875
0 0.373633 0.676172 0.0550781 0.075
0 0.313867 0.60625 0.194141 0.178125
0 0.610156 0.388379 0.175 0.531055
0 0.59375 0.497266 0.1625 0.190625
0 0.267383 0.479297 0.332422 0.488281
0 0.672656 0.525 0.34375 0.21875
0 0.621875 0.346289 0.0328125 0.0332031
0 0.5375 0.599609 0.0734375 0.15
0 0.546094 0.644141 0.0375 0.0679687
0 0.754687 0.320703 0.365625 0.114063
0 0.313867 0.666406 0.186328 0.232813
0 0.545703 0.689063 0.307031 0.3125
0 0.376953 0.665625 0.0554687 0.0734375
0 0.616406 0.651563 0.270313 0.321875
0 0.582422 0.196826 0.0484375 0.0790039
0 0.358984 0.603516 0.0835937 0.107813
0 0.273828 0.426953 0.547656 0.583594
0 0.611328 0.4375 0.0695313 0.0796875
0 0.533594 0.625 0.075 0.2
0 0.657031 0.610938 0.3 0.198437
0 0.55 0.585938 0.139063 0.173438
0 0.588281 0.263477 0.221875 0.232422
0 0.647656 0.332422 0.1 0.0523438
0 0.519531 0.582812 0.151562 0.182812
0 0.617969 0.709766 0.182812 0.157031
0 0.295508 0.56875 0.229297 0.25625
0 0.680078 0.635156 0.336719 0.260938
0 0.587109 0.548438 0.0710938 0.0984375
0 0.377246 0.591406 0.0689453 0.0796875
0 0.523438 0.242773 0.26875 0.182422
0 0.601562 0.478125 0.135937 0.157813
0 0.601562 0.423438 0.0429688 0.0484375
0 0.558984 0.273828 0.0554687 0.0820312
0 0.628125 0.358789 0.05625 0.0675781
0 0.538281 0.688672 0.4 0.358594
0 0.652734 0.292578 0.075 0.125
0 0.102539 0.215967 0.205078 0.371191
0 0.39834 0.674219 0.10332 0.0953125
0 0.529297 0.562891 0.0507812 0.06875
0 0.549219 0.542969 0.240625 0.285938
0 0.657813 0.292188 0.0625 0.0894531
0 0.129688 0.0726563 0.259375 0.123242
0 0.758594 0.349609 0.310937 0.183594
0 0.517188 0.391504 0.40625 0.676367
0 0.582031 0.569531 0.059375 0.0625
0 0.389062 0.728906 0.0335938 0.103125
0 0.740625 0.298047 0.309375 0.133594
0 0.204297 0.614844 0.408594 0.273438
0 0.3 0.439844 0.263281 0.54375
0 0.594531 0.450391 0.148438 0.169531
0 0.560938 0.428516 0.290625 0.572656
0 0.524219 0.607031 0.0921875 0.19375
0 0.753125 0.199414 0.435937 0.398828
0 0.708984 0.476172 0.428906 0.428125
0 0.625 0.353516 0.0453125 0.0507812
0 0.585938 0.186914 0.20625 0.373828
0 0.307813 0.364844 0.463281 0.279687
0 0.0489258 0.632031 0.0978516 0.376563
0 0.0778809 0.165137 0.155762 0.310352
0 0.404687 0.404687 0.809375 0.614062
0 0.259766 0.516309 0.519531 0.473633
0 0.385156 0.417578 0.45625 0.397656
0 0.582031 0.605859 0.242188 0.352344
0 0.682031 0.632422 0.376563 0.480469
0 0.61875 0.44375 0.0828125 0.0960938
0 0.651563 0.723437 0.117969 0.159375
0 0.735938 0.346484 0.401563 0.425781
0 0.617188 0.190234 0.190625 0.380469
0 0.504785 0.396875 0.448242 0.4875
0 0.395313 0.725 0.0421875 0.104688
0 0.146094 0.234375 0.292188 0.43125
0 0.544531 0.654688 0.0359375 0.06875
0 0.0931641 0.0780273 0.186328 0.147266
0 0.290039 0.80625 0.383984 0.173438
0 0.485254 0.6875 0.281055 0.565625
0 0.577344 0.6 0.1375 0.123438
0 0.632031 0.780469 0.159375 0.270313
0 0.655859 0.332031 0.078125 0.0460938
0 0.391016 0.591406 0.0554687 0.0828125
0 0.619531 0.403906 0.126563 0.190625
0 0.0448242 0.528516 0.0896484 0.355469
0 0.615625 0.442969 0.114063 0.146875
0 0.335156 0.507715 0.670313 0.518945
0 0.283789 0.6875 0.298047 0.384375
0 0.0737305 0.880664 0.147461 0.238672
0 0.394141 0.340625 0.458594 0.35
0 0.527734 0.602734 0.380469 0.366406
0 0.111719 0.134375 0.223438 0.258984
0 0.417969 0.375684 0.6375 0.723633
0 0.23125 0.340625 0.4625 0.2125
0 0.0101318 0.416309 0.0202637 0.308008
0 0.238672 0.426563 0.477344 0.325781
0 0.905859 0.0475586 0.188281 0.0951172
0 0.0477051 0.467187 0.0954102 0.326562
0 0.0742676 0.298828 0.148535 0.341406
0 0.565625 0.581641 0.0609375 0.071875
0 0.0610352 0.0824219 0.12207 0.157813
0 0.0489258 0.0992187 0.0978516 0.198437
0 0.104883 0.957031 0.209766 0.0859375
0 0.578906 0.596875 0.104688 0.107813
0 0.0520996 0.683984 0.104199 0.333594
0 0.625 0.221826 0.179688 0.236035
0 0.0530762 0.869531 0.106152 0.260938
0 0.910156 0.266846 0.179688 0.271777
0 0.493848 0.27793 0.412305 0.328516
0 0.505566 0.620703 0.34043 0.282031
0 0.312109 0.305811 0.444531 0.277441
0 0.594531 0.576172 0.0890625 0.0734375
0 0.323096 0.755469 0.311621 0.254688
0 0.669531 0.725781 0.084375 0.157813
0 0.904688 0.316797 0.190625 0.277344
0 0.0525879 0.40625 0.105176 0.315625
0 0.185352 0.539844 0.342578 0.34375
0 0.0109375 0.624219 0.021875 0.289062
0 0.367188 0.580469 0.138281 0.251563
0 0.549609 0.216797 0.275781 0.339844
0 0.293018 0.640625 0.246777 0.298438
0 0.0592285 0.350391 0.118457 0.323438
0 0.671484 0.75625 0.084375 0.210938
0 0.919531 0.96875 0.160938 0.0625
0 0.696875 0.650781 0.417188 0.3625
0 0.0552246 0.6125 0.110449 0.207813
0 0.380859 0.695312 0.0773438 0.2875
0 0.0551758 0.653906 0.110352 0.298438
0 0.584375 0.46084 0.18125 0.258008
0 0.905469 0.366016 0.189063 0.275781
0 0.228906 0.85 0.425781 0.176563
0 0.630469 0.571094 0.157813 0.0828125
0 0.0554199 0.847461 0.11084 0.305078
0 0.646484 0.653516 0.252344 0.267969
0 0.0103027 0.0714355 0.0206055 0.142871
0 0.0111572 0.355469 0.0223145 0.273438
0 0.214258 0.807617 0.351172 0.184766
0 0.461328 0.78418 0.377344 0.228516
0 0.600781 0.428125 0.0546875 0.059375
0 0.553125 0.204102 0.2125 0.247656
0 0.915234 0.213672 0.169531 0.244531
0 0.632031 0.691016 0.173438 0.221094
0 0.907813 0.413379 0.184375 0.270117
0 0.626563 0.467187 0.110937 0.135937
0 0.253125 0.561328 0.3875 0.538281
0 0.351367 0.666797 0.101172 0.0765625
0 0.634375 0.412109 0.10625 0.1625
0 0.611328 0.428906 0.0539063 0.0609375
0 0.679688 0.714063 0.0546875 0.096875
0 0.0519531 0.477344 0.103906 0.464844
0 0.910937 0.460156 0.178125 0.260938
0 0.0753906 0.942969 0.150781 0.114063
0 0.321484 0.726562 0.253125 0.354688
0 0.624219 0.348438 0.1125 0.0695313
0 0.607813 0.55625 0.117188 0.10625
0 0.132031 0.692187 0.264062 0.44375
0 0.491016 0.960156 0.411719 0.0796875
0 0.614062 0.355469 0.0578125 0.0554687
0 0.912109 0.508594 0.175781 0.251563
0 0.3875 0.433496 0.495313 0.551758
0 0.605859 0.29082 0.152344 0.100391
0 0.642188 0.35625 0.084375 0.0679687
0 0.048877 0.0738281 0.0977539 0.147656
0 0.686719 0.342187 0.184375 0.164062
0 0.247852 0.297705 0.453516 0.250684
0 0.574609 0.574219 0.053125 0.065625
0 0.385938 0.267578 0.4375 0.29375
0 0.011731 0.303516 0.0234619 0.275
0 0.591016 0.959375 0.407031 0.08125
0 0.645703 0.560156 0.139063 0.107813
0 0.636719 0.555469 0.172656 0.0875
0 0.398438 0.688672 0.150781 0.446094
0 0.0131836 0.979688 0.0263672 0.040625
0 0.395703 0.960156 0.410938 0.0796875
0 0.614844 0.534375 0.133594 0.107031
0 0.0118652 0.595703 0.0237305 0.203906
0 0.0544434 0.786719 0.108887 0.298438
0 0.911719 0.557031 0.176563 0.24375
0 0.2625 0.753906 0.340625 0.235938
0 0.292188 0.847656 0.455469 0.160938
0 0.375781 0.675 0.0796875 0.25
0 0.613281 0.28457 0.148438 0.241016
0 0.426953 0.719531 0.182031 0.329688
0 0.37207 0.627734 0.0707031 0.128125
0 0.405469 0.671875 0.134375 0.2375
0 0.458203 0.711719 0.269531 0.325
0 0.358203 0.658594 0.10625 0.221875
0 0.469922 0.537109 0.416406 0.700781
0 0.392578 0.5875 0.135156 0.396875
0 0.339648 0.661719 0.148828 0.225
0 0.493359 0.630078 0.35 0.507031
0 0.361719 0.588672 0.116406 0.391406
0 0.369922 0.599219 0.0742188 0.078125
0 0.616797 0.32207 0.1625 0.310547
0 0.659375 0.316602 0.25 0.276953
0 0.395313 0.573438 0.183594 0.346875
0 0.421484 0.594531 0.178906 0.435937
0 0.346875 0.558984 0.142188 0.320312
0 0.672656 0.304688 0.0460938 0.0820312
0 0.644141 0.316797 0.084375 0.1
0 0.337109 0.629297 0.15625 0.155469
0 0.346094 0.629687 0.13125 0.201563
0 0.640625 0.275586 0.179688 0.230078
0 0.602344 0.229687 0.113281 0.126563
0 0.375391 0.670313 0.0515625 0.075
0 0.666406 0.363281 0.271875 0.221875
0 0.573438 0.265625 0.071875 0.114453
0 0.582422 0.220752 0.0695313 0.106152
0 0.561719 0.223828 0.034375 0.04375
0 0.693359 0.276563 0.297656 0.2
0 0.387891 0.639844 0.0757812 0.126563
0 0.466797 0.59375 0.260156 0.426563
0 0.378125 0.703125 0.0640625 0.139063
0 0.528906 0.721094 0.391406 0.321875
0 0.386328 0.754687 0.0289063 0.04375
0 0.390625 0.710156 0.120313 0.320312
0 0.586719 0.241748 0.0859375 0.149316
0 0.597266 0.211377 0.100781 0.0991211
0 0.563281 0.250781 0.0484375 0.129297
0 0.573828 0.204736 0.0515625 0.0795898
0 0.675 0.311719 0.059375 0.08125
0 0.563281 0.216602 0.0359375 0.0453125
0 0.376953 0.604688 0.065625 0.053125
0 0.492578 0.732813 0.292969 0.3625
0 0.610156 0.202734 0.104688 0.0765625
0 0.274219 0.591016 0.03125 0.046875
0 0.3875 0.746484 0.0320312 0.0648438
0 0.371094 0.6625 0.053125 0.065625
0 0.329492 0.591016 0.167578 0.216406
0 0.395313 0.766016 0.0359375 0.0835937
0 0.744141 0.521973 0.511719 0.71543
0 0.55625 0.228516 0.0421875 0.0578125
0 0.3625 0.616406 0.0742188 0.119531
0 0.66875 0.30332 0.040625 0.065625
0 0.407422 0.499219 0.0390625 0.040625
0 0.408594 0.495313 0.04375 0.053125
0 0.323828 0.545313 0.178906 0.310937
0 0.509375 0.592969 0.25 0.482812
0 0.386719 0.601172 0.0625 0.0640625
0 0.607031 0.249219 0.115625 0.167969
0 0.580859 0.201758 0.0554687 0.0710938
0 0.71875 0.489844 0.395313 0.651563
0 0.349609 0.702344 0.152344 0.3125
0 0.650781 0.307422 0.0734375 0.0773438
0 0.392969 0.655078 0.0882813 0.1625
0 0.510156 0.778906 0.03125 0.040625
0 0.45625 0.772461 0.282813 0.455078
0 0.677734 0.229639 0.297656 0.38291
0 0.417969 0.0525391 0.0578125 0.105078
0 0.217578 0.5625 0.435156 0.34375
0 0.401563 0.501563 0.0375 0.040625
0 0.355078 0.597656 0.0570313 0.0765625
0 0.672266 0.239844 0.244531 0.264062
0 0.388672 0.708203 0.0804688 0.150781
0 0.371875 0.548047 0.146094 0.292188
0 0.558203 0.25957 0.0460938 0.108594
0 0.552344 0.533691 0.303125 0.718555
0 0.599609 0.521777 0.511719 0.712695
0 0.585938 0.196875 0.0367188 0.0601563
0 0.418359 0.491016 0.0679687 0.0648438
0 0.56875 0.285547 0.06875 0.16875
0 0.519531 0.34043 0.059375 0.133203
0 0.645703 0.352539 0.0914062 0.191797
0 0.280469 0.590234 0.0382813 0.0523438
0 0.40625 0.761719 0.0632813 0.15
0 0.504687 0.769922 0.3625 0.460156
0 0.683984 0.358594 0.317969 0.399219
0 0.348633 0.594531 0.046875 0.0664062
0 0.429688 0.0530762 0.059375 0.106152
0 0.423047 0.607813 0.278906 0.382812
0 0.267188 0.588281 0.0429688 0.053125
0 0.527344 0.358594 0.075 0.104688
0 0.395313 0.744141 0.0375 0.116406
0 0.620313 0.53291 0.335938 0.73418
0 0.498828 0.715625 0.217969 0.315625
0 0.507812 0.773438 0.375 0.453125
0 0.344141 0.0519531 0.0519531 0.103906
0 0.0585938 0.107813 0.117188 0.210938
0 0.660937 0.304883 0.053125 0.0730469
0 0.711328 0.358203 0.260156 0.210938
0 0.357422 0.627734 0.0882813 0.148438
0 0.650781 0.385254 0.229687 0.304492
0 0.625 0.398535 0.18125 0.413867
0 0.087207 0.105176 0.174414 0.202148
0 0.106055 0.565625 0.212109 0.40625
0 0.354688 0.0518555 0.0578125 0.103711
0 0.39541 0.607813 0.0794922 0.0640625
0 0.625781 0.396973 0.0625 0.145117
0 0.632812 0.380859 0.075 0.175781
0 0.495996 0.778711 0.248633 0.442578
0 0.588672 0.272656 0.100781 0.163281
0 0.378906 0.0517578 0.0578125 0.103516
0 0.510156 0.355273 0.0359375 0.0628906
0 0.43916 0.559375 0.223242 0.298438
0 0.189453 0.479297 0.378906 0.475781
0 0.470313 0.467187 0.0328125 0.05
0 0.397559 0.0518555 0.0486328 0.103711
0 0.461816 0.688672 0.220117 0.277344
0 0.335352 0.0521484 0.0476562 0.104297
0 0.474219 0.467578 0.040625 0.0617188
0 0.367773 0.0519531 0.0574219 0.103906
0 0.440625 0.0531738 0.05625 0.106348
0 0.480078 0.469531 0.0484375 0.0828125
0 0.387109 0.709375 0.0390625 0.139063
0 0.0560059 0.150195 0.112012 0.289844
0 0.371094 0.732031 0.173438 0.373437
0 0.0899414 0.547656 0.179102 0.328125
0 0.536719 0.344141 0.0921875 0.119531
0 0.620313 0.416016 0.0632813 0.117188
0 0.0384766 0.103125 0.0769531 0.20625
0 0.31875 0.733594 0.173438 0.3875
0 0.391406 0.644922 0.10625 0.130469
0 0.0558105 0.213477 0.111621 0.239844
0 0.389844 0.727344 0.0320312 0.1
0 0.44375 0.601172 0.364063 0.474219
0 0.40625 0.730469 0.0609375 0.164062
0 0.390234 0.7625 0.0367188 0.05
0 0.595313 0.237305 0.196875 0.300391
0 0.688672 0.29668 0.0890625 0.0882813
0 0.444531 0.865625 0.0375 0.046875
0 0.46875 0.464844 0.0265625 0.0429688
0 0.384766 0.595313 0.0742188 0.0796875
0 0.314453 0.619531 0.189063 0.157813
0 0.283594 0.650781 0.0453125 0.046875
0 0.0435547 0.131836 0.0871094 0.263672
0 0.341406 0.761719 0.185156 0.44375
0 0.408594 0.0476562 0.0515625 0.0953125
0 0.542188 0.582129 0.21875 0.55293
0 0.511719 0.361328 0.04375 0.0789063
0 0.0415161 0.551562 0.0818115 0.329688
0 0.054541 0.538281 0.106934 0.285156
0 0.542969 0.6875 0.276563 0.304688
0 0.0143555 0.139551 0.0287109 0.273242
0 0.616016 0.428906 0.05625 0.0765625
0 0.694922 0.455078 0.236719 0.425781
0 0.675391 0.298047 0.0570313 0.0890625
0 0.345313 0.600391 0.135156 0.0875
0 0.61875 0.383984 0.0625 0.125781
0 0.339453 0.596094 0.0515625 0.0734375
0 0.437109 0.485938 0.101562 0.0921875
0 0.392578 0.629687 0.090625 0.100781
0 0.694531 0.304492 0.340625 0.319922
0 0.408203 0.785742 0.0671875 0.137891
0 0.533203 0.372266 0.0875 0.107813
0 0.561719 0.252002 0.260938 0.345996
0 0.399219 0.785937 0.0460938 0.0984375
0 0.628125 0.348047 0.05 0.142969
0 0.596875 0.408691 0.175 0.451367
0 0.0901367 0.176172 0.180273 0.274219
0 0.41875 0.742969 0.084375 0.201563
0 0.385059 0.586719 0.304883 0.371875
0 0.957422 0.215234 0.0851563 0.430469
0 0.587891 0.315625 0.190625 0.314063
0 0.399219 0.496094 0.0429688 0.053125
0 0.0145996 0.0954102 0.0291992 0.19082
0 0.0822266 0.215186 0.164453 0.243848
0 0.400781 0.705859 0.0421875 0.146094
0 0.455078 0.871875 0.0492188 0.040625
0 0.53125 0.253906 0.307813 0.40625
0 0.4375 0.864062 0.0296875 0.0421875
0 0.464844 0.470313 0.059375 0.065625
0 0.453125 0.864844 0.053125 0.05
0 0.324609 0.0520508 0.0480469 0.104102
0 0.404297 0.484766 0.0523438 0.071875
0 0.442188 0.480469 0.0375 0.0640625
0 0.132031 0.122852 0.264062 0.237109
0 0.650781 0.196533 0.0328125 0.0584961
0 0.480469 0.819531 0.0953125 0.132812
0 0.488672 0.44834 0.06875 0.176758
0 0.343164 0.510156 0.114453 0.225
0 0.503906 0.359375 0.028125 0.0546875
0 0.605469 0.430859 0.0445313 0.0710938
0 0.638281 0.219189 0.189844 0.281152
0 0.364844 0.663281 0.075 0.0734375
0 0.108789 0.415625 0.208984 0.480469
0 0.254883 0.592969 0.303516 0.209375
0 0.0368164 0.574219 0.0734375 0.521875
0 0.702344 0.219189 0.259375 0.288184
0 0.439063 0.507031 0.110937 0.135937
0 0.0450195 0.208789 0.0900391 0.294141
0 0.751953 0.378809 0.278906 0.243945
0 0.421875 0.704688 0.246875 0.35625
0 0.449219 0.0577637 0.059375 0.115527
0 0.0602051 0.43916 0.12041 0.41543
0 0.112109 0.684375 0.217969 0.267188
0 0.379785 0.657813 0.323242 0.2375
0 0.517578 0.392578 0.0570313 0.132031
0 0.047168 0.280078 0.0943359 0.28125
0 0.976562 0.225195 0.046875 0.450391
0 0.398047 0.66875 0.3 0.340625
0 0.472266 0.458594 0.0359375 0.05625
0 0.171094 0.548438 0.329688 0.346875
0 0.513281 0.544629 0.195312 0.349805
0 0.420703 0.480469 0.0703125 0.078125
0 0.276367 0.715625 0.269141 0.342187
0 0.601562 0.425391 0.0335938 0.0539063
0 0.403125 0.708203 0.071875 0.172656
0 0.598437 0.199805 0.05 0.0792969
0 0.283984 0.653906 0.0539063 0.0585938
0 0.297461 0.651563 0.0675781 0.0554687
0 0.455469 0.471094 0.0539063 0.05625
0 0.446875 0.857813 0.0421875 0.0625
0 0.13457 0.503223 0.269141 0.404492
0 0.258008 0.580469 0.0539063 0.0703125
0 0.211572 0.627734 0.393262 0.485156
0 0.0982422 0.138477 0.196484 0.269922
0 0.0707031 0.516016 0.115625 0.335156
0 0.492969 0.422559 0.065625 0.195508
0 0.307031 0.590625 0.102344 0.0578125
0 0.596094 0.279297 0.146094 0.31875
0 0.262109 0.573828 0.0414063 0.0726563
0 0.644531 0.285938 0.0859375 0.139063
0 0.772656 0.41416 0.285938 0.310742
0 0.0109253 0.192969 0.0218506 0.274219
0 0.0546875 0.479004 0.109375 0.348242
0 0.0098877 0.876563 0.0197754 0.246875
0 0.610938 0.636328 0.370313 0.432031
0 0.54375 0.6125 0.246875 0.342187
0 0.0732422 0.404297 0.146484 0.226562
0 0.689844 0.314844 0.0953125 0.0824219
0 0.471484 0.525391 0.222656 0.250781
0 0.619531 0.255664 0.121875 0.198437
0 0.535156 0.530469 0.173438 0.529688
0 0.335938 0.513281 0.0460938 0.06875
0 0.259375 0.553516 0.278906 0.285938
0 0.403906 0.741016 0.135156 0.305469
0 0.742969 0.432031 0.103125 0.0984375
0 0.112598 0.633594 0.219336 0.296875
0 0.622266 0.448438 0.0820312 0.124219
0 0.317773 0.629687 0.558203 0.34375
0 0.032666 0.267773 0.065332 0.347266
0 0.0456177 0.506641 0.0892334 0.289844
0 0.657813 0.321094 0.075 0.0878906
0 0.419141 0.533984 0.0757812 0.160156
0 0.504687 0.369531 0.0375 0.0773438
0 0.619531 0.354883 0.0375 0.0519531
0 0.625 0.475684 0.15625 0.542383
0 0.0787109 0.695312 0.157422 0.26875
0 0.0794922 0.135547 0.158984 0.235938
0 0.659375 0.216602 0.0375 0.0871094
0 0.335938 0.522266 0.0421875 0.0507812
0 0.0719238 0.455469 0.0413086 0.0578125
0 0.48125 0.491797 0.452344 0.497656
0 0.553906 0.190039 0.242188 0.264844
0 0.485938 0.483594 0.0640625 0.0921875
0 0.325781 0.503516 0.0867188 0.214844
0 0.65625 0.204102 0.04375 0.0855469
0 0.662109 0.478906 0.175781 0.539844
0 0.126758 0.595703 0.250391 0.204688
0 0.413281 0.767188 0.396875 0.465625
0 0.382031 0.752344 0.0359375 0.0515625
0 0.043457 0.864844 0.0869141 0.270313
0 0.636719 0.254102 0.08125 0.194141
0 0.457031 0.823633 0.0578125 0.133984
0 0.568359 0.834375 0.05625 0.0484375
0 0.338672 0.55 0.291406 0.323438
0 0.323438 0.594531 0.121875 0.06875
0 0.266406 0.628516 0.532813 0.413281
0 0.952344 0.187207 0.0953125 0.374414
0 0.476465 0.489844 0.206445 0.226562
0 0.3625 0.589063 0.0601563 0.0796875
0 0.505078 0.779688 0.0367188 0.0515625
0 0.0910156 0.626563 0.182031 0.44375
0 0.682031 0.0282227 0.0890625 0.0564453
0 0.515625 0.472656 0.198437 0.4125
0 0.0109253 0.242383 0.0218506 0.274609
0 0.453516 0.849219 0.0578125 0.0859375
0 0.505469 0.410254 0.0421875 0.174805
0 0.542578 0.675 0.0664062 0.1875
0 0.0391602 0.313281 0.0783203 0.321875
0 0.605469 0.394531 0.046875 0.117969
0 0.566406 0.204297 0.0398437 0.0675781
0 0.65 0.0300293 0.115625 0.0526367
0 0.342969 0.519141 0.0585938 0.059375
0 0.309766 0.0519043 0.0546875 0.103809
0 0.736719 0.528516 0.1 0.0585938
0 0.0344727 0.576563 0.0689453 0.167187
0 0.352539 0.491406 0.0863281 0.11875
0 0.469922 0.494922 0.133594 0.110156
0 0.484375 0.508984 0.126563 0.141406
0 0.613281 0.335156 0.159375 0.353125
0 0.492969 0.569922 0.384375 0.799219
0 0.496484 0.467187 0.363281 0.582031
0 0.42334 0.585156 0.212695 0.334375
0 0.613281 0.276611 0.159375 0.228027
0 0.0835937 0.172656 0.0296875 0.040625
0 0.436035 0.494629 0.251367 0.468555
0 0.580078 0.518652 0.195312 0.689258
0 0.440723 0.584375 0.257617 0.428125
0 0.616406 0.392188 0.165625 0.50625
0 0.650781 0.322656 0.09375 0.113281
0 0.560938 0.221875 0.03125 0.0394531
0 0.642188 0.538672 0.261719 0.744531
0 0.7625 0.484375 0.475 0.626563
0 0.358594 0.578906 0.332813 0.326562
0 0.5625 0.220313 0.046875 0.040625
0 0.604688 0.255127 0.126563 0.178027
0 0.358789 0.625391 0.312109 0.152344
0 0.414453 0.622656 0.219531 0.146875
0 0.577344 0.255859 0.0867188 0.114063
0 0.725 0.519141 0.414062 0.714844
0 0.0828125 0.175439 0.0380859 0.0459961
0 0.0887695 0.175586 0.040625 0.0535156
0 0.582812 0.212891 0.075 0.059375
0 0.558203 0.227148 0.0492188 0.0566406
0 0.308594 0.615234 0.441406 0.336719
0 0.415234 0.636719 0.230469 0.396875
0 0.670703 0.287891 0.0421875 0.0453125
0 0.42334 0.59375 0.206445 0.210938
0 0.590625 0.219922 0.0953125 0.0578125
0 0.672266 0.298828 0.0476562 0.071875
0 0.610938 0.501172 0.1875 0.647656
0 0.657031 0.2625 0.225 0.211719
0 0.599219 0.20625 0.10625 0.0820312
0 0.633594 0.297217 0.214062 0.266504
0 0.666406 0.315625 0.0625 0.0976562
0 0.471484 0.591406 0.286719 0.326562
0 0.575781 0.205078 0.0632813 0.0730469
0 0.5875 0.241211 0.0984375 0.112891
0 0.0824463 0.166016 0.0464355 0.0671875
0 0.661719 0.314893 0.275 0.326465
0 0.763281 0.410547 0.473438 0.483594
0 0.565625 0.337695 0.29375 0.370703
0 0.589453 0.275781 0.0976562 0.139063
0 0.186133 0.136328 0.372266 0.272656
0 0.707031 0.451562 0.354688 0.580469
0 0.446191 0.643359 0.301367 0.447656
0 0.471484 0.639844 0.229687 0.504687
0 0.583984 0.397559 0.248438 0.489258
0 0.674219 0.311328 0.05 0.0859375
0 0.335156 0.657031 0.390625 0.208594
0 0.645312 0.410938 0.120313 0.5375
0 0.308984 0.692187 0.361719 0.3
0 0.441797 0.73125 0.235156 0.50625
0 0.11875 0.119434 0.2375 0.238867
0 0.583594 0.194141 0.0390625 0.0539063
0 0.369531 0.48125 0.292188 0.464844
0 0.378516 0.594531 0.296875 0.235938
0 0.236133 0.127734 0.469922 0.2375
0 0.0587769 0.189014 0.0951416 0.0821289
0 0.28457 0.576563 0.539453 0.276563
0 0.603516 0.422656 0.0296875 0.046875
0 0.415234 0.723047 0.232031 0.389844
0 0.680469 0.198437 0.279687 0.396875
0 0.565625 0.206982 0.040625 0.0665039
0 0.103149 0.180664 0.0694824 0.0546875
0 0.411035 0.452441 0.22793 0.523242
0 0.714453 0.246045 0.357031 0.36416
0 0.358398 0.645703 0.376953 0.441406
0 0.573438 0.267236 0.104688 0.207715
0 0.606641 0.392188 0.0390625 0.120313
0 0.615234 0.392188 0.0585938 0.120313
0 0.295312 0.632812 0.389062 0.164062
0 0.503027 0.676562 0.41582 0.553125
0 0.0866699 0.055957 0.17334 0.111914
0 0.70625 0.551172 0.435937 0.485156
0 0.707812 0.325781 0.345313 0.354688
0 0.616797 0.215039 0.148438 0.0816406
0 0.625781 0.434375 0.121875 0.551562
0 0.316016 0.548438 0.445312 0.338281
0 0.632812 0.335547 0.0679687 0.146875
0 0.756055 0.438281 0.487891 0.339063
0 0.331445 0.739062 0.320703 0.417188
0 0.739453 0.195703 0.394531 0.391406
0 0.678125 0.320703 0.059375 0.105469
0 0.279297 0.621484 0.558594 0.224219
0 0.156836 0.923438 0.313672 0.153125
0 0.609766 0.303174 0.184375 0.278809
0 0.422754 0.571094 0.179492 0.2625
0 0.600781 0.255908 0.160938 0.186621
0 0.426953 0.625781 0.189844 0.357812
0 0.378809 0.622656 0.0783203 0.15
0 0.382715 0.655859 0.0798828 0.2
0 0.419531 0.619531 0.175 0.167969
0 0.414941 0.590625 0.23418 0.304688
0 0.507812 0.639453 0.339063 0.371094
0 0.415625 0.482812 0.195312 0.474219
0 0.512109 0.460547 0.389844 0.569531
0 0.616797 0.455566 0.417969 0.562305
0 0.12002 0.235205 0.105273 0.152246
0 0.532422 0.689063 0.382031 0.476562
0 0.6125 0.453906 0.21875 0.56875
0 0.450098 0.459277 0.256055 0.543945
0 0.457422 0.664453 0.250781 0.427344
0 0.358789 0.596875 0.351172 0.328125
0 0.412891 0.530469 0.189844 0.165625
0 0.173242 0.283203 0.0472656 0.0703125
0 0.0914062 0.190283 0.0523438 0.0670898
0 0.113477 0.209814 0.0984375 0.120215
0 0.606641 0.209375 0.113281 0.101562
0 0.0894531 0.18418 0.0416016 0.0496094
0 0.361328 0.633594 0.1 0.15625
0 0.106836 0.198389 0.0820312 0.0844727
0 0.0847656 0.192529 0.0730469 0.0766602
0 0.179492 0.283203 0.0335938 0.0757812
0 0.587891 0.237842 0.125781 0.155566
0 0.643359 0.419629 0.258594 0.516992
0 0.61875 0.389453 0.0625 0.126563
0 0.0814453 0.230078 0.147266 0.15
0 0.859375 0.801562 0.028125 0.0359375
0 0.170703 0.261914 0.06875 0.113672
0 0.610547 0.720703 0.566406 0.513281
0 0.102734 0.186914 0.071875 0.0558594
0 0.378906 0.610156 0.08125 0.107813
0 0.0758789 0.483594 0.0410156 0.1375
0 0.407422 0.651563 0.123438 0.251563
0 0.7125 0.459375 0.560938 0.56875
0 0.0794922 0.194092 0.0988281 0.0915039
0 0.542188 0.566797 0.434375 0.794531
0 0.0957275 0.201611 0.0995606 0.103027
0 0.355469 0.658203 0.403125 0.417969
0 0.432422 0.664844 0.180469 0.228125
0 0.649609 0.327539 0.0976562 0.130859
0 0.471875 0.508594 0.0875 0.14375
0 0.598437 0.224805 0.0953125 0.137891
0 0.181641 0.286523 0.028125 0.0578125
0 0.33208 0.714063 0.370996 0.321875
0 0.0649292 0.189648 0.0974854 0.0714844
0 0.137476 0.24043 0.125439 0.166016
0 0.166113 0.279297 0.0564453 0.0632813
0 0.569141 0.258594 0.0671875 0.114063
0 0.860938 0.795313 0.03125 0.0515625
0 0.0727539 0.475 0.0369141 0.10625
0 0.592578 0.386719 0.10625 0.128906
0 0.594531 0.205078 0.0820312 0.0867188
0 0.865625 0.756641 0.04375 0.133594
0 0.702344 0.455859 0.392188 0.560156
0 0.094165 0.180469 0.0608887 0.0667969
0 0.871875 0.760938 0.059375 0.1375
0 0.325391 0.633594 0.179688 0.154688
0 0.860156 0.803125 0.034375 0.04375
0 0.169336 0.285352 0.0605469 0.0886719
0 0.574219 0.270313 0.0796875 0.146094
0 0.61875 0.226758 0.185938 0.156641
0 0.392188 0.551172 0.228906 0.211719
0 0.305859 0.405859 0.053125 0.110156
0 0.35 0.464844 0.351562 0.4875
0 0.387402 0.666016 0.550195 0.438281
0 0.528516 0.359766 0.314844 0.307813
0 0.5875 0.215576 0.08125 0.111035
0 0.0773682 0.20918 0.111279 0.120313
0 0.15166 0.248047 0.0806641 0.132031
0 0.617969 0.202295 0.115625 0.0852539
0 0.0826172 0.485156 0.0576172 0.139063
0 0.358594 0.665625 0.11875 0.223438
0 0.534766 0.315283 0.342187 0.291309
0 0.175781 0.291992 0.0433594 0.096875
0 0.660156 0.258789 0.164062 0.195703
0 0.0543457 0.171777 0.0995117 0.112695
0 0.0725098 0.453906 0.0325195 0.0585938
0 0.860938 0.786133 0.03125 0.0746094
0 0.46875 0.494531 0.084375 0.104688
0 0.636719 0.245752 0.201563 0.182715
0 0.0474121 0.491016 0.0948242 0.136719
0 0.566406 0.238721 0.059375 0.145215
0 0.410156 0.737891 0.06875 0.153906
0 0.107813 0.242188 0.192969 0.172656
0 0.324609 0.664844 0.467969 0.234375
0 0.084082 0.183594 0.0539063 0.0710938
0 0.16543 0.186133 0.308984 0.248047
0 0.108813 0.194189 0.0812012 0.0608398
0 0.55625 0.243359 0.04375 0.102344
0 0.163965 0.237891 0.189258 0.167969
0 0.101782 0.176172 0.079248 0.0839844
0 0.0699219 0.461719 0.0353516 0.0804688
0 0.068457 0.492188 0.0558594 0.15
0 0.155957 0.258203 0.0537109 0.123438
0 0.0274414 0.166699 0.0408203 0.111523
0 0.155664 0.277734 0.0441406 0.0609375
0 0.17002 0.245508 0.331445 0.164062
0 0.469531 0.700391 0.517188 0.417969
0 0.407422 0.507422 0.0460938 0.05625
0 0.314063 0.429297 0.0335938 0.0484375
0 0.185352 0.285547 0.0867188 0.0695313
0 0.622656 0.397559 0.0710938 0.161133
0 0.6 0.388672 0.0429688 0.121875
0 0.561719 0.227539 0.169531 0.148047
0 0.390625 0.735938 0.0351562 0.110937
0 0.646875 0.55459 0.3875 0.75957
0 0.591406 0.201123 0.0609375 0.0735352
0 0.0912354 0.171777 0.0589355 0.0896484
0 0.177539 0.25625 0.0824219 0.142188
0 0.548047 0.974219 0.536719 0.0515625
0 0.601172 0.75625 0.528906 0.307813
0 0.391797 0.514844 0.221875 0.185938
0 0.55625 0.24082 0.0390625 0.0792969
0 0.573047 0.876563 0.510156 0.146875
0 0.392969 0.721484 0.0382813 0.130469
0 0.396973 0.670703 0.0826172 0.208594
0 0.310742 0.663281 0.232422 0.214062
0 0.471094 0.484375 0.0671875 0.078125
0 0.425781 0.495313 0.0703125 0.065625
0 0.402344 0.726953 0.0515625 0.142969
0 0.457715 0.975 0.556445 0.05
0 0.367383 0.628125 0.0582031 0.146875
0 0.644922 0.973437 0.510156 0.053125
0 0.739844 0.321875 0.145313 0.11875
0 0.561719 0.264062 0.0617188 0.139844
0 0.575781 0.209326 0.053125 0.0883789
0 0.121484 0.198096 0.0546875 0.0506836
0 0.0241455 0.162305 0.0351074 0.0925781
0 0.442188 0.485156 0.114063 0.0835937
0 0.857031 0.79082 0.03125 0.0621094
0 0.3 0.685156 0.576563 0.2875
0 0.293359 0.628125 0.221094 0.15
0 0.535547 0.416797 0.302344 0.291406
0 0.512891 0.524219 0.238281 0.171875
0 0.446094 0.519531 0.129688 0.15
0 0.414062 0.498437 0.0523438 0.0546875
0 0.346484 0.55 0.333594 0.2625
0 0.124805 0.215039 0.0734375 0.119141
0 0.619922 0.197705 0.1 0.0670898
0 0.475 0.480469 0.04375 0.06875
0 0.489453 0.878125 0.541406 0.140625
0 0.665234 0.311719 0.311719 0.2875
0 0.561719 0.235547 0.040625 0.071875
0 0.337305 0.670703 0.311328 0.249219
0 0.527734 0.938281 0.635156 0.123438
0 0.685938 0.263672 0.232813 0.207813
0 0.370117 0.975 0.531641 0.05
0 0.408594 0.501953 0.0390625 0.0453125
0 0.388281 0.755469 0.0304688 0.0484375
0 0.111523 0.953906 0.223047 0.0921875
0 0.4125 0.511719 0.0640625 0.090625
0 0.405469 0.715625 0.0695313 0.217188
0 0.483594 0.558594 0.140625 0.24375
0 0.136914 0.227344 0.0714844 0.107031
0 0.896094 0.00445557 0.207813 0.00891113
0 0.71875 0.598828 0.33125 0.705469
0 0.626172 0.182422 0.196094 0.195312
0 0.149902 0.276172 0.0322266 0.0585938
0 0.586719 0.24043 0.09375 0.169141
0 0.389062 0.711719 0.0453125 0.164062
0 0.302344 0.398047 0.0484375 0.0867188
0 0.153906 0.276172 0.113281 0.0957031
0 0.492969 0.226758 0.363281 0.140625
0 0.298438 0.710938 0.596875 0.3
0 0.749219 0.974219 0.501563 0.0515625
0 0.6875 0.71875 0.0390625 0.090625
0 0.544531 0.464063 0.307813 0.307813
0 0.111938 0.169238 0.0890137 0.0951172
0 0.0654785 0.488281 0.130957 0.153906
0 0.188672 0.149414 0.375781 0.282422
0 0.0932617 0.215576 0.167383 0.202441
0 0.316016 0.430469 0.0433594 0.0578125
0 0.789453 0.737891 0.421094 0.508594
0 0.272656 0.973437 0.4875 0.053125
0 0.682813 0.88125 0.579688 0.15
0 0.683594 0.725 0.046875 0.1125
0 0.186328 0.287891 0.0613281 0.0640625
0 0.566406 0.219922 0.0453125 0.110937
0 0.482812 0.519531 0.0859375 0.154688
0 0.0904541 0.495703 0.0999512 0.150781
0 0.104492 0.284961 0.208984 0.267578
0 0.376172 0.699219 0.0523438 0.160938
0 0.664844 0.308594 0.0640625 0.0921875
0 0.642969 0.214258 0.152344 0.110937
0 0.874219 0.780469 0.071875 0.1625
0 0.0970703 0.839844 0.194141 0.198437
0 0.146875 0.155566 0.273438 0.311133
0 0.63584 0.671094 0.65332 0.401563
0 0.725391 0.685547 0.303906 0.550781
0 0.682031 0.319141 0.0625 0.1125
0 0.621094 0.209961 0.2125 0.419922
0 0.532031 0.346094 0.0828125 0.129688
0 0.695312 0.694531 0.0234375 0.0375
0 0.484766 0.5 0.0609375 0.110937
0 0.305469 0.373633 0.0609375 0.150391
0 0.0623047 0.216357 0.115234 0.135254
0 0.754297 0.400684 0.491406 0.30957
0 0.660547 0.789062 0.600781 0.25
0 0.406348 0.537891 0.0857422 0.153906
0 0.523438 0.307227 0.229687 0.270703
0 0.429688 0.486719 0.08125 0.0757812
0 0.386719 0.744531 0.514063 0.335938
0 0.0996094 0.885938 0.199219 0.2
0 0.384766 0.00344238 0.207031 0.00688477
0 0.460254 0.00302734 0.206055 0.00605469
0 0.125781 0.205908 0.0548828 0.0741211
0 0.914453 0.00385742 0.171094 0.00771484
0 0.605078 0.19917 0.075 0.0790039
0 0.0918945 0.788281 0.183789 0.18125
0 0.756055 0.10271 0.487891 0.189502
0 0.203711 0.275195 0.391016 0.245703
0 0.600391 0.425 0.0382813 0.0515625
0 0.750586 0.493359 0.498828 0.313281
0 0.184326 0.286719 0.0430664 0.0851563
0 0.929297 0.95625 0.141406 0.0875
0 0.377344 0.633203 0.0570313 0.140625
0 0.1 0.262451 0.2 0.215723
0 0.66875 0.215234 0.3125 0.430469
0 0.301953 0.382812 0.0453125 0.0523438
0 0.859375 0.00351563 0.207813 0.00703125
0 0.676172 0.311719 0.05 0.0929688
0 0.692969 0.714063 0.034375 0.075
0 0.749609 0.309766 0.177344 0.142969
0 0.173828 0.963281 0.347656 0.0734375
0 0.0408691 0.169434 0.0756836 0.100586
0 0.390625 0.938281 0.645312 0.123438
0 0.744336 0.357617 0.511328 0.300391
0 0.158691 0.297461 0.274023 0.294922
0 0.662109 0.938672 0.633594 0.122656
0 0.209033 0.00229492 0.211621 0.00458984
0 0.200781 0.970313 0.401563 0.059375
0 0.139941 0.441406 0.237305 0.575
0 0.610156 0.002771 0.20625 0.00554199
0 0.214844 0.442188 0.429688 0.565625
0 0.55625 0.505469 0.348438 0.217188
0 0.498437 0.00275879 0.20625 0.00551758
0 0.417188 0.489453 0.059375 0.0695313
0 0.763281 0.578809 0.473438 0.420508
0 0.0986328 0.923438 0.197266 0.153125
0 0.640625 0.360156 0.0851563 0.2
0 0.533984 0.248633 0.360938 0.286328
0 0.0922852 0.734375 0.18457 0.16875
0 0.121265 0.187158 0.107861 0.0709961
0 0.422266 0.00314941 0.207031 0.00629883
0 0.523047 0.35625 0.0546875 0.0828125
0 0.683203 0.701563 0.0492188 0.0890625
0 0.797461 0.977344 0.405078 0.0453125
0 0.694531 0.701563 0.028125 0.0507812
0 0.735547 0.169922 0.403906 0.301563
0 0.346289 0.00333252 0.205078 0.00666504
0 0.464063 0.552344 0.109375 0.226562
0 0.807617 0.757227 0.384766 0.485547
0 0.335156 0.469531 0.084375 0.1375
0 0.535937 0.00257568 0.201563 0.00515137
0 0.109961 0.331982 0.219922 0.364941
0 0.0724121 0.0776367 0.144824 0.155273
0 0.726172 0.283398 0.197656 0.188672
0 0.690234 0.701172 0.0351562 0.059375
0 0.173828 0.000537109 0.180469 0.00107422
0 0.291797 0.692187 0.369531 0.265625
0 0.367383 0.882812 0.569922 0.146875
0 0.514063 0.356641 0.034375 0.053125
0 0.4625 0.570703 0.139063 0.260156
0 0.725781 0.320703 0.520312 0.271094
0 0.420312 0.0561523 0.0625 0.112305
0 0.516406 0.56875 0.153125 0.265625
0 0.608203 0.304688 0.177344 0.278906
0 0.616406 0.258252 0.153125 0.185059
0 0.480859 0.475781 0.401563 0.60625
0 0.12627 0.228516 0.11543 0.134375
0 0.0883789 0.172461 0.0326172 0.0296875
0 0.5625 0.473438 0.276563 0.609375
0 0.601172 0.4625 0.205469 0.578125
0 0.494434 0.612891 0.337695 0.327344
0 0.0900391 0.175781 0.0386719 0.0335938
0 0.423047 0.623828 0.204688 0.325781
0 0.369531 0.668359 0.08125 0.209375
0 0.0884766 0.168164 0.0371094 0.0371094
0 0.106152 0.189648 0.0794922 0.0613281
0 0.573047 0.20293 0.0484375 0.0683594
0 0.305469 0.398438 0.046875 0.08125
0 0.652344 0.312891 0.0921875 0.0859375
0 0.407813 0.467969 0.259375 0.603125
0 0.0955322 0.189453 0.060498 0.0578125
0 0.365625 0.63125 0.084375 0.142188
0 0.0898438 0.174805 0.05625 0.0351562
0 0.310937 0.399219 0.0328125 0.0742188
0 0.566797 0.2125 0.034375 0.0445313
0 0.17002 0.282031 0.0642578 0.0644531
0 0.436621 0.571484 0.23457 0.253125
0 0.110132 0.202002 0.0867676 0.0811523
0 0.332422 0.630469 0.151562 0.142188
0 0.0959961 0.175586 0.059375 0.0433594
0 0.0734863 0.449219 0.0270508 0.0484375
0 0.482812 0.473438 0.05 0.0507812
0 0.857813 0.798438 0.021875 0.034375
0 0.0930664 0.227393 0.170898 0.149902
0 0.479688 0.465625 0.0414063 0.0390625
0 0.106152 0.181445 0.0996094 0.0550781
0 0.471875 0.483594 0.075 0.0734375
0 0.147754 0.155273 0.270117 0.310547
0 0.411719 0.502344 0.0507812 0.040625
0 0.666016 0.285547 0.274219 0.246094
0 0.0722656 0.442188 0.0265625 0.040625
0 0.303516 0.388965 0.0453125 0.0611328
0 0.564453 0.21875 0.03125 0.0351562
0 0.312891 0.419531 0.0296875 0.034375
0 0.0868896 0.167969 0.058252 0.04375
0 0.312109 0.413281 0.0359375 0.046875
0 0.859375 0.791992 0.025 0.0503906
0 0.585547 0.202734 0.071875 0.0695313
0 0.115039 0.194922 0.0761719 0.0441406
0 0.177148 0.281836 0.0402344 0.0644531
0 0.5875 0.199609 0.05 0.0652344
0 0.562891 0.224414 0.0351562 0.0441406
0 0.0724609 0.451562 0.0371094 0.0585938
0 0.166016 0.273828 0.0632813 0.0484375
0 0.673828 0.308203 0.040625 0.0835937
0 0.476562 0.470313 0.065625 0.0515625
0 0.123145 0.189404 0.0550781 0.0446289
0 0.405859 0.499219 0.0351562 0.0375
0 0.85625 0.798438 0.03125 0.05
0 0.560938 0.229687 0.046875 0.05625
0 0.302734 0.376172 0.0398437 0.0375
0 0.155859 0.235547 0.0640625 0.0921875
0 0.112695 0.200781 0.0876953 0.059375
0 0.158008 0.266211 0.0484375 0.0371094
0 0.860938 0.789062 0.028125 0.0640625
0 0.352344 0.483594 0.569531 0.635938
0 0.341602 0.671875 0.136328 0.223438
0 0.0931396 0.161133 0.0574707 0.0675781
0 0.630469 0.474609 0.304688 0.613281
0 0.402344 0.670313 0.120313 0.210938
0 0.478125 0.464844 0.0476562 0.05625
0 0.458984 0.484375 0.0757812 0.0671875
0 0.170215 0.266016 0.0435547 0.0363281
0 0.860938 0.799219 0.028125 0.0390625
0 0.567187 0.224219 0.0546875 0.0554687
0 0.380078 0.716406 0.0484375 0.1125
0 0.134375 0.231055 0.0664062 0.0945313
0 0.53125 0.466406 0.296875 0.253125
0 0.164062 0.250391 0.0683594 0.0710938
0 0.387598 0.753516 0.0263672 0.0398437
0 0.127734 0.196094 0.0433594 0.0359375
0 0.299219 0.39209 0.0570313 0.0720703
0 0.414062 0.505469 0.0609375 0.0515625
0 0.0792969 0.186523 0.0675781 0.0546875
0 0.453906 0.487891 0.114063 0.0828125
0 0.11123 0.213672 0.0947266 0.115625
0 0.0810547 0.176758 0.0703125 0.0402344
0 0.409375 0.496094 0.0429688 0.0453125
0 0.8625 0.766406 0.0375 0.110937
0 0.3875 0.725391 0.0328125 0.096875
0 0.864062 0.786133 0.0375 0.0714844
0 0.182227 0.291406 0.0242188 0.0414063
0 0.129492 0.219922 0.0550781 0.0804688
0 0.314258 0.398828 0.0558594 0.0898438
0 0.473438 0.519141 0.164062 0.145313
0 0.0731445 0.464844 0.0453125 0.084375
0 0.299609 0.378027 0.0554687 0.0470703
0 0.173828 0.275 0.0496094 0.0554687
0 0.313477 0.425781 0.034375 0.04375
0 0.158008 0.282373 0.283203 0.229004
0 0.0758789 0.458594 0.0328125 0.059375
0 0.430859 0.488281 0.0796875 0.06875
0 0.164453 0.267578 0.0738281 0.071875
0 0.299805 0.372852 0.0464844 0.0480469
0 0.0937256 0.196289 0.0984863 0.0726563
0 0.127734 0.201758 0.0496094 0.0445313
0 0.378027 0.70625 0.0595703 0.132812
0 0.641016 0.305859 0.100781 0.078125
0 0.416797 0.496094 0.05 0.0476562
0 0.648047 0.297656 0.100781 0.0632813
0 0.150098 0.240234 0.14707 0.148438
0 0.675781 0.296484 0.040625 0.0597656
0 0.347266 0.588281 0.0484375 0.053125
0 0.607422 0.391797 0.0867188 0.102344
0 0.617969 0.19458 0.09375 0.0631836
0 0.438281 0.494531 0.0921875 0.053125
0 0.184033 0.169141 0.290527 0.28125
0 0.475 0.469141 0.0671875 0.0734375
0 0.603906 0.202344 0.102344 0.0710938
0 0.308594 0.417969 0.0585938 0.05
0 0.55 0.56875 0.0796875 0.0703125
0 0.167969 0.332617 0.335938 0.334766
0 0.596094 0.192578 0.059375 0.0546875
0 0.66875 0.30293 0.05625 0.0714844
0 0.0769287 0.455469 0.052002 0.0625
0 0.0241699 0.156641 0.0280273 0.0554687
0 0.539062 0.31875 0.326562 0.283594
0 0.336914 0.462109 0.371484 0.609375
0 0.640234 0.194531 0.232813 0.357812
0 0.464063 0.496094 0.0984375 0.0921875
0 0.0524414 0.460547 0.0716797 0.0796875
0 0.0763672 0.192969 0.0828125 0.0664062
0 0.566406 0.563672 0.0390625 0.0445313
0 0.857813 0.785156 0.0375 0.0734375
0 0.51875 0.361523 0.0382813 0.0519531
0 0.0953125 0.161133 0.0808594 0.0785156
0 0.408203 0.5 0.0617188 0.0484375
0 0.551953 0.558203 0.0734375 0.05625
0 0.515625 0.353906 0.028125 0.0476562
0 0.522656 0.523438 0.154688 0.151562
0 0.565234 0.557813 0.0484375 0.05625
0 0.36543 0.602344 0.315234 0.354688
0 0.12002 0.240039 0.172852 0.152734
0 0.58125 0.251758 0.200781 0.180859
0 0.0705078 0.440625 0.0449219 0.0828125
0 0.295898 0.395703 0.0773438 0.0914062
0 0.371484 0.597266 0.0828125 0.0820312
0 0.571875 0.55625 0.0359375 0.05625
0 0.570312 0.564063 0.0296875 0.0390625
0 0.183398 0.23418 0.222266 0.158984
0 0.413672 0.488281 0.053125 0.0648438
0 0.574219 0.198242 0.0609375 0.0820312
0 0.584766 0.417578 0.1875 0.164062
0 0.113574 0.280469 0.227148 0.233594
0 0.352344 0.595313 0.0585938 0.065625
0 0.232813 0.469141 0.449219 0.630469
0 0.435059 0.522656 0.231445 0.148438
0 0.0715332 0.166406 0.0856445 0.0519531
0 0.627734 0.289453 0.158594 0.0554687
0 0.346875 0.582031 0.040625 0.046875
0 0.517969 0.350391 0.0359375 0.0640625
0 0.535937 0.363281 0.071875 0.0578125
0 0.524219 0.356445 0.04375 0.0527344
0 0.183398 0.289453 0.0324219 0.0511719
0 0.417188 0.520312 0.0796875 0.0859375
0 0.528906 0.361719 0.0546875 0.0492188
0 0.563281 0.240625 0.0609375 0.0726563
0 0.609375 0.201904 0.125 0.0836914
0 0.317188 0.421875 0.0398437 0.040625
0 0.639844 0.325195 0.132812 0.130078
0 0.162109 0.2875 0.0765625 0.0828125
0 0.619531 0.400684 0.0601563 0.0830078
0 0.314063 0.420312 0.0484375 0.0710938
0 0.535059 0.639063 0.342383 0.271875
0 0.157617 0.2375 0.102344 0.096875
0 0.114038 0.173438 0.0969238 0.0765625
0 0.370703 0.582031 0.0804688 0.05
0 0.677734 0.302734 0.0539063 0.0757812
0 0.86875 0.764063 0.040625 0.120313
0 0.86875 0.777344 0.0625 0.09375
0 0.111914 0.322998 0.223828 0.325879
0 0.644531 0.260547 0.176563 0.194531
0 0.170898 0.291406 0.0542969 0.0789063
0 0.545313 0.364063 0.06875 0.0515625
0 0.441797 0.482031 0.0976562 0.0765625
0 0.178516 0.466406 0.321094 0.607813
0 0.119556 0.184717 0.10542 0.0672852
0 0.0501953 0.166211 0.0984375 0.0652344
0 0.079126 0.154688 0.0714355 0.0738281
0 0.177148 0.377344 0.335547 0.279687
0 0.595313 0.185742 0.05 0.0492188
0 0.482812 0.477344 0.0664062 0.059375
0 0.865625 0.8 0.040625 0.04375
0 0.607422 0.422656 0.0609375 0.0515625
0 0.178174 0.291016 0.0334961 0.0707031
0 0.510938 0.773828 0.025 0.0382813
0 0.85 0.79082 0.0515625 0.0746094
0 0.0287109 0.160742 0.0513672 0.0589844
0 0.482031 0.450391 0.059375 0.0796875
0 0.541406 0.569531 0.3 0.242188
0 0.0251831 0.150293 0.0332275 0.0646484
0 0.0720215 0.473047 0.0536133 0.104688
0 0.542969 0.514844 0.26875 0.195312
0 0.566406 0.467871 0.229687 0.306445
0 0.530859 0.350391 0.0585938 0.0703125
0 0.610938 0.414844 0.0703125 0.059375
0 0.875781 0.763281 0.0640625 0.11875
0 0.605469 0.429297 0.090625 0.0960938
0 0.857813 0.759375 0.0515625 0.125
0 0.404687 0.491406 0.0632813 0.0539063
0 0.599219 0.401172 0.101562 0.0789063
0 0.638281 0.300977 0.146875 0.118359
0 0.345313 0.582812 0.0578125 0.06875
0 0.102832 0.256055 0.205664 0.188281
0 0.708203 0.355469 0.297656 0.190625
0 0.584375 0.392188 0.173438 0.113281
0 0.620313 0.390234 0.06875 0.0976562
0 0.554297 0.575 0.09375 0.0921875
0 0.630469 0.29375 0.139063 0.246875
0 0.292578 0.17041 0.0289063 0.0419922
0 0.864844 0.792969 0.0515625 0.0625
0 0.664062 0.359766 0.317188 0.382812
0 0.386328 0.728516 0.046875 0.0929688
0 0.590625 0.192188 0.06875 0.101953
0 0.722656 0.492578 0.478125 0.657031
0 0.079126 0.463672 0.0425293 0.0617188
0 0.63125 0.348828 0.1375 0.185938
0 0.575 0.248047 0.08125 0.0765625
0 0.375 0.674219 0.0625 0.142188
0 0.291016 0.169531 0.021875 0.0378906
0 0.521094 0.342969 0.0453125 0.0773438
0 0.386035 0.753125 0.0388672 0.053125
0 0.13418 0.482812 0.235938 0.66875
0 0.0547363 0.177734 0.105957 0.0824219
0 0.0959229 0.14375 0.079248 0.0984375
0 0.0979492 0.210352 0.107617 0.101172
0 0.6 0.419922 0.0929688 0.0664062
0 0.733594 0.312109 0.448438 0.106641
0 0.357812 0.599219 0.0765625 0.078125
0 0.478516 0.55 0.211719 0.207813
0 0.55625 0.55 0.208594 0.207813
0 0.557031 0.227734 0.0617188 0.075
0 0.566406 0.571094 0.0421875 0.0539063
0 0.131152 0.269922 0.150195 0.213281
0 0.296875 0.360742 0.0523438 0.0621094
0 0.565625 0.574219 0.0546875 0.065625
0 0.633203 0.211914 0.16875 0.0871094
0 0.5375 0.351562 0.0859375 0.0796875
0 0.223047 0.114746 0.335156 0.229492
0 0.569531 0.550781 0.04375 0.0695313
0 0.149805 0.122656 0.287109 0.23125
0 0.510938 0.519531 0.254688 0.15625
0 0.679688 0.2125 0.29375 0.375
0 0.942187 0.0293945 0.115625 0.0587891
0 0.117285 0.387891 0.206055 0.450781
0 0.564844 0.192188 0.0640625 0.090625
0 0.633594 0.403125 0.0328125 0.0726563
0 0.479688 0.501563 0.11875 0.109375
0 0.624219 0.629687 0.151562 0.158594
0 0.464063 0.472656 0.0882813 0.0898438
0 0.95 0.0213379 0.1 0.0426758
0 0.0681641 0.4875 0.112891 0.125781
0 0.704688 0.301563 0.31875 0.105078
0 0.0527344 0.492969 0.103125 0.1375
0 0.270703 0.395703 0.130469 0.0875
0 0.405078 0.514063 0.0804688 0.071875
0 0.571484 0.573438 0.246875 0.192188
0 0.290234 0.669141 0.242969 0.217969
0 0.696094 0.692969 0.0203125 0.0359375
0 0.54375 0.545703 0.0882813 0.0820312
0 0.116016 0.218164 0.232031 0.126172
0 0.14043 0.234766 0.0808594 0.113281
0 0.544922 0.37168 0.0820312 0.0667969
0 0.159375 0.28125 0.0667969 0.0613281
0 0.105566 0.15752 0.0914062 0.0943359
0 0.521094 0.565625 0.189844 0.239063
0 0.942969 0.0413086 0.114063 0.0826172
0 0.617578 0.301172 0.155469 0.071875
0 0.835938 0.782031 0.1 0.090625
0 0.615625 0.439453 0.0898438 0.119531
0 0.129688 0.105176 0.23125 0.206836
0 0.336133 0.601562 0.108984 0.08125
0 0.627734 0.411328 0.0445313 0.0695313
0 0.322266 0.589844 0.10625 0.0515625
0 0.520312 0.401172 0.290625 0.133594
0 0.320312 0.433594 0.0507812 0.0625
0 0.351758 0.553125 0.0566406 0.100781
0 0.64375 0.18418 0.040625 0.0457031
0 0.620703 0.278516 0.169531 0.078125
0 0.231641 0.224951 0.320312 0.150879
0 0.598437 0.595313 0.195312 0.13125
0 0.528125 0.363281 0.071875 0.0734375
0 0.848437 0.333008 0.028125 0.0613281
0 0.000195313 0.619531 0.000390625 0.151562
0 0.84375 0.797656 0.0671875 0.065625
0 0.30332 0.365234 0.0726563 0.0757812
0 0.615625 0.171582 0.0953125 0.0884766
0 0.842969 0.766406 0.059375 0.114063
0 0.182617 0.104688 0.269141 0.209375
0 0.342578 0.795313 0.370313 0.310937
0 0.374609 0.668359 0.053125 0.0585938
0 0.557031 0.61875 0.2875 0.167969
0 0.85625 0.801367 0.04375 0.0972656
0 0.356641 0.627344 0.0960938 0.145313
0 0.654297 0.30625 0.084375 0.0921875
0 0.356445 0.663281 0.0988281 0.225
0 0.617188 0.237109 0.146875 0.155859
0 0.476172 0.487891 0.403906 0.657031
0 0.614062 0.212158 0.1375 0.10459
0 0.335547 0.625 0.147656 0.146875
0 0.514844 0.419531 0.3375 0.524219
0 0.498047 0.617578 0.377344 0.360156
0 0.469531 0.480859 0.075 0.0796875
0 0.573828 0.201563 0.059375 0.071875
0 0.476562 0.471094 0.0546875 0.0546875
0 0.5875 0.200586 0.0867188 0.0773438
0 0.611719 0.201514 0.10625 0.0844727
0 0.438379 0.565234 0.276367 0.257031
0 0.296094 0.623828 0.220313 0.141406
0 0.673438 0.303125 0.0484375 0.0820312
0 0.450391 0.488672 0.114844 0.0898438
0 0.360352 0.595313 0.101953 0.0890625
0 0.366406 0.613281 0.090625 0.115625
0 0.371875 0.668359 0.0617188 0.065625
0 0.3875 0.750781 0.0265625 0.0421875
0 0.374023 0.6875 0.0675781 0.113281
0 0.337109 0.589063 0.0890625 0.075
0 0.520312 0.528906 0.28125 0.18125
0 0.468359 0.539844 0.263281 0.198437
0 0.371289 0.670313 0.0675781 0.0984375
0 0.662109 0.299219 0.06875 0.0710938
0 0.333594 0.585156 0.0703125 0.059375
0 0.377734 0.706641 0.0585938 0.130469
0 0.477734 0.516406 0.210938 0.154688
0 0.6 0.257373 0.1875 0.199316
0 0.479688 0.465625 0.0453125 0.0421875
0 0.598437 0.754297 0.175 0.0960938
0 0.579688 0.395703 0.21875 0.475
0 0.599219 0.352783 0.179688 0.395996
0 0.565625 0.217383 0.0421875 0.0441406
0 0.559766 0.257227 0.258594 0.195703
0 0.353906 0.585156 0.0875 0.0640625
0 0.625391 0.439844 0.084375 0.090625
0 0.564063 0.203857 0.040625 0.0649414
0 0.615625 0.30625 0.15 0.0910156
0 0.672656 0.287891 0.0484375 0.0484375
0 0.563281 0.746094 0.0820312 0.078125
0 0.0849854 0.174023 0.0358887 0.0394531
0 0.649609 0.294141 0.0882813 0.0585938
0 0.566797 0.210156 0.0390625 0.05
0 0.386816 0.720313 0.0451172 0.110937
0 0.335547 0.59375 0.115625 0.0890625
0 0.685938 0.339404 0.30625 0.346191
0 0.455469 0.482812 0.090625 0.08125
0 0.609766 0.300195 0.211719 0.271484
0 0.641797 0.253955 0.194531 0.192871
0 0.388379 0.746875 0.0310547 0.053125
0 0.583594 0.278516 0.220313 0.177344
0 0.646875 0.432813 0.0515625 0.0703125
0 0.3375 0.579688 0.0601563 0.0476562
0 0.384375 0.522656 0.224219 0.152344
0 0.371094 0.669531 0.0742188 0.232813
0 0.565625 0.223438 0.0625 0.0820312
0 0.0735352 0.190234 0.0691406 0.0683594
0 0.626953 0.195703 0.0820312 0.0734375
0 0.074707 0.451172 0.0363281 0.0539063
0 0.482812 0.469922 0.0578125 0.0765625
0 0.566797 0.738281 0.071875 0.05625
0 0.370313 0.628906 0.071875 0.1375
0 0.376563 0.676562 0.059375 0.078125
0 0.523438 0.749609 0.361719 0.0945313
0 0.720703 0.269482 0.382031 0.208691
0 0.0752197 0.183203 0.0659668 0.0496094
0 0.625 0.603906 0.03125 0.04375
0 0.541406 0.625 0.03125 0.05
0 0.610156 0.423047 0.0671875 0.053125
0 0.624219 0.60625 0.0234375 0.0382813
0 0.313281 0.585938 0.103906 0.0578125
0 0.578516 0.742188 0.05625 0.06875
0 0.566406 0.565234 0.034375 0.0414063
0 0.659375 0.425 0.0257812 0.05
0 0.400391 0.623828 0.191406 0.160156
0 0.632812 0.424219 0.0734375 0.0578125
0 0.081665 0.186279 0.0515137 0.0641602
0 0.308984 0.589844 0.128906 0.0671875
0 0.569531 0.198047 0.2125 0.0863281
0 0.637891 0.446875 0.0554687 0.0890625
0 0.53291 0.279492 0.318555 0.241797
0 0.521777 0.208203 0.34707 0.103906
0 0.543359 0.585547 0.0898438 0.125781
0 0.610156 0.419531 0.0390625 0.046875
0 0.652734 0.431641 0.034375 0.0617188
0 0.540625 0.63125 0.0359375 0.059375
0 0.389453 0.767969 0.0359375 0.06875
0 0.672656 0.310937 0.0625 0.0835937
0 0.645312 0.316602 0.0960938 0.103516
0 0.639453 0.304297 0.107813 0.0734375
0 0.581641 0.737891 0.0429688 0.0546875
0 0.385156 0.753125 0.0375 0.0515625
0 0.596875 0.196094 0.0765625 0.065625
0 0.408594 0.633203 0.44375 0.299219
0 0.645312 0.453516 0.0328125 0.0617188
0 0.557031 0.577344 0.078125 0.10625
0 0.572266 0.253516 0.08125 0.096875
0 0.324219 0.583203 0.0789063 0.0523438
0 0.6 0.599219 0.078125 0.101562
0 0.557813 0.350977 0.260938 0.190234
0 0.373633 0.646484 0.0636719 0.128125
0 0.471875 0.492969 0.107813 0.0921875
0 0.60625 0.343359 0.173438 0.170313
0 0.512109 0.769922 0.025 0.0398437
0 0.0904541 0.176514 0.0499512 0.0500977
0 0.400781 0.582031 0.19375 0.240625
0 0.409375 0.498437 0.053125 0.05
0 0.617188 0.603516 0.0484375 0.0609375
0 0.65 0.425 0.0476562 0.0546875
0 0.534375 0.629687 0.053125 0.09375
0 0.0862305 0.173535 0.0320312 0.0294922
0 0.565625 0.554688 0.05625 0.059375
0 0.25 0.626172 0.321094 0.145313
0 0.563672 0.583203 0.065625 0.0867188
0 0.658594 0.772656 0.0609375 0.065625
0 0.570312 0.588281 0.105469 0.11875
0 0.4625 0.475391 0.0828125 0.0648438
0 0.634375 0.386621 0.220313 0.461133
0 0.624609 0.293164 0.147656 0.0542969
0 0.669141 0.771094 0.0453125 0.0640625
0 0.566016 0.571094 0.0515625 0.0554687
0 0.41084 0.501953 0.200195 0.114844
0 0.526563 0.451465 0.282813 0.154883
0 0.675 0.767969 0.0289063 0.0578125
0 0.678125 0.293945 0.0453125 0.0652344
0 0.659375 0.316016 0.0703125 0.0773438
0 0.6 0.421484 0.059375 0.05
0 0.299023 0.597656 0.153516 0.0796875
0 0.471484 0.466016 0.0671875 0.0734375
0 0.585938 0.598828 0.104688 0.107031
0 0.402344 0.540527 0.584375 0.47207
0 0.0644043 0.458594 0.0606445 0.0757812
0 0.340625 0.664844 0.135937 0.239063
0 0.391406 0.752344 0.0351562 0.0515625
0 0.625 0.417969 0.0484375 0.0453125
0 0.508984 0.770312 0.0398437 0.053125
0 0.588281 0.583594 0.0859375 0.08125
0 0.641797 0.463281 0.040625 0.0703125
0 0.650781 0.779883 0.0710938 0.0496094
0 0.375 0.653906 0.0570313 0.0773438
0 0.391504 0.758594 0.0404297 0.059375
0 0.428906 0.49375 0.0828125 0.065625
0 1.2207e-05 0.0960938 2.44141e-05 0.192188
0 0.639844 0.283594 0.13125 0.0527344
0 0.364453 0.658594 0.0695313 0.10625
0 0.609375 0.418359 0.028125 0.0421875
0 0.417188 0.652344 0.28125 0.282813
0 0.6625 0.566797 0.084375 0.117969
0 0.626953 0.462891 0.0703125 0.126563
0 0.724219 0.308203 0.301563 0.090625
0 0.539453 0.625 0.0226563 0.04375
0 0.645312 0.4625 0.0296875 0.0507812
0 0.315234 0.654688 0.186719 0.210938
0 0.615625 0.604688 0.0578125 0.0734375
0 0.38125 0.482031 0.607031 0.66875
0 0.635938 0.36543 0.104688 0.207422
0 0.444141 0.503125 0.128125 0.1125
0 0.673438 0.306055 0.3875 0.294922
0 0.39375 0.672656 0.40625 0.248438
0 0.644531 0.257422 0.282813 0.1875
0 0.632422 0.211133 0.145313 0.0867188
0 0.482031 0.482812 0.0703125 0.078125
0 0.646875 0.418359 0.053125 0.0507812
0 0.667188 0.545313 0.0554687 0.0625
0 0.648438 0.186279 0.0359375 0.0477539
0 0.504687 0.764063 0.046875 0.0484375
0 0.22832 0.610156 0.373828 0.135937
0 0.571094 0.563281 0.0265625 0.0390625
0 0.000805664 0.0700195 0.00161133 0.140039
0 0.0708008 0.442969 0.0291016 0.0375
0 0.425781 0.49375 0.0703125 0.0515625
0 0.611719 0.596094 0.0546875 0.0609375
0 0.546094 0.615625 0.0453125 0.065625
0 0.386719 0.594141 0.0546875 0.075
0 0.496484 0.560156 0.295312 0.245312
0 0.494531 0.760156 0.053125 0.0484375
0 0.408203 0.491406 0.059375 0.0515625
0 0.530469 0.496875 0.278125 0.204688
0 0.663281 0.539062 0.0359375 0.046875
0 0.575 0.227344 0.0734375 0.09375
0 0.639844 0.477344 0.0453125 0.071875
0 0.535156 0.620313 0.05 0.0671875
0 0.548828 0.471094 0.366406 0.48125
0 0.560547 0.73125 0.0765625 0.04375
0 0.588281 0.214453 0.0921875 0.0832031
0 0.60625 0.280078 0.171875 0.0890625
0 0.646094 0.471875 0.0296875 0.0515625
0 0.386328 0.478125 0.232031 0.103906
0 0.061084 0.19375 0.0930664 0.078125
0 0.388281 0.736719 0.053125 0.0828125
0 0.686719 0.666406 0.0328125 0.0546875
0 0.421875 0.501563 0.0765625 0.071875
0 0.371094 0.499219 0.246094 0.123438
0 0.376953 0.596094 0.0742188 0.08125
0 0.570703 0.546484 0.0453125 0.071875
0 0.626563 0.285156 0.15 0.139844
0 0.0758789 0.19917 0.127539 0.0813477
0 0.480469 0.450781 0.0484375 0.0773438
0 0.696094 0.6875 0.021875 0.0421875
0 0.626563 0.420215 0.0953125 0.108008
0 0.557813 0.217578 0.0578125 0.0957031
0 0.672656 0.570312 0.0679687 0.104688
0 0.691016 0.686328 0.0382813 0.0554687
0 0.622656 0.612891 0.046875 0.075
0 0.529688 0.641016 0.0632813 0.110937
0 0.434766 0.755469 0.101562 0.0640625
0 0.392871 0.708594 0.0533203 0.11875
0 0.494141 0.767188 0.065625 0.0625
0 0.578516 0.592969 0.15 0.0945313
0 0.000805664 0.103223 0.00161133 0.150586
0 0.0810303 0.176953 0.0543457 0.0382813
0 0.596875 0.270313 0.14375 0.124219
0 0.657813 0.533594 0.0226563 0.0382813
0 0.576172 0.748047 0.075 0.0742188
0 0 0.130273 0 0.260547
0 0.508594 0.771875 0.028125 0.05
0 0.477344 0.502344 0.139063 0.114063
0 0.532031 0.414746 0.273438 0.156445
0 0.377344 0.667188 0.157031 0.2375
0 0.551562 0.748438 0.104688 0.090625
0 0.0781494 0.453906 0.0440918 0.0640625
0 0.05448 0.4625 0.0836182 0.0890625
0 0.0875977 0.186914 0.0753906 0.0667969
0 0.401563 0.491016 0.0734375 0.0679687
0 0.547266 0.555469 0.0875 0.078125
0 0.610938 0.435156 0.0859375 0.0828125
0 0.467969 0.485938 0.182812 0.0984375
0 0.582031 0.733594 0.034375 0.0453125
0 0.760938 0.261133 0.478125 0.219922
0 0.653125 0.350391 0.425 0.371094
0 0.532813 0.574219 0.10625 0.11875
0 0.682031 0.677344 0.05625 0.0953125
0 0.534375 0.612109 0.0578125 0.0757812
0 0.61875 0.275977 0.16875 0.0667969
0 0.674219 0.760938 0.0203125 0.040625
0 0.000769043 0.177686 0.00153809 0.26416
0 0.297461 0.582031 0.0875 0.05
0 0.682031 0.651953 0.025 0.0421875
0 0.00109863 0.589063 0.00219727 0.259375
0 0.651563 0.19082 0.034375 0.059375
0 0.294336 0.667969 0.237891 0.239063
0 0.660156 0.419141 0.0296875 0.0476562
0 0.592188 0.577344 0.0734375 0.0585938
0 0.534375 0.647656 0.0492188 0.0890625
0 0.0680664 0.450391 0.0400391 0.0554687
0 0.678125 0.586719 0.084375 0.121875
0 0.489453 0.774609 0.0765625 0.0773438
0 0.55 0.735156 0.0710938 0.0484375
0 0.529688 0.649219 0.299219 0.215625
0 0.328906 0.641797 0.629687 0.277344
0 0.546094 0.383594 0.279687 0.175781
0 0.632031 0.482031 0.0640625 0.103125
0 0.692969 0.685156 0.021875 0.0375
0 0.266748 0.607813 0.274316 0.147656
0 0.10647 0.183203 0.0819824 0.0464844
0 0.379688 0.583984 0.0703125 0.0625
0 0.00131836 0.605078 0.00263672 0.155469
0 0 0.239502 0 0.285059
0 0.34668 0.577734 0.0675781 0.0546875
0 0.510156 0.77832 0.0375 0.0527344
0 0.633203 0.783594 0.0398437 0.0390625
0 0.32168 0.607031 0.116016 0.103125
0 0.535937 0.733594 0.303125 0.129688
0 0.638281 0.490625 0.05 0.0726563
0 0.586719 0.626563 0.195312 0.160938
0 0.467969 0.755469 0.0453125 0.0515625
0 0.553906 0.550781 0.0617188 0.0648438
0 0.601562 0.588281 0.134375 0.0890625
0 0.459766 0.461719 0.09375 0.071875
0 0.618359 0.395703 0.422656 0.478906
0 0.606641 0.263477 0.169531 0.0964844
0 0.362891 0.6875 0.0773438 0.121094
0 0.674219 0.548438 0.046875 0.0507812
0 0.689453 0.698828 0.040625 0.0617188
0 0.403125 0.783008 0.053125 0.0871094
0 0.553125 0.207813 0.0828125 0.05625
0 0.416016 0.482031 0.2 0.0898438
0 0.451953 0.767969 0.122656 0.078125
0 0.000573731 0.14043 0.00114746 0.154688
0 0 0.896875 0 0.20625
0 0.476562 0.763672 0.0828125 0.0664062
0 0.646094 0.486719 0.040625 0.0609375
0 0.000390625 0.0694824 0.00078125 0.138965
0 0.626563 0.4 0.0664062 0.084375
0 0.577344 0.609766 0.123438 0.0914062
0 0.544531 0.329248 0.302344 0.352441
0 0.610938 0.404297 0.084375 0.0757812
0 0.502734 0.245508 0.409375 0.175
0 0.68125 0.570312 0.0515625 0.0828125
0 0.66875 0.54375 0.0382813 0.0421875
0 0.639063 0.377344 0.03125 0.04375
0 0.3875 0.578906 0.05625 0.0523438
0 0.536719 0.642969 0.0390625 0.0734375
0 0 0.363281 0 0.278125
0 0.680469 0.669531 0.040625 0.0671875
0 0.645703 0.339063 0.0734375 0.122656
0 0.369531 0.624219 0.0875 0.13125
0 0.663281 0.305078 0.0671875 0.084375
0 0.334375 0.624219 0.171094 0.138281
0 0.666406 0.296094 0.053125 0.0582031
0 0.562891 0.221094 0.0296875 0.0351562
0 0.561719 0.232813 0.0421875 0.0648438
0 0.567969 0.202295 0.0492188 0.0797852
0 0.576563 0.208008 0.0703125 0.0988281
0 0.566406 0.246875 0.0515625 0.0929688
0 0.670313 0.292578 0.04375 0.0476562
0 0.371094 0.625781 0.11875 0.15625
0 0.467578 0.444531 0.480469 0.521875
0 0.652734 0.308398 0.0929688 0.0847656
0 0.618359 0.267578 0.164844 0.144531
0 0.615625 0.301172 0.155469 0.0941406
0 0.676562 0.29375 0.05 0.0679687
0 0.605078 0.239648 0.128906 0.145313
0 0.376953 0.604297 0.0804688 0.0804688
0 0.654688 0.301172 0.075 0.0679687
0 0.634375 0.254639 0.36875 0.162598
0 0.586328 0.215234 0.0867188 0.103906
0 0.369727 0.596875 0.0808594 0.0695313
0 0.277344 0.620703 0.295312 0.133594
0 0.558594 0.239844 0.053125 0.0804688
0 0.465625 0.627344 0.309375 0.142188
0 0.5625 0.224609 0.0515625 0.0476562
0 0.401172 0.619531 0.1625 0.164062
0 0.385938 0.602344 0.0546875 0.0546875
0 0.573828 0.253516 0.0617188 0.103906
0 0.640625 0.252686 0.204688 0.168848
0 0.567969 0.220703 0.0429688 0.0523438
0 0.379004 0.635156 0.0748047 0.124219
0 0.389062 0.759766 0.0203125 0.0367188
0 0.577344 0.204736 0.046875 0.0694336
0 0.490527 0.574219 0.38457 0.273438
0 0.355859 0.594531 0.0640625 0.0609375
0 0.571094 0.234961 0.0492188 0.0707031
0 0.345313 0.592188 0.0609375 0.0601563
0 0.569434 0.458496 0.720508 0.539258
0 0.389844 0.764063 0.0234375 0.046875
0 0.361328 0.601562 0.0953125 0.0828125
0 0.376953 0.678125 0.0601563 0.0984375
0 0.572266 0.25918 0.366406 0.166406
0 0.377246 0.697656 0.0673828 0.142188
0 0.515527 0.289844 0.450195 0.2125
0 0.417578 0.536328 0.296094 0.344531
0 0.458984 0.580469 0.282031 0.235938
0 0.683984 0.246094 0.350781 0.171484
0 0.559375 0.249609 0.0640625 0.106641
0 0.593359 0.225 0.113281 0.117188
0 0.664844 0.301953 0.109375 0.0941406
0 0.601172 0.219922 0.130469 0.0796875
0 0.342187 0.597266 0.0734375 0.0734375
0 0.594141 0.277734 0.438281 0.190625
0 0.423828 0.602344 0.205469 0.192969
0 0.341602 0.603125 0.0941406 0.090625
0 0.353516 0.448047 0.35625 0.507031
0 0.375781 0.664062 0.0492188 0.0578125
0 0.536719 0.273047 0.328906 0.142188
0 0.602344 0.236328 0.126563 0.0820312
0 0.500781 0.609375 0.396875 0.189063
0 0.323438 0.591406 0.0898438 0.0578125
0 0.564844 0.218555 0.0609375 0.0433594
0 0.721484 0.255273 0.557031 0.163672
0 0.320703 0.596875 0.110156 0.06875
0 0.527734 0.269141 0.380469 0.201563
0 0.376172 0.651953 0.0523438 0.0882813
0 0.660937 0.29375 0.071875 0.059375
0 0.380566 0.628516 0.310742 0.172656
0 0.411035 0.541406 0.176367 0.180469
0 0.425781 0.687109 0.327344 0.246094
0 0.480469 0.475391 0.0304688 0.0414063
0 0.721484 0.306641 0.246094 0.0820312
0 0.311523 0.602344 0.138672 0.0828125
0 0.386719 0.684766 0.0429688 0.0804688
0 0.334375 0.590234 0.0648438 0.0578125
0 0.630469 0.612109 0.025 0.0367188
0 0.472656 0.665234 0.384375 0.203125
0 0.391406 0.771875 0.0289063 0.065625
0 0.640625 0.292188 0.182812 0.115625
0 0.602344 0.20625 0.121875 0.0835937
0 0.641797 0.454688 0.716406 0.497656
0 0.482812 0.501563 0.0695313 0.114063
0 0.590625 0.244531 0.0898438 0.119531
0 0.602344 0.252344 0.121875 0.0953125
0 0.320508 0.535937 0.384766 0.353125
0 0.592969 0.263086 0.1 0.119922
0 0.5625 0.576563 0.025 0.0421875
0 0.321875 0.616797 0.329688 0.2
0 0.489844 0.496094 0.0640625 0.0953125
0 0.25 0.519922 0.421094 0.388281
0 0.365234 0.677734 0.075 0.10625
0 0.551562 0.229297 0.06875 0.0578125
0 0.305273 0.594531 0.131641 0.059375
0 0.339844 0.615625 0.0960938 0.126563
0 0.509766 0.342578 0.416406 0.333594
0 0.485156 0.476562 0.0296875 0.0421875
0 0.518359 0.25293 0.374219 0.126953
0 0.383691 0.710938 0.0529297 0.128125
0 0.483594 0.482812 0.0421875 0.0609375
0 0.219727 0.603125 0.435547 0.144531
0 0.48125 0.489063 0.053125 0.078125
0 0.367578 0.671094 0.0648438 0.084375
0 0.554688 0.597656 0.0703125 0.103125
0 0.592969 0.204102 0.0734375 0.0792969
0 0.626563 0.311719 0.139063 0.0902344
0 0.542969 0.632812 0.0265625 0.0398437
0 0.304297 0.592578 0.100781 0.05
0 0.387109 0.657813 0.100781 0.110156
0 0.357812 0.650391 0.116406 0.191406
0 0.311523 0.682813 0.315234 0.25
0 0.389453 0.721484 0.0421875 0.100781
0 0.624219 0.222266 0.167187 0.0695313
0 0.359375 0.604688 0.1375 0.20625
0 0.5625 0.33457 0.604688 0.298047
0 0.635547 0.275781 0.113281 0.0890625
0 0.564453 0.582031 0.0359375 0.0585938
0 0.394531 0.766406 0.0359375 0.0625
0 0.628125 0.616797 0.0328125 0.0507812
0 0.503125 0.267969 0.453125 0.147656
0 0.494922 0.5125 0.078125 0.123438
0 0.583594 0.206836 0.119531 0.103516
0 0.682031 0.294922 0.075 0.0765625
0 0.567969 0.601562 0.090625 0.101562
0 0.382422 0.6625 0.065625 0.114063
0 0.424609 0.519531 0.159375 0.1375
0 0.382812 0.705469 0.457031 0.3
0 0.620313 0.235547 0.153125 0.0617188
0 0.545313 0.590234 0.0703125 0.117188
0 0.591406 0.298828 0.228125 0.102344
0 0.560156 0.590234 0.0546875 0.09375
0 0.542969 0.635938 0.0351562 0.0515625
0 0.625781 0.611719 0.0296875 0.040625
0 0.560156 0.204736 0.06875 0.0733398
0 0.266797 0.436719 0.533594 0.536719
0 0.351758 0.622656 0.0792969 0.126563
0 0.00871582 0.194141 0.0174316 0.388281
0 0.386719 0.765625 0.0429688 0.0578125
0 0.535937 0.230273 0.278125 0.112891
0 0.366211 0.625391 0.0894531 0.127344
0 0.619922 0.263721 0.140625 0.195215
0 0.654688 0.315234 0.084375 0.0894531
0 0.630859 0.315234 0.130469 0.0867188
0 0.572656 0.202344 0.04375 0.0699219
0 0.37959 0.623047 0.108008 0.141406
0 0.340234 0.623438 0.14375 0.132812
0 0.664062 0.307813 0.05625 0.0867188
0 0.492188 0.620313 0.442188 0.192188
0 0.614062 0.293945 0.153125 0.131641
0 0.0861084 0.17583 0.027002 0.0295898
0 0.0712891 0.440625 0.0248047 0.0320312
0 0.491504 0.559375 0.426367 0.3125
0 0.416797 0.626953 0.200781 0.14375
0 0.671094 0.718359 0.075 0.130469
0 0.0753906 0.454688 0.0289063 0.0632813
0 0.566016 0.20293 0.0335938 0.0652344
0 0.687891 0.696094 0.0421875 0.078125
0 0.373047 0.63125 0.0671875 0.114063
0 0.365234 0.655469 0.100781 0.203125
0 0.69375 0.692969 0.028125 0.05625
0 0.653125 0.264453 0.103125 0.195312
0 0.648438 0.350781 0.090625 0.18125
0 0.603125 0.205029 0.115625 0.0782227
0 0.677344 0.317188 0.154688 0.0921875
0 0.490234 0.483594 0.43125 0.467969
0 0.474219 0.686719 0.478125 0.257812
0 0.446094 0.616016 0.255469 0.16875
0 0.0787354 0.458203 0.0253418 0.0515625
0 0.667969 0.291992 0.046875 0.0453125
0 0.651953 0.267236 0.202344 0.199902
0 0.584375 0.203076 0.0703125 0.0711914
0 0.608594 0.241406 0.125 0.160938
0 0.0861328 0.181689 0.0353516 0.0405273
0 0.6625 0.299023 0.05625 0.0617188
0 0.0801758 0.46875 0.0236328 0.0328125
0 0.391016 0.75625 0.021875 0.034375
0 0.620313 0.264844 0.195312 0.1875
0 0.567578 0.202539 0.0710938 0.0808594
0 0.561328 0.221484 0.0617188 0.111328
0 0.682813 0.702344 0.0546875 0.103125
0 0.575781 0.2 0.0640625 0.0964844
0 0.595313 0.223242 0.10625 0.120313
0 0.685547 0.682813 0.0320312 0.0539063
0 0.0829102 0.178174 0.0455078 0.0350586
0 0.314648 0.642188 0.181641 0.173438
0 0.698047 0.266406 0.338281 0.194531
0 0.589844 0.294922 0.23125 0.259375
0 0.659375 0.707031 0.0953125 0.117188
0 0.757031 0.265625 0.485938 0.20625
0 0.439844 0.577344 0.229687 0.25625
0 0.0705078 0.451172 0.034375 0.0601563
0 0.0270996 0.168848 0.0222656 0.0357422
0 0.40459 0.668359 0.581445 0.211719
0 0.491016 0.528516 0.45 0.674219
0 0.38291 0.628125 0.0779297 0.128125
0 0.686719 0.71875 0.084375 0.135937
0 0.393652 0.604688 0.150195 0.2
0 0.391016 0.763281 0.0257812 0.0515625
0 0.621875 0.473047 0.6875 0.567969
0 0.385547 0.667969 0.121094 0.23125
0 0.669141 0.298438 0.0664062 0.0890625
0 0.367969 0.598047 0.0671875 0.0757812
0 0.427344 0.452344 0.565625 0.529688
0 0.695312 0.69375 0.0359375 0.0875
0 0.355859 0.595313 0.0523438 0.065625
0 0.382422 0.70625 0.0617188 0.14375
0 0.391406 0.739844 0.03125 0.06875
0 0.330078 0.669531 0.163281 0.239063
0 0.37666 0.655469 0.0482422 0.0640625
0 0.555469 0.269336 0.307813 0.192578
0 0.395313 0.757031 0.0296875 0.0421875
0 0.530371 0.308936 0.34082 0.286816
0 0.0799805 0.187695 0.0455078 0.053125
0 0.645312 0.296289 0.228125 0.260547
0 0.0685547 0.444531 0.0333984 0.0421875
0 0.348438 0.626172 0.0929688 0.127344
0 0.690625 0.709375 0.0375 0.0796875
0 0.29707 0.663281 0.373828 0.2
0 0.522656 0.455469 0.422656 0.598437
0 0.356641 0.679688 0.103125 0.25
0 0.372461 0.697266 0.0683594 0.147656
0 0.610156 0.372656 0.164062 0.234375
0 0.476953 0.467187 0.0273438 0.0390625
0 0.680469 0.685156 0.0453125 0.0734375
0 0.385156 0.707031 0.665625 0.3
0 0.671484 0.295117 0.0578125 0.0613281
0 0.604688 0.215674 0.132031 0.0913086
0 0.472656 0.467187 0.0265625 0.0375
0 0.658203 0.296875 0.0773438 0.100781
0 0.646875 0.305273 0.0953125 0.0824219
0 0.364844 0.604297 0.11875 0.201563
0 0.644922 0.437402 0.710156 0.701758
0 0.660156 0.490234 0.679688 0.55625
0 0.087207 0.171094 0.0490234 0.0394531
0 0.661719 0.746875 0.090625 0.195312
0 0.376563 0.670703 0.053125 0.0820312
0 0.392285 0.722656 0.0388672 0.10625
0 0.389062 0.710156 0.0421875 0.121875
0 0.485938 0.610156 0.179688 0.190625
0 0.269971 0.61875 0.272559 0.135937
0 0.323633 0.630469 0.302734 0.160938
0 0.690234 0.268555 0.188281 0.192578
0 0.353906 0.601172 0.065625 0.0796875
0 0.68125 0.737891 0.0984375 0.180469
0 0.588281 0.201367 0.102344 0.0730469
0 0.599219 0.325 0.19375 0.175781
0 0.528906 0.387891 0.350781 0.65
0 0.566406 0.56875 0.028125 0.034375
0 0.148926 0.239453 0.0394531 0.105469
0 0.0689453 0.632812 0.0240234 0.034375
0 0.0907227 0.176367 0.0414063 0.0378906
0 0.649219 0.220508 0.05625 0.100391
0 0.303906 0.613281 0.202344 0.1625
0 0.689844 0.692969 0.111719 0.1625
0 0.570703 0.238232 0.0742188 0.138379
0 0.575 0.219531 0.05625 0.1
0 0.482812 0.469531 0.0351562 0.0398437
0 0.0791016 0.465625 0.034375 0.0765625
0 0.551562 0.375781 0.41875 0.445312
0 0.663672 0.321094 0.672656 0.614062
0 0.390234 0.645312 0.096875 0.128125
0 0.00544434 0.907813 0.0108887 0.184375
0 0.348438 0.591406 0.075 0.065625
0 0.674219 0.317529 0.554688 0.325879
0 0.148047 0.236719 0.0335938 0.08125
0 0.6375 0.363867 0.110937 0.212891
0 0.371484 0.597656 0.0742188 0.0992187
0 0.482031 0.567969 0.146875 0.245312
0 0.647266 0.338086 0.0703125 0.115234
0 0.338477 0.59375 0.0660156 0.059375
0 0.641406 0.267578 0.114063 0.107813
0 0.61875 0.417969 0.040625 0.040625
0 0.567969 0.574219 0.58125 0.498437
0 0.363672 0.362305 0.727344 0.724609
0 0.478516 0.453125 0.0367188 0.0671875
0 0.0268066 0.172852 0.028418 0.0503906
0 0.623438 0.234766 0.107813 0.138281
0 0.467285 0.488379 0.49668 0.63418
0 0.617969 0.264795 0.15 0.198535
0 0.359766 0.624219 0.107031 0.1375
0 0.0839844 0.173535 0.0335938 0.0302734
0 0.0748047 0.453906 0.0341797 0.0640625
0 0.0720215 0.444922 0.0329102 0.0507812
0 0.419434 0.56875 0.211133 0.251563
0 0.567969 0.202344 0.04375 0.0703125
0 0.0909912 0.184766 0.045752 0.0519531
0 0.0847656 0.182471 0.0435547 0.0459961
0 0.686719 0.689063 0.040625 0.0640625
0 0.517578 0.541406 0.396094 0.751563
0 0.684375 0.697266 0.0484375 0.0859375
0 0.690625 0.684766 0.0335938 0.0460938
0 0.102441 0.185742 0.0707031 0.0585938
0 0.177393 0.266797 0.0381836 0.0421875
0 0.0895508 0.183984 0.0550781 0.0703125
0 0.0821289 0.175391 0.0470703 0.0363281
0 0.0781006 0.461719 0.0289551 0.046875
0 0.087207 0.176758 0.0623047 0.040625
0 0.121289 0.193311 0.0433594 0.0407227
0 0.644531 0.305859 0.1125 0.129688
0 0.179639 0.280859 0.0344727 0.065625
0 0.0697266 0.452344 0.0351562 0.0703125
0 0.879687 0.652734 0.03125 0.0335938
0 0.5625 0.207227 0.0453125 0.0671875
0 0.117969 0.189453 0.0607422 0.0535156
0 0.666406 0.307031 0.0578125 0.0875
0 0.882812 0.659375 0.034375 0.0375
0 0.0258301 0.16875 0.0243164 0.0371094
0 0.365625 0.589063 0.110156 0.203125
0 0.559375 0.221484 0.05625 0.103516
0 0.172461 0.266992 0.0363281 0.0367188
0 0.106421 0.182031 0.0840332 0.0929688
0 0.128223 0.195703 0.0435547 0.040625
0 0.166016 0.270508 0.0539063 0.0507812
0 0.667188 0.292188 0.053125 0.0585938
0 0.693359 0.682031 0.0382813 0.0625
0 0.310937 0.619531 0.203125 0.1375
0 0.571875 0.203467 0.05625 0.0821289
0 0.653906 0.260352 0.0953125 0.205859
0 0.617969 0.294922 0.166406 0.263281
0 0.379004 0.571094 0.120117 0.240625
0 0.0813477 0.176563 0.0490234 0.0546875
0 0.575781 0.347852 0.253125 0.338672
0 0.653125 0.332617 0.1 0.146484
0 0.0259888 0.164648 0.0284912 0.053125
0 0.370703 0.64375 0.113281 0.185156
0 0.10918 0.193018 0.08125 0.0678711
0 0.312109 0.417969 0.028125 0.0375
0 0.415527 0.438281 0.626758 0.53125
0 0.389062 0.753516 0.025 0.040625
0 0.884375 0.678125 0.0484375 0.0773438
0 0.888281 0.660937 0.040625 0.04375
0 0.0806641 0.19292 0.0492188 0.0672852
0 0.181055 0.286133 0.0277344 0.0496094
0 0.680469 0.702344 0.0671875 0.101562
0 0.653516 0.308984 0.090625 0.0976562
0 0.115137 0.201172 0.0804688 0.0929688
0 0.605469 0.204639 0.110937 0.0891602
0 0.0769287 0.462109 0.036377 0.084375
0 0.311328 0.417188 0.034375 0.0460938
0 0.130273 0.202148 0.053125 0.0796875
0 0.0759521 0.457422 0.0617676 0.0882813
0 0.879687 0.664062 0.0375 0.0484375
0 0.314258 0.422656 0.03125 0.0375
0 0.691016 0.690625 0.04375 0.0859375
0 0.858594 0.788281 0.0234375 0.0515625
0 0.410254 0.55459 0.616992 0.50332
0 0.14668 0.270703 0.0273438 0.0453125
0 0.648047 0.354688 0.107031 0.192188
0 0.0242432 0.155078 0.0296387 0.0675781
0 0.671094 0.296484 0.0570313 0.0742188
0 0.471875 0.465625 0.0328125 0.04375
0 0.63125 0.610156 0.0289063 0.0375
0 0.307422 0.398535 0.0441406 0.0779297
0 0.0769531 0.178125 0.0613281 0.0382813
0 0.0314941 0.171484 0.0323242 0.0390625
0 0.100098 0.197266 0.0916016 0.0835937
0 0.0769775 0.179102 0.0874512 0.0449219
0 0.390625 0.758984 0.028125 0.0445313
0 0.56875 0.496094 0.284375 0.65625
0 0.61875 0.346484 0.160938 0.189063
0 0.675 0.724219 0.0703125 0.142188
0 0.0904541 0.176758 0.060498 0.123828
0 0.477344 0.468359 0.04375 0.05
0 0.689844 0.675391 0.0476562 0.0835937
0 0.08125 0.455469 0.0349609 0.065625
0 0.567969 0.233545 0.0640625 0.121973
0 0.878125 0.682031 0.046875 0.0875
0 0.363281 0.359766 0.722656 0.719531
0 0.632031 0.417969 0.040625 0.0507812
0 0.767969 0.292773 0.464063 0.286328
0 0.453027 0.721484 0.533008 0.372656
0 0.305859 0.642969 0.216406 0.178125
0 0.594531 0.25 0.10625 0.169141
0 0.383594 0.551562 0.182812 0.285938
0 0.578906 0.413672 0.24375 0.325781
0 0.610156 0.334717 0.203125 0.330566
0 0.0792969 0.170508 0.0832031 0.0765625
0 0.317969 0.417969 0.0355469 0.040625
0 0.394531 0.755469 0.03125 0.0421875
0 0.661328 0.282813 0.0734375 0.155469
0 0.303125 0.604688 0.222656 0.185938
0 0.682031 0.681641 0.059375 0.110156
0 0.305273 0.377344 0.0398437 0.040625
0 0.0765625 0.453906 0.0470703 0.071875
0 0.0662598 0.453125 0.0442383 0.0890625
0 0.661719 0.316797 0.0640625 0.0773438
0 0.667969 0.307422 0.135937 0.117578
0 0.350977 0.553906 0.504297 0.304688
0 0.583594 0.181055 0.0921875 0.144531
0 0.870313 0.717188 0.025 0.04375
0 0.630859 0.424219 0.046875 0.0625
0 0.169922 0.280664 0.0671875 0.0699219
0 0.567187 0.565625 0.034375 0.0375
0 0.673047 0.261523 0.146094 0.213672
0 0.16416 0.24082 0.0759766 0.113672
0 0.377441 0.566797 0.691992 0.339063
0 0.760156 0.371875 0.479688 0.413281
0 0.361914 0.696484 0.716797 0.366406
0 0.590625 0.20293 0.0921875 0.106641
0 0.177148 0.275 0.0464844 0.0570313
0 0.678906 0.294727 0.075 0.0984375
0 0.769922 0.31582 0.460156 0.297266
0 0.341406 0.522559 0.179688 0.339258
0 0.660937 0.745313 0.0960938 0.185938
0 0.115015 0.177686 0.0953613 0.129785
0 0.109082 0.21333 0.0982422 0.116309
0 0.258008 0.698047 0.333203 0.280469
0 0.262549 0.5875 0.328027 0.279687
0 0.627344 0.608594 0.034375 0.0453125
0 0.141992 0.221826 0.0425781 0.100879
0 0.621875 0.419141 0.0570313 0.0554687
0 0.0792725 0.478906 0.0352051 0.0742188
0 0.131445 0.190283 0.0644531 0.0780273
0 0.660937 0.235547 0.0609375 0.153125
0 0.063916 0.439063 0.0477539 0.101562
0 0.882031 0.634766 0.0390625 0.0789063
0 0.75625 0.44375 0.4875 0.604688
0 0.314844 0.428906 0.034375 0.053125
0 0.658984 0.679688 0.103906 0.189063
0 0.0765381 0.473438 0.0422363 0.104688
0 0.0286133 0.167969 0.0396484 0.0539063
0 0.103735 0.167773 0.0874512 0.155469
0 0.550391 0.318359 0.235156 0.328906
0 0.622266 0.208008 0.0890625 0.0941406
0 0.657031 0.257422 0.214062 0.215625
0 0.391797 0.770312 0.0328125 0.0640625
0 0.317383 0.558203 0.208203 0.286719
0 0.473438 0.476172 0.05 0.0671875
0 0.667969 0.341016 0.1375 0.163281
0 0.409766 0.628906 0.195312 0.164062
0 0.591797 0.439844 0.241406 0.539062
0 0.0644531 0.446094 0.065625 0.0921875
0 0.362305 0.673047 0.105859 0.241406
0 0.476562 0.486719 0.0640625 0.0960938
0 0.671094 0.707812 0.0890625 0.114063
0 0.316992 0.711719 0.487891 0.314063
0 0.16377 0.271875 0.0669922 0.084375
0 0.673828 0.313281 0.06875 0.0945313
0 0.63125 0.378125 0.139063 0.246875
0 0.746094 0.397656 0.507812 0.388281
0 0.370703 0.596875 0.08125 0.107031
0 0.0412109 0.940625 0.0824219 0.11875
0 0.613672 0.188086 0.117188 0.149609
0 0.475 0.460938 0.0515625 0.08125
0 0.259766 0.617188 0.302344 0.142188
0 0.371484 0.621875 0.0859375 0.148438
0 0.61875 0.262158 0.157813 0.21709
0 0.514063 0.539062 0.389062 0.460938
0 0.489941 0.574219 0.312305 0.290625
0 0.516797 0.63125 0.382031 0.420312
0 0.513379 0.423438 0.387305 0.548438
0 0.517188 0.740625 0.382031 0.4
0 0.566797 0.20332 0.0460938 0.0734375
0 0.522656 0.624219 0.389062 0.290625
0 0.651172 0.315234 0.0945313 0.117969
0 0.664062 0.298828 0.0703125 0.0765625
0 0.654688 0.307813 0.08125 0.0953125
0 0.6 0.20625 0.135937 0.0976562
0 0.579688 0.348096 0.26875 0.37334
0 0.6875 0.68125 0.04375 0.059375
0 0.0842773 0.177686 0.0324219 0.0407227
0 0.564063 0.398828 0.304688 0.510156
0 0.576563 0.200781 0.0671875 0.0800781
0 0.672266 0.288867 0.0484375 0.0492188
0 0.0724121 0.448828 0.0327148 0.05625
0 0.623828 0.304883 0.153125 0.301172
0 0.308594 0.421484 0.0253906 0.0414063
0 0.310547 0.420312 0.0320312 0.0484375
0 0.0755859 0.453906 0.0347656 0.0671875
0 0.686328 0.692187 0.0492188 0.0835937
0 0.677344 0.676562 0.0703125 0.075
0 0.562891 0.213672 0.0375 0.0617188
0 0.371094 0.659375 0.0953125 0.229687
0 0.116406 0.189648 0.0851563 0.0664062
0 0.0908203 0.182861 0.0537109 0.0600586
0 0.69375 0.680078 0.040625 0.0679687
0 0.879687 0.655859 0.0296875 0.0367188
0 0.670313 0.285352 0.0640625 0.0554687
0 0.385938 0.755078 0.0242188 0.0414063
0 0.673828 0.30332 0.0679687 0.0925781
0 0.589063 0.200732 0.096875 0.0915039
0 0.177148 0.268359 0.0410156 0.046875
0 0.667969 0.666797 0.0828125 0.1
0 0.118359 0.193311 0.0730469 0.0516602
0 0.558203 0.22832 0.0484375 0.0597656
0 0.373242 0.58125 0.100391 0.253125
0 0.577344 0.418066 0.260938 0.29668
0 0.498047 0.576172 0.413281 0.334375
0 0.68125 0.287695 0.071875 0.0578125
0 0.308203 0.398535 0.0433594 0.0810547
0 0.644141 0.310889 0.117188 0.323535
0 0.882031 0.657813 0.0359375 0.0484375
0 0.657031 0.689453 0.107813 0.172656
0 0.567187 0.251563 0.0734375 0.132812
0 0.0781494 0.466406 0.0296387 0.0390625
0 0.621875 0.204883 0.0953125 0.0972656
0 0.478125 0.499219 0.0953125 0.120313
0 0.675 0.694922 0.0703125 0.104688
0 0.561719 0.219482 0.0609375 0.100879
0 0.0861572 0.179492 0.0405762 0.05
0 0.104688 0.185889 0.0800781 0.0665039
0 0.125879 0.199414 0.0611328 0.0484375
0 0.166797 0.278516 0.0609375 0.0679687
0 0.314063 0.421094 0.0453125 0.05625
0 0.15957 0.271094 0.0507812 0.0507812
0 0.117407 0.208154 0.0976074 0.116504
0 0.177539 0.279687 0.0363281 0.0671875
0 0.653906 0.64375 0.1125 0.2375
0 0.558594 0.257031 0.0507812 0.0960938
0 0.303516 0.375 0.0382813 0.0390625
0 0.385254 0.553125 0.129492 0.308594
0 0.475781 0.467969 0.0421875 0.05
0 0.551562 0.237891 0.0375 0.0523438
0 0.312891 0.426563 0.0355469 0.0578125
0 0.372656 0.592969 0.0898438 0.0984375
0 0.130273 0.213281 0.117578 0.142188
0 0.575781 0.264062 0.09375 0.120313
0 0.360352 0.620313 0.0738281 0.132812
0 0.895312 0.656641 0.065625 0.0554687
0 0.0260742 0.169336 0.027832 0.0472656
0 0.6625 0.309375 0.0625 0.0859375
0 0.692187 0.2875 0.101562 0.0625
0 0.69375 0.694531 0.05 0.103125
0 0.444922 0.550781 0.234375 0.296875
0 0.391797 0.660937 0.107031 0.096875
0 0.566406 0.207764 0.0625 0.0844727
0 0.685156 0.665625 0.075 0.101562
0 0.423438 0.756641 0.096875 0.0664062
0 0.842188 0.959375 0.0375 0.05625
0 0.685156 0.275 0.0984375 0.0839844
0 0.384375 0.636719 0.0898438 0.132812
0 0.381641 0.654688 0.0796875 0.101562
0 0.505371 0.660547 0.348633 0.244531
0 0.327539 0.421094 0.065625 0.0523438
0 0.342187 0.419922 0.0898438 0.0585938
0 0.662891 0.653906 0.0945313 0.13125
0 0.696094 0.678516 0.0625 0.0882813
0 0.366992 0.609375 0.0863281 0.10625
0 0.0222412 0.152539 0.0281738 0.0644531
0 0.423828 0.739453 0.0984375 0.0992187
0 0.0775635 0.455859 0.0499512 0.0695313
0 0.411328 0.55 0.175781 0.317188
0 0.0252441 0.171484 0.0245117 0.0375
0 0.857031 0.782813 0.0265625 0.0546875
0 0.437109 0.425391 0.552344 0.575781
0 0.475 0.492969 0.0734375 0.109375
0 0.297266 0.374805 0.0304688 0.0386719
0 0.473438 0.467187 0.05625 0.0554687
0 0.63125 0.566406 0.171875 0.121875
0 0.327539 0.414844 0.0730469 0.071875
0 0.141309 0.272656 0.0208984 0.04375
0 0.869531 0.716406 0.025 0.0445313
0 0.38125 0.688281 0.0625 0.1
0 0.392188 0.760156 0.0367188 0.0484375
0 0.595313 0.308984 0.223438 0.309375
0 0.130469 0.202148 0.0707031 0.0660156
0 0.585938 0.247266 0.1125 0.142578
0 0.882031 0.682031 0.05 0.09375
0 0.372656 0.658594 0.0609375 0.0734375
0 0.375781 0.702734 0.0664062 0.128906
0 0.357227 0.423438 0.148828 0.0609375
0 0.0849365 0.173047 0.0477051 0.0484375
0 0.528125 0.58125 0.114844 0.114063
0 0.620703 0.189014 0.102344 0.0540039
0 0.664453 0.279102 0.0710938 0.0710938
0 0.387109 0.764844 0.0375 0.059375
0 0.123242 0.191016 0.119531 0.0929688
0 0.553125 0.253906 0.0453125 0.0785156
0 0.583594 0.454785 0.244531 0.42168
0 0.579297 0.208545 0.0828125 0.0993164
0 0.377344 0.575 0.100781 0.140625
0 0.179883 0.290039 0.0261719 0.0425781
0 0.41084 0.711719 0.12207 0.14375
0 0.502344 0.686719 0.407813 0.323438
0 0.554297 0.369531 0.114844 0.0757812
0 0.65 0.297852 0.0859375 0.0683594
0 0.319727 0.43125 0.0515625 0.071875
0 0.0708496 0.455859 0.0561523 0.0867188
0 0.518652 0.533984 0.336133 0.332813
0 0.344141 0.4125 0.104688 0.0773438
0 0.557031 0.568359 0.0460938 0.059375
0 0.595703 0.601562 0.114063 0.121875
0 0.389746 0.672656 0.125195 0.239063
0 0.478906 0.463281 0.059375 0.0679687
0 0.601562 0.257422 0.182812 0.117188
0 0.555469 0.34668 0.130469 0.126172
0 0.388965 0.7 0.0751953 0.142188
0 0.386035 0.746094 0.0388672 0.05625
0 0.421973 0.724219 0.107617 0.13125
0 0.621484 0.364453 0.163281 0.413281
0 0.376953 0.670313 0.0601563 0.0734375
0 0.672656 0.314844 0.053125 0.0828125
0 0.309375 0.434766 0.04375 0.08125
0 0.511719 0.475 0.157813 0.075
0 0.620313 0.621875 0.185938 0.232813
0 0.648438 0.18833 0.0453125 0.0467773
0 0.416309 0.588281 0.15957 0.090625
0 0.144727 0.204297 0.0507812 0.0730469
0 0.372656 0.665625 0.053125 0.0578125
0 0.341992 0.589844 0.0632813 0.0703125
0 0.354297 0.605078 0.078125 0.116406
0 0.578125 0.469434 0.264062 0.301758
0 0.353516 0.595313 0.0523438 0.075
0 0.592578 0.265234 0.128906 0.130469
0 0.707812 0.271094 0.145313 0.0929688
0 0.314063 0.398047 0.0648438 0.102344
0 0.366016 0.363867 0.732031 0.727734
0 0.387598 0.725 0.0607422 0.107813
0 0.682813 0.309766 0.08125 0.103906
0 0.457813 0.497656 0.110937 0.115625
0 0.658984 0.682813 0.0984375 0.107813
0 0.580469 0.593359 0.120313 0.114063
0 0.380859 0.536328 0.175781 0.334375
0 0.635938 0.191992 0.075 0.0660156
0 0.388184 0.598047 0.12207 0.104688
0 0.563672 0.573438 0.0414063 0.05625
0 0.652734 0.274219 0.174219 0.257812
0 0.542969 0.610938 0.352344 0.226562
0 0.164453 0.261719 0.0738281 0.0585938
0 0.444141 0.754687 0.0578125 0.0578125
0 0.071875 0.18042 0.0867188 0.0477539
0 0.538672 0.577734 0.0742188 0.102344
0 0.571094 0.579688 0.0671875 0.0734375
0 0.614844 0.202539 0.121875 0.0820312
0 0.165332 0.242969 0.0775391 0.0984375
0 0.361914 0.693359 0.119922 0.285156
0 0.564063 0.582031 0.109375 0.105469
0 0.510547 0.4125 0.125781 0.154688
0 0.383984 0.593359 0.0945313 0.0867188
0 0.0786133 0.182227 0.0494141 0.05
0 0.116016 0.173633 0.105469 0.129688
0 0.55 0.570312 0.0734375 0.0859375
0 0.457422 0.755469 0.0328125 0.053125
0 0.647656 0.692969 0.128125 0.1
0 0.371289 0.429688 0.180859 0.0664062
0 0.507812 0.469531 0.125781 0.101562
0 0.484766 0.466797 0.0671875 0.0851563
0 0.399609 0.675391 0.116406 0.08125
0 0.140723 0.223828 0.0578125 0.108203
0 0.547266 0.31582 0.114063 0.144922
0 0.714063 0.286914 0.1625 0.0546875
0 0.882812 0.646875 0.046875 0.0601563
0 0.621094 0.211133 0.134375 0.107031
0 0.651563 0.274609 0.1 0.09375
0 0.402734 0.582812 0.151562 0.123438
0 0.490625 0.521191 0.178125 0.29668
0 0.648828 0.288672 0.096875 0.0640625
0 0.351367 0.624219 0.130078 0.15625
0 0.653516 0.574219 0.119531 0.139063
0 0.489844 0.458594 0.0828125 0.110937
0 0.383496 0.66875 0.0689453 0.0953125
0 0.605469 0.574219 0.225 0.296094
0 0.469531 0.757812 0.065625 0.05625
0 0.414746 0.766406 0.0892578 0.0859375
0 0.688281 0.297656 0.0898438 0.0875
0 0.839063 0.954688 0.059375 0.065625
0 0.151367 0.230908 0.0582031 0.117871
0 0.635156 0.305859 0.121094 0.0742188
0 0.647656 0.478516 0.0421875 0.0898438
0 0.366797 0.636719 0.075 0.109375
0 0.948438 0.0931885 0.028125 0.0456543
0 0.5625 0.580078 0.0796875 0.0882813
0 0.549609 0.512891 0.238281 0.352344
0 0.667578 0.324609 0.05 0.0601563
0 0.540625 0.375391 0.078125 0.0664062
0 0.360156 0.437891 0.152344 0.0929688
0 0.870313 0.709766 0.034375 0.0570313
0 0.624219 0.174805 0.101562 0.137109
0 0.890625 0.64375 0.059375 0.0765625
0 0.651563 0.193701 0.05 0.0633789
0 0.859375 0.388965 0.0234375 0.0423828
0 0.68125 0.709375 0.0578125 0.121875
0 0.492969 0.478125 0.090625 0.0851563
0 0.632812 0.706641 0.1625 0.114844
0 0.632031 0.439063 0.075 0.10625
0 0.649609 0.370703 0.104688 0.353906
0 0.0664062 0.446875 0.0496094 0.0703125
0 0.623438 0.696875 0.176563 0.175
0 0.875 0.705469 0.040625 0.0703125
0 0.598437 0.255127 0.114063 0.194434
0 0.400098 0.645312 0.12168 0.126563
0 0.561328 0.553125 0.303906 0.225
0 0.344336 0.436719 0.0933594 0.0960938
0 0.586328 0.579297 0.257031 0.235938
0 0.648047 0.49375 0.0671875 0.1375
0 0.638672 0.466797 0.126563 0.435937
0 0.574609 0.6375 0.278906 0.221875
0 0.4375 0.750781 0.515625 0.410938
0 0.0303711 0.175977 0.0339844 0.0453125
0 0.576563 0.611719 0.14375 0.126563
0 0.553125 0.571875 0.05 0.0796875
0 0.486719 0.5125 0.104688 0.142188
0 0.672656 0.272852 0.09375 0.133203
0 0.871875 0.534375 0.0234375 0.0375
0 0.343164 0.572266 0.0824219 0.108594
0 0.682813 0.665625 0.0796875 0.25
0 0.473047 0.542871 0.527344 0.37832
0 0.141797 0.274609 0.0300781 0.05625
0 0.395313 0.775 0.046875 0.0859375
0 0.685156 0.651563 0.0859375 0.146875
0 0.473438 0.465625 0.078125 0.0976562
0 0.911719 0.651563 0.0734375 0.0476562
0 0.422754 0.572266 0.185742 0.111719
0 0.34375 0.595313 0.0851563 0.109375
0 0.0556152 0.459375 0.0670898 0.075
0 0.876563 0.661719 0.05 0.0539063
0 0.354297 0.588281 0.0757812 0.075
0 0.353125 0.534473 0.14375 0.332617
0 0.0286621 0.170313 0.0397461 0.0554687
0 0.511719 0.448438 0.14375 0.132812
0 0.882812 0.607031 0.0265625 0.0328125
0 0.578906 0.588281 0.084375 0.101562
0 0.902344 0.65625 0.0765625 0.06875
0 0.959375 0.723047 0.021875 0.0398437
0 0.676172 0.767188 0.0273438 0.0421875
0 0.439844 0.776367 0.147656 0.109766
0 0.880469 0.717188 0.0484375 0.0546875
0 0.0755859 0.16709 0.0871094 0.0650391
0 0.640625 0.421875 0.0546875 0.065625
0 0.290625 0.167578 0.0234375 0.0355469
0 0.331641 0.436719 0.0757812 0.0890625
0 0.904688 0.638672 0.0953125 0.100781
0 0.580469 0.521094 0.26875 0.223438
0 0.6125 0.242188 0.182812 0.117969
0 0.545313 0.325 0.192188 0.34375
0 0.500781 0.471191 0.160938 0.288867
0 0.604297 0.387402 0.117969 0.111133
0 0.327734 0.591406 0.0882813 0.065625
0 0.865625 0.390234 0.03125 0.0390625
0 0.443359 0.478125 0.266406 0.299219
0 0.0859375 0.191406 0.153125 0.105078
0 0.878125 0.536719 0.034375 0.0390625
0 0.423828 0.779688 0.101562 0.115625
0 0.56875 0.384277 0.110937 0.0751953
0 0.489063 0.760938 0.046875 0.0515625
0 0.640625 0.225049 0.102344 0.131152
0 0.0616211 0.435937 0.0603516 0.0875
0 0.892969 0.679688 0.0703125 0.10625
0 0.56875 0.370508 0.171875 0.0699219
0 0.625781 0.427344 0.0734375 0.078125
0 0.0980713 0.193164 0.106592 0.0839844
0 0.610156 0.578125 0.153125 0.125
0 0.65 0.635938 0.123438 0.145313
0 0.588281 0.391504 0.110937 0.0919922
0 0.642969 0.191406 0.075 0.0886719
0 0.369141 0.621875 0.0835937 0.129688
0 0.614844 0.237891 0.145313 0.152734
0 0.567187 0.202344 0.040625 0.0765625
0 0.374219 0.625781 0.0601563 0.125
0 0.352344 0.619531 0.117969 0.135156
0 0.650391 0.308594 0.0804688 0.0984375
0 0.585938 0.212305 0.103125 0.101172
0 0.563281 0.210547 0.0390625 0.0671875
0 0.664844 0.307422 0.0484375 0.0960938
0 0.859375 0.78418 0.021875 0.0597656
0 0.313477 0.421094 0.0257812 0.0484375
0 0.0867188 0.173242 0.0269531 0.0378906
0 0.473047 0.465625 0.0289063 0.046875
0 0.564844 0.205078 0.0578125 0.0921875
0 0.560156 0.214453 0.0523438 0.0929688
0 0.611719 0.205273 0.153125 0.0859375
0 0.690234 0.678906 0.0382813 0.059375
0 0.373828 0.659375 0.0460938 0.0632813
0 0.695312 0.682422 0.025 0.053125
0 0.558594 0.220117 0.046875 0.0714844
0 0.389062 0.750781 0.0234375 0.0414063
0 0.664453 0.294141 0.0523438 0.0679687
0 0.629687 0.309375 0.128125 0.0984375
0 0.0980713 0.184326 0.0483887 0.0586914
0 0.300195 0.37207 0.0292969 0.0371094
0 0.374023 0.643359 0.0550781 0.096875
0 0.555859 0.231445 0.0429688 0.0558594
0 0.859375 0.782617 0.03125 0.0628906
0 0.672656 0.285938 0.040625 0.053125
0 0.31875 0.620703 0.18125 0.136719
0 0.470313 0.464844 0.0390625 0.0515625
0 0.696875 0.683594 0.0289063 0.0703125
0 0.0905273 0.18125 0.0392578 0.0609375
0 0.673438 0.305469 0.04375 0.0945313
0 0.111426 0.186768 0.0742188 0.0600586
0 0.309375 0.398438 0.0421875 0.0867188
0 0.54375 0.20542 0.153906 0.0844727
0 0.646094 0.299609 0.0765625 0.0679687
0 0.578906 0.194971 0.034375 0.0616211
0 0.475781 0.461328 0.0398437 0.0578125
0 0.0765869 0.448438 0.0308105 0.0609375
0 0.085376 0.17832 0.0382324 0.0535156
0 0.622656 0.260352 0.145313 0.192578
0 0.129102 0.195703 0.0410156 0.0429688
0 0.0253784 0.161035 0.0244385 0.0478516
0 0.516406 0.359375 0.028125 0.0414063
0 0.311719 0.425781 0.03125 0.0578125
0 0.670313 0.324023 0.0296875 0.0550781
0 0.608594 0.420312 0.0304688 0.0476562
0 0.0725098 0.446875 0.0295898 0.053125
0 0.377441 0.669141 0.0513672 0.06875
0 0.845313 0.960938 0.03125 0.059375
0 0.00775146 0.9875 0.0155029 0.025
0 0.386816 0.520215 0.206055 0.37207
0 0.0255005 0.150195 0.0259521 0.0636719
0 0.179297 0.280078 0.0335938 0.06875
0 0.671094 0.313281 0.0328125 0.0820312
0 0.408203 0.56875 0.161719 0.248438
0 0.307813 0.374609 0.0363281 0.0414063
0 0.571094 0.197266 0.0609375 0.0871094
0 0.310937 0.410938 0.0410156 0.0703125
0 0.694922 0.694922 0.0320312 0.0867188
0 0.563281 0.567578 0.0320312 0.0523438
0 0.298438 0.372656 0.040625 0.0484375
0 0.180811 0.271484 0.0344727 0.0539063
0 0.584375 0.189453 0.0335938 0.0546875
0 0.685156 0.6875 0.0484375 0.08125
0 0.669141 0.332422 0.0296875 0.04375
0 0.625391 0.193555 0.0882813 0.0648438
0 0.00950928 0.985938 0.0190186 0.028125
0 0.650781 0.337891 0.071875 0.0585938
0 0.605469 0.191406 0.071875 0.0605469
0 0.375391 0.641406 0.078125 0.175
0 0.376563 0.585156 0.0804688 0.0703125
0 0.460938 0.46875 0.0546875 0.053125
0 0.314844 0.422656 0.0410156 0.0578125
0 0.162305 0.269922 0.0507812 0.05
0 0.630078 0.611328 0.025 0.0390625
0 0.605469 0.41875 0.040625 0.0515625
0 0.387109 0.746094 0.0351562 0.0578125
0 0.180127 0.292578 0.0209961 0.0367188
0 0.578906 0.198242 0.0484375 0.0761719
0 0.564063 0.571094 0.0257812 0.0421875
0 0.479297 0.604688 0.300781 0.185938
0 0.676562 0.769922 0.025 0.0476562
0 0.560156 0.5625 0.0453125 0.05625
0 0.678125 0.287891 0.0429688 0.0609375
0 0.679688 0.280078 0.0421875 0.0828125
0 0.515625 0.360742 0.0375 0.0519531
0 0.682813 0.672656 0.053125 0.0625
0 0.382422 0.688281 0.0484375 0.103125
0 0.478906 0.457813 0.0515625 0.071875
0 0.645312 0.349609 0.075 0.0390625
0 0.353711 0.585547 0.0597656 0.0648438
0 0.48125 0.464844 0.04375 0.05625
0 0.88125 0.655469 0.025 0.0375
0 0.175781 0.268359 0.0347656 0.0449219
0 0.392578 0.757031 0.0351562 0.0625
0 0.660156 0.333984 0.0484375 0.0554687
0 0.470313 0.457031 0.053125 0.0609375
0 0.342969 0.586719 0.0828125 0.059375
0 0.35957 0.366016 0.719141 0.708594
0 0.0789063 0.457031 0.0265625 0.0515625
0 0.61875 0.301563 0.01875 0.0453125
0 0.385938 0.754687 0.0390625 0.0546875
0 0.492188 0.633594 0.321094 0.192188
0 0.628906 0.6125 0.03125 0.0492188
0 0.461719 0.567187 0.271875 0.242188
0 0.360156 0.580469 0.0617188 0.0609375
0 0.88125 0.658594 0.0296875 0.0484375
0 0.666406 0.283594 0.059375 0.0609375
0 0.134961 0.200586 0.0300781 0.0457031
0 0.383691 0.623828 0.0966797 0.14375
0 0.590625 0.194727 0.0875 0.078125
0 0.598047 0.370313 0.0226563 0.0367188
0 0.143457 0.269922 0.0193359 0.04375
0 0.470313 0.474219 0.0703125 0.084375
0 0.615625 0.188672 0.110937 0.0625
0 0.371094 0.603516 0.0710938 0.0992187
0 0.657031 0.284766 0.0765625 0.0796875
0 0.64375 0.18833 0.05625 0.0584961
0 0.65625 0.186523 0.0273438 0.046875
0 0.539844 0.6125 0.0351562 0.0609375
0 0.539062 0.557031 0.053125 0.0484375
0 0.539844 0.574609 0.059375 0.0882813
0 0.3875 0.682422 0.04375 0.0890625
0 0.562109 0.230078 0.0539063 0.115625
0 0.0706055 0.444922 0.0388672 0.0585938
0 0.697656 0.697656 0.0328125 0.115625
0 0.553906 0.217188 0.0640625 0.110156
0 0.148145 0.271289 0.0341797 0.0523438
0 0.233008 0.276563 0.0261719 0.0335938
0 0.011499 0.982813 0.022998 0.034375
0 0.0841797 0.169922 0.0585938 0.0585938
0 0.0687988 0.181641 0.0776367 0.0527344
0 0.672656 0.305859 0.05625 0.107813
0 0.524219 0.555469 0.0328125 0.04375
0 0.635938 0.188281 0.08125 0.0640625
0 0.635156 0.133594 0.0234375 0.0298828
0 0.558203 0.380078 0.0328125 0.0515625
0 0.477734 0.472656 0.053125 0.078125
0 0.650781 0.185742 0.0414063 0.0542969
0 0.684375 0.716016 0.053125 0.127344
0 0.548438 0.5875 0.0570313 0.0984375
0 0.395703 0.767188 0.0390625 0.0734375
0 0.532422 0.56875 0.0554687 0.071875
0 0.624609 0.41875 0.0640625 0.0546875
0 0.864062 0.779688 0.0421875 0.0609375
0 0.542969 0.208008 0.0992187 0.0945313
0 0.181641 0.291992 0.025 0.0445313
0 0.558594 0.383984 0.021875 0.0359375
0 0.0794678 0.453906 0.036377 0.078125
0 0.34375 0.584766 0.0890625 0.0859375
0 0.356641 0.66875 0.105469 0.226562
0 0.567187 0.379004 0.0421875 0.0513672
0 0.36582 0.577344 0.0816406 0.0671875
0 0.559375 0.224023 0.0875 0.125
0 0.422656 0.413672 0.485156 0.597656
0 0.597656 0.371094 0.03125 0.0484375
0 0.140234 0.201563 0.0333984 0.0429688
0 0.389453 0.763672 0.0398437 0.0664062
0 0.607031 0.309961 0.164062 0.118359
0 0.377344 0.607813 0.203906 0.207813
0 0.648438 0.31875 0.104688 0.121094
0 0.329688 0.588281 0.1125 0.0515625
0 0.871094 0.716797 0.0234375 0.0492188
0 0.0298828 0.161914 0.0349609 0.0644531
0 0.533594 0.583594 0.0703125 0.114063
0 0.546484 0.373047 0.06875 0.0570313
0 0.358398 0.599609 0.0792969 0.114844
0 0.166797 0.278906 0.065625 0.065625
0 0.700781 0.687109 0.0515625 0.0632813
0 0.189453 0.510547 0.0351562 0.04375
0 0.288867 0.588281 0.0667969 0.04375
0 0.541406 0.365625 0.0726563 0.0515625
0 0.672266 0.685547 0.0710938 0.105469
0 0.420312 0.0888672 0.0234375 0.0423828
0 0.378223 0.692969 0.0576172 0.1375
0 0.553125 0.237109 0.0546875 0.0734375
0 0.18208 0.288086 0.0311523 0.0566406
0 0.602344 0.367578 0.0359375 0.0492188
0 0.356055 0.591797 0.0472656 0.0742188
0 0.69375 0.676562 0.05 0.0671875
0 0.648438 0.273047 0.084375 0.105469
0 0.623438 0.353125 0.0507812 0.0367188
0 0.0121094 0.975781 0.0242188 0.0484375
0 0.273438 0.588672 0.0390625 0.0421875
0 0.844531 0.953125 0.0390625 0.059375
0 0.619141 0.3 0.0296875 0.0554687
0 0.676562 0.679688 0.059375 0.0640625
0 0.451953 0.578125 0.246094 0.182812
0 0.658594 0.711719 0.0984375 0.120313
0 0.623438 0.347656 0.0328125 0.028125
0 0.532813 0.597656 0.0546875 0.090625
0 0.598437 0.397266 0.059375 0.0960938
0 0.414844 0.0844727 0.0359375 0.0544922
0 0.133594 0.199023 0.0382813 0.053125
0 0.658594 0.192188 0.03125 0.065625
0 0.527344 0.557031 0.0421875 0.0515625
0 0.60625 0.412109 0.0484375 0.0570313
0 0.310937 0.43125 0.0382813 0.075
0 0.553125 0.200391 0.0734375 0.0914062
0 0.53125 0.366016 0.0703125 0.0617188
0 0.372461 0.678516 0.0621094 0.115625
0 0.393652 0.594531 0.0470703 0.0625
0 0.851562 0.323633 0.03125 0.0625
0 0.660156 0.188232 0.0335938 0.0907227
0 0.569531 0.573438 0.0320312 0.05
0 0.394434 0.435156 0.31582 0.548438
0 0.29043 0.165625 0.0207031 0.0375
0 0.0155762 0.98125 0.0311523 0.0375
0 0.539062 0.370117 0.325 0.436328
0 0.567969 0.299951 0.282031 0.278223
0 0.380078 0.641406 0.0664062 0.1375
0 0.386328 0.725781 0.0421875 0.103125
0 0.567969 0.371094 0.06875 0.0546875
0 0.49375 0.404004 0.400781 0.635742
0 0.557031 0.273438 0.046875 0.0824219
0 0.0397949 0.985938 0.0795898 0.028125
0 0.854688 0.313281 0.028125 0.0414063
0 0.590625 0.371484 0.065625 0.053125
0 0.86875 0.391016 0.0265625 0.0460938
0 0.857813 0.781445 0.05625 0.0683594
0 0.0203369 0.973047 0.0406738 0.0539063
0 0.849219 0.785156 0.0484375 0.065625
0 0.579688 0.373437 0.0734375 0.0554687
0 0.559375 0.291016 0.028125 0.0429688
0 0.457422 0.4875 0.0734375 0.0984375
0 0.661719 0.531641 0.0296875 0.0539063
0 0.303125 0.374609 0.0507812 0.0570313
0 0.0219971 0.145313 0.0315918 0.0699219
0 0.571094 0.252002 0.289062 0.174121
0 0.532813 0.729688 0.025 0.0429688
0 0.234961 0.279102 0.0386719 0.0445313
0 0.488672 0.758594 0.0304688 0.0453125
0 0.515527 0.650781 0.375195 0.242969
0 0.607031 0.432422 0.0445313 0.0789063
0 0.410938 0.0742188 0.0445313 0.0669922
0 0.459375 0.451562 0.0703125 0.0875
0 0.291016 0.166211 0.0265625 0.0480469
0 0.399609 0.597656 0.0367188 0.0601563
0 0.857813 0.790625 0.04375 0.06875
0 0.0712402 0.187305 0.0633789 0.0558594
0 0.14707 0.208594 0.0277344 0.05
0 0.306445 0.39209 0.548047 0.642383
0 0.484766 0.760547 0.0421875 0.0523438
0 0.954688 0.0884522 0.025 0.039502
0 0.314453 0.405469 0.0515625 0.0898438
0 0.410547 0.654688 0.141406 0.207813
0 0.570703 0.199219 0.202344 0.0925781
0 0.465625 0.758594 0.0367188 0.0515625
0 0.499609 0.7625 0.0367188 0.05
0 0.63125 0.336523 0.065625 0.0632813
0 0.532031 0.614062 0.0460938 0.05625
0 0.484766 0.455859 0.05625 0.0898438
0 0.344922 0.51875 0.0265625 0.0328125
0 0.183643 0.528906 0.0592773 0.0875
0 0.849219 0.960938 0.0484375 0.065625
0 0.356641 0.570312 0.0945313 0.096875
0 0.0393066 0.978516 0.0786133 0.0429688
0 0.427344 0.505078 0.139063 0.116406
0 0.517578 0.538672 0.385156 0.749219
0 0.669531 0.327734 0.0453125 0.078125
0 0.503125 0.572754 0.346094 0.468555
0 0.846094 0.330078 0.0265625 0.0636719
0 0.574219 0.241211 0.1875 0.167578
0 0.378125 0.672656 0.0851563 0.240625
0 0.351562 0.699219 0.108594 0.298438
0 0.471875 0.757031 0.0328125 0.0453125
0 0.554688 0.262109 0.0546875 0.110937
0 0.343359 0.591016 0.1 0.115625
0 0.0767334 0.451172 0.0484863 0.06875
0 0.542188 0.0695313 0.0210938 0.0361328
0 0.855469 0.85625 0.0296875 0.046875
0 0.535156 0.728125 0.0203125 0.034375
0 0.42959 0.480078 0.139258 0.0757812
0 0.634375 0.610938 0.0328125 0.0546875
0 0.511719 0.594531 0.13125 0.121875
0 0.871875 0.389453 0.021875 0.0382813
0 0.680078 0.763281 0.0429688 0.059375
0 0.564063 0.578906 0.0554687 0.0773438
0 0.5625 0.287891 0.0226563 0.0394531
0 0.671484 0.278906 0.0515625 0.0773438
0 0.671875 0.77793 0.0296875 0.0535156
0 0.40625 0.081543 0.0390625 0.0607422
0 0.619531 0.205664 0.121875 0.105078
0 0.135156 0.200586 0.0498047 0.0691406
0 0.636328 0.135156 0.0304688 0.0347656
0 0.629297 0.424609 0.0789063 0.0632813
0 0.457813 0.753516 0.0273438 0.0460938
0 0.663281 0.203711 0.0390625 0.0980469
0 0.519922 0.081665 0.0265625 0.047998
0 0.534766 0.0705078 0.03125 0.0455078
0 0.271875 0.589453 0.0554687 0.0492188
0 0.85625 0.85625 0.025 0.0375
0 0.0655762 0.435937 0.0469727 0.0859375
0 0.567187 0.241602 0.078125 0.147266
0 0.123047 0.195703 0.0652344 0.0828125
0 0.0623047 0.171484 0.0972656 0.0671875
0 0.252148 0.162793 0.0230469 0.0380859
0 0.375879 0.632812 0.0669922 0.109375
0 0.613281 0.239063 0.140625 0.15625
0 0.658594 0.30957 0.0796875 0.0835937
0 0.562109 0.203516 0.0390625 0.0695313
0 0.558984 0.217383 0.0304688 0.0453125
0 0.570312 0.202734 0.046875 0.071875
0 0.558594 0.225 0.0390625 0.0414063
0 0.37666 0.625781 0.0857422 0.11875
0 0.555078 0.233594 0.0460938 0.0546875
0 0.660156 0.296875 0.065625 0.0578125
0 0.577344 0.195361 0.040625 0.0631836
0 0.536328 0.592578 0.0734375 0.111719
0 0.35957 0.625391 0.108984 0.11875
0 0.563281 0.224609 0.0609375 0.059375
0 0.664062 0.305078 0.05625 0.084375
0 0.613281 0.208398 0.134375 0.0890625
0 0.376172 0.674219 0.0640625 0.201563
0 0.619141 0.290625 0.146094 0.0960938
0 0.370313 0.657031 0.05 0.0578125
0 0.670313 0.287109 0.040625 0.046875
0 0.664062 0.321875 0.0328125 0.0554687
0 0.628906 0.308984 0.142188 0.0773438
0 0.389062 0.753516 0.021875 0.0421875
0 0.564063 0.2125 0.05 0.0847656
0 0.377344 0.615625 0.075 0.0828125
0 0.620313 0.201611 0.090625 0.0788086
0 0.571875 0.205859 0.0625 0.090625
0 0.379297 0.603906 0.0671875 0.0609375
0 0.46875 0.466016 0.0203125 0.0414063
0 0.582031 0.186914 0.0359375 0.0503906
0 0.374609 0.675 0.0546875 0.0703125
0 0.397656 0.670313 0.108594 0.204688
0 0.596484 0.198779 0.0890625 0.0735352
0 0.594141 0.234814 0.105469 0.143652
0 0.554688 0.242383 0.0546875 0.0777344
0 0.376172 0.600781 0.078125 0.0765625
0 0.618848 0.568359 0.751367 0.863281
0 0.585156 0.220654 0.09375 0.119629
0 0.372461 0.665625 0.0480469 0.0492188
0 0.470703 0.467187 0.0273438 0.0445313
0 0.0855713 0.172656 0.0222168 0.0289063
0 0.592188 0.192383 0.0515625 0.0621094
0 0.550781 0.240234 0.046875 0.053125
0 0.666406 0.3125 0.0398437 0.0773438
0 0.553906 0.264844 0.053125 0.116406
0 0.582812 0.202539 0.075 0.0847656
0 0.678906 0.682422 0.04375 0.0484375
0 0.580469 0.201172 0.0546875 0.0796875
0 0.561328 0.220313 0.0648438 0.114844
0 0.603125 0.419531 0.0328125 0.04375
0 0.645312 0.297266 0.078125 0.0542969
0 0.389453 0.750781 0.0296875 0.071875
0 0.374414 0.652344 0.0535156 0.0875
0 0.37959 0.680469 0.0486328 0.090625
0 0.60625 0.417969 0.0203125 0.0390625
0 0.38291 0.703125 0.0435547 0.1
0 0.66875 0.335352 0.028125 0.0363281
0 0.477734 0.471875 0.0390625 0.0421875
0 0.349023 0.640625 0.115234 0.140625
0 0.528125 0.559766 0.0484375 0.0453125
0 0.392969 0.709375 0.025 0.0734375
0 0.538281 0.627344 0.0328125 0.0523438
0 0.635938 0.191211 0.0578125 0.059375
0 0.674609 0.292773 0.0507812 0.0699219
0 0.532031 0.614062 0.046875 0.071875
0 0.641406 0.317578 0.10625 0.0992187
0 0.673828 0.677734 0.0351562 0.0476562
0 0.391406 0.735156 0.0296875 0.0984375
0 0.584375 0.190625 0.0453125 0.0578125
0 0.683984 0.687109 0.0414063 0.0484375
0 0.482031 0.418066 0.0398437 0.15293
0 0.541406 0.626953 0.021875 0.04375
0 0.365234 0.585938 0.0632813 0.0671875
0 0.489453 0.410938 0.0367188 0.167969
0 0.521875 0.586719 0.08125 0.1
0 0.531641 0.573438 0.424219 0.84375
0 0.860938 0.795313 0.021875 0.040625
0 0.645312 0.190967 0.04375 0.0524414
0 0.66875 0.330078 0.0359375 0.0484375
0 0.695312 0.685547 0.0171875 0.0382813
0 0.6375 0.301953 0.0640625 0.0546875
0 0.647656 0.184375 0.0328125 0.0441406
0 0.363281 0.591797 0.0929688 0.0585938
0 0.478906 0.451562 0.0382813 0.0820312
0 0.538281 0.578906 0.065625 0.08125
0 0.689844 0.683594 0.021875 0.040625
0 0.311523 0.416797 0.0214844 0.0382813
0 0.68125 0.697266 0.0484375 0.0703125
0 0.390625 0.602344 0.0421875 0.059375
0 0.528125 0.619922 0.05 0.053125
0 0.68125 0.710938 0.046875 0.10625
0 0.472266 0.460938 0.034375 0.0601563
0 0.523438 0.558594 0.0335938 0.046875
0 0.389941 0.767188 0.0310547 0.05625
0 0.858594 0.784375 0.028125 0.0578125
0 0.34375 0.59375 0.11875 0.059375
0 0.392969 0.746484 0.034375 0.0945313
0 0.310937 0.421094 0.0304688 0.0429688
0 0.669922 0.313281 0.0601563 0.0898438
0 0.0889648 0.174902 0.0228516 0.0353516
0 0.689844 0.691406 0.028125 0.0539063
0 0.662109 0.336719 0.0429688 0.0382813
0 0.658594 0.296289 0.0828125 0.078125
0 0.532813 0.639844 0.046875 0.0671875
0 0.40625 0.295312 0.0171875 0.0429688
0 0.288672 0.166504 0.0171875 0.0396484
0 0.542188 0.632812 0.0296875 0.0453125
0 0.538281 0.625 0.025 0.05
0 0.522656 0.555078 0.0273438 0.040625
0 0.510156 0.579297 0.090625 0.084375
0 0.690625 0.708203 0.0296875 0.0960938
0 0.53125 0.605078 0.0765625 0.142188
0 0.346289 0.617969 0.137891 0.139063
0 0.655078 0.343359 0.0890625 0.153906
0 0.601562 0.430469 0.046875 0.05625
0 0.505469 0.603125 0.117188 0.139063
0 0.362109 0.516406 0.724219 0.935938
0 0.29668 0.371094 0.0191406 0.0296875
0 0.418066 0.619531 0.193555 0.154688
0 0.473438 0.478906 0.0671875 0.0625
0 0.764063 0.157031 0.0171875 0.0355469
0 0.620313 0.299609 0.0296875 0.0515625
0 0.842969 0.957031 0.0265625 0.05625
0 0.169922 0.261523 0.021875 0.0273438
0 0.677734 0.714844 0.0585938 0.121875
0 0.627344 0.60625 0.0171875 0.0359375
0 0.671875 0.674219 0.05 0.05625
0 0.367578 0.599219 0.0773438 0.0617188
0 0.599609 0.421484 0.0515625 0.0484375
0 0.0893555 0.178467 0.0384766 0.0461914
0 0.13291 0.194922 0.0208984 0.0351562
0 0.388281 0.605859 0.0492188 0.0734375
0 0.641016 0.202148 0.0585938 0.0792969
0 0.173047 0.261719 0.0230469 0.0332031
0 0.405469 0.294141 0.0226563 0.0515625
0 0.426953 0.657031 0.195312 0.204688
0 0.785156 0.11123 0.0234375 0.0419922
0 0.563281 0.25 0.0765625 0.127344
0 0.369922 0.722656 0.0773438 0.307813
0 0.302344 0.535937 0.0390625 0.05
0 0.608984 0.197217 0.157031 0.0961914
0 0.296484 0.374805 0.0265625 0.0292969
0 0.360547 0.602344 0.0976562 0.08125
0 0.546094 0.58125 0.059375 0.0640625
0 0.525391 0.592969 0.0632813 0.0921875
0 0.318359 0.597656 0.151562 0.0625
0 0.763672 0.15791 0.021875 0.0400391
0 0.377734 0.697266 0.0585938 0.135156
0 0.386328 0.759375 0.0445313 0.05625
0 0.597266 0.369141 0.0203125 0.0359375
0 0.598828 0.404297 0.0578125 0.0789063
0 0.650781 0.284766 0.0921875 0.0859375
0 0.482812 0.478125 0.0484375 0.053125
0 0.415234 0.590625 0.186719 0.197656
0 0.69375 0.686719 0.03125 0.0445313
0 0.535156 0.558203 0.0445313 0.04375
0 0.392285 0.599609 0.138867 0.183594
0 0.5625 0.567187 0.0234375 0.040625
0 0.343164 0.679688 0.130078 0.2125
0 0.294531 0.595313 0.0789063 0.0429688
0 0.380469 0.638281 0.0703125 0.140625
0 0.0802734 0.180469 0.0414063 0.04375
0 0.522656 0.564063 0.05 0.053125
0 0.321094 0.594922 0.125 0.0476562
0 0.468359 0.471875 0.0375 0.04375
0 0.0704102 0.444531 0.0265625 0.0421875
0 0.176514 0.281055 0.0336914 0.0632813
0 0.289062 0.167969 0.025 0.0445313
0 0.514063 0.691406 0.021875 0.0375
0 0.491406 0.7625 0.01875 0.0484375
0 0.370703 0.489844 0.664062 0.814063
0 0.474609 0.656152 0.294531 0.687695
0 0.527344 0.559766 0.065625 0.065625
0 0.176367 0.292188 0.0308594 0.0414063
0 0.440723 0.565625 0.29043 0.821875
0 0.846875 0.960156 0.0234375 0.0546875
0 0.85 0.328125 0.034375 0.065625
0 0.537891 0.599219 0.0539063 0.109375
0 0.392188 0.732031 0.040625 0.129688
0 0.3875 0.736719 0.0507812 0.1
0 0.679688 0.76875 0.01875 0.0453125
0 0.173047 0.265625 0.03125 0.0375
0 0.394531 0.694922 0.034375 0.164844
0 0.280664 0.595313 0.0585938 0.0421875
0 0.453125 0.608594 0.207813 0.15625
0 0.513281 0.771094 0.0234375 0.046875
0 0.68125 0.731641 0.0484375 0.138281
0 0.617188 0.3125 0.151562 0.107031
0 0.528906 0.649219 0.0609375 0.103906
0 0.499219 0.399902 0.0390625 0.195508
0 0.647656 0.458203 0.0203125 0.0398437
0 0.482031 0.757812 0.0234375 0.0421875
0 0.304102 0.375 0.0308594 0.0335938
0 0.169922 0.264062 0.0292969 0.0273438
0 0.5125 0.692969 0.0296875 0.0445313
0 0.130078 0.198047 0.0316406 0.0421875
0 0.70625 0.48125 0.521875 0.653125
0 0.851562 0.32207 0.0328125 0.0496094
0 0.5125 0.560547 0.078125 0.090625
0 0.617188 0.30332 0.0140625 0.0425781
0 0.299805 0.532813 0.0296875 0.046875
0 0.626953 0.607813 0.025 0.04375
0 0.0703613 0.450781 0.0299805 0.0546875
0 0.601562 0.411719 0.0453125 0.0585938
0 0.505469 0.351172 0.021875 0.0453125
0 0.542188 0.625 0.0359375 0.06875
0 0.46875 0.580859 0.171094 0.196875
0 0.630859 0.248486 0.157031 0.187402
0 0.517188 0.0791016 0.0210938 0.0431641
0 0.125977 0.194922 0.0412109 0.0464844
0 0.65 0.206641 0.05 0.0875
0 0.468359 0.75625 0.0179687 0.040625
0 0.560156 0.565625 0.03125 0.0515625
0 0.480078 0.415234 0.0570313 0.154688
0 0.178906 0.294141 0.0164063 0.0335938
0 0.305469 0.402734 0.0429688 0.0632813
0 0.692187 0.730469 0.028125 0.13125
0 0.518359 0.0712891 0.0203125 0.0451172
0 0.0849365 0.174805 0.0371582 0.0464844
0 0.507422 0.768359 0.0375 0.0507812
0 0.674219 0.773438 0.025 0.046875
0 0.614062 0.441406 0.0640625 0.0734375
0 0.565625 0.198096 0.18125 0.0975586
0 0.452734 0.643359 0.215625 0.224219
0 0.530469 0.651563 0.0515625 0.0859375
0 0.507031 0.358594 0.0398437 0.0453125
0 0.514063 0.771094 0.01875 0.040625
0 0.308594 0.533594 0.0414063 0.0453125
0 0.335156 0.590234 0.142969 0.0828125
0 0.403125 0.291406 0.0296875 0.05625
0 0.515625 0.0877197 0.0210938 0.0397949
0 0.478125 0.7625 0.034375 0.0484375
0 0.383984 0.781445 0.0523438 0.437109
0 0.569922 0.463379 0.267188 0.606055
0 0.604688 0.453516 0.0359375 0.0671875
0 0.396094 0.775781 0.0375 0.078125
0 0.598047 0.373828 0.03125 0.0375
0 0.44541 0.578125 0.24043 0.21875
0 0.508984 0.368164 0.0515625 0.0699219
0 0.394922 0.583984 0.059375 0.114063
0 0.786719 0.112012 0.0296875 0.0492188
0 0.455469 0.776367 0.255469 0.447266
0 0.498828 0.369531 0.03125 0.0679687
0 0.5 0.767969 0.028125 0.05
0 0.36875 0.586719 0.0757812 0.084375
0 0.371094 0.685938 0.0671875 0.126563
0 0.507031 0.354492 0.0296875 0.0441406
0 0.629687 0.609766 0.0203125 0.034375
0 0.678906 0.764063 0.040625 0.065625
0 0.672656 0.778125 0.0203125 0.046875
0 0.373047 0.617969 0.0726563 0.1375
0 0.673828 0.303516 0.0507812 0.0828125
0 0.0725586 0.444531 0.0285156 0.05
0 0.870313 0.777344 0.05625 0.0828125
0 0.872656 0.754687 0.0609375 0.132812
0 0.864062 0.784375 0.040625 0.0640625
0 0.071582 0.449219 0.0353516 0.059375
0 0.621875 0.241016 0.14375 0.164062
0 0.680469 0.671875 0.0578125 0.0632813
0 0.301172 0.370703 0.0253906 0.0328125
0 0.305664 0.373047 0.0304688 0.0335938
0 0.17583 0.267578 0.0342773 0.040625
0 0.299609 0.371094 0.0367188 0.040625
0 0.0875977 0.169336 0.0304688 0.0320312
0 0.174805 0.261328 0.0308594 0.03125
0 0.176953 0.291016 0.0304688 0.0414063
0 0.8625 0.795313 0.028125 0.034375
0 0.0679199 0.449219 0.0360352 0.071875
0 0.111719 0.189453 0.0691406 0.0523438
0 0.860938 0.789844 0.03125 0.0484375
0 0.307031 0.383496 0.046875 0.0501953
0 0.10918 0.180859 0.0683594 0.0515625
0 0.176904 0.280859 0.0344727 0.0632813
0 0.0775635 0.448828 0.0522949 0.0710938
0 0.682813 0.68125 0.0515625 0.0453125
0 0.171484 0.259766 0.0261719 0.0265625
0 0.0924805 0.182373 0.0404297 0.0594727
0 0.846875 0.95625 0.0328125 0.05625
0 0.0870117 0.171484 0.0369141 0.0429688
0 0.307813 0.403906 0.0445313 0.0570313
0 0.3125 0.416406 0.0332031 0.0390625
0 0.6875 0.690625 0.0507812 0.05625
0 0.311719 0.414844 0.028125 0.0296875
0 0.0776367 0.453125 0.0253906 0.0484375
0 0.629687 0.605469 0.01875 0.0335938
0 0.689063 0.710156 0.0421875 0.0984375
0 0.129883 0.193359 0.0332031 0.0367188
0 0.488281 0.4125 0.0546875 0.153125
0 0.12207 0.190967 0.0488281 0.0461914
0 0.0649414 0.43125 0.034375 0.10625
0 0.131152 0.199219 0.0378906 0.046875
0 0.296875 0.362891 0.0503906 0.0546875
0 0.088501 0.173828 0.0550293 0.0414063
0 0.0701172 0.4375 0.0533203 0.101562
0 0.596875 0.366406 0.0234375 0.0335938
0 0.290234 0.164453 0.0207031 0.0371094
0 0.863281 0.78125 0.053125 0.0703125
0 0.878906 0.716016 0.05 0.05
0 0.112207 0.187305 0.0771484 0.0714844
0 0.628906 0.605859 0.0265625 0.040625
0 0.696094 0.684375 0.028125 0.0359375
0 0.673438 0.667969 0.06875 0.0742188
0 0.598437 0.371484 0.025 0.0375
0 0.85 0.9625 0.03125 0.046875
0 0.179492 0.293359 0.0183594 0.0320312
0 0.313281 0.420703 0.0285156 0.0375
0 0.0606934 0.395313 0.0286133 0.0375
0 0.485938 0.432813 0.053125 0.110937
0 0.85 0.327344 0.040625 0.0703125
0 0.684375 0.664062 0.0640625 0.0835937
0 0.850781 0.964844 0.0234375 0.040625
0 0.678906 0.676172 0.046875 0.0484375
0 0.289258 0.164551 0.028125 0.0431641
0 0.692578 0.683203 0.0398437 0.0375
0 0.179248 0.289062 0.0407227 0.05
0 0.30293 0.375781 0.0484375 0.0515625
0 0.0964844 0.180518 0.0757812 0.0467773
0 0.230859 0.271094 0.0203125 0.0257812
0 0.0575195 0.389453 0.0195312 0.0296875
0 0.302344 0.367969 0.0578125 0.0484375
0 0.391406 0.75625 0.0234375 0.040625
0 0.628906 0.615625 0.034375 0.0484375
0 0.603906 0.405469 0.0421875 0.059375
0 0.371484 0.650781 0.078125 0.2125
0 0.354883 0.617969 0.101953 0.135937
0 0.861719 0.8 0.0359375 0.05
0 0.846875 0.95625 0.040625 0.06875
0 0.121484 0.199268 0.0605469 0.0577148
0 0.143652 0.208789 0.0279297 0.0445313
0 0.8625 0.769922 0.06875 0.107031
0 0.168359 0.263672 0.0398437 0.0382813
0 0.607813 0.417188 0.0265625 0.0375
0 0.483594 0.398047 0.04375 0.185156
0 0.0782227 0.454297 0.0345703 0.0664062
0 0.177295 0.281055 0.0493164 0.0644531
0 0.381348 0.623438 0.0951172 0.151562
0 0.663281 0.652344 0.09375 0.1125
0 0.564941 0.571094 0.704492 0.857813
0 0.391406 0.750781 0.01875 0.034375
0 0.639063 0.617969 0.053125 0.0625
0 0.228711 0.271289 0.0257812 0.0324219
0 0.480078 0.463281 0.0265625 0.034375
0 0.603906 0.394531 0.0515625 0.0773438
0 0.48125 0.464844 0.0398437 0.0375
0 0.475781 0.460938 0.0226563 0.0367188
0 0.691016 0.723437 0.0320312 0.115625
0 0.139258 0.20918 0.0464844 0.0511719
0 0.481641 0.46875 0.0476562 0.0429688
0 0.147266 0.213281 0.0287109 0.0390625
0 0.0889648 0.17168 0.0632813 0.0554687
0 0.470313 0.459375 0.0203125 0.034375
0 0.853125 0.965625 0.01875 0.034375
0 0.134766 0.202539 0.0570313 0.0660156
0 0.482812 0.447656 0.0453125 0.0828125
0 0.676562 0.66875 0.059375 0.0453125
0 0.169629 0.273828 0.0533203 0.053125
0 0.683594 0.68125 0.0578125 0.059375
0 0.685156 0.727734 0.0476562 0.130469
0 0.854688 0.854688 0.0203125 0.03125
0 0.649609 0.187061 0.0414063 0.0469727
0 0.567578 0.567969 0.025 0.0375
0 0.878125 0.711719 0.0375 0.0375
0 0.584375 0.201172 0.0703125 0.078125
0 0.622656 0.211768 0.144531 0.103809
0 0.18125 0.29707 0.0203125 0.0308594
0 0.636719 0.264014 0.126563 0.190723
0 0.683203 0.700781 0.0585938 0.1
0 0.95625 0.0833984 0.01875 0.0279297
0 0.313281 0.427344 0.0382813 0.053125
0 0.869531 0.709766 0.0234375 0.0375
0 0.649219 0.182617 0.0289063 0.0378906
0 0.210156 0.280469 0.0898438 0.0601563
0 0.603906 0.416406 0.0390625 0.0453125
0 0.85625 0.859375 0.021875 0.0359375
0 0.389062 0.750781 0.0265625 0.0359375
0 0.314063 0.396875 0.0640625 0.0882813
0 0.00109863 0.0929688 0.00219727 0.185938
0 0.475391 0.459375 0.0304688 0.0453125
0 0.953906 0.115137 0.0515625 0.0822266
0 0.287109 0.333594 0.0402344 0.0453125
0 0.296094 0.350391 0.0554687 0.06875
0 0.652344 0.201758 0.0523438 0.0882813
0 0.657031 0.55 0.084375 0.165625
0 0.815625 0.882812 0.01875 0.028125
0 0.564063 0.565625 0.03125 0.0453125
0 0.650391 0.471875 0.0460938 0.06875
0 0.7875 0.114453 0.0234375 0.0398437
0 0.664844 0.30293 0.0703125 0.0902344
0 0.312109 0.370898 0.0539063 0.0683594
0 0.628125 0.600781 0.0359375 0.0507812
0 0.882812 0.708594 0.0375 0.0375
0 0.235938 0.277734 0.034375 0.0296875
0 0.27832 0.325391 0.0191406 0.0304688
0 0.615625 0.37207 0.06875 0.0441406
0 0.500781 0.575 0.475781 0.85
0 0.875 0.713281 0.0375 0.0523438
0 0.0869141 0.164453 0.0484375 0.0664062
0 0.292773 0.166797 0.0367188 0.0445313
0 0.169238 0.275977 0.0396484 0.0703125
0 0.952344 0.0802979 0.028125 0.0378418
0 0.707031 0.507812 0.01875 0.0328125
0 0.495313 0.400098 0.0648438 0.179492
0 0.291797 0.157813 0.0417969 0.0535156
0 0.298828 0.350391 0.0734375 0.0914062
0 0.942187 0.0501953 0.01875 0.0316406
0 0.257812 0.293164 0.0195312 0.0207031
0 0.608594 0.415234 0.0484375 0.065625
0 0.585156 0.198437 0.0546875 0.0703125
0 0.596094 0.368359 0.0390625 0.040625
0 1 0.905469 0 0.189063
0 0.663281 0.653906 0.078125 0.0609375
0 0.647266 0.458203 0.0328125 0.0414063
0 0.684766 0.755469 0.0375 0.053125
0 0.387891 0.664844 0.107813 0.246875
0 0.0774414 0.17832 0.0669922 0.046875
0 0.574219 0.203711 0.0546875 0.0695313
0 0.298047 0.148926 0.0539063 0.0810547
0 0.628125 0.616406 0.040625 0.059375
0 0.948438 0.0641113 0.0296875 0.050293
0 0.0641602 0.421484 0.0669922 0.117969
0 0.302344 0.362305 0.0589844 0.0886719
0 0.00146484 0.901563 0.00292969 0.196875
0 0.120313 0.195508 0.0773438 0.0855469
0 0.0533691 0.585938 0.0999023 0.1375
0 0.871875 0.741406 0.05 0.104688
0 0.853125 0.855469 0.0265625 0.0375
0 0.84375 0.949219 0.05 0.0890625
0 0.857813 0.851562 0.0453125 0.0484375
0 0.114551 0.204346 0.08125 0.107715
0 0.394531 0.764844 0.0375 0.05625
0 0.68125 0.732031 0.0625 0.15
0 0.951563 0.0871094 0.034375 0.0324219
0 0.708594 0.511328 0.0171875 0.0328125
0 0.39375 0.75 0.0359375 0.053125
0 0.283594 0.163672 0.0476562 0.0425781
0 0.633594 0.133008 0.0203125 0.0283203
0 0.0964844 0.184717 0.0947266 0.0540039
0 0.248828 0.291797 0.0394531 0.0242188
0 0.630859 0.412109 0.0945313 0.121094
0 0.814063 0.885156 0.025 0.0375
0 0.655859 0.503516 0.0453125 0.105469
0 0.689844 0.749219 0.025 0.04375
0 0.0752197 0.45 0.0702637 0.08125
0 0.659375 0.526563 0.0328125 0.059375
0 0.8625 0.798438 0.046875 0.040625
0 0.000805664 0.225195 0.00161133 0.252734
0 0.315234 0.419922 0.046875 0.0445313
0 0.238867 0.281641 0.0589844 0.0402344
0 0.491406 0.385254 0.0390625 0.22168
0 0.000817871 0.311523 0.00163574 0.258203
0 0.630859 0.608594 0.0375 0.0453125
0 0.665625 0.314453 0.0671875 0.149219
0 0.607422 0.420312 0.0335938 0.0390625
0 0.675391 0.522656 0.0773438 0.0765625
0 0.000830078 0.374609 0.00166016 0.254688
0 0.606641 0.427344 0.0523438 0.0515625
0 0.703906 0.512109 0.028125 0.0476562
0 0.766797 0.904688 0.0242188 0.0375
0 0 0.0786133 0 0.157227
0 0.789062 0.113477 0.034375 0.0484375
0 0.921875 0.914062 0.01875 0.03125
0 0.000732422 0.173828 0.00146484 0.257422
0 0.165527 0.270117 0.0681641 0.0746094
0 0.349805 0.474609 0.699609 0.860156
0 0.604297 0.369531 0.0414063 0.0421875
0 0.660547 0.528906 0.0265625 0.046875
0 0.0843506 0.443359 0.0652832 0.0945313
0 0.614844 0.413184 0.0578125 0.10332
0 0.485547 0.474609 0.053125 0.0585938
0 0.685156 0.759766 0.0273438 0.0382813
0 0.639844 0.631641 0.046875 0.0507812
0 0.00090332 0.423828 0.00180664 0.255469
0 0.859375 0.855469 0.034375 0.0359375
0 0.672656 0.286719 0.059375 0.141406
0 0.670313 0.311914 0.0367188 0.0707031
0 0.673047 0.324414 0.0320312 0.0433594
0 0.000634766 0.119727 0.00126953 0.239453
0 0.380469 0.773242 0.0921875 0.453516
0 0.557813 0.558594 0.0375 0.053125
0 0.640625 0.607813 0.0578125 0.08125
0 0.860938 0.753125 0.0765625 0.139063
0 0.360547 0.710156 0.103125 0.33125
0 0.563281 0.230469 0.0609375 0.05625
0 0.488281 0.458984 0.0507812 0.0671875
0 0.38916 0.749219 0.0294922 0.046875
0 0.298242 0.383984 0.0660156 0.06875
0 0.63125 0.429688 0.08125 0.0765625
0 0.646094 0.453125 0.0234375 0.0328125
0 0.174316 0.276758 0.0626953 0.0714844
0 0.276172 0.321094 0.0230469 0.0359375
0 0.528125 0.065918 0.028125 0.0376953
0 0.148828 0.264453 0.0302734 0.034375
0 0.253906 0.159082 0.0195312 0.0306641
0 0.000891113 0.473828 0.00178223 0.257031
0 0.85 0.919531 0.053125 0.148438
0 0.848437 0.774609 0.06875 0.0898438
0 0.565234 0.213672 0.0335938 0.040625
0 1 0.757812 0 0.25625
0 0.540625 0.0669922 0.0203125 0.0345703
0 0.671094 0.527344 0.059375 0.0617188
0 0.638281 0.583594 0.065625 0.0921875
0 0.854688 0.864844 0.03125 0.0484375
0 1 0.857813 0 0.257812
0 0.692969 0.726562 0.04375 0.126563
0 0.68125 0.288672 0.06875 0.124219
0 0.0617188 0.445312 0.0617188 0.08125
0 0.569531 0.206641 0.071875 0.096875
0 0.619531 0.427734 0.0625 0.0671875
0 0.654688 0.48125 0.06875 0.15
0 0.000915527 0.750781 0.00183105 0.251563
0 1 0.80957 0 0.255859
0 0.846094 0.328711 0.05625 0.0765625
0 0.249609 0.287695 0.0367188 0.0292969
0 0.179102 0.298828 0.0304688 0.0335938
0 0.648438 0.468359 0.040625 0.0476562
0 0.482031 0.383594 0.0328125 0.221875
0 0.532813 0.0664551 0.0359375 0.0405273
0 0.632422 0.187549 0.0773438 0.0584961
0 0.159766 0.265625 0.0597656 0.0429688
0 0 0.096582 0 0.17168
0 1 0.693359 0 0.263281
0 0.0540039 0.400781 0.0404297 0.0515625
0 0.542188 0.546875 0.0203125 0.0359375
0 0.689063 0.754687 0.021875 0.0328125
0 0.112402 0.178711 0.0785156 0.104688
0 0.513281 0.355664 0.021875 0.0375
0 0.0542969 0.390625 0.0304688 0.0390625
0 0.0294434 0.152246 0.0188477 0.0310547
0 0.882812 0.705859 0.05625 0.0851563
0 0.519531 0.0646484 0.0203125 0.0341797
0 0.767188 0.154102 0.01875 0.0304688
0 0.569531 0.571094 0.034375 0.040625
0 0.848437 0.757031 0.08125 0.129688
0 0.763672 0.904688 0.0320312 0.040625
0 0.885938 0.660937 0.0515625 0.0421875
0 0.0618042 0.601562 0.0943604 0.109375
0 0.998438 0.926172 0.003125 0.147656
0 0.939063 0.0499023 0.025 0.0341797
0 0.960156 0.10354 0.0671875 0.0749512
0 0.550781 0.239063 0.034375 0.0375
0 0.675781 0.682031 0.0742188 0.107813
0 0.178857 0.303906 0.0360352 0.0398437
0 0.625781 0.6 0.0546875 0.0546875
0 0.385059 0.698438 0.0486328 0.0625
0 0.865625 0.792188 0.053125 0.071875
0 0.925 0.9125 0.021875 0.03125
0 0.0798584 0.467187 0.0441895 0.08125
0 0.673438 0.321289 0.0578125 0.122266
0 0.647656 0.442969 0.0375 0.0507812
0 0.584766 0.190576 0.0953125 0.100098
0 0.370313 0.619531 0.0789063 0.139063
0 0.614844 0.251172 0.165625 0.186719
0 0.667188 0.305664 0.0546875 0.0914062
0 0.511621 0.503516 0.404883 0.702344
0 0.571094 0.203516 0.05625 0.0796875
0 0.370703 0.658984 0.075 0.227344
0 0.579297 0.484473 0.266406 0.674805
0 0.390625 0.75625 0.025 0.04375
0 0.657031 0.307031 0.08125 0.109375
0 0.554688 0.236719 0.046875 0.0703125
0 0.366797 0.717188 0.0882813 0.340625
0 0.60625 0.200049 0.114063 0.0795898
0 0.588281 0.199805 0.0390625 0.0699219
0 0.304492 0.398047 0.0492188 0.0765625
0 0.314453 0.424219 0.0257812 0.0421875
0 0.312109 0.420312 0.03125 0.046875
0 0.0719727 0.448438 0.0261719 0.05625
0 0.601172 0.230859 0.142969 0.141797
0 0.564844 0.236133 0.065625 0.0804688
0 0.858594 0.789062 0.0328125 0.0578125
0 0.387891 0.7625 0.03125 0.0609375
0 0.551562 0.241406 0.059375 0.0820312
0 0.688281 0.685156 0.0375 0.0453125
0 0.567187 0.221436 0.078125 0.117285
0 0.0761963 0.454688 0.0308105 0.0671875
0 0.348633 0.617578 0.127734 0.136719
0 0.0782227 0.460938 0.0248047 0.0507812
0 0.688281 0.694531 0.0390625 0.0671875
0 0.8625 0.767188 0.05 0.114063
0 0.629687 0.610156 0.0203125 0.0359375
0 0.695312 0.686719 0.021875 0.040625
0 0.858594 0.798438 0.0234375 0.0390625
0 0.364063 0.772852 0.090625 0.454297
0 0.564844 0.221875 0.0367188 0.0429688
0 0.403125 0.583594 0.179688 0.28125
0 0.566406 0.567187 0.0421875 0.0515625
0 0.380469 0.773047 0.0726563 0.453906
0 0.562109 0.227344 0.0382813 0.0503906
0 0.644531 0.307031 0.0984375 0.0957031
0 0.678125 0.720313 0.059375 0.135937
0 0.684375 0.705469 0.0507812 0.096875
0 0.572266 0.567187 0.0320312 0.04375
0 0.587109 0.200049 0.075 0.0717773
0 0.343164 0.656641 0.130078 0.21875
0 0.685156 0.675781 0.0453125 0.0617188
0 0.307227 0.375391 0.028125 0.0351562
0 0.15625 0.255859 0.0511719 0.0675781
0 0.66875 0.725 0.071875 0.151562
0 0.697656 0.687891 0.03125 0.0476562
0 0.392578 0.759375 0.04375 0.059375
0 0.594531 0.194922 0.040625 0.0617188
0 0.864062 0.799219 0.028125 0.040625
0 0.366406 0.617969 0.122656 0.169531
0 0.0696777 0.440234 0.0235352 0.0351562
0 0.813281 0.896094 0.0234375 0.046875
0 0.585156 0.204688 0.08125 0.0988281
0 0.541797 0.575 0.354688 0.85
0 0.369141 0.6 0.0851563 0.0953125
0 0.4875 0.444531 0.040625 0.0890625
0 0.867188 0.729688 0.034375 0.0625
0 0.0870117 0.17168 0.0259766 0.034375
0 0.378223 0.715234 0.0591797 0.114063
0 0.85625 0.7875 0.0421875 0.065625
0 0.15 0.248438 0.0361328 0.0820312
0 0.3 0.374609 0.034375 0.0351562
0 0.578125 0.565625 0.0257812 0.040625
0 0.565625 0.216797 0.03125 0.04375
0 0.552344 0.235156 0.0726563 0.0984375
0 0.625781 0.616797 0.0265625 0.05
0 0.432031 0.469531 0.525 0.648438
0 0.482422 0.470313 0.040625 0.046875
0 0.375781 0.673438 0.0570313 0.0703125
0 0.860938 0.751172 0.040625 0.105469
0 0.679688 0.68125 0.0453125 0.059375
0 0.392578 0.524219 0.188281 0.474219
0 0.560156 0.199805 0.090625 0.0867188
0 0.626563 0.608594 0.028125 0.0421875
0 0.142578 0.252734 0.0242188 0.0742188
0 0.482812 0.450781 0.0328125 0.071875
0 0.561328 0.56875 0.05625 0.0703125
0 0.623438 0.301563 0.15 0.107813
0 0.491406 0.410938 0.0421875 0.160938
0 0.675781 0.685156 0.0625 0.0828125
0 0.3875 0.748438 0.03125 0.0453125
0 0.480078 0.467969 0.0265625 0.0421875
0 0.690625 0.683594 0.0484375 0.053125
0 0.307031 0.377441 0.0390625 0.0419922
0 0.15918 0.265625 0.0351562 0.0476562
0 0.869531 0.759375 0.065625 0.132812
0 0.471094 0.464063 0.0234375 0.0390625
0 0.0806885 0.465625 0.019873 0.0390625
0 0.666406 0.708594 0.0851563 0.148438
0 0.615625 0.283594 0.164062 0.170313
0 0.278906 0.332813 0.0238281 0.0445313
0 0.477734 0.460938 0.0296875 0.0453125
0 0.313086 0.432813 0.0414063 0.078125
0 0.854688 0.796875 0.03125 0.0578125
0 0.0667969 0.449219 0.0306641 0.0625
0 0.542188 0.586719 0.100781 0.126563
0 0.494531 0.410156 0.065625 0.163281
0 0.0808838 0.182812 0.038623 0.0574219
0 0.679297 0.697266 0.0515625 0.0882813
0 0.625391 0.617969 0.0328125 0.059375
0 0.141992 0.263281 0.0226563 0.0507812
0 0.484375 0.425098 0.0414063 0.131055
0 0.446094 0.485938 0.1125 0.09375
0 0.364063 0.461328 0.728125 0.649219
0 0.0922852 0.183594 0.0892578 0.0613281
0 0.575391 0.217529 0.0632813 0.0860352
0 0.295312 0.371484 0.0417969 0.0414063
0 0.291016 0.363281 0.0425781 0.0570313
0 0.0681152 0.453906 0.0397461 0.075
0 0.339063 0.745313 0.13125 0.396875
0 0.553125 0.587109 0.08125 0.107813
0 0.570703 0.244141 0.0960938 0.0953125
0 0.276172 0.327148 0.021875 0.0371094
0 0.854688 0.761719 0.071875 0.128125
0 0.585156 0.59375 0.117969 0.107813
0 0.478906 0.449219 0.04375 0.08125
0 0.684375 0.656641 0.0390625 0.040625
0 0.35625 0.578906 0.132812 0.310937
0 0.580859 0.578906 0.0835937 0.0796875
0 0.0773682 0.182812 0.0706543 0.0570313
0 0.867969 0.721875 0.0203125 0.04375
0 0.374219 0.662109 0.05625 0.0601563
0 0.0667969 0.189502 0.0681641 0.0694336
0 0.317578 0.425 0.0410156 0.0546875
0 0.358203 0.513672 0.139844 0.560156
0 0.637109 0.194531 0.0523438 0.0644531
0 0.633203 0.609375 0.0351562 0.0453125
0 0.678906 0.669531 0.05 0.0765625
0 0.460059 0.474121 0.33457 0.65957
0 0.295312 0.396191 0.0609375 0.0982422
0 0.869531 0.742188 0.0546875 0.103125
0 0.599219 0.197705 0.0617188 0.0702148
0 0.0515625 0.182227 0.103125 0.08125
0 0.160352 0.263281 0.0492188 0.0476562
0 0.368555 0.694531 0.0691406 0.142188
0 0.384766 0.733203 0.0429688 0.0851563
0 0.351758 0.614844 0.0917969 0.148438
0 0.386719 0.676562 0.0929688 0.260938
0 0.859375 0.804688 0.0265625 0.046875
0 0.464844 0.482031 0.071875 0.0804688
0 0.5625 0.591016 0.114063 0.110937
0 0.865625 0.724219 0.028125 0.0484375
0 0.484375 0.439844 0.0671875 0.096875
0 0.475781 0.477344 0.0640625 0.06875
0 0.290234 0.349219 0.059375 0.084375
0 0.309375 0.416016 0.04375 0.0929688
0 0.404687 0.499609 0.0328125 0.04375
0 0.163672 0.280664 0.0757812 0.0660156
0 0.688672 0.661719 0.0523438 0.0546875
0 0.433984 0.49375 0.0882813 0.065625
0 0.655469 0.672656 0.104688 0.1125
0 0.374023 0.667188 0.0457031 0.0453125
0 0.665234 0.536719 0.025 0.040625
0 0.822656 0.89375 0.05 0.05625
0 0.308203 0.430078 0.0367188 0.0648438
0 0.063623 0.436719 0.037207 0.090625
0 0.585547 0.303906 0.241406 0.290625
0 0.384375 0.753125 0.0414063 0.05625
0 0.571094 0.246143 0.101562 0.168652
0 0.551953 0.216357 0.105469 0.124316
0 0.379688 0.766797 0.059375 0.0789063
0 0.142578 0.27168 0.0207031 0.0390625
0 0.407813 0.499609 0.025 0.0359375
0 0.617969 0.611328 0.04375 0.0539063
0 0.6 0.604688 0.0828125 0.09375
0 0.323438 0.766016 0.210156 0.449219
0 0.149512 0.233398 0.0267578 0.0597656
0 0.45 0.483594 0.084375 0.08125
0 0.627344 0.615625 0.0484375 0.0609375
0 0.141797 0.244531 0.0335938 0.0875
0 0.512109 0.666016 0.407813 0.667969
0 0.647266 0.189111 0.0375 0.0483398
0 0.669531 0.669531 0.075 0.084375
0 0.387891 0.703906 0.0726563 0.15625
0 0.491406 0.430371 0.0625 0.117383
0 0.0868164 0.173438 0.0320312 0.0421875
0 0.0588867 0.396875 0.0214844 0.0359375
0 0.171289 0.26543 0.0230469 0.0378906
0 0.321484 0.695312 0.2 0.303125
0 0.154883 0.268359 0.0273438 0.046875
0 0.4375 0.857813 0.0242188 0.04375
0 0.619531 0.193164 0.0875 0.0652344
0 0.291406 0.357031 0.0679687 0.110937
0 0.689844 0.672656 0.0554687 0.0765625
0 0.810938 0.896875 0.0453125 0.059375
0 0.323047 0.479297 0.0320312 0.0523438
0 0.859375 0.799219 0.0328125 0.0578125
0 0.0543457 0.431641 0.0706055 0.135156
0 0.8125 0.9 0.03125 0.05625
0 0.414062 0.499609 0.028125 0.0382813
0 0.662891 0.538281 0.046875 0.05625
0 0.486719 0.464063 0.0546875 0.078125
0 0.394141 0.76875 0.0390625 0.075
0 0.654297 0.637109 0.108594 0.107031
0 0.442188 0.857813 0.0234375 0.04375
0 0.526172 0.581641 0.146094 0.111719
0 0.0536011 0.455469 0.0633057 0.0875
0 0.878125 0.6625 0.0234375 0.0429688
0 0.660156 0.533594 0.0296875 0.04375
0 0.673438 0.7625 0.05625 0.075
0 0.434375 0.503125 0.0960938 0.114063
0 0.0808594 0.4625 0.0400391 0.0539063
0 0.472656 0.46875 0.0429688 0.0554687
0 0.658594 0.689453 0.09375 0.09375
0 0.599219 0.217383 0.1125 0.115234
0 0.658594 0.571875 0.389062 0.85625
0 0.323828 0.673438 0.169531 0.25
0 0.37666 0.573438 0.118555 0.25
0 0.416016 0.500391 0.0476562 0.0460938
0 0.596094 0.589063 0.0921875 0.090625
0 0.657031 0.564844 0.0984375 0.121875
0 0.513672 0.359375 0.0273438 0.040625
0 0.552344 0.5625 0.0734375 0.0679687
0 0.605078 0.203906 0.171875 0.10625
0 0.629297 0.517188 0.286719 0.740625
0 0.168945 0.270898 0.0433594 0.0519531
0 0.0675781 0.457031 0.0539063 0.0875
0 0.378516 0.635156 0.0921875 0.134375
0 0.334961 0.521484 0.176172 0.449219
0 0.507812 0.368359 0.0546875 0.0695313
0 0.328906 0.605469 0.195312 0.370313
0 0.428809 0.590234 0.22207 0.425781
0 0.80625 0.901563 0.040625 0.0625
0 0.283203 0.332813 0.0351562 0.0449219
0 0.449219 0.85625 0.0328125 0.046875
0 0.871875 0.663281 0.021875 0.0390625
0 0.870313 0.667188 0.0328125 0.046875
0 0.651172 0.186328 0.0265625 0.0429688
0 0.370313 0.639844 0.059375 0.103125
0 0.617969 0.28418 0.184375 0.110937
0 0.503906 0.375 0.0390625 0.0773438
0 0.509375 0.403516 0.0703125 0.174219
0 0.14873 0.270703 0.0339844 0.0453125
0 0.0255859 0.1625 0.0266602 0.0519531
0 0.482422 0.403906 0.0765625 0.171094
0 0.845313 0.774219 0.065625 0.103125
0 0.639844 0.202734 0.06875 0.0835937
0 0.653906 0.673438 0.110937 0.278125
0 0.313281 0.619531 0.20625 0.1625
0 0.5375 0.237109 0.0835937 0.0914062
0 0.8125 0.889844 0.0375 0.05625
0 0.55625 0.18457 0.120313 0.112891
0 0.627734 0.308203 0.139063 0.0773438
0 0.286914 0.373437 0.0761719 0.123438
0 0.644141 0.724609 0.122656 0.146094
0 0.666406 0.753906 0.071875 0.110937
0 0.0430542 0.42666 0.0736572 0.160742
0 0.183936 0.284766 0.111035 0.0695313
0 0.0857422 0.179492 0.0587891 0.0660156
0 0.655469 0.697656 0.0640625 0.0671875
0 0.377441 0.761719 0.27168 0.467187
0 0.573828 0.570312 0.0570313 0.0625
0 0.849219 0.79707 0.053125 0.0652344
0 0.0227051 0.155859 0.0209961 0.0417969
0 0.648828 0.471875 0.0304688 0.0484375
0 0.329492 0.491797 0.0214844 0.0421875
0 0.676562 0.741016 0.0554687 0.117969
0 0.377734 0.6 0.0773438 0.0640625
0 0.6625 0.69375 0.09375 0.214062
0 0.507812 0.35918 0.0226563 0.0394531
0 0.376172 0.598437 0.0984375 0.214062
0 0.562109 0.232617 0.160156 0.146484
0 0.334766 0.596094 0.108594 0.139063
0 0.69375 0.635156 0.0453125 0.0453125
0 0.671094 0.309766 0.0390625 0.0828125
0 0.573438 0.358594 0.24375 0.378125
0 0.865625 0.79375 0.046875 0.0625
0 0.41875 0.50625 0.0601563 0.0734375
0 0.667188 0.542188 0.0414063 0.04375
0 0.655859 0.337695 0.0851563 0.152734
0 0.851562 0.875781 0.021875 0.046875
0 0.0786133 0.455469 0.0486328 0.0664062
0 0.619141 0.617969 0.0617188 0.08125
0 0.416309 0.649219 0.206445 0.321875
0 0.403223 0.707031 0.21543 0.3625
0 0.647656 0.48125 0.0453125 0.06875
0 0.0629883 0.401172 0.0253906 0.0421875
0 0.503125 0.357227 0.0265625 0.0410156
0 0.503516 0.56875 0.363281 0.521875
0 0.455469 0.859375 0.059375 0.05625
0 0.355273 0.610938 0.0574219 0.109375
0 0.310547 0.551562 0.214844 0.321875
0 0.608203 0.594531 0.06875 0.0671875
0 0.325781 0.486719 0.0257812 0.0476562
0 0.65625 0.521484 0.0390625 0.0632813
0 0.596094 0.241211 0.164062 0.105859
0 0.85625 0.726562 0.04375 0.0632813
0 0.0240234 0.170508 0.0285156 0.0671875
0 0.61875 0.600781 0.0484375 0.0515625
0 0.871875 0.723437 0.03125 0.0539063
0 0.632031 0.355664 0.128906 0.188672
0 0.319141 0.453906 0.0554687 0.1125
0 0.841406 0.758594 0.084375 0.1375
0 0.449219 0.502344 0.120313 0.128906
0 0.279102 0.326367 0.0226563 0.0332031
0 0.0271484 0.15127 0.0257812 0.0457031
0 0.497266 0.394531 0.03125 0.110937
0 0.369922 0.621875 0.0804688 0.132031
0 0.616797 0.258984 0.147656 0.182422
0 0.663281 0.306055 0.0515625 0.0859375
0 0.571875 0.201758 0.0507812 0.0710938
0 0.607031 0.216016 0.150781 0.108594
0 0.649219 0.3 0.0828125 0.104688
0 0.555469 0.232422 0.0492188 0.0578125
0 0.564063 0.219531 0.0359375 0.0382813
0 0.350977 0.620313 0.120703 0.132812
0 0.563281 0.208008 0.0351562 0.059375
0 0.559375 0.222852 0.0390625 0.0378906
0 0.566016 0.227734 0.0664062 0.0578125
0 0.584375 0.198242 0.0445313 0.0664062
0 0.584766 0.200781 0.0851563 0.0757812
0 0.301953 0.396875 0.0503906 0.0789063
0 0.596875 0.195264 0.059375 0.0641602
0 0.567187 0.209424 0.075 0.0772461
0 0.605469 0.200342 0.114844 0.0750977
0 0.496094 0.721094 0.803125 0.557813
0 0.373828 0.586328 0.111719 0.232031
0 0.656641 0.312305 0.071875 0.0929688
0 0.389844 0.75 0.0234375 0.0328125
0 0.558984 0.818555 0.807031 0.362891
0 0.0863037 0.17168 0.0289551 0.0359375
0 0.312109 0.617188 0.195312 0.133594
0 0.373633 0.760156 0.747266 0.479688
0 0.601172 0.746094 0.797656 0.507812
0 0.406641 0.842578 0.811719 0.314844
0 0.628125 0.610156 0.0242188 0.0375
0 0.405859 0.574609 0.165625 0.247656
0 0.301172 0.383496 0.0445313 0.0486328
0 0.375391 0.642578 0.0757812 0.178906
0 0.553906 0.2375 0.0625 0.0742188
0 0.385156 0.629687 0.0859375 0.157813
0 0.181445 0.281641 0.110156 0.0648438
0 0.685547 0.676562 0.0390625 0.0546875
0 0.311719 0.419922 0.0269531 0.040625
0 0.577344 0.25332 0.227344 0.181641
0 0.630078 0.308594 0.121875 0.0941406
0 0.859375 0.796875 0.034375 0.05
0 0.370703 0.646094 0.0578125 0.0921875
0 0.357031 0.852344 0.714063 0.295312
0 0.371875 0.657813 0.0492188 0.0640625
0 0.554688 0.228906 0.075 0.0820312
0 0.572266 0.295312 0.247656 0.275
0 0.246143 0.551172 0.345996 0.330469
0 0.546484 0.263281 0.291406 0.219922
0 0.513281 0.360156 0.03125 0.040625
0 0.689844 0.682813 0.028125 0.053125
0 0.548828 0.239453 0.040625 0.0523438
0 0.54375 0.35293 0.303125 0.384766
0 0.632422 0.818945 0.735156 0.265234
0 0.325781 0.838281 0.651563 0.323438
0 0.0714844 0.179492 0.0566406 0.0507812
0 0.274609 0.614844 0.283594 0.134375
0 0.580469 0.197656 0.190625 0.10625
0 0.590234 0.235352 0.219531 0.254297
0 0.626563 0.605469 0.0296875 0.040625
0 0.341016 0.5875 0.15625 0.228125
0 0.161914 0.279687 0.06875 0.0671875
0 0.507812 0.358594 0.025 0.040625
0 0.294189 0.555078 0.242871 0.307813
0 0.0802979 0.19082 0.134326 0.0679687
0 0.540625 0.213281 0.304688 0.103906
0 0.388281 0.755469 0.025 0.040625
0 0.467187 0.470703 0.059375 0.0492188
0 0.470313 0.464453 0.0234375 0.0328125
0 0.357812 0.544531 0.132812 0.335938
0 0.654785 0.848047 0.69043 0.303906
0 0.356055 0.606641 0.0582031 0.0914062
0 0.409375 0.808594 0.789062 0.285938
0 0.51875 0.361719 0.05 0.0453125
0 0.478906 0.468359 0.0296875 0.0398437
0 0.85625 0.792969 0.040625 0.065625
0 0.668359 0.301563 0.0679687 0.0929688
0 0.567969 0.775 0.798438 0.384375
0 0.577344 0.212695 0.0914062 0.0957031
0 0.283203 0.590625 0.2625 0.18125
0 0.0812744 0.170117 0.0374512 0.0355469
0 0.295312 0.638281 0.228125 0.16875
0 0.31875 0.476953 0.225 0.453906
0 0.34707 0.594531 0.0597656 0.0703125
0 0.477344 0.470313 0.0453125 0.04375
0 0.618359 0.736328 0.763281 0.305469
0 0.679688 0.675 0.046875 0.0695313
0 0.573438 0.419141 0.240625 0.663281
0 0.00845947 0.982031 0.0169189 0.0359375
0 0.392188 0.665625 0.0929688 0.23125
0 0.514844 0.243555 0.364844 0.248828
0 0.509473 0.411328 0.393555 0.501563
0 0.00786133 0.9875 0.0157227 0.025
0 0.0913086 0.183594 0.0914062 0.0660156
0 0.394141 0.50625 0.177344 0.439844
0 0.373437 0.621094 0.071875 0.129688
0 0.617578 0.251123 0.149219 0.183691
0 0.667188 0.304102 0.0515625 0.0800781
0 0.575 0.201563 0.0484375 0.0714844
0 0.667188 0.291016 0.05 0.0535156
0 0.613672 0.225439 0.139063 0.124902
0 0.576563 0.204492 0.0609375 0.0847656
0 0.564063 0.212891 0.03125 0.0492188
0 0.632031 0.269336 0.132812 0.159766
0 0.564844 0.220313 0.0296875 0.0386719
0 0.582812 0.20083 0.0421875 0.0694336
0 0.585156 0.189258 0.028125 0.0472656
0 0.646094 0.303516 0.101562 0.0925781
0 0.360938 0.615625 0.0976562 0.13125
0 0.383691 0.623438 0.0857422 0.146875
0 0.663672 0.304688 0.0640625 0.0921875
0 0.5875 0.183203 0.03125 0.0386719
0 0.371484 0.615625 0.0828125 0.160938
0 0.560938 0.224023 0.046875 0.0597656
0 0.389062 0.751953 0.0242188 0.034375
0 0.579297 0.215625 0.0695313 0.101172
0 0.596094 0.197852 0.04375 0.0707031
0 0.586719 0.201563 0.0671875 0.0773438
0 0.56875 0.20293 0.0671875 0.0710938
0 0.586719 0.186719 0.0375 0.0507812
0 0.614062 0.196289 0.0765625 0.0699219
0 0.557813 0.23125 0.05 0.0570313
0 0.671875 0.309766 0.0328125 0.078125
0 0.432422 0.580859 0.161719 0.251563
0 0.335938 0.617188 0.142969 0.134375
0 0.374023 0.660937 0.0480469 0.059375
0 0.406641 0.594531 0.167969 0.21875
0 0.629297 0.610938 0.0203125 0.0335938
0 0.365234 0.610938 0.1 0.201563
0 0.664844 0.29375 0.0734375 0.115625
0 0.665234 0.284375 0.0585938 0.0679687
0 0.395313 0.757031 0.034375 0.046875
0 0.610156 0.202148 0.104688 0.0792969
0 0.464453 0.576563 0.164062 0.259375
0 0.40166 0.638281 0.157617 0.1875
0 0.588672 0.25708 0.357031 0.199121
0 0.372656 0.584375 0.0796875 0.0828125
0 0.387402 0.747656 0.0314453 0.04375
0 0.552344 0.203516 0.0921875 0.0757812
0 0.564844 0.197314 0.103125 0.0795898
0 0.695312 0.685547 0.025 0.04375
0 0.453223 0.590625 0.218555 0.257812
0 0.621484 0.185205 0.100781 0.0561523
0 0.621875 0.300781 0.146875 0.102344
0 0.635547 0.285938 0.126563 0.0953125
0 0.425391 0.632031 0.184375 0.23125
0 0.374609 0.653125 0.053125 0.078125
0 0.653906 0.256836 0.371875 0.198437
0 0.385156 0.597266 0.114063 0.215625
0 0.560156 0.214453 0.0890625 0.0976562
0 0.689063 0.682031 0.0359375 0.053125
0 0.640625 0.300781 0.0859375 0.0601563
0 0.361719 0.569922 0.109375 0.307813
0 0.628516 0.181592 0.0773438 0.0454102
0 0.561719 0.233984 0.0585938 0.071875
0 0.609766 0.262158 0.1625 0.203809
0 0.372266 0.621094 0.0820312 0.139844
0 0.653906 0.310547 0.0734375 0.0953125
0 0.572656 0.201953 0.05 0.0699219
0 0.414746 0.571094 0.170508 0.257812
0 0.386621 0.752344 0.0251953 0.034375
0 0.590625 0.295703 0.225 0.271094
0 0.344141 0.621484 0.141406 0.144531
0 0.666406 0.307031 0.05625 0.0921875
0 0.387109 0.585547 0.114063 0.21875
0 0.576563 0.19917 0.0671875 0.0766602
0 0.0657227 0.173242 0.0736328 0.0417969
0 0.565234 0.208984 0.0734375 0.0871094
0 0.3875 0.755859 0.03125 0.0445313
0 0.562891 0.223828 0.0429688 0.0421875
0 0.0858398 0.17168 0.0304688 0.0332031
0 0.605469 0.270361 0.23125 0.212402
0 0.546875 0.306689 0.303125 0.295215
0 0.564844 0.223828 0.065625 0.0828125
0 0.567187 0.214062 0.0421875 0.0460938
0 0.660937 0.283203 0.0609375 0.0464844
0 0.559766 0.232227 0.0554687 0.0628906
0 0.0541992 0.187109 0.100195 0.0734375
0 0.382422 0.625 0.113281 0.15
0 0.589063 0.199023 0.0984375 0.0792969
0 0.087085 0.182812 0.0602051 0.0632813
0 0.0603394 0.17168 0.0926025 0.0582031
0 0.649219 0.282617 0.325 0.248828
0 0.382812 0.751953 0.0367188 0.04375
0 0.476562 0.463281 0.0390625 0.0390625
0 0.564844 0.195654 0.0960938 0.0860352
0 0.313672 0.414844 0.0382813 0.053125
0 0.313086 0.417969 0.0339844 0.040625
0 0.0799805 0.168164 0.0480469 0.0390625
0 0.568359 0.225439 0.0820312 0.101465
0 0.0586914 0.15498 0.10332 0.0896484
0 0.374902 0.667188 0.0439453 0.0492188
0 0.559375 0.2375 0.0648438 0.0789063
0 0.472266 0.569531 0.203125 0.265625
0 0.604688 0.201758 0.13125 0.0871094
0 0.105493 0.187109 0.0933105 0.0726563
0 0.0650513 0.179492 0.0827881 0.0492188
0 0.080957 0.188477 0.133984 0.0714844
0 0.393359 0.7625 0.0367188 0.05625
0 0.482031 0.466406 0.0421875 0.0484375
0 0.315234 0.423047 0.034375 0.0398437
0 0.377734 0.673438 0.0523438 0.0609375
0 0.553906 0.220508 0.0796875 0.103516
0 0.37207 0.597656 0.106641 0.207813
0 0.542188 0.356641 0.06875 0.0546875
0 0.475 0.464063 0.05 0.0578125
0 0.383984 0.757812 0.0484375 0.059375
0 0.575391 0.214014 0.0851563 0.0977539
0 0.658594 0.283594 0.071875 0.0703125
0 0.632422 0.275586 0.128906 0.194141
0 0.38916 0.767188 0.0451172 0.071875
0 0.560938 0.348633 0.0296875 0.0351562
0 0.569531 0.239063 0.0921875 0.0992187
0 0.650781 0.300781 0.0875 0.0992187
0 0.302344 0.394141 0.059375 0.0828125
0 0.173438 0.263672 0.0394531 0.0382813
0 0.405566 0.622266 0.162305 0.164844
0 0.163086 0.262891 0.0636719 0.053125
0 0.553125 0.557031 0.05625 0.0585938
0 0.372266 0.585938 0.0882813 0.0882813
0 0.621875 0.205273 0.151562 0.0988281
0 0.475391 0.473047 0.0570313 0.0648438
0 0.565625 0.564844 0.0296875 0.040625
0 0.375 0.692969 0.0632813 0.046875
0 0.289062 0.627344 0.249219 0.155469
0 0.317383 0.429688 0.0414063 0.05625
0 0.541016 0.55 0.0328125 0.04375
0 0.391016 0.694531 0.0304688 0.0390625
0 0.614062 0.260205 0.163281 0.203809
0 0.372656 0.620313 0.0867188 0.142188
0 0.412891 0.56875 0.163281 0.245312
0 0.662891 0.309766 0.0617188 0.0933594
0 0.661719 0.290625 0.0625 0.0554687
0 0.39209 0.542188 0.206445 0.30625
0 0.386621 0.752344 0.0267578 0.0375
0 0.501172 0.437402 0.405469 0.56582
0 0.584375 0.290039 0.253906 0.248828
0 0.387109 0.755469 0.0320312 0.0453125
0 0.533203 0.32168 0.341406 0.312891
0 0.349414 0.532422 0.135547 0.325781
0 0.400684 0.603906 0.143945 0.171875
0 0.651953 0.314258 0.0820312 0.104688
0 0.356445 0.625781 0.127734 0.15
0 0.449609 0.35918 0.530469 0.718359
0 0.356641 0.358203 0.713281 0.716406
0 0.383984 0.616797 0.103906 0.161719
0 0.563281 0.234766 0.0703125 0.0714844
0 0.560156 0.232227 0.0515625 0.0613281
0 0.572656 0.384863 0.273438 0.442773
0 0.300781 0.405566 0.0617188 0.0998047
0 0.646094 0.279297 0.35 0.235938
0 0.613281 0.210352 0.159375 0.144141
0 0.573047 0.211279 0.075 0.102441
0 0.0993896 0.188281 0.101221 0.0679687
0 0.300586 0.377344 0.0457031 0.0375
0 0.0977539 0.17373 0.065625 0.0365234
0 0.388672 0.765234 0.0390625 0.0664062
0 0.167773 0.267578 0.0605469 0.0429688
0 0.374023 0.666016 0.0457031 0.046875
0 0.310937 0.420312 0.0398437 0.0625
0 0.592188 0.203906 0.107813 0.0902344
0 0.169531 0.275 0.0789063 0.0578125
0 0.314258 0.428906 0.0359375 0.05
0 0.684375 0.682422 0.046875 0.0546875
0 0.639844 0.317578 0.11875 0.13125
0 0.0855713 0.170703 0.0351074 0.0332031
0 0.690625 0.684375 0.0335938 0.0453125
0 0.3375 0.637109 0.179688 0.171875
0 0.551562 0.440527 0.307813 0.623633
0 0.467578 0.569141 0.210156 0.250781
0 0.486328 0.570312 0.302344 0.253125
0 0.564063 0.219971 0.065625 0.0999023
0 0.382422 0.752344 0.0398437 0.05
0 0.625 0.341406 0.396875 0.35625
0 0.397266 0.450781 0.228906 0.5
0 0.570312 0.233594 0.0890625 0.0832031
0 0.404004 0.569531 0.268555 0.279687
0 0.0867188 0.173438 0.0501953 0.0351562
0 0.650781 0.264258 0.278125 0.216016
0 0.38125 0.758594 0.0484375 0.0625
0 0.345117 0.6 0.147266 0.184375
0 0.678516 0.679688 0.0585938 0.075
0 0.459473 0.381348 0.38418 0.660742
0 0.640234 0.30293 0.100781 0.0933594
0 0.600781 0.294141 0.196875 0.221094
0 0.0664062 0.173242 0.0839844 0.0429688
0 0.114844 0.19458 0.06875 0.0452148
0 0.374023 0.661719 0.0550781 0.05625
0 0.37168 0.669531 0.0652344 0.0625
0 0.356641 0.573438 0.278125 0.273438
0 0.377246 0.620703 0.0705078 0.139063
0 0.618359 0.255664 0.144531 0.188672
0 0.507031 0.486035 0.385156 0.62168
0 0.361133 0.622266 0.101172 0.144531
0 0.665625 0.310547 0.0578125 0.0921875
0 0.442871 0.573047 0.231445 0.252344
0 0.464453 0.440723 0.505469 0.54668
0 0.381348 0.623438 0.0935547 0.151562
0 0.500391 0.350977 0.395313 0.352734
0 0.346875 0.627344 0.140625 0.149219
0 0.532129 0.31958 0.341992 0.295996
0 0.655078 0.314453 0.0820312 0.1
0 0.571875 0.209375 0.05 0.059375
0 0.346484 0.651953 0.150781 0.205469
0 0.665625 0.288281 0.0570313 0.0484375
0 0.579297 0.202295 0.0609375 0.0805664
0 0.346094 0.528809 0.135156 0.342383
0 0.567187 0.219336 0.0375 0.0371094
0 0.613281 0.304248 0.157813 0.268848
0 0.273047 0.692969 0.299219 0.292188
0 0.557031 0.284961 0.295312 0.222266
0 0.582812 0.315625 0.246875 0.290625
0 0.616406 0.301758 0.153125 0.189453
0 0.613281 0.208789 0.132812 0.103125
0 0.355078 0.377344 0.710156 0.689063
0 0.383203 0.661719 0.107031 0.225
0 0.393359 0.573828 0.126563 0.25
0 0.598828 0.204248 0.102344 0.0875977
0 0.294141 0.659766 0.242188 0.223438
0 0.580078 0.261914 0.217969 0.204297
0 0.381348 0.584375 0.0966797 0.221875
0 0.296875 0.632031 0.234375 0.159375
0 0.559375 0.230664 0.0546875 0.0609375
0 0.557031 0.442188 0.289844 0.54375
0 0.371875 0.569141 0.0875 0.267969
0 0.652344 0.299414 0.0859375 0.0730469
0 0.53291 0.672656 0.363867 0.304688
0 0.236914 0.669531 0.391016 0.21875
0 0.569141 0.199414 0.0710938 0.0820312
0 0.374219 0.663281 0.0460938 0.05
0 0.560156 0.210156 0.0703125 0.0851563
0 0.588281 0.191211 0.0671875 0.0546875
0 0.229102 0.585156 0.433984 0.279687
0 0.416309 0.541406 0.18457 0.323438
0 0.239258 0.635938 0.380859 0.189063
0 0.628516 0.32168 0.142969 0.126172
0 0.557813 0.247266 0.0578125 0.0929688
0 0.444922 0.316406 0.530469 0.292188
0 0.490723 0.576563 0.331055 0.25625
0 0.519922 0.627344 0.397656 0.3125
0 0.230469 0.516016 0.395313 0.344531
0 0.635156 0.295312 0.110937 0.0664062
0 0.445215 0.620313 0.226758 0.180469
0 0.592188 0.198242 0.0828125 0.0722656
0 0.411328 0.65625 0.164062 0.214062
0 0.0523438 0.638672 0.104688 0.461719
0 0.657422 0.277686 0.275781 0.218066
0 0.388672 0.754297 0.028125 0.0429688
0 0.514453 0.583594 0.378906 0.448438
0 0.485938 0.289844 0.451562 0.225
0 0.671875 0.297266 0.0578125 0.0695313
0 0.374902 0.651953 0.0501953 0.0710938
0 0.657813 0.286719 0.0796875 0.0507812
0 0.641406 0.318164 0.107813 0.110156
0 0.627344 0.206641 0.096875 0.0992187
0 0.671094 0.314648 0.0796875 0.105469
0 0.594531 0.187305 0.235938 0.328516
0 0.575781 0.225977 0.078125 0.111719
0 0.415234 0.610156 0.170313 0.178125
0 0.373047 0.669531 0.0625 0.0726563
0 0.296094 0.520312 0.225781 0.339063
0 0.209375 0.578516 0.41875 0.380469
0 0.372656 0.635156 0.05625 0.109375
0 0.332617 0.685938 0.226172 0.26875
0 0.447266 0.6625 0.23125 0.229687
0 0.558594 0.203516 0.0875 0.0890625
0 0.079248 0.323486 0.158496 0.376465
0 0.623828 0.33418 0.285156 0.328516
0 0.364063 0.621094 0.0734375 0.135937
0 0.667188 0.290234 0.0710938 0.0574219
0 0.354688 0.333203 0.709375 0.509375
0 0.510938 0.255469 0.3875 0.210156
0 0.603125 0.183594 0.0828125 0.0414063
0 0.630469 0.219531 0.15625 0.128125
0 0.211133 0.65625 0.422266 0.31875
0 0.630078 0.278906 0.127344 0.107031
0 0.617578 0.332227 0.153906 0.158984
0 0.69375 0.19082 0.3625 0.366406
0 0.292383 0.577344 0.238672 0.246875
0 0.630469 0.190625 0.2625 0.360156
0 0.256445 0.60625 0.324609 0.328125
0 0.645312 0.292969 0.104688 0.101562
0 0.214453 0.617188 0.428906 0.234375
0 0.417578 0.208936 0.473438 0.209473
0 0.414062 0.24375 0.4875 0.211719
0 0.521777 0.195264 0.364258 0.323535
0 0.585938 0.14043 0.275 0.256641
0 0.547656 0.228516 0.078125 0.0945313
0 0.563281 0.255859 0.0734375 0.113281
0 0.610938 0.232422 0.165625 0.175
0 0.207031 0.507031 0.414062 0.542188
0 0.242383 0.714844 0.366016 0.357812
0 0.575 0.249414 0.103125 0.113672
0 0.302734 0.394922 0.0570313 0.0773438
0 0.670313 0.320508 0.251563 0.119922
0 0.379785 0.519922 0.143555 0.388281
0 0.373047 0.694531 0.101562 0.275
0 0.636719 0.228906 0.117188 0.149219
0 0.378516 0.686719 0.0664062 0.1375
0 0.387402 0.711719 0.0892578 0.148438
0 0.61875 0.255518 0.146875 0.18584
0 0.373828 0.625391 0.0773438 0.138281
0 0.497656 0.488281 0.385156 0.64375
0 0.132202 0.222314 0.128564 0.131934
0 0.0974854 0.182227 0.060498 0.0476562
0 0.380078 0.65 0.0882813 0.203125
0 0.105884 0.184961 0.0819824 0.0546875
0 0.411328 0.572656 0.169531 0.264062
0 0.575781 0.201367 0.0601563 0.0753906
0 0.663281 0.303125 0.0578125 0.0789063
0 0.364063 0.638281 0.1 0.173438
0 0.0875977 0.178516 0.0482422 0.0394531
0 0.374609 0.58125 0.0882813 0.229687
0 0.179102 0.274023 0.04375 0.0535156
0 0.303125 0.387109 0.0515625 0.0625
0 0.0743652 0.452344 0.0342773 0.0609375
0 0.663281 0.289062 0.05625 0.0507812
0 0.584375 0.262305 0.204688 0.204688
0 0.175781 0.27793 0.05625 0.0628906
0 0.577734 0.206641 0.0757812 0.0867188
0 0.570312 0.205127 0.0421875 0.0663086
0 0.305664 0.399902 0.053125 0.0923828
0 0.628125 0.6125 0.021875 0.0359375
0 0.304688 0.38125 0.0453125 0.0492188
0 0.566797 0.219141 0.0335938 0.0445313
0 0.0688477 0.448828 0.0324219 0.0507812
0 0.0993164 0.213477 0.17168 0.147656
0 0.614453 0.302539 0.150781 0.280859
0 0.112915 0.19082 0.0804199 0.0570313
0 0.59375 0.210156 0.10625 0.096875
0 0.648438 0.313672 0.0921875 0.0980469
0 0.388281 0.754687 0.025 0.04375
0 0.439453 0.600781 0.210938 0.307031
0 0.0213867 0.150293 0.0307617 0.0634766
0 0.0560059 0.174219 0.10498 0.08125
0 0.069043 0.182617 0.0791016 0.0597656
0 0.299219 0.373828 0.0628906 0.0570313
0 0.5875 0.190625 0.0453125 0.0519531
0 0.567187 0.223828 0.0546875 0.0554687
0 0.124121 0.196484 0.0529297 0.0414063
0 0.314453 0.402344 0.0335938 0.0921875
0 0.647266 0.291797 0.0820312 0.0570313
0 0.345898 0.641797 0.140234 0.180469
0 0.658203 0.288867 0.0734375 0.0589844
0 0.617578 0.300391 0.144531 0.139844
0 0.58125 0.192578 0.0484375 0.0574219
0 0.314453 0.421875 0.028125 0.04375
0 0.0757568 0.458203 0.039502 0.0757812
0 0.185938 0.274609 0.0835937 0.053125
0 0.668359 0.310937 0.0726563 0.0964844
0 0.163184 0.242578 0.0783203 0.103516
0 0.480859 0.469531 0.0476562 0.046875
0 0.154297 0.240625 0.0875 0.124219
0 0.171484 0.269531 0.0621094 0.0476562
0 0.589844 0.186523 0.034375 0.0464844
0 0.069043 0.45 0.0371094 0.065625
0 0.0194824 0.146289 0.0282227 0.0498047
0 0.267773 0.652344 0.307422 0.215625
0 0.63125 0.302734 0.125 0.0914062
0 0.614062 0.20957 0.145313 0.100391
0 0.628906 0.611328 0.028125 0.040625
0 0.560547 0.245312 0.0617188 0.0820312
0 0.671875 0.295703 0.05625 0.0671875
0 0.619531 0.329297 0.142188 0.147656
0 0.087207 0.17793 0.0515625 0.0554687
0 0.10791 0.207227 0.0966797 0.104297
0 0.564844 0.203516 0.0765625 0.0828125
0 0.165332 0.260156 0.0685547 0.0527344
0 0.640625 0.285547 0.0984375 0.0609375
0 0.566406 0.301758 0.242969 0.281641
0 0.236133 0.564063 0.472266 0.871875
0 0.313086 0.407031 0.0535156 0.102344
0 0.543359 0.258008 0.29375 0.196484
0 0.236914 0.612891 0.368359 0.196094
0 0.13252 0.201953 0.0386719 0.0492188
0 0.557422 0.234766 0.05625 0.06875
0 0.296875 0.364063 0.0804688 0.09375
0 0.0755859 0.174219 0.0693359 0.0554687
0 0.0859619 0.475391 0.0577637 0.108594
0 0.0992187 0.179639 0.0951172 0.0790039
0 0.306641 0.378906 0.0671875 0.065625
0 0.13291 0.211328 0.0490234 0.06875
0 0.0691406 0.473828 0.0542969 0.110937
0 0.596875 0.195752 0.0609375 0.0678711
0 0.63125 0.612109 0.0335938 0.0492188
0 0.180664 0.28125 0.0382813 0.0640625
0 0.047168 0.15625 0.0943359 0.0789063
0 0.104395 0.186279 0.184961 0.150879
0 0.221875 0.274609 0.0507812 0.04375
0 0.626953 0.608203 0.0335938 0.0492188
0 0.565625 0.569141 0.0296875 0.0445313
0 0.501563 0.605469 0.353906 0.39375
0 0.295703 0.364844 0.0613281 0.075
0 0.193164 0.3 0.273828 0.282031
0 0.125879 0.202344 0.0595703 0.0632813
0 0.476172 0.628516 0.277344 0.364844
0 0.116406 0.182031 0.0933594 0.0757812
0 0.164453 0.255859 0.0707031 0.0875
0 0.620313 0.198437 0.0984375 0.0753906
0 0.672266 0.316602 0.0929688 0.112109
0 0.225781 0.274609 0.0304688 0.0367188
0 0.391406 0.530566 0.204688 0.338867
0 0.415527 0.520312 0.164258 0.146875
0 0.323047 0.415625 0.0789063 0.121094
0 0.144238 0.232422 0.0646484 0.113281
0 0.0869873 0.169922 0.15376 0.109375
0 0.387891 0.759375 0.0296875 0.0546875
0 0.102148 0.191992 0.0960938 0.0710938
0 0.0788818 0.472266 0.0406738 0.0976562
0 0.669141 0.310937 0.0507812 0.0828125
0 0.198242 0.250781 0.263281 0.192188
0 0.628906 0.291797 0.126563 0.0574219
0 0.126953 0.202734 0.0769531 0.0703125
0 0.139746 0.225781 0.0923828 0.115625
0 0.585938 0.187451 0.0601563 0.0524414
0 0.386816 0.744141 0.0357422 0.0664062
0 0.0755615 0.448828 0.0625488 0.075
0 0.344922 0.434473 0.120313 0.157617
0 0.200391 0.51709 0.400781 0.764258
0 0.0643555 0.441406 0.0410156 0.065625
0 0.392969 0.759375 0.034375 0.0578125
0 0.302734 0.642969 0.222656 0.1875
0 0.469141 0.582422 0.2 0.275
0 0.564063 0.567187 0.0359375 0.05625
0 0.238672 0.56875 0.361719 0.269531
0 0.473438 0.469531 0.05625 0.053125
0 0.582031 0.417871 0.251563 0.511133
0 0.485156 0.467187 0.0632813 0.059375
0 0.17793 0.283984 0.0257812 0.0585938
0 0.302344 0.402344 0.0695313 0.103906
0 0.555078 0.252344 0.059375 0.101562
0 0.626953 0.279297 0.141406 0.0695313
0 0.553906 0.219922 0.078125 0.0867188
0 0.439063 0.474219 0.135156 0.0679687
0 0.0866211 0.196826 0.156055 0.188379
0 0.576953 0.244531 0.1 0.1125
0 0.202734 0.270703 0.101953 0.0527344
0 0.0587891 0.435937 0.0607422 0.1125
0 0.605469 0.188232 0.096875 0.0618164
0 0.688672 0.30625 0.132031 0.0875
0 0.405859 0.536328 0.180469 0.202344
0 0.125391 0.192578 0.09375 0.0820312
0 0.55 0.556641 0.0671875 0.0625
0 0.565234 0.256055 0.0773438 0.110547
0 0.5625 0.349219 0.0296875 0.0382813
0 0.304297 0.357031 0.0835937 0.114844
0 0.0335938 0.146875 0.0671875 0.0792969
0 0.570312 0.567187 0.0359375 0.0515625
0 0.0625977 0.436719 0.0470703 0.0828125
0 0.488281 0.471875 0.05 0.05
0 0.0232422 0.156055 0.0363281 0.0824219
0 0.637891 0.341797 0.0726563 0.0640625
0 0.439453 0.493359 0.114844 0.0953125
0 0.0168945 0.143359 0.0337891 0.0605469
0 0.558984 0.353906 0.0460938 0.05
0 0.658594 0.291406 0.0796875 0.101953
0 0.661719 0.252148 0.0703125 0.188672
0 0.0499023 0.465234 0.0951172 0.100781
0 0.0551758 0.162891 0.110352 0.110547
0 0.653516 0.287891 0.0867188 0.141406
0 0.382812 0.641797 0.0757812 0.151562
0 0.616797 0.353906 0.144531 0.217188
0 0.088501 0.201758 0.129639 0.0925781
0 0.308008 0.419141 0.0726563 0.132031
0 0.0746094 0.485156 0.0542969 0.134375
0 0.453906 0.560156 0.253125 0.471875
0 0.538672 0.357422 0.084375 0.0601563
0 0.410938 0.504687 0.0453125 0.0453125
0 0.0693359 0.188721 0.100781 0.0655273
0 0.35 0.5875 0.140625 0.2375
0 0.107129 0.251563 0.186523 0.207031
0 0.358398 0.520703 0.137109 0.338281
0 0.0543457 0.621094 0.108691 0.414062
0 0.0176025 0.159082 0.0352051 0.0861328
0 0.5 0.315625 0.401563 0.299219
0 0.472266 0.492188 0.177344 0.101562
0 0.192236 0.462598 0.343652 0.660742
0 0.134766 0.269336 0.15625 0.234766
0 0.386328 0.725781 0.0484375 0.114063
0 0.430078 0.492188 0.0882813 0.0828125
0 0.376172 0.669922 0.0523438 0.059375
0 0.304688 0.346875 0.107031 0.139063
0 0.376953 0.639063 0.0578125 0.1125
0 0.630469 0.607031 0.0453125 0.0664062
0 0.375 0.665625 0.0429688 0.05
0 0.407422 0.671875 0.163281 0.245312
0 0.115137 0.18667 0.156445 0.210254
0 0.37666 0.447754 0.19043 0.185742
0 0.607031 0.286914 0.225 0.235547
0 0.192188 0.355078 0.282813 0.345313
0 0.318359 0.423438 0.034375 0.0515625
0 0.165625 0.275781 0.0714844 0.0625
0 0.614062 0.598437 0.059375 0.0765625
0 0.811523 0.0486328 0.376953 0.0972656
0 0.621484 0.185156 0.0921875 0.059375
0 0.148145 0.314648 0.206055 0.320703
0 0.651953 0.182227 0.0304688 0.0429688
0 0.647266 0.184717 0.0421875 0.0485352
0 0.631641 0.275391 0.124219 0.153125
0 0.557031 0.566406 0.053125 0.0796875
0 0.683203 0.294922 0.075 0.06875
0 0.583984 0.353906 0.101562 0.0546875
0 0.382812 0.676953 0.101562 0.249219
0 0.621875 0.602734 0.0460938 0.0695313
0 0.658594 0.204883 0.0375 0.0878906
0 0.434375 0.505859 0.163281 0.117188
0 0.218359 0.273633 0.0726563 0.046875
0 0.441797 0.207227 0.430469 0.154297
0 0.632031 0.20542 0.1 0.0961914
0 0.376172 0.653125 0.0578125 0.0734375
0 0.471875 0.238672 0.45625 0.146875
0 0.652344 0.254102 0.0953125 0.205078
0 0.559375 0.191016 0.09375 0.0773438
0 0.200195 0.280664 0.111719 0.0644531
0 0.477344 0.458984 0.0671875 0.0710938
0 0.470996 0.222656 0.337695 0.160938
0 0.20918 0.340039 0.238672 0.238672
0 0.0580078 0.402344 0.0275391 0.0375
0 0.625 0.220508 0.145313 0.127344
0 0.0226563 0.141016 0.0418945 0.0714844
0 0.385156 0.710156 0.0726563 0.154688
0 0.401172 0.400391 0.622656 0.800781
0 0.336719 0.414941 0.128125 0.154492
0 0.0547363 0.557813 0.109473 0.285938
0 0.526953 0.359961 0.0757812 0.0550781
0 0.273633 0.510938 0.280078 0.332031
0 0.0991211 0.474219 0.0828125 0.109375
0 0.671094 0.306836 0.282813 0.287891
0 0.69375 0.316406 0.167187 0.1125
0 0.38125 0.677344 0.0546875 0.126563
0 0.499609 0.241211 0.246094 0.169531
0 0.0696289 0.160547 0.124023 0.130469
0 0.549609 0.202295 0.107813 0.0805664
0 0.0609375 0.413281 0.0330078 0.059375
0 0.472656 0.475781 0.084375 0.0625
0 0.663281 0.207031 0.0320312 0.0777344
0 0.632422 0.136719 0.0226563 0.0335938
0 0.404687 0.503906 0.06875 0.0578125
0 0.272656 0.466406 0.507031 0.670313
0 0.0711914 0.170508 0.0849609 0.0914062
0 0.589844 0.357422 0.132812 0.0601563
0 0.660937 0.414844 0.271875 0.507031
0 0.372852 0.578906 0.0949219 0.0921875
0 0.330469 0.524609 0.161719 0.347656
0 0.430469 0.483594 0.121875 0.078125
0 0.682031 0.30957 0.0890625 0.0949219
0 0.34082 0.481934 0.109766 0.262695
0 0.6125 0.386328 0.102344 0.114844
0 0.634375 0.318555 0.107813 0.105859
0 0.443359 0.652344 0.217969 0.289062
0 0.642578 0.23457 0.110937 0.160156
0 0.541016 0.549219 0.0453125 0.0546875
0 0.602734 0.594531 0.0835937 0.075
0 0.0806641 0.578906 0.0804688 0.323438
0 0.0547852 0.991406 0.10957 0.0171875
0 0.370703 0.465234 0.186719 0.653906
0 0.375 0.658594 0.0484375 0.0585938
0 0.649609 0.202148 0.0476562 0.0847656
0 0.621094 0.350391 0.040625 0.0359375
0 0.634375 0.351172 0.0453125 0.0390625
0 0.424219 0.506641 0.0757812 0.0703125
0 0.569922 0.578125 0.0328125 0.0554687
0 0.08396 0.177344 0.073877 0.110156
0 0.573047 0.360547 0.0710938 0.0578125
0 0.528125 0.230029 0.176563 0.18916
0 0.610156 0.296875 0.15625 0.065625
0 0.565625 0.576563 0.04375 0.0648438
0 0.296875 0.567187 0.223438 0.278125
0 0.102246 0.21582 0.201758 0.199609
0 0.382812 0.739062 0.0390625 0.0796875
0 0.509766 0.362109 0.0460938 0.0539063
0 0.231836 0.590625 0.426172 0.203125
0 0.418359 0.488281 0.188281 0.208594
0 0.0511719 0.482812 0.100195 0.138281
0 0.533594 0.349219 0.0984375 0.08125
0 0.239063 0.344531 0.182812 0.200781
0 0.661328 0.329688 0.147656 0.139844
0 0.277539 0.366016 0.112109 0.219531
0 0.43125 0.505469 0.0984375 0.104688
0 0.300391 0.516016 0.184375 0.332031
0 0.368359 0.622656 0.084375 0.14375
0 0.614844 0.241406 0.15 0.15625
0 0.571875 0.202734 0.0546875 0.0753906
0 0.659375 0.309375 0.0578125 0.0867188
0 0.565625 0.214258 0.034375 0.0472656
0 0.648438 0.310937 0.075 0.0898438
0 0.619141 0.275195 0.147656 0.221484
0 0.574609 0.209326 0.075 0.0875977
0 0.341016 0.621875 0.140625 0.14375
0 0.566406 0.221289 0.0359375 0.0410156
0 0.415723 0.577734 0.174805 0.261719
0 0.591406 0.236133 0.124219 0.147266
0 0.376563 0.639063 0.0578125 0.1125
0 0.658594 0.295117 0.0578125 0.0625
0 0.649219 0.320117 0.0875 0.112891
0 0.557813 0.229492 0.0546875 0.0507812
0 0.370703 0.655469 0.0625 0.0734375
0 0.379785 0.600781 0.107617 0.198437
0 0.626172 0.30918 0.129688 0.107813
0 0.373828 0.6625 0.046875 0.0546875
0 0.387891 0.755469 0.0234375 0.04375
0 0.553906 0.235547 0.053125 0.0640625
0 0.596094 0.212842 0.128125 0.0977539
0 0.373828 0.66875 0.0390625 0.0453125
0 0.664844 0.312109 0.0828125 0.0972656
0 0.664844 0.287695 0.0484375 0.0492188
0 0.561719 0.220508 0.0546875 0.0589844
0 0.580469 0.19917 0.046875 0.0696289
0 0.300781 0.393652 0.0546875 0.0751953
0 0.0865234 0.175195 0.0283203 0.0363281
0 0.463281 0.574219 0.275 0.254688
0 0.563281 0.206445 0.0664062 0.08125
0 0.585156 0.188867 0.034375 0.0480469
0 0.635156 0.280469 0.253125 0.221875
0 0.382129 0.639063 0.0732422 0.144531
0 0.616016 0.33125 0.149219 0.148438
0 0.107031 0.206689 0.159766 0.106152
0 0.372461 0.598047 0.0808594 0.096875
0 0.301758 0.381641 0.0464844 0.05
0 0.623047 0.216016 0.130469 0.112109
0 0.377734 0.669141 0.0445313 0.0609375
0 0.563281 0.242969 0.090625 0.0773438
0 0.119824 0.222461 0.152539 0.126172
0 0.0737305 0.454297 0.0365234 0.0632813
0 0.27832 0.622266 0.272266 0.136719
0 0.587109 0.275391 0.203125 0.232813
0 0.312891 0.611719 0.196094 0.15625
0 0.328711 0.597266 0.120703 0.0921875
0 0.0807617 0.183936 0.0376953 0.0524414
0 0.564063 0.304688 0.29375 0.284375
0 0.591016 0.200439 0.0617188 0.0756836
0 0.0682617 0.444531 0.0310547 0.0421875
0 0.394922 0.755469 0.0359375 0.0578125
0 0.381641 0.628125 0.0984375 0.160938
0 0.0881836 0.179492 0.0445313 0.0589844
0 0.355273 0.598437 0.0597656 0.09375
0 0.49375 0.371484 0.025 0.053125
0 0.669922 0.321289 0.0320312 0.0617188
0 0.530566 0.433594 0.348242 0.583594
0 0.589453 0.421875 0.280469 0.54375
0 0.455469 0.497656 0.15 0.104688
0 0.501172 0.368359 0.0390625 0.0570313
0 0.550781 0.230469 0.0671875 0.0703125
0 0.638281 0.342969 0.0640625 0.0546875
0 0.598047 0.191211 0.0484375 0.059375
0 0.0759521 0.45625 0.0289551 0.0546875
0 0.582422 0.233252 0.210938 0.14209
0 0.548438 0.242383 0.0609375 0.08125
0 0.296094 0.377734 0.0421875 0.0476562
0 0.667969 0.291211 0.0625 0.0625
0 0.685156 0.276611 0.323438 0.220996
0 0.358789 0.600781 0.0972656 0.11875
0 0.689844 0.308594 0.157813 0.0921875
0 0.388672 0.750781 0.034375 0.0546875
0 0.439063 0.496875 0.10625 0.1
0 0.423828 0.529297 0.149219 0.167969
0 0.344141 0.59375 0.0765625 0.08125
0 0.388965 0.760156 0.0376953 0.0546875
0 0.632031 0.282813 0.11875 0.108594
0 0.366797 0.659375 0.0632813 0.101562
0 0.304297 0.396777 0.0664062 0.0908203
0 0.230078 0.616016 0.413281 0.132031
0 0.635938 0.325391 0.111719 0.125781
0 0.313477 0.420312 0.0308594 0.0484375
0 0.30625 0.595313 0.146875 0.0703125
0 0.607031 0.201758 0.1125 0.0792969
0 0.176904 0.267578 0.0368164 0.0421875
0 0.307422 0.401465 0.046875 0.0830078
0 0.551562 0.251172 0.078125 0.0984375
0 0.547656 0.221924 0.148438 0.125684
0 0.0962891 0.188867 0.0855469 0.0601563
0 0.505859 0.582422 0.304688 0.225781
0 0.670313 0.314063 0.0359375 0.08125
0 0.0594727 0.989062 0.118945 0.021875
0 0.358203 0.583594 0.144531 0.24375
0 0.495703 0.374219 0.0328125 0.0632813
0 0.50791 0.564453 0.37168 0.313281
0 0.170313 0.265234 0.0261719 0.0371094
0 0.373828 0.586719 0.071875 0.0734375
0 0.552344 0.211279 0.0765625 0.0766602
0 0.379785 0.677344 0.0841797 0.226562
0 0.609375 0.192773 0.0796875 0.0644531
0 0.65 0.288867 0.0710938 0.0597656
0 0.595703 0.237305 0.171094 0.180859
0 0.503125 0.362109 0.0328125 0.0507812
0 0.403906 0.505469 0.0328125 0.0421875
0 0.0672852 0.457422 0.0490234 0.0734375
0 0.635938 0.312891 0.104688 0.0921875
0 0.395996 0.537402 0.193945 0.34707
0 0.0666992 0.449219 0.0373047 0.05625
0 0.408984 0.507031 0.0414063 0.046875
0 0.667969 0.403516 0.354688 0.499219
0 0.128516 0.196826 0.0386719 0.0446289
0 0.174414 0.279883 0.04375 0.0628906
0 0.504687 0.372656 0.05 0.0710938
0 0.164746 0.280078 0.0677734 0.065625
0 0.0894775 0.1875 0.152295 0.0960938
0 0.630078 0.437891 0.544531 0.576563
0 0.422656 0.500781 0.075 0.0757812
0 0.378906 0.682031 0.0625 0.0640625
0 0.510938 0.366992 0.0601563 0.0597656
0 0.698438 0.316016 0.19375 0.110156
0 0.291602 0.390234 0.0847656 0.0945313
0 0.442578 0.510938 0.121875 0.129688
0 0.517188 0.579688 0.125 0.110937
0 0.626953 0.611719 0.0203125 0.0359375
0 0.503809 0.6 0.375195 0.176563
0 0.389062 0.757812 0.0734375 0.0875
0 0.0219482 0.157422 0.0273926 0.0554687
0 0.503906 0.583594 0.0921875 0.0890625
0 0.447754 0.542188 0.18418 0.192188
0 0.132227 0.197656 0.0300781 0.0382813
0 0.285938 0.588281 0.0398437 0.05
0 0.384375 0.755078 0.0382813 0.0523438
0 0.589453 0.182764 0.0367188 0.0422852
0 0.288672 0.591406 0.0617188 0.053125
0 0.0654785 0.189063 0.074707 0.0621094
0 0.625781 0.351172 0.0421875 0.0445313
0 0.642188 0.300781 0.08125 0.0726563
0 0.313672 0.578906 0.191406 0.235938
0 0.060144 0.463281 0.0705322 0.084375
0 0.35625 0.585938 0.0554687 0.0703125
0 0.378125 0.615625 0.0804688 0.135937
0 0.513281 0.452734 0.382812 0.557031
0 0.6625 0.307422 0.0640625 0.090625
0 0.578516 0.2 0.0710938 0.075
0 0.595313 0.202148 0.10625 0.08125
0 0.620703 0.251123 0.152344 0.17666
0 0.567578 0.212305 0.0398437 0.0472656
0 0.665234 0.289453 0.0546875 0.0535156
0 0.374219 0.644531 0.0679687 0.0859375
0 0.573438 0.450098 0.2625 0.56543
0 0.510254 0.317627 0.38418 0.295996
0 0.570703 0.203906 0.0492188 0.0679687
0 0.650391 0.313281 0.0851563 0.108594
0 0.374414 0.655469 0.0542969 0.065625
0 0.375781 0.596094 0.0796875 0.096875
0 0.66875 0.282813 0.046875 0.04375
0 0.584375 0.199268 0.05 0.0702148
0 0.392188 0.626953 0.110937 0.153906
0 0.376563 0.659375 0.046875 0.053125
0 0.610938 0.211133 0.154688 0.0992187
0 0.358789 0.614062 0.114453 0.144531
0 0.621094 0.29707 0.151562 0.269922
0 0.565625 0.218359 0.0398437 0.0398437
0 0.572656 0.315625 0.26875 0.29375
0 0.649219 0.278125 0.0984375 0.174219
0 0.570312 0.204688 0.0640625 0.0746094
0 0.378125 0.666016 0.0414063 0.04375
0 0.385059 0.582812 0.106445 0.228125
0 0.589063 0.189502 0.0390625 0.0538086
0 0.419531 0.626953 0.170313 0.157031
0 0.354688 0.454785 0.709375 0.556055
0 0.087793 0.172852 0.0263672 0.0328125
0 0.371094 0.628516 0.0757812 0.120313
0 0.651563 0.342187 0.096875 0.169531
0 0.41875 0.572656 0.175781 0.248438
0 0.621484 0.222656 0.15 0.126953
0 0.669531 0.310352 0.0851563 0.0996094
0 0.628906 0.333594 0.1375 0.246875
0 0.563672 0.216797 0.0578125 0.0773438
0 0.667188 0.293164 0.0726563 0.0683594
0 0.376172 0.575781 0.0671875 0.065625
0 0.0616699 0.990625 0.12334 0.01875
0 0.371484 0.619531 0.0757812 0.14375
0 0.612891 0.252734 0.163281 0.185938
0 0.515625 0.428125 0.365625 0.554688
0 0.42959 0.569531 0.195508 0.254688
0 0.657813 0.311133 0.0734375 0.109375
0 0.6 0.419141 0.198437 0.553906
0 0.582812 0.200391 0.084375 0.0789063
0 0.610156 0.228906 0.148438 0.137109
0 0.598828 0.206641 0.138281 0.101953
0 0.661719 0.288281 0.0609375 0.0554687
0 0.607031 0.325195 0.190625 0.351953
0 0.6625 0.301953 0.0625 0.0851563
0 0.388672 0.572656 0.117188 0.24375
0 0.56875 0.204883 0.05625 0.0742188
0 0.649219 0.320508 0.090625 0.123047
0 0.381641 0.619531 0.0976562 0.1625
0 0.564063 0.225195 0.05 0.0535156
0 0.560938 0.235352 0.0609375 0.075
0 0.592969 0.239648 0.121875 0.154688
0 0.578125 0.225 0.0859375 0.128125
0 0.565625 0.218359 0.0570313 0.0609375
0 0.615625 0.332422 0.160938 0.176563
0 0.569531 0.21167 0.0765625 0.0993164
0 0.586719 0.185547 0.0375 0.0441406
0 0.565625 0.24668 0.075 0.106641
0 0.649219 0.302734 0.0765625 0.0882813
0 0.376172 0.595703 0.08125 0.103125
0 0.628906 0.614062 0.0234375 0.03125
0 0.589453 0.179883 0.0390625 0.0363281
0 0.68125 0.688281 0.0570313 0.0664062
0 0.343555 0.619531 0.144922 0.145313
0 0.608594 0.197852 0.153125 0.0773438
0 0.55625 0.245703 0.05625 0.0964844
0 0.572656 0.258203 0.0953125 0.121875
0 0.586719 0.243359 0.140625 0.116406
0 0.672656 0.309766 0.0953125 0.110156
0 0.644531 0.334766 0.104688 0.160156
0 0.374609 0.639063 0.0710938 0.109375
0 0.514063 0.519922 0.369531 0.361719
0 0.371289 0.582031 0.0667969 0.0640625
0 0.361914 0.61875 0.104297 0.1625
0 0.660937 0.65625 0.096875 0.114063
0 0.652734 0.284375 0.0695313 0.0742188
0 0.682422 0.701563 0.0578125 0.0953125
0 0.639844 0.303467 0.239063 0.316504
0 0.361523 0.589063 0.0566406 0.0796875
0 0.592969 0.184033 0.0625 0.0483398
0 0.612891 0.295312 0.170313 0.26875
0 0.675781 0.685547 0.065625 0.0835937
0 0.37666 0.665234 0.0466797 0.0515625
0 0.357422 0.579297 0.0414063 0.05625
0 0.690625 0.685156 0.0359375 0.046875
0 0.685156 0.683984 0.0460938 0.0570313
0 0.628125 0.622656 0.028125 0.05
0 0.366797 0.572656 0.0539063 0.0554687
0 0.383203 0.566016 0.234375 0.269531
0 0.626563 0.203467 0.195312 0.0961914
0 0.351172 0.592969 0.0570313 0.0804688
0 0.597266 0.189063 0.0921875 0.0589844
0 0.599609 0.175732 0.0476562 0.0383789
0 0.611719 0.193164 0.154688 0.116797
0 0.669141 0.690625 0.0835937 0.115625
0 0.664844 0.276563 0.0609375 0.0523438
0 0.696094 0.686328 0.0289063 0.0453125
0 0.695703 0.294922 0.149219 0.0738281
0 0.0612793 0.988281 0.122559 0.0234375
0 0.632422 0.614844 0.0304688 0.0359375
0 0.687109 0.329297 0.169531 0.14375
0 0.376172 0.623438 0.0765625 0.148438
0 0.516797 0.481152 0.382031 0.643945
0 0.619922 0.247705 0.14375 0.16709
0 0.464063 0.570703 0.257031 0.248438
0 0.660547 0.317188 0.0742188 0.107031
0 0.615625 0.297217 0.160938 0.277441
0 0.649219 0.267773 0.0984375 0.189063
0 0.623438 0.299219 0.145313 0.177344
0 0.363281 0.625781 0.0945313 0.1375
0 0.63125 0.333594 0.128125 0.154688
0 0.6625 0.302734 0.059375 0.075
0 0.601172 0.472656 0.196094 0.6375
0 0.522266 0.602344 0.388281 0.425
0 0.379688 0.60625 0.0921875 0.175
0 0.65 0.343555 0.0953125 0.170703
0 0.617188 0.356641 0.157813 0.242969
0 0.648438 0.325195 0.0859375 0.126172
0 0.6625 0.286328 0.053125 0.0445313
0 0.342578 0.625781 0.136719 0.139063
0 0.608594 0.213281 0.126563 0.108594
0 0.635938 0.366016 0.120313 0.220313
0 0.402344 0.577344 0.142969 0.245312
0 0.649609 0.295312 0.0757812 0.0632813
0 0.647266 0.308203 0.0835937 0.0859375
0 0.667188 0.292188 0.065625 0.0640625
0 0.586719 0.200195 0.08125 0.0707031
0 0.375 0.585938 0.103125 0.225
0 0.575 0.201172 0.05625 0.0664062
0 0.665625 0.276563 0.078125 0.170313
0 0.649219 0.396484 0.0984375 0.283594
0 0.520312 0.582031 0.121875 0.111719
0 0.605469 0.201563 0.11875 0.0773438
0 0.601953 0.260596 0.165625 0.20459
0 0.470313 0.525781 0.126563 0.1625
0 0.682031 0.683594 0.0578125 0.126563
0 0.680469 0.654688 0.0617188 0.132812
0 0.324023 0.615234 0.148828 0.157031
0 0.348828 0.582812 0.0726563 0.08125
0 0.579297 0.193555 0.0601563 0.0582031
0 0.328711 0.571875 0.117578 0.11875
0 0.563281 0.214453 0.0328125 0.0421875
0 0.329297 0.589063 0.108594 0.0828125
0 0.685938 0.684375 0.04375 0.053125
0 0.676172 0.678125 0.0640625 0.0875
0 0.676562 0.607813 0.06875 0.2125
0 0.648438 0.276563 0.0773438 0.104297
0 0.672266 0.655859 0.0804688 0.111719
0 0.352344 0.579688 0.0390625 0.0546875
0 0.585156 0.178955 0.028125 0.0295898
0 0.664844 0.689063 0.0921875 0.153125
0 0.346094 0.588672 0.0570313 0.0679687
0 0.69375 0.685938 0.0320312 0.046875
0 0.454688 0.541016 0.242188 0.178906
0 0.460938 0.61875 0.249219 0.201563
0 0.592969 0.238232 0.107813 0.152441
0 0.68125 0.710938 0.0546875 0.148438
0 0.681641 0.678125 0.0476562 0.059375
0 0.336719 0.596875 0.154688 0.201563
0 0.684375 0.707812 0.05 0.110156
0 0.669531 0.283203 0.065625 0.0523438
0 0.620313 0.278711 0.140625 0.109766
0 0.565625 0.212109 0.059375 0.06875
0 0.682813 0.687109 0.0546875 0.075
0 0.500781 0.583203 0.103906 0.096875
0 0.589844 0.327686 0.221875 0.336035
0 0.6625 0.625 0.1 0.1875
0 0.55 0.586719 0.1125 0.126563
0 0.566016 0.208398 0.0414063 0.0636719
0 0.359961 0.578906 0.0660156 0.075
0 0.552344 0.580078 0.0953125 0.102344
0 0.308203 0.590625 0.150781 0.0765625
0 0.529688 0.590625 0.0945313 0.11875
0 0.539062 0.571875 0.103125 0.1125
0 0.655078 0.505859 0.0882813 0.508594
0 0.361914 0.575781 0.0511719 0.0546875
0 0.641406 0.303906 0.0796875 0.065625
0 0.515625 0.354688 0.0359375 0.0476562
0 0.350977 0.598437 0.0683594 0.0890625
0 0.357422 0.560938 0.161719 0.276563
0 0.628125 0.6125 0.0234375 0.0335938
0 0.511328 0.357617 0.0304688 0.0425781
0 0.521484 0.359766 0.0445313 0.0445313
0 0.471875 0.508984 0.289844 0.430469
0 0.574609 0.204102 0.0695313 0.0820312
0 0.589844 0.179102 0.0382813 0.0347656
0 0.283984 0.592188 0.0933594 0.0601563
0 0.485547 0.608594 0.311719 0.283594
0 0.653906 0.703125 0.114063 0.195312
0 0.471094 0.464063 0.0265625 0.0375
0 0.569531 0.215234 0.0765625 0.104688
0 0.297852 0.578125 0.141016 0.0898438
0 0.660937 0.258398 0.065625 0.108203
0 0.683594 0.625391 0.0664062 0.177344
0 0.617578 0.250049 0.150781 0.186621
0 0.666016 0.304688 0.053125 0.0835937
0 0.373437 0.620313 0.0742188 0.140625
0 0.0875244 0.174512 0.0284668 0.0373047
0 0.6625 0.252539 0.06875 0.190625
0 0.8625 0.79375 0.03125 0.05
0 0.389844 0.755859 0.025 0.0414063
0 0.615625 0.309326 0.160938 0.315723
0 0.696875 0.689063 0.028125 0.04375
0 0.646094 0.254492 0.101562 0.194922
0 0.0827881 0.174512 0.0437988 0.0365234
0 0.412109 0.566797 0.150781 0.257031
0 0.0910156 0.176904 0.0416016 0.0500977
0 0.0892822 0.173242 0.0335449 0.0453125
0 0.387891 0.576563 0.108594 0.234375
0 0.358203 0.622266 0.105469 0.138281
0 0.689063 0.685547 0.0390625 0.0554687
0 0.669922 0.307813 0.06875 0.0960938
0 0.663672 0.318359 0.0679687 0.130469
0 0.39375 0.759375 0.0335938 0.0515625
0 0.688281 0.692187 0.0421875 0.075
0 0.653125 0.355664 0.0875 0.202734
0 0.389746 0.733594 0.0298828 0.0828125
0 0.8625 0.793555 0.040625 0.0628906
0 0.394531 0.75 0.0390625 0.0640625
0 0.363672 0.588672 0.101562 0.207031
0 0.584375 0.308643 0.217188 0.302246
0 0.314063 0.425781 0.0296875 0.046875
0 0.523438 0.3625 0.0421875 0.0460938
0 0.471875 0.464844 0.025 0.0429688
0 0.391406 0.763281 0.040625 0.0609375
0 0.0818359 0.169922 0.0496094 0.0476562
0 0.687891 0.715625 0.0445313 0.145313
0 0.0996094 0.182812 0.0589844 0.0558594
0 0.69375 0.698828 0.0335938 0.0851563
0 0.364844 0.548438 0.123438 0.295312
0 0.568359 0.205908 0.0523438 0.0772461
0 0.65 0.302148 0.0796875 0.0816406
0 0.646875 0.316602 0.1 0.301172
0 0.0750977 0.451172 0.0333984 0.0570313
0 0.684766 0.680469 0.0484375 0.0648438
0 0.685156 0.700781 0.053125 0.116406
0 0.563672 0.214844 0.0609375 0.0964844
0 0.661719 0.295312 0.0578125 0.107031
0 0.378809 0.660937 0.0876953 0.229687
0 0.383984 0.631641 0.0914062 0.167969
0 0.514844 0.35918 0.0359375 0.0464844
0 0.475781 0.467969 0.0328125 0.0484375
0 0.314063 0.427734 0.0351562 0.0570313
0 0.521484 0.359766 0.0523438 0.0539063
0 0.629687 0.611719 0.025 0.034375
0 0.685156 0.674609 0.0515625 0.121094
0 0.58125 0.20083 0.0734375 0.0764648
0 0.5625 0.234766 0.0695313 0.148828
0 0.869531 0.770703 0.0578125 0.100781
0 0.0797119 0.182861 0.057373 0.0522461
0 0.528906 0.365234 0.05 0.0523438
0 0.5125 0.774609 0.025 0.0414063
0 0.683594 0.655469 0.0539063 0.13125
0 0.689063 0.673828 0.04375 0.06875
0 0.0757812 0.174023 0.0605469 0.0378906
0 0.114063 0.186719 0.0671875 0.0511719
0 0.479688 0.469922 0.04375 0.0546875
0 0.392578 0.733594 0.046875 0.0984375
0 0.671875 0.290234 0.0617188 0.084375
0 0.644922 0.333203 0.100781 0.142188
0 0.645312 0.449219 0.0445313 0.053125
0 0.647656 0.453516 0.0359375 0.0445313
0 0.621094 0.348047 0.145313 0.250781
0 0.654297 0.254639 0.0429688 0.214941
0 0.313281 0.416797 0.0367188 0.0625
0 0.394629 0.772266 0.0435547 0.0757812
0 0.380469 0.692969 0.0515625 0.173438
0 0.125391 0.190039 0.0429688 0.0476562
0 0.340625 0.571094 0.142969 0.24375
0 0.632812 0.411328 0.0796875 0.1125
0 0.675781 0.68125 0.0679687 0.0890625
0 0.677344 0.612109 0.0671875 0.209375
0 0.68125 0.671094 0.0609375 0.0828125
0 0.0999023 0.191748 0.0699219 0.0750977
0 0.470313 0.465625 0.0390625 0.0460938
0 0.387598 0.717969 0.0388672 0.107813
0 0.639063 0.44375 0.053125 0.0648438
0 0.874219 0.755469 0.0640625 0.128125
0 0.652344 0.447656 0.03125 0.0484375
0 0.672656 0.310742 0.04375 0.0875
0 0.666797 0.35293 0.0851563 0.194141
0 0.174219 0.266797 0.028125 0.0375
0 0.0700195 0.449219 0.0275391 0.05
0 0.173242 0.277344 0.0535156 0.0617188
0 0.636719 0.437109 0.0671875 0.0710938
0 0.634375 0.361719 0.115625 0.220313
0 0.108691 0.179297 0.0814453 0.0589844
0 0.675391 0.667188 0.0726563 0.123438
0 0.385156 0.733594 0.0421875 0.0859375
0 0.669531 0.691406 0.084375 0.115625
0 0.317578 0.437891 0.040625 0.0742188
0 0.680859 0.298047 0.0804688 0.0875
0 0.394141 0.775781 0.0546875 0.09375
0 0.0869385 0.158398 0.0487793 0.0640625
0 0.65 0.273828 0.078125 0.150781
0 0.0735352 0.166211 0.0615234 0.05
0 0.623438 0.434375 0.053125 0.06875
0 0.479688 0.480859 0.0484375 0.0757812
0 0.629297 0.61875 0.03125 0.046875
0 0.387891 0.754687 0.046875 0.0625
0 0.55625 0.227734 0.05 0.0820312
0 0.508203 0.392871 0.374219 0.461133
0 0.478125 0.4875 0.059375 0.0984375
0 0.5375 0.364258 0.078125 0.0558594
0 0.532031 0.369531 0.0601563 0.0640625
0 0.665625 0.632812 0.0898438 0.170313
0 0.8625 0.79375 0.05625 0.078125
0 0.478906 0.457031 0.034375 0.0546875
0 0.377246 0.686328 0.0533203 0.125781
0 0.632812 0.6125 0.0296875 0.040625
0 0.391406 0.701563 0.046875 0.14375
0 0.625 0.430469 0.0734375 0.090625
0 0.504687 0.775781 0.0367188 0.05
0 0.864062 0.811719 0.05 0.107813
0 0.521777 0.315234 0.345508 0.303125
0 0.566406 0.247461 0.08125 0.187109
0 0.385547 0.538281 0.15625 0.317188
0 0.132617 0.193311 0.0304688 0.0368164
0 0.332813 0.53125 0.151562 0.324219
0 0.642188 0.455469 0.053125 0.0625
0 0.511719 0.772656 0.0328125 0.0515625
0 0.5625 0.570312 0.0296875 0.046875
0 0.614844 0.428125 0.0390625 0.0570313
0 0.663281 0.246094 0.0578125 0.242188
0 0.603906 0.20957 0.11875 0.0988281
0 0.0265625 0.159961 0.0234375 0.0417969
0 0.578125 0.221875 0.0859375 0.131641
0 0.513281 0.360742 0.059375 0.0644531
0 0.565625 0.578125 0.0359375 0.0601563
0 0.546484 0.456641 0.307813 0.582031
0 0.157031 0.270313 0.0375 0.0453125
0 0.635938 0.302344 0.0640625 0.0640625
0 0.485156 0.4875 0.0515625 0.0859375
0 0.651563 0.439844 0.040625 0.0609375
0 0.373437 0.598437 0.0757812 0.090625
0 0.149316 0.273633 0.0353516 0.0503906
0 0.323438 0.620313 0.171875 0.142188
0 0.629687 0.620703 0.0398437 0.0570313
0 0.142578 0.272461 0.0238281 0.0417969
0 0.376563 0.662891 0.0445313 0.0578125
0 0.816406 0.889063 0.0234375 0.04375
0 0.382715 0.708594 0.0501953 0.123438
0 0.681641 0.312695 0.090625 0.111328
0 0.386719 0.675391 0.0578125 0.214844
0 0.692969 0.715234 0.034375 0.127344
0 0.548438 0.592969 0.0828125 0.139063
0 0.664844 0.603125 0.09375 0.24375
0 0.608594 0.422656 0.0296875 0.046875
0 0.685156 0.294922 0.109375 0.132422
0 0.567969 0.580859 0.05 0.0820312
0 0.654688 0.557813 0.06875 0.110937
0 0.625 0.290039 0.132812 0.0894531
0 0.557422 0.56875 0.05 0.0640625
0 0.659766 0.541016 0.040625 0.0609375
0 0.639063 0.306836 0.075 0.0800781
0 0.673047 0.332422 0.0640625 0.124219
0 0.24707 0.619922 0.394922 0.133594
0 0.471094 0.466406 0.0578125 0.0703125
0 0.163477 0.266406 0.0375 0.04375
0 0.535937 0.594141 0.0796875 0.123438
0 0.567187 0.588281 0.05625 0.121875
0 0.84375 0.95 0.025 0.046875
0 0.61875 0.415234 0.053125 0.0625
0 0.0692383 0.45 0.0369141 0.0578125
0 0.659766 0.538281 0.0304688 0.05
0 0.0768555 0.461719 0.0435547 0.0875
0 0.686328 0.255078 0.110156 0.196875
0 0.655469 0.529688 0.046875 0.078125
0 0.0255371 0.153711 0.0226563 0.0476562
0 0.55625 0.578906 0.0679687 0.0859375
0 0.551562 0.242188 0.04375 0.0570313
0 0.626563 0.441406 0.0875 0.1125
0 0.636719 0.621094 0.0453125 0.0609375
0 0.845313 0.95625 0.0296875 0.059375
0 0.6 0.236719 0.120313 0.1625
0 0.502344 0.769531 0.0421875 0.0578125
0 0.655469 0.244336 0.0359375 0.176563
0 0.635938 0.377734 0.0328125 0.0414063
0 0.339258 0.590625 0.0949219 0.090625
0 0.388184 0.767969 0.0595703 0.0796875
0 0.443359 0.8625 0.0273438 0.046875
0 0.699609 0.689844 0.05 0.0546875
0 0.676562 0.689844 0.071875 0.145313
0 0.0746582 0.454688 0.0567383 0.0710938
0 0.635156 0.452344 0.0796875 0.115625
0 0.0802979 0.150781 0.0624512 0.0824219
0 0.566406 0.566406 0.03125 0.0476562
0 0.579297 0.241211 0.117969 0.172266
0 0.178711 0.267383 0.0386719 0.0390625
0 0.524219 0.389453 0.078125 0.132812
0 0.642578 0.466406 0.0585938 0.107813
0 0.644531 0.473438 0.053125 0.0765625
0 0.541406 0.571094 0.071875 0.0734375
0 0.540625 0.610938 0.0640625 0.103125
0 0.531641 0.622266 0.0640625 0.0695313
0 0.337891 0.578125 0.103906 0.154688
0 0.410254 0.669922 0.15293 0.247656
0 0.535937 0.560156 0.0460938 0.0484375
0 0.871875 0.720313 0.03125 0.0546875
0 0.635938 0.377734 0.0390625 0.0539063
0 0.402246 0.78418 0.0595703 0.100391
0 0.449219 0.867969 0.0328125 0.0453125
0 0.511328 0.3875 0.0664062 0.121875
0 0.660156 0.237158 0.03125 0.149121
0 0.638281 0.358008 0.0890625 0.163672
0 0.548828 0.374609 0.0507812 0.0601563
0 0.628125 0.389453 0.065625 0.0742188
0 0.315234 0.404785 0.0546875 0.0951172
0 0.532031 0.608594 0.0671875 0.090625
0 0.847656 0.95 0.0296875 0.053125
0 0.572266 0.589453 0.0453125 0.0890625
0 0.870313 0.717188 0.0234375 0.0484375
0 0.629687 0.374414 0.071875 0.116016
0 0.306641 0.566016 0.203906 0.251563
0 0.635938 0.0489746 0.0296875 0.0402344
0 0.305273 0.397266 0.0527344 0.0867188
0 0.657813 0.657813 0.0984375 0.128906
0 0.352734 0.577344 0.0882813 0.123438
0 0.644531 0.634766 0.071875 0.0804688
0 0.680078 0.192969 0.300781 0.286719
0 0.54375 0.584375 0.0875 0.1
0 0.664844 0.555469 0.0953125 0.34375
0 0.0750977 0.195898 0.0734375 0.0828125
0 0.6875 0.316797 0.130469 0.128906
0 0.565625 0.36543 0.164062 0.0621094
0 0.00916748 0.986719 0.018335 0.0265625
0 0.295312 0.373437 0.0320312 0.0398437
0 0.589844 0.442871 0.213281 0.554883
0 0.51875 0.351562 0.05 0.0625
0 0.376563 0.658984 0.0625 0.0914062
0 0.373242 0.596094 0.0769531 0.129688
0 0.666406 0.712109 0.0921875 0.138281
0 0.241406 0.587109 0.420312 0.178906
0 0.632422 0.630859 0.0515625 0.0742188
0 0.653516 0.183984 0.0289063 0.0453125
0 0.136328 0.199658 0.0300781 0.0499023
0 0.517188 0.6125 0.0335938 0.065625
0 0.0100342 0.980469 0.0200684 0.0390625
0 0.526953 0.567969 0.0484375 0.0625
0 0.397656 0.604688 0.0328125 0.104688
0 0.655078 0.532031 0.0367188 0.059375
0 0.679688 0.723047 0.059375 0.167969
0 0.413379 0.439844 0.58418 0.557031
0 0.648047 0.525 0.0320312 0.0484375
0 0.589844 0.225586 0.163281 0.20625
0 0.586719 0.19375 0.0609375 0.0613281
0 0.548438 0.557813 0.0484375 0.0578125
0 0.514063 0.620313 0.028125 0.046875
0 0.608594 0.420312 0.046875 0.0546875
0 0.523047 0.559375 0.0351562 0.0453125
0 0.079126 0.456641 0.044873 0.0523438
0 0.478516 0.515625 0.0929688 0.164062
0 0.445996 0.567187 0.181445 0.260938
0 0.448828 0.8625 0.0375 0.05
0 0.623438 0.401172 0.0703125 0.0945313
0 0.355078 0.592188 0.0773438 0.078125
0 0.483984 0.520312 0.0664062 0.165625
0 0.471191 0.344727 0.456055 0.358984
0 0.143555 0.274609 0.03125 0.0527344
0 0.0239258 0.146777 0.021582 0.0445313
0 0.815625 0.894531 0.028125 0.05
0 0.304297 0.384766 0.0515625 0.0671875
0 0.124414 0.192383 0.0566406 0.0636719
0 0.636328 0.0478638 0.0335938 0.0531006
0 0.0364746 0.162305 0.0458984 0.0472656
0 0.46875 0.489063 0.090625 0.126563
0 0.649219 0.532031 0.0703125 0.195312
0 0.648047 0.343555 0.0695313 0.133203
0 0.616797 0.410156 0.06875 0.0828125
0 0.400391 0.748828 0.0617188 0.0882813
0 0.627344 0.601172 0.0671875 0.113281
0 0.648828 0.186768 0.0382813 0.0506836
0 0.196484 0.588281 0.300781 0.189063
0 0.291797 0.371094 0.025 0.0367188
0 0.491406 0.766406 0.0453125 0.0578125
0 0.313086 0.425781 0.0550781 0.0828125
0 0.498047 0.776563 0.0507812 0.0609375
0 0.0690918 0.6375 0.027832 0.046875
0 0.443066 0.435156 0.323242 0.546875
0 0.460156 0.467969 0.05625 0.0515625
0 0.525 0.575 0.075 0.08125
0 0.634375 0.515625 0.028125 0.0382813
0 0.660937 0.305664 0.05625 0.0832031
0 0.373828 0.621875 0.0773438 0.134375
0 0.613672 0.249805 0.164062 0.180078
0 0.0864258 0.174609 0.0314453 0.0304688
0 0.860156 0.798438 0.03125 0.0359375
0 0.0782227 0.174414 0.0472656 0.0328125
0 0.637109 0.300391 0.119531 0.0875
0 0.389844 0.755469 0.0257812 0.0390625
0 0.6875 0.685156 0.0367188 0.046875
0 0.082251 0.179492 0.0452637 0.0410156
0 0.859375 0.789844 0.0328125 0.05625
0 0.658594 0.315234 0.0796875 0.114063
0 0.692578 0.685547 0.0265625 0.040625
0 0.0908203 0.178857 0.0503906 0.0438477
0 0.648438 0.30625 0.084375 0.0828125
0 0.629687 0.610938 0.025 0.0328125
0 0.56875 0.201221 0.0578125 0.0717773
0 0.613281 0.306055 0.164062 0.249609
0 0.385156 0.624219 0.101562 0.148438
0 0.563281 0.207227 0.046875 0.0675781
0 0.355469 0.622266 0.1125 0.135156
0 0.0852539 0.172656 0.0392578 0.0433594
0 0.396484 0.655859 0.125781 0.211719
0 0.372266 0.598437 0.0804688 0.0867188
0 0.646875 0.324609 0.096875 0.133594
0 0.683203 0.678906 0.0453125 0.053125
0 0.666406 0.303516 0.084375 0.0917969
0 0.686719 0.695312 0.040625 0.071875
0 0.0754883 0.182227 0.0605469 0.0453125
0 0.559766 0.219727 0.0539063 0.0996094
0 0.077832 0.170703 0.0535156 0.0453125
0 0.0702148 0.448438 0.0275391 0.0484375
0 0.100195 0.181689 0.0763672 0.0538086
0 0.466406 0.443359 0.48125 0.557031
0 0.415625 0.571875 0.145313 0.253125
0 0.565625 0.216211 0.0765625 0.0917969
0 0.559375 0.241748 0.0625 0.168066
0 0.859375 0.795117 0.040625 0.0472656
0 0.694531 0.685938 0.0359375 0.04375
0 0.389844 0.7625 0.0320312 0.05625
0 0.595313 0.305273 0.221094 0.291797
0 0.394922 0.760547 0.0335938 0.0523438
0 0.567187 0.222266 0.0625 0.116406
0 0.632422 0.340234 0.125 0.174219
0 0.557813 0.362305 0.2875 0.411328
0 0.170215 0.264453 0.0232422 0.0296875
0 0.516406 0.360547 0.0359375 0.0382813
0 0.113867 0.187891 0.0609375 0.0433594
0 0.633984 0.610938 0.0328125 0.040625
0 0.628125 0.615625 0.0296875 0.04375
0 0.549219 0.307617 0.310937 0.294141
0 0.390234 0.744531 0.0304688 0.0625
0 0.46875 0.465625 0.0234375 0.0359375
0 0.685938 0.713672 0.0421875 0.111719
0 0.372656 0.657422 0.0960938 0.216406
0 0.311914 0.425 0.0265625 0.04375
0 0.415625 0.677344 0.164062 0.257812
0 0.609766 0.454297 0.658594 0.602344
0 0.553906 0.234766 0.0484375 0.0617188
0 0.630078 0.608203 0.0296875 0.0445313
0 0.387402 0.735547 0.0345703 0.0757812
0 0.0917969 0.175586 0.0589844 0.0613281
0 0.390527 0.763281 0.0423828 0.0609375
0 0.373633 0.599609 0.0964844 0.182031
0 0.524609 0.361719 0.0320312 0.0390625
0 0.682813 0.701563 0.0492188 0.0890625
0 0.682031 0.671875 0.05625 0.0671875
0 0.0870117 0.19707 0.0732422 0.0808594
0 0.073584 0.450781 0.0336914 0.05625
0 0.670703 0.301953 0.0632813 0.084375
0 0.692187 0.683594 0.0453125 0.0578125
0 0.687891 0.675781 0.0414063 0.0625
0 0.865625 0.791992 0.0515625 0.0628906
0 0.298438 0.375684 0.0367188 0.0345703
0 0.857031 0.786719 0.0453125 0.0671875
0 0.515625 0.357812 0.0421875 0.046875
0 0.302734 0.398438 0.0460938 0.0804688
0 0.334766 0.621094 0.161719 0.1375
0 0.61875 0.296484 0.146875 0.071875
0 0.302734 0.385547 0.0476562 0.05625
0 0.127148 0.19043 0.0347656 0.0335938
0 0.643359 0.493359 0.713281 0.688281
0 0.306836 0.409766 0.0425781 0.0742188
0 0.616797 0.351953 0.158594 0.203125
0 0.175391 0.274219 0.0339844 0.05
0 0.575781 0.207031 0.06875 0.0910156
0 0.666406 0.338672 0.135937 0.165625
0 0.0990234 0.198828 0.0898438 0.0898438
0 0.372852 0.661719 0.0488281 0.0546875
0 0.604688 0.420703 0.025 0.0351562
0 0.081543 0.161328 0.0556641 0.0621094
0 0.689453 0.707031 0.034375 0.0890625
0 0.554688 0.236328 0.0515625 0.084375
0 0.30957 0.422266 0.0402344 0.0492188
0 0.124414 0.186914 0.0433594 0.0410156
0 0.488965 0.326953 0.43457 0.326562
0 0.671094 0.302344 0.292188 0.294531
0 0.469922 0.471094 0.028125 0.0445313
0 0.683594 0.306641 0.135937 0.101172
0 0.311914 0.428125 0.0328125 0.0546875
0 0.0708984 0.187891 0.0673828 0.0546875
0 0.378516 0.696875 0.0570313 0.170313
0 0.630469 0.616406 0.0421875 0.0578125
0 0.617969 0.408301 0.364063 0.503711
0 0.511719 0.775 0.025 0.0375
0 0.173926 0.263867 0.0337891 0.0308594
0 0.475 0.464844 0.034375 0.0414063
0 0.383984 0.724609 0.0492188 0.105469
0 0.166406 0.264648 0.0308594 0.0332031
0 0.393652 0.741016 0.0455078 0.100781
0 0.692187 0.689453 0.0375 0.05625
0 0.553906 0.232813 0.0828125 0.0886719
0 0.375 0.660937 0.0640625 0.065625
0 0.688281 0.321484 0.15625 0.133594
0 0.396875 0.766016 0.0390625 0.0648438
0 0.572656 0.242578 0.0765625 0.164844
0 0.464063 0.467187 0.03125 0.0359375
0 0.372461 0.585938 0.0746094 0.157813
0 0.373633 0.698047 0.0589844 0.138281
0 0.635156 0.609375 0.0390625 0.0546875
0 0.615234 0.271484 0.166406 0.1125
0 0.651953 0.251367 0.169531 0.189063
0 0.553125 0.220703 0.0960938 0.103125
0 0.0088623 0.989844 0.0177246 0.0203125
0 0.514844 0.364063 0.0484375 0.05
0 0.676562 0.685547 0.0625 0.0625
0 0.0698242 0.455469 0.0482422 0.0710938
0 0.584766 0.192383 0.0476562 0.059375
0 0.601172 0.423047 0.03125 0.0382813
0 0.39209 0.710938 0.0548828 0.1375
0 0.373828 0.647656 0.0648438 0.0890625
0 0.542969 0.635938 0.0273438 0.046875
0 0.671875 0.666406 0.078125 0.0835937
0 0.395703 0.773438 0.046875 0.078125
0 0.410254 0.615625 0.149805 0.167187
0 0.666406 0.311719 0.0421875 0.0765625
0 0.513281 0.357031 0.0546875 0.0601563
0 0.384375 0.746875 0.0414063 0.0546875
0 0.387109 0.713281 0.111719 0.321875
0 0.394922 0.544922 0.148438 0.314844
0 0.333594 0.594531 0.121875 0.0726563
0 0.607031 0.429688 0.0460938 0.0640625
0 0.4625 0.577344 0.153125 0.266406
0 0.353516 0.662109 0.130469 0.228906
0 0.392188 0.617969 0.04375 0.114063
0 0.5375 0.604297 0.0671875 0.133594
0 0.00969238 0.985938 0.0193848 0.028125
0 0.473047 0.473828 0.0375 0.0515625
0 0.529688 0.555469 0.0320312 0.0453125
0 0.600781 0.336523 0.196875 0.228516
0 0.616406 0.253711 0.264844 0.195703
0 0.605859 0.255029 0.174219 0.179004
0 0.375781 0.625391 0.0742188 0.133594
0 0.662891 0.309961 0.0554687 0.0925781
0 0.571094 0.200977 0.0484375 0.0742188
0 0.687891 0.705469 0.0351562 0.0859375
0 0.357031 0.623438 0.115625 0.145313
0 0.691406 0.690625 0.028125 0.0515625
0 0.0861328 0.174414 0.0289063 0.0347656
0 0.688281 0.687109 0.0367188 0.0546875
0 0.446094 0.444141 0.517188 0.539844
0 0.645703 0.312891 0.1 0.0992187
0 0.576563 0.205273 0.0625 0.0871094
0 0.564844 0.204883 0.0421875 0.071875
0 0.628906 0.614453 0.021875 0.0328125
0 0.389746 0.664062 0.108008 0.217188
0 0.601562 0.299561 0.183594 0.264941
0 0.322656 0.624219 0.188281 0.14375
0 0.0924805 0.18208 0.0410156 0.0608398
0 0.6625 0.313281 0.071875 0.10625
0 0.686719 0.727344 0.0421875 0.1375
0 0.575391 0.219141 0.0734375 0.115625
0 0.682813 0.694531 0.0515625 0.0828125
0 0.516016 0.455469 0.363281 0.565625
0 0.689844 0.71875 0.0351562 0.114063
0 0.402246 0.675781 0.137695 0.24375
0 0.0833008 0.176123 0.0431641 0.0375977
0 0.682422 0.707812 0.046875 0.096875
0 0.0876953 0.180908 0.0353516 0.0483398
0 0.629687 0.297266 0.126563 0.128906
0 0.580469 0.199023 0.0453125 0.0738281
0 0.570703 0.255078 0.254688 0.171094
0 0.627734 0.614453 0.0273438 0.040625
0 0.692187 0.691406 0.0421875 0.078125
0 0.562109 0.218555 0.0859375 0.108984
0 0.560156 0.242188 0.065625 0.163281
0 0.589844 0.20918 0.101562 0.0957031
0 0.565234 0.316211 0.261719 0.284766
0 0.556641 0.37666 0.269531 0.401367
0 0.687109 0.684375 0.0421875 0.0828125
0 0.30332 0.403906 0.0460938 0.090625
0 0.632812 0.616406 0.0289063 0.040625
0 0.391406 0.764844 0.0234375 0.0546875
0 0.303906 0.38916 0.0464844 0.0623047
0 0.10625 0.185352 0.0699219 0.0578125
0 0.657813 0.324609 0.0867188 0.133594
0 0.589063 0.204248 0.0796875 0.0852539
0 0.680859 0.735156 0.0539063 0.160938
0 0.3 0.377246 0.0367188 0.0345703
0 0.373047 0.609766 0.0867188 0.172656
0 0.674219 0.695312 0.06875 0.0984375
0 0.400391 0.741406 0.142969 0.364063
0 0.0932617 0.180029 0.0515625 0.0727539
0 0.609375 0.30625 0.173438 0.0886719
0 0.671094 0.299805 0.0640625 0.0988281
0 0.253516 0.836719 0.507031 0.159375
0 0.585156 0.226953 0.096875 0.133594
0 0.0817383 0.176953 0.0521484 0.0691406
0 0.469141 0.466016 0.021875 0.0367188
0 0.557031 0.225781 0.0570313 0.118359
0 0.628125 0.619531 0.03125 0.0578125
0 0.232373 0.625781 0.371191 0.173438
0 0.572656 0.239795 0.084375 0.16416
0 0.627344 0.608984 0.0320312 0.053125
0 0.392578 0.767969 0.0296875 0.0640625
0 0.528516 0.278174 0.342187 0.209277
0 0.390625 0.619141 0.0460938 0.141406
0 0.396094 0.767578 0.0375 0.0992187
0 0.388672 0.771875 0.0296875 0.08125
0 0.262891 0.615625 0.310156 0.14375
0 0.411719 0.577344 0.163281 0.25
0 0.636719 0.328906 0.117969 0.147656
0 0.226953 0.798438 0.453906 0.171875
0 0.373633 0.590625 0.0746094 0.153125
0 0.376953 0.650781 0.0914062 0.201563
0 0.608984 0.363867 0.171094 0.271484
0 0.608203 0.205859 0.11875 0.0871094
0 0.374414 0.699609 0.0980469 0.305469
0 0.333789 0.0713867 0.363672 0.142773
0 0.395703 0.742188 0.0476562 0.171875
0 0.664062 0.671094 0.0898438 0.15625
0 0.396094 0.773828 0.0328125 0.0789063
0 0.403125 0.763281 0.05625 0.171875
0 0.338281 0.827344 0.676562 0.182812
0 0.0848633 0.166406 0.0609375 0.0835937
0 0.864062 0.79082 0.0390625 0.0714844
0 0.492969 0.327734 0.421094 0.302344
0 0.517188 0.679688 0.38125 0.354688
0 0.25918 0.658203 0.343359 0.188281
0 0.860938 0.801562 0.028125 0.040625
0 0.675781 0.323438 0.10625 0.13125
0 0.514844 0.591406 0.401563 0.817187
0 0.651172 0.273242 0.288281 0.205078
0 0.620313 0.260938 0.142188 0.201563
0 0.375391 0.61875 0.0710938 0.149219
0 0.660156 0.308594 0.0625 0.0914062
0 0.567578 0.199414 0.0421875 0.0722656
0 0.414062 0.571484 0.144531 0.246875
0 0.564453 0.205078 0.034375 0.0605469
0 0.8625 0.8 0.034375 0.0421875
0 0.863281 0.789844 0.0390625 0.0609375
0 0.648047 0.309766 0.084375 0.101953
0 0.0851807 0.173535 0.0304199 0.0341797
0 0.575 0.20332 0.06875 0.0859375
0 0.361328 0.621094 0.0984375 0.159375
0 0.343359 0.623438 0.135937 0.148438
0 0.562109 0.216016 0.0359375 0.0484375
0 0.238086 0.615625 0.383203 0.14375
0 0.379785 0.6 0.0857422 0.198437
0 0.8625 0.79375 0.05 0.0609375
0 0.509375 0.443066 0.361719 0.541992
0 0.630469 0.6125 0.0242188 0.034375
0 0.0898438 0.175 0.0451172 0.0488281
0 0.565625 0.200586 0.0625 0.0773438
0 0.390625 0.757422 0.0234375 0.0398437
0 0.560938 0.215186 0.05625 0.0852539
0 0.0856445 0.175586 0.0474609 0.0371094
0 0.580078 0.191406 0.0453125 0.0597656
0 0.866406 0.786133 0.053125 0.0714844
0 0.451172 0.573438 0.201563 0.251563
0 0.0865234 0.180908 0.0431641 0.0522461
0 0.8625 0.799219 0.040625 0.0546875
0 0.630859 0.295703 0.117969 0.136719
0 0.46875 0.463672 0.021875 0.034375
0 0.630469 0.608203 0.0296875 0.0453125
0 0.587109 0.208203 0.0960938 0.0964844
0 0.86875 0.774219 0.059375 0.0953125
0 0.663281 0.582812 0.671875 0.834375
0 0.663672 0.290234 0.05625 0.0578125
0 0.593359 0.254639 0.0984375 0.193066
0 0.391016 0.759766 0.0289063 0.0492188
0 0.60625 0.420312 0.025 0.0375
0 0.105884 0.180273 0.0831543 0.0601563
0 0.0914062 0.175342 0.0552734 0.0625977
0 0.244531 0.584375 0.36875 0.197656
0 0.667969 0.317188 0.0796875 0.117969
0 0.0704102 0.447656 0.0267578 0.0445313
0 0.464453 0.464063 0.03125 0.0359375
0 0.610938 0.417188 0.034375 0.040625
0 0.629297 0.603125 0.0359375 0.05625
0 0.55625 0.234375 0.0515625 0.0679687
0 0.585938 0.183643 0.0382813 0.0459961
0 0.540625 0.391016 0.2875 0.438281
0 0.390234 0.74375 0.0328125 0.071875
0 0.387891 0.441406 0.621094 0.54375
0 0.694531 0.6875 0.0234375 0.0414063
0 0.300781 0.625 0.23125 0.14375
0 0.391504 0.6375 0.106055 0.19375
0 0.635156 0.608203 0.0375 0.053125
0 0.467969 0.459375 0.0296875 0.05
0 0.395313 0.758594 0.0375 0.0640625
0 0.573828 0.232617 0.0804688 0.154688
0 0.630078 0.617188 0.028125 0.0453125
0 0.0739258 0.451562 0.0320312 0.05625
0 0.585938 0.297461 0.196875 0.251953
0 0.565625 0.519434 0.478125 0.679883
0 0.519531 0.585156 0.382031 0.759375
0 0.571094 0.562109 0.028125 0.040625
0 0.572266 0.557813 0.0359375 0.053125
0 0.0693359 0.441406 0.0248047 0.0359375
0 0.688281 0.689453 0.0367188 0.0539063
0 0.668359 0.301172 0.0664062 0.0875
0 0.60625 0.210889 0.135937 0.103223
0 0.473438 0.460938 0.0328125 0.040625
0 0.588672 0.195312 0.0617188 0.0703125
0 0.227148 0.63125 0.454297 0.11875
0 0.638184 0.760742 0.648633 0.478516
0 0.525 0.314844 0.332031 0.282813
0 0.0900391 0.162305 0.0675781 0.06875
0 0.00858154 0.990625 0.0171631 0.01875
0 0.466406 0.469922 0.0328125 0.0492188
0 0.853125 0.775195 0.075 0.102734
0 0.564063 0.240625 0.071875 0.117188
0 0.510938 0.603906 0.167187 0.165625
0 0.512109 0.579688 0.189844 0.171875
0 0.84375 0.792383 0.078125 0.0746094
0 0.507812 0.406152 0.059375 0.150195
0 0.171484 0.263672 0.0207031 0.0328125
0 0.690625 0.704688 0.034375 0.0828125
0 0.519434 0.553516 0.368945 0.410156
0 0.120508 0.188721 0.0542969 0.0452148
0 0.687891 0.682031 0.0414063 0.05
0 0.564844 0.557031 0.053125 0.0578125
0 0.593359 0.252295 0.146875 0.190723
0 0.685938 0.714844 0.0453125 0.110937
0 0.473438 0.619531 0.228906 0.332813
0 0.207031 0.603125 0.414062 0.15625
0 0.628125 0.594922 0.0453125 0.0679687
0 0.233984 0.548438 0.357031 0.259375
0 0.300391 0.374219 0.0414063 0.0375
0 0.458594 0.465625 0.05 0.0421875
0 0.635938 0.35 0.115625 0.202344
0 0.635547 0.598437 0.0492188 0.0703125
0 0.65 0.320312 0.101562 0.133594
0 0.373047 0.620313 0.0726563 0.139844
0 0.660937 0.30918 0.065625 0.0925781
0 0.617188 0.260107 0.155469 0.204004
0 0.651172 0.309766 0.0757812 0.105469
0 0.567969 0.204492 0.0421875 0.0710938
0 0.571094 0.203076 0.0554687 0.0782227
0 0.564844 0.219141 0.034375 0.0492188
0 0.341211 0.622656 0.145703 0.145313
0 0.419434 0.572266 0.164258 0.249219
0 0.628906 0.297656 0.132812 0.136719
0 0.616016 0.300391 0.164844 0.277344
0 0.389453 0.623438 0.103906 0.153906
0 0.577344 0.211377 0.0734375 0.103809
0 0.861719 0.801562 0.03125 0.040625
0 0.3625 0.623438 0.1 0.152344
0 0.637109 0.314844 0.121094 0.125781
0 0.663281 0.286328 0.053125 0.0476562
0 0.372852 0.658984 0.0519531 0.0726563
0 0.565625 0.211377 0.0726563 0.0983398
0 0.373437 0.636719 0.0640625 0.113281
0 0.560156 0.215967 0.0523438 0.0868164
0 0.583594 0.186768 0.025 0.0420898
0 0.8625 0.79375 0.0359375 0.0546875
0 0.308789 0.623047 0.213672 0.141406
0 0.222266 0.621484 0.428125 0.125781
0 0.417188 0.642969 0.163281 0.195312
0 0.452344 0.575 0.210938 0.260938
0 0.660937 0.314063 0.1 0.119531
0 0.694531 0.688672 0.0234375 0.0453125
0 0.619141 0.339844 0.152344 0.198437
0 0.385938 0.435937 0.636719 0.555469
0 0.595703 0.343164 0.203906 0.363672
0 0.690625 0.704297 0.03125 0.0828125
0 0.0863037 0.175586 0.030127 0.0339844
0 0.864062 0.789062 0.046875 0.0640625
0 0.374219 0.667188 0.0625 0.075
0 0.5125 0.437109 0.374219 0.547656
0 0.586719 0.218555 0.090625 0.119922
0 0.542188 0.370313 0.309375 0.414062
0 0.372656 0.666016 0.046875 0.0523438
0 0.685547 0.725 0.046875 0.142188
0 0.44375 0.564453 0.134375 0.235156
0 0.55625 0.239063 0.05 0.0648438
0 0.689844 0.689453 0.034375 0.0546875
0 0.362891 0.626563 0.071875 0.15625
0 0.383984 0.6 0.0929688 0.189063
0 0.632422 0.310156 0.115625 0.0914062
0 0.671875 0.2875 0.0421875 0.05
0 0.641406 0.355469 0.110937 0.207031
0 0.403906 0.667969 0.146875 0.24375
0 0.8625 0.801562 0.0453125 0.0515625
0 0.365625 0.651172 0.0765625 0.145313
0 0.5625 0.248242 0.0671875 0.109766
0 0.382812 0.637109 0.0796875 0.154688
0 0.651172 0.294922 0.06875 0.0625
0 0.557813 0.313086 0.290625 0.306641
0 0.85 0.333984 0.0328125 0.0648438
0 0.664844 0.329492 0.134375 0.153516
0 0.630469 0.614062 0.0234375 0.034375
0 0 0.0892578 0 0.178516
0 0.374609 0.683594 0.0601563 0.135937
0 0.870313 0.758984 0.065625 0.130469
0 0.660156 0.322656 0.0507812 0.0796875
0 0.390625 0.758594 0.0234375 0.0421875
0 0.471875 0.467187 0.021875 0.0390625
0 0.457422 0.659375 0.238281 0.28125
0 0.0869385 0.182422 0.041748 0.0574219
0 0.226953 0.595703 0.408594 0.175781
0 0.610156 0.221924 0.13125 0.131152
0 0.659375 0.266797 0.0921875 0.192578
0 0.359375 0.606641 0.0476562 0.1125
0 0.693359 0.319531 0.169531 0.132031
0 0.479688 0.606641 0.28125 0.302344
0 0.585938 0.199414 0.075 0.0847656
0 0.669531 0.295703 0.0625 0.0726563
0 0.211719 0.657031 0.423438 0.196875
0 0.405371 0.7125 0.154883 0.339063
0 0.86875 0.784375 0.059375 0.078125
0 0.51875 0.577344 0.225 0.225
0 0.848437 0.333203 0.04375 0.0703125
0 0.59375 0.250195 0.154688 0.186719
0 0.0751953 0.452344 0.03125 0.0546875
0 0.520996 0.577344 0.40957 0.845313
0 0.0717773 0.45 0.0259766 0.0476562
0 0.621094 0.379297 0.140625 0.246875
0 0.380469 0.710938 0.0726563 0.146875
0 0.674219 0.298438 0.275 0.289062
0 0.552344 0.248828 0.04375 0.0664062
0 0.529297 0.6125 0.250781 0.214062
0 0.678125 0.727734 0.0609375 0.167969
0 0.65625 0.33457 0.05625 0.0652344
0 0.695312 0.685156 0.03125 0.0453125
0 0.0914062 0.175 0.0402344 0.0476562
0 0 0.110156 0 0.220313
0 0.348438 0.602344 0.09375 0.0992187
0 0.583203 0.188623 0.0382813 0.0540039
0 0 0.203564 0 0.233496
0 0 0.253711 0 0.233594
0 0.474609 0.471875 0.0320312 0.0546875
0 0.000292969 0.109766 0.000585938 0.219531
0 0.640625 0.325195 0.1 0.112891
0 0.683594 0.696094 0.0546875 0.121875
0 0.571484 0.247266 0.0929688 0.142578
0 0.388672 0.735156 0.0359375 0.103125
0 0 0.303516 0 0.234375
0 0 0.911719 0 0.176563
0 0.390625 0.75625 0.0296875 0.0515625
0 0 0.153125 0 0.235938
0 0.640625 0.575781 0.65625 0.848437
0 0.566406 0.264648 0.08125 0.123828
0 0 0.392285 0 0.231055
0 0.638281 0.298047 0.101562 0.0859375
0 0.871875 0.725781 0.0359375 0.059375
0 0.648047 0.258008 0.149219 0.210156
0 0.474219 0.546875 0.110937 0.201563
0 0.6875 0.273828 0.165625 0.182422
0 0.00288086 0.928906 0.00576172 0.142188
0 0.516797 0.667969 0.375781 0.31875
0 0.592188 0.189502 0.0484375 0.0608398
0 0.475 0.463281 0.03125 0.040625
0 0.684766 0.679297 0.0523438 0.0726563
0 0.275195 0.607813 0.276172 0.1625
0 0.201123 0.562109 0.371191 0.251563
0 0 0.888281 0 0.223438
0 0.658594 0.203906 0.0359375 0.0914062
0 0.732422 0.289844 0.400781 0.275781
0 0.680469 0.337109 0.351562 0.353125
0 0.245703 0.639844 0.419531 0.146094
0 0.587891 0.182227 0.0335938 0.0414063
0 0 0.754687 0 0.229687
0 0.608594 0.201953 0.125 0.0882813
0 0.432422 0.539844 0.133594 0.189063
0 0.716797 0.35083 0.482031 0.378809
0 0.518066 0.592969 0.373242 0.340625
0 0.385938 0.735938 0.05 0.0984375
0 0 0.829688 0 0.23125
0 0.476172 0.483594 0.100781 0.090625
0 0.212891 0.724219 0.421094 0.354688
0 0.846875 0.331055 0.0546875 0.0878906
0 0.0847412 0.176953 0.039502 0.0378906
0 0.463281 0.317773 0.510938 0.316797
0 0.492969 0.539844 0.135937 0.19375
0 0.617188 0.274023 0.234375 0.223828
0 0.469531 0.46875 0.0351562 0.0421875
0 0.551562 0.219922 0.0953125 0.135937
0 0.440234 0.0499512 0.528125 0.0999023
0 0.449316 0.740234 0.235742 0.386719
0 0.329297 0.597656 0.115625 0.0765625
0 0.578125 0.61875 0.1875 0.176563
0 0.318359 0 0.205469 0
0 0.60625 0.421875 0.025 0.0390625
0 0.610156 0.418359 0.034375 0.0492188
0 0.363672 0.666406 0.125781 0.2375
0 0.629687 0.615234 0.0328125 0.0453125
0 0.66875 0.355859 0.145313 0.20625
0 0.563281 0.599219 0.160938 0.139063
0 0.000292969 0.186133 0.000585938 0.286719
0 0.0101318 0.986719 0.0202637 0.0265625
0 0.472656 0.459375 0.0296875 0.0515625
0 0 0.704688 0 0.23125
0 0.00950928 0.935156 0.0190186 0.129688
0 0.312891 0.597656 0.117969 0.0695313
0 0 0.440234 0 0.2375
0 0.409766 0.346289 0.607031 0.383203
0 0.657422 0.195508 0.0304688 0.0652344
0 0.00820313 0.990625 0.0164063 0.01875
0 0 0.490723 0 0.237305
0 0.630469 0.607813 0.0296875 0.05
0 0.51416 0.0629883 0.579492 0.125977
0 0 0.615625 0 0.234375
0 0.577734 0.262891 0.110937 0.130469
0 0.560547 0.571875 0.185156 0.15625
0 0.624609 0.405566 0.182031 0.493555
0 0.40625 0.500781 0.0265625 0.0359375
0 0.648828 0.346875 0.0710938 0.0507812
0 0.554297 0.25957 0.0585938 0.108203
0 0.626563 0.408984 0.0875 0.102344
0 0.294531 0.594531 0.0796875 0.0601563
0 0.374805 0.621875 0.0753906 0.1375
0 0.617188 0.254883 0.1375 0.190234
0 0.664062 0.307813 0.059375 0.090625
0 0.571484 0.203711 0.0453125 0.0734375
0 0.624609 0.304492 0.148438 0.103516
0 0.658594 0.308008 0.0828125 0.0988281
0 0.665625 0.2875 0.0515625 0.05
0 0.34082 0.623438 0.137109 0.14375
0 0.567187 0.208984 0.034375 0.0636719
0 0.3875 0.625 0.0976562 0.149219
0 0.58125 0.197656 0.034375 0.0625
0 0.433496 0.572266 0.17207 0.257812
0 0.58125 0.202734 0.0625 0.0828125
0 0.662109 0.294141 0.0625 0.0601563
0 0.670313 0.309766 0.065625 0.108594
0 0.567187 0.215234 0.05 0.0796875
0 0.651953 0.299219 0.119531 0.1125
0 0.665234 0.310352 0.11875 0.107031
0 0.647266 0.305469 0.0914062 0.0847656
0 0.585938 0.186133 0.0335938 0.0449219
0 0.377734 0.669531 0.0578125 0.0703125
0 0.415234 0.625781 0.163281 0.153125
0 0.655469 0.256592 0.207813 0.207129
0 0.6 0.204102 0.1 0.0925781
0 0.601172 0.241016 0.113281 0.163672
0 0.376172 0.655859 0.0523438 0.0789063
0 0.464844 0.570312 0.250781 0.259375
0 0.670313 0.292969 0.0601563 0.0753906
0 0.564844 0.204297 0.0851563 0.117969
0 0.376172 0.663281 0.046875 0.0554687
0 0.432813 0.439941 0.494531 0.556055
0 0.640625 0.323242 0.142188 0.140234
0 0.691797 0.685938 0.0273438 0.0453125
0 0.313281 0.625781 0.19375 0.15
0 0.471875 0.465625 0.0273438 0.04375
0 0.465625 0.566016 0.164062 0.252344
0 0.376953 0.634375 0.05625 0.117969
0 0.518359 0.440527 0.374219 0.56582
0 0.688281 0.308203 0.153125 0.103906
0 0.674219 0.296484 0.196094 0.122266
0 0.688672 0.686719 0.0359375 0.05625
0 0.444922 0.548438 0.127344 0.215625
0 0.610938 0.211523 0.13125 0.110156
0 0.670313 0.282617 0.3375 0.256641
0 0.377344 0.435937 0.348438 0.5625
0 0.582031 0.194727 0.046875 0.0652344
0 0.686328 0.699609 0.0445313 0.0828125
0 0.476172 0.468359 0.0398437 0.0578125
0 0.544922 0.300195 0.35 0.291016
0 0.436621 0.640625 0.20957 0.182812
0 0.310156 0.433594 0.359375 0.567187
0 0.264844 0.614844 0.298438 0.15
0 0.590234 0.24668 0.170313 0.179688
0 0.514453 0.34375 0.424219 0.375
0 0.749219 0.268945 0.415625 0.235547
0 0.560938 0.219336 0.0679687 0.109766
0 0.401465 0.53584 0.156445 0.345508
0 0.377734 0.657031 0.0726563 0.090625
0 0.382422 0.703906 0.0695313 0.14375
0 0.671094 0.322266 0.170313 0.1375
0 0.640234 0.316016 0.117188 0.107813
0 0.385254 0.652344 0.0701172 0.126563
0 0.629687 0.610156 0.0265625 0.040625
0 0.594531 0.191992 0.046875 0.0652344
0 0.356641 0.426563 0.7 0.591406
0 0.588281 0.401172 0.335938 0.519531
0 0.387109 0.585938 0.101562 0.226562
0 0.504785 0.594922 0.338867 0.202344
0 0.434766 0.542969 0.14375 0.310937
0 0.474609 0.517188 0.123438 0.154688
0 0.517285 0.270264 0.44043 0.23291
0 0.376953 0.675391 0.0875 0.128906
0 0.388672 0.75625 0.0242188 0.0421875
0 0.519922 0.56875 0.366406 0.320312
0 0.567969 0.233594 0.071875 0.0882813
0 0.372266 0.622266 0.0789063 0.135937
0 0.662109 0.30625 0.0609375 0.0875
0 0.575391 0.202539 0.0578125 0.0742188
0 0.610547 0.238086 0.127344 0.153516
0 0.567969 0.214258 0.0375 0.0578125
0 0.621094 0.255469 0.146875 0.179688
0 0.387402 0.630469 0.106445 0.151562
0 0.584766 0.192627 0.03125 0.0530273
0 0.564844 0.223633 0.0375 0.0488281
0 0.664844 0.288281 0.0515625 0.0507812
0 0.624219 0.294141 0.14375 0.1125
0 0.564063 0.229297 0.0484375 0.0609375
0 0.334766 0.623438 0.148438 0.140625
0 0.639844 0.304688 0.103125 0.0898438
0 0.607813 0.218555 0.122656 0.110937
0 0.402246 0.652344 0.14082 0.201563
0 0.589453 0.183154 0.0320312 0.0391602
0 0.564063 0.207227 0.0765625 0.105469
0 0.374414 0.660937 0.0496094 0.0625
0 0.375781 0.670313 0.059375 0.090625
0 0.571875 0.219531 0.0578125 0.0742188
0 0.578906 0.209375 0.0703125 0.0917969
0 0.557813 0.229687 0.0617188 0.0890625
0 0.382715 0.663281 0.108008 0.221875
0 0.653906 0.311328 0.084375 0.101562
0 0.586719 0.192188 0.0390625 0.0613281
0 0.411328 0.623828 0.165625 0.149219
0 0.670313 0.298828 0.0640625 0.1
0 0.653906 0.301563 0.146094 0.107031
0 0.371094 0.596094 0.08125 0.084375
0 0.374609 0.652344 0.05625 0.096875
0 0.435254 0.669922 0.20918 0.236719
0 0.566406 0.237891 0.0640625 0.0734375
0 0.66875 0.254492 0.235938 0.199609
0 0.430469 0.58125 0.201563 0.2375
0 0.588672 0.202148 0.0820312 0.0855469
0 0.346484 0.598437 0.11875 0.0765625
0 0.597656 0.183789 0.04375 0.0441406
0 0.317383 0.599219 0.155859 0.0734375
0 0.671875 0.292188 0.0585938 0.0710938
0 0.308594 0.626563 0.205469 0.151562
0 0.250977 0.609375 0.324609 0.123438
0 0.59375 0.195703 0.0570313 0.0703125
0 0.586328 0.231592 0.19375 0.146973
0 0.357031 0.661719 0.121875 0.217188
0 0.506348 0.427246 0.387305 0.54707
0 0.372656 0.61875 0.0859375 0.148438
0 0.617188 0.247656 0.148438 0.174609
0 0.664062 0.308594 0.0609375 0.0898438
0 0.436719 0.570312 0.210938 0.270313
0 0.425879 0.430859 0.566992 0.561719
0 0.576563 0.202344 0.0609375 0.0726563
0 0.384277 0.640625 0.101758 0.194531
0 0.620703 0.294727 0.155469 0.273047
0 0.665234 0.289062 0.0570313 0.0523438
0 0.404687 0.569922 0.150781 0.260156
0 0.475879 0.570703 0.295117 0.277344
0 0.387402 0.575781 0.10957 0.242188
0 0.646094 0.257812 0.121875 0.204297
0 0.566406 0.21875 0.0359375 0.0476562
0 0.394141 0.659766 0.122656 0.232031
0 0.343555 0.622656 0.143359 0.145313
0 0.560938 0.213672 0.084375 0.09375
0 0.560156 0.212305 0.0609375 0.0859375
0 0.616797 0.375781 0.167969 0.446094
0 0.659375 0.317969 0.096875 0.2375
0 0.394141 0.561719 0.246094 0.289062
0 0.375391 0.670313 0.0570313 0.0765625
0 0.5875 0.193018 0.040625 0.0530273
0 0.41416 0.604688 0.166992 0.196875
0 0.641406 0.339844 0.114063 0.239844
0 0.652344 0.316406 0.090625 0.107813
0 0.644922 0.30625 0.0890625 0.0847656
0 0.5625 0.229687 0.0492188 0.0632813
0 0.651953 0.294922 0.0742188 0.0660156
0 0.415723 0.672656 0.163867 0.25625
0 0.588281 0.202734 0.0945313 0.0917969
0 0.575 0.209717 0.05 0.0719727
0 0.389844 0.710938 0.110156 0.33125
0 0.373633 0.664062 0.0472656 0.0546875
0 0.657031 0.354492 0.104688 0.208203
0 0.372656 0.673047 0.0976562 0.253906
0 0.373047 0.6 0.0789063 0.096875
0 0.379688 0.701563 0.0648438 0.151562
0 0.00786133 0.985156 0.0157227 0.0296875
0 0.4875 0.348242 0.45 0.383203
0 0.317188 0.617188 0.196094 0.140625
0 0.371875 0.678125 0.0640625 0.11875
0 0.00750732 0.990625 0.0150146 0.01875
0 0.513672 0.597266 0.372656 0.324219
0 0.609375 0.214795 0.132812 0.117285
0 0.573828 0.214502 0.059375 0.0866211
0 0.342578 0.544922 0.24375 0.324219
0 0.590625 0.184961 0.0375 0.0398437
0 0.555078 0.229687 0.05625 0.0945313
0 0.388965 0.763281 0.0314453 0.05625
0 0.00938721 0.945312 0.0187744 0.109375
0 0.677734 0.259033 0.189844 0.212402
0 0.580469 0.213232 0.0796875 0.103223
0 0.373633 0.621875 0.0824219 0.146094
0 0.611719 0.249805 0.123438 0.178516
0 0.666406 0.308789 0.0609375 0.0925781
0 0.434766 0.570312 0.198437 0.273438
0 0.51416 0.478516 0.379492 0.627344
0 0.579688 0.200781 0.0578125 0.075
0 0.630469 0.261719 0.141406 0.199219
0 0.56875 0.202344 0.0359375 0.0738281
0 0.639844 0.30918 0.123438 0.108203
0 0.387109 0.644531 0.103125 0.195312
0 0.586719 0.202002 0.084375 0.0858398
0 0.661719 0.310937 0.0828125 0.103906
0 0.649219 0.324805 0.104688 0.133984
0 0.660156 0.287891 0.09375 0.144531
0 0.567578 0.209375 0.0484375 0.0914062
0 0.665625 0.288672 0.059375 0.0515625
0 0.626172 0.325586 0.154688 0.228516
0 0.398047 0.660156 0.130469 0.234375
0 0.421875 0.666406 0.175781 0.248438
0 0.646875 0.347656 0.110937 0.183594
0 0.605859 0.205078 0.119531 0.0878906
0 0.386328 0.610156 0.1 0.182812
0 0.417188 0.61875 0.165625 0.174219
0 0.576953 0.212549 0.0640625 0.101465
0 0.348047 0.623438 0.132031 0.151562
0 0.404785 0.569531 0.14043 0.267188
0 0.5875 0.190967 0.0335938 0.0493164
0 0.548438 0.377344 0.323438 0.445312
0 0.678906 0.730469 0.0546875 0.1375
0 0.478906 0.586719 0.2875 0.254688
0 0.513965 0.324414 0.386133 0.323828
0 0.651563 0.298828 0.071875 0.0773438
0 0.605469 0.199609 0.090625 0.0769531
0 0.604297 0.318359 0.274219 0.308594
0 0.617578 0.320898 0.166406 0.311328
0 0.473828 0.646094 0.271094 0.24375
0 0.559375 0.209717 0.05625 0.106348
0 0.434375 0.448047 0.545313 0.569531
0 0.686328 0.310742 0.13125 0.106641
0 0.685156 0.716406 0.046875 0.109375
0 0.697656 0.327344 0.165625 0.139844
0 0.592969 0.241748 0.165625 0.166504
0 0.590234 0.183594 0.0320312 0.0371094
0 0.628906 0.373047 0.142188 0.257031
0 0.689453 0.684375 0.0320312 0.0460938
0 0.623438 0.202734 0.1 0.0851563
0 0.694531 0.684766 0.0234375 0.0398437
0 0.653125 0.287891 0.0625 0.053125
0 0.560156 0.590625 0.06875 0.0890625
0 0.56875 0.227734 0.065625 0.115625
0 0.375781 0.539941 0.111719 0.349805
0 0.685938 0.7 0.0421875 0.075
0 0.507715 0.521191 0.351758 0.407617
0 0.366016 0.621094 0.0890625 0.139063
0 0.662891 0.308789 0.0632813 0.0929688
0 0.607813 0.253076 0.151562 0.184473
0 0.619141 0.283594 0.155469 0.155469
0 0.661719 0.289062 0.0617188 0.0484375
0 0.576563 0.199609 0.059375 0.0722656
0 0.565234 0.201904 0.0367188 0.0711914
0 0.651172 0.311719 0.0921875 0.0980469
0 0.621094 0.312305 0.15 0.101172
0 0.560156 0.20957 0.04375 0.0695313
0 0.504297 0.475684 0.396094 0.664258
0 0.558203 0.223828 0.04375 0.0625
0 0.554688 0.230469 0.0515625 0.0757812
0 0.557422 0.216406 0.0585938 0.107031
0 0.582031 0.201367 0.08125 0.0785156
0 0.570703 0.20918 0.0734375 0.096875
0 0.578125 0.242773 0.0953125 0.163281
0 0.397656 0.642969 0.15 0.189063
0 0.421875 0.665625 0.201563 0.242188
0 0.611328 0.351562 0.167969 0.19375
0 0.630469 0.305078 0.325 0.297656
0 0.660937 0.318359 0.103125 0.115625
0 0.6 0.274219 0.189063 0.216406
0 0.599219 0.203711 0.13125 0.0839844
0 0.527344 0.307422 0.405469 0.303906
0 0.571094 0.223389 0.0890625 0.12666
0 0.652734 0.274414 0.335156 0.232422
0 0.642188 0.339063 0.1125 0.1625
0 0.551562 0.238672 0.0453125 0.065625
0 0.487598 0.689063 0.341992 0.296875
0 0.410156 0.602344 0.178906 0.198437
0 0.381152 0.667188 0.145508 0.24375
0 0.574219 0.342236 0.309375 0.37334
0 0.344922 0.619922 0.129688 0.15
0 0.321094 0.611719 0.171875 0.161719
0 0.66875 0.298828 0.065625 0.0757812
0 0.440234 0.590625 0.235938 0.221875
0 0.651563 0.296094 0.071875 0.0632813
0 0.582812 0.214844 0.0984375 0.109375
0 0.430078 0.448828 0.566406 0.607813
0 0.596875 0.198389 0.08125 0.0711914
0 0.579297 0.273096 0.435156 0.23584
0 0.55 0.234375 0.0671875 0.0921875
0 0.389062 0.757812 0.0234375 0.0359375
0 0.576563 0.251563 0.167187 0.1875
0 0.552734 0.222217 0.084375 0.122754
0 0.665625 0.340234 0.141406 0.164844
0 0.408594 0.707031 0.185156 0.317188
0 0.689063 0.309375 0.167969 0.100781
0 0.550781 0.260156 0.28125 0.204297
0 0.700391 0.331055 0.197656 0.145703
0 0.471191 0.603125 0.30918 0.198437
0 0.663672 0.258984 0.210156 0.199609
0 0.367773 0.623047 0.0886719 0.152344
0 0.508496 0.4375 0.387695 0.572656
0 0.663281 0.310156 0.0625 0.09375
0 0.602344 0.267383 0.190625 0.216797
0 0.410938 0.56875 0.173438 0.271875
0 0.572656 0.20083 0.053125 0.0749023
0 0.566406 0.204346 0.0484375 0.0858398
0 0.425781 0.433984 0.575781 0.566406
0 0.604688 0.309766 0.185938 0.308594
0 0.0851807 0.175195 0.0300293 0.0371094
0 0.664844 0.289258 0.059375 0.0539063
0 0.570312 0.210352 0.06875 0.0988281
0 0.586719 0.202148 0.0875 0.0816406
0 0.104126 0.187695 0.0718262 0.0632813
0 0.508594 0.345898 0.379688 0.380078
0 0.0998047 0.184033 0.0949219 0.0647461
0 0.560938 0.217188 0.0640625 0.111328
0 0.089624 0.18667 0.0437988 0.0711914
0 0.0205078 0.150586 0.0291992 0.0550781
0 0.38291 0.641406 0.112305 0.195312
0 0.554688 0.324658 0.303125 0.339746
0 0.463281 0.572266 0.275781 0.272656
0 0.592969 0.304639 0.269531 0.304785
0 0.614062 0.203711 0.123438 0.084375
0 0.374023 0.606641 0.0996094 0.196094
0 0.347656 0.622656 0.13125 0.157813
0 0.641406 0.261133 0.117188 0.212891
0 0.624219 0.329688 0.148438 0.271094
0 0.372852 0.669141 0.117578 0.250781
0 0.582812 0.197705 0.0375 0.0639648
0 0.400391 0.671484 0.158594 0.257031
0 0.641406 0.357812 0.115625 0.204688
0 0.322656 0.614844 0.167187 0.178125
0 0.572656 0.227393 0.0835937 0.135059
0 0.611328 0.378809 0.167969 0.267383
0 0.511816 0.545703 0.381055 0.496094
0 0.555469 0.231641 0.05 0.0828125
0 0.642969 0.313867 0.115625 0.183203
0 0.357031 0.425391 0.714063 0.580469
0 0.604688 0.210938 0.146094 0.111328
0 0.632812 0.288867 0.342187 0.265234
0 0.663281 0.27793 0.065625 0.0914062
0 0.389062 0.753125 0.0265625 0.0484375
0 0.670703 0.297852 0.0609375 0.100391
0 0.381152 0.564063 0.12832 0.278125
0 0.377344 0.710156 0.128125 0.329688
0 0.505078 0.586719 0.372656 0.323438
0 0.0859375 0.173633 0.0390625 0.0476562
0 0.123828 0.193555 0.0421875 0.0484375
0 0.390625 0.759375 0.025 0.0421875
0 0.384375 0.739453 0.0398437 0.0757812
0 0.553125 0.23125 0.09375 0.146875
0 0.438379 0.635156 0.22793 0.257812
0 0.479004 0.622266 0.31543 0.347656
0 0.555859 0.287451 0.355469 0.266504
0 0.651172 0.30293 0.08125 0.0785156
0 0.576563 0.246143 0.173438 0.17334
0 0.606641 0.198633 0.0945313 0.0742188
0 0.594531 0.404687 0.198437 0.355469
0 0.403906 0.715625 0.169531 0.339063
0 0.657813 0.318359 0.0796875 0.109375
0 0.622266 0.412598 0.146875 0.341992
0 0.118164 0.19375 0.0574219 0.0546875
0 0.0708984 0.448828 0.0289063 0.04375
0 0.0790771 0.190576 0.139893 0.135254
0 0.412109 0.6375 0.177344 0.209375
0 0.0182617 0.150586 0.0363281 0.08125
0 0.662891 0.291406 0.0710938 0.132031
0 0.372266 0.589844 0.0898438 0.117188
0 0.373047 0.674219 0.0617188 0.110156
0 0.359375 0.732813 0.114844 0.38125
0 0.080957 0.177734 0.05 0.0703125
0 0.299805 0.376172 0.0457031 0.05
0 0.26582 0.612891 0.288672 0.18125
0 0.371094 0.621094 0.0898438 0.145313
0 0.6125 0.261914 0.167187 0.200391
0 0.506152 0.440234 0.383008 0.544531
0 0.607031 0.29707 0.179688 0.274609
0 0.662109 0.309375 0.0640625 0.0882813
0 0.418359 0.570703 0.177344 0.24375
0 0.574219 0.201611 0.0570313 0.0686523
0 0.422656 0.439453 0.559375 0.553906
0 0.564844 0.207764 0.0570313 0.0805664
0 0.458691 0.569531 0.25918 0.242188
0 0.571094 0.212061 0.071875 0.0985352
0 0.6 0.203906 0.145313 0.0800781
0 0.584375 0.207422 0.0929688 0.09375
0 0.105273 0.188867 0.084375 0.0648438
0 0.0890625 0.178564 0.0353516 0.0428711
0 0.603125 0.343945 0.184375 0.235547
0 0.102441 0.187451 0.0607422 0.0711914
0 0.0212402 0.150684 0.0292969 0.0568359
0 0.0865479 0.171777 0.0280762 0.0322266
0 0.664844 0.288672 0.059375 0.053125
0 0.575 0.328711 0.246875 0.337891
0 0.344531 0.623047 0.147656 0.149219
0 0.558594 0.217236 0.0546875 0.0983398
0 0.383984 0.599219 0.1125 0.190625
0 0.571875 0.224023 0.0828125 0.126953
0 0.56875 0.401172 0.259375 0.478906
0 0.391406 0.753906 0.025 0.0421875
0 0 0.0994141 0 0.198828
0 0.594531 0.200781 0.0960938 0.0703125
0 0.388281 0.754687 0.0210938 0.0375
0 0.665234 0.280859 0.0617188 0.0976562
0 0 0.215674 0 0.24834
0 0.622266 0.358789 0.146094 0.212891
0 0.0010498 0.11875 0.00209961 0.2375
0 0.0705078 0.44375 0.0246094 0.0390625
0 0 0.264062 0 0.251563
0 0.557031 0.241602 0.05 0.0539063
0 0.6625 0.28125 0.0671875 0.130469
0 0.0725586 0.450391 0.0302734 0.0546875
0 0.0179687 0.150586 0.0344727 0.0871094
0 0 0.126563 0 0.253125
0 0.30625 0.610938 0.214062 0.173438
0 0.635938 0.293164 0.126563 0.167578
0 0.585938 0.198096 0.04375 0.0639648
0 0.639844 0.341797 0.117188 0.174219
0 0.653906 0.313867 0.0835937 0.100391
0 0.390234 0.745313 0.0320312 0.059375
0 0.647266 0.304688 0.0921875 0.0789063
0 0.000756836 0.218164 0.00151367 0.323047
0 0.371484 0.598437 0.0859375 0.125781
0 0 0.177539 0 0.258984
0 0.126074 0.193359 0.0363281 0.0472656
0 0 0.313086 0 0.256641
0 0.248633 0.609375 0.346484 0.175
0 0.00415039 0.141992 0.00830078 0.283984
0 0 0.376465 0 0.248633
0 0.371094 0.662891 0.0476562 0.0554687
0 0.670313 0.301953 0.0601563 0.0988281
0 0.394141 0.750781 0.03125 0.0515625
0 0.553125 0.287305 0.301563 0.257422
0 0.506934 0.572266 0.368945 0.246094
0 0.350391 0.43125 0.700781 0.560938
0 0.00412598 0.175391 0.00825195 0.307031
0 0 0.752344 0 0.248438
0 0.517578 0.312549 0.363281 0.305371
0 0.601562 0.223877 0.160938 0.124121
0 0.583594 0.365234 0.221875 0.226562
0 0.0841553 0.173926 0.0387207 0.0376953
0 0.38125 0.714063 0.0648438 0.126563
0 0.60625 0.393848 0.178125 0.29043
0 0.596875 0.285547 0.20625 0.0851563
0 0 0.701563 0 0.25
0 0 0.426465 0 0.24707
0 0.374023 0.669141 0.0613281 0.0742188
0 0.0792725 0.190039 0.141846 0.135937
0 0.571875 0.261914 0.248438 0.207031
0 0.371094 0.619531 0.08125 0.145313
0 0.660156 0.308594 0.0625 0.0898438
0 0.574219 0.199805 0.0578125 0.0691406
0 0.615625 0.263086 0.153125 0.210547
0 0.567969 0.205469 0.0421875 0.059375
0 0.6625 0.293555 0.0578125 0.0621094
0 0.652344 0.296875 0.084375 0.124219
0 0.576953 0.204688 0.06875 0.0855469
0 0.607031 0.289795 0.179688 0.256348
0 0.621094 0.313281 0.142969 0.130469
0 0.563672 0.213086 0.0523438 0.0777344
0 0.369922 0.599219 0.08125 0.103125
0 0.649609 0.320898 0.090625 0.130859
0 0.338086 0.617188 0.145703 0.154688
0 0.609375 0.335547 0.1625 0.247656
0 0.504687 0.438672 0.371875 0.549219
0 0.621094 0.349805 0.140625 0.198047
0 0.559766 0.212451 0.0570313 0.0969727
0 0.585938 0.203076 0.0984375 0.0821289
0 0.585547 0.19917 0.0359375 0.0657227
0 0.639453 0.340039 0.108594 0.173047
0 0.653516 0.297656 0.0726563 0.0742188
0 0.575781 0.437109 0.235938 0.567187
0 0.567187 0.217188 0.071875 0.114453
0 0.578516 0.360938 0.227344 0.401563
0 0.362891 0.585938 0.0617188 0.075
0 0.582422 0.308203 0.221094 0.285156
0 0.37168 0.580469 0.0863281 0.14375
0 0.669531 0.303125 0.0640625 0.0957031
0 0.541797 0.624219 0.0359375 0.053125
0 0.353906 0.589844 0.0523438 0.08125
0 0.604688 0.209814 0.154688 0.105371
0 0.55625 0.242969 0.046875 0.0382813
0 0.362695 0.591406 0.0855469 0.078125
0 0.305859 0.615625 0.210938 0.159375
0 0.34082 0.592188 0.0980469 0.08125
0 0.544531 0.625391 0.028125 0.046875
0 0.637109 0.294727 0.120313 0.0789063
0 0.578906 0.248242 0.0875 0.171094
0 0.526563 0.592188 0.0984375 0.125781
0 0.386719 0.617969 0.109375 0.164844
0 0.540625 0.617188 0.04375 0.0609375
0 0.557031 0.232813 0.053125 0.071875
0 0.6625 0.264893 0.0742188 0.197559
0 0.616016 0.275391 0.171094 0.132812
0 0.547656 0.296826 0.298438 0.283691
0 0.568359 0.256445 0.244531 0.202344
0 0.37168 0.622656 0.0816406 0.148438
0 0.663281 0.308984 0.0625 0.090625
0 0.573438 0.200586 0.05 0.0679687
0 0.622266 0.252344 0.153906 0.178516
0 0.56875 0.207813 0.0484375 0.0742188
0 0.563281 0.21875 0.05 0.0757812
0 0.555469 0.235938 0.0453125 0.0515625
0 0.664844 0.292578 0.0609375 0.0578125
0 0.561719 0.230078 0.0601563 0.0652344
0 0.582422 0.194727 0.03125 0.0554687
0 0.567187 0.211133 0.071875 0.0980469
0 0.553125 0.243945 0.0421875 0.0386719
0 0.577344 0.203906 0.0640625 0.084375
0 0.617188 0.288477 0.160938 0.258203
0 0.343359 0.621484 0.142188 0.153906
0 0.664844 0.289453 0.0671875 0.075
0 0.622656 0.303711 0.15 0.170703
0 0.586719 0.191211 0.034375 0.0503906
0 0.375391 0.600781 0.0875 0.134375
0 0.514063 0.442188 0.392188 0.557813
0 0.389453 0.756641 0.0257812 0.0367188
0 0.607031 0.202344 0.125 0.0820312
0 0.653906 0.300586 0.0875 0.0769531
0 0.694922 0.686328 0.0226563 0.0421875
0 0.584375 0.443359 0.248438 0.567969
0 0.673047 0.308984 0.04375 0.0867188
0 0.622266 0.345313 0.150781 0.200781
0 0.644531 0.312109 0.110937 0.111328
0 0.542578 0.628906 0.0257812 0.040625
0 0.608594 0.19917 0.0828125 0.0704102
0 0.55625 0.21582 0.075 0.105078
0 0.574219 0.191406 0.0640625 0.121875
0 0.589063 0.19043 0.0453125 0.0574219
0 0.611719 0.209961 0.1375 0.108594
0 0.670313 0.298828 0.059375 0.0742188
0 0.514844 0.360938 0.0328125 0.0390625
0 0.376953 0.710938 0.0578125 0.096875
0 0.594531 0.308398 0.24375 0.295703
0 0.514453 0.359375 0.040625 0.0460938
0 0.375 0.669531 0.0578125 0.071875
0 0.553906 0.242773 0.0546875 0.05
0 0.646094 0.285547 0.114063 0.13125
0 0.689063 0.685938 0.0328125 0.0492188
0 0.664062 0.263721 0.075 0.207715
0 0.360547 0.628906 0.107031 0.164062
0 0.376563 0.575 0.0921875 0.171875
0 0.520703 0.361719 0.034375 0.0398437
0 0.594531 0.239502 0.110937 0.153809
0 0.384473 0.719531 0.0435547 0.0953125
0 0.364844 0.592578 0.0898438 0.0804688
0 0.698828 0.684375 0.0226563 0.04375
0 0.596875 0.26333 0.202344 0.206152
0 0.389453 0.744141 0.0304688 0.0585938
0 0.0857422 0.172559 0.0279297 0.0333984
0 0.553125 0.319531 0.307813 0.31875
0 0.663281 0.257764 0.0578125 0.183691
0 0.629687 0.292969 0.15 0.0609375
0 0.552344 0.248828 0.046875 0.0539063
0 0.378516 0.682813 0.0523438 0.0984375
0 0.694531 0.691797 0.0273438 0.0554687
0 0.340234 0.592188 0.0929688 0.078125
0 0.0203613 0.14668 0.027832 0.0507812
0 0.630078 0.194336 0.0921875 0.120313
0 0.641797 0.300195 0.117188 0.0679687
0 0.541016 0.619531 0.0421875 0.0578125
0 0.340625 0.593359 0.15 0.219531
0 0.357031 0.593359 0.0570313 0.0851563
0 0.372461 0.664453 0.0433594 0.0523438
0 0.366406 0.59375 0.0953125 0.109375
0 0.338867 0.578516 0.115234 0.117969
0 0.38291 0.732813 0.0513672 0.0828125
0 0 0.0832031 0 0.166406
0 0.344141 0.589844 0.0945313 0.104688
0 0.378516 0.571875 0.100781 0.257812
0 0.391504 0.635938 0.116992 0.179688
0 0.411719 0.569531 0.160938 0.2625
0 0.626563 0.369531 0.221875 0.415625
0 0.685156 0.678906 0.05 0.0625
0 0.511328 0.365625 0.0445313 0.0515625
0 0.369141 0.628125 0.078125 0.135156
0 0.615625 0.246436 0.145313 0.171191
0 0.661328 0.294141 0.0570313 0.059375
0 0.662109 0.307813 0.0601563 0.0878906
0 0.573438 0.200195 0.0484375 0.0695313
0 0.567187 0.209766 0.04375 0.065625
0 0.560938 0.216406 0.0453125 0.0769531
0 0.371484 0.652344 0.0820312 0.189063
0 0.564453 0.212939 0.065625 0.0928711
0 0.689844 0.684766 0.0234375 0.0445313
0 0.557813 0.228906 0.053125 0.0710938
0 0.66875 0.308984 0.040625 0.084375
0 0.686719 0.684375 0.0328125 0.0484375
0 0.660937 0.285547 0.0609375 0.0539063
0 0.551172 0.242578 0.0390625 0.0445313
0 0.0845703 0.173047 0.0263672 0.0347656
0 0.615234 0.287109 0.149219 0.264844
0 0.653125 0.297461 0.06875 0.0675781
0 0.582812 0.187695 0.0296875 0.04375
0 0.355469 0.616016 0.108594 0.152344
0 0.572656 0.205518 0.0578125 0.0842773
0 0.37207 0.601562 0.0878906 0.151562
0 0.682813 0.684375 0.0421875 0.05625
0 0.506348 0.484766 0.399805 0.652344
0 0.589844 0.269141 0.2 0.219531
0 0.0849854 0.172656 0.032373 0.04375
0 0.089624 0.180469 0.0379395 0.0617188
0 0.58125 0.195117 0.05 0.0714844
0 0.692969 0.685156 0.03125 0.05
0 0.359375 0.663672 0.0921875 0.216406
0 0.583203 0.240039 0.1 0.157813
0 0.372656 0.667188 0.05625 0.0796875
0 0.575781 0.199658 0.0671875 0.109277
0 0.594531 0.315039 0.196094 0.311328
0 0.649219 0.288867 0.0890625 0.135547
0 0.586719 0.186377 0.0390625 0.0506836
0 0.366211 0.603125 0.0800781 0.101562
0 0.382812 0.673828 0.0984375 0.239844
0 0.675391 0.676562 0.0625 0.071875
0 0.371875 0.6625 0.040625 0.053125
0 0.343359 0.633594 0.128125 0.176563
0 0.593359 0.195898 0.0515625 0.0667969
0 0.592578 0.203516 0.0882813 0.084375
0 0.636719 0.290625 0.114844 0.06875
0 0.542969 0.368359 0.315625 0.422656
0 0.585938 0.337891 0.254688 0.364844
0 0.683594 0.671875 0.046875 0.0625
0 0.395703 0.486328 0.646875 0.664844
0 0.511719 0.358984 0.03125 0.0398437
0 0.401563 0.669141 0.1375 0.224219
0 0.608594 0.214453 0.125 0.110937
0 0.6625 0.269336 0.071875 0.176953
0 0.554297 0.218359 0.06875 0.103906
0 0.642578 0.297852 0.0976562 0.0664062
0 0.0793213 0.17168 0.0487793 0.0605469
0 0.0746094 0.452344 0.0318359 0.0570313
0 0.641016 0.337891 0.104688 0.167969
0 0.685156 0.697656 0.04375 0.075
0 0.580469 0.459375 0.259375 0.610938
0 0.630469 0.3125 0.121875 0.139844
0 0.616406 0.306641 0.304688 0.300781
0 0.571094 0.189014 0.06875 0.143066
0 0.541016 0.628906 0.021875 0.0390625
0 0.612891 0.195361 0.0992187 0.0889648
0 0.368359 0.676953 0.0835937 0.269531
0 0.376172 0.605078 0.0710938 0.0898438
0 0.0797852 0.161523 0.0728516 0.0808594
0 0.652344 0.312891 0.075 0.10625
0 0.0199463 0.143164 0.026709 0.0464844
0 0.375098 0.680078 0.454492 0.380469
0 0.671484 0.290625 0.0523438 0.0609375
0 0.55 0.243359 0.0453125 0.05625
0 0.669141 0.664062 0.084375 0.096875
0 0.175391 0.266602 0.0351562 0.0394531
0 0.129297 0.196875 0.0273438 0.0351562
0 0.375684 0.714844 0.0517578 0.0976562
0 0.661719 0.308594 0.059375 0.0914062
0 0.37168 0.624609 0.0839844 0.142969
0 0.574219 0.202002 0.0492188 0.0725586
0 0.619531 0.257861 0.146875 0.200684
0 0.566406 0.213672 0.0328125 0.0492188
0 0.6625 0.291016 0.0578125 0.0554687
0 0.564844 0.221484 0.0328125 0.0382813
0 0.690625 0.683594 0.0296875 0.0484375
0 0.578125 0.207227 0.059375 0.0875
0 0.555078 0.230859 0.046875 0.0511719
0 0.670313 0.311719 0.0375 0.0867188
0 0.6875 0.682813 0.0390625 0.053125
0 0.388672 0.755469 0.0242188 0.0375
0 0.557031 0.215234 0.0476562 0.0773438
0 0.551562 0.242188 0.040625 0.0421875
0 0.582031 0.195703 0.0328125 0.0585938
0 0.0855713 0.174219 0.0284668 0.0355469
0 0.546875 0.246484 0.0328125 0.0414063
0 0.542969 0.632812 0.0226563 0.0375
0 0.511328 0.358789 0.03125 0.0410156
0 0.561719 0.225781 0.0515625 0.0554687
0 0.655469 0.29668 0.0625 0.0675781
0 0.50625 0.358594 0.025 0.0398437
0 0.685938 0.673047 0.046875 0.0664062
0 0.585938 0.188281 0.0359375 0.0464844
0 0.525391 0.359766 0.0273438 0.0414063
0 0.46875 0.471484 0.0234375 0.0390625
0 0.538672 0.628906 0.025 0.0421875
0 0.471484 0.475781 0.0296875 0.0484375
0 0.390625 0.741406 0.0265625 0.0625
0 0.0726563 0.450781 0.0357422 0.0539063
0 0.541406 0.621094 0.03125 0.053125
0 0.376172 0.65625 0.0914062 0.219531
0 0.545313 0.630078 0.0296875 0.0414063
0 0.679688 0.673047 0.0609375 0.0757812
0 0.0892334 0.180859 0.0391113 0.0585938
0 0.65625 0.270703 0.0765625 0.178125
0 0.345313 0.624219 0.142188 0.146875
0 0.567969 0.210596 0.0609375 0.0944336
0 0.528125 0.362109 0.0203125 0.0421875
0 0.589453 0.237549 0.0984375 0.155371
0 0.509375 0.496484 0.377344 0.672656
0 0.55 0.248828 0.04375 0.0585938
0 0.372266 0.601562 0.0945313 0.195312
0 0.373047 0.671875 0.0546875 0.0820312
0 0.546875 0.625 0.0359375 0.0523438
0 0.586328 0.211279 0.0789063 0.0977539
0 0.372266 0.6625 0.04375 0.0546875
0 0.472656 0.476562 0.0421875 0.0546875
0 0.475 0.471484 0.0328125 0.0429688
0 0.372266 0.65 0.0632813 0.08125
0 0.690234 0.696875 0.0414063 0.0773438
0 0.652344 0.307422 0.078125 0.107813
0 0.557031 0.597656 0.0578125 0.1
0 0.38916 0.763281 0.0326172 0.05
0 0.0851563 0.173438 0.0376953 0.0460938
0 0.591406 0.196436 0.046875 0.0665039
0 0.628906 0.611719 0.0234375 0.0375
0 0.664062 0.271484 0.0710938 0.117188
0 0.669531 0.295312 0.0609375 0.0726563
0 0.535156 0.620313 0.0390625 0.053125
0 0.588281 0.201367 0.0578125 0.0777344
0 0.684375 0.689844 0.046875 0.08125
0 0.541406 0.360742 0.0203125 0.0425781
0 0.375781 0.632812 0.0640625 0.120313
0 0.536719 0.625 0.0304688 0.046875
0 0.507422 0.363477 0.0390625 0.0511719
0 0.177148 0.267578 0.0382813 0.040625
0 0.380859 0.692969 0.0476562 0.153125
0 0.392969 0.755078 0.03125 0.0414063
0 0.660937 0.319336 0.0703125 0.132422
0 0.415625 0.569531 0.176563 0.28125
0 0.463672 0.471094 0.0265625 0.0390625
0 0.392578 0.730469 0.0242188 0.0828125
0 0.517969 0.357422 0.0453125 0.0507812
0 0.670313 0.335938 0.0328125 0.0414063
0 0.536719 0.590625 0.0796875 0.109375
0 0.170801 0.265625 0.0259766 0.0335938
0 0.5125 0.773828 0.0234375 0.0414063
0 0.655469 0.285547 0.0734375 0.0851563
0 0.377734 0.66875 0.046875 0.120313
0 0.377344 0.714063 0.0523438 0.104688
0 0.542969 0.367578 0.0210938 0.05
0 0.516016 0.691406 0.0234375 0.0359375
0 0.671875 0.666406 0.078125 0.09375
0 0.465625 0.476172 0.0320312 0.0476562
0 0.542969 0.642188 0.0257812 0.05
0 0.371094 0.690625 0.096875 0.298438
0 0.6625 0.236328 0.0648438 0.136719
0 0.182812 0.273242 0.0332031 0.0542969
0 0.466406 0.467969 0.0328125 0.0421875
0 0.603125 0.290234 0.184375 0.269531
0 0.606641 0.217529 0.120313 0.11416
0 0.0793945 0.174902 0.0556641 0.0642578
0 0.375 0.644531 0.0546875 0.10625
0 0.0759766 0.464844 0.0382813 0.078125
0 0.652344 0.342383 0.084375 0.180859
0 0.372656 0.65625 0.0492188 0.0703125
0 0.502344 0.359766 0.0265625 0.04375
0 0.565625 0.496973 0.272656 0.682617
0 0.367578 0.608203 0.075 0.116406
0 0.51875 0.617188 0.0320312 0.0484375
0 0.5625 0.589063 0.0546875 0.09375
0 0.392578 0.663281 0.123438 0.23125
0 0.477344 0.485547 0.0640625 0.0789063
0 0.130664 0.197266 0.028125 0.0359375
0 0.482031 0.472656 0.0359375 0.046875
0 0.55625 0.385059 0.0226563 0.0376953
0 0.342578 0.670703 0.150781 0.264844
0 0.0796631 0.165527 0.0793457 0.0876953
0 0.373437 0.566406 0.0976562 0.2875
0 0.522656 0.624219 0.0296875 0.04375
0 0.667969 0.308594 0.0765625 0.109375
0 0.603125 0.197461 0.071875 0.0699219
0 0.125488 0.193408 0.040625 0.0483398
0 0.553906 0.375391 0.03125 0.0570313
0 0.550781 0.582812 0.0625 0.0921875
0 0.657813 0.342187 0.053125 0.040625
0 0.549609 0.371875 0.01875 0.053125
0 0.632031 0.612891 0.03125 0.0429688
0 0.387598 0.730469 0.0341797 0.08125
0 0.348828 0.598437 0.0421875 0.078125
0 0.356641 0.614062 0.05625 0.10625
0 0.633594 0.378906 0.025 0.0320312
0 0.485156 0.565625 0.14375 0.273438
0 0.671875 0.333203 0.0382813 0.0507812
0 0.0705078 0.4625 0.0472656 0.090625
0 0.626563 0.619141 0.0289063 0.046875
0 0.501563 0.366211 0.034375 0.0511719
0 0.392969 0.733984 0.034375 0.0773438
0 0.101172 0.189258 0.0457031 0.0550781
0 0.551953 0.363281 0.0289063 0.0476562
0 0.481641 0.478125 0.0429688 0.0546875
0 0.171484 0.260742 0.0601563 0.0558594
0 0.511719 0.349219 0.0375 0.053125
0 0.133984 0.199023 0.0292969 0.0421875
0 0.561328 0.570312 0.0234375 0.0421875
0 0.535156 0.358203 0.0390625 0.0476562
0 0.639063 0.298438 0.065625 0.053125
0 0.109985 0.185889 0.0843262 0.0750977
0 0.552344 0.2375 0.053125 0.0625
0 0.622656 0.303516 0.034375 0.0523438
0 0.387109 0.578125 0.114844 0.239063
0 0.166309 0.26582 0.0376953 0.040625
0 0.552344 0.564844 0.04375 0.0640625
0 0.551953 0.269141 0.0414063 0.05625
0 0.302344 0.375391 0.0367188 0.0421875
0 0.617188 0.260938 0.148438 0.198828
0 0.369922 0.619531 0.0835937 0.135937
0 0.6625 0.309375 0.0625 0.0886719
0 0.564844 0.211133 0.0296875 0.0511719
0 0.573828 0.200781 0.0515625 0.0707031
0 0.564063 0.220117 0.03125 0.0402344
0 0.512402 0.508594 0.375195 0.673438
0 0.559375 0.224609 0.034375 0.0398437
0 0.688281 0.685156 0.034375 0.0484375
0 0.552734 0.235156 0.0445313 0.0453125
0 0.389062 0.757812 0.0234375 0.0390625
0 0.546875 0.245312 0.03125 0.040625
0 0.578906 0.205029 0.0625 0.0836914
0 0.682813 0.678906 0.046875 0.05625
0 0.419531 0.571875 0.180469 0.253125
0 0.685547 0.7 0.0476562 0.0835937
0 0.554688 0.221289 0.0492188 0.0683594
0 0.615625 0.233203 0.1375 0.142969
0 0.421484 0.50625 0.55 0.675
0 0.692578 0.687109 0.0351562 0.0554687
0 0.0863525 0.175732 0.0276855 0.0360352
0 0.660937 0.294141 0.0601563 0.0570313
0 0.682813 0.689844 0.0476562 0.0703125
0 0.655469 0.317578 0.071875 0.10625
0 0.582031 0.196875 0.0453125 0.0621094
0 0.341992 0.619531 0.144141 0.140625
0 0.672656 0.669922 0.075 0.0765625
0 0.585156 0.290625 0.217188 0.2625
0 0.511719 0.358398 0.0328125 0.0394531
0 0.384766 0.620313 0.113281 0.15
0 0.395703 0.635938 0.136719 0.178125
0 0.470313 0.467187 0.0234375 0.0367188
0 0.598047 0.211328 0.102344 0.100391
0 0.507031 0.357617 0.025 0.0378906
0 0.661719 0.279883 0.065625 0.130078
0 0.517969 0.358984 0.040625 0.0398437
0 0.590625 0.200781 0.0609375 0.0730469
0 0.65 0.306445 0.078125 0.0808594
0 0.384277 0.683203 0.14082 0.271094
0 0.393359 0.758594 0.0320312 0.0453125
0 0.672266 0.688281 0.0710938 0.0859375
0 0.393066 0.579688 0.12793 0.225
0 0.471973 0.575781 0.266992 0.265625
0 0.0859619 0.183594 0.047998 0.0644531
0 0 0.0862793 0 0.172559
0 0.389453 0.766406 0.0367188 0.0546875
0 0.553125 0.305078 0.284375 0.298438
0 0.368359 0.622656 0.0835937 0.145313
0 0.615234 0.252344 0.145313 0.187891
0 0.661719 0.30957 0.065625 0.0953125
0 0.578125 0.2 0.065625 0.0753906
0 0.662109 0.291797 0.0632813 0.0609375
0 0.084375 0.173535 0.0330078 0.0369141
0 0.0222656 0.150879 0.0291016 0.0560547
0 0.388281 0.757031 0.025 0.040625
0 0.690234 0.685156 0.0320312 0.0445313
0 0.686328 0.683594 0.0390625 0.05625
0 0.6 0.202344 0.101562 0.0859375
0 0.571094 0.207813 0.0546875 0.0675781
0 0.0803711 0.181592 0.0523438 0.0579102
0 0.0836914 0.172949 0.0400391 0.0478516
0 0.563281 0.218945 0.0546875 0.0511719
0 0.555469 0.233789 0.0546875 0.0464844
0 0.653906 0.269922 0.08125 0.182031
0 0.300391 0.376953 0.0460938 0.0445313
0 0.609375 0.214648 0.128125 0.117188
0 0.299609 0.381641 0.0546875 0.0617188
0 0.680859 0.678516 0.0554687 0.0648438
0 0.682813 0.689844 0.0546875 0.0671875
0 0.0727539 0.453906 0.0386719 0.0625
0 0.0892822 0.183789 0.0472168 0.0597656
0 0.651563 0.297266 0.0789063 0.0773438
0 0.0978516 0.186768 0.0740234 0.0584961
0 0.6625 0.671094 0.0960938 0.103125
0 0.662109 0.270703 0.071875 0.105469
0 0.695703 0.685938 0.028125 0.046875
0 0.616016 0.283594 0.157813 0.253906
0 0.597266 0.2 0.0804688 0.0757812
0 0.648438 0.305664 0.0890625 0.104297
0 0.341406 0.620313 0.1375 0.15
0 0.390625 0.766406 0.040625 0.059375
0 0.560938 0.228125 0.0640625 0.0703125
0 0.553906 0.242383 0.0484375 0.0414063
0 0.658203 0.237451 0.065625 0.147754
0 0.0779297 0.166602 0.0566406 0.0523438
0 0.0699707 0.448438 0.0301758 0.0515625
0 0.0740234 0.173242 0.0580078 0.0429688
0 0.515234 0.358594 0.0492188 0.0429688
0 0.0813477 0.154883 0.0662109 0.0734375
0 0.118652 0.191016 0.0554687 0.0511719
0 0.127344 0.195703 0.0351562 0.0390625
0 0.369141 0.641406 0.09375 0.189063
0 0.301563 0.394629 0.0570313 0.0935547
0 0.084082 0.176172 0.0611328 0.0722656
0 0.566016 0.210986 0.0726563 0.0881836
0 0.180664 0.266016 0.034375 0.0414063
0 0.0727051 0.471875 0.0508789 0.10625
0 0.300781 0.37168 0.05 0.0636719
0 0.101392 0.1875 0.0995606 0.0804688
0 0.682031 0.704297 0.0554687 0.110156
0 0.372656 0.692578 0.0601563 0.126563
0 0.480859 0.465625 0.034375 0.046875
0 0.369922 0.601562 0.0828125 0.10625
0 0.0665039 0.447266 0.0380859 0.0664062
0 0.474219 0.464453 0.0289063 0.0421875
0 0.547656 0.246094 0.0359375 0.0382813
0 0.586719 0.185742 0.046875 0.0476562
0 0.514453 0.361914 0.0601563 0.0519531
0 0.528125 0.359766 0.0445313 0.0414063
0 0.388965 0.740625 0.0283203 0.0703125
0 0.18418 0.269531 0.0324219 0.0507812
0 0.354688 0.660937 0.126563 0.21875
0 0.0709961 0.180078 0.0642578 0.053125
0 0.63125 0.279687 0.126563 0.191406
0 0.612891 0.19707 0.102344 0.0828125
0 0.0231445 0.160352 0.028125 0.0546875
0 0.133203 0.198828 0.0316406 0.040625
0 0.660156 0.653906 0.1 0.114063
0 0.683984 0.670703 0.046875 0.08125
0 0.029834 0.156055 0.0493164 0.065625
0 0.687109 0.697656 0.04375 0.078125
0 0.654297 0.280078 0.0804688 0.0710938
0 0.37168 0.663281 0.0519531 0.0546875
0 0.0202393 0.142188 0.0274902 0.0582031
0 0.598437 0.307422 0.195312 0.302344
0 0.392285 0.775 0.0544922 0.0796875
0 0.170313 0.274609 0.0613281 0.05625
0 0.666406 0.312109 0.0796875 0.115234
0 0.6375 0.319727 0.115625 0.151172
0 0.469531 0.463281 0.0453125 0.0453125
0 0.065332 0.475 0.0679687 0.126563
0 0.392969 0.757812 0.0328125 0.0453125
0 0.386621 0.73125 0.0408203 0.090625
0 0.343555 0.515527 0.133203 0.368945
0 0 0.0786621 0 0.157324
0 0.064502 0.149707 0.0813477 0.0736328
0 0.55625 0.310937 0.278125 0.3
0 0.485938 0.471484 0.0320312 0.0429688
0 0.312891 0.422266 0.03125 0.0453125
0 0.338477 0.585938 0.146484 0.228125
0 0.657422 0.322266 0.0726563 0.0835937
0 0.510938 0.351953 0.0359375 0.0476562
0 0.382812 0.714063 0.0507812 0.129688
0 0.0756104 0.142188 0.0796387 0.0976562
0 0.323633 0.611719 0.175391 0.171875
0 0.637109 0.232227 0.0882813 0.141016
0 0.939063 0.285938 0.114063 0.571875
0 0.663672 0.541406 0.0414063 0.05625
0 0.589453 0.268945 0.210156 0.223047
0 0.0376465 0.161523 0.0633789 0.0683594
0 0.0452148 0.149023 0.0873047 0.0773438
0 0.0631836 0.676172 0.111133 0.616406
0 0.642969 0.305078 0.0835937 0.06875
0 0.0231445 0.146289 0.0355469 0.0695313
0 0.399609 0.514844 0.603125 0.717188
0 0.379688 0.728906 0.059375 0.09375
0 0.603125 0.227148 0.148438 0.144922
0 0.917188 0.296289 0.159375 0.546484
0 0.482031 0.474219 0.040625 0.0484375
0 0.377734 0.704688 0.124219 0.310937
0 0.175439 0.267578 0.0467773 0.0441406
0 0 0.108594 0 0.185938
0 0.16875 0.264062 0.0582031 0.0460938
0 0.566406 0.566406 0.0359375 0.0546875
0 0.575 0.561719 0.0265625 0.040625
0 0.491406 0.521094 0.432031 0.742188
0 0.0520508 0.430469 0.0759766 0.132031
0 0.369531 0.625781 0.0828125 0.148438
0 0.615625 0.263477 0.1625 0.208594
0 0.664062 0.310156 0.0640625 0.0953125
0 0.573047 0.201563 0.0585938 0.0753906
0 0.498437 0.437109 0.410156 0.563281
0 0.360156 0.616797 0.104688 0.16875
0 0.343945 0.496875 0.129297 0.408594
0 0.564844 0.212305 0.0476562 0.0605469
0 0.415625 0.574219 0.164844 0.265625
0 0.666406 0.288867 0.0578125 0.0519531
0 0.562891 0.220703 0.0492188 0.05
0 0.380469 0.592969 0.10625 0.228125
0 0.648438 0.262109 0.103906 0.213281
0 0.302344 0.377246 0.0414063 0.0486328
0 0.654688 0.317773 0.08125 0.107422
0 0.560156 0.222266 0.0578125 0.0671875
0 0.557031 0.23125 0.0539063 0.0523438
0 0.580859 0.200586 0.0367188 0.0695313
0 0.664062 0.275781 0.0671875 0.0734375
0 0.373047 0.6375 0.107813 0.176563
0 0.300781 0.382031 0.0523438 0.06875
0 0.342773 0.621094 0.144141 0.159375
0 0.65 0.301563 0.084375 0.0835937
0 0.576172 0.211133 0.0757812 0.0945313
0 0.37168 0.673438 0.0644531 0.078125
0 0.353125 0.550391 0.130469 0.308594
0 0.37168 0.594922 0.0871094 0.123438
0 0.611328 0.290039 0.177344 0.275391
0 0.300391 0.371875 0.0488281 0.065625
0 0.369531 0.664844 0.0546875 0.0671875
0 0.385938 0.545313 0.1375 0.326562
0 0.630469 0.334375 0.135937 0.167187
0 0.370898 0.428125 0.216016 0.55625
0 0.6875 0.680469 0.040625 0.059375
0 0.651563 0.286719 0.0867188 0.065625
0 0.6625 0.259961 0.0734375 0.131641
0 0.329883 0.423438 0.524609 0.565625
0 0.370313 0.679297 0.078125 0.108594
0 0.566797 0.204688 0.0757812 0.0835937
0 0.598437 0.211328 0.114063 0.104688
0 0.586719 0.303906 0.232813 0.304688
0 0.664062 0.322852 0.09375 0.135547
0 0.692969 0.685156 0.025 0.0421875
0 0.302148 0.395703 0.0597656 0.105469
0 0.68125 0.675391 0.05625 0.071875
0 0.292188 0.442578 0.254688 0.519531
0 0.661328 0.237695 0.0703125 0.139844
0 0.304688 0.390527 0.0457031 0.0767578
0 0.586719 0.19043 0.034375 0.0519531
0 0.580469 0.358398 0.245312 0.411328
0 0.386816 0.626563 0.113867 0.167187
0 0.382031 0.658984 0.159375 0.210938
0 0.574219 0.4375 0.267969 0.577344
0 0.574219 0.200977 0.0585938 0.0761719
0 0.372852 0.622656 0.0769531 0.142188
0 0.664062 0.308398 0.0625 0.0957031
0 0.61875 0.262109 0.151562 0.208594
0 0.650781 0.308984 0.084375 0.1
0 0.420703 0.573438 0.171094 0.254688
0 0.578906 0.19668 0.040625 0.0640625
0 0.665234 0.287305 0.0601563 0.0542969
0 0.513672 0.455859 0.377344 0.575781
0 0.565625 0.209961 0.0421875 0.0601563
0 0.648047 0.297266 0.101562 0.136328
0 0.482812 0.471094 0.040625 0.0421875
0 0.5875 0.181641 0.0296875 0.0363281
0 0.301367 0.375879 0.0476562 0.0529297
0 0.688672 0.674219 0.04375 0.065625
0 0.475781 0.465625 0.034375 0.04375
0 0.565625 0.208252 0.071875 0.0772461
0 0.376563 0.571484 0.0890625 0.14375
0 0.557813 0.224609 0.053125 0.05625
0 0.582031 0.185352 0.0390625 0.0492188
0 0.661719 0.279883 0.0671875 0.0597656
0 0.48125 0.473438 0.0484375 0.0578125
0 0.393359 0.585938 0.117969 0.228125
0 0.560156 0.219727 0.0640625 0.0695313
0 0.301758 0.364844 0.053125 0.0765625
0 0.627344 0.30625 0.1375 0.128906
0 0.389844 0.624219 0.111719 0.159375
0 0.649219 0.288086 0.0890625 0.0664062
0 0.692187 0.685156 0.025 0.0421875
0 0.686719 0.666406 0.0523438 0.075
0 0.690234 0.684766 0.0328125 0.046875
0 0.660156 0.317188 0.0953125 0.11875
0 0.664453 0.261914 0.0726563 0.0980469
0 0.374023 0.598437 0.0816406 0.196875
0 0.646875 0.330859 0.104688 0.15
0 0.343359 0.616406 0.146875 0.157813
0 0.476172 0.569922 0.2625 0.253125
0 0.307227 0.352734 0.0683594 0.1
0 0.554688 0.232813 0.05 0.0535156
0 0.432422 0.436328 0.511719 0.554688
0 0.596875 0.18457 0.04375 0.0492188
0 0.532031 0.35918 0.0203125 0.0386719
0 0.630469 0.335742 0.13125 0.164453
0 0.674219 0.662891 0.0734375 0.0820312
0 0.586719 0.228906 0.0890625 0.135547
0 0.302344 0.38916 0.0625 0.0998047
0 0.588281 0.200732 0.08125 0.0805664
0 0.564844 0.194092 0.075 0.0852539
0 0.594531 0.195703 0.059375 0.0726563
0 0.374609 0.598047 0.0820312 0.135156
0 0.4875 0.485938 0.06875 0.08125
0 0.661328 0.246875 0.0640625 0.116406
0 0.349219 0.506152 0.142188 0.386133
0 0.479297 0.459375 0.046875 0.0609375
0 0.626563 0.619141 0.03125 0.0609375
0 0.646094 0.301563 0.0875 0.0625
0 0.557422 0.558594 0.0421875 0.0640625
0 0.650391 0.275195 0.09375 0.0777344
0 0.405469 0.646875 0.150781 0.198437
0 0.525391 0.358594 0.0273438 0.0414063
0 0.388672 0.753906 0.0242188 0.04375
0 0.633594 0.308789 0.0578125 0.0652344
0 0.472656 0.461719 0.0460938 0.053125
0 0.565625 0.566016 0.03125 0.053125
0 0.597266 0.178516 0.05 0.0492188
0 0.683594 0.680469 0.046875 0.059375
0 0.614844 0.345117 0.1625 0.192578
0 0.627344 0.610938 0.0265625 0.04375
0 0.538281 0.358008 0.025 0.0386719
0 0.6875 0.689844 0.0414063 0.0554687
0 0.577344 0.449609 0.253125 0.585156
0 0.552344 0.5625 0.0578125 0.075
0 0.473828 0.472656 0.0625 0.078125
0 0.599219 0.214111 0.1125 0.105371
0 0.313672 0.344531 0.0851563 0.117188
0 0.642188 0.313477 0.08125 0.0804688
0 0.417969 0.532422 0.166406 0.16875
0 0.542969 0.627344 0.0234375 0.0382813
0 0.345313 0.573438 0.165625 0.251563
0 0.483594 0.492188 0.0890625 0.103125
0 0.644141 0.329297 0.0890625 0.0835937
0 0.0870117 0.173633 0.0275391 0.0371094
0 0.664062 0.666406 0.0921875 0.0921875
0 0.697656 0.686719 0.025 0.040625
0 0.548047 0.215234 0.0929688 0.0789063
0 0.626563 0.628906 0.0367188 0.059375
0 0.614844 0.301611 0.164062 0.277246
0 0.579297 0.207617 0.0804688 0.0957031
0 0.372852 0.575 0.0980469 0.253125
0 0.566406 0.571094 0.0265625 0.04375
0 0.61875 0.192236 0.0953125 0.0795898
0 0.552344 0.599609 0.0632813 0.0945313
0 0.547656 0.202734 0.096875 0.0777344
0 0.467969 0.482031 0.090625 0.10625
0 0.545313 0.55 0.0328125 0.0515625
0 0.337695 0.439453 0.340234 0.535156
0 0.641797 0.355078 0.0757812 0.0648438
0 0.545313 0.226953 0.0828125 0.078125
0 0.578906 0.181201 0.0765625 0.13916
0 0.636719 0.336328 0.0875 0.05625
0 0.37207 0.623828 0.0761719 0.142188
0 0.664844 0.310156 0.0625 0.0953125
0 0.451953 0.572656 0.2375 0.264062
0 0.620313 0.258789 0.153125 0.194141
0 0.51709 0.467969 0.383008 0.592969
0 0.575 0.203125 0.059375 0.0804688
0 0.654688 0.310547 0.0796875 0.103125
0 0.567187 0.210547 0.0390625 0.0671875
0 0.565234 0.222656 0.0375 0.046875
0 0.437402 0.468359 0.54082 0.617969
0 0.516504 0.583984 0.381055 0.392969
0 0.555469 0.226953 0.046875 0.053125
0 0.689453 0.689844 0.0351562 0.0585938
0 0.666406 0.296484 0.0625 0.0699219
0 0.414453 0.572656 0.160938 0.257812
0 0.692187 0.688281 0.0265625 0.0484375
0 0.653906 0.264844 0.0875 0.203906
0 0.664844 0.283594 0.0671875 0.0625
0 0.684375 0.701563 0.0476562 0.0851563
0 0.560938 0.223438 0.05625 0.0632813
0 0.583594 0.195508 0.0328125 0.0601563
0 0.688281 0.682813 0.040625 0.0578125
0 0.422559 0.528906 0.17832 0.167969
0 0.482812 0.475781 0.0421875 0.0578125
0 0.3875 0.640625 0.117969 0.184375
0 0.363867 0.433984 0.717578 0.567969
0 0.341992 0.615625 0.146484 0.165625
0 0.683984 0.678906 0.0523438 0.06875
0 0.687891 0.697656 0.0398437 0.0695313
0 0.651953 0.342383 0.0898438 0.173047
0 0.367969 0.600781 0.0914062 0.19375
0 0.605078 0.241064 0.125781 0.160059
0 0.480859 0.476562 0.0523438 0.0765625
0 0.524219 0.361523 0.0234375 0.0433594
0 0.666016 0.319922 0.08125 0.123438
0 0.514844 0.575 0.370313 0.273438
0 0.553125 0.236719 0.0484375 0.0679687
0 0.375781 0.573438 0.0929688 0.154688
0 0.530469 0.360547 0.0203125 0.0414063
0 0.678125 0.704688 0.0578125 0.0984375
0 0.634766 0.359375 0.117188 0.217188
0 0.407129 0.660937 0.154492 0.225
0 0.664844 0.261133 0.06875 0.113672
0 0.372852 0.600781 0.0871094 0.139063
0 0.588281 0.183789 0.028125 0.0386719
0 0.389062 0.758594 0.0265625 0.04375
0 0.650391 0.290234 0.0929688 0.0703125
0 0.612891 0.311914 0.167969 0.308984
0 0.485938 0.488672 0.065625 0.0929688
0 0.664453 0.676953 0.0929688 0.107031
0 0.660937 0.242578 0.0578125 0.122656
0 0.55625 0.555469 0.265625 0.242188
0 0.614062 0.358398 0.159375 0.230078
0 0.581641 0.195898 0.0453125 0.0683594
0 0.667188 0.29375 0.078125 0.147656
0 0.562109 0.594531 0.0632813 0.0984375
0 0.378027 0.575781 0.0923828 0.242188
0 0.520312 0.357617 0.040625 0.0527344
0 0.546875 0.239063 0.059375 0.0789063
0 0.487109 0.497656 0.0875 0.120313
0 0.347266 0.562109 0.172656 0.278906
0 0.672656 0.667969 0.0773438 0.09375
0 0.513281 0.35957 0.0296875 0.0457031
0 0.403125 0.625781 0.141406 0.176563
0 0.482812 0.462891 0.0578125 0.0804688
0 0.361719 0.569922 0.119531 0.261719
0 0.373437 0.664062 0.0539063 0.0609375
0 0.634375 0.326172 0.125 0.152344
0 0.590625 0.20957 0.0859375 0.09375
0 0.617188 0.307422 0.025 0.0480469
0 0.491406 0.516406 0.0921875 0.151562
0 0.326758 0.488281 0.140234 0.426563
0 0.355078 0.502441 0.153906 0.399805
0 0.667969 0.689844 0.0828125 0.096875
0 0.621875 0.308984 0.0375 0.0570313
0 0.535156 0.539453 0.190625 0.203906
0 0.373633 0.674219 0.0667969 0.0828125
0 0.539062 0.578125 0.0890625 0.11875
0 0.632031 0.303906 0.0585938 0.0523438
0 0.6625 0.660547 0.101562 0.117969
0 0.327734 0.597656 0.172656 0.195312
0 0.548828 0.224609 0.0734375 0.075
0 0.56875 0.591406 0.053125 0.078125
0 0.472559 0.638281 0.29082 0.258594
0 0.0873291 0.174512 0.0269043 0.0357422
0 0.570312 0.253906 0.260938 0.204688
0 0.470313 0.484375 0.096875 0.121875
0 0.476562 0.479297 0.06875 0.107813
0 0.525781 0.636719 0.359375 0.247656
0 0.296484 0.482715 0.147656 0.431445
0 0.573438 0.18833 0.06875 0.110059
0 0.685156 0.662109 0.0390625 0.0695313
0 0.595313 0.218945 0.115625 0.122656
0 0.550781 0.567969 0.0617188 0.090625
0 0.542969 0.626563 0.0265625 0.04375
0 0.596875 0.194922 0.046875 0.0644531
0 0.645312 0.335938 0.0875 0.090625
0 0.581641 0.321143 0.226562 0.324902
0 0.538281 0.359766 0.0234375 0.0414063
0 0.649609 0.272852 0.100781 0.09375
0 0.514844 0.355273 0.0382813 0.0519531
0 0.564063 0.571094 0.03125 0.0578125
0 0.5 0.5625 0.16875 0.25625
0 0.369531 0.621875 0.0867188 0.148438
0 0.665625 0.306445 0.059375 0.0941406
0 0.573047 0.200195 0.0546875 0.0773438
0 0.619531 0.258545 0.15625 0.200098
0 0.521484 0.440625 0.385156 0.557813
0 0.363281 0.4375 0.694531 0.569531
0 0.564844 0.206592 0.0359375 0.0680664
0 0.422559 0.567187 0.181445 0.270313
0 0.665625 0.289062 0.0546875 0.0585938
0 0.562109 0.219141 0.034375 0.0445313
0 0.554688 0.225586 0.046875 0.0574219
0 0.662891 0.273438 0.071875 0.179688
0 0.341797 0.615234 0.152344 0.166406
0 0.373242 0.592969 0.0886719 0.210938
0 0.666406 0.268555 0.06875 0.100391
0 0.664844 0.280469 0.0648438 0.0652344
0 0.5875 0.182617 0.0296875 0.0382813
0 0.663672 0.246094 0.0617188 0.136719
0 0.374023 0.573047 0.0894531 0.144531
0 0.663672 0.312891 0.0695313 0.120703
0 0.583594 0.218164 0.084375 0.123047
0 0.6875 0.685156 0.0359375 0.0515625
0 0.561719 0.221875 0.053125 0.0625
0 0.358984 0.586719 0.117969 0.228125
0 0.480859 0.470703 0.0445313 0.0585938
0 0.371875 0.598437 0.0867188 0.13125
0 0.469141 0.564844 0.25625 0.282031
0 0.375391 0.636719 0.104688 0.180469
0 0.103125 0.188477 0.0746094 0.0722656
0 0.607031 0.217188 0.13125 0.117188
0 0.338867 0.576563 0.166016 0.249219
0 0.647656 0.307422 0.0921875 0.102344
0 0.4 0.598437 0.139063 0.2125
0 0.685938 0.680859 0.046875 0.0585938
0 0.319531 0.603906 0.194531 0.189063
0 0.48125 0.471875 0.05625 0.075
0 0.0854492 0.175781 0.0279297 0.0390625
0 0.521094 0.569531 0.386719 0.414062
0 0.586719 0.197852 0.071875 0.0730469
0 0.595313 0.184717 0.04375 0.0469727
0 0.379785 0.660547 0.120117 0.222656
0 0.591406 0.191602 0.05625 0.0632813
0 0.65 0.294531 0.0828125 0.0789063
0 0.578516 0.205859 0.0726563 0.0871094
0 0.486719 0.482812 0.071875 0.0875
0 0.55 0.240625 0.0375 0.0519531
0 0.107788 0.191748 0.0746582 0.0540039
0 0.566406 0.209961 0.065625 0.0890625
0 0.0865234 0.182422 0.0351562 0.0511719
0 0.402441 0.506152 0.14668 0.406445
0 0.654688 0.285352 0.0765625 0.0691406
0 0.523438 0.347461 0.363281 0.372266
0 0.574219 0.183398 0.0640625 0.11875
0 0.482031 0.460938 0.05 0.0828125
0 0.342187 0.700391 0.684375 0.327344
0 0.683984 0.690234 0.0484375 0.0726563
0 0.274951 0.603906 0.298535 0.184375
0 0.661719 0.235742 0.0476562 0.135547
0 0.68125 0.669531 0.059375 0.0820312
0 0.368945 0.524609 0.107422 0.360938
0 0.508984 0.569531 0.3625 0.278125
0 0.636328 0.462891 0.653906 0.597656
0 0.657813 0.326367 0.0828125 0.145703
0 0.389062 0.753516 0.025 0.0421875
0 0.0939209 0.185352 0.058252 0.0652344
0 0.557031 0.230273 0.0546875 0.0714844
0 0.483594 0.448828 0.05625 0.117188
0 0.640234 0.304883 0.117188 0.158984
0 0.484375 0.492188 0.1 0.114063
0 0.347656 0.515234 0.148438 0.376563
0 0.475781 0.472656 0.071875 0.0921875
0 0.40459 0.667969 0.156445 0.239063
0 0.608594 0.191016 0.0742188 0.0664062
0 0.467187 0.479688 0.107031 0.1125
0 0.672656 0.664062 0.0742188 0.090625
0 0.233984 0.702734 0.467969 0.335156
0 0.370313 0.630078 0.096875 0.166406
0 0.512891 0.454688 0.384375 0.579688
0 0.399219 0.475391 0.61875 0.630469
0 0.664844 0.307422 0.065625 0.090625
0 0.609375 0.26582 0.179688 0.224609
0 0.539062 0.331445 0.319531 0.349609
0 0.418359 0.569531 0.1875 0.273438
0 0.370703 0.6625 0.101562 0.23125
0 0.375391 0.596875 0.102344 0.214062
0 0.58125 0.30918 0.259375 0.312891
0 0.685156 0.682422 0.0390625 0.0570313
0 0.373047 0.700781 0.109375 0.310937
0 0.566406 0.382031 0.260938 0.461719
0 0.64375 0.280908 0.36875 0.262402
0 0.574219 0.201367 0.053125 0.0742188
0 0.644922 0.261719 0.110937 0.212109
0 0.370313 0.764063 0.10625 0.446875
0 0.560938 0.281055 0.317188 0.261328
0 0.685156 0.701563 0.0453125 0.08125
0 0.613281 0.316748 0.171875 0.32666
0 0.513965 0.566016 0.383008 0.449219
0 0.345703 0.61875 0.146094 0.165625
0 0.665625 0.278125 0.0671875 0.0921875
0 0.0855225 0.172461 0.0285645 0.034375
0 0.390234 0.675 0.136719 0.25
0 0.0900147 0.182812 0.0453613 0.0632813
0 0.666406 0.290234 0.0625 0.059375
0 0.651172 0.313477 0.0984375 0.137109
0 0.567578 0.207227 0.05 0.0691406
0 0.648438 0.342187 0.102344 0.182031
0 0.355469 0.412891 0.710938 0.535156
0 0.370508 0.623438 0.0878906 0.146875
0 0.6625 0.308789 0.065625 0.0917969
0 0.572656 0.201904 0.05625 0.0790039
0 0.517969 0.479688 0.390625 0.628125
0 0.625 0.258984 0.145313 0.201563
0 0.663281 0.293555 0.0671875 0.0636719
0 0.657813 0.311328 0.0796875 0.1125
0 0.566016 0.209326 0.0484375 0.0704102
0 0.685547 0.685156 0.0390625 0.04375
0 0.684766 0.69375 0.0445313 0.0640625
0 0.562891 0.219336 0.0484375 0.0671875
0 0.420215 0.569531 0.186133 0.257812
0 0.524902 0.398828 0.364258 0.477344
0 0.683984 0.70625 0.0476562 0.0921875
0 0.563281 0.211914 0.0609375 0.0902344
0 0.594531 0.308594 0.28125 0.302344
0 0.373437 0.600781 0.0976562 0.192188
0 0.590234 0.2375 0.110156 0.158594
0 0.383203 0.578125 0.115625 0.245312
0 0.672656 0.274609 0.442188 0.241406
0 0.650781 0.301563 0.0757812 0.0851563
0 0.571875 0.226123 0.0828125 0.134473
0 0.347266 0.621875 0.130469 0.15
0 0.560547 0.227734 0.0625 0.0898438
0 0.56875 0.278467 0.39375 0.247754
0 0.669141 0.300586 0.0640625 0.0777344
0 0.373242 0.597656 0.0917969 0.129688
0 0.594531 0.217383 0.120313 0.121484
0 0.651172 0.323047 0.09375 0.138281
0 0.594922 0.248779 0.164844 0.186035
0 0.592969 0.203564 0.0953125 0.0889648
0 0.579297 0.208545 0.0789063 0.0915039
0 0.68125 0.304248 0.346875 0.299316
0 0.664062 0.276367 0.071875 0.131641
0 0.620313 0.311328 0.152344 0.167969
0 0.696094 0.264844 0.607813 0.21875
0 0.519434 0.330518 0.37832 0.336621
0 0.394531 0.572656 0.134375 0.295312
0 0.635156 0.325977 0.121875 0.147266
0 0.390625 0.755469 0.021875 0.0390625
0 0.653906 0.285547 0.0828125 0.0917969
0 0.482129 0.567969 0.310742 0.266406
0 0.622266 0.219092 0.175781 0.128223
0 0.373047 0.445312 0.710156 0.564063
0 0.374805 0.623438 0.0855469 0.151562
0 0.664062 0.307422 0.0625 0.0898438
0 0.573047 0.201563 0.0484375 0.0753906
0 0.665625 0.291016 0.0609375 0.0578125
0 0.566016 0.217188 0.0296875 0.0421875
0 0.419531 0.571094 0.175781 0.25625
0 0.686719 0.682813 0.0390625 0.0429688
0 0.620313 0.257471 0.154688 0.193652
0 0.661328 0.310937 0.0773438 0.107031
0 0.685938 0.689063 0.04375 0.059375
0 0.51875 0.486328 0.392188 0.636719
0 0.66875 0.286328 0.0523438 0.0460938
0 0.578516 0.199414 0.040625 0.0660156
0 0.345898 0.621875 0.139453 0.153125
0 0.561719 0.213867 0.05 0.0769531
0 0.630078 0.610938 0.0210938 0.0320312
0 0.685156 0.701953 0.046875 0.0898438
0 0.558594 0.223828 0.0484375 0.0640625
0 0.583594 0.185107 0.0351562 0.0383789
0 0.641406 0.308203 0.117188 0.117969
0 0.389453 0.601562 0.117969 0.196875
0 0.577344 0.47041 0.259375 0.623242
0 0.373437 0.589844 0.0828125 0.0921875
0 0.650781 0.302539 0.078125 0.0839844
0 0.633594 0.611719 0.0289063 0.0359375
0 0.48125 0.471094 0.0421875 0.0515625
0 0.554688 0.392578 0.303125 0.460938
0 0.477344 0.467187 0.0328125 0.04375
0 0.582031 0.340039 0.24375 0.361328
0 0.555859 0.234375 0.0460938 0.0613281
0 0.684375 0.674219 0.053125 0.0757812
0 0.588672 0.202734 0.0796875 0.0839844
0 0.648828 0.325391 0.105469 0.142969
0 0.621094 0.317383 0.157031 0.180859
0 0.678125 0.674219 0.0695313 0.090625
0 0.60625 0.308203 0.189063 0.284375
0 0.356445 0.605078 0.123828 0.194531
0 0.629687 0.610938 0.0242188 0.0453125
0 0.553906 0.313867 0.304688 0.304297
0 0.590625 0.191357 0.05625 0.0579102
0 0.479688 0.475391 0.053125 0.071875
0 0.617188 0.221484 0.15625 0.121484
0 0.390625 0.753906 0.0195312 0.0351562
0 0.580469 0.248047 0.0898438 0.176563
0 0.567969 0.210498 0.0625 0.0891602
0 0.665234 0.277344 0.06875 0.103906
0 0.641406 0.279102 0.392188 0.241016
0 0.569922 0.564844 0.0273438 0.04375
0 0.469141 0.569922 0.23125 0.261719
0 0.563281 0.566016 0.0375 0.0617188
0 0.575 0.5625 0.0242188 0.0367188
0 0.578125 0.2 0.0640625 0.0929688
0 0.630469 0.614844 0.0296875 0.04375
0 0.415723 0.453516 0.610742 0.564844
0 0.652734 0.287109 0.084375 0.0796875
0 0.542969 0.553906 0.040625 0.053125
0 0.573828 0.566406 0.0304688 0.0390625
0 0.563672 0.567969 0.0304688 0.0453125
0 0.596484 0.391797 0.207813 0.296875
0 0.553125 0.5625 0.0515625 0.071875
0 0.630859 0.351758 0.132031 0.200391
0 0.617188 0.368555 0.160938 0.239453
0 0.675391 0.689844 0.0648438 0.0828125
0 0.375 0.585156 0.0945313 0.235938
0 0.0929443 0.18667 0.0391113 0.0633789
0 0.629687 0.620313 0.034375 0.0515625
0 0.535547 0.551562 0.0390625 0.0484375
0 0.0878906 0.173242 0.0238281 0.03125
0 0.350391 0.59375 0.04375 0.0804688
0 0.607813 0.203467 0.121875 0.0875977
0 0.474219 0.469531 0.0546875 0.0609375
0 0.684375 0.652734 0.0359375 0.0453125
0 0.660156 0.26167 0.175 0.213379
0 0.413672 0.0214844 0.510156 0.0429688
0 0.482031 0.464063 0.0546875 0.06875
0 0.667188 0.667578 0.0921875 0.132031
0 0.6625 0.252148 0.0609375 0.118359
0 0.397656 0.636719 0.142969 0.185938
0 0.345703 0.594922 0.0601563 0.0851563
0 0.368359 0.622656 0.0796875 0.14375
0 0.61875 0.256836 0.146875 0.188672
0 0.571094 0.202344 0.0460938 0.0730469
0 0.665234 0.30625 0.0609375 0.0875
0 0.411621 0.569531 0.162695 0.254688
0 0.565625 0.214062 0.03125 0.0492188
0 0.664453 0.290234 0.0609375 0.0578125
0 0.563672 0.221289 0.0335938 0.0433594
0 0.685938 0.682813 0.0359375 0.0421875
0 0.628906 0.611328 0.0203125 0.0328125
0 0.578516 0.194727 0.0390625 0.05625
0 0.667188 0.285547 0.053125 0.04375
0 0.557813 0.224219 0.05 0.0640625
0 0.575781 0.203564 0.0625 0.0850586
0 0.5625 0.211914 0.0515625 0.0816406
0 0.684375 0.689063 0.0421875 0.059375
0 0.527441 0.453125 0.35293 0.575
0 0.582812 0.183398 0.0335938 0.0359375
0 0.344727 0.617578 0.130859 0.163281
0 0.628906 0.610156 0.0265625 0.0359375
0 0.652344 0.311914 0.090625 0.111328
0 0.554688 0.235547 0.046875 0.0585938
0 0.389844 0.753906 0.0203125 0.0304688
0 0.616797 0.226758 0.152344 0.128906
0 0.410059 0.538672 0.17832 0.335156
0 0.471875 0.464844 0.0234375 0.0375
0 0.476562 0.470313 0.0359375 0.053125
0 0.683984 0.701563 0.0476562 0.0875
0 0.648828 0.296484 0.0851563 0.0765625
0 0.477344 0.465625 0.03125 0.0414063
0 0.573438 0.383984 0.235938 0.446875
0 0.351953 0.52666 0.136719 0.354492
0 0.569531 0.564453 0.0265625 0.0398437
0 0.630469 0.350586 0.125 0.196484
0 0.477344 0.474609 0.0515625 0.06875
0 0.566406 0.211133 0.06875 0.0933594
0 0.642969 0.332813 0.107813 0.155469
0 0.565625 0.565625 0.034375 0.0554687
0 0.426563 0.440625 0.561719 0.547656
0 0.391406 0.755469 0.0257812 0.0390625
0 0.599219 0.325195 0.195312 0.241797
0 0.628906 0.61875 0.0335938 0.0539063
0 0.564063 0.567578 0.028125 0.040625
0 0.541406 0.314648 0.30625 0.304297
0 0.385547 0.625781 0.1125 0.153125
0 0.629687 0.3 0.13125 0.124609
0 0.628125 0.609375 0.03125 0.05
0 0.617578 0.321875 0.15625 0.171875
0 0.591406 0.188477 0.0546875 0.053125
0 0.664844 0.278711 0.06875 0.108984
0 0.371094 0.592969 0.0859375 0.104688
0 0.649609 0.285742 0.0945313 0.148438
0 0.301953 0.374609 0.0351562 0.0398437
0 0.478125 0.462109 0.04375 0.05625
0 0.683203 0.673438 0.0507812 0.06875
0 0.470313 0.465234 0.040625 0.05
0 0.557813 0.5625 0.053125 0.0671875
0 0.0678711 0.439063 0.0226563 0.0304688
0 0.675 0.682813 0.065625 0.075
0 0.373828 0.576563 0.108594 0.254688
0 0.289648 0.616406 0.244922 0.154688
0 0.586719 0.208789 0.0859375 0.0953125
0 0.586719 0.19668 0.06875 0.0730469
0 0.469141 0.469141 0.0546875 0.0679687
0 0.563281 0.226562 0.0609375 0.0863281
0 0.679297 0.671094 0.065625 0.0796875
0 0.462891 0.567969 0.175781 0.251563
0 0.544922 0.559375 0.046875 0.0625
0 0.467578 0.483203 0.0757812 0.0976562
0 0.373437 0.622656 0.0835937 0.14375
0 0.622656 0.260352 0.151562 0.200391
0 0.667578 0.306641 0.0640625 0.0851563
0 0.572656 0.202539 0.0515625 0.0734375
0 0.410156 0.570312 0.154688 0.257031
0 0.568359 0.206641 0.0375 0.0664062
0 0.629687 0.610938 0.0210938 0.03125
0 0.523535 0.461719 0.395117 0.589844
0 0.563281 0.220703 0.0390625 0.0515625
0 0.577344 0.205029 0.0671875 0.0821289
0 0.576563 0.454004 0.276563 0.588867
0 0.378125 0.642969 0.1 0.189063
0 0.557422 0.226172 0.053125 0.06875
0 0.579297 0.193311 0.0398437 0.0532227
0 0.563281 0.211719 0.05625 0.0882813
0 0.666406 0.310547 0.0828125 0.110156
0 0.385254 0.710938 0.12168 0.326562
0 0.632812 0.610156 0.0289063 0.0359375
0 0.686719 0.683594 0.0390625 0.0421875
0 0.373047 0.758984 0.110937 0.430469
0 0.667969 0.288867 0.0609375 0.0507812
0 0.395313 0.66875 0.135156 0.239063
0 0.553906 0.237891 0.0476562 0.0617188
0 0.653516 0.33125 0.102344 0.153125
0 0.683984 0.694141 0.0476562 0.0671875
0 0.584766 0.183984 0.034375 0.0363281
0 0.682813 0.707812 0.0515625 0.0960938
0 0.663281 0.294922 0.065625 0.0644531
0 0.629687 0.613281 0.0289063 0.0484375
0 0.382422 0.605469 0.096875 0.186719
0 0.650781 0.309375 0.090625 0.0992187
0 0.6625 0.292578 0.071875 0.0882813
0 0.667969 0.292773 0.0765625 0.126953
0 0.682813 0.681641 0.0476562 0.0515625
0 0.349219 0.605469 0.135937 0.198437
0 0.633203 0.336914 0.139063 0.171484
0 0.352148 0.530469 0.150391 0.353125
0 0.471484 0.465625 0.0226563 0.0390625
0 0.628516 0.618359 0.034375 0.05625
0 0.373242 0.571875 0.110547 0.26875
0 0.566016 0.213232 0.0742188 0.100098
0 0.585156 0.211133 0.0859375 0.09375
0 0.617969 0.441016 0.210938 0.567969
0 0.475781 0.470703 0.0328125 0.053125
0 0.365234 0.694141 0.114844 0.296094
0 0.677734 0.724609 0.0695313 0.138281
0 0.420703 0.471484 0.585156 0.617969
0 0.584375 0.189014 0.0382813 0.0493164
0 0.637109 0.311133 0.0679687 0.0902344
0 0.368359 0.621875 0.0835937 0.132812
0 0.573047 0.202344 0.0460938 0.0710938
0 0.664062 0.309375 0.0632813 0.0855469
0 0.567187 0.20957 0.03125 0.0550781
0 0.566406 0.220117 0.0289063 0.0367188
0 0.656641 0.315625 0.0835937 0.102344
0 0.624609 0.271094 0.142188 0.188281
0 0.412598 0.571094 0.162305 0.248438
0 0.664453 0.291406 0.0609375 0.0515625
0 0.576172 0.205078 0.0601563 0.0800781
0 0.614844 0.224414 0.14375 0.117578
0 0.555859 0.230078 0.0492188 0.0554687
0 0.583594 0.1875 0.028125 0.0371094
0 0.561328 0.21582 0.0484375 0.0773438
0 0.629687 0.610156 0.0203125 0.03125
0 0.586719 0.183643 0.028125 0.0311523
0 0.576563 0.219482 0.0640625 0.10791
0 0.651172 0.325781 0.0945313 0.130469
0 0.65 0.301563 0.0765625 0.0722656
0 0.514941 0.444922 0.393555 0.564063
0 0.473828 0.467187 0.025 0.034375
0 0.577344 0.44375 0.253125 0.56875
0 0.564844 0.21333 0.071875 0.0936523
0 0.476562 0.471484 0.0328125 0.0484375
0 0.628906 0.608594 0.0242188 0.0375
0 0.633203 0.610156 0.0289063 0.034375
0 0.610938 0.252148 0.159375 0.173828
0 0.635938 0.353711 0.121875 0.184766
0 0.552344 0.240234 0.04375 0.0589844
0 0.596094 0.187305 0.0453125 0.0449219
0 0.387891 0.663281 0.141406 0.225
0 0.559375 0.224609 0.0578125 0.0867188
0 0.625 0.317188 0.14375 0.133594
0 0.591406 0.19458 0.05625 0.0608398
0 0.386328 0.625 0.113281 0.14375
0 0.477344 0.56875 0.178125 0.249219
0 0.482031 0.468359 0.040625 0.0429688
0 0.639063 0.311328 0.0703125 0.0851563
0 0.3875 0.723828 0.151562 0.353906
0 0.634375 0.30625 0.0609375 0.06875
0 0.651563 0.2875 0.0820312 0.075
0 0.580469 0.201172 0.0414063 0.0722656
0 0.470313 0.467187 0.0367188 0.0421875
0 0.688281 0.684375 0.0328125 0.0390625
0 0.363672 0.744531 0.136719 0.396875
0 0.390234 0.755078 0.0226563 0.03125
0 0.476562 0.475781 0.0453125 0.0632813
0 0.670313 0.296484 0.0625 0.0703125
0 0.629687 0.6125 0.0296875 0.05
0 0.585938 0.190186 0.0335938 0.0493164
0 0.470313 0.471875 0.0484375 0.0625
0 0.371094 0.662891 0.0445313 0.0523438
0 0.683984 0.683984 0.0414063 0.0445313
0 0.417871 0.667188 0.18457 0.234375
0 0.413281 0.515625 0.164062 0.135937
0 0.628125 0.619141 0.0390625 0.0617188
0 0.533594 0.578906 0.0726563 0.107813
0 0.402344 0.642578 0.153906 0.183594
0 0.539453 0.546094 0.0359375 0.0359375
0 0.569531 0.196826 0.0640625 0.0961914
0 0.503125 0.558594 0.140625 0.207031
0 0.544531 0.237109 0.06875 0.0804688
0 0.479297 0.460156 0.0429688 0.053125
0 0.573438 0.202344 0.0484375 0.0765625
0 0.369922 0.621484 0.084375 0.139844
0 0.664062 0.308594 0.0625 0.0953125
0 0.664062 0.293359 0.059375 0.0617188
0 0.575781 0.210596 0.0625 0.0999023
0 0.657813 0.292578 0.0828125 0.145313
0 0.514063 0.442578 0.397656 0.552344
0 0.623438 0.263086 0.145313 0.205859
0 0.644922 0.307813 0.100781 0.1125
0 0.56875 0.208984 0.046875 0.0734375
0 0.41416 0.569531 0.170117 0.25625
0 0.6125 0.224805 0.134375 0.122266
0 0.65 0.303906 0.08125 0.0875
0 0.565625 0.213672 0.0734375 0.108984
0 0.560156 0.216846 0.0546875 0.0889648
0 0.392188 0.624219 0.129688 0.151562
0 0.384375 0.597656 0.110156 0.192188
0 0.583594 0.194873 0.0375 0.0563477
0 0.557031 0.424512 0.29375 0.524414
0 0.604297 0.25 0.175 0.177734
0 0.650391 0.287109 0.0867188 0.0867188
0 0.646875 0.327539 0.110156 0.143359
0 0.620313 0.312891 0.151562 0.177344
0 0.405566 0.644531 0.162305 0.195312
0 0.517578 0.323047 0.385938 0.321094
0 0.574609 0.315967 0.282813 0.311035
0 0.665625 0.311328 0.0875 0.107813
0 0.421094 0.671484 0.191406 0.250781
0 0.554297 0.233984 0.0507812 0.0761719
0 0.446973 0.438379 0.388867 0.54043
0 0.638281 0.308203 0.0734375 0.0800781
0 0.34668 0.621094 0.130859 0.151562
0 0.585156 0.286133 0.21875 0.249609
0 0.639844 0.294141 0.109375 0.0804688
0 0.571875 0.202344 0.0484375 0.0730469
0 0.369922 0.621094 0.08125 0.15
0 0.663281 0.309766 0.0625 0.090625
0 0.510938 0.436328 0.396094 0.548438
0 0.621875 0.266602 0.147656 0.212891
0 0.663281 0.294336 0.0609375 0.0632813
0 0.415527 0.571094 0.173633 0.259375
0 0.374609 0.597656 0.0882813 0.2
0 0.574219 0.21167 0.0632813 0.0985352
0 0.64375 0.307813 0.10625 0.125
0 0.650781 0.304492 0.0828125 0.0886719
0 0.55625 0.405859 0.290625 0.489844
0 0.560938 0.217139 0.059375 0.0844727
0 0.565234 0.217969 0.0742188 0.102734
0 0.608203 0.244971 0.128906 0.163184
0 0.511328 0.321484 0.391406 0.317969
0 0.39541 0.623438 0.13418 0.171875
0 0.661719 0.241797 0.065625 0.15625
0 0.579688 0.234424 0.0703125 0.140527
0 0.575 0.316406 0.28125 0.313281
0 0.566406 0.202539 0.0671875 0.0871094
0 0.390625 0.574219 0.123438 0.2625
0 0.6625 0.268555 0.0671875 0.111328
0 0.475391 0.56875 0.164844 0.257031
0 0.622266 0.336719 0.146875 0.179688
0 0.397559 0.439941 0.60957 0.55293
0 0.66875 0.317578 0.071875 0.111719
0 0.589844 0.271094 0.210156 0.2125
0 0.407031 0.657031 0.1625 0.232813
0 0.657031 0.260742 0.128125 0.215625
0 0.344922 0.605859 0.134375 0.189844
0 0.614844 0.285938 0.373437 0.246875
0 0.619141 0.317383 0.152344 0.290234
0 0.669531 0.298047 0.0671875 0.0808594
0 0.485547 0.60625 0.328906 0.354688
0 0.650391 0.283398 0.0867188 0.1
0 0.636719 0.358008 0.128125 0.208984
0 0.652344 0.26167 0.195312 0.215723
0 0.553906 0.237695 0.0484375 0.0609375
0 0.37168 0.619531 0.0785156 0.15
0 0.664062 0.30918 0.0640625 0.0839844
0 0.622656 0.244531 0.148438 0.1625
0 0.417969 0.571484 0.175 0.255469
0 0.573438 0.202686 0.05 0.0696289
0 0.511621 0.433984 0.386133 0.544531
0 0.664062 0.291797 0.0609375 0.0515625
0 0.391016 0.592188 0.117969 0.2125
0 0.575781 0.207813 0.0609375 0.0875
0 0.648828 0.311328 0.0960938 0.100781
0 0.620703 0.283594 0.150781 0.24375
0 0.622656 0.285547 0.145313 0.158594
0 0.570312 0.210938 0.04375 0.0578125
0 0.688672 0.685547 0.0296875 0.0382813
0 0.685938 0.685156 0.0375 0.0453125
0 0.468359 0.571094 0.173438 0.253125
0 0.595313 0.257422 0.201563 0.190625
0 0.559375 0.402344 0.276563 0.475
0 0.377246 0.437109 0.67207 0.557031
0 0.578125 0.295312 0.248438 0.269531
0 0.585547 0.240576 0.0859375 0.154004
0 0.315234 0.0236816 0.630469 0.0473633
0 0.514941 0.324609 0.387305 0.321094
0 0.491797 0.604688 0.332031 0.33125
0 0.398438 0.625 0.132812 0.164844
0 0.416504 0.0253662 0.698242 0.0507324
0 0.344922 0.608594 0.135156 0.182812
0 0.623438 0.329688 0.14375 0.150781
0 0.510938 0.519141 0.371875 0.369531
0 0.497656 0.570312 0.153125 0.251563
0 0.581641 0.319189 0.305469 0.313965
0 0.373828 0.582031 0.0882813 0.239844
0 0.68125 0.0239258 0.6375 0.0478516
0 0.51084 0.0283203 0.692383 0.0566406
0 0.315625 0.8875 0.63125 0.1
0 0.222656 0.0227051 0.445312 0.0454102
0 0.642969 0.342187 0.108594 0.170313
0 0.371094 0.619531 0.0828125 0.154688
0 0.513281 0.438379 0.379688 0.538867
0 0.665234 0.307422 0.0648438 0.0929688
0 0.424316 0.571875 0.188867 0.259375
0 0.664844 0.296875 0.0625 0.0671875
0 0.574219 0.201123 0.05 0.0758789
0 0.621875 0.271484 0.15 0.232031
0 0.622656 0.240674 0.148438 0.162402
0 0.39541 0.585938 0.132617 0.23125
0 0.576953 0.214111 0.0648438 0.111621
0 0.603906 0.302783 0.192188 0.299121
0 0.569531 0.216992 0.0398437 0.0546875
0 0.463281 0.571094 0.240625 0.260938
0 0.566016 0.410938 0.260156 0.5
0 0.589453 0.25293 0.219531 0.193359
0 0.580078 0.234326 0.0757812 0.147754
0 0.542578 0.579688 0.0796875 0.120313
0 0.379785 0.442188 0.65918 0.550781
0 0.344336 0.614453 0.141797 0.171875
0 0.565625 0.219922 0.0328125 0.0460938
0 0.403906 0.625 0.15 0.171875
0 0.652344 0.316797 0.09375 0.125781
0 0.578125 0.318359 0.259375 0.319531
0 0.518359 0.322461 0.366406 0.322266
0 0.650781 0.304297 0.0875 0.0875
0 0.622656 0.361914 0.145313 0.219922
0 0.590625 0.214062 0.0859375 0.115625
0 0.609766 0.212158 0.127344 0.110059
0 0.372656 0.582422 0.0921875 0.245312
0 0.423828 0.633594 0.194531 0.19375
0 0.370313 0.589063 0.0867188 0.103906
0 0.321875 0.0239014 0.64375 0.0478027
0 0.642969 0.351758 0.109375 0.194141
0 0.51416 0.585156 0.373242 0.342187
0 0.497656 0.566797 0.159375 0.249219
0 0.686719 0.685156 0.0359375 0.0507812
0 0.550781 0.599609 0.0609375 0.104688
0 0.486719 0.607031 0.185156 0.184375
0 0.457422 0.0268311 0.702344 0.0536621
0 0.569531 0.209961 0.046875 0.0867188
0 0.433496 0.664062 0.212695 0.246875
0 0.236914 0.0229004 0.473828 0.0458008
0 0.366406 0.620313 0.0851563 0.148438
0 0.572656 0.201904 0.0484375 0.0719727
0 0.663281 0.304297 0.0609375 0.084375
0 0.663281 0.288281 0.0609375 0.0476562
0 0.567969 0.20918 0.034375 0.0589844
0 0.507129 0.437598 0.391992 0.543555
0 0.578125 0.197705 0.0453125 0.0592773
0 0.661719 0.316992 0.0703125 0.1125
0 0.623438 0.269727 0.14375 0.220703
0 0.411328 0.571875 0.16875 0.254688
0 0.574219 0.210156 0.059375 0.101172
0 0.622656 0.23418 0.14375 0.146484
0 0.565625 0.215234 0.0304688 0.0453125
0 0.636719 0.316797 0.11875 0.127344
0 0.37207 0.579688 0.0925781 0.245312
0 0.652344 0.302148 0.078125 0.0804688
0 0.621484 0.320508 0.144531 0.203516
0 0.630469 0.360156 0.126563 0.207813
0 0.649219 0.313086 0.0875 0.107031
0 0.0881836 0.175195 0.0240234 0.0285156
0 0.64375 0.345703 0.103125 0.178125
0 0.567969 0.209033 0.0453125 0.0858398
0 0.610156 0.300781 0.16875 0.273438
0 0.459375 0.568359 0.199219 0.250781
0 0.5875 0.199219 0.0648438 0.0695313
0 0.607422 0.227393 0.114844 0.128027
0 0.329297 0.608594 0.153906 0.174219
0 0.660937 0.237842 0.0640625 0.142285
0 0.573438 0.385938 0.23125 0.45
0 0.370117 0.586719 0.0847656 0.103125
0 0.585938 0.210352 0.075 0.103125
0 0.664062 0.272852 0.0695313 0.0863281
0 0.607031 0.362109 0.175781 0.216406
0 0.588281 0.265039 0.211719 0.208984
0 0.363281 0.555859 0.110937 0.311719
0 0.66875 0.294531 0.0609375 0.0609375
0 0.087207 0.176514 0.0298828 0.0360352
0 0.0793945 0.177344 0.0439453 0.0375
0 0.426465 0.438672 0.44082 0.549219
0 0.374805 0.530371 0.108984 0.376758
0 0.0897461 0.41084 0.172852 0.536133
0 0.520703 0.333594 0.353125 0.348438
0 0.653125 0.284375 0.0789063 0.0765625
0 0.389941 0.625781 0.129492 0.167187
0 0.582031 0.318164 0.225 0.301953
0 0.603125 0.203125 0.0867188 0.0796875
0 0.475 0.46875 0.0296875 0.0414063
0 0.505469 0.575 0.134375 0.189063
0 0.594141 0.232813 0.103906 0.146094
0 0.352344 0.600391 0.121875 0.197656
0 0.414746 0.640625 0.183008 0.20625
0 0.373828 0.0255127 0.747656 0.0510254
0 0.572656 0.188477 0.0609375 0.107031
0 0.350781 0.437891 0.701563 0.557031
0 0.379004 0.614062 0.101367 0.169531
0 0.433984 0.614844 0.215625 0.170313
0 0.564844 0.220898 0.06875 0.0886719
0 0.406934 0.539453 0.161133 0.350781
0 0.327344 0.891406 0.654688 0.101562
0 0.640625 0.310156 0.08125 0.0875
0 0.465625 0.0284912 0.7625 0.0569824
0 0.0706055 0.445703 0.0326172 0.04375
0 0.635156 0.307422 0.0664062 0.0695313
0 0.00766602 0.984375 0.015332 0.03125
0 0.279297 0.605078 0.271094 0.175781
0 0.351758 0.592969 0.0558594 0.084375
0 0.494531 0.596094 0.1625 0.171875
0 0.607031 0.208398 0.121875 0.0964844
0 0.355859 0.589063 0.0929688 0.084375
0 0.476562 0.472266 0.034375 0.0515625
0 0.665625 0.251367 0.225 0.191797
0 0.336328 0.577344 0.153906 0.253125
0 0.367383 0.621875 0.0863281 0.15
0 0.574219 0.20083 0.05 0.0741211
0 0.663281 0.305664 0.0648438 0.0882813
0 0.663281 0.287891 0.0640625 0.0515625
0 0.567578 0.205273 0.0351562 0.0664062
0 0.660156 0.314844 0.078125 0.110156
0 0.566406 0.216992 0.0328125 0.0460938
0 0.575781 0.210205 0.0625 0.101465
0 0.580469 0.19375 0.04375 0.0535156
0 0.636719 0.359766 0.115625 0.208594
0 0.624609 0.262891 0.146875 0.208984
0 0.646094 0.316016 0.103125 0.116797
0 0.620313 0.219336 0.141406 0.119531
0 0.610938 0.355664 0.16875 0.227734
0 0.567187 0.213721 0.04375 0.0795898
0 0.651563 0.301172 0.0796875 0.0820312
0 0.603906 0.210986 0.109375 0.0983398
0 0.5625 0.221484 0.053125 0.0773438
0 0.587891 0.200732 0.0726563 0.0805664
0 0.0723633 0.452344 0.0375 0.0609375
0 0.586719 0.214502 0.0828125 0.109277
0 0.365625 0.599609 0.08125 0.104688
0 0.322656 0.620313 0.172656 0.154688
0 0.0901367 0.17583 0.0220703 0.0264648
0 0.66875 0.294922 0.0632813 0.0640625
0 0.502734 0.455859 0.398438 0.564844
0 0.651563 0.284766 0.0828125 0.0796875
0 0.474219 0.467969 0.03125 0.04375
0 0.0624023 0.566016 0.119727 0.272656
0 0.371484 0.585938 0.0898438 0.235938
0 0.428516 0.575 0.197656 0.248438
0 0.657031 0.212695 0.05625 0.08125
0 0.476562 0.473438 0.0375 0.0546875
0 0.642969 0.310352 0.0890625 0.0878906
0 0.0737305 0.458594 0.0441406 0.075
0 0.602344 0.200977 0.06875 0.0773438
0 0.585938 0.313477 0.21875 0.269922
0 0.589063 0.258545 0.214062 0.20166
0 0.384277 0.624219 0.117383 0.160938
0 0.471777 0.553906 0.201758 0.219531
0 0.537109 0.37959 0.316406 0.436133
0 0.658594 0.208252 0.0359375 0.0788086
0 0.361328 0.589063 0.0703125 0.08125
0 0.420996 0.666406 0.193945 0.248438
0 0.663281 0.276172 0.0734375 0.0890625
0 0.365039 0.0283447 0.730078 0.0566895
0 0.652344 0.346094 0.110937 0.179688
0 0.0888672 0.176172 0.0292969 0.0382813
0 0.6 0.226562 0.114063 0.136719
0 0.390234 0.753906 0.0242188 0.0375
0 0.0719238 0.470313 0.0512695 0.107813
0 0.555469 0.230273 0.0554687 0.0890625
0 0.00780029 0.98125 0.0156006 0.0375
0 0.270898 0.611719 0.289453 0.165625
0 0.0941406 0.177148 0.0332031 0.0371094
0 0.478906 0.479688 0.0515625 0.0765625
0 0.509766 0.578125 0.136719 0.14375
0 0.367578 0.622656 0.0851563 0.154688
0 0.575 0.201123 0.053125 0.0758789
0 0.663672 0.304883 0.0679687 0.0886719
0 0.663672 0.291016 0.0671875 0.0609375
0 0.567187 0.211133 0.0328125 0.0566406
0 0.623828 0.25625 0.147656 0.199609
0 0.655469 0.276953 0.0890625 0.171094
0 0.507031 0.44375 0.394531 0.560938
0 0.65625 0.312109 0.0859375 0.110937
0 0.577344 0.208203 0.0671875 0.1
0 0.634375 0.307422 0.125 0.125781
0 0.565625 0.218555 0.034375 0.0441406
0 0.651563 0.327734 0.09375 0.14375
0 0.616406 0.350586 0.157813 0.208984
0 0.634375 0.339648 0.125 0.170703
0 0.372266 0.586719 0.0890625 0.242188
0 0.413184 0.573828 0.170508 0.260156
0 0.603906 0.332031 0.1875 0.255469
0 0.649219 0.302734 0.0859375 0.0859375
0 0.566406 0.217969 0.0460938 0.0726563
0 0.588281 0.212891 0.0890625 0.109375
0 0.5625 0.225781 0.0578125 0.0789063
0 0.589063 0.200586 0.0796875 0.0832031
0 0.491016 0.561719 0.185938 0.232813
0 0.325391 0.608594 0.160938 0.180469
0 0.588281 0.253125 0.217188 0.194141
0 0.577344 0.364063 0.235938 0.421875
0 0.629687 0.385547 0.13125 0.26875
0 0.546094 0.322266 0.307813 0.333594
0 0.565625 0.223047 0.0734375 0.090625
0 0.391016 0.628906 0.129688 0.182812
0 0.366016 0.576563 0.102344 0.3125
0 0.60625 0.206836 0.121875 0.0964844
0 0.513281 0.551953 0.135937 0.173438
0 0.514844 0.58125 0.132812 0.151562
0 0.374219 0.528125 0.1 0.384375
0 0.423047 0.441016 0.550781 0.563281
0 0.582031 0.309766 0.228125 0.289844
0 0.6625 0.267969 0.0734375 0.108594
0 0.390723 0.582031 0.120117 0.25
0 0.648828 0.287109 0.0921875 0.0851563
0 0.585156 0.367188 0.226562 0.225
0 0.660937 0.230859 0.0703125 0.130469
0 0.481152 0.588672 0.21582 0.214844
0 0.369531 0.623047 0.0820312 0.15
0 0.573828 0.200391 0.0507812 0.075
0 0.664062 0.307813 0.0664062 0.090625
0 0.51416 0.439844 0.381055 0.545313
0 0.662891 0.291797 0.065625 0.0625
0 0.621094 0.242969 0.15 0.167187
0 0.415234 0.571875 0.164844 0.257031
0 0.617969 0.298633 0.154688 0.279297
0 0.577344 0.205127 0.065625 0.0936523
0 0.566406 0.214453 0.03125 0.0488281
0 0.651172 0.263281 0.09375 0.205469
0 0.567969 0.211328 0.0375 0.059375
0 0.614062 0.358203 0.157813 0.200781
0 0.384375 0.575 0.108594 0.257812
0 0.653125 0.313672 0.078125 0.100781
0 0.626953 0.292773 0.139063 0.205859
0 0.588281 0.200391 0.0796875 0.0835937
0 0.390625 0.435547 0.645312 0.557031
0 0.640234 0.354883 0.107031 0.195703
0 0.577344 0.337109 0.234375 0.250781
0 0.478906 0.471484 0.040625 0.0570313
0 0.558594 0.428125 0.276563 0.540625
0 0.661328 0.238623 0.0679687 0.147754
0 0.601562 0.379688 0.189063 0.242969
0 0.0875977 0.176367 0.028125 0.0339844
0 0.6625 0.264453 0.0703125 0.114844
0 0.465527 0.570312 0.261133 0.25625
0 0.586719 0.263281 0.215625 0.207813
0 0.60625 0.20625 0.121875 0.0953125
0 0.52959 0.316602 0.336133 0.316797
0 0.379004 0.535547 0.101367 0.346875
0 0.564063 0.215234 0.05 0.0773438
0 0.560156 0.224023 0.059375 0.0824219
0 0.00800781 0.984375 0.0160156 0.03125
0 0.0924805 0.182812 0.0421875 0.0542969
0 0.480469 0.475781 0.0515625 0.0734375
0 0.691406 0.683984 0.0265625 0.0460938
0 0.688672 0.682422 0.0320312 0.0546875
0 0.390625 0.755469 0.021875 0.0390625
0 0.0883789 0.177783 0.0361328 0.0467773
0 0.563281 0.382422 0.267188 0.235938
0 0.0931885 0.186133 0.0612793 0.0667969
0 0.651563 0.295312 0.08125 0.0796875
0 0.563281 0.596094 0.0671875 0.10625
0 0.663281 0.314844 0.084375 0.117969
0 0.556641 0.604297 0.0554687 0.096875
0 0.471875 0.472266 0.046875 0.0679687
0 0.570312 0.288867 0.25 0.264453
0 0.367578 0.624219 0.0882813 0.151562
0 0.572266 0.201563 0.0523438 0.0773438
0 0.661328 0.307031 0.0664062 0.0902344
0 0.661719 0.291406 0.065625 0.059375
0 0.565625 0.205908 0.0328125 0.0702148
0 0.620703 0.235156 0.150781 0.152344
0 0.575781 0.204492 0.0648438 0.0917969
0 0.657813 0.301953 0.08125 0.115625
0 0.564063 0.219141 0.0296875 0.0421875
0 0.414062 0.571875 0.169531 0.25625
0 0.636328 0.30918 0.117969 0.112891
0 0.620313 0.269922 0.15 0.209766
0 0.585938 0.201514 0.0765625 0.0821289
0 0.619141 0.328516 0.152344 0.207813
0 0.563281 0.22168 0.0390625 0.0570313
0 0.476172 0.471094 0.0375 0.053125
0 0.625 0.353906 0.134375 0.195312
0 0.471094 0.467969 0.0296875 0.0429688
0 0.645312 0.340234 0.0984375 0.167969
0 0.613281 0.307227 0.164062 0.281641
0 0.476465 0.567969 0.22207 0.25
0 0.600781 0.203564 0.1125 0.0874023
0 0.652344 0.301172 0.08125 0.08125
0 0.386621 0.592969 0.117383 0.295312
0 0.376563 0.601562 0.101562 0.203125
0 0.553906 0.600781 0.071875 0.101562
0 0.509766 0.435547 0.382031 0.553906
0 0.477344 0.474219 0.0484375 0.065625
0 0.594531 0.224609 0.103125 0.130469
0 0.546875 0.625 0.0453125 0.05625
0 0.469922 0.46875 0.0414063 0.0546875
0 0.661328 0.245508 0.0703125 0.140234
0 0.542969 0.610156 0.0820312 0.0828125
0 0.586328 0.359375 0.215625 0.408594
0 0.54375 0.628906 0.0296875 0.0429688
0 0.663281 0.275781 0.0726563 0.0890625
0 0.329883 0.619531 0.157422 0.154688
0 0.553906 0.233594 0.0484375 0.0742188
0 0.559375 0.227734 0.0515625 0.071875
0 0.6875 0.683594 0.0328125 0.0484375
0 0.651563 0.252539 0.210938 0.194922
0 0.370313 0.622266 0.0796875 0.142188
0 0.573047 0.201221 0.0523438 0.0733398
0 0.660937 0.306445 0.065625 0.0863281
0 0.661719 0.287891 0.0640625 0.0488281
0 0.565625 0.211133 0.0320312 0.0554687
0 0.564844 0.219922 0.0296875 0.0394531
0 0.575391 0.204736 0.0648438 0.0881836
0 0.577344 0.197266 0.0484375 0.0578125
0 0.620313 0.230859 0.146875 0.138281
0 0.630469 0.28125 0.126563 0.15
0 0.560156 0.225391 0.040625 0.0527344
0 0.415625 0.571875 0.164844 0.25
0 0.650781 0.316992 0.084375 0.115234
0 0.585156 0.200732 0.0734375 0.0758789
0 0.640625 0.25957 0.110937 0.161719
0 0.626953 0.353906 0.123438 0.192188
0 0.655859 0.292578 0.0734375 0.0609375
0 0.476172 0.471094 0.034375 0.0492188
0 0.471875 0.468359 0.0265625 0.0390625
0 0.623438 0.33125 0.142188 0.182812
0 0.598437 0.198779 0.104688 0.0727539
0 0.603125 0.194727 0.08125 0.0628906
0 0.665625 0.294531 0.071875 0.0726563
0 0.554297 0.232227 0.0445313 0.0671875
0 0.60625 0.211914 0.120313 0.0957031
0 0.582031 0.217773 0.0757812 0.109766
0 0.390234 0.75625 0.0226563 0.0359375
0 0.663281 0.275391 0.071875 0.0804688
0 0.520312 0.436328 0.35 0.553125
0 0.478906 0.475391 0.0421875 0.0554687
0 0.48125 0.56875 0.189063 0.248438
0 0.619531 0.271289 0.151562 0.219141
0 0.614453 0.326953 0.157031 0.242969
0 0.600781 0.354736 0.179688 0.388184
0 0.569531 0.213867 0.0546875 0.0808594
0 0.660156 0.241797 0.0640625 0.0976562
0 0.688281 0.683984 0.03125 0.0445313
0 0.580078 0.396973 0.222656 0.476367
0 0.471875 0.471875 0.0453125 0.0578125
0 0.468359 0.467187 0.0382813 0.0453125
0 0.383594 0.600391 0.105469 0.192969
0 0.385938 0.628125 0.111719 0.157813
0 0.645312 0.295898 0.102344 0.0636719
0 0.564063 0.596875 0.0609375 0.0984375
0 0.621484 0.191406 0.084375 0.0597656
0 0.394531 0.758594 0.0304688 0.04375
0 0.573047 0.201563 0.0523438 0.0742188
0 0.660937 0.307617 0.0640625 0.0878906
0 0.370703 0.620313 0.0828125 0.145313
0 0.661719 0.294922 0.0625 0.0632813
0 0.567187 0.216016 0.0375 0.05
0 0.574219 0.206592 0.0640625 0.0899414
0 0.408691 0.571094 0.149805 0.251563
0 0.578906 0.196289 0.0453125 0.05625
0 0.660937 0.285352 0.0625 0.0515625
0 0.559375 0.228125 0.0484375 0.0582031
0 0.638281 0.278906 0.109375 0.151562
0 0.655469 0.311328 0.078125 0.103125
0 0.617969 0.242383 0.145313 0.162109
0 0.603906 0.210156 0.123438 0.0945313
0 0.5875 0.195264 0.0625 0.0641602
0 0.510254 0.43291 0.363867 0.54668
0 0.554688 0.235742 0.0484375 0.0695313
0 0.6625 0.26875 0.06875 0.0902344
0 0.648047 0.253125 0.0914062 0.169922
0 0.660156 0.249219 0.0640625 0.103906
0 0.566406 0.219141 0.0578125 0.0742188
0 0.654297 0.283008 0.0757812 0.0683594
0 0.634375 0.331641 0.114063 0.15
0 0.473438 0.46875 0.028125 0.040625
0 0.477344 0.471094 0.0351562 0.046875
0 0.596094 0.221289 0.120313 0.121094
0 0.627344 0.351953 0.123438 0.192969
0 0.599219 0.193408 0.0828125 0.0616211
0 0.621875 0.318359 0.142188 0.139063
0 0.595313 0.197656 0.102344 0.0722656
0 0.390625 0.755469 0.021875 0.034375
0 0.646094 0.302734 0.09375 0.0730469
0 0.345313 0.61875 0.138281 0.154688
0 0.475 0.475781 0.040625 0.0609375
0 0.53125 0.359766 0.021875 0.0382813
0 0.469531 0.466797 0.0359375 0.0484375
0 0.370703 0.588281 0.084375 0.146875
0 0.519531 0.35625 0.025 0.0421875
0 0.614062 0.29917 0.159375 0.250098
0 0.391504 0.429785 0.593555 0.563867
0 0.658984 0.213086 0.0382813 0.0667969
0 0.471875 0.569141 0.145313 0.250781
0 0.638281 0.35625 0.0648438 0.0554687
0 0.553125 0.209766 0.0921875 0.0976562
0 0.375781 0.619922 0.0734375 0.140625
0 0.572656 0.200781 0.0484375 0.0734375
0 0.661719 0.30625 0.0632813 0.0859375
0 0.662109 0.29375 0.0601563 0.0601563
0 0.410254 0.570312 0.143555 0.248438
0 0.578125 0.198437 0.0359375 0.0582031
0 0.567187 0.21582 0.0351562 0.0472656
0 0.574219 0.205908 0.0609375 0.0889648
0 0.581641 0.191797 0.0375 0.046875
0 0.633594 0.295312 0.117188 0.111719
0 0.61875 0.211133 0.142188 0.0984375
0 0.660937 0.285156 0.0617188 0.0429688
0 0.619922 0.239453 0.142188 0.156641
0 0.560156 0.226172 0.0460938 0.05625
0 0.607813 0.206055 0.121094 0.0808594
0 0.590625 0.195703 0.059375 0.0640625
0 0.5875 0.199658 0.0765625 0.0756836
0 0.475781 0.467969 0.0289063 0.0390625
0 0.65 0.308203 0.084375 0.0890625
0 0.646484 0.255273 0.0929688 0.160938
0 0.612891 0.195264 0.0929688 0.0649414
0 0.479688 0.469922 0.034375 0.0445313
0 0.53125 0.359961 0.0203125 0.0339844
0 0.520312 0.357812 0.0234375 0.0375
0 0.69375 0.685938 0.021875 0.0335938
0 0.344922 0.617969 0.1375 0.151562
0 0.690625 0.684375 0.028125 0.040625
0 0.565234 0.216406 0.0523438 0.0710938
0 0.653125 0.284766 0.078125 0.0632813
0 0.390625 0.753906 0.0203125 0.0328125
0 0.625 0.190967 0.084375 0.0610352
0 0.470703 0.466406 0.0382813 0.046875
0 0.554688 0.233984 0.0484375 0.0671875
0 0.544531 0.626953 0.0273438 0.04375
0 0.6625 0.267773 0.0679687 0.0839844
0 0.476562 0.475 0.0445313 0.0609375
0 0.608594 0.224219 0.134375 0.128125
0 0.470313 0.471875 0.0453125 0.059375
0 0.538281 0.359766 0.0234375 0.0335938
0 0.685938 0.683594 0.0390625 0.05
0 0.375781 0.597656 0.0851563 0.189063
0 0.515234 0.443359 0.345313 0.55625
0 0.515625 0.355469 0.0359375 0.0460938
0 0.45625 0.567187 0.142188 0.245312
0 0.0896484 0.174414 0.0210938 0.0289063
0 0.511719 0.355859 0.028125 0.0390625
0 0.00773926 0.984375 0.0154785 0.03125
0 0.605469 0.189258 0.0578125 0.05625
0 0.520312 0.358594 0.04375 0.0476562
0 0.624219 0.350195 0.121875 0.185547
0 0.0268555 0.158105 0.0180664 0.0376953
0 0.463672 0.478906 0.0726563 0.0828125
0 0.688672 0.692187 0.0359375 0.0546875
0 0.0858398 0.173438 0.0197266 0.0265625
0 0.070752 0.442188 0.0303711 0.0367188
0 0.547266 0.623438 0.034375 0.0523438
0 0.658984 0.228125 0.0554687 0.053125
0 0.55 0.609766 0.0421875 0.0820312
0 0.0686523 0.440625 0.0244141 0.03125
0 0.373047 0.620313 0.0765625 0.14375
0 0.572656 0.200781 0.05 0.0742188
0 0.661719 0.307031 0.065625 0.0898438
0 0.619922 0.25918 0.146094 0.199219
0 0.56875 0.207031 0.0398437 0.065625
0 0.573828 0.204639 0.0640625 0.0883789
0 0.6625 0.291797 0.0632813 0.0570313
0 0.414844 0.571484 0.158594 0.253906
0 0.564844 0.218359 0.0335938 0.0429688
0 0.471875 0.466016 0.0234375 0.0367188
0 0.475 0.466797 0.0296875 0.0421875
0 0.61875 0.305127 0.146875 0.295996
0 0.479688 0.469531 0.0382813 0.0515625
0 0.644531 0.258398 0.1 0.194141
0 0.577344 0.197607 0.04375 0.0594727
0 0.693359 0.685156 0.0242188 0.0390625
0 0.690625 0.683984 0.03125 0.0460938
0 0.087793 0.174414 0.0224609 0.0304688
0 0.686719 0.682031 0.0398437 0.053125
0 0.558594 0.223633 0.0484375 0.0613281
0 0.0732422 0.45 0.0335938 0.0546875
0 0.564453 0.213281 0.0453125 0.075
0 0.0935547 0.175439 0.0316406 0.0366211
0 0.544531 0.627734 0.028125 0.04375
0 0.387891 0.753125 0.0203125 0.03125
0 0.478516 0.473438 0.0453125 0.0640625
0 0.606641 0.202734 0.132031 0.0839844
0 0.104468 0.182764 0.0605957 0.0547852
0 0.0268433 0.157422 0.0174072 0.0390625
0 0.0744629 0.4625 0.0416992 0.0859375
0 0.525391 0.462109 0.342969 0.592188
0 0.68125 0.676562 0.0484375 0.065625
0 0.0898438 0.178516 0.0345703 0.0511719
0 0.589063 0.198877 0.0734375 0.0725586
0 0.00778809 0.983594 0.0155762 0.0328125
0 0.06875 0.441406 0.0232422 0.03125
0 0.552344 0.603516 0.046875 0.0960938
0 0.648828 0.308594 0.0882813 0.0992187
0 0.129004 0.191357 0.0308594 0.0391602
0 0.689063 0.69375 0.0375 0.0625
0 0.596094 0.234375 0.115625 0.146484
0 0.471875 0.466016 0.0382813 0.0515625
0 0.469141 0.56875 0.128906 0.254688
0 0.132715 0.194531 0.0222656 0.0265625
0 0.00661621 0.991406 0.0132324 0.0171875
0 0.560938 0.597656 0.0578125 0.0984375
0 0.071875 0.452344 0.0414063 0.0640625
0 0.478516 0.459375 0.0382813 0.053125
0 0.0253052 0.148828 0.0195068 0.0449219
0 0.0708984 0.444141 0.0339844 0.0445313
0 0.392188 0.592188 0.115625 0.209375
0 0.546875 0.622656 0.0351562 0.05625
0 0.539062 0.623828 0.040625 0.0507812
0 0.570312 0.432813 0.24375 0.53125
0 0.390625 0.757031 0.025 0.0375
0 0.616406 0.211914 0.140625 0.10625
0 0.628906 0.35957 0.11875 0.216797
0 0.588281 0.20957 0.117188 0.0972656
0 0.653125 0.294922 0.071875 0.0679687
0 0.0823242 0.174707 0.0322266 0.0318359
0 0.11709 0.189502 0.0558594 0.0491211
0 0.553125 0.235156 0.0484375 0.0679687
0 0.616797 0.366992 0.145313 0.258984
0 0.0250977 0.141602 0.0191406 0.0351562
0 0.58125 0.369922 0.210938 0.414844
0 0.629687 0.195312 0.08125 0.071875
0 0.343359 0.621094 0.135156 0.154688
0 0.607813 0.339111 0.164062 0.37959
0 0.572266 0.586719 0.040625 0.0703125
0 0.65 0.285547 0.0859375 0.0726563
0 0.669922 0.675781 0.071875 0.0796875
0 0.380469 0.685156 0.101562 0.278125
0 0.694141 0.689063 0.03125 0.0515625
0 0.682031 0.64375 0.0242188 0.0265625
0 0.658594 0.53125 0.034375 0.053125
0 0.135937 0.197461 0.0230469 0.0320312
0 0.516406 0.354883 0.021875 0.0425781
0 0.688281 0.701563 0.0421875 0.0828125
0 0.470313 0.478125 0.0671875 0.0875
0 0.499219 0.551562 0.144531 0.220313
0 0.373828 0.619141 0.0726563 0.141406
0 0.572656 0.201563 0.046875 0.0707031
0 0.663281 0.307031 0.059375 0.0851563
0 0.620703 0.258398 0.140625 0.196094
0 0.56875 0.208203 0.0359375 0.0570313
0 0.471484 0.466797 0.0203125 0.034375
0 0.64375 0.261133 0.0984375 0.188281
0 0.474609 0.467578 0.028125 0.0398437
0 0.564453 0.216992 0.0304688 0.0410156
0 0.0875 0.175391 0.021875 0.0292969
0 0.573438 0.203076 0.059375 0.0797852
0 0.478125 0.469141 0.0390625 0.04375
0 0.578906 0.193555 0.0390625 0.0488281
0 0.663281 0.292188 0.0570313 0.0546875
0 0.413965 0.572656 0.154883 0.251563
0 0.655469 0.30918 0.0703125 0.1
0 0.389844 0.754687 0.01875 0.03125
0 0.0927734 0.175781 0.0304688 0.0335938
0 0.558594 0.223438 0.05 0.0585938
0 0.573438 0.219189 0.0671875 0.112402
0 0.0708008 0.446875 0.0267578 0.04375
0 0.563281 0.214844 0.0484375 0.0710938
0 0.475391 0.473438 0.0375 0.05625
0 0.470703 0.466406 0.034375 0.0445313
0 0.474219 0.459375 0.025 0.0484375
0 0.0734375 0.451953 0.0330078 0.053125
0 0.0689453 0.441797 0.0224609 0.0304688
0 0.0827148 0.176514 0.0337891 0.0313477
0 0.0886719 0.17793 0.0292969 0.0429688
0 0.591797 0.255469 0.186719 0.189063
0 0.610156 0.211719 0.128125 0.0953125
0 0.629297 0.610938 0.01875 0.03125
0 0.597266 0.248047 0.13125 0.174609
0 0.383496 0.595703 0.0970703 0.196094
0 0.610547 0.28457 0.163281 0.250391
0 0.0074707 0.985156 0.0149414 0.0296875
0 0.623438 0.288672 0.134375 0.146094
0 0.530078 0.404687 0.323438 0.476562
0 0.0745117 0.457813 0.0386719 0.071875
0 0.570312 0.370508 0.234375 0.412109
0 0.0064209 0.991406 0.0128418 0.0171875
0 0.694141 0.685547 0.0210938 0.0351562
0 0.0960938 0.182227 0.0394531 0.0480469
0 0.619141 0.219727 0.14375 0.119531
0 0.686719 0.684375 0.0328125 0.05
0 0.389062 0.75625 0.0234375 0.0359375
0 0.48125 0.451562 0.0265625 0.0609375
0 0.466406 0.569531 0.121875 0.248438
0 0.394141 0.755469 0.028125 0.0359375
0 0.5875 0.195361 0.0578125 0.0631836
0 0.342969 0.620313 0.13125 0.151562
0 0.847656 0.344922 0.0234375 0.0367188
0 0.0266479 0.160449 0.01604 0.0314453
0 0.492578 0.395996 0.0320312 0.192383
0 0.683203 0.676562 0.0445313 0.0601563
0 0.553906 0.238281 0.046875 0.0570313
0 0.0718262 0.178906 0.0579102 0.0394531
0 0.390625 0.742578 0.0195312 0.0570313
0 0.380859 0.435059 0.636719 0.551758
0 0.653906 0.298047 0.0695313 0.0691406
0 0.4875 0.407129 0.04375 0.168555
0 0.373437 0.620313 0.0804688 0.15
0 0.662109 0.308398 0.0632813 0.0898438
0 0.572656 0.202148 0.05 0.0746094
0 0.415625 0.571875 0.161719 0.254688
0 0.610156 0.263086 0.16875 0.208203
0 0.653906 0.267969 0.0859375 0.185938
0 0.574219 0.206641 0.0632813 0.090625
0 0.567578 0.209766 0.040625 0.0601563
0 0.6625 0.29375 0.0625 0.0609375
0 0.474609 0.46875 0.0289063 0.0421875
0 0.517578 0.442969 0.359375 0.563281
0 0.0881836 0.175977 0.0251953 0.0308594
0 0.477344 0.471875 0.0375 0.05
0 0.614062 0.231445 0.146875 0.142969
0 0.571484 0.367773 0.238281 0.415234
0 0.0728027 0.452344 0.0342773 0.05625
0 0.390625 0.755078 0.0226563 0.0359375
0 0.563672 0.214844 0.0570313 0.078125
0 0.589844 0.296875 0.209375 0.278906
0 0.558594 0.225 0.0585938 0.0671875
0 0.0695313 0.44375 0.0253906 0.0359375
0 0.685156 0.683203 0.0421875 0.0546875
0 0.0919922 0.176367 0.0335938 0.0351562
0 0.56875 0.220264 0.10625 0.118066
0 0.691797 0.685156 0.0289063 0.0414063
0 0.587891 0.246143 0.188281 0.172559
0 0.611719 0.20708 0.1375 0.0920898
0 0.0821289 0.178125 0.0392578 0.0339844
0 0.0676758 0.445312 0.0314453 0.0421875
0 0.53125 0.323633 0.327344 0.321484
0 0.654688 0.314844 0.084375 0.114844
0 0.0741211 0.459766 0.0408203 0.075
0 0.630469 0.305469 0.125781 0.128906
0 0.696875 0.685938 0.025 0.0398437
0 0.471484 0.470313 0.04375 0.0578125
0 0.0897461 0.179297 0.0347656 0.0449219
0 0.464844 0.571875 0.13125 0.25625
0 0.476953 0.474219 0.04375 0.0617188
0 0.5875 0.200732 0.0742188 0.0758789
0 0.0825195 0.179883 0.0490234 0.0460938
0 0.653906 0.296094 0.075 0.0714844
0 0.0955078 0.182861 0.0410156 0.0506836
0 0.00788574 0.985156 0.0157715 0.0296875
0 0.393359 0.75625 0.0304688 0.0421875
0 0.585156 0.211328 0.0859375 0.100781
0 0.0272949 0.159961 0.0168945 0.0378906
0 0.5125 0.354297 0.0304688 0.0460938
0 0.563281 0.225 0.071875 0.0867188
0 0.624609 0.355859 0.135156 0.203125
0 0.553906 0.237305 0.0546875 0.0695313
0 0.608984 0.322656 0.167969 0.253125
0 0.654688 0.266211 0.201563 0.223047
0 0.871875 0.721875 0.025 0.0453125
0 0.606641 0.200586 0.107031 0.0765625
0 0.402344 0.438281 0.59375 0.551562
0 0.629297 0.611328 0.021875 0.034375
0 0.848437 0.342969 0.025 0.0414063
0 0.026062 0.149805 0.0187744 0.0457031
0 0.344531 0.620313 0.135156 0.157813
0 0.0712402 0.182422 0.0651367 0.0441406
0 0.558984 0.245117 0.144531 0.170703
0 0.507031 0.352734 0.0273438 0.05
0 0.00715332 0.991406 0.0143066 0.0171875
0 0.547656 0.227002 0.113281 0.132715
0 0.477734 0.460547 0.0390625 0.05625
0 0.632422 0.212109 0.169531 0.113281
0 0.668359 0.678125 0.0820312 0.1
0 0.682031 0.673047 0.053125 0.0765625
0 0.690234 0.688281 0.0367188 0.0515625
0 0.521875 0.358398 0.0359375 0.0417969
0 0.483203 0.564063 0.185156 0.245312
0 0.37666 0.586719 0.0888672 0.223438
0 0.0255981 0.141797 0.0187256 0.0359375
0 0.12373 0.191406 0.0423828 0.0414063
0 0.592578 0.351758 0.200781 0.255078
0 0.0750977 0.482031 0.0439453 0.11875
0 0.515234 0.358203 0.046875 0.059375
0 0.373047 0.621094 0.078125 0.147656
0 0.662891 0.307031 0.0617188 0.0859375
0 0.572656 0.202148 0.0484375 0.0722656
0 0.416309 0.571484 0.15957 0.250781
0 0.621094 0.258789 0.14375 0.198828
0 0.576172 0.206445 0.0601563 0.0871094
0 0.655859 0.297852 0.0804688 0.112891
0 0.56875 0.208984 0.0375 0.0609375
0 0.660937 0.294141 0.0609375 0.0585938
0 0.565625 0.214844 0.0375 0.0515625
0 0.477344 0.472656 0.0375 0.05
0 0.515234 0.446094 0.358594 0.559375
0 0.652344 0.303125 0.0773438 0.0851563
0 0.619531 0.215283 0.139063 0.108496
0 0.591797 0.254102 0.19375 0.187891
0 0.567187 0.21333 0.0539063 0.0819336
0 0.582422 0.236523 0.0757812 0.148828
0 0.560938 0.221875 0.0578125 0.078125
0 0.564844 0.38125 0.248438 0.433594
0 0.602344 0.288477 0.182812 0.262109
0 0.589844 0.198779 0.0703125 0.0711914
0 0.589063 0.20542 0.0859375 0.0852539
0 0.464063 0.570312 0.154688 0.254688
0 0.375684 0.59375 0.0861328 0.210938
0 0.343945 0.621484 0.130859 0.154688
0 0.471484 0.472266 0.046875 0.059375
0 0.629297 0.306055 0.126563 0.112109
0 0.0716797 0.451562 0.0328125 0.0515625
0 0.691016 0.685156 0.0296875 0.0398437
0 0.580469 0.215186 0.0890625 0.107129
0 0.609375 0.345117 0.1625 0.206641
0 0.684375 0.682813 0.04375 0.05625
0 0.611719 0.20083 0.0890625 0.0756836
0 0.519922 0.332031 0.345313 0.33125
0 0.0700195 0.444922 0.0279297 0.0367188
0 0.391016 0.755469 0.0226563 0.0359375
0 0.652344 0.290234 0.08125 0.0757812
0 0.384375 0.630859 0.101562 0.174219
0 0.577734 0.313867 0.228125 0.312109
0 0.0673828 0.446094 0.0345703 0.04375
0 0.605469 0.204736 0.123438 0.0850586
0 0.405371 0.442969 0.579883 0.55
0 0.383594 0.572656 0.103125 0.259375
0 0.697656 0.686719 0.025 0.0367188
0 0.522656 0.0461914 0.628125 0.0923828
0 0.323438 0.610938 0.167187 0.175781
0 0.646094 0.318359 0.0953125 0.111328
0 0.658594 0.26167 0.209375 0.211816
0 0.370313 0.621875 0.0796875 0.14375
0 0.6625 0.307422 0.0625 0.0859375
0 0.572656 0.201758 0.0484375 0.0710938
0 0.621094 0.257031 0.145313 0.191406
0 0.567969 0.209766 0.0359375 0.0585938
0 0.415527 0.571094 0.161133 0.253125
0 0.575781 0.205859 0.0609375 0.0855469
0 0.639063 0.26875 0.1125 0.16875
0 0.577344 0.195312 0.0453125 0.0539063
0 0.660937 0.293945 0.0609375 0.0585938
0 0.383203 0.588281 0.103906 0.228125
0 0.651953 0.303906 0.0773438 0.0859375
0 0.513281 0.446875 0.373437 0.553906
0 0.343359 0.623828 0.132031 0.151562
0 0.475781 0.471484 0.034375 0.046875
0 0.567969 0.212158 0.05 0.0827148
0 0.392578 0.582422 0.122656 0.297656
0 0.464844 0.56875 0.15625 0.259375
0 0.373633 0.593359 0.0886719 0.157031
0 0.322461 0.613281 0.172266 0.171875
0 0.599219 0.253076 0.103125 0.18291
0 0.562109 0.219727 0.0539063 0.0824219
0 0.583594 0.250732 0.0710938 0.17666
0 0.589063 0.195752 0.065625 0.0655273
0 0.383984 0.652344 0.104688 0.215625
0 0.561719 0.379004 0.259375 0.42793
0 0.650781 0.289062 0.0875 0.0910156
0 0.522656 0.0469727 0.626563 0.0939453
0 0.405469 0.697656 0.155469 0.307813
0 0.373437 0.557031 0.0984375 0.35625
0 0.364844 0.601562 0.0726563 0.107813
0 0.392871 0.453516 0.611133 0.560156
0 0.0710938 0.446875 0.0316406 0.0421875
0 0.381641 0.0464844 0.644531 0.0929688
0 0.0696289 0.442188 0.0269531 0.0304688
0 0.369531 0.620313 0.084375 0.151562
0 0.621094 0.259375 0.146875 0.203906
0 0.662891 0.307422 0.0625 0.0882813
0 0.573047 0.200977 0.05 0.0738281
0 0.514941 0.446973 0.373242 0.554492
0 0.414941 0.569141 0.15918 0.257812
0 0.6625 0.294531 0.065625 0.065625
0 0.430566 0.451465 0.541992 0.558008
0 0.374414 0.575391 0.0910156 0.257031
0 0.575781 0.206836 0.065625 0.0902344
0 0.616797 0.300342 0.155469 0.28916
0 0.590234 0.25332 0.185938 0.190234
0 0.564844 0.369141 0.251563 0.417969
0 0.371484 0.595703 0.0921875 0.147656
0 0.344531 0.619531 0.132812 0.160938
0 0.587891 0.316455 0.210938 0.31709
0 0.567187 0.208789 0.0453125 0.0769531
0 0.6 0.253516 0.123438 0.186719
0 0.382129 0.708594 0.11543 0.342187
0 0.466797 0.567969 0.127344 0.259375
0 0.65 0.304297 0.0851563 0.0921875
0 0.6625 0.272852 0.0710938 0.120703
0 0.660937 0.242773 0.06875 0.149609
0 0.363281 0.546875 0.117969 0.326562
0 0.375684 0.573438 0.0970703 0.176563
0 0.0597656 0.546875 0.119531 0.264062
0 0.326562 0.607422 0.1625 0.186719
0 0.522266 0.319922 0.346094 0.3125
0 0.0712402 0.447266 0.0307617 0.0445313
0 0.513672 0.0456543 0.638281 0.0913086
0 0.382812 0.65625 0.109375 0.245312
0 0.565625 0.219092 0.0859375 0.118848
0 0.610156 0.356836 0.164062 0.270703
0 0.386719 0.764453 0.134375 0.471094
0 0.579688 0.228711 0.08125 0.132422
0 0.573438 0.201904 0.05 0.0758789
0 0.370898 0.622656 0.0824219 0.148438
0 0.6625 0.308203 0.0625 0.0875
0 0.621094 0.255859 0.146875 0.196094
0 0.416406 0.570312 0.161719 0.260938
0 0.575781 0.205859 0.0648438 0.0886719
0 0.564844 0.2125 0.03125 0.0574219
0 0.6625 0.29082 0.065625 0.0546875
0 0.65 0.26333 0.096875 0.17959
0 0.516797 0.447754 0.367188 0.576367
0 0.610547 0.241992 0.123438 0.162891
0 0.558594 0.227344 0.040625 0.05625
0 0.653125 0.312695 0.0734375 0.0972656
0 0.566406 0.425391 0.258594 0.532031
0 0.473438 0.566406 0.1375 0.257812
0 0.562891 0.221289 0.0390625 0.0609375
0 0.436328 0.44209 0.532031 0.556445
0 0.478906 0.473438 0.0390625 0.0578125
0 0.592578 0.205469 0.102344 0.0875
0 0.594531 0.28457 0.201563 0.256641
0 0.378125 0.56875 0.0953125 0.279687
0 0.553906 0.235547 0.0453125 0.0714844
0 0.592188 0.250439 0.189063 0.18584
0 0.558594 0.225781 0.05 0.0890625
0 0.608594 0.352734 0.165625 0.209375
0 0.345508 0.623438 0.130078 0.153125
0 0.582422 0.228711 0.0757812 0.137891
0 0.652344 0.297656 0.0796875 0.0726563
0 0.589844 0.198633 0.075 0.0722656
0 0.609375 0.211328 0.120313 0.101562
0 0.566406 0.214844 0.0640625 0.105469
0 0.549219 0.607813 0.0421875 0.090625
0 0.508203 0.562891 0.132031 0.217969
0 0.582422 0.211523 0.0898438 0.104297
0 0.554297 0.600391 0.0554687 0.103906
0 0.544922 0.629687 0.028125 0.04375
0 0.642969 0.35625 0.103125 0.2
0 0.658984 0.235547 0.0625 0.0910156
0 0.472266 0.475 0.0554687 0.071875
0 0.546094 0.624219 0.034375 0.0539063
0 0.6625 0.273438 0.071875 0.107031
0 0.327148 0.606641 0.156641 0.186719
0 0.535254 0.319531 0.324805 0.315625
0 0.5125 0.596484 0.125 0.172656
0 0.692969 0.685547 0.025 0.0398437
0 0.0635742 0.552734 0.127148 0.269531
0 0.652734 0.315234 0.090625 0.116406
0 0.540625 0.585156 0.078125 0.126563
0 0.688281 0.685938 0.0328125 0.05
0 0.468359 0.48125 0.0734375 0.0914062
0 0.623438 0.288086 0.141406 0.148047
0 0.346094 0.571094 0.148438 0.270313
0 0.383594 0.648438 0.10625 0.209375
0 0.482031 0.489844 0.065625 0.09375
0 0.372266 0.622656 0.078125 0.142188
0 0.574219 0.201172 0.0515625 0.0738281
0 0.6625 0.307422 0.0632813 0.0867188
0 0.416309 0.570312 0.15957 0.254688
0 0.567187 0.202783 0.034375 0.0764648
0 0.620313 0.25625 0.148438 0.195312
0 0.566406 0.217578 0.0328125 0.05
0 0.576563 0.20542 0.0640625 0.0891602
0 0.564063 0.220117 0.028125 0.040625
0 0.559375 0.226562 0.0375 0.0515625
0 0.658203 0.297461 0.078125 0.108594
0 0.606641 0.355078 0.170313 0.196875
0 0.523828 0.444629 0.353906 0.566992
0 0.661719 0.292383 0.065625 0.0574219
0 0.588672 0.318945 0.208594 0.277734
0 0.573047 0.419531 0.249219 0.515625
0 0.652344 0.312891 0.0765625 0.0976562
0 0.541797 0.38125 0.307031 0.442188
0 0.553906 0.233203 0.0421875 0.0648438
0 0.610938 0.225049 0.123438 0.128809
0 0.5875 0.257031 0.210938 0.195312
0 0.480469 0.473438 0.040625 0.05625
0 0.588281 0.205127 0.090625 0.0866211
0 0.639844 0.355469 0.10625 0.195312
0 0.346094 0.623438 0.129688 0.147656
0 0.694141 0.685156 0.0226563 0.0390625
0 0.461719 0.567969 0.151562 0.253125
0 0.5625 0.218311 0.05 0.0891602
0 0.689063 0.684375 0.0328125 0.0476562
0 0.602344 0.244873 0.1375 0.171191
0 0.477344 0.476172 0.0484375 0.0695313
0 0.622656 0.378516 0.136719 0.24375
0 0.552344 0.603906 0.046875 0.09375
0 0.629297 0.306641 0.127344 0.104688
0 0.608984 0.206641 0.119531 0.0914062
0 0.545313 0.31875 0.304688 0.3125
0 0.651953 0.297852 0.078125 0.0710938
0 0.582031 0.221094 0.078125 0.122266
0 0.436621 0.442969 0.52832 0.557813
0 0.468359 0.560938 0.21875 0.242188
0 0.591406 0.197314 0.06875 0.0694336
0 0.567187 0.211377 0.0671875 0.0999023
0 0.466406 0.482812 0.0851563 0.09375
0 0.388672 0.572656 0.110937 0.260938
0 0.627344 0.33125 0.132812 0.149219
0 0.389844 0.754687 0.0234375 0.0359375
0 0.641406 0.31582 0.10625 0.10625
0 0.482812 0.489063 0.06875 0.0921875
0 0.698438 0.685547 0.021875 0.0390625
0 0.569531 0.214111 0.0492188 0.0811523
0 0.384277 0.637891 0.100195 0.178125
0 0.544531 0.629687 0.0265625 0.0421875
0 0.544531 0.625 0.03125 0.053125
0 0.478516 0.49375 0.0890625 0.109375
0 0.327344 0.6125 0.15 0.170313
0 0.607813 0.199414 0.084375 0.0738281
0 0.389844 0.757031 0.025 0.0484375
0 0.562109 0.596094 0.0664062 0.09375
0 0.0724609 0.452734 0.0324219 0.05625
0 0.684375 0.685156 0.0421875 0.0578125
0 0.371875 0.620313 0.08125 0.153125
0 0.662891 0.306055 0.065625 0.0898438
0 0.573438 0.200391 0.053125 0.075
0 0.414453 0.569531 0.157813 0.2625
0 0.519922 0.452344 0.378125 0.572656
0 0.60625 0.267236 0.178125 0.22334
0 0.584766 0.320117 0.221094 0.330078
0 0.571094 0.421777 0.26875 0.52207
0 0.577734 0.205078 0.0679687 0.0929688
0 0.54375 0.351904 0.314063 0.386816
0 0.564844 0.214648 0.0328125 0.053125
0 0.6375 0.255469 0.119531 0.201172
0 0.610156 0.367969 0.167969 0.248438
0 0.438672 0.448047 0.544531 0.564844
0 0.467578 0.567578 0.18125 0.265625
0 0.592188 0.212549 0.101562 0.110059
0 0.644922 0.363086 0.101562 0.219141
0 0.38125 0.628906 0.0953125 0.190625
0 0.382129 0.571094 0.101367 0.273438
0 0.346484 0.620313 0.132812 0.157813
0 0.558594 0.225781 0.04375 0.0625
0 0.384766 0.671875 0.110937 0.2625
0 0.563672 0.219141 0.0414063 0.0664062
0 0.651172 0.400781 0.0953125 0.30625
0 0.65 0.309375 0.09375 0.103906
0 0.6625 0.291406 0.0703125 0.0945313
0 0.589453 0.200391 0.0882813 0.0839844
0 0.479297 0.471484 0.040625 0.0625
0 0.579688 0.257227 0.192188 0.201172
0 0.69375 0.685547 0.025 0.040625
0 0.689844 0.684375 0.0335938 0.0492188
0 0.632031 0.404687 0.128906 0.315625
0 0.592969 0.398438 0.2125 0.328125
0 0.611719 0.216602 0.140625 0.120313
0 0.623047 0.299658 0.142969 0.292871
0 0.663281 0.471484 0.0875 0.451562
0 0.665625 0.257031 0.0859375 0.206641
0 0.553906 0.233594 0.0453125 0.0765625
0 0.388281 0.757812 0.120313 0.453125
0 0.486621 0.564844 0.300195 0.260938
0 0.654688 0.27207 0.084375 0.165234
0 0.478125 0.475781 0.053125 0.0773438
0 0.626172 0.35625 0.132031 0.215625
0 0.553906 0.603906 0.0515625 0.0921875
0 0.558594 0.226562 0.053125 0.090625
0 0.653125 0.304688 0.0882813 0.146094
0 0.560938 0.596875 0.0671875 0.103125
0 0.6625 0.660937 0.0953125 0.1375
0 0.686719 0.682031 0.0421875 0.0625
0 0.573438 0.200781 0.0507812 0.0734375
0 0.662891 0.307813 0.0632813 0.0898438
0 0.372266 0.621094 0.0765625 0.15
0 0.61875 0.264648 0.15 0.214453
0 0.576563 0.204346 0.0640625 0.0897461
0 0.565625 0.211719 0.0335938 0.05625
0 0.591797 0.315625 0.207031 0.325
0 0.660937 0.263086 0.071875 0.189453
0 0.514063 0.445312 0.378906 0.553125
0 0.645312 0.25625 0.100781 0.200781
0 0.626563 0.359766 0.128125 0.216406
0 0.525879 0.363232 0.337305 0.399316
0 0.415625 0.567578 0.1625 0.269531
0 0.589453 0.257422 0.203906 0.197656
0 0.559766 0.223047 0.0453125 0.0640625
0 0.661719 0.293164 0.0625 0.0605469
0 0.565625 0.408203 0.2625 0.485938
0 0.563281 0.21543 0.0453125 0.0726563
0 0.477344 0.470703 0.0390625 0.0570313
0 0.378906 0.592188 0.0890625 0.216406
0 0.614453 0.339844 0.154688 0.259375
0 0.693359 0.686719 0.0242188 0.0375
0 0.428027 0.444922 0.554883 0.554688
0 0.478125 0.473828 0.05 0.071875
0 0.647656 0.355469 0.0921875 0.201563
0 0.652344 0.310547 0.084375 0.105469
0 0.470313 0.566406 0.160938 0.26875
0 0.382031 0.564453 0.1 0.308594
0 0.660156 0.322852 0.0734375 0.134766
0 0.553125 0.605469 0.0492188 0.0875
0 0.689844 0.685156 0.0328125 0.0453125
0 0.0727539 0.452734 0.0357422 0.0570313
0 0.567969 0.241064 0.084375 0.16084
0 0.0890625 0.174023 0.0210938 0.0285156
0 0.560547 0.595313 0.0664062 0.10625
0 0.585938 0.211328 0.0875 0.105078
0 0.545313 0.629687 0.0296875 0.0414063
0 0.686719 0.682031 0.040625 0.059375
0 0.663281 0.274805 0.071875 0.130859
0 0.546875 0.624219 0.034375 0.046875
0 0.554688 0.232813 0.0460938 0.0730469
0 0.345117 0.619922 0.129297 0.155469
0 0.5875 0.196826 0.0625 0.0719727
0 0.384375 0.653906 0.101562 0.232031
0 0.473438 0.480078 0.06875 0.0976562
0 0.485547 0.489453 0.071875 0.096875
0 0.567969 0.592969 0.059375 0.090625
0 0.653906 0.294922 0.071875 0.078125
0 0.0741211 0.459375 0.0408203 0.0734375
0 0.396875 0.664844 0.133594 0.248438
0 0.0717285 0.447266 0.0307617 0.0460938
0 0.610938 0.210547 0.134375 0.0992187
0 0.0931641 0.180273 0.0347656 0.0480469
0 0.635547 0.291797 0.116406 0.180469
0 0.549219 0.254248 0.121875 0.189941
0 0.504687 0.567969 0.14375 0.21875
0 0.653125 0.245264 0.0773438 0.186816
0 0.510156 0.350781 0.03125 0.0480469
0 0.567187 0.21333 0.0601563 0.0975586
0 0.0881836 0.175586 0.0296875 0.0378906
0 0.366797 0.521973 0.108594 0.370117
0 0.599219 0.375879 0.185938 0.266992
0 0.650391 0.285742 0.0875 0.104688
0 0.087207 0.185938 0.078125 0.0640625
0 0.00529785 0.991406 0.0105957 0.0171875
0 0.663672 0.308203 0.0632813 0.0921875
0 0.373828 0.621094 0.0757812 0.149219
0 0.573438 0.201172 0.0515625 0.0746094
0 0.621094 0.26543 0.15 0.216797
0 0.576563 0.20625 0.0640625 0.0953125
0 0.660937 0.261328 0.075 0.199219
0 0.566016 0.211719 0.0375 0.0585938
0 0.61875 0.309961 0.154688 0.314453
0 0.641406 0.257422 0.1125 0.202734
0 0.513281 0.446875 0.382812 0.567187
0 0.381348 0.629687 0.0919922 0.182812
0 0.643359 0.355469 0.105469 0.205469
0 0.525391 0.368359 0.347656 0.413281
0 0.5625 0.216797 0.0507812 0.0792969
0 0.558984 0.226953 0.0492188 0.0695313
0 0.575 0.35083 0.24375 0.37959
0 0.563281 0.406641 0.276563 0.485938
0 0.616797 0.357812 0.155469 0.229687
0 0.590234 0.256836 0.203906 0.196875
0 0.663281 0.29375 0.06875 0.0984375
0 0.385938 0.664453 0.110156 0.249219
0 0.660937 0.327734 0.075 0.146094
0 0.652734 0.311719 0.0851563 0.110937
0 0.379785 0.569531 0.0935547 0.284375
0 0.0723633 0.453125 0.0367188 0.0578125
0 0.692187 0.686719 0.025 0.0390625
0 0.435547 0.465234 0.546094 0.60625
0 0.554688 0.235352 0.0484375 0.0761719
0 0.056543 0.654688 0.111719 0.521875
0 0.0886719 0.175 0.0222656 0.0304688
0 0.560156 0.227539 0.0570313 0.0875
0 0.666797 0.308984 0.0757812 0.110156
0 0.56875 0.245752 0.084375 0.169434
0 0.398047 0.564453 0.128125 0.288281
0 0.378809 0.541309 0.0955078 0.398633
0 0.659375 0.264404 0.140625 0.218066
0 0.00506592 0.991406 0.0101318 0.0171875
0 0.0739258 0.461719 0.0421875 0.0796875
0 0.689453 0.685156 0.0328125 0.046875
0 0.601172 0.345898 0.188281 0.274609
0 0.588281 0.213477 0.0953125 0.110547
0 0.567187 0.215576 0.0671875 0.103223
0 0.345898 0.619531 0.130859 0.157813
0 0.0894287 0.189258 0.101221 0.0699219
0 0.0713867 0.446875 0.0308594 0.0460938
0 0.408594 0.6625 0.159375 0.248438
0 0.686328 0.68125 0.040625 0.0609375
0 0.584766 0.2 0.0726563 0.0828125
0 0.425 0.572656 0.178906 0.265625
0 0.389941 0.762891 0.12168 0.461719
0 0.476562 0.471875 0.0390625 0.0578125
0 0.478125 0.475 0.0484375 0.0671875
0 0.0925781 0.183643 0.0398437 0.0561523
0 0.662891 0.307422 0.0640625 0.0917969
0 0.371484 0.61875 0.0804688 0.146875
0 0.571875 0.200586 0.053125 0.0757812
0 0.61875 0.259717 0.153125 0.206348
0 0.575 0.205859 0.0671875 0.0953125
0 0.564453 0.214453 0.0382813 0.0511719
0 0.658594 0.258594 0.0796875 0.195312
0 0.512109 0.438672 0.386719 0.560156
0 0.0722656 0.453516 0.0365234 0.0585938
0 0.594531 0.307617 0.204688 0.312891
0 0.6625 0.291016 0.06875 0.0976562
0 0.378027 0.567969 0.0939453 0.273438
0 0.558594 0.226172 0.0515625 0.0703125
0 0.625781 0.353516 0.132812 0.207031
0 0.692187 0.686328 0.0257812 0.0398437
0 0.589844 0.254736 0.209375 0.195215
0 0.652344 0.309375 0.0867188 0.107031
0 0.572656 0.359766 0.245312 0.403906
0 0.552344 0.40625 0.298438 0.496094
0 0.0541016 0.653516 0.108203 0.536719
0 0.616797 0.218164 0.154688 0.11875
0 0.612891 0.329688 0.163281 0.258594
0 0.528125 0.319922 0.346094 0.321094
0 0.689453 0.685156 0.0328125 0.0484375
0 0.073584 0.458984 0.0418945 0.0734375
0 0.397656 0.563281 0.13125 0.280469
0 0.573828 0.242139 0.114844 0.16416
0 0.373437 0.532422 0.096875 0.374219
0 0.554688 0.234375 0.05 0.0734375
0 0.686328 0.682813 0.040625 0.0578125
0 0.428809 0.449219 0.55957 0.603906
0 0.566406 0.215234 0.06875 0.0980469
0 0.0693848 0.442969 0.0266602 0.0359375
0 0.644531 0.350781 0.103125 0.19375
0 0.651563 0.296094 0.0796875 0.0867188
0 0.657422 0.260156 0.142969 0.211719
0 0.0886719 0.175439 0.0226563 0.0311523
0 0.37168 0.592188 0.0871094 0.1625
0 0.575 0.210498 0.122656 0.102441
0 0.0641602 0.474219 0.0652344 0.114063
0 0.381641 0.663281 0.1125 0.253125
0 0.371094 0.620313 0.0828125 0.153125
0 0.663281 0.30918 0.0640625 0.0941406
0 0.571875 0.201123 0.053125 0.0750977
0 0.521484 0.451172 0.386719 0.58125
0 0.617188 0.269971 0.157813 0.226465
0 0.567187 0.214453 0.0414063 0.05625
0 0.0725586 0.453125 0.0359375 0.0609375
0 0.613281 0.309766 0.164062 0.314844
0 0.381152 0.569531 0.100195 0.29375
0 0.563281 0.216797 0.0328125 0.0476562
0 0.403027 0.572656 0.14082 0.278125
0 0.65 0.25918 0.096875 0.205859
0 0.575 0.207227 0.065625 0.096875
0 0.692969 0.686719 0.0257812 0.040625
0 0.0694824 0.442969 0.0264648 0.0359375
0 0.662891 0.287695 0.06875 0.103516
0 0.0541016 0.662109 0.108203 0.517969
0 0.557813 0.225391 0.0484375 0.06875
0 0.661719 0.295703 0.0640625 0.0679687
0 0.689844 0.685938 0.0328125 0.0492188
0 0.589453 0.258203 0.211719 0.201563
0 0.0711426 0.455469 0.0459961 0.075
0 0.439453 0.453516 0.547656 0.611719
0 0.560938 0.373242 0.285938 0.433203
0 0.375879 0.532031 0.0935547 0.4125
0 0.662109 0.266406 0.0710938 0.163281
0 0.652344 0.311719 0.0859375 0.111328
0 0.580469 0.316992 0.229687 0.318359
0 0.686719 0.682813 0.0414063 0.05625
0 0.069043 0.472656 0.05625 0.110937
0 0.626953 0.355664 0.134375 0.208984
0 0.377734 0.680859 0.105469 0.289844
0 0.0679687 0.444922 0.0328125 0.0539063
0 0.520312 0.31582 0.36875 0.316016
0 0.0889648 0.175586 0.021875 0.0300781
0 0.565625 0.217383 0.0625 0.0925781
0 0.65625 0.244727 0.075 0.182031
0 0.372461 0.590625 0.0871094 0.167187
0 0.371094 0.621094 0.0859375 0.15625
0 0.663672 0.309375 0.0648438 0.0984375
0 0.571875 0.201758 0.0546875 0.078125
0 0.517188 0.441016 0.377344 0.572656
0 0.617969 0.274414 0.15625 0.238672
0 0.382129 0.571094 0.104492 0.285938
0 0.402734 0.571875 0.140625 0.273438
0 0.566797 0.216797 0.0414063 0.0554687
0 0.0725586 0.452734 0.0367188 0.0617188
0 0.663672 0.289648 0.0648438 0.0613281
0 0.645312 0.259375 0.107813 0.208984
0 0.563281 0.218359 0.0328125 0.0472656
0 0.596094 0.312305 0.203125 0.321484
0 0.692969 0.686719 0.0265625 0.040625
0 0.575781 0.206592 0.0671875 0.0969727
0 0.0693359 0.442188 0.0265625 0.034375
0 0.436621 0.436719 0.537695 0.585156
0 0.689844 0.685938 0.0328125 0.05
0 0.6625 0.267188 0.071875 0.13125
0 0.661719 0.24375 0.06875 0.160156
0 0.558203 0.225781 0.0476562 0.0671875
0 0.071582 0.454688 0.0470703 0.0734375
0 0.375684 0.536035 0.0939453 0.399805
0 0.0678711 0.443359 0.0326172 0.046875
0 0.6125 0.32168 0.164062 0.273047
0 0.651953 0.312109 0.0898438 0.1125
0 0.0567383 0.657031 0.113477 0.507812
0 0.546094 0.389941 0.307813 0.47168
0 0.640234 0.354688 0.111719 0.202344
0 0.0698242 0.470703 0.0589844 0.107031
0 0.560938 0.227734 0.0578125 0.08125
0 0.694531 0.691406 0.0304688 0.0515625
0 0.691406 0.698438 0.0390625 0.0640625
0 0.371094 0.619531 0.084375 0.15
0 0.663281 0.309375 0.0640625 0.0945313
0 0.572656 0.201367 0.0546875 0.0757812
0 0.663281 0.293555 0.0625 0.065625
0 0.620313 0.264062 0.149219 0.215234
0 0.566797 0.216992 0.040625 0.0519531
0 0.0725586 0.452734 0.0371094 0.0609375
0 0.514453 0.434766 0.371094 0.552344
0 0.692969 0.686719 0.0265625 0.040625
0 0.563281 0.218359 0.0328125 0.0445313
0 0.654688 0.258984 0.0859375 0.199609
0 0.575781 0.205469 0.065625 0.0921875
0 0.380469 0.571094 0.0992187 0.267188
0 0.689844 0.685156 0.0328125 0.0484375
0 0.405469 0.56875 0.145313 0.267969
0 0.608594 0.310937 0.176563 0.316406
0 0.0693848 0.442188 0.0270508 0.034375
0 0.661328 0.244531 0.0679687 0.152344
0 0.557813 0.225781 0.0484375 0.0640625
0 0.663281 0.270703 0.0703125 0.105078
0 0.071875 0.454688 0.0464844 0.071875
0 0.389844 0.755469 0.0203125 0.0351562
0 0.0677734 0.443359 0.0324219 0.0445313
0 0.651172 0.311328 0.0914062 0.107813
0 0.628906 0.608984 0.021875 0.0351562
0 0.560156 0.37959 0.264062 0.445508
0 0.616406 0.214844 0.146875 0.110547
0 0.692187 0.697656 0.0390625 0.0617188
0 0.554688 0.235742 0.0453125 0.0652344
0 0.624609 0.351953 0.135156 0.197656
0 0.683594 0.680859 0.05 0.0648438
0 0.0710449 0.467969 0.0583008 0.101562
0 0.389453 0.753906 0.0234375 0.04375
0 0.652344 0.292969 0.084375 0.0789063
0 0.00585938 0.991406 0.0117188 0.0171875
0 0.00695801 0.989062 0.013916 0.021875
0 0.52334 0.318555 0.348633 0.321484
0 0.433496 0.430566 0.529883 0.562305
0 0.370898 0.620703 0.0847656 0.149219
0 0.572656 0.201611 0.0546875 0.0756836
0 0.663281 0.308984 0.0640625 0.09375
0 0.621094 0.259424 0.146875 0.203809
0 0.662891 0.287891 0.0625 0.0515625
0 0.569141 0.2125 0.0460938 0.0609375
0 0.564063 0.216602 0.0351562 0.046875
0 0.692969 0.686719 0.0265625 0.040625
0 0.660937 0.27207 0.0734375 0.171484
0 0.0724121 0.452734 0.0366211 0.0601563
0 0.689844 0.685156 0.0328125 0.0484375
0 0.380371 0.573438 0.0986328 0.264062
0 0.0693848 0.442188 0.0268555 0.0335938
0 0.557031 0.226758 0.0515625 0.0652344
0 0.614844 0.230029 0.142188 0.13916
0 0.628906 0.609375 0.021875 0.034375
0 0.409473 0.569531 0.154492 0.267188
0 0.660937 0.244971 0.065625 0.153027
0 0.651172 0.310937 0.0914062 0.107031
0 0.663281 0.272852 0.0710938 0.103125
0 0.390234 0.755469 0.0203125 0.034375
0 0.513281 0.437402 0.36875 0.550195
0 0.0677734 0.44375 0.0316406 0.0421875
0 0.608594 0.29043 0.175 0.270703
0 0.0716797 0.454688 0.0455078 0.0703125
0 0.542969 0.627344 0.0265625 0.0453125
0 0.683594 0.68125 0.0484375 0.0640625
0 0.553906 0.238672 0.046875 0.0609375
0 0.653125 0.293164 0.08125 0.0777344
0 0.691797 0.697656 0.0382813 0.0609375
0 0.389844 0.754687 0.0234375 0.04375
0 0.585938 0.207861 0.0828125 0.0936523
0 0.610938 0.210352 0.135937 0.0972656
0 0.466406 0.567969 0.142188 0.264062
0 0.576563 0.216846 0.075 0.111621
0 0.625 0.350391 0.132812 0.192969
0 0.574219 0.201367 0.0640625 0.0949219
0 0.479297 0.471094 0.0375 0.0484375
0 0.683594 0.642969 0.028125 0.0289063
0 0.00715332 0.988281 0.0143066 0.0234375
0 0.0695313 0.467969 0.0605469 0.101562
0 0.00598145 0.991406 0.0119629 0.0171875
0 0.541016 0.620313 0.034375 0.0546875
0 0.370313 0.620703 0.0851563 0.151562
0 0.572656 0.201758 0.0546875 0.0761719
0 0.6625 0.308984 0.0640625 0.09375
0 0.617578 0.260547 0.153906 0.207422
0 0.6625 0.288867 0.0625 0.0527344
0 0.576172 0.207031 0.065625 0.09375
0 0.414453 0.571094 0.163281 0.259375
0 0.565234 0.212891 0.040625 0.0558594
0 0.659766 0.265674 0.0742188 0.189746
0 0.0721191 0.453125 0.0358398 0.059375
0 0.639844 0.257031 0.110937 0.201953
0 0.389941 0.573047 0.118555 0.266406
0 0.512891 0.439453 0.364063 0.553906
0 0.591406 0.300781 0.209375 0.290625
0 0.692969 0.686719 0.0257812 0.0398437
0 0.628906 0.609375 0.021875 0.034375
0 0.650781 0.311133 0.0921875 0.108203
0 0.589844 0.255078 0.207813 0.194531
0 0.0693359 0.442578 0.0263672 0.034375
0 0.557031 0.228516 0.053125 0.0703125
0 0.689844 0.685156 0.0328125 0.0484375
0 0.560156 0.218164 0.05625 0.0808594
0 0.659766 0.24375 0.0640625 0.159375
0 0.6625 0.272656 0.071875 0.114063
0 0.4625 0.567969 0.149219 0.264062
0 0.607813 0.351172 0.16875 0.203906
0 0.615625 0.213672 0.146875 0.105859
0 0.373633 0.589063 0.0886719 0.221875
0 0.652344 0.294531 0.08125 0.0800781
0 0.416016 0.433496 0.560156 0.558008
0 0.0675781 0.444531 0.0310547 0.04375
0 0.571094 0.237842 0.1 0.153223
0 0.585156 0.213086 0.0867188 0.108203
0 0.553516 0.240625 0.0476562 0.0617188
0 0.478906 0.471094 0.0382813 0.0507812
0 0.389844 0.756641 0.0203125 0.0359375
0 0.561328 0.22793 0.0664062 0.0890625
0 0.638281 0.352148 0.109375 0.194141
0 0.544141 0.629687 0.0296875 0.0453125
0 0.682813 0.68125 0.05 0.065625
0 0.519141 0.31875 0.351562 0.319531
0 0.557422 0.380176 0.263281 0.444336
0 0.371484 0.594531 0.0867188 0.1625
0 0.0685547 0.466797 0.0589844 0.0984375
0 0.628125 0.610156 0.0265625 0.0453125
0 0.0550781 0.646484 0.108984 0.467969
0 0.658203 0.273779 0.178906 0.236816
0 0.376172 0.566797 0.09375 0.319531
0 0.694531 0.691016 0.0296875 0.05
0 0.661719 0.308203 0.0640625 0.090625
0 0.572656 0.201221 0.053125 0.0749023
0 0.370508 0.619922 0.0824219 0.150781
0 0.614844 0.257617 0.15625 0.200391
0 0.41416 0.571875 0.160742 0.25625
0 0.576172 0.206445 0.0648438 0.0910156
0 0.661719 0.289844 0.0625 0.053125
0 0.566406 0.209961 0.040625 0.0597656
0 0.0722656 0.453906 0.0347656 0.059375
0 0.657031 0.259424 0.0765625 0.194434
0 0.513672 0.442578 0.361719 0.559375
0 0.637109 0.254492 0.114063 0.195703
0 0.590625 0.295508 0.209375 0.278516
0 0.564063 0.217969 0.0421875 0.05
0 0.650781 0.309766 0.090625 0.104688
0 0.629297 0.609766 0.021875 0.0335938
0 0.374023 0.432422 0.642578 0.564844
0 0.561719 0.215186 0.0578125 0.0868164
0 0.374609 0.570703 0.0890625 0.257031
0 0.557031 0.227148 0.053125 0.0726563
0 0.0695801 0.443359 0.0262695 0.0351562
0 0.693359 0.686328 0.0242188 0.0390625
0 0.659375 0.242236 0.0625 0.157715
0 0.617188 0.218359 0.148438 0.113672
0 0.657422 0.270703 0.0726563 0.132812
0 0.652344 0.295703 0.0796875 0.0800781
0 0.051123 0.559375 0.0995117 0.2875
0 0.585156 0.254492 0.201563 0.189844
0 0.0521973 0.643359 0.102441 0.457031
0 0.572656 0.246924 0.109375 0.170215
0 0.607813 0.350195 0.167187 0.206641
0 0.465234 0.567969 0.145313 0.25625
0 0.584375 0.212109 0.084375 0.103906
0 0.5125 0.354688 0.0257812 0.0445313
0 0.478906 0.471094 0.0382813 0.05
0 0.689844 0.685156 0.03125 0.046875
0 0.649609 0.285547 0.0882813 0.103906
0 0.561719 0.226562 0.0671875 0.0945313
0 0.0682617 0.465234 0.0568359 0.0945313
0 0.553516 0.240625 0.0460938 0.0625
0 0.686719 0.685938 0.0390625 0.0546875
0 0.6625 0.307422 0.0640625 0.0875
0 0.573438 0.201123 0.0523438 0.0735352
0 0.371484 0.620313 0.0789063 0.148438
0 0.61875 0.255469 0.146875 0.193359
0 0.414844 0.572266 0.159375 0.255469
0 0.576172 0.206201 0.0632813 0.0883789
0 0.662109 0.290234 0.0617188 0.0523438
0 0.566797 0.210938 0.0390625 0.0578125
0 0.659375 0.267969 0.071875 0.170313
0 0.564063 0.218164 0.0390625 0.0460938
0 0.641016 0.253125 0.104688 0.190625
0 0.0724121 0.453906 0.0338867 0.0578125
0 0.650781 0.308789 0.090625 0.101562
0 0.561719 0.21582 0.05625 0.0832031
0 0.557813 0.227734 0.0515625 0.0679687
0 0.576563 0.196289 0.046875 0.0582031
0 0.0503906 0.558594 0.0970703 0.284375
0 0.629297 0.610156 0.021875 0.0328125
0 0.588281 0.255078 0.209375 0.190625
0 0.660156 0.243018 0.0625 0.156934
0 0.0511597 0.623828 0.0992432 0.414844
0 0.61875 0.22168 0.146875 0.117188
0 0.652734 0.296094 0.078125 0.0789063
0 0.478906 0.471484 0.0390625 0.0492188
0 0.6625 0.270703 0.0703125 0.1125
0 0.516797 0.444531 0.359375 0.557813
0 0.575781 0.236719 0.08125 0.148438
0 0.0699219 0.44375 0.0263672 0.034375
0 0.516797 0.356836 0.0234375 0.0402344
0 0.376563 0.434766 0.636719 0.563281
0 0.553906 0.239453 0.0453125 0.0625
0 0.375 0.574219 0.0867188 0.25
0 0.584375 0.210742 0.08125 0.0984375
0 0.693359 0.685938 0.0234375 0.0390625
0 0.464063 0.569531 0.142188 0.254688
0 0.510547 0.355273 0.0265625 0.0417969
0 0.580859 0.305811 0.221094 0.29541
0 0.511719 0.354688 0.0320312 0.05
0 0.65 0.284375 0.0875 0.105469
0 0.6625 0.307617 0.0640625 0.0886719
0 0.371484 0.621094 0.0804688 0.15
0 0.573438 0.201611 0.053125 0.0749023
0 0.619141 0.255664 0.147656 0.194141
0 0.575781 0.20708 0.0640625 0.0905273
0 0.414941 0.572656 0.160742 0.25625
0 0.661719 0.29082 0.0625 0.0539063
0 0.566016 0.212305 0.0398437 0.0574219
0 0.563281 0.219922 0.0390625 0.0476562
0 0.659375 0.269727 0.0734375 0.169141
0 0.561328 0.217969 0.0554687 0.0804688
0 0.557422 0.229297 0.0507812 0.0664062
0 0.0726074 0.453125 0.0348633 0.0578125
0 0.651172 0.308789 0.090625 0.102344
0 0.576953 0.195898 0.0476562 0.0582031
0 0.0507935 0.559766 0.0984131 0.2875
0 0.478906 0.471875 0.040625 0.05
0 0.600781 0.267188 0.190625 0.21875
0 0.553906 0.238672 0.046875 0.0648438
0 0.652344 0.296289 0.078125 0.0800781
0 0.629687 0.610156 0.021875 0.0328125
0 0.660156 0.244336 0.0640625 0.158203
0 0.617969 0.219531 0.148438 0.113672
0 0.575781 0.232764 0.0796875 0.140723
0 0.517578 0.357422 0.0234375 0.040625
0 0.6625 0.27168 0.0710938 0.115234
0 0.517188 0.445312 0.364844 0.560156
0 0.0701172 0.44375 0.0267578 0.0359375
0 0.382812 0.435937 0.623438 0.5625
0 0.464063 0.569531 0.140625 0.25625
0 0.584766 0.211279 0.0835937 0.100098
0 0.511328 0.355859 0.028125 0.0421875
0 0.692969 0.685938 0.025 0.0390625
0 0.511719 0.354297 0.0335938 0.0515625
0 0.567578 0.216602 0.0734375 0.103516
0 0.65 0.285547 0.0875 0.105469
0 0.377344 0.575781 0.0921875 0.276563
0 0.371289 0.621094 0.0808594 0.15
0 0.6625 0.307422 0.0640625 0.0890625
0 0.573047 0.202002 0.0515625 0.0764648
0 0.619141 0.255469 0.147656 0.194531
0 0.662109 0.289844 0.0632813 0.0523438
0 0.570312 0.211328 0.046875 0.0640625
0 0.575781 0.206201 0.0640625 0.0899414
0 0.564844 0.214258 0.0375 0.053125
0 0.415234 0.571875 0.161719 0.25625
0 0.5625 0.220313 0.0375 0.0445313
0 0.660156 0.28125 0.071875 0.146094
0 0.641797 0.253516 0.105469 0.192969
0 0.557031 0.229297 0.05 0.0640625
0 0.560156 0.219922 0.053125 0.075
0 0.0723633 0.453906 0.0341797 0.0578125
0 0.651953 0.302344 0.0804688 0.0890625
0 0.576953 0.195898 0.0476562 0.0578125
0 0.478906 0.471875 0.0390625 0.0492188
0 0.553906 0.238281 0.0460938 0.0640625
0 0.629687 0.610156 0.021875 0.0328125
0 0.0510864 0.558594 0.098999 0.284375
0 0.616797 0.216992 0.147656 0.110156
0 0.660156 0.243164 0.0640625 0.153906
0 0.575781 0.226514 0.078125 0.129004
0 0.517188 0.357422 0.0234375 0.040625
0 0.393359 0.58125 0.121875 0.273438
0 0.589063 0.254297 0.209375 0.190625
0 0.0698242 0.443359 0.0265625 0.034375
0 0.692969 0.685938 0.025 0.0390625
0 0.510938 0.355859 0.028125 0.0421875
0 0.516309 0.444531 0.36582 0.560156
0 0.464063 0.569141 0.14375 0.257031
0 0.567187 0.216797 0.0695313 0.0988281
0 0.477344 0.475 0.046875 0.0640625
0 0.584766 0.210938 0.0851563 0.1
0 0.650781 0.286328 0.0875 0.0996094
0 0.689063 0.685156 0.0328125 0.046875
0 0.371484 0.620313 0.0804688 0.15
0 0.6625 0.307617 0.0640625 0.0886719
0 0.573047 0.202002 0.0515625 0.0756836
0 0.620313 0.255469 0.146875 0.194922
0 0.662109 0.289453 0.0632813 0.0515625
0 0.569531 0.213281 0.0453125 0.0578125
0 0.575391 0.205859 0.0640625 0.0890625
0 0.564063 0.215625 0.0359375 0.0492188
0 0.415234 0.571875 0.161719 0.25625
0 0.556641 0.229102 0.05 0.0632813
0 0.614844 0.234424 0.140625 0.145996
0 0.559766 0.220898 0.0523438 0.0714844
0 0.0723633 0.453906 0.0341797 0.0578125
0 0.647266 0.253564 0.0960938 0.192871
0 0.576953 0.196289 0.0476562 0.0578125
0 0.652344 0.302344 0.0796875 0.0875
0 0.478906 0.472266 0.0390625 0.0492188
0 0.629687 0.610156 0.021875 0.0328125
0 0.553906 0.238672 0.0453125 0.0617188
0 0.692969 0.685938 0.025 0.0390625
0 0.517578 0.357812 0.0242188 0.040625
0 0.659766 0.238281 0.0625 0.134766
0 0.0516602 0.557813 0.100195 0.282813
0 0.575781 0.220752 0.075 0.117871
0 0.0697266 0.442969 0.0263672 0.0335938
0 0.689063 0.685156 0.0328125 0.046875
0 0.658594 0.271484 0.071875 0.116016
0 0.511328 0.35625 0.0289063 0.0421875
0 0.511719 0.354688 0.034375 0.0507812
0 0.610938 0.213867 0.135937 0.101562
0 0.477344 0.475 0.0460938 0.0640625
0 0.566797 0.216992 0.0664062 0.09375
0 0.390625 0.757031 0.0203125 0.034375
0 0.651563 0.287109 0.0859375 0.09375
0 0.589844 0.254297 0.207813 0.190625
0 0.464063 0.56875 0.142188 0.257812
0 0.585156 0.210352 0.084375 0.0996094
0 0.51875 0.358594 0.0375 0.040625
0 0.550781 0.24707 0.0375 0.040625
0 0.628906 0.610938 0.0265625 0.04375
0 0.482812 0.486719 0.0640625 0.08125
0 0.523438 0.35918 0.0265625 0.0394531
0 0.370313 0.620703 0.0851563 0.151562
0 0.572656 0.201758 0.0546875 0.0761719
0 0.662109 0.30957 0.0640625 0.0945313
0 0.617578 0.260498 0.153906 0.207129
0 0.6625 0.288867 0.0625 0.0527344
0 0.576172 0.207031 0.065625 0.09375
0 0.414453 0.571094 0.163281 0.259375
0 0.565234 0.212891 0.040625 0.0554687
0 0.659766 0.26582 0.0742188 0.189063
0 0.0721191 0.453125 0.0358398 0.059375
0 0.640625 0.257031 0.110937 0.201953
0 0.389941 0.573047 0.118555 0.266406
0 0.512891 0.439453 0.364063 0.553906
0 0.591406 0.300586 0.209375 0.290234
0 0.692969 0.686719 0.0257812 0.0398437
0 0.628906 0.609375 0.021875 0.034375
0 0.650781 0.311133 0.0921875 0.108203
0 0.0693359 0.442578 0.0263672 0.034375
0 0.557031 0.228516 0.053125 0.0703125
0 0.689844 0.685156 0.0328125 0.0484375
0 0.560156 0.218164 0.05625 0.0808594
0 0.659766 0.243799 0.0640625 0.159277
0 0.6625 0.272656 0.071875 0.114063
0 0.4625 0.567969 0.15 0.264062
0 0.607813 0.351172 0.16875 0.203906
0 0.615625 0.213672 0.146875 0.105859
0 0.373633 0.588672 0.0886719 0.221094
0 0.652344 0.294531 0.08125 0.0800781
0 0.416016 0.433594 0.560156 0.557813
0 0.571094 0.237939 0.101562 0.153809
0 0.0675781 0.444531 0.0310547 0.04375
0 0.585156 0.213281 0.0875 0.108203
0 0.553516 0.240625 0.0476562 0.0621094
0 0.478906 0.471094 0.0382813 0.0507812
0 0.561719 0.228125 0.065625 0.0890625
0 0.389844 0.756641 0.0203125 0.0359375
0 0.638281 0.352148 0.109375 0.194141
0 0.544141 0.629687 0.0296875 0.0445313
0 0.682813 0.68125 0.05 0.065625
0 0.519141 0.31875 0.351562 0.319531
0 0.557422 0.380078 0.263281 0.444531
0 0.371484 0.594531 0.0867188 0.161719
0 0.628125 0.610156 0.0265625 0.0453125
0 0.0685547 0.466797 0.0587891 0.0984375
0 0.0551758 0.645312 0.10918 0.464063
0 0.582812 0.255078 0.198437 0.193359
0 0.658203 0.273779 0.178906 0.236816
0 0.376172 0.567187 0.09375 0.31875
0 0.694531 0.691016 0.0296875 0.05
0 0.0537109 0.561328 0.106055 0.292188
