0 0.0997559 0.430566 0.199316 0.592773
0 0.50918 0.652344 0.216016 0.626563
0 0.49707 0.291504 0.192578 0.57168
0 0.379199 0.362012 0.298633 0.704883
0 0.456836 0.602734 0.392578 0.769531
0 0.395801 0.626172 0.539648 0.730469
0 0.63457 0.654492 0.230078 0.647266
0 0.337891 0.279492 0.284375 0.558984
0 0.35332 0.320801 0.248047 0.624023
0 0.720313 0.273633 0.253125 0.537109
0 0.497266 0.364063 0.267969 0.721875
0 0.394531 0.442188 0.359375 0.879687
0 0.106055 0.394336 0.212109 0.753516
0 0.503711 0.63418 0.223828 0.650391
0 0.606055 0.627344 0.326953 0.68125
0 0.808398 0.637207 0.280078 0.714648
0 0.840039 0.649902 0.298047 0.681445
0 0.581836 0.665625 0.191016 0.615625
0 0.713672 0.646191 0.303906 0.67793
0 0.746484 0.652441 0.366406 0.673242
0 0.801367 0.665137 0.228516 0.646289
0 0.821094 0.669043 0.254688 0.633789
0 0.111108 0.78418 0.220752 0.412891
0 0.596289 0.681641 0.201953 0.610156
0 0.709375 0.706641 0.303125 0.566406
0 0.744141 0.713867 0.363281 0.558203
0 0.805469 0.713086 0.229687 0.553516
0 0.25498 0.300391 0.387695 0.600781
0 0.320508 0.226172 0.273828 0.452344
0 0.492188 0.264258 0.173438 0.526953
0 0.417578 0.369336 0.186719 0.730078
0 0.749414 0.406348 0.343359 0.812305
0 0.225 0.488477 0.410938 0.969922
0 0.418945 0.467969 0.165234 0.932813
0 0.146191 0.426563 0.292383 0.720313
0 0.237207 0.505664 0.437305 0.988672
0 0.478027 0.555664 0.32207 0.862109
0 0.842773 0.642773 0.314453 0.701953
0 0.51582 0.655762 0.212891 0.600977
0 0.705859 0.611914 0.275781 0.741797
0 0.504492 0.654492 0.236328 0.637891
0 0.128076 0.763281 0.227051 0.354688
0 0.484766 0.658789 0.285156 0.663672
0 0.666797 0.255762 0.385156 0.510352
0 0.713281 0.233545 0.234375 0.462598
0 0.714844 0.250977 0.221875 0.498047
0 0.420703 0.281543 0.189063 0.551758
0 0.675195 0.276855 0.262109 0.541602
0 0.425391 0.328125 0.195312 0.65
0 0.559961 0.351465 0.266016 0.700977
0 0.419727 0.430469 0.176172 0.857813
0 0.64375 0.539844 0.4125 0.814063
0 0.841797 0.607227 0.316406 0.737109
0 0.519141 0.640332 0.200781 0.589648
0 0.623828 0.606934 0.392969 0.695508
0 0.565039 0.650684 0.172266 0.601758
0 0.746875 0.621387 0.371875 0.738477
0 0.381348 0.649609 0.575586 0.683594
0 0.654883 0.70332 0.181641 0.558984
0 0.103638 0.789844 0.205225 0.4125
0 0.13584 0.780664 0.22207 0.390234
0 0.475586 0.6875 0.287891 0.603125
0 0.427148 0.00419922 0.837891 0.00839844
0 0.458691 0.00412598 0.901367 0.00825195
0 0.480273 0.00439453 0.931641 0.00878906
0 0.481836 0.00478516 0.951953 0.00957031
0 0.493555 0.0055542 0.962891 0.0111084
0 0.507031 0.0060791 0.973437 0.0121582
0 0.518555 0.0057251 0.962891 0.0114502
0 0.418555 0.199707 0.180859 0.398242
0 0.389062 0.249609 0.355469 0.499219
0 0.478711 0.228955 0.174609 0.457715
0 0.650586 0.256641 0.297266 0.513281
0 0.558984 0.270801 0.239844 0.534961
0 0.591992 0.271973 0.261328 0.537305
0 0.678906 0.360449 0.309375 0.719727
0 0.797266 0.417969 0.349219 0.835938
0 0.501758 0.461816 0.321484 0.923242
0 0.143164 0.416211 0.286328 0.812891
0 0.386328 0.480664 0.400781 0.957422
0 0.547656 0.482422 0.30625 0.964844
0 0.45791 0.49082 0.227148 0.974609
0 0.529883 0.463477 0.229297 0.863672
0 0.650586 0.494727 0.431641 0.976172
0 0.0734375 0.537305 0.146875 0.375391
0 0.882227 0.655762 0.235547 0.682227
0 0.51875 0.662305 0.221875 0.609766
0 0.880859 0.670703 0.238281 0.644531
0 0.0822754 0.783203 0.164551 0.403906
0 0.193213 0.7375 0.172949 0.292188
0 0.800195 0.717188 0.223047 0.55
0 0.878711 0.713281 0.242578 0.557813
0 0.0885742 0.791992 0.177148 0.409766
0 0.2604 0.757812 0.307324 0.339063
0 0.608984 0.717969 0.215625 0.546875
0 0.526563 0.00578613 0.946875 0.0115723
0 0.842383 0.185962 0.315234 0.371826
0 0.121973 0.193652 0.207617 0.376758
0 0.179248 0.226172 0.343066 0.446094
0 0.195068 0.202539 0.273535 0.399609
0 0.275781 0.210205 0.165625 0.41709
0 0.393164 0.204688 0.194922 0.407031
0 0.784766 0.212744 0.288281 0.421387
0 0.825 0.205469 0.242188 0.40625
0 0.870117 0.20498 0.259766 0.408789
0 0.16416 0.206396 0.21582 0.403613
0 0.283691 0.205811 0.147852 0.402441
0 0.408789 0.220605 0.176172 0.435352
0 0.419141 0.217529 0.174219 0.432129
0 0.617969 0.245703 0.353125 0.491406
0 0.419336 0.258203 0.181641 0.511719
0 0.588477 0.252051 0.251953 0.503711
0 0.109961 0.363184 0.219922 0.711133
0 0.41543 0.316309 0.188672 0.619727
0 0.580469 0.271289 0.267188 0.537891
0 0.798438 0.273633 0.323438 0.541016
0 0.106104 0.363867 0.211621 0.711328
0 0.104346 0.376074 0.208496 0.72832
0 0.430762 0.429688 0.193164 0.859375
0 0.556836 0.474219 0.307422 0.948438
0 0.153809 0.471289 0.307617 0.930859
0 0.436719 0.474219 0.190625 0.946875
0 0.636523 0.490234 0.381641 0.980469
0 0.723828 0.492188 0.299219 0.984375
0 0.0768066 0.459668 0.153613 0.519727
0 0.174414 0.502148 0.348828 0.955078
0 0.274707 0.504102 0.304492 0.991797
0 0.362988 0.501172 0.487305 0.991406
0 0.389844 0.494141 0.23125 0.983594
0 0.694531 0.49707 0.270313 0.982422
0 0.839453 0.529102 0.321094 0.905859
0 0.0969727 0.500586 0.193945 0.476953
0 0.469141 0.50957 0.260156 0.944922
0 0.488672 0.535352 0.254688 0.766797
0 0.697461 0.587305 0.255078 0.781641
0 0.744531 0.597363 0.36875 0.784961
0 0.801953 0.617676 0.389844 0.755273
0 0.878711 0.650195 0.242578 0.690234
0 0.12207 0.684766 0.244141 0.613281
0 0.128906 0.685742 0.257812 0.592578
0 0.268848 0.72793 0.368555 0.358203
0 0.70332 0.75 0.285547 0.479688
0 0.804688 0.755078 0.226562 0.475781
0 0.542188 0.00567627 0.915625 0.0113525
0 0.583594 0.00634766 0.832812 0.0126953
0 0.644727 0.00695801 0.710547 0.013916
0 0.455469 0.37832 0.860938 0.756641
0 0.488672 0.379688 0.832031 0.759375
0 0.619141 0.343164 0.617969 0.686328
0 0.589453 0.22207 0.294531 0.444141
0 0.561523 0.304102 0.530078 0.608203
0 0.201563 0.205908 0.277344 0.408496
0 0.591602 0.215625 0.247266 0.43125
0 0.793555 0.226416 0.301953 0.451074
0 0.166602 0.25791 0.188672 0.509961
0 0.412695 0.275391 0.184766 0.545313
0 0.549023 0.254785 0.233203 0.506055
0 0.795703 0.245801 0.311719 0.491211
0 0.689258 0.476562 0.301172 0.953125
0 0.752734 0.482812 0.357031 0.965625
0 0.792188 0.483984 0.379688 0.967969
0 0.841602 0.481738 0.291797 0.961523
0 0.0839844 0.386914 0.167969 0.721484
0 0.276807 0.487109 0.23623 0.969531
0 0.690234 0.490234 0.274219 0.980469
0 0.791016 0.49375 0.405469 0.9875
0 0.482324 0.485352 0.329102 0.944922
0 0.0896484 0.547363 0.179297 0.469336
0 0.234375 0.50918 0.402344 0.953516
0 0.530273 0.561914 0.180859 0.443359
0 0.550781 0.575879 0.169531 0.557617
0 0.693945 0.533398 0.249609 0.873828
0 0.792773 0.555664 0.414453 0.863672
0 0.555273 0.628418 0.162109 0.580664
0 0.526758 0.670996 0.242578 0.633008
0 0.0867676 0.794531 0.173535 0.410938
0 0.197461 0.752344 0.177734 0.323438
0 0.275684 0.777344 0.354102 0.396875
0 0.0900391 0.797266 0.180078 0.396094
0 0.101367 0.792188 0.202734 0.409375
0 0.702148 0.802344 0.280078 0.379688
0 0.739062 0.80625 0.3125 0.371875
0 0.661719 0.830469 0.209375 0.328125
0 0.707031 0.824414 0.295312 0.343359
0 0.741602 0.821094 0.318359 0.35
0 0.385547 0.00439453 0.757812 0.00878906
0 0.650781 0.00722656 0.698438 0.0144531
0 0.184961 0.312402 0.369922 0.619727
0 0.257031 0.348462 0.514063 0.694482
0 0.258301 0.358765 0.463086 0.716846
0 0.455469 0.363086 0.84375 0.726172
0 0.818164 0.179102 0.363672 0.358203
0 0.410547 0.197021 0.397656 0.390332
0 0.563672 0.184424 0.235156 0.365137
0 0.0943359 0.277734 0.188672 0.555469
0 0.115625 0.345605 0.23125 0.685352
0 0.287305 0.258887 0.156641 0.508789
0 0.578516 0.254785 0.258594 0.507617
0 0.16001 0.29834 0.202246 0.583008
0 0.210352 0.300586 0.331641 0.589453
0 0.289258 0.290332 0.165625 0.561523
0 0.100488 0.386426 0.200977 0.731055
0 0.0956055 0.37627 0.191211 0.733398
0 0.214355 0.330078 0.361914 0.652344
0 0.582812 0.348242 0.275 0.696484
0 0.607813 0.355176 0.3 0.709961
0 0.836719 0.362109 0.265625 0.719531
0 0.0915039 0.379297 0.183008 0.732031
0 0.137988 0.372168 0.275977 0.722852
0 0.22041 0.444434 0.400586 0.886133
0 0.498242 0.479883 0.326953 0.957422
0 0.843164 0.491797 0.313672 0.983594
0 0.079248 0.477734 0.158496 0.573438
0 0.55625 0.485742 0.224219 0.922266
0 0.714063 0.499805 0.289062 0.987891
0 0.791406 0.507031 0.417188 0.982813
0 0.872852 0.582422 0.254297 0.671094
0 0.292041 0.508594 0.356543 0.964063
0 0.352539 0.506641 0.488672 0.964844
0 0.345801 0.506055 0.447461 0.966016
0 0.725 0.535352 0.321875 0.894922
0 0.876367 0.629981 0.247266 0.677539
0 0.401563 0.535937 0.63125 0.925
0 0.0973633 0.679102 0.194727 0.626172
0 0.0845703 0.682617 0.169141 0.620703
0 0.169922 0.666797 0.256641 0.600781
0 0.0834961 0.766992 0.166992 0.447266
0 0.38252 0.719531 0.581836 0.528125
0 0.659375 0.753125 0.176563 0.460938
0 0.740625 0.755859 0.346875 0.477344
0 0.100977 0.8125 0.201953 0.375
0 0.200684 0.792188 0.195508 0.396875
0 0.256543 0.792969 0.307227 0.398438
0 0.464453 0.786328 0.296875 0.411719
0 0.437988 0.803711 0.688086 0.381641
0 0.446582 0.81875 0.406836 0.35
0 0.657031 0.00739746 0.685938 0.0147949
0 0.355469 0.383984 0.710938 0.767969
0 0.296191 0.376953 0.556055 0.753906
0 0.380078 0.371875 0.638281 0.74375
0 0.418164 0.355273 0.724609 0.710547
0 0.53457 0.37832 0.849609 0.756641
0 0.780469 0.199219 0.314063 0.398438
0 0.0759277 0.234473 0.151855 0.45293
0 0.115625 0.208691 0.23125 0.40918
0 0.0834473 0.273633 0.166895 0.529297
0 0.124756 0.204053 0.191504 0.39502
0 0.525391 0.217041 0.2 0.428418
0 0.821875 0.223291 0.234375 0.444043
0 0.875195 0.218359 0.249609 0.436719
0 0.939063 0.208105 0.121875 0.413477
0 0.102734 0.338867 0.205469 0.662891
0 0.129443 0.275879 0.223145 0.543555
0 0.209668 0.262891 0.306836 0.525781
0 0.880273 0.234766 0.236328 0.469531
0 0.938281 0.223926 0.123438 0.445117
0 0.104297 0.37168 0.208594 0.719922
0 0.139746 0.308398 0.260352 0.601172
0 0.290039 0.313867 0.180859 0.612891
0 0.0935547 0.393359 0.187109 0.729688
0 0.146484 0.382227 0.292969 0.755078
0 0.633203 0.48125 0.363281 0.9625
0 0.573633 0.486328 0.271484 0.972656
0 0.23125 0.5375 0.365625 0.910937
0 0.348242 0.531055 0.469922 0.928516
0 0.402246 0.570312 0.640039 0.859375
0 0.246191 0.64082 0.445898 0.698047
0 0.272852 0.729297 0.380859 0.464844
0 0.799219 0.759375 0.223438 0.467187
0 0.889453 0.762109 0.221094 0.472656
0 0.133154 0.792188 0.229785 0.40625
0 0.277002 0.792578 0.353809 0.402344
0 0.405078 0.786328 0.624219 0.399219
0 0.625391 0.776953 0.302344 0.433594
0 0.660937 0.803516 0.18125 0.372656
0 0.794141 0.807422 0.225781 0.369531
0 0.896094 0.799609 0.207813 0.386719
0 0.201855 0.800586 0.239258 0.394141
0 0.271094 0.801953 0.345313 0.389844
0 0.652734 0.822656 0.463281 0.345313
0 0.658594 0.864453 0.604688 0.271094
0 0.331055 0.00754395 0.662109 0.0150879
0 0.362012 0.00568848 0.72207 0.011377
0 0.714648 0.00959473 0.570703 0.0191895
0 0.783789 0.0214111 0.432422 0.0428223
0 0.102344 0.267969 0.204688 0.535937
0 0.938281 0.200049 0.121875 0.395215
0 0.109863 0.24126 0.219727 0.472949
0 0.573633 0.216357 0.238672 0.429785
0 0.0958008 0.370801 0.191602 0.723242
0 0.130615 0.315723 0.248145 0.61543
0 0.879687 0.252051 0.214062 0.489648
0 0.930078 0.241113 0.139844 0.459961
0 0.872266 0.305273 0.232031 0.595703
0 0.286719 0.437305 0.202344 0.872266
0 0.582422 0.478125 0.283594 0.95625
0 0.8625 0.471973 0.267188 0.92793
0 0.0800781 0.409863 0.160156 0.710742
0 0.865625 0.484375 0.265625 0.946875
0 0.923047 0.414551 0.153906 0.608398
0 0.394629 0.726367 0.584961 0.334766
0 0.140674 0.673828 0.0811523 0.142969
0 0.0915039 0.708203 0.183008 0.217969
0 0.358398 0.727148 0.505078 0.334766
0 0.817187 0.822656 0.35625 0.301563
0 0.674219 0.804297 0.578125 0.391406
0 0.810938 0.822656 0.370313 0.303125
0 0.814648 0.829688 0.356641 0.31875
0 0.814453 0.791602 0.363281 0.416797
0 0.816016 0.820703 0.361719 0.336719
0 0.816406 0.832227 0.354688 0.312109
0 0.670801 0.797656 0.641211 0.404687
0 0.737695 0.870703 0.329297 0.258594
0 0.394336 0.756641 0.587109 0.300781
0 0.810742 0.819727 0.361328 0.299609
0 0.394238 0.690625 0.575586 0.39375
0 0.307373 0.725781 0.399316 0.282813
0 0.658203 0.829492 0.513281 0.320703
0 0.671289 0.793359 0.657422 0.413281
0 0.632422 0.838281 0.508594 0.235938
0 0.697266 0.88125 0.342969 0.23125
0 0.830078 0.881836 0.322656 0.231641
0 0.145557 0.705469 0.0889648 0.2125
0 0.815234 0.84043 0.352344 0.306641
0 0.0911133 0.670898 0.182227 0.151953
0 0.360938 0.746094 0.51875 0.279687
0 0.624902 0.744141 0.501758 0.503906
0 0.570703 0.875 0.288281 0.184375
0 0.712891 0.865625 0.396094 0.26875
0 0.319482 0.732813 0.43291 0.246875
0 0.65459 0.821875 0.576758 0.304688
0 0.55 0.84375 0.328125 0.15
0 0.388086 0.519727 0.614453 0.944922
0 0.368652 0.692578 0.518164 0.389844
0 0.388086 0.749805 0.574609 0.255078
0 0.360156 0.836719 0.3875 0.0859375
0 0.812891 0.785937 0.366406 0.428125
0 0.331934 0.787305 0.454883 0.178516
0 0.645996 0.820898 0.545508 0.303516
0 0.160938 0.712305 0.169531 0.216016
0 0.678906 0.872266 0.590625 0.158594
0 0.364453 0.502539 0.657031 0.994922
0 0.385645 0.501758 0.659961 0.996484
0 0.401465 0.727734 0.59707 0.333594
0 0.153516 0.720898 0.117969 0.226953
0 0.363281 0.769531 0.525 0.260938
0 0.635938 0.832422 0.504687 0.286719
0 0.404492 0.681641 0.592578 0.399219
0 0.6625 0.823438 0.554688 0.345313
0 0.816406 0.872852 0.354688 0.251172
0 0.395508 0.764648 0.588672 0.314453
0 0.675391 0.821094 0.602344 0.345313
0 0.810938 0.819531 0.3625 0.34375
0 0.811914 0.865625 0.352734 0.267188
0 0.676953 0.73125 0.580469 0.5375
0 0.316162 0.69043 0.414551 0.378516
0 0.716797 0.819531 0.561719 0.339063
0 0.37002 0.754687 0.533398 0.240625
0 0.735547 0.870703 0.349219 0.258594
0 0.398535 0.538281 0.639648 0.923438
0 0.373633 0.74375 0.544922 0.26875
0 0.633203 0.821484 0.505469 0.344531
0 0.420898 0.83125 0.560547 0.0875
0 0.42334 0.799414 0.619727 0.301172
0 0.818359 0.884375 0.346094 0.23125
0 0.45498 0.862891 0.425195 0.111719
0 0.65166 0.727734 0.69043 0.544531
0 0.452148 0.791211 0.656641 0.387891
0 0.700391 0.794531 0.596094 0.410938
0 0.452344 0.855078 0.514063 0.153906
0 0.196045 0.676367 0.359473 0.140234
0 0.672461 0.735742 0.655078 0.528516
0 0.276611 0.713086 0.365527 0.208203
0 0.151807 0.721875 0.114355 0.2375
0 0.675879 0.819922 0.638867 0.342969
0 0.400781 0.818164 0.610938 0.213672
0 0.657813 0.829297 0.546875 0.296094
0 0.651563 0.843359 0.534375 0.194531
0 0.716797 0.880078 0.566406 0.239844
0 0.174219 0.138672 0.348438 0.277344
0 0.36875 0.504102 0.544531 0.991797
0 0.379297 0.492773 0.563281 0.898828
0 0.14375 0.622852 0.0882813 0.249609
0 0.655273 0.84707 0.541016 0.208984
0 0.241016 0.692969 0.482031 0.375
0 0.26416 0.71582 0.395117 0.232422
0 0.405078 0.805469 0.611719 0.307813
0 0.845898 0.0925781 0.291016 0.185156
0 0.39707 0.661523 0.580859 0.473828
0 0.695898 0.706641 0.603516 0.586719
0 0.277979 0.731055 0.365918 0.242578
0 0.521875 0.863672 0.373437 0.111719
0 0.854883 0.887109 0.280859 0.225781
0 0.0994141 0.615625 0.198828 0.253125
0 0.0803711 0.736523 0.160742 0.297266
0 0.392725 0.800586 0.60127 0.287891
0 0.0901367 0.153809 0.17832 0.275195
0 0.42168 0.501367 0.687891 0.991016
0 0.227734 0.708594 0.455469 0.389062
0 0.888281 0.833398 0.210938 0.319141
0 0.616211 0.897266 0.572266 0.205469
0 0.865234 0.0931641 0.258594 0.186328
0 0.769922 0.669141 0.452344 0.661719
0 0.40127 0.779102 0.602148 0.351172
0 0.345557 0.741992 0.490137 0.266016
0 0.868945 0.0786621 0.262109 0.157324
0 0.829688 0.0928711 0.323438 0.185742
0 0.554297 0.835547 0.3875 0.275781
0 0.681641 0.870313 0.583594 0.140625
0 0.683789 0.897266 0.598047 0.205469
0 0.327637 0.0783203 0.438477 0.13457
0 0.102271 0.212695 0.147803 0.425391
0 0.379785 0.658398 0.555273 0.456641
0 0.659277 0.68457 0.675195 0.630859
0 0.675781 0.678125 0.648438 0.64375
0 0.165527 0.711328 0.256836 0.224219
0 0.888281 0.877148 0.210938 0.241016
0 0.844727 0.0781738 0.298047 0.156348
0 0.382227 0.162305 0.563672 0.324609
0 0.280371 0.169727 0.37207 0.328906
0 0.332227 0.625977 0.455078 0.308984
0 0.0814941 0.66875 0.162988 0.29375
0 0.849023 0.832227 0.284766 0.335547
0 0.899219 0.374805 0.192188 0.426953
0 0.695508 0.63291 0.604297 0.73418
0 0.612891 0.6375 0.461719 0.721875
0 0.816797 0.658398 0.366406 0.683203
0 0.167896 0.797656 0.334522 0.403125
0 0.358252 0.779297 0.549902 0.369531
0 0.781836 0.0824219 0.422266 0.164844
0 0.818359 0.0811523 0.347656 0.162305
0 0.412988 0.083667 0.606055 0.142627
0 0.371875 0.281348 0.546094 0.552148
0 0.486133 0.498633 0.848047 0.980859
0 0.545313 0.500977 0.86875 0.982422
0 0.159961 0.717188 0.120313 0.23125
0 0.326123 0.768359 0.55791 0.344531
0 0.485352 0.841406 0.568359 0.16875
0 0.670898 0.0274414 0.269141 0.0548828
0 0.186621 0.145117 0.323633 0.290234
0 0.134082 0.181445 0.0740234 0.362891
0 0.234717 0.169434 0.278223 0.338867
0 0.327539 0.193457 0.466797 0.372461
0 0.900391 0.310156 0.188281 0.496094
0 0.720508 0.60332 0.551172 0.793359
0 0.145972 0.732422 0.288525 0.267969
0 0.454688 0.819141 0.665625 0.336719
0 0.368359 0.751953 0.561719 0.291406
0 0.0943115 0.175195 0.167627 0.350391
0 0.260742 0.154785 0.331641 0.30957
0 0.298438 0.151074 0.407813 0.302148
0 0.298486 0.283203 0.424902 0.555469
0 0.577148 0.503125 0.814453 0.984375
0 0.883008 0.480078 0.216797 0.914844
0 0.403418 0.656445 0.599414 0.458984
0 0.675293 0.631836 0.649414 0.736328
0 0.404053 0.739453 0.606738 0.271094
0 0.110547 0.795117 0.221094 0.403516
0 0.41377 0.75332 0.616211 0.280859
0 0.905469 0.921484 0.189063 0.157031
0 0.743945 0.0414063 0.354297 0.0828125
0 0.836133 0.0672363 0.327734 0.134473
0 0.756445 0.0952148 0.480859 0.19043
0 0.137354 0.159521 0.0799805 0.287207
0 0.394434 0.253125 0.589258 0.50625
0 0.869922 0.348242 0.252344 0.696484
0 0.363867 0.492871 0.644141 0.973633
0 0.384473 0.487891 0.653711 0.975781
0 0.885547 0.484375 0.214844 0.96875
0 0.325488 0.491211 0.493555 0.920703
0 0.38418 0.678516 0.589453 0.642969
0 0.510547 0.661133 0.1625 0.377734
0 0.546094 0.758203 0.271875 0.422656
0 0.841992 0.798828 0.303516 0.396094
0 0.279102 0.729102 0.363672 0.252734
0 0.444336 0.794727 0.648828 0.285547
0 0.804688 0.882422 0.346875 0.235156
0 0.54043 0.107959 0.828516 0.208691
0 0.849023 0.360547 0.298828 0.721094
0 0.290527 0.475195 0.361133 0.933984
0 0.320312 0.504297 0.503125 0.991406
0 0.294336 0.495117 0.362891 0.947266
0 0.698438 0.537109 0.603125 0.925781
0 0.174756 0.640332 0.343066 0.544336
0 0.161914 0.663867 0.120703 0.469141
0 0.406348 0.741797 0.608398 0.263281
0 0.159375 0.799219 0.31875 0.401563
0 0.42749 0.801953 0.62627 0.396094
0 0.778516 0.9 0.411719 0.2
0 0.625977 0.0317627 0.294141 0.0635254
0 0.0914062 0.138477 0.182812 0.276953
0 0.241748 0.15 0.300098 0.270313
0 0.409961 0.122412 0.612891 0.230957
0 0.13335 0.169922 0.075293 0.339844
0 0.432227 0.257031 0.663672 0.514063
0 0.54668 0.261914 0.906641 0.523828
0 0.578516 0.326953 0.758594 0.653906
0 0.736328 0.506836 0.527344 0.984766
0 0.579492 0.546484 0.820703 0.907031
0 0.901563 0.409863 0.1875 0.463867
0 0.331641 0.607422 0.467969 0.360156
0 0.631445 0.647852 0.727734 0.704297
0 0.923828 0.692187 0.141406 0.615625
0 0.890625 0.891406 0.21875 0.217188
0 0.606641 0.0259521 0.338281 0.0519043
0 0.238867 0.133984 0.307422 0.267969
0 0.311475 0.084668 0.41377 0.147656
0 0.401172 0.142578 0.600781 0.285156
0 0.55918 0.236328 0.881641 0.472656
0 0.219727 0.16084 0.251953 0.32168
0 0.389844 0.282813 0.582031 0.5625
0 0.27666 0.334766 0.366992 0.669531
0 0.836719 0.484375 0.325 0.96875
0 0.869727 0.485156 0.254297 0.970313
0 0.890234 0.478906 0.202344 0.957812
0 0.902344 0.291797 0.18125 0.583594
0 0.361035 0.492285 0.534961 0.960742
0 0.8625 0.50625 0.267188 0.98125
0 0.331934 0.666211 0.454883 0.448828
0 0.0759277 0.714063 0.151855 0.523438
0 0.672363 0.701953 0.605273 0.563281
0 0.816406 0.602734 0.367188 0.794531
0 0.332422 0.735352 0.461719 0.333984
0 0.236719 0.790234 0.469531 0.396094
0 0.430762 0.755859 0.648633 0.247656
0 0.233203 0.795898 0.466406 0.408203
0 0.555273 0.878125 0.584766 0.24375
0 0.692187 0.892578 0.615625 0.214844
0 0.776367 0.955859 0.447266 0.0882813
0 0.623438 0.019165 0.6 0.0383301
0 0.19043 0.0801758 0.380859 0.160352
0 0.704688 0.0782715 0.326562 0.156543
0 0.719922 0.0844238 0.497656 0.168848
0 0.757031 0.0910156 0.482812 0.182031
0 0.846094 0.125 0.295312 0.25
0 0.262451 0.1479 0.33291 0.283887
0 0.297656 0.134473 0.405469 0.268945
0 0.60166 0.237891 0.79668 0.475781
0 0.101367 0.252344 0.202734 0.504687
0 0.527148 0.257422 0.864453 0.514844
0 0.105176 0.294531 0.210352 0.589063
0 0.531836 0.303906 0.905078 0.607813
0 0.531836 0.324219 0.817578 0.648438
0 0.649707 0.351172 0.678711 0.702344
0 0.110693 0.354688 0.153223 0.70625
0 0.182764 0.366602 0.171191 0.732422
0 0.333301 0.336426 0.481055 0.650586
0 0.569727 0.421094 0.785547 0.842188
0 0.532227 0.480469 0.837109 0.960938
0 0.866016 0.490234 0.261719 0.980469
0 0.951563 0.362988 0.0890625 0.274023
0 0.955859 0.399609 0.0820312 0.347656
0 0.541016 0.558984 0.880469 0.882031
0 0.833594 0.538672 0.325 0.922656
0 0.707031 0.579883 0.579688 0.840234
0 0.900781 0.858398 0.198437 0.283203
0 0.647461 0.0205078 0.542578 0.0410156
0 0.805469 0.0685059 0.375 0.137012
0 0.175977 0.0779785 0.351953 0.155957
0 0.326416 0.0722656 0.430762 0.144531
0 0.635938 0.0720215 0.309375 0.144043
0 0.541797 0.109668 0.891406 0.219336
0 0.149902 0.152881 0.119727 0.278223
0 0.745313 0.131738 0.509375 0.263477
0 0.820117 0.124121 0.356641 0.248242
0 0.874219 0.122461 0.239063 0.244922
0 0.0908936 0.161182 0.175244 0.288184
0 0.222754 0.155664 0.25293 0.291016
0 0.381934 0.129785 0.55957 0.25957
0 0.500391 0.224023 0.799219 0.448047
0 0.593164 0.235352 0.813672 0.470703
0 0.567187 0.2625 0.859375 0.525
0 0.862305 0.241406 0.262891 0.482812
0 0.0772461 0.264453 0.154492 0.528906
0 0.406543 0.281836 0.611914 0.563672
0 0.481055 0.4125 0.822266 0.825
0 0.514258 0.435547 0.799609 0.871094
0 0.281494 0.395605 0.374512 0.780664
0 0.415234 0.478906 0.677344 0.957812
0 0.478516 0.470313 0.828906 0.940625
0 0.574805 0.485938 0.801953 0.971875
0 0.287793 0.499609 0.507227 0.982031
0 0.299707 0.491602 0.492773 0.938672
0 0.879883 0.48457 0.221484 0.702734
0 0.272412 0.68125 0.402051 0.50625
0 0.155859 0.642773 0.311719 0.714453
0 0.138672 0.735156 0.277344 0.529688
0 0.122656 0.796875 0.245312 0.40625
0 0.110754 0.780469 0.22146 0.378125
0 0.248047 0.816797 0.496094 0.366406
0 0.265234 0.0487793 0.407031 0.0975586
0 0.863672 0.0609863 0.272656 0.121973
0 0.258008 0.0737305 0.329297 0.147461
0 0.71543 0.0669922 0.544141 0.133984
0 0.158789 0.170703 0.317578 0.341406
0 0.257031 0.103662 0.314844 0.194238
0 0.719531 0.0816895 0.560938 0.163379
0 0.079248 0.150342 0.158496 0.289941
0 0.533789 0.150928 0.858984 0.30127
0 0.672168 0.148633 0.655664 0.297266
0 0.808594 0.768555 0.382812 0.391016
0 0.815625 0.779492 0.36875 0.378516
0 0.205469 0.065564 0.196094 0.0927002
0 0.218457 0.0816406 0.230664 0.126953
0 0.803125 0.694727 0.39375 0.238672
0 0.814063 0.720313 0.371875 0.284375
0 0.181152 0.0682129 0.152148 0.0901367
0 0.24873 0.0525391 0.292383 0.105078
0 0.24668 0.0594116 0.300391 0.0917236
0 0.386426 0.058252 0.564648 0.116504
0 0.84707 0.766406 0.305859 0.390625
0 0.191504 0.0838623 0.166211 0.121338
0 0.451953 0.0439453 0.680469 0.0878906
0 0.850781 0.753516 0.298438 0.358594
0 0.835156 0.764844 0.329688 0.371875
0 0.219336 0.0618774 0.253516 0.0946045
0 0.255957 0.0439453 0.294336 0.0878906
0 0.250293 0.0798584 0.31582 0.135205
0 0.829688 0.771094 0.340625 0.39375
0 0.247461 0.0498047 0.304297 0.0996094
0 0.85332 0.823242 0.293359 0.287891
0 0.917188 0.812695 0.165625 0.301172
0 0.138525 0.133984 0.260059 0.259375
0 0.274414 0.0774658 0.351953 0.140771
0 0.855078 0.75625 0.289844 0.392188
0 0.460156 0.0647949 0.801562 0.12959
0 0.134546 0.0933228 0.223096 0.145581
0 0.278711 0.076001 0.356641 0.143115
0 0.848828 0.782813 0.302344 0.354688
0 0.807422 0.673633 0.385156 0.175391
0 0.470117 0.0640137 0.820703 0.128027
0 0.172559 0.0648926 0.156445 0.129785
0 0.382227 0.077417 0.563672 0.136963
0 0.211182 0.0948242 0.222168 0.157617
0 0.873828 0.768359 0.252344 0.400781
0 0.803125 0.775 0.39375 0.390625
0 0.182031 0.0973633 0.178125 0.154492
0 0.870898 0.790234 0.258203 0.375781
0 0.205566 0.0734375 0.178711 0.146875
0 0.218555 0.057666 0.230859 0.115332
0 0.833594 0.805273 0.332813 0.300391
0 0.874023 0.751953 0.251953 0.361719
0 0.913281 0.832422 0.173438 0.271094
0 0.130713 0.0802246 0.20498 0.160449
0 0.856445 0.74043 0.287109 0.364453
0 0.437891 0.0797119 0.825781 0.122998
0 0.745117 0.732813 0.509766 0.534375
0 0.860156 0.831641 0.279687 0.267969
0 0.750391 0.712109 0.499219 0.260156
0 0.249658 0.0999023 0.305371 0.155664
0 0.800195 0.749609 0.399609 0.353906
0 0.838672 0.776563 0.322656 0.371875
0 0.946875 0.825781 0.10625 0.323438
0 0.733008 0.706641 0.533984 0.524219
0 0.837891 0.755664 0.324219 0.404297
0 0.867969 0.758984 0.264062 0.394531
0 0.861328 0.722266 0.277344 0.278906
0 0.733008 0.544043 0.533984 0.665039
0 0.868945 0.715625 0.262109 0.304688
0 0.720703 0.725977 0.558594 0.548047
0 0.256006 0.1 0.297363 0.166406
0 0.428125 0.1229 0.85625 0.131543
0 0.854688 0.799609 0.290625 0.363281
0 0.213037 0.232813 0.420801 0.465625
0 0.808398 0.781641 0.383203 0.367969
0 0.513867 0.0663086 0.853516 0.132617
0 0.143799 0.257031 0.282324 0.514063
0 0.287207 0.097998 0.358398 0.171582
0 0.914062 0.862109 0.171875 0.275781
0 0.507031 0.0321533 0.817187 0.0643066
0 0.249414 0.249023 0.498828 0.498047
0 0.873242 0.643555 0.253516 0.284766
0 0.692383 0.708398 0.615234 0.483203
0 0.393555 0.101172 0.695703 0.173828
0 0.736133 0.586328 0.527734 0.769531
0 0.810352 0.76875 0.379297 0.3875
0 0.147693 0.32207 0.290552 0.644141
0 0.82168 0.827734 0.356641 0.261719
0 0.51582 0.0853271 0.868359 0.121924
0 0.239063 0.11748 0.478125 0.234961
0 0.895312 0.863281 0.209375 0.273438
0 0.669141 0.618945 0.661719 0.762109
0 0.678516 0.658398 0.642969 0.414453
0 0.501172 0.143066 0.896094 0.109961
0 0.251172 0.237109 0.502344 0.474219
0 0.323682 0.121143 0.466699 0.219824
0 0.45625 0.197266 0.9125 0.109766
0 0.742188 0.719531 0.515625 0.560938
0 0.916406 0.871289 0.167187 0.257422
0 0.344189 0.124365 0.477246 0.211816
0 0.746875 0.689063 0.50625 0.284375
0 0.231445 0.262305 0.462891 0.524609
0 0.754883 0.763672 0.490234 0.472656
0 0.754102 0.704883 0.491797 0.313672
0 0.948828 0.833984 0.102344 0.282031
0 0.101953 0.91875 0.203906 0.1625
0 0.949609 0.86543 0.100781 0.269141
0 0.230469 0.245898 0.460938 0.491797
0 0.74043 0.871094 0.212891 0.135937
0 0.233594 0.274805 0.467187 0.549609
0 0.274316 0.12915 0.448242 0.213965
0 0.500977 0.197168 0.918359 0.116992
0 0.725195 0.708008 0.549609 0.277734
0 0.618359 0.585449 0.763281 0.829102
0 0.15918 0.524805 0.318359 0.216016
0 0.720313 0.775 0.559375 0.346875
0 0.655078 0.444727 0.689844 0.830859
0 0.16748 0.475977 0.334961 0.220703
0 0.752344 0.886328 0.495313 0.227344
0 0.229102 0.239453 0.458203 0.478906
0 0.747266 0.0985596 0.505469 0.125928
0 0.809766 0.108545 0.380469 0.105957
0 0.407031 0.187646 0.814063 0.119629
0 0.251953 0.267578 0.503906 0.535156
0 0.863867 0.645508 0.272266 0.290234
0 0.731445 0.826563 0.537109 0.235938
0 0.0986328 0.898828 0.197266 0.196094
0 0.751367 0.869922 0.222266 0.127344
0 0.800977 0.107471 0.398047 0.110254
0 0.391992 0.441602 0.725391 0.167578
0 0.732227 0.367773 0.535547 0.666016
0 0.73418 0.444727 0.531641 0.791797
0 0.110156 0.839063 0.220313 0.182812
0 0.780664 0.0204346 0.438672 0.0408691
0 0.833984 0.0248535 0.332031 0.049707
0 0.332129 0.149805 0.498242 0.186328
0 0.715234 0.421191 0.569531 0.716992
0 0.399902 0.492383 0.738477 0.162109
0 0.401367 0.593164 0.747266 0.149609
0 0.154199 0.715625 0.308398 0.246875
0 0.742188 0.85332 0.515625 0.176172
0 0.00666504 0.905469 0.0133301 0.189063
0 0.761914 0.0196289 0.476172 0.0392578
0 0.810938 0.02229 0.378125 0.0445801
0 0.829297 0.0232666 0.341406 0.0465332
0 0.876563 0.0261475 0.246875 0.0522949
0 0.821875 0.0672363 0.35625 0.134473
0 0.52793 0.241992 0.870703 0.123828
0 0.296875 0.436719 0.59375 0.192188
0 0.011377 0.522656 0.0227539 0.235156
0 0.401855 0.543555 0.743164 0.154297
0 0.620898 0.604102 0.758203 0.283203
0 0.171777 0.571289 0.343555 0.262891
0 0.0131836 0.674609 0.0263672 0.260156
0 0.176074 0.67168 0.352148 0.234766
0 0.133008 0.787891 0.266016 0.202344
0 0.00639648 0.885352 0.012793 0.229297
0 0.684863 0.917188 0.630273 0.165625
0 0.8125 0.878711 0.375 0.242578
0 0.133301 0.915625 0.266602 0.16875
0 0.22832 0.277539 0.456641 0.555078
0 0.653516 0.0235596 0.622656 0.0471191
0 0.789062 0.0696777 0.421875 0.139355
0 0.746094 0.148145 0.507812 0.137695
0 0.312256 0.129395 0.383301 0.214648
0 0.739062 0.189502 0.521875 0.146777
0 0.621289 0.43418 0.757422 0.776953
0 0.304102 0.489453 0.608203 0.175781
0 0.570312 0.519922 0.859375 0.355469
0 0.402246 0.644531 0.745508 0.155469
0 0.403223 0.742969 0.727148 0.1375
0 0.407227 0.895312 0.740234 0.154688
0 0.450488 0.937109 0.731836 0.125781
0 0.709375 0.0207031 0.58125 0.0414063
0 0.735352 0.0200439 0.529297 0.0400879
0 0.775 0.202637 0.45 0.14082
0 0.467383 0.241016 0.933984 0.116797
0 0.382129 0.392773 0.704492 0.172266
0 0.439258 0.493555 0.733984 0.158203
0 0.407422 0.792578 0.738281 0.141406
0 0.730078 0.849609 0.269531 0.199219
0 0.721484 0.0637207 0.557031 0.127441
0 0.810352 0.0663818 0.379297 0.130127
0 0.667188 0.0938965 0.665625 0.118262
0 0.805469 0.15918 0.389062 0.122266
0 0.768359 0.215918 0.463281 0.12168
0 0.234766 0.305859 0.469531 0.611719
0 0.441992 0.544531 0.728516 0.152344
0 0.439746 0.594141 0.72832 0.152344
0 0.434473 0.645703 0.731055 0.157813
0 0.217578 0.673633 0.435156 0.182422
0 0.404687 0.691797 0.726562 0.139063
0 0.0112427 0.779102 0.0224854 0.229297
0 0.40918 0.843359 0.744141 0.144531
0 0.441797 0.896875 0.721094 0.148438
0 0.65166 0.930859 0.682617 0.138281
0 0.797266 0.919141 0.396094 0.161719
0 0.793555 0.160742 0.412891 0.116016
0 0.611719 0.241211 0.753125 0.144922
0 0.749219 0.224023 0.501563 0.174609
0 0.287695 0.389258 0.575391 0.194141
0 0.163184 0.424609 0.326367 0.235156
0 0.307617 0.541211 0.615234 0.158203
0 0.669824 0.568555 0.660352 0.359766
0 0.711719 0.580273 0.576563 0.322266
0 0.0130127 0.576367 0.0260254 0.258203
0 0.310547 0.589844 0.621094 0.150781
0 0.312305 0.642773 0.624609 0.157422
0 0.0131836 0.718359 0.0263672 0.253906
0 0.320312 0.741016 0.640625 0.136719
0 0.437402 0.744336 0.725195 0.142578
0 0.338086 0.792383 0.676172 0.146484
0 0.820703 0.767188 0.358594 0.3875
0 0.260938 0.897656 0.521875 0.165625
0 0.665234 0.8875 0.653906 0.13125
0 0.814063 0.839844 0.371875 0.225
0 0.605273 0.0644531 0.755078 0.128906
0 0.873438 0.062793 0.253125 0.125586
0 0.561719 0.289746 0.795313 0.131836
0 0.235547 0.42832 0.471094 0.243359
0 0.440039 0.442285 0.727734 0.15918
0 0.58125 0.363086 0.8375 0.541016
0 0.0105469 0.47041 0.0210938 0.24668
0 0.738672 0.646875 0.522656 0.3125
0 0.189648 0.622656 0.379297 0.290625
0 0.719922 0.6875 0.560156 0.295312
0 0.307764 0.689453 0.613379 0.13125
0 0.712305 0.775 0.575391 0.364063
0 0.00831299 0.835156 0.016626 0.221875
0 0.260156 0.84082 0.520312 0.155859
0 0.344141 0.841602 0.688281 0.143359
0 0.697461 0.877344 0.605078 0.148438
0 0.271289 0.932813 0.542578 0.134375
0 0.478809 0.936719 0.686133 0.126563
0 0.864453 0.02771 0.271094 0.0554199
0 0.874219 0.102051 0.251563 0.119531
0 0.874609 0.213086 0.250781 0.116797
0 0.728906 0.249414 0.542188 0.226172
0 0.571875 0.337207 0.84375 0.131055
0 0.617871 0.338379 0.764258 0.144336
0 0.727539 0.341797 0.544922 0.145313
0 0.157715 0.377148 0.31543 0.205078
0 0.436816 0.390918 0.718555 0.16582
0 0.228125 0.470313 0.45625 0.242969
0 0.699219 0.489746 0.601562 0.34082
0 0.696484 0.660937 0.607031 0.3625
0 0.437891 0.693945 0.727344 0.150391
0 0.635645 0.684961 0.728711 0.126172
0 0.761914 0.772656 0.476172 0.354688
0 0.415234 0.936328 0.741406 0.127344
0 0.950781 0.879883 0.0984375 0.240234
0 0.695703 0.0629883 0.608594 0.125977
0 0.749023 0.0624512 0.501953 0.124902
0 0.588574 0.143945 0.785352 0.127734
0 0.369238 0.192139 0.608398 0.247754
0 0.411377 0.212598 0.684277 0.189258
0 0.231445 0.30957 0.462891 0.596484
0 0.590137 0.287402 0.797852 0.141992
0 0.744531 0.293555 0.510938 0.127734
0 0.667578 0.227539 0.664844 0.455078
0 0.578711 0.373633 0.842578 0.208984
0 0.57959 0.434375 0.84082 0.130469
0 0.714648 0.371777 0.570703 0.330664
0 0.241797 0.482227 0.483594 0.216016
0 0.667969 0.683984 0.664062 0.146875
0 0.761523 0.746875 0.476953 0.395313
0 0.731445 0.887891 0.537109 0.224219
0 0.730078 0.064209 0.539844 0.128418
0 0.564453 0.0933105 0.832031 0.125488
0 0.255859 0.14834 0.511719 0.274414
0 0.617383 0.194238 0.737109 0.133008
0 0.841797 0.182422 0.316406 0.199609
0 0.287109 0.189795 0.574219 0.256348
0 0.747266 0.245312 0.505469 0.130469
0 0.762891 0.223193 0.474219 0.183301
0 0.878516 0.230078 0.242969 0.184766
0 0.242188 0.258398 0.484375 0.405859
0 0.717188 0.28916 0.565625 0.131445
0 0.736914 0.247461 0.526172 0.235938
0 0.877148 0.305371 0.245703 0.118945
0 0.0455078 0.346289 0.0910156 0.266797
0 0.380859 0.345508 0.696875 0.166016
0 0.658594 0.241797 0.682813 0.483594
0 0.642969 0.358203 0.714063 0.716406
0 0.0108154 0.425293 0.0216309 0.254102
0 0.62168 0.642773 0.756641 0.154297
0 0.63252 0.745703 0.734961 0.189844
0 0.252344 0.793359 0.504687 0.161719
0 0.744531 0.85 0.223438 0.21875
0 0.810547 0.795313 0.378906 0.334375
0 0.343164 0.896484 0.686328 0.155469
0 0.734961 0.899219 0.530078 0.201563
0 0.875586 0.159473 0.248828 0.111133
0 0.714844 0.192871 0.570312 0.124805
0 0.732031 0.241602 0.535937 0.129297
0 0.768555 0.255859 0.462891 0.125781
0 0.875 0.253027 0.25 0.122461
0 0.395313 0.287109 0.753906 0.159766
0 0.663867 0.290625 0.672266 0.143359
0 0.775391 0.304883 0.449219 0.126172
0 0.287109 0.344922 0.574219 0.178125
0 0.421582 0.341602 0.734961 0.168359
0 0.594824 0.339844 0.730664 0.121875
0 0.643359 0.30498 0.713281 0.229883
0 0.741016 0.331934 0.517969 0.210352
0 0.0125977 0.380469 0.0251953 0.242188
0 0.226172 0.38291 0.452344 0.234961
0 0.573047 0.386719 0.853906 0.155469
0 0.618945 0.374805 0.762109 0.749609
0 0.223047 0.417383 0.446094 0.269922
0 0.259961 0.0549316 0.431641 0.109863
0 0.235938 0.075 0.471875 0.15
0 0.225391 0.626953 0.450781 0.746094
0 0.304297 0.719336 0.608594 0.223828
0 0.279102 0.0582031 0.473828 0.116406
0 0.225586 0.780273 0.451172 0.395703
0 0.207031 0.271484 0.414062 0.542969
0 0.195898 0.304688 0.391797 0.609375
0 0.257227 0.075 0.514453 0.15
0 0.291406 0.075 0.582812 0.15
0 0.285156 0.0673828 0.570312 0.134766
0 0.220898 0.102832 0.441797 0.190039
0 0.21582 0.0768311 0.431641 0.146338
0 0.305273 0.7125 0.610547 0.285938
0 0.216602 0.0643555 0.433203 0.128711
0 0.176172 0.604883 0.352344 0.790234
0 0.178516 0.335352 0.357031 0.670703
0 0.321094 0.0849609 0.642188 0.169922
0 0.766406 0.765625 0.467187 0.1875
0 0.304102 0.616602 0.608203 0.740234
0 0.204688 0.625684 0.409375 0.748633
0 0.224219 0.166748 0.448438 0.273926
0 0.228125 0.600488 0.45625 0.799023
0 0.298438 0.100684 0.596875 0.19707
0 0.227734 0.598437 0.455469 0.803125
0 0.287891 0.0537598 0.575781 0.10752
0 0.203125 0.794141 0.40625 0.411719
0 0.30166 0.049707 0.43418 0.0994141
0 0.766211 0.737695 0.467578 0.124609
0 0.31875 0.0737305 0.6375 0.147461
0 0.269922 0.711719 0.539844 0.210938
0 0.194531 0.12793 0.389062 0.232422
0 0.33125 0.731055 0.6625 0.220703
0 0.310547 0.585547 0.621094 0.783594
0 0.223438 0.722656 0.446875 0.20625
0 0.183301 0.672461 0.366602 0.655078
0 0.304492 0.752539 0.608984 0.194922
0 0.328125 0.719922 0.65625 0.296094
0 0.223242 0.286914 0.446484 0.573828
0 0.261914 0.0488281 0.427734 0.0976562
0 0.325391 0.168262 0.650781 0.336523
0 0.177637 0.342578 0.355273 0.685156
0 0.24082 0.101123 0.481641 0.196582
0 0.245898 0.281836 0.491797 0.563672
0 0.249414 0.623047 0.498828 0.699219
0 0.246484 0.714648 0.492969 0.206641
0 0.266797 0.751367 0.533594 0.197266
0 0.248828 0.687891 0.497656 0.235156
0 0.376563 0.726172 0.746875 0.216406
0 0.367969 0.778516 0.735938 0.142969
0 0.200977 0.625781 0.401953 0.748438
0 0.396094 0.100391 0.792188 0.200781
0 0.263086 0.100439 0.526172 0.19873
0 0.329688 0.621484 0.659375 0.757031
0 0.757422 0.765625 0.485156 0.175
0 0.198633 0.339063 0.397266 0.678125
0 0.274219 0.683398 0.548438 0.230078
0 0.194141 0.307129 0.388281 0.547461
0 0.222852 0.321094 0.445703 0.642188
0 0.239844 0.574805 0.479688 0.850391
0 0.782227 0.806445 0.369922 0.187109
0 0.294336 0.627637 0.588672 0.607227
0 0.20293 0.30293 0.405859 0.605859
0 0.378906 0.213672 0.757812 0.427344
0 0.217773 0.256445 0.435547 0.512891
0 0.308203 0.597266 0.616406 0.805469
0 0.178516 0.317969 0.357031 0.635938
0 0.743555 0.813281 0.512891 0.373437
0 0.778906 0.715625 0.442188 0.471875
0 0.201172 0.102808 0.402344 0.149072
0 0.763672 0.812695 0.472656 0.218359
0 0.246484 0.138477 0.492969 0.215234
0 0.450391 0.0800293 0.900781 0.160059
0 0.316406 0.558008 0.632812 0.824609
0 0.256055 0.595703 0.512109 0.808594
0 0.749609 0.785937 0.500781 0.239063
0 0.804883 0.201758 0.390234 0.403516
0 0.189063 0.816992 0.378125 0.366016
0 0.272461 0.282422 0.544922 0.564844
0 0.197266 0.603125 0.394531 0.79375
0 0.773047 0.77793 0.453906 0.228516
0 0.317969 0.134766 0.635938 0.269531
0 0.201563 0.721289 0.403125 0.204297
0 0.7375 0.771289 0.525 0.457422
0 0.548535 0.830078 0.399023 0.158594
0 0.371875 0.751758 0.74375 0.180859
0 0.309375 0.572461 0.61875 0.848828
0 0.336719 0.595703 0.673438 0.808594
0 0.797266 0.33457 0.405469 0.669141
0 0.378711 0.656934 0.757422 0.686133
0 0.375586 0.785547 0.751172 0.142969
0 0.58125 0.91875 0.59375 0.159375
0 0.682422 0.873828 0.0898438 0.0773438
0 0.377148 0.835938 0.754297 0.128125
0 0.367773 0.221289 0.735547 0.442578
0 0.20918 0.601562 0.418359 0.796875
0 0.747461 0.738867 0.505078 0.376953
0 0.241406 0.751563 0.482812 0.196875
0 0.753711 0.916016 0.305078 0.166406
0 0.444531 0.116699 0.889063 0.233398
0 0.807422 0.208789 0.385156 0.417578
0 0.794336 0.277539 0.411328 0.398047
0 0.72832 0.861914 0.543359 0.176172
0 0.219727 0.757617 0.439453 0.184766
0 0.421484 0.801953 0.658594 0.167969
0 0.782813 0.807031 0.434375 0.207813
0 0.800586 0.305469 0.398828 0.610938
0 0.246094 0.311328 0.492188 0.622656
0 0.286328 0.702539 0.572656 0.165234
0 0.784766 0.152344 0.430469 0.251563
0 0.666016 0.890234 0.442969 0.0898438
0 0.17666 0.398145 0.35332 0.763086
0 0.418555 0.745508 0.663672 0.179297
0 0.39707 0.833398 0.726953 0.137891
0 0.389062 0.597852 0.778125 0.804297
0 0.420312 0.779102 0.66875 0.321484
0 0.730664 0.838281 0.538672 0.323438
0 0.300195 0.261133 0.600391 0.522266
0 0.191016 0.316772 0.382031 0.568799
0 0.517383 0.10293 0.940234 0.205859
0 0.780664 0.214648 0.438672 0.395703
0 0.325391 0.244727 0.650781 0.489453
0 0.682031 0.743359 0.473438 0.160156
0 0.545703 0.892578 0.391406 0.114844
0 0.791406 0.159961 0.417188 0.319922
0 0.796094 0.302344 0.407813 0.461719
0 0.752734 0.280127 0.494531 0.431934
0 0.281641 0.30625 0.563281 0.6125
0 0.801172 0.205078 0.397656 0.410156
0 0.60332 0.888281 0.651172 0.09375
0 0.727148 0.902734 0.545703 0.189844
0 0.773242 0.584766 0.453516 0.702344
0 0.768164 0.70293 0.463672 0.158203
0 0.203711 0.278516 0.407422 0.557031
0 0.774609 0.682422 0.450781 0.408594
0 0.771875 0.780664 0.45625 0.154297
0 0.569141 0.825391 0.366406 0.150781
0 0.574414 0.893359 0.372266 0.107031
0 0.299609 0.15542 0.599219 0.271973
0 0.279297 0.571484 0.558594 0.857031
0 0.306641 0.258203 0.613281 0.516406
0 0.775781 0.681836 0.448438 0.472266
0 0.767383 0.776367 0.465234 0.447266
0 0.808594 0.255469 0.382812 0.510938
0 0.765234 0.675781 0.469531 0.598437
0 0.761719 0.741992 0.476562 0.253516
0 0.771094 0.85332 0.457813 0.193359
0 0.729688 0.848437 0.540625 0.228125
0 0.732617 0.874219 0.534766 0.140625
0 0.807031 0.280859 0.385938 0.561719
0 0.271484 0.144824 0.542969 0.207617
0 0.180078 0.586426 0.360156 0.827148
0 0.24082 0.572656 0.481641 0.854688
0 0.73418 0.82168 0.531641 0.356641
0 0.519531 0.0817871 0.935938 0.163574
0 0.80918 0.286328 0.381641 0.572656
0 0.717188 0.532227 0.565625 0.746484
0 0.70625 0.527734 0.5875 0.753906
0 0.78125 0.8875 0.365625 0.125
0 0.209766 0.275977 0.419531 0.551953
0 0.78457 0.165332 0.430859 0.166602
0 0.744141 0.711719 0.496094 0.173438
0 0.756641 0.189453 0.486719 0.378906
0 0.810547 0.282422 0.378906 0.564844
0 0.433594 0.771875 0.707812 0.45625
0 0.784766 0.199121 0.430469 0.23457
0 0.730664 0.311426 0.538672 0.534961
0 0.771875 0.757617 0.45625 0.484766
0 0.314063 0.462891 0.628125 0.623438
0 0.192578 0.631836 0.385156 0.736328
0 0.239453 0.524023 0.478906 0.861328
0 0.767188 0.738086 0.465625 0.451953
0 0.790234 0.312695 0.419531 0.579297
0 0.73418 0.543457 0.531641 0.708398
0 0.710352 0.578613 0.579297 0.717773
0 0.320703 0.28418 0.641406 0.568359
0 0.342187 0.576367 0.684375 0.844141
0 0.498828 0.920313 0.492969 0.15625
0 0.809375 0.263086 0.38125 0.526172
0 0.745117 0.761523 0.509766 0.345703
0 0.764258 0.830859 0.471484 0.338281
0 0.198437 0.808594 0.396875 0.382812
0 0.794922 0.258398 0.410156 0.516797
0 0.740625 0.190039 0.51875 0.380078
0 0.383594 0.224219 0.767188 0.448438
0 0.744727 0.592871 0.510547 0.658008
0 0.517383 0.193555 0.958984 0.387109
0 0.602344 0.920313 0.267188 0.157813
0 0.422656 0.890625 0.660937 0.117188
0 0.748633 0.920703 0.355859 0.158594
0 0.774414 0.674609 0.451172 0.591406
0 0.505469 0.0728516 0.907813 0.145703
0 0.729883 0.35166 0.540234 0.545898
0 0.226562 0.336328 0.453125 0.672656
0 0.733398 0.493066 0.533203 0.77793
0 0.499414 0.78125 0.674609 0.4375
0 0.747266 0.783203 0.502344 0.433594
0 0.332031 0.502148 0.664062 0.620703
0 0.182617 0.337305 0.365234 0.643359
0 0.181836 0.37666 0.363672 0.695898
0 0.501172 0.742578 0.628906 0.241406
0 0.687109 0.788477 0.474219 0.168359
0 0.269189 0.904688 0.328809 0.1875
0 0.723437 0.888672 0.171875 0.107031
0 0.253516 0.324707 0.507031 0.620117
0 0.699219 0.419629 0.601562 0.798242
0 0.731445 0.461426 0.537109 0.814648
0 0.522949 0.916406 0.424414 0.164062
0 0.143457 0.0746582 0.0619141 0.0915039
0 0.683398 0.901563 0.0917969 0.0734375
0 0.823047 0.253125 0.353906 0.50625
0 0.758008 0.432227 0.483984 0.116797
0 0.757031 0.50918 0.485938 0.394141
0 0.779297 0.260791 0.441406 0.239355
0 0.220703 0.575977 0.441406 0.848047
0 0.420117 0.868359 0.767578 0.153906
0 0.143604 0.0875488 0.0624023 0.122168
0 0.731445 0.387402 0.537109 0.543164
0 0.73125 0.397266 0.5375 0.729688
0 0.619922 0.458984 0.457031 0.133594
0 0.662109 0.704297 0.516406 0.160156
0 0.57168 0.887109 0.622266 0.0835937
0 0.479492 0.222852 0.895703 0.445703
0 0.19668 0.776953 0.393359 0.130469
0 0.799609 0.183594 0.400781 0.367188
0 0.750586 0.760547 0.498828 0.478906
0 0.744141 0.539941 0.511719 0.685742
0 0.73457 0.58252 0.530859 0.663086
0 0.738672 0.912109 0.522656 0.153906
0 0.442383 0.604688 0.762109 0.790625
0 0.553516 0.916016 0.357031 0.166406
0 0.765039 0.1875 0.469922 0.375
0 0.639063 0.0867188 0.692187 0.173438
0 0.791797 0.343359 0.416406 0.449219
0 0.767578 0.396094 0.464844 0.151562
0 0.729297 0.563379 0.541406 0.873242
0 0.532617 0.917188 0.256641 0.1625
0 0.760547 0.0820068 0.478906 0.156104
0 0.325586 0.242578 0.651172 0.485156
0 0.669141 0.387109 0.422656 0.129688
0 0.199414 0.578027 0.398828 0.843945
0 0.230859 0.903906 0.461719 0.190625
0 0.677344 0.921484 0.51875 0.157031
0 0.295898 0.237891 0.591797 0.475781
0 0.737305 0.359424 0.525391 0.440527
0 0.77832 0.288184 0.443359 0.172852
0 0.692969 0.338477 0.45 0.146484
0 0.206055 0.277734 0.412109 0.555469
0 0.44375 0.225586 0.835938 0.451172
0 0.335742 0.375098 0.671484 0.235742
0 0.549805 0.456445 0.506641 0.118359
0 0.65918 0.431738 0.433203 0.120117
0 0.744336 0.661523 0.511328 0.380078
0 0.778906 0.30625 0.442188 0.6125
0 0.873438 0.358203 0.253125 0.369531
0 0.772266 0.400781 0.455469 0.201563
0 0.615039 0.566211 0.490234 0.295703
0 0.701563 0.497656 0.596875 0.810938
0 0.74375 0.491504 0.5125 0.735742
0 0.391406 0.633594 0.782813 0.732813
0 0.443359 0.647656 0.783594 0.704688
0 0.530469 0.739453 0.517188 0.167969
0 0.764258 0.082373 0.471484 0.164746
0 0.499609 0.228906 0.858594 0.457813
0 0.779297 0.346973 0.441406 0.142773
0 0.310547 0.291602 0.621094 0.439453
0 0.69082 0.463086 0.618359 0.842578
0 0.224023 0.528906 0.448047 0.860938
0 0.294141 0.502734 0.588281 0.827344
0 0.571289 0.791797 0.426172 0.161719
0 0.613672 0.0737305 0.730469 0.147461
0 0.530469 0.151929 0.903125 0.187158
0 0.232031 0.503711 0.464063 0.623828
0 0.74043 0.628125 0.519141 0.439063
0 0.731836 0.824023 0.536328 0.225391
0 0.699609 0.542773 0.600781 0.891016
0 0.755664 0.0801758 0.488672 0.160352
0 0.711328 0.078125 0.507031 0.15625
0 0.788672 0.39707 0.422656 0.341797
0 0.289062 0.311914 0.578125 0.351172
0 0.189453 0.713086 0.378906 0.192578
0 0.401953 0.908984 0.803906 0.167969
0 0.398047 0.906641 0.609375 0.178906
0 0.428711 0.271143 0.800391 0.265527
0 0.755273 0.32207 0.489453 0.644141
0 0.917578 0.417139 0.164844 0.514941
0 0.707617 0.366602 0.584766 0.666797
0 0.196875 0.279492 0.39375 0.558984
0 0.449609 0.576953 0.744531 0.303906
0 0.609863 0.704102 0.542773 0.591797
0 0.730469 0.646094 0.539062 0.63125
0 0.808594 0.854102 0.382812 0.191797
0 0.584668 0.0473633 0.705664 0.0947266
0 0.776172 0.184082 0.447656 0.368164
0 0.75332 0.135156 0.493359 0.110547
0 0.716602 0.291016 0.566797 0.582031
0 0.632031 0.388086 0.445312 0.121484
0 0.743945 0.389941 0.512109 0.147461
0 0.742578 0.42793 0.514844 0.116016
0 0.432861 0.908594 0.782715 0.170313
0 0.125781 0.673633 0.108203 0.118359
0 0.91875 0.0879883 0.1625 0.175977
0 0.533789 0.70625 0.130078 0.260938
0 0.571484 0.732617 0.0679687 0.481641
0 0.0505859 0.682813 0.101172 0.104688
0 0.933594 0.0671875 0.132812 0.134375
0 0.144824 0.688672 0.0646484 0.0992187
0 0.579297 0.684375 0.0625 0.282813
0 0.780859 0.0861206 0.438281 0.170532
0 0.88125 0.0994141 0.2375 0.198828
0 0.395313 0.134985 0.707812 0.238232
0 0.0905273 0.682813 0.181055 0.110937
0 0.537695 0.680859 0.120703 0.297656
0 0.322266 0.134814 0.644531 0.216699
0 0.337695 0.135181 0.648828 0.226123
0 0.583594 0.706641 0.071875 0.238281
0 0.0824219 0.682031 0.164844 0.1125
0 0.575391 0.720508 0.102344 0.548047
0 0.034668 0.65957 0.0693359 0.144141
0 0.125146 0.699609 0.117285 0.142188
0 0.306641 0.1271 0.613281 0.198145
0 0.854883 0.101855 0.273047 0.191602
0 0.395898 0.14541 0.734766 0.228711
0 0.9625 0.204248 0.075 0.147363
0 0.955078 0.658398 0.0898438 0.187109
0 0.530664 0.769336 0.140234 0.234766
0 0.783398 0.0874023 0.433203 0.174805
0 0.442383 0.711133 0.0941406 0.282422
0 0.534961 0.707422 0.122266 0.435156
0 0.922656 0.610547 0.154688 0.135937
0 0.400391 0.113574 0.677344 0.173633
0 0.745898 0.951563 0.508203 0.096875
0 0.0936523 0.666406 0.187305 0.144531
0 0.14375 0.674805 0.0714844 0.119141
0 0.862109 0.089563 0.275781 0.177124
0 0.42002 0.223682 0.284961 0.139746
0 0.283984 0.62832 0.236719 0.151172
0 0.964063 0.71582 0.071875 0.160547
0 0.449219 0.149365 0.790625 0.237988
0 0.505859 0.689258 0.149219 0.280859
0 0.828711 0.0134766 0.269141 0.0269531
0 0.903125 0.108252 0.19375 0.174121
0 0.729297 0.651172 0.399219 0.382031
0 0.25166 0.639844 0.284961 0.204688
0 0.887891 0.766016 0.171094 0.113281
0 0.791016 0.0141113 0.417969 0.0282227
0 0.447266 0.13855 0.763281 0.248291
0 0.962891 0.410645 0.0742188 0.164648
0 0.885742 0.472852 0.228516 0.103516
0 0.503516 0.718555 0.18125 0.267578
0 0.588672 0.76875 0.0835937 0.20625
0 0.602539 0.813281 0.139453 0.209375
0 0.316016 0.109106 0.632031 0.160693
0 0.366699 0.139648 0.558789 0.216797
0 0.959766 0.155469 0.0804688 0.143359
0 0.960156 0.450684 0.0796875 0.158789
0 0.643164 0.695703 0.201953 0.238281
0 0.803711 0.668164 0.392578 0.126953
0 0.462891 0.10741 0.747656 0.175806
0 0.95625 0.508594 0.0875 0.138281
0 0.523633 0.704492 0.128516 0.534766
0 0.500195 0.625195 0.516797 0.154297
0 0.792969 0.608789 0.390625 0.135547
0 0.19209 0.67793 0.270508 0.114453
0 0.459375 0.686914 0.117188 0.213672
0 0.851562 0.929688 0.296875 0.10625
0 0.881836 0.417969 0.236328 0.114063
0 0.492969 0.703125 0.116406 0.414062
0 0.234766 0.676367 0.422656 0.102734
0 0.79043 0.0130859 0.222266 0.0261719
0 0.342969 0.112964 0.626563 0.163916
0 0.823242 0.614453 0.353516 0.113281
0 0.437891 0.781641 0.084375 0.207031
0 0.319727 0.522461 0.639453 0.106641
0 0.67207 0.658008 0.246484 0.307422
0 0.964453 0.766797 0.0710938 0.133594
0 0.957812 0.409473 0.084375 0.287305
0 0.964063 0.813867 0.071875 0.130078
0 0.286914 0.0999023 0.573828 0.142383
0 0.134961 0.67832 0.269922 0.111328
0 0.950781 0.882422 0.0984375 0.0898438
0 0.892188 0.36543 0.215625 0.132422
0 0.132422 0.607813 0.264844 0.198437
0 0.0652344 0.650586 0.130469 0.173047
0 0.193652 0.677344 0.381445 0.107031
0 0.826172 0.671875 0.347656 0.101562
0 0.305859 0.710938 0.611719 0.1375
0 0.305078 0.101782 0.610156 0.150342
0 0.895312 0.413281 0.182812 0.124219
0 0.785547 0.563867 0.428906 0.142578
0 0.0982422 0.668359 0.136133 0.15
0 0.326953 0.130127 0.605469 0.197168
0 0.307715 0.630078 0.29082 0.123438
0 0.237549 0.675195 0.177637 0.116016
0 0.472461 0.677344 0.366797 0.101562
0 0.429492 0.0156738 0.697266 0.0313477
0 0.960938 0.257715 0.078125 0.141992
0 0.546094 0.419531 0.139063 0.142188
0 0.795898 0.0328613 0.408203 0.0657227
0 0.380176 0.150586 0.559961 0.225
0 0.923438 0.401855 0.153125 0.157227
0 0.498242 0.783398 0.198047 0.230078
0 0.377734 0.158838 0.717969 0.269434
0 0.591797 0.416895 0.148438 0.120898
0 0.93125 0.561523 0.1375 0.130859
0 0.794922 0.107202 0.269531 0.166064
0 0.961328 0.0898438 0.0773438 0.179688
0 0.376855 0.270215 0.143945 0.112305
0 0.879297 0.711328 0.149219 0.127344
0 0.37793 0.0159668 0.675391 0.0319336
0 0.676562 0.0134521 0.36875 0.0269043
0 0.64668 0.475 0.256641 0.148438
0 0.209766 0.707812 0.103906 0.133594
0 0.49668 0.798047 0.196484 0.227344
0 0.507227 0.140796 0.801172 0.250049
0 0.690625 0.111743 0.61875 0.173389
0 0.133789 0.610156 0.267578 0.259375
0 0.46582 0.576367 0.671484 0.147266
0 0.476758 0.671875 0.149609 0.35625
0 0.41709 0.0764893 0.736133 0.0981934
0 0.436523 0.273438 0.191797 0.111328
0 0.629102 0.420996 0.158984 0.102539
0 0.521875 0.637109 0.251563 0.413281
0 0.897656 0.819141 0.204688 0.105469
0 0.523047 0.0682007 0.788281 0.104614
0 0.620898 0.122021 0.758203 0.200488
0 0.577344 0.514258 0.210938 0.262109
0 0.904688 0.46582 0.18125 0.115234
0 0.641602 0.673438 0.245703 0.542188
0 0.0876953 0.708203 0.175391 0.133594
0 0.483984 0.0151855 0.703906 0.0303711
0 0.309375 0.113403 0.61875 0.119092
0 0.61543 0.711328 0.151172 0.192969
0 0.427734 0.796094 0.0820312 0.204688
0 0.440039 0.156934 0.785547 0.273633
0 0.472363 0.487109 0.198242 0.325781
0 0.503125 0.529883 0.142969 0.308203
0 0.274023 0.754102 0.355078 0.140234
0 0.310742 0.110986 0.621484 0.158496
0 0.803516 0.131885 0.392969 0.169043
0 0.499023 0.871875 0.180078 0.1
0 0.2625 0.924219 0.525 0.107813
0 0.652539 0.0141113 0.466797 0.0282227
0 0.513672 0.146777 0.822656 0.238086
0 0.322461 0.320117 0.201172 0.112109
0 0.623633 0.0594116 0.716797 0.0969971
0 0.49375 0.696289 0.129688 0.529297
0 0.213281 0.707422 0.426563 0.133594
0 0.552832 0.917969 0.499023 0.11875
0 0.952734 0.313281 0.0945313 0.154688
0 0.412891 0.489258 0.747656 0.234766
0 0.907422 0.508398 0.185156 0.138672
0 0.218457 0.760742 0.111914 0.128516
0 0.358398 0.873438 0.158984 0.103125
0 0.576758 0.925781 0.493359 0.107813
0 0.74375 0.139893 0.5125 0.208496
0 0.770898 0.365234 0.433203 0.122656
0 0.854297 0.470117 0.291406 0.107422
0 0.29082 0.0134033 0.581641 0.0268066
0 0.320703 0.0146973 0.641406 0.0293945
0 0.532031 0.0149414 0.717188 0.0298828
0 0.643164 0.0144287 0.619922 0.0288574
0 0.867383 0.125513 0.265234 0.130615
0 0.490039 0.415234 0.130078 0.151562
0 0.25 0.516211 0.5 0.117578
0 0.317773 0.511328 0.635547 0.114844
0 0.378613 0.813086 0.153711 0.155078
0 0.532422 0.8 0.164062 0.239063
0 0.585742 0.0146973 0.689453 0.0293945
0 0.581445 0.0533081 0.769922 0.0834229
0 0.723437 0.164209 0.553125 0.215332
0 0.753125 0.176855 0.49375 0.153711
0 0.764844 0.421191 0.201563 0.107617
0 0.536914 0.582715 0.319922 0.47832
0 0.856641 0.615039 0.286719 0.117578
0 0.260547 0.074292 0.521094 0.104932
0 0.854883 0.0898315 0.252734 0.167017
0 0.581641 0.132178 0.799219 0.227051
0 0.633301 0.143604 0.711523 0.228418
0 0.538281 0.156445 0.796875 0.260156
0 0.69707 0.318945 0.269922 0.108984
0 0.738477 0.373828 0.168359 0.103906
0 0.110132 0.709375 0.103369 0.127344
0 0.611914 0.363281 0.154297 0.125
0 0.791406 0.420605 0.417188 0.104883
0 0.941016 0.718164 0.117969 0.176172
0 0.414062 0.873438 0.121875 0.0984375
0 0.395117 0.222266 0.198047 0.119531
0 0.817773 0.566602 0.364453 0.119141
0 0.885742 0.572656 0.228516 0.110156
0 0.855664 0.672266 0.288672 0.100781
0 0.540234 0.879687 0.308594 0.09375
0 0.908984 0.172559 0.182031 0.108789
0 0.42959 0.433496 0.546289 0.268164
0 0.210742 0.519336 0.421484 0.112109
0 0.853516 0.512109 0.292969 0.130469
0 0.310742 0.554883 0.394922 0.178516
0 0.355176 0.569922 0.474023 0.109375
0 0.279834 0.823828 0.266895 0.107031
0 0.357422 0.825781 0.244531 0.1125
0 0.337598 0.920313 0.379492 0.117188
0 0.275195 0.950781 0.550391 0.0984375
0 0.711328 0.0869873 0.388281 0.148291
0 0.384082 0.225049 0.467773 0.147168
0 0.426563 0.228809 0.598437 0.14082
0 0.486719 0.275098 0.182812 0.113086
0 0.873828 0.37168 0.252344 0.116016
0 0.347559 0.431348 0.54082 0.19043
0 0.566211 0.875391 0.271484 0.105469
0 0.654297 0.0784424 0.580469 0.134912
0 0.79375 0.123828 0.19375 0.132422
0 0.729492 0.321875 0.162891 0.104297
0 0.897656 0.313867 0.204688 0.131641
0 0.503125 0.658203 0.153125 0.557031
0 0.711133 0.53125 0.332422 0.226562
0 0.856641 0.571484 0.286719 0.115625
0 0.285156 0.629102 0.18125 0.127734
0 0.608594 0.819141 0.140625 0.191406
0 0.550586 0.883203 0.380078 0.0914062
0 0.309375 0.922266 0.61875 0.111719
0 0.277246 0.914844 0.362695 0.123438
0 0.214453 0.012085 0.428906 0.0241699
0 0.416357 0.524805 0.57666 0.104297
0 0.880078 0.664453 0.239844 0.119531
0 0.451953 0.712695 0.308594 0.194922
0 0.832812 0.178467 0.334375 0.113379
0 0.542773 0.275098 0.198047 0.118555
0 0.344336 0.523438 0.562891 0.107813
0 0.884766 0.514844 0.230469 0.123438
0 0.279102 0.720703 0.346484 0.111719
0 0.855859 0.714453 0.188281 0.124219
0 0.604688 0.317676 0.183594 0.10957
0 0.846289 0.373633 0.307422 0.105859
0 0.439648 0.401172 0.181641 0.165625
0 0.826563 0.468945 0.346875 0.112891
0 0.208887 0.714648 0.245898 0.120703
0 0.498633 0.963281 0.562109 0.0734375
0 0.691406 0.955469 0.617188 0.0890625
0 0.851172 0.418262 0.297656 0.108789
0 0.261133 0.600781 0.522266 0.201563
0 0.656055 0.227832 0.378516 0.12168
0 0.335352 0.774219 0.284766 0.10625
0 0.389258 0.404297 0.349609 0.146875
0 0.678711 0.468359 0.261328 0.110156
0 0.146606 0.606445 0.155225 0.252734
0 0.241406 0.0123657 0.482812 0.0247314
0 0.331055 0.472656 0.662109 0.107031
0 0.559766 0.669141 0.197656 0.555469
0 0.332031 0.556055 0.339063 0.138672
0 0.797461 0.711719 0.405078 0.145313
0 0.865625 0.768945 0.19375 0.105859
0 0.382422 0.870703 0.53125 0.103906
0 0.358203 0.921875 0.716406 0.114063
0 0.472656 0.922266 0.316406 0.117969
0 0.257178 0.769922 0.221973 0.108594
0 0.169336 0.969141 0.338672 0.0617188
0 0.544434 0.22915 0.443164 0.132715
0 0.783984 0.225195 0.421094 0.110547
0 0.854688 0.319238 0.290625 0.127148
0 0.569336 0.35957 0.133984 0.142578
0 0.339746 0.52207 0.495508 0.103516
0 0.560938 0.917578 0.370313 0.117969
0 0.718164 0.267773 0.271484 0.121094
0 0.88125 0.319336 0.2375 0.134766
0 0.307324 0.40332 0.401758 0.143359
0 0.357324 0.456641 0.497852 0.13125
0 0.905859 0.653906 0.188281 0.167187
0 0.412988 0.767383 0.198242 0.148047
0 0.271484 0.0425293 0.439844 0.0850586
0 0.85625 0.268848 0.2875 0.112695
0 0.907813 0.569141 0.184375 0.111719
0 0.862695 0.773438 0.274609 0.1
0 0.7125 0.877734 0.575 0.0976562
0 0.275781 0.0115967 0.551562 0.0231934
0 0.739648 0.271582 0.186328 0.108008
0 0.533203 0.361328 0.142188 0.139844
0 0.270117 0.460938 0.540234 0.116406
0 0.85918 0.828516 0.281641 0.146094
0 0.215234 0.974219 0.430469 0.0515625
0 0.35459 0.0367188 0.674414 0.0734375
0 0.329297 0.0791992 0.658594 0.102148
0 0.875 0.172754 0.25 0.102539
0 0.852344 0.223633 0.295312 0.101562
0 0.877344 0.224609 0.245312 0.1
0 0.245801 0.819922 0.184961 0.110156
0 0.61543 0.917969 0.478516 0.125
0 0.251953 0.969531 0.503906 0.0609375
0 0.233594 0.961328 0.467187 0.0773438
0 0.738281 0.957031 0.523438 0.0859375
0 0.743555 0.955859 0.512891 0.0882813
0 0.286719 0.014502 0.573438 0.0290039
0 0.882227 0.270313 0.235547 0.110547
0 0.487109 0.318164 0.155469 0.111328
0 0.914453 0.342578 0.171094 0.228125
0 0.316602 0.407617 0.591797 0.134766
0 0.290625 0.461328 0.570312 0.11875
0 0.401367 0.971094 0.528516 0.0578125
0 0.628711 0.267871 0.202734 0.125586
0 0.370898 0.321387 0.148828 0.108008
0 0.534961 0.31709 0.148047 0.114258
0 0.817578 0.674902 0.364844 0.650195
0 0.808203 0.675586 0.383594 0.648828
0 0.870898 0.674902 0.258203 0.650195
0 0.799219 0.679297 0.401563 0.641406
0 0.799414 0.651563 0.401172 0.6
0 0.850195 0.675293 0.299609 0.649414
0 0.137891 0.372363 0.275781 0.741211
0 0.932422 0.674707 0.135156 0.650586
0 0.757031 0.65 0.485938 0.59375
0 0.147461 0.402344 0.294922 0.804688
0 0.816797 0.692187 0.366406 0.615625
0 0.75293 0.670508 0.494141 0.569922
0 0.781836 0.715234 0.436328 0.471094
0 0.815234 0.703125 0.369531 0.59375
0 0.79707 0.708203 0.405859 0.519531
0 0.626172 0.677539 0.482031 0.544922
0 0.641406 0.724219 0.401563 0.551562
0 0.765625 0.63877 0.46875 0.606836
0 0.861719 0.690625 0.276563 0.61875
0 0.742578 0.775391 0.313281 0.344531
0 0.627734 0.493359 0.744531 0.864844
0 0.799219 0.640918 0.401563 0.591602
0 0.197754 0.400391 0.369336 0.796094
0 0.613281 0.652441 0.510938 0.695117
0 0.725391 0.676953 0.549219 0.552344
0 0.608984 0.727734 0.450781 0.544531
0 0.287598 0.397461 0.450586 0.767578
0 0.261914 0.348438 0.340234 0.68125
0 0.260693 0.397754 0.404395 0.785742
0 0.928906 0.675195 0.142188 0.649609
0 0.8 0.829102 0.365625 0.341797
0 0.582617 0.700586 0.522266 0.519141
0 0.80957 0.780664 0.380859 0.376172
0 0.830469 0.815234 0.339063 0.369531
0 0.56582 0.726953 0.390234 0.546094
0 0.974609 0.668262 0.0507812 0.663477
0 0.524414 0.708203 0.533984 0.583594
0 0.836133 0.650879 0.327734 0.620117
0 0.467969 0.719531 0.307031 0.560938
0 0.71543 0.808008 0.259766 0.312109
0 0.806641 0.819922 0.386719 0.357031
0 0.619824 0.714063 0.590039 0.571875
0 0.631055 0.541992 0.737891 0.894141
0 0.71875 0.661719 0.5625 0.604688
0 0.816016 0.819141 0.367969 0.361719
0 0.425977 0.586523 0.458984 0.826953
0 0.290723 0.342383 0.423242 0.648047
0 0.177979 0.363086 0.207324 0.721484
0 0.348926 0.560938 0.469336 0.878125
0 0.550488 0.617188 0.606836 0.765625
0 0.940234 0.391797 0.119531 0.705469
0 0.546191 0.710938 0.651367 0.578125
0 0.908594 0.799219 0.167187 0.401563
0 0.593359 0.697852 0.402344 0.510547
0 0.823242 0.819141 0.353516 0.361719
0 0.703906 0.673242 0.592188 0.653516
0 0.816602 0.821875 0.366797 0.35625
0 0.501367 0.607031 0.459766 0.754687
0 0.598145 0.539258 0.613086 0.902734
0 0.40752 0.562305 0.453711 0.875391
0 0.222266 0.448828 0.444531 0.857031
0 0.50752 0.608984 0.591211 0.782031
0 0.661914 0.718359 0.429297 0.563281
0 0.30498 0.55957 0.485352 0.880859
0 0.880859 0.817969 0.222656 0.364063
0 0.442676 0.622461 0.419336 0.755078
0 0.356738 0.588672 0.473242 0.822656
0 0.711719 0.683594 0.567187 0.53125
0 0.860742 0.342578 0.278516 0.685156
0 0.436914 0.702734 0.408203 0.594531
0 0.401172 0.543359 0.429688 0.905469
0 0.381152 0.397656 0.414258 0.757812
0 0.733984 0.4625 0.532031 0.8
0 0.517773 0.680859 0.372266 0.542969
0 0.448438 0.694531 0.334375 0.610938
0 0.349219 0.542578 0.453125 0.910156
0 0.943359 0.342187 0.113281 0.684375
0 0.283789 0.560742 0.549609 0.878516
0 0.859375 0.408984 0.28125 0.729688
0 0.307813 0.59082 0.478125 0.818359
0 0.42168 0.711523 0.294141 0.576953
0 0.419238 0.393652 0.372461 0.74707
0 0.366699 0.623633 0.442383 0.752734
0 0.703125 0.845703 0.234375 0.308594
0 0.335742 0.397363 0.458203 0.759961
0 0.433984 0.458984 0.439844 0.846094
0 0.613574 0.539648 0.600977 0.898828
0 0.311621 0.629492 0.44707 0.741016
0 0.159961 0.216797 0.219922 0.433594
0 0.662305 0.458301 0.495703 0.819336
0 0.841797 0.336523 0.316406 0.673047
0 0.282129 0.594922 0.541211 0.810156
0 0.821094 0.422168 0.357812 0.755664
0 0.633789 0.560156 0.732422 0.879687
0 0.270117 0.594727 0.540234 0.810547
0 0.728125 0.727344 0.50625 0.545313
0 0.768164 0.828516 0.316797 0.342969
0 0.309668 0.540625 0.479102 0.914062
0 0.541113 0.54082 0.553711 0.905859
0 0.573926 0.495898 0.536523 0.892578
0 0.496875 0.581641 0.4875 0.836719
0 0.313965 0.681543 0.429883 0.636914
0 0.861133 0.460645 0.277734 0.806836
0 0.27373 0.541016 0.516602 0.911719
0 0.184961 0.971875 0.369922 0.05625
0 0.473047 0.561719 0.485938 0.876563
0 0.384375 0.691992 0.378125 0.616016
0 0.261035 0.452344 0.449023 0.857813
0 0.394238 0.458301 0.459961 0.856836
0 0.708398 0.733984 0.347266 0.532031
0 0.563086 0.453711 0.497266 0.823828
0 0.593164 0.454199 0.482422 0.821289
0 0.806445 0.469727 0.387109 0.841797
0 0.637207 0.566016 0.580273 0.867969
0 0.504395 0.498437 0.477148 0.901563
0 0.145898 0.298047 0.291797 0.596094
0 0.9375 0.446191 0.125 0.766992
0 0.801172 0.0719238 0.397656 0.143848
0 0.345313 0.290039 0.690625 0.580078
0 0.25498 0.492188 0.469727 0.90625
0 0.374902 0.715625 0.35332 0.56875
0 0.973047 0.471777 0.0539063 0.47832
0 0.314746 0.176758 0.439258 0.308203
0 0.397949 0.495898 0.435352 0.909766
0 0.813672 0.816797 0.372656 0.363281
0 0.444824 0.498437 0.444727 0.90625
0 0.614844 0.487207 0.770312 0.858398
0 0.597656 0.562891 0.604688 0.874219
0 0.142578 0.376758 0.285156 0.753516
0 0.307227 0.7125 0.435547 0.575
0 0.853125 0.332031 0.29375 0.664062
0 0.59502 0.495117 0.509961 0.878516
0 0.944922 0.629297 0.110156 0.655469
0 0.270117 0.163086 0.409766 0.326172
0 0.329688 0.271484 0.659375 0.542969
0 0.26875 0.638867 0.509375 0.722266
0 0.814063 0.758984 0.371875 0.455469
0 0.450781 0.542578 0.439844 0.905469
0 0.703125 0.654785 0.59375 0.69043
0 0.256592 0.252637 0.327441 0.448633
0 0.975 0.655957 0.05 0.594336
0 0.856445 0.336523 0.287109 0.673047
0 0.270508 0.560938 0.541016 0.878125
0 0.627246 0.740234 0.59707 0.519531
0 0.185254 0.669922 0.370508 0.157031
0 0.261719 0.63125 0.523438 0.7375
0 0.356934 0.703516 0.42207 0.592969
0 0.529492 0.393652 0.296484 0.72207
0 0.889844 0.112622 0.220313 0.148193
0 0.550391 0.561328 0.586719 0.877344
0 0.257812 0.678027 0.509375 0.643945
0 0.199658 0.187012 0.224121 0.368945
0 0.600586 0.39707 0.411328 0.716797
0 0.724805 0.463574 0.550391 0.800977
0 0.255273 0.538477 0.510547 0.907422
0 0.185547 0.719727 0.371094 0.155859
0 0.864648 0.333008 0.270703 0.666016
0 0.344434 0.493555 0.463477 0.916016
0 0.181543 0.568164 0.363086 0.156641
0 0.929688 0.327148 0.140625 0.654297
0 0.183496 0.618945 0.366992 0.157422
0 0.248438 0.591797 0.496875 0.816406
0 0.87793 0.642188 0.244141 0.673438
0 0.260938 0.7 0.521875 0.6
0 0.300195 0.454297 0.480859 0.864844
0 0.708984 0.840234 0.291406 0.319531
0 0.69707 0.492871 0.604297 0.870508
0 0.628613 0.586914 0.528711 0.826172
0 0.408984 0.728516 0.817969 0.542969
0 0.181543 0.514453 0.363086 0.165625
0 0.214258 0.80957 0.428516 0.380859
0 0.704688 0.86543 0.25 0.269141
0 0.271875 0.703906 0.54375 0.592188
0 0.193945 0.444824 0.387891 0.866602
0 0.720703 0.817187 0.335156 0.34375
0 0.150684 0.408594 0.301367 0.817187
0 0.494434 0.455762 0.45957 0.832227
0 0.249219 0.561133 0.498437 0.877734
0 0.486133 0.73125 0.893359 0.5375
0 0.456152 0.393066 0.304102 0.731055
0 0.269727 0.698633 0.539453 0.602734
0 0.648242 0.403809 0.423828 0.714258
0 0.275 0.202686 0.55 0.389941
0 0.223242 0.487109 0.446484 0.891406
0 0.216211 0.215039 0.432422 0.430078
0 0.271094 0.733594 0.542188 0.532813
0 0.441016 0.729297 0.882031 0.541406
0 0.895312 0.155518 0.209375 0.160059
0 0.816406 0.339844 0.367188 0.679688
0 0.160156 0.369141 0.320312 0.738281
0 0.882227 0.0711914 0.235547 0.142383
0 0.356445 0.296875 0.712891 0.59375
0 0.854102 0.316406 0.291797 0.632812
0 0.344434 0.254492 0.681445 0.466016
0 0.855664 0.342969 0.288672 0.685938
0 0.903906 0.713867 0.185938 0.572266
0 0.916797 0.771094 0.146094 0.457813
0 0.302148 0.492578 0.475391 0.917969
0 0.182031 0.768945 0.364063 0.160547
0 0.828125 0.1146 0.34375 0.15791
0 0.89375 0.19375 0.2125 0.3875
0 0.268359 0.705664 0.536719 0.588672
0 0.96875 0.398438 0.0625 0.6875
0 0.688672 0.324023 0.622656 0.648047
0 0.171973 0.45918 0.343945 0.719141
0 0.973437 0.357324 0.053125 0.686914
0 0.181055 0.487402 0.362109 0.39082
0 0.84043 0.319922 0.319141 0.639844
0 0.372656 0.261914 0.745313 0.523828
0 0.810547 0.504199 0.378906 0.886914
0 0.547363 0.578906 0.570898 0.842188
0 0.893359 0.166406 0.213281 0.245703
0 0.437109 0.258984 0.683594 0.517969
0 0.596094 0.580273 0.585938 0.839453
0 0.189063 0.0713379 0.378125 0.142676
0 0.189453 0.94375 0.378906 0.1125
0 0.382422 0.308203 0.764844 0.616406
0 0.646875 0.267773 0.70625 0.535547
0 0.244141 0.532422 0.488281 0.903906
0 0.244141 0.620117 0.488281 0.759766
0 0.237109 0.745508 0.474219 0.508984
0 0.225 0.256982 0.45 0.447754
0 0.856055 0.106396 0.287891 0.143848
0 0.340234 0.33877 0.421094 0.642773
0 0.19375 0.444531 0.3875 0.889063
0 0.367969 0.284375 0.735938 0.56875
0 0.865625 0.328516 0.26875 0.657031
0 0.387012 0.724414 0.682227 0.551172
0 0.239063 0.973437 0.478125 0.053125
0 0.248438 0.186035 0.496875 0.37207
0 0.13418 0.24541 0.268359 0.279492
0 0.775195 0.467871 0.449609 0.829883
0 0.20625 0.788672 0.4125 0.192969
0 0.844336 0.805859 0.311328 0.378906
0 0.333203 0.256641 0.666406 0.513281
0 0.656934 0.267188 0.592383 0.534375
0 0.217383 0.754297 0.434766 0.491406
0 0.597852 0.325977 0.804297 0.651953
0 0.200391 0.869922 0.400781 0.157031
0 0.187402 0.119507 0.374805 0.16333
0 0.36582 0.250781 0.731641 0.501563
0 0.196484 0.214062 0.392969 0.428125
0 0.488379 0.326172 0.738867 0.652344
0 0.65918 0.3 0.681641 0.6
0 0.392188 0.257227 0.784375 0.514453
0 0.622656 0.304102 0.5625 0.608203
0 0.14209 0.455469 0.28418 0.276563
0 0.25625 0.681934 0.5125 0.636133
0 0.222852 0.939453 0.445703 0.121094
0 0.133398 0.113281 0.266797 0.1625
0 0.152246 0.189355 0.304492 0.242773
0 0.334326 0.218555 0.517285 0.437109
0 0.271094 0.928906 0.542188 0.142188
0 0.196875 0.973828 0.39375 0.0523438
0 0.433984 0.2625 0.817969 0.525
0 0.339551 0.233789 0.560742 0.432422
0 0.327832 0.269629 0.459961 0.487305
0 0.264453 0.971484 0.528906 0.0570313
0 0.939453 0.823828 0.121094 0.352344
0 0.293506 0.207422 0.384863 0.367969
0 0.132227 0.398633 0.264453 0.330859
0 0.654102 0.812695 0.490234 0.374609
0 0.722266 0.218896 0.550781 0.39502
0 0.481055 0.762891 0.862891 0.474219
0 0.973828 0.848047 0.0523438 0.303906
0 0.624219 0.230273 0.359375 0.460547
0 0.158789 0.466406 0.317578 0.18125
0 0.140137 0.764844 0.280273 0.165625
0 0.184863 0.916016 0.369727 0.164844
0 0.307813 0.26875 0.615625 0.5375
0 0.406641 0.32168 0.813281 0.643359
0 0.278516 0.718164 0.557031 0.563672
0 0.202539 0.820508 0.405078 0.155859
0 0.879687 0.829297 0.234375 0.341406
0 0.852344 0.0686523 0.295312 0.137305
0 0.483398 0.26582 0.830078 0.531641
0 0.687109 0.208252 0.447656 0.37959
0 0.237109 0.647266 0.474219 0.705469
0 0.349609 0.252734 0.699219 0.505469
0 0.236719 0.248254 0.473438 0.48396
0 0.267578 0.25188 0.535156 0.484521
0 0.878516 0.163672 0.242969 0.164062
0 0.385352 0.334375 0.350391 0.636719
0 0.976562 0.336523 0.046875 0.673047
0 0.898828 0.496875 0.202344 0.823438
0 0.240625 0.887891 0.48125 0.224219
0 0.665234 0.217139 0.397656 0.416504
0 0.217969 0.735938 0.435937 0.528125
0 0.155176 0.664648 0.310352 0.162891
0 0.974609 0.823828 0.0507812 0.352344
0 0.195703 0.22085 0.391406 0.358301
0 0.251953 0.662109 0.503906 0.675781
0 0.310547 0.749023 0.621094 0.501953
0 0.232813 0.998047 0.465625 0.00390625
0 0.690625 0.871094 0.309375 0.257812
0 0.241797 0.291602 0.483594 0.583203
0 0.161816 0.613867 0.323633 0.162891
0 0.15293 0.8125 0.305859 0.167187
0 0.289062 0.955859 0.578125 0.0882813
0 0.198437 0.998828 0.396875 0.00234375
0 0.148926 0.0973877 0.0701172 0.128662
0 0.79707 0.77168 0.291797 0.261328
0 0.874805 0.636133 0.228516 0.222266
0 0.687305 0.867578 0.0957031 0.121094
0 0.871289 0.604688 0.229297 0.225
0 0.873828 0.707617 0.228906 0.272266
0 0.795313 0.796094 0.310937 0.234375
0 0.905469 0.608008 0.164062 0.218359
0 0.709766 0.880469 0.139844 0.084375
0 0.146582 0.0862793 0.0822266 0.14502
0 0.810352 0.844531 0.357422 0.198437
0 0.839258 0.925 0.321484 0.15
0 0.154346 0.0997314 0.0983398 0.125146
0 0.835352 0.608984 0.210547 0.207031
0 0.0908203 0.120471 0.181641 0.207495
0 0.271484 0.954688 0.542969 0.090625
0 0.755664 0.131787 0.0855469 0.0842773
0 0.67207 0.863281 0.0800781 0.126563
0 0.910547 0.648828 0.152344 0.179688
0 0.834375 0.707812 0.18125 0.3
0 0.247266 0.955078 0.494531 0.0898438
0 0.83125 0.771094 0.325 0.289062
0 0.117554 0.0866211 0.118799 0.144336
0 0.750781 0.150195 0.090625 0.123438
0 0.891797 0.685547 0.199219 0.216406
0 0.730859 0.810352 0.410156 0.194922
0 0.800586 0.95625 0.398828 0.0875
0 0.848047 0.928906 0.303906 0.142188
0 0.514648 0.95625 0.742578 0.0875
0 0.221875 0.955078 0.44375 0.0898438
0 0.926172 0.929297 0.128906 0.105469
0 0.642773 0.956641 0.564453 0.0867188
0 0.296484 0.954297 0.592969 0.0914062
0 0.894141 0.57793 0.169531 0.298828
0 0.829883 0.897656 0.340234 0.179688
0 0.869531 0.954688 0.260938 0.090625
0 0.144043 0.111182 0.0609375 0.131152
0 0.123315 0.125244 0.170557 0.216699
0 0.594531 0.807813 0.726562 0.19375
0 0.321484 0.954297 0.642969 0.0914062
0 0.904688 0.920313 0.190625 0.11875
0 0.700391 0.785937 0.416406 0.239063
0 0.34707 0.954297 0.694141 0.0914062
0 0.722852 0.879297 0.157422 0.0882813
0 0.708984 0.894531 0.130469 0.059375
0 0.923438 0.938281 0.153125 0.0953125
0 0.715625 0.0914795 0.185938 0.139111
0 0.760938 0.80625 0.289062 0.209375
0 0.770508 0.151807 0.0996094 0.125293
0 0.814258 0.904688 0.369922 0.175
0 0.79707 0.932422 0.405859 0.135156
0 0.124194 0.100854 0.106299 0.134229
0 0.815625 0.933594 0.36875 0.132812
0 0.965234 0.603125 0.0695313 0.244531
0 0.693164 0.882031 0.111328 0.08125
0 0.228516 0.127478 0.283594 0.221997
0 0.797461 0.584766 0.378516 0.278906
0 0.392969 0.760742 0.785937 0.191016
0 0.339355 0.505273 0.236914 0.196484
0 0.817187 0.792188 0.365625 0.26875
0 0.535156 0.610938 0.882812 0.204688
0 0.428711 0.955469 0.817578 0.0890625
0 0.522852 0.904297 0.787109 0.167969
0 0.903906 0.0733398 0.192188 0.14668
0 0.338672 0.440234 0.211719 0.253125
0 0.860156 0.577148 0.232813 0.289453
0 0.853906 0.627734 0.214062 0.233594
0 0.787891 0.935156 0.424219 0.129688
0 0.712109 0.117932 0.575781 0.211792
0 0.535937 0.573047 0.8875 0.239063
0 0.190625 0.955078 0.38125 0.0898438
0 0.841016 0.255273 0.200781 0.367578
0 0.305664 0.60957 0.560547 0.183984
0 0.605078 0.785937 0.749219 0.228125
0 0.780664 0.932031 0.438672 0.135937
0 0.372266 0.954688 0.744531 0.090625
0 0.6875 0.894531 0.110156 0.0609375
0 0.639258 0.126245 0.446484 0.230322
0 0.290625 0.658594 0.58125 0.186719
0 0.594727 0.904688 0.746484 0.170313
0 0.499609 0.729688 0.853906 0.289062
0 0.319141 0.807227 0.638281 0.182422
0 0.798633 0.215234 0.330859 0.287891
0 0.54082 0.65957 0.863672 0.205859
0 0.960547 0.681055 0.0789063 0.217578
0 0.912891 0.953906 0.174219 0.0921875
0 0.249194 0.15166 0.353955 0.24668
0 0.230859 0.560547 0.461719 0.219531
0 0.966797 0.640039 0.0664062 0.204297
0 0.283789 0.118665 0.227734 0.204077
0 0.941797 0.957422 0.116406 0.0851563
0 0.157813 0.0860107 0.101953 0.143213
0 0.0663574 0.153906 0.132715 0.307813
0 0.698047 0.394336 0.221094 0.237109
0 0.24834 0.437207 0.41582 0.299023
0 0.412207 0.50332 0.245898 0.196484
0 0.558008 0.756641 0.823047 0.302344
0 0.296094 0.808594 0.592188 0.184375
0 0.413281 0.808203 0.826563 0.186719
0 0.18252 0.429492 0.365039 0.419141
0 0.322363 0.558398 0.456055 0.191016
0 0.2875 0.611719 0.575 0.189844
0 0.413672 0.856836 0.827344 0.184766
0 0.241797 0.612305 0.483594 0.207422
0 0.344141 0.807031 0.688281 0.18125
0 0.827344 0.935156 0.345313 0.129688
0 0.71543 0.116992 0.569141 0.208594
0 0.211914 0.494531 0.423828 0.245312
0 0.428125 0.555469 0.309375 0.19375
0 0.291992 0.706836 0.583984 0.183203
0 0.721094 0.896484 0.146875 0.0570313
0 0.0759277 0.209521 0.151855 0.324316
0 0.270264 0.419824 0.304785 0.574414
0 0.411328 0.766992 0.822656 0.203516
0 0.396875 0.85625 0.79375 0.184375
0 0.372266 0.905469 0.744531 0.182812
0 0.725781 0.908203 0.548438 0.183594
0 0.0651855 0.200098 0.130371 0.325586
0 0.901953 0.831445 0.196094 0.241797
0 0.919531 0.956641 0.160938 0.0867188
0 0.133301 0.0736816 0.266602 0.147363
0 0.39248 0.115149 0.307227 0.201343
0 0.133252 0.146802 0.22959 0.243506
0 0.0673828 0.22627 0.134766 0.374023
0 0.407617 0.444531 0.229297 0.225
0 0.785937 0.475195 0.317188 0.388672
0 0.949609 0.455664 0.100781 0.216797
0 0.241797 0.495117 0.483594 0.237109
0 0.235547 0.505469 0.471094 0.201563
0 0.548633 0.508398 0.835547 0.224609
0 0.480957 0.554492 0.302148 0.194141
0 0.430176 0.60918 0.317773 0.185547
0 0.649805 0.756641 0.489453 0.296094
0 0.345703 0.905859 0.691406 0.183594
0 0.831055 0.902734 0.337891 0.169531
0 0.294922 0.758594 0.589844 0.189063
0 0.875195 0.904688 0.249609 0.165625
0 0.901563 0.902734 0.196875 0.163281
0 0.685547 0.263525 0.203906 0.316699
0 0.59668 0.616406 0.769141 0.198437
0 0.158984 0.125586 0.103516 0.0941406
0 0.653711 0.881641 0.126172 0.0789063
0 0.266113 0.124597 0.279492 0.214868
0 0.546484 0.556055 0.314844 0.192578
0 0.316992 0.757422 0.633984 0.183594
0 0.373047 0.856641 0.746094 0.183594
0 0.926562 0.86582 0.146875 0.196484
0 0.467773 0.932422 0.823828 0.135156
0 0.947656 0.29126 0.104688 0.241699
0 0.369336 0.758008 0.730859 0.183984
0 0.514844 0.853906 0.798438 0.182812
0 0.780664 0.955859 0.438672 0.0882813
0 0.724023 0.17417 0.289453 0.273535
0 0.68457 0.327246 0.194922 0.295508
0 0.232813 0.432617 0.465625 0.400391
0 0.501563 0.651172 0.85625 0.207813
0 0.458398 0.773828 0.834766 0.213281
0 0.396094 0.807227 0.792188 0.183984
0 0.346875 0.856641 0.69375 0.183594
0 0.319531 0.90625 0.639063 0.184375
0 0.953516 0.775391 0.0929688 0.246094
0 0.492383 0.809766 0.768359 0.188281
0 0.553516 0.933203 0.724219 0.133594
0 0.308984 0.707227 0.617969 0.182422
0 0.371875 0.806836 0.74375 0.181641
0 0.321094 0.856836 0.642188 0.184766
0 0.464648 0.856641 0.819141 0.182031
0 0.831445 0.957812 0.337109 0.084375
0 0.556934 0.120605 0.402539 0.218945
0 0.694727 0.222363 0.219922 0.289648
0 0.321582 0.359277 0.170117 0.343945
0 0.496875 0.403223 0.205469 0.197461
0 0.322168 0.658008 0.583789 0.186328
0 0.777344 0.251318 0.282813 0.328613
0 0.774609 0.617969 0.216406 0.201563
0 0.738477 0.811328 0.523047 0.271094
0 0.396094 0.954688 0.792188 0.090625
0 0.467285 0.449902 0.254492 0.204102
0 0.695312 0.487891 0.609375 0.358594
0 0.585352 0.583398 0.829297 0.286328
0 0.691016 0.125049 0.427344 0.224902
0 0.304541 0.154517 0.397168 0.248779
0 0.711719 0.134863 0.38125 0.24668
0 0.0759277 0.234082 0.151855 0.362305
0 0.912891 0.25625 0.155469 0.3375
0 0.838867 0.779883 0.322266 0.293359
0 0.575098 0.808203 0.704492 0.191406
0 0.860742 0.982813 0.258203 0.034375
0 0.511328 0.11886 0.36875 0.214624
0 0.437695 0.388672 0.188672 0.23125
0 0.602734 0.406055 0.322656 0.189453
0 0.804492 0.373828 0.355078 0.289062
0 0.538867 0.506445 0.301172 0.188672
0 0.47832 0.608984 0.296484 0.191406
0 0.269141 0.658789 0.538281 0.191797
0 0.754687 0.849805 0.490625 0.206641
0 0.876172 0.245508 0.164844 0.373047
0 0.753516 0.853125 0.341406 0.176563
0 0.788867 0.145752 0.422266 0.237402
0 0.43418 0.15918 0.205078 0.318359
0 0.856445 0.221826 0.241797 0.346973
0 0.651758 0.410938 0.244141 0.192188
0 0.763672 0.391406 0.438281 0.31875
0 0.270508 0.706836 0.541016 0.187891
0 0.777344 0.907813 0.375 0.184375
0 0.228174 0.43457 0.437402 0.683984
0 0.339648 0.757422 0.679297 0.182031
0 0.907813 0.783594 0.184375 0.245312
0 0.451855 0.115894 0.341602 0.205713
0 0.75 0.120911 0.453125 0.217554
0 0.812109 0.184033 0.375781 0.245215
0 0.63457 0.521875 0.730859 0.403906
0 0.572656 0.853125 0.714063 0.179688
0 0.0793457 0.130273 0.158691 0.260547
0 0.526953 0.455566 0.272656 0.191211
0 0.770703 0.430469 0.458594 0.295312
0 0.599023 0.494336 0.801953 0.348828
0 0.833008 0.863867 0.333984 0.191016
0 0.752344 0.122412 0.08125 0.0803711
0 0.0811035 0.118506 0.162207 0.216113
0 0.59043 0.664648 0.800391 0.201953
0 0.781641 0.658984 0.300781 0.224219
0 0.604883 0.760938 0.771484 0.285938
0 0.951563 0.686328 0.096875 0.191406
0 0.260547 0.565234 0.521094 0.222656
0 0.274805 0.561719 0.549609 0.196094
0 0.623633 0.588672 0.691797 0.289844
0 0.712695 0.448242 0.393359 0.225391
0 0.768359 0.49707 0.463281 0.440234
0 0.321289 0.225684 0.162891 0.386914
0 0.267578 0.613867 0.535156 0.207422
0 0.244922 0.65957 0.489844 0.194141
0 0.504883 0.708398 0.390234 0.184766
0 0.29668 0.856836 0.593359 0.186328
0 0.416406 0.93125 0.832812 0.1375
0 0.220605 0.0755859 0.365039 0.151172
0 0.964063 0.570508 0.071875 0.291797
0 0.740039 0.956641 0.460547 0.0867188
0 0.788672 0.126221 0.141406 0.0737305
0 0.173242 0.404883 0.346484 0.649609
0 0.176855 0.0740234 0.306445 0.148047
0 0.949219 0.402148 0.101562 0.247266
0 0.9125 0.516406 0.164062 0.398438
0 0.380078 0.367578 0.171875 0.285156
0 0.930078 0.982813 0.139844 0.034375
0 0.331055 0.1646 0.194922 0.323926
0 0.380469 0.162695 0.20625 0.325391
0 0.494922 0.154492 0.216406 0.308984
0 0.64082 0.408887 0.337109 0.186914
0 0.780664 0.387695 0.357422 0.383984
0 0.411328 0.905859 0.822656 0.180469
0 0.945312 0.249951 0.109375 0.221582
0 0.6625 0.296729 0.257812 0.253418
0 0.0725098 0.277344 0.14502 0.379688
0 0.949219 0.331836 0.101562 0.259766
0 0.441211 0.707812 0.408203 0.182812
0 0.466992 0.906641 0.808203 0.174219
0 0.347656 0.931641 0.695312 0.136719
0 0.288965 0.0738281 0.331445 0.147656
0 0.9625 0.306836 0.075 0.236328
0 0.768945 0.320459 0.265234 0.312207
0 0.314941 0.154517 0.356055 0.252295
0 0.883203 0.425781 0.192969 0.357812
0 0.500586 0.609961 0.858203 0.206641
0 0.50918 0.776367 0.839453 0.217578
0 0.24375 0.905859 0.4875 0.185156
0 0.394922 0.905469 0.789844 0.182812
0 0.673047 0.24668 0.269531 0.241406
0 0.315234 0.293555 0.161719 0.378516
0 0.764648 0.834766 0.470703 0.246094
0 0.191406 0.90625 0.382812 0.184375
0 0.21875 0.905859 0.4375 0.185156
0 0.576367 0.349219 0.269141 0.209375
0 0.448145 0.658203 0.370898 0.188281
0 0.498828 0.657031 0.336719 0.192969
0 0.322266 0.931641 0.644531 0.136719
0 0.900391 0.982813 0.199219 0.034375
0 0.069043 0.435742 0.138086 0.245703
0 0.477246 0.503906 0.285352 0.19375
0 0.498242 0.563867 0.855078 0.200391
0 0.529785 0.707422 0.488867 0.196094
0 0.170557 0.212109 0.245605 0.413281
0 0.483984 0.278418 0.183594 0.271289
0 0.561328 0.782031 0.811719 0.223438
0 0.273047 0.80918 0.546094 0.187891
0 0.823828 0.833594 0.352344 0.2375
0 0.331738 0.190723 0.176367 0.379492
0 0.272656 0.758008 0.545313 0.193359
0 0.246094 0.857422 0.492188 0.189844
0 0.373047 0.931641 0.746094 0.136719
0 0.85625 0.14939 0.2875 0.241064
0 0.215771 0.213477 0.211426 0.408203
0 0.650195 0.357129 0.227734 0.224805
0 0.95 0.980859 0.1 0.0382813
0 0.740039 0.0739258 0.513672 0.147852
0 0.611328 0.122131 0.421094 0.222925
0 0.584375 0.296875 0.285938 0.233594
0 0.903906 0.433594 0.153125 0.291406
0 0.760156 0.851172 0.314063 0.182031
0 0.841406 0.174365 0.217188 0.294238
0 0.544922 0.435156 0.160156 0.2
0 0.0449219 0.858203 0.0898438 0.0992187
0 0.49375 0.560938 0.14375 0.141406
0 0.545508 0.464063 0.155859 0.192188
0 0.0449707 0.832031 0.0899414 0.09375
0 0.0626465 0.864844 0.125293 0.104688
0 0.0452148 0.883984 0.0904297 0.103906
0 0.0635742 0.895312 0.127148 0.117188
0 0.0639648 0.838672 0.12793 0.100781
0 0.0447754 0.908984 0.0895508 0.100781
0 0.544141 0.408594 0.153125 0.15
0 0.0441895 0.720898 0.0883789 0.111328
0 0.49668 0.542969 0.144922 0.128125
0 0.494727 0.569531 0.151953 0.154688
0 0.545313 0.41543 0.160156 0.189453
0 0.529297 0.471484 0.147656 0.125
0 0.0456543 0.452344 0.0913086 0.0820312
0 0.543555 0.393066 0.153516 0.129492
0 0.0631836 0.919141 0.126367 0.113281
0 0.0452148 0.477148 0.0904297 0.0816406
0 0.0462891 0.772266 0.0925781 0.100781
0 0.473242 0.548828 0.157422 0.121875
0 0.0459961 0.805469 0.0919922 0.0859375
0 0.0458008 0.738086 0.0916016 0.120703
0 0.474609 0.563477 0.145313 0.139453
0 0.0450195 0.400977 0.0900391 0.0824219
0 0.419043 0.498828 0.149414 0.101562
0 0.046582 0.426758 0.0931641 0.0800781
0 0.526953 0.522852 0.142188 0.115234
0 0.417383 0.477344 0.150391 0.0914062
0 0.0647461 0.451758 0.129492 0.0769531
0 0.0631836 0.476367 0.126367 0.0761719
0 0.0664062 0.726562 0.132812 0.175
0 0.566992 0.451758 0.156641 0.216016
0 0.517578 0.537109 0.150781 0.114063
0 0.0668945 0.744141 0.133789 0.199219
0 0.529492 0.429395 0.143359 0.159961
0 0.0662598 0.8125 0.13252 0.1
0 0.0651367 0.427148 0.130273 0.0746094
0 0.566211 0.42666 0.159766 0.21543
0 0.0464844 0.501758 0.0929688 0.0800781
0 0.545703 0.5125 0.152344 0.139844
0 0.945703 0.0589111 0.108594 0.112646
0 0.0435547 0.926953 0.0871094 0.0914062
0 0.0448242 0.376367 0.0896484 0.0792969
0 0.0625977 0.400781 0.125195 0.0773438
0 0.528516 0.497266 0.144531 0.121875
0 0.0731445 0.399414 0.146289 0.0808594
0 0.500195 0.523438 0.145703 0.114063
0 0.449121 0.527539 0.15332 0.104297
0 0.517188 0.551758 0.15 0.125391
0 0.0759277 0.427539 0.151855 0.0753906
0 0.0617188 0.37627 0.123438 0.0748047
0 0.547852 0.374316 0.153516 0.117773
0 0.525391 0.562695 0.144531 0.169141
0 0.954688 0.0744629 0.090625 0.146777
0 0.0409668 0.702344 0.0819336 0.0976562
0 0.569922 0.504687 0.150781 0.202344
0 0.566602 0.478906 0.153516 0.207813
0 0.478516 0.579102 0.141406 0.116016
0 0.495898 0.588867 0.158203 0.115234
0 0.0719727 0.376465 0.143945 0.0775391
0 0.543164 0.563477 0.115234 0.170703
0 0.423535 0.525586 0.143555 0.0917969
0 0.45625 0.582422 0.128906 0.0914062
0 0.0452637 0.526367 0.0905273 0.0816406
0 0.541602 0.625586 0.114453 0.0917969
0 0.533203 0.376172 0.136719 0.117188
0 0.526953 0.39541 0.140625 0.127148
0 0.0775391 0.747266 0.155078 0.208594
0 0.538086 0.651563 0.114453 0.078125
0 0.527539 0.340332 0.141797 0.12168
0 0.570703 0.397656 0.158594 0.167187
0 0.471875 0.386426 0.146875 0.0966797
0 0.399414 0.477344 0.142578 0.0898438
0 0.398047 0.501172 0.142188 0.090625
0 0.0626953 0.934766 0.125391 0.0992187
0 0.451367 0.463086 0.127734 0.103516
0 0.494531 0.416016 0.141406 0.129688
0 0.470117 0.413086 0.142578 0.106641
0 0.568555 0.410059 0.161328 0.196289
0 0.443945 0.50293 0.154297 0.0988281
0 0.458203 0.556055 0.126563 0.0964844
0 0.0786133 0.713086 0.157227 0.170703
0 0.0722656 0.870703 0.144531 0.121094
0 0.417285 0.461914 0.147461 0.102734
0 0.146631 0.749805 0.141113 0.0925781
0 0.418359 0.378809 0.149219 0.0853516
0 0.526172 0.413672 0.135937 0.141406
0 0.575 0.655859 0.128906 0.0875
0 0.448242 0.407715 0.122266 0.0947266
0 0.494922 0.444531 0.146094 0.128906
0 0.495898 0.625195 0.154297 0.0839844
0 0.374707 0.478906 0.139648 0.0867188
0 0.420117 0.404102 0.144922 0.0878906
0 0.548633 0.346582 0.150391 0.12168
0 0.46875 0.464063 0.146875 0.110937
0 0.0764648 0.801562 0.15293 0.146875
0 0.0640137 0.72832 0.128027 0.105859
0 0.165332 0.750586 0.146289 0.0925781
0 0.967969 0.0301758 0.0640625 0.0603516
0 0.166504 0.776172 0.149023 0.108594
0 0.0642578 0.500977 0.128516 0.0746094
0 0.0964844 0.845313 0.158203 0.110937
0 0.445898 0.482031 0.145703 0.090625
0 0.075 0.451172 0.15 0.0796875
0 0.960547 0.104102 0.0789063 0.122656
0 0.599023 0.397266 0.155078 0.170313
0 0.145166 0.779883 0.140918 0.0933594
0 0.568555 0.25459 0.159766 0.158398
0 0.0463867 0.350586 0.0927734 0.0722656
0 0.0644043 0.349512 0.128809 0.0681641
0 0.932422 0.0765625 0.135156 0.146875
0 0.47168 0.519141 0.158203 0.111719
0 0.497852 0.494141 0.149609 0.107813
0 0.552148 0.654688 0.141797 0.0820312
0 0.427539 0.603711 0.130859 0.0871094
0 0.0963135 0.821484 0.156201 0.111719
0 0.0753906 0.896875 0.145703 0.126563
0 0.0432129 0.950781 0.0864258 0.0984375
0 0.475977 0.356152 0.142578 0.0814453
0 0.0272705 0.852344 0.054541 0.123438
0 0.0400391 0.682031 0.0800781 0.0914062
0 0.395996 0.526172 0.146289 0.078125
0 0.548633 0.241211 0.151953 0.144141
0 0.0386719 0.653711 0.0773438 0.0816406
0 0.077002 0.349805 0.153809 0.0675781
0 0.567773 0.241455 0.164453 0.138965
0 0.451953 0.435742 0.125 0.105078
0 0.430664 0.580273 0.110547 0.0949219
0 0.568945 0.39082 0.155859 0.123047
0 0.0741699 0.842969 0.14834 0.110937
0 0.588867 0.680469 0.103516 0.08125
0 0.0951172 0.897656 0.158984 0.123438
0 0.400781 0.459961 0.1375 0.0957031
0 0.394727 0.580664 0.141016 0.0941406
0 0.570703 0.630469 0.140625 0.0953125
0 0.334375 0.650391 0.105469 0.0734375
0 0.560938 0.67832 0.121094 0.0761719
0 0.0728516 0.475781 0.145703 0.075
0 0.0280762 0.877344 0.0561523 0.125
0 0.448242 0.381055 0.123828 0.0863281
0 0.0443359 0.550781 0.0886719 0.0804688
0 0.0940918 0.872266 0.154785 0.122656
0 0.479883 0.604492 0.138672 0.0839844
0 0.44707 0.326855 0.130859 0.0794922
0 0.550195 0.570898 0.158984 0.197266
0 0.0393555 0.626172 0.0787109 0.0773438
0 0.545508 0.538281 0.149609 0.128125
0 0.401563 0.604297 0.139844 0.0851563
0 0.469922 0.487305 0.153906 0.0988281
0 0.122656 0.841797 0.145703 0.116406
0 0.492969 0.392285 0.15 0.113867
0 0.469531 0.439844 0.14375 0.1125
0 0.445898 0.299512 0.137891 0.0787109
0 0.0283447 0.901953 0.0566895 0.122656
0 0.932813 0.116016 0.134375 0.136328
0 0.492578 0.334277 0.150781 0.119727
0 0.395898 0.552539 0.139453 0.0808594
0 0.42002 0.353613 0.14668 0.0763672
0 0.0625977 0.688477 0.125195 0.100391
0 0.0641113 0.525781 0.128223 0.075
0 0.142847 0.811914 0.144775 0.118359
0 0.167578 0.798828 0.149219 0.135156
0 0.494922 0.470898 0.150781 0.118359
0 0.372949 0.626563 0.141602 0.0789063
0 0.42627 0.626953 0.136523 0.0789063
0 0.3 0.623828 0.133203 0.0695313
0 0.936328 0.0861328 0.127344 0.15332
0 0.32334 0.625391 0.121289 0.0773438
0 0.0760742 0.921875 0.145313 0.123438
0 0.0302002 0.705469 0.0604004 0.115625
0 0.20293 0.705664 0.125391 0.0683594
0 0.549805 0.628711 0.155859 0.0910156
0 0.0732422 0.608008 0.146484 0.0800781
0 0.0269287 0.827148 0.0538574 0.119141
0 0.569922 0.343359 0.158594 0.123438
0 0.378418 0.603711 0.135352 0.0816406
0 0.145313 0.726562 0.139844 0.0851563
0 0.125317 0.751758 0.1396 0.0839844
0 0.452734 0.603906 0.136719 0.0851563
0 0.305273 0.598828 0.132031 0.071875
0 0.543359 0.675586 0.103906 0.0714844
0 0.435742 0.555859 0.105078 0.0859375
0 0.0714844 0.64707 0.142969 0.137109
0 0.0602539 0.666016 0.120508 0.110156
0 0.42002 0.436719 0.144336 0.1
0 0.0435547 0.600977 0.0871094 0.0761719
0 0.471094 0.303516 0.146094 0.0863281
0 0.50332 0.649023 0.134766 0.0738281
0 0.605664 0.102271 0.176172 0.173975
0 0.0644043 0.602148 0.128809 0.0667969
0 0.562109 0.698828 0.0898438 0.0734375
0 0.0644531 0.575781 0.128906 0.06875
0 0.547852 0.220947 0.151172 0.124512
0 0.571484 0.524219 0.155469 0.167969
0 0.569336 0.267578 0.160547 0.179688
0 0.0631836 0.632227 0.126367 0.0871094
0 0.594727 0.266113 0.160547 0.181445
0 0.602734 0.599805 0.127344 0.0964844
0 0.0627319 0.955469 0.119849 0.0890625
0 0.492383 0.30752 0.148828 0.105664
0 0.949609 0.158105 0.100781 0.107617
0 0.0753174 0.9375 0.147607 0.103125
0 0.570508 0.370996 0.155859 0.115039
0 0.0289795 0.926562 0.057959 0.123438
0 0.451953 0.356641 0.125781 0.0757812
0 0.0443359 0.574805 0.0886719 0.0792969
0 0.763867 0.0906006 0.125391 0.119971
0 0.601758 0.656641 0.133203 0.090625
0 0.399902 0.377344 0.132227 0.0804688
0 0.471484 0.326855 0.144531 0.0970703
0 0.375781 0.457031 0.130469 0.0898438
0 0.0252197 0.472656 0.0504395 0.103906
0 0.477344 0.626367 0.140625 0.0785156
0 0.600195 0.630859 0.130078 0.096875
0 0.402637 0.429102 0.13457 0.0769531
0 0.0615234 0.708789 0.123047 0.0980469
0 0.35498 0.578516 0.12832 0.0820312
0 0.122925 0.818164 0.14126 0.121484
0 0.591602 0.253125 0.155078 0.149219
0 0.550977 0.558008 0.151172 0.187109
0 0.607813 0.681445 0.126563 0.0800781
0 0.399609 0.626953 0.141406 0.0789063
0 0.401563 0.352051 0.124219 0.0732422
0 0.455664 0.648633 0.127734 0.0683594
0 0.025293 0.401563 0.0505859 0.096875
0 0.0640625 0.549805 0.128125 0.0722656
0 0.54668 0.317676 0.150391 0.124805
0 0.588281 0.700977 0.0984375 0.0777344
0 0.49375 0.36875 0.154688 0.110937
0 0.432031 0.648828 0.128906 0.0671875
0 0.122046 0.780273 0.139502 0.0863281
0 0.303906 0.65 0.125 0.0695313
0 0.532813 0.221582 0.128906 0.112695
0 0.445312 0.276563 0.135937 0.0769531
0 0.525 0.311426 0.136719 0.108008
0 0.374023 0.50332 0.142578 0.0832031
0 0.421973 0.274609 0.135742 0.071875
0 0.221777 0.620703 0.145508 0.0742188
0 0.550977 0.25127 0.151953 0.167383
0 0.421191 0.327051 0.137305 0.0681641
0 0.593359 0.369043 0.152344 0.117383
0 0.32002 0.402539 0.139648 0.0980469
0 0.0947266 0.922266 0.15625 0.121094
0 0.950781 0.139941 0.0984375 0.101758
0 0.548828 0.55332 0.147656 0.108984
0 0.545898 0.190967 0.150391 0.125879
0 0.592969 0.283789 0.160938 0.193359
0 0.594922 0.387988 0.153125 0.128711
0 0.449414 0.626758 0.141797 0.0785156
0 0.964453 0.0760742 0.0710938 0.149414
0 0.373633 0.576953 0.133984 0.084375
0 0.0987549 0.350488 0.155225 0.0716797
0 0.255078 0.648633 0.130469 0.0613281
0 0.423633 0.297852 0.134766 0.0667969
0 0.569531 0.567383 0.15 0.176953
0 0.0927002 0.399609 0.141943 0.0835937
0 0.599805 0.40957 0.155859 0.196484
0 0.959766 0.0583252 0.0804688 0.113232
0 0.528516 0.242188 0.128906 0.134375
0 0.254004 0.549414 0.136523 0.0699219
0 0.546094 0.696289 0.09375 0.0667969
0 0.357422 0.602539 0.124219 0.0792969
0 0.275781 0.575391 0.139063 0.0765625
0 0.029541 0.68125 0.059082 0.107813
0 0.249023 0.52207 0.1375 0.0714844
0 0.566797 0.306934 0.160156 0.146289
0 0.0924805 0.37666 0.144727 0.0818359
0 0.220654 0.645703 0.138379 0.0695313
0 0.349023 0.626172 0.127734 0.0789063
0 0.170508 0.730078 0.128906 0.084375
0 0.594922 0.326172 0.153906 0.157031
0 0.025293 0.426172 0.0505859 0.0992187
0 0.0668457 0.326855 0.133691 0.0533203
0 0.0249756 0.449219 0.0499512 0.102344
0 0.0935059 0.476367 0.141309 0.0730469
0 0.600977 0.514844 0.155078 0.173438
0 0.515137 0.697656 0.429102 0.604688
0 0.591992 0.240527 0.154297 0.125586
0 0.642773 0.517773 0.319141 0.398828
0 0.539551 0.560645 0.478711 0.653711
0 0.282129 0.650391 0.130664 0.0625
0 0.0302002 0.727734 0.0604004 0.128906
0 0.0738281 0.501367 0.147656 0.0714844
0 0.51543 0.674023 0.101172 0.0691406
0 0.520508 0.0933594 0.173047 0.186719
0 0.40293 0.400781 0.132422 0.0742188
0 0.350098 0.423242 0.133398 0.0800781
0 0.347754 0.455859 0.128711 0.0882813
0 0.592383 0.0868164 0.197266 0.155273
0 0.551172 0.294141 0.153125 0.127344
0 0.025293 0.49707 0.0505859 0.105078
0 0.573145 0.508887 0.434961 0.401758
0 0.54082 0.125244 0.162891 0.212402
0 0.374805 0.550586 0.138672 0.0746094
0 0.0994141 0.428125 0.135742 0.078125
0 0.0739258 0.577734 0.147852 0.0601563
0 0.332031 0.600781 0.117969 0.0765625
0 0.61582 0.284961 0.159766 0.193359
0 0.05625 0.0682129 0.1125 0.136426
0 0.0382813 0.0562012 0.0765625 0.112402
0 0.05625 0.05625 0.1125 0.1125
0 0.0686035 0.05625 0.137207 0.1125
0 0.0430664 0.0686523 0.0861328 0.137305
0 0.05625 0.06875 0.1125 0.1375
0 0.0431152 0.0811035 0.0862305 0.162207
0 0.05625 0.08125 0.1125 0.1625
0 0.0422852 0.0982666 0.0845703 0.178076
0 0.05625 0.103613 0.1125 0.167773
0 0.06875 0.100342 0.1375 0.174316
0 0.0418945 0.11731 0.0837891 0.18999
0 0.05625 0.128491 0.1125 0.168018
0 0.06875 0.124878 0.1375 0.175244
0 0.042334 0.132373 0.084668 0.209863
0 0.05625 0.153174 0.1125 0.168652
0 0.06875 0.149976 0.1375 0.175049
0 0.0429688 0.149121 0.0859375 0.226367
0 0.05625 0.177734 0.1125 0.169531
0 0.06875 0.175146 0.1375 0.174707
0 0.0434082 0.170703 0.0868164 0.233594
0 0.05625 0.201904 0.1125 0.171191
0 0.06875 0.200098 0.1375 0.174805
0 0.0436035 0.195264 0.087207 0.234473
0 0.05625 0.22627 0.1125 0.172461
0 0.06875 0.225098 0.1375 0.174805
0 0.0436523 0.221729 0.0873047 0.231543
0 0.05625 0.250781 0.1125 0.173438
0 0.06875 0.250195 0.1375 0.174609
0 0.0897461 0.250098 0.179492 0.174805
0 0.0437012 0.247314 0.0874023 0.230371
0 0.05625 0.275391 0.1125 0.174219
0 0.06875 0.275195 0.1375 0.174609
0 0.0923828 0.275 0.184766 0.175
0 0.03125 0.286523 0.0625 0.201953
0 0.04375 0.269922 0.0875 0.235156
0 0.05625 0.300195 0.1125 0.174609
0 0.06875 0.300098 0.1375 0.174805
0 0.0926758 0.3 0.185352 0.175
0 0.600195 0.304492 0.174609 0.166016
0 0.625 0.306543 0.175 0.161914
0 0.04375 0.29834 0.0875 0.227539
0 0.05625 0.325 0.1125 0.175
0 0.0688477 0.325 0.137695 0.175
0 0.0914062 0.324805 0.182812 0.175391
0 0.575195 0.328418 0.175391 0.168164
0 0.6 0.327539 0.175 0.169922
0 0.625 0.329102 0.175 0.166797
0 0.650195 0.328711 0.175391 0.167578
0 0.04375 0.332031 0.0875 0.209375
0 0.05625 0.35 0.1125 0.175
0 0.069043 0.35 0.138086 0.175
0 0.0882813 0.349414 0.176563 0.176172
0 0.575195 0.351953 0.175391 0.171094
0 0.6 0.351953 0.175 0.171094
0 0.625 0.352246 0.175 0.170508
0 0.650586 0.350977 0.176172 0.173047
0 0.04375 0.360742 0.0875 0.200391
0 0.05625 0.374512 0.1125 0.175977
0 0.0692871 0.374414 0.138574 0.176172
0 0.0867188 0.373828 0.173438 0.177344
0 0.575781 0.375098 0.176563 0.174805
0 0.600977 0.375684 0.176953 0.173633
0 0.626172 0.375293 0.177344 0.174414
0 0.652539 0.375098 0.180078 0.174805
0 0.04375 0.385645 0.0875 0.197461
0 0.05625 0.397852 0.1125 0.179297
0 0.0699219 0.397949 0.139844 0.179102
0 0.0878906 0.395313 0.175781 0.184375
0 0.604297 0.4 0.183594 0.175
0 0.630859 0.4 0.186719 0.175
0 0.658594 0.4 0.192188 0.175
0 0.04375 0.409863 0.0875 0.195117
0 0.0562988 0.418066 0.112598 0.188867
0 0.0708008 0.419336 0.141602 0.186328
0 0.0936768 0.41416 0.171631 0.19668
0 0.609375 0.425 0.19375 0.175
0 0.634961 0.425 0.194922 0.175
0 0.661914 0.425 0.198828 0.175
0 0.04375 0.433301 0.0875 0.191992
0 0.0564941 0.430078 0.112988 0.214844
0 0.0729492 0.439453 0.145898 0.196094
0 0.110571 0.4375 0.148389 0.2
0 0.587109 0.447852 0.199219 0.179297
0 0.611523 0.449902 0.198047 0.175195
0 0.636719 0.449902 0.198437 0.175195
0 0.662305 0.449219 0.199609 0.176563
0 0.04375 0.457031 0.0875 0.189844
0 0.0575195 0.460547 0.115039 0.203906
0 0.587109 0.463184 0.199219 0.198633
0 0.611914 0.474609 0.198047 0.175781
0 0.637305 0.474023 0.199609 0.176953
0 0.04375 0.478711 0.0875 0.183203
0 0.0647461 0.487109 0.129492 0.2
0 0.586523 0.471094 0.198047 0.232813
0 0.615625 0.499219 0.189844 0.176563
0 0.6375 0.492578 0.2 0.189844
0 0.5625 0.496875 0.2 0.23125
0 0.58418 0.500586 0.193359 0.223828
0 0.629297 0.524414 0.163281 0.176172
0 0.6375 0.513867 0.2 0.197266
0 0.5625 0.523047 0.2 0.228906
0 0.582812 0.540625 0.190625 0.19375
0 0.633789 0.549219 0.155859 0.176563
0 0.6375 0.537109 0.2 0.200781
0 0.5375 0.54375 0.2 0.2375
0 0.5625 0.555078 0.2 0.214844
0 0.581641 0.566406 0.188281 0.192188
0 0.627539 0.573828 0.169141 0.177344
0 0.6375 0.560156 0.2 0.204688
0 0.5375 0.566797 0.2 0.241406
0 0.5625 0.57832 0.2 0.218359
0 0.578711 0.594727 0.182422 0.185547
0 0.618359 0.599609 0.1875 0.175781
0 0.637305 0.591406 0.199609 0.192188
0 0.5125 0.604688 0.2 0.215625
0 0.5375 0.597656 0.2 0.229687
0 0.5625 0.619531 0.2 0.185938
0 0.578125 0.623633 0.18125 0.177734
0 0.612695 0.625 0.199609 0.175
0 0.637109 0.624023 0.199219 0.176953
0 0.5125 0.642969 0.2 0.189063
0 0.5375 0.646875 0.2 0.18125
0 0.5625 0.649609 0.2 0.175781
0 0.580859 0.649609 0.186719 0.175781
0 0.6125 0.65 0.2 0.175
0 0.637109 0.648438 0.199219 0.178125
0 0.5125 0.670117 0.2 0.184766
0 0.5375 0.673633 0.2 0.177734
0 0.5625 0.674805 0.2 0.175391
0 0.583594 0.674414 0.192188 0.176172
0 0.612695 0.674805 0.199609 0.175391
0 0.637109 0.666406 0.199219 0.192188
0 0.5125 0.680273 0.2 0.214453
0 0.537305 0.69668 0.199609 0.181641
0 0.5625 0.699609 0.2 0.175781
0 0.584766 0.697852 0.194531 0.179297
0 0.614648 0.699609 0.195703 0.175781
0 0.636914 0.688281 0.198828 0.198437
0 0.5125 0.705469 0.2 0.214062
0 0.537305 0.720703 0.199609 0.183594
0 0.562891 0.723047 0.199219 0.178906
0 0.585547 0.718359 0.196094 0.188281
0 0.631836 0.723242 0.160547 0.178516
0 0.5125 0.735742 0.2 0.203516
0 0.537305 0.739844 0.199609 0.195312
0 0.563281 0.74082 0.198437 0.193359
0 0.586523 0.737695 0.198047 0.199609
0 0.635547 0.738281 0.153125 0.198437
0 0.5125 0.762109 0.2 0.200781
0 0.537305 0.7625 0.199609 0.2
0 0.56875 0.7625 0.1875 0.2
0 0.586914 0.7625 0.198828 0.2
0 0.636914 0.7625 0.151172 0.2
0 0.5125 0.7875 0.2 0.2
0 0.537305 0.7875 0.199609 0.2
0 0.583789 0.7875 0.157422 0.2
0 0.587109 0.7875 0.199219 0.2
0 0.538281 0.8125 0.198437 0.2
0 0.5875 0.8125 0.15 0.2
0 0.538086 0.8375 0.198828 0.2
0 0.5875 0.8375 0.15 0.2
0 0.6 0.622266 0.7 0.755469
0 0.65 0.625586 0.7 0.748828
0 0.675 0.644531 0.65 0.710938
0 0.6 0.629687 0.7 0.740625
0 0.65 0.625293 0.7 0.749414
0 0.55 0.699609 0.7 0.600781
0 0.6 0.7 0.7 0.6
0 0.656836 0.7 0.686328 0.6
0 0.742969 0.7 0.514063 0.6
0 0.5 0.725 0.7 0.55
0 0.55 0.725 0.7 0.55
0 0.600391 0.725 0.699219 0.55
0 0.725 0.725 0.55 0.55
0 0.737305 0.725 0.475391 0.55
0 0.744531 0.725 0.510938 0.55
0 0.767578 0.725 0.464844 0.55
0 0.521973 0.75 0.656055 0.5
0 0.573828 0.75 0.652344 0.5
0 0.64375 0.75 0.4875 0.5
0 0.650781 0.75 0.401563 0.5
0 0.725 0.75 0.55 0.5
0 0.75 0.75 0.5 0.5
0 0.772656 0.75 0.454688 0.5
0 0.799219 0.775391 0.401563 0.449219
0 0.04375 0.0686523 0.0875 0.137305
0 0.06875 0.06875 0.1375 0.1375
0 0.06875 0.08125 0.1375 0.1625
0 0.03125 0.210156 0.0625 0.204688
0 0.03125 0.235547 0.0625 0.203906
0 0.03125 0.260986 0.0625 0.203027
0 0.03125 0.311719 0.0625 0.201563
0 0.1125 0.325 0.2 0.175
0 0.0313232 0.336523 0.0626465 0.201953
0 0.112524 0.349902 0.199951 0.175195
0 0.0314453 0.36123 0.0628906 0.202539
0 0.112793 0.373926 0.199414 0.177148
0 0.68125 0.375195 0.1875 0.174609
0 0.578906 0.4 0.182812 0.175
0 0.685547 0.4 0.196094 0.175
0 0.585547 0.424219 0.196094 0.176563
0 0.5625 0.444434 0.2 0.186133
0 0.0783203 0.462109 0.156641 0.200781
0 0.5625 0.451074 0.2 0.222852
0 0.5625 0.474707 0.2 0.225586
0 0.0439453 0.501563 0.0878906 0.179688
0 0.0682617 0.512109 0.136523 0.199219
0 0.5375 0.514844 0.2 0.245312
0 0.5125 0.575586 0.2 0.223828
0 0.6625 0.622266 0.2 0.180469
0 0.4875 0.665039 0.2 0.194922
0 0.4875 0.688281 0.2 0.198437
0 0.636719 0.7875 0.151562 0.2
0 0.5125 0.8125 0.2 0.2
0 0.589844 0.8125 0.19375 0.2
0 0.5125 0.8375 0.2 0.2
0 0.543164 0.8625 0.188672 0.2
0 0.675684 0.625391 0.648633 0.749219
0 0.725 0.725 0.55 0.55
0 0.742188 0.75 0.515625 0.5
0 0.0867188 0.225098 0.173438 0.174805
0 0.625 0.280859 0.175 0.163281
0 0.575195 0.305078 0.175391 0.164844
0 0.031958 0.385645 0.063916 0.203711
0 0.114185 0.388086 0.196631 0.198828
0 0.5625 0.422949 0.2 0.179102
0 0.687109 0.425 0.199219 0.175
0 0.6625 0.463867 0.2 0.197266
0 0.6625 0.561719 0.2 0.201563
0 0.4875 0.639844 0.2 0.195312
0 0.662305 0.642578 0.199609 0.189844
0 0.4875 0.712305 0.2 0.200391
0 0.4875 0.737109 0.2 0.200781
0 0.5875 0.8625 0.15 0.2
0 0.65 0.599902 0.7 0.700195
0 0.675 0.6 0.65 0.7
0 0.55 0.661719 0.7 0.676562
0 0.03125 0.184766 0.0625 0.205469
0 0.600781 0.280566 0.173438 0.16543
0 0.65 0.304297 0.175 0.166406
0 0.677539 0.351172 0.180078 0.172656
0 0.5375 0.495313 0.2 0.234375
0 0.6625 0.537305 0.2 0.200391
0 0.6625 0.5875 0.2 0.2
0 0.637305 0.712891 0.198828 0.199219
0 0.0569336 0.85332 0.113867 0.168359
0 0.590234 0.8375 0.194531 0.2
0 0.5125 0.8625 0.2 0.2
0 0.0312744 0.0561523 0.0625488 0.112305
0 0.5625 0.399512 0.2 0.175977
0 0.122876 0.4125 0.179248 0.2
0 0.5125 0.543945 0.2 0.237109
0 0.4875 0.617188 0.2 0.190625
0 0.4875 0.762305 0.2 0.200391
0 0.165332 0.48623 0.330664 0.727539
0 0.5375 0.475977 0.2 0.223047
0 0.6625 0.4875 0.2 0.2
0 0.6625 0.5125 0.2 0.2
0 0.4875 0.7875 0.2 0.2
0 0.25 0.555371 0.5 0.789258
0 0.762305 0.775 0.475391 0.45
0 0.825 0.775195 0.35 0.449609
0 0.03125 0.159521 0.0625 0.205957
0 0.1125 0.3 0.2 0.175
0 0.561914 0.375 0.198828 0.175
0 0.6875 0.448926 0.2 0.177148
0 0.6375 0.7375 0.199219 0.2
0 0.0571289 0.873047 0.114258 0.178906
0 0.223438 0.520801 0.446875 0.758398
0 0.0811035 0.4875 0.162207 0.2
0 0.560547 0.8875 0.153906 0.2
0 0.0331055 0.409961 0.0662109 0.205078
0 0.11228 0.4625 0.149658 0.2
0 0.758398 0.7 0.483203 0.6
0 0.662305 0.662891 0.199609 0.199219
0 0.0570801 0.832031 0.11416 0.160938
0 0.4875 0.8125 0.2 0.2
0 0.775391 0.674219 0.449219 0.651563
0 0.0431641 0.840234 0.0863281 0.189844
0 0.516016 0.8875 0.192969 0.2
0 0.03125 0.134473 0.0625 0.206055
0 0.5375 0.44873 0.2 0.227539
0 0.6875 0.5625 0.2 0.2
0 0.03125 0.10918 0.0625 0.206641
0 0.55957 0.350391 0.193359 0.174219
0 0.5375 0.424219 0.2 0.176563
0 0.6875 0.5375 0.2 0.2
0 0.0435059 0.857422 0.0870117 0.203906
0 0.0312744 0.06875 0.0625488 0.1375
0 0.556836 0.330078 0.187891 0.164844
0 0.4875 0.8375 0.2 0.2
0 0.775 0.7 0.45 0.6
0 0.5375 0.399805 0.2 0.175391
0 0.6375 0.8125 0.15 0.2
0 0.4875 0.591406 0.2 0.192188
0 0.0347656 0.43418 0.0695313 0.206641
0 0.06875 0.0681641 0.1375 0.136328
0 0.5375 0.445117 0.2 0.184766
0 0.5125 0.514258 0.2 0.246484
0 0.0312988 0.387012 0.0625977 0.293945
0 0.0313477 0.362891 0.0626953 0.296094
0 0.0319092 0.312402 0.0638184 0.301758
0 0.0315186 0.337598 0.0630371 0.299023
0 0.0313232 0.688281 0.0626465 0.298438
0 0.0313477 0.737305 0.0626953 0.298828
0 0.0313232 0.712695 0.0626465 0.298047
0 0.00786133 0.362109 0.0157227 0.250781
0 0.0312744 0.411035 0.0625488 0.293555
0 0.0312988 0.663477 0.0625977 0.299609
0 0.00830078 0.388184 0.0166016 0.243945
0 0.0313477 0.787109 0.0626953 0.300781
0 0.0313232 0.762695 0.0626465 0.299609
0 0.00787354 0.335742 0.0157471 0.255078
0 0.00847168 0.404102 0.0169434 0.219922
0 0.0312744 0.436719 0.0625488 0.296875
0 0.0313721 0.836914 0.0627441 0.301172
0 0.00859375 0.310449 0.0171875 0.266602
0 0.0321045 0.286865 0.064209 0.305957
0 0.0322998 0.262256 0.0645996 0.304395
0 0.0313721 0.811719 0.0627441 0.301563
0 0.0313721 0.855664 0.0627441 0.288672
0 0.03125 0.6375 0.0625 0.303125
0 0.0312012 0.611523 0.0624023 0.306641
0 0.0081665 0.658984 0.016333 0.260156
0 0.00754395 0.710156 0.0150879 0.254688
0 0.0074707 0.736133 0.0149414 0.252734
0 0.0078125 0.683984 0.015625 0.258594
0 0.00734863 0.760156 0.0146973 0.254688
0 0.00739746 0.783984 0.0147949 0.257031
0 0.00821533 0.633398 0.0164307 0.261328
0 0.00810547 0.608203 0.0162109 0.264062
0 0.00848389 0.420605 0.0169678 0.202539
0 0.00754395 0.808594 0.0150879 0.257812
0 0.00773926 0.833789 0.0154785 0.257422
0 0.00789795 0.580664 0.0157959 0.271484
0 0.0312744 0.869922 0.0625488 0.260156
0 0.00895996 0.285254 0.0179199 0.274805
0 0.00787354 0.858984 0.0157471 0.255469
0 0.0314941 0.560156 0.0629883 0.310156
0 0.00786133 0.553906 0.0157227 0.278125
0 0.0090332 0.882227 0.0180664 0.235547
0 0.0312988 0.585352 0.0625977 0.310547
0 0.03125 0.461719 0.0625 0.297656
0 0.0314209 0.511133 0.0628418 0.304297
0 0.0109497 0.260547 0.0218994 0.275
0 0.00830078 0.445117 0.0166016 0.204297
0 0.0312988 0.486719 0.0625977 0.301563
0 0.00786133 0.528125 0.0157227 0.279687
0 0.0322754 0.238428 0.0645508 0.303613
0 0.00811768 0.473145 0.0162354 0.228711
0 0.0321777 0.212988 0.0643555 0.300586
0 0.0315186 0.535352 0.0630371 0.308984
0 0.00797119 0.505957 0.0159424 0.267773
0 0.0320801 0.144141 0.0641602 0.288281
0 0.0108887 0.236523 0.0217773 0.269922
0 0.0100586 0.894141 0.0201172 0.192969
0 0.0320801 0.188623 0.0641602 0.299316
0 0.0320557 0.163916 0.0641113 0.297949
0 0.0319824 0.132422 0.0639648 0.264844
0 0.03125 0.880859 0.0625 0.222656
0 0.0115356 0.210889 0.0230713 0.262598
0 0.0317627 0.120703 0.0635254 0.241406
0 0.0104126 0.136279 0.0208252 0.257129
0 0.00926514 0.120215 0.0185303 0.24043
0 0.0108643 0.186523 0.0217285 0.255859
0 0.01073 0.161182 0.02146 0.254199
0 0.00838623 0.107227 0.0167725 0.214453
0 0.00817871 0.0956055 0.0163574 0.191211
0 0.0314941 0.110352 0.0629883 0.220703
0 0.00794678 0.0862793 0.0158936 0.172559
0 0.00823975 0.912891 0.0164795 0.174219
0 0.960156 0.799609 0.0796875 0.400781
0 0.0443359 0.311182 0.0886719 0.305762
0 0.0312256 0.907813 0.0624512 0.184375
0 0.00651855 0.928516 0.0130371 0.142969
0 0.772656 0.854297 0.454688 0.291406
0 0.00904541 0.0774902 0.0180908 0.15498
0 0.0313721 0.0999023 0.0627441 0.199805
0 0.754492 0.67959 0.491016 0.64082
0 0.0442383 0.337891 0.0884766 0.298438
0 0.0307617 0.922656 0.0615234 0.154688
0 0.753516 0.723828 0.492969 0.552344
0 0.0442383 0.285693 0.0884766 0.312988
0 0.0441406 0.362988 0.0882813 0.29668
0 0.74668 0.904297 0.506641 0.191406
0 0.0439453 0.260889 0.0878906 0.312598
0 0.775391 0.737891 0.449219 0.524219
0 0.959766 0.725 0.0804688 0.55
0 0.0458008 0.609375 0.0916016 0.310156
0 0.966797 0.821484 0.0664062 0.357031
0 0.959375 0.748438 0.0734375 0.503125
0 0.935156 0.650977 0.126563 0.574609
0 0.955859 0.802539 0.0882813 0.337109
0 0.3 0.923438 0.6 0.090625
0 0.325 0.923828 0.65 0.0820312
0 0.969531 0.798047 0.0609375 0.403906
0 0.944922 0.909766 0.105469 0.174219
0 0.980469 0.681641 0.0390625 0.261719
0 0.0456055 0.582617 0.0912109 0.316016
0 0.972656 0.431348 0.0546875 0.216992
0 0.969141 0.890234 0.0617188 0.192969
0 0.559082 0.909375 0.681836 0.109375
0 0.942578 0.880078 0.103906 0.205469
0 0.742969 0.852148 0.514063 0.203516
0 0.508105 0.914844 0.683789 0.096875
0 0.983984 0.593359 0.0320312 0.328906
0 0.744922 0.320117 0.510156 0.423828
0 0.809961 0.676172 0.380078 0.222656
0 0.0453125 0.63457 0.090625 0.307422
0 0.0442383 0.686523 0.0884766 0.301953
0 0.984766 0.459375 0.0304688 0.384375
0 0.982813 0.547266 0.034375 0.233594
0 0.765625 0.680469 0.46875 0.175781
0 0.982422 0.718555 0.0351562 0.431641
0 0.0441406 0.386816 0.0882813 0.29668
0 0.0188232 0.0694336 0.0376465 0.138867
0 0.0312012 0.0884766 0.0624023 0.176953
0 0.984375 0.49375 0.03125 0.320312
0 0.973047 0.771094 0.0539063 0.457813
0 0.274609 0.907422 0.549219 0.128906
0 0.777344 0.879297 0.445312 0.182031
0 0.0452148 0.557617 0.0904297 0.319141
0 0.0446289 0.661523 0.0892578 0.305078
0 0.370996 0.921875 0.658008 0.08125
0 0.274414 0.307031 0.548828 0.614062
0 0.0430664 0.237354 0.0861328 0.312793
0 0.00604248 0.939844 0.012085 0.120313
0 0.748828 0.425 0.502344 0.296094
0 0.460156 0.917578 0.679688 0.0898438
0 0.720703 0.923047 0.558594 0.0867188
0 0.197656 0.233984 0.395313 0.467969
0 0.704297 0.822656 0.591406 0.25625
0 0.611719 0.287598 0.776563 0.373242
0 0.756641 0.498926 0.486719 0.455273
0 0.273828 0.824609 0.547656 0.350781
0 0.762305 0.342676 0.475391 0.198242
0 0.769922 0.829883 0.460156 0.257422
0 0.0439941 0.710938 0.0879883 0.303125
0 0.722656 0.218359 0.554688 0.436719
0 0.96875 0.143359 0.0625 0.250781
0 0.61084 0.899609 0.679883 0.130469
0 0.0420776 0.212354 0.0840088 0.306934
0 0.56582 0.295703 0.790234 0.375
0 0.042627 0.18877 0.0790039 0.304492
0 0.163184 0.23418 0.326367 0.468359
0 0.216797 0.264648 0.433594 0.529297
0 0.230859 0.600391 0.461719 0.799219
0 0.907422 0.915625 0.180469 0.165625
0 0.317969 0.316016 0.635938 0.632031
0 0.471484 0.498047 0.782031 0.328906
0 0.74043 0.710352 0.519141 0.579297
0 0.238672 0.533398 0.477344 0.858203
0 0.516406 0.301172 0.779688 0.371094
0 0.738867 0.0995117 0.522266 0.199023
0 0.380078 0.592773 0.757812 0.336328
0 0.790039 0.155688 0.419922 0.230811
0 0.274219 0.327344 0.548438 0.654688
0 0.252344 0.661426 0.504687 0.677148
0 0.722656 0.205469 0.554688 0.410938
0 0.044043 0.735547 0.0880859 0.303906
0 0.383984 0.356641 0.767969 0.713281
0 0.750586 0.930859 0.498828 0.0773438
0 0.75 0.450391 0.5 0.376563
0 0.98125 0.897266 0.0375 0.205469
0 0.0418823 0.164795 0.0797119 0.300879
0 0.528125 0.217578 0.754687 0.435156
0 0.223828 0.629004 0.447656 0.741992
0 0.737695 0.282227 0.524609 0.381641
0 0.691992 0.892578 0.616016 0.214844
0 0.470508 0.332324 0.776172 0.371289
0 0.0436523 0.852148 0.0873047 0.295703
0 0.548438 0.0245117 0.75 0.0490234
0 0.19375 0.263867 0.3875 0.527734
0 0.040918 0.145996 0.0818359 0.291992
0 0.479883 0.271289 0.757422 0.512891
0 0.389453 0.824023 0.7375 0.251953
0 0.224609 0.236133 0.449219 0.472266
0 0.361914 0.357227 0.723828 0.714453
0 0.470313 0.555273 0.779688 0.346484
0 0.416113 0.919922 0.668555 0.0851563
0 0.246094 0.357227 0.492188 0.714453
0 0.240234 0.575293 0.480469 0.849414
0 0.474609 0.300195 0.769531 0.366797
0 0.576172 0.161426 0.767969 0.322852
0 0.360547 0.331641 0.721094 0.663281
0 0.432227 0.352734 0.771484 0.705469
0 0.300977 0.817187 0.601953 0.365625
0 0.166992 0.264062 0.333984 0.528125
0 0.470898 0.38877 0.778516 0.359961
0 0.297852 0.309375 0.595703 0.61875
0 0.360156 0.337109 0.720313 0.674219
0 0.247656 0.236133 0.495313 0.472266
0 0.525586 0.208105 0.756641 0.364258
0 0.479297 0.327344 0.760156 0.654688
0 0.801953 0.802734 0.396094 0.338281
0 0.352539 0.830859 0.705078 0.238281
0 0.0440918 0.760742 0.0881836 0.305078
0 0.248438 0.329688 0.496875 0.659375
0 0.423828 0.592969 0.777344 0.34375
0 0.969531 0.908594 0.0609375 0.182812
0 0.0440918 0.785156 0.0881836 0.30625
0 0.383203 0.371484 0.766406 0.742969
0 0.0438965 0.834375 0.087793 0.309375
0 0.562891 0.340723 0.786719 0.377148
0 0.741797 0.15 0.516406 0.3
0 0.044043 0.808984 0.0880859 0.308594
0 0.517969 0.272754 0.773438 0.374023
0 0.248438 0.898047 0.496875 0.152344
0 0.249414 0.307617 0.498828 0.615234
0 0.510352 0.509375 0.801172 0.341406
0 0.729492 0.084668 0.541016 0.169336
0 0.269922 0.480469 0.539844 0.854688
0 0.598828 0.0304932 0.766406 0.0609863
0 0.221875 0.65625 0.44375 0.665625
0 0.819531 0.353906 0.360938 0.110937
0 0.618555 0.593359 0.762891 0.400781
0 0.689258 0.207031 0.621484 0.414062
0 0.0425781 0.122656 0.0851563 0.245312
0 0.299609 0.84668 0.599219 0.206641
0 0.717188 0.165527 0.565625 0.331055
0 0.339844 0.329688 0.679688 0.659375
0 0.644336 0.280371 0.711328 0.376758
0 0.75918 0.462988 0.481641 0.291992
0 0.320117 0.327539 0.640234 0.655078
0 0.266992 0.529395 0.533984 0.853711
0 0.234961 0.433105 0.469922 0.861914
0 0.0444336 0.532813 0.0888672 0.320312
0 0.432617 0.37168 0.772266 0.743359
0 0.786133 0.0378418 0.427734 0.0756836
0 0.336328 0.320898 0.672656 0.641797
0 0.52832 0.17832 0.751172 0.356641
0 0.285938 0.489355 0.571875 0.849414
0 0.208203 0.853711 0.416406 0.245703
0 0.514453 0.576855 0.791406 0.411914
0 0.232813 0.813281 0.465625 0.335938
0 0.479297 0.314844 0.760156 0.629687
0 0.989062 0.948828 0.021875 0.0820312
0 0.468359 0.0874023 0.772656 0.174805
0 0.273438 0.73125 0.546875 0.282813
0 0.0291992 0.638867 0.0583984 0.722266
0 0.0435547 0.866797 0.0871094 0.266406
0 0.357031 0.317188 0.714063 0.634375
0 0.357617 0.250977 0.715234 0.410547
0 0.784766 0.217871 0.430469 0.120898
0 0.325977 0.673047 0.651953 0.300781
0 0.745313 0.176172 0.509375 0.352344
0 0.380859 0.364063 0.761719 0.728125
0 0.741602 0.299121 0.516797 0.250977
0 0.0449219 0.10166 0.0898438 0.20332
0 0.433008 0.380469 0.763672 0.760938
0 0.760547 0.283789 0.478906 0.197266
0 0.421875 0.32959 0.775 0.373633
0 0.0411621 0.13457 0.0823242 0.269141
0 0.463672 0.591797 0.791406 0.353906
0 0.423242 0.555469 0.773828 0.346875
0 0.271875 0.235938 0.54375 0.471875
0 0.5125 0.392188 0.784375 0.358594
0 0.499219 0.0224609 0.748438 0.0449219
0 0.74375 0.16582 0.5125 0.331641
0 0.567969 0.68125 0.782813 0.579688
0 0.417969 0.131055 0.78125 0.262109
0 0.358203 0.235547 0.716406 0.471094
0 0.689453 0.910547 0.621094 0.108594
0 0.758594 0.181836 0.482812 0.278125
0 0.512305 0.336426 0.784766 0.368555
0 0.0243896 0.668848 0.0487793 0.662305
0 0.989062 0.935156 0.021875 0.0796875
0 0.379688 0.282031 0.759375 0.564063
0 0.566211 0.261035 0.778516 0.336523
0 0.617383 0.14834 0.765234 0.29668
0 0.27793 0.682813 0.555859 0.634375
0 0.377344 0.839063 0.754687 0.29375
0 0.478125 0.257031 0.759375 0.514063
0 0.249805 0.726562 0.499609 0.440625
0 0.474609 0.328125 0.772656 0.529688
0 0.575781 0.162305 0.757812 0.324609
0 0.916797 0.148438 0.166406 0.180078
0 0.474414 0.435742 0.774609 0.356641
0 0.628711 0.0322754 0.742578 0.0645508
0 0.266406 0.43125 0.532813 0.854688
0 0.0431641 0.112305 0.0863281 0.224609
0 0.527344 0.156543 0.75625 0.313086
0 0.300391 0.841992 0.600781 0.316016
0 0.0439453 0.410156 0.0878906 0.296875
0 0.0624268 0.611914 0.098584 0.335547
0 0.270313 0.838281 0.540625 0.228125
0 0.566992 0.658008 0.792578 0.605859
0 0.654492 0.583789 0.691016 0.378516
0 0.426953 0.29707 0.767969 0.369141
0 0.221484 0.30957 0.442969 0.619141
0 0.750977 0.109766 0.498047 0.219531
0 0.272852 0.353516 0.545703 0.707031
0 0.733008 0.733594 0.533984 0.532813
0 0.247852 0.282227 0.495703 0.564453
0 0.270313 0.282422 0.540625 0.564844
0 0.431836 0.327148 0.767578 0.654297
0 0.235742 0.257227 0.471484 0.514453
0 0.351953 0.796875 0.703906 0.273438
0 0.987891 0.920703 0.0179687 0.0539063
0 0.80957 0.662695 0.380859 0.655859
0 0.551758 0.0506836 0.145703 0.101367
0 0.805078 0.734766 0.389844 0.530469
0 0.800391 0.679102 0.399219 0.641797
0 0.570117 0.443359 0.0699219 0.1125
0 0.800391 0.677148 0.399219 0.645703
0 0.196143 0.136548 0.163184 0.190186
0 0.158398 0.671094 0.0652344 0.120313
0 0.187061 0.105078 0.148145 0.166406
0 0.800781 0.683789 0.398438 0.632422
0 0.336816 0.601953 0.0392578 0.0421875
0 0.880078 0.601855 0.239844 0.796289
0 0.830273 0.655273 0.339453 0.689453
0 0.198926 0.764648 0.0369141 0.0472656
0 0.216504 0.0987061 0.202148 0.133838
0 0.158203 0.674609 0.06875 0.125781
0 0.137988 0.246582 0.0880859 0.132227
0 0.173193 0.701172 0.0356445 0.0578125
0 0.142578 0.089502 0.0609375 0.107715
0 0.928906 0.619629 0.142188 0.757617
0 0.569922 0.36748 0.0726563 0.102539
0 0.572266 0.0500977 0.147656 0.100195
0 0.327734 0.602539 0.0429688 0.0410156
0 0.149414 0.673438 0.0738281 0.122656
0 0.141504 0.251074 0.0869141 0.171289
0 0.799609 0.669141 0.400781 0.661719
0 0.139746 0.221387 0.0841797 0.114258
0 0.186719 0.159912 0.174219 0.225488
0 0.303418 0.570312 0.115039 0.1125
0 0.58418 0.400977 0.0324219 0.0402344
0 0.163623 0.699023 0.0348633 0.0613281
0 0.334961 0.569336 0.0632813 0.107422
0 0.830859 0.674805 0.338281 0.650391
0 0.583594 0.437305 0.05625 0.108203
0 0.16416 0.0901367 0.0939453 0.116406
0 0.663281 0.884766 0.0367188 0.0476562
0 0.155078 0.703711 0.0542969 0.0636719
0 0.337598 0.593164 0.0369141 0.0464844
0 0.570508 0.386523 0.0699219 0.0988281
0 0.1375 0.124707 0.0371094 0.0476562
0 0.512891 0.510156 0.03125 0.0476562
0 0.584961 0.38916 0.0324219 0.0568359
0 0.513477 0.516602 0.0339844 0.0449219
0 0.663086 0.889844 0.0371094 0.05
0 0.329688 0.594922 0.0457031 0.0515625
0 0.584766 0.409961 0.0398437 0.0628906
0 0.67168 0.890234 0.0457031 0.0554687
0 0.137988 0.121826 0.0353516 0.0577148
0 0.576563 0.395801 0.0335938 0.0552734
0 0.804688 0.822266 0.390625 0.324219
0 0.150146 0.675977 0.074707 0.126172
0 0.511523 0.049292 0.0394531 0.0496582
0 0.181445 0.1875 0.165234 0.213281
0 0.338574 0.598437 0.0595703 0.0515625
0 0.173193 0.707422 0.0379883 0.059375
0 0.953516 0.0442383 0.0929688 0.0884766
0 0.196973 0.147607 0.163477 0.183691
0 0.334082 0.603516 0.0486328 0.0429688
0 0.197461 0.75625 0.0324219 0.0421875
0 0.991797 0.0216309 0.0164063 0.0432617
0 0.13623 0.314258 0.0404297 0.0453125
0 0.800781 0.703906 0.398438 0.592188
0 0.130762 0.254688 0.10957 0.178125
0 0.911328 0.0504883 0.0382813 0.0425781
0 0.192236 0.760547 0.034668 0.0539063
0 0.199023 0.771484 0.0382813 0.0679687
0 0.170947 0.736914 0.0913086 0.141797
0 0.674219 0.882422 0.04375 0.0460938
0 0.536328 0.0512207 0.151562 0.102441
0 0.325488 0.606445 0.0572266 0.0371094
0 0.992578 0.0155273 0.0148437 0.0310547
0 0.576367 0.402148 0.0347656 0.0402344
0 0.1625 0.692773 0.0359375 0.0722656
0 0.57168 0.419043 0.0722656 0.113477
0 0.58457 0.383984 0.0308594 0.0539063
0 0.803125 0.674121 0.39375 0.651758
0 0.233887 0.139014 0.0794922 0.179785
0 0.673828 0.894531 0.0585938 0.0625
0 0.689844 0.871484 0.0992187 0.102344
0 0.578125 0.412695 0.0429688 0.0917969
0 0.170605 0.691406 0.0287109 0.04375
0 0.188184 0.133252 0.148242 0.19209
0 0.318848 0.594922 0.0673828 0.0554687
0 0.153516 0.701758 0.0535156 0.0589844
0 0.986719 0.0284668 0.0265625 0.0487305
0 0.190771 0.766406 0.034082 0.0453125
0 0.175586 0.189038 0.219922 0.255908
0 0.5125 0.523047 0.0375 0.0523438
0 0.977344 0.0430176 0.0453125 0.0860352
0 0.185059 0.0828735 0.142383 0.134448
0 0.332129 0.587891 0.0583984 0.0648438
0 0.133789 0.635742 0.0359375 0.0574219
0 0.576563 0.387891 0.0375 0.0609375
0 0.967188 0.940234 0.065625 0.119531
0 0.341797 0.602734 0.0671875 0.0476562
0 0.508203 0.0541504 0.059375 0.0485352
0 0.240137 0.17207 0.0794922 0.128125
0 0.500586 0.0506348 0.0496094 0.0506836
0 0.134814 0.247949 0.101465 0.179102
0 0.132617 0.255811 0.100781 0.164551
0 0.93125 0.578906 0.1375 0.785937
0 0.132568 0.352246 0.027832 0.0412109
0 0.588086 0.455859 0.0332031 0.0453125
0 0.172119 0.718359 0.0413086 0.0898438
0 0.144531 0.18208 0.096875 0.139746
0 0.987109 0.021582 0.0257812 0.0425781
0 0.198828 0.771289 0.0503906 0.0730469
0 0.181055 0.73418 0.0414063 0.100391
0 0.138525 0.206055 0.0834961 0.0761719
0 0.318555 0.603125 0.0542969 0.0414063
0 0.154834 0.686133 0.0543945 0.0660156
0 0.587891 0.449219 0.0335938 0.0578125
0 0.137646 0.309668 0.0395508 0.0529297
0 0.192139 0.739453 0.0540039 0.0945313
0 0.153271 0.696289 0.049707 0.0574219
0 0.161963 0.694141 0.0706055 0.175781
0 0.197119 0.770703 0.0444336 0.0773438
0 0.144189 0.312402 0.0483398 0.0486328
0 0.136133 0.128467 0.0421875 0.0416992
0 0.680273 0.889844 0.0503906 0.0546875
0 0.130859 0.198145 0.100781 0.181836
0 0.910156 0.0420776 0.0328125 0.044458
0 0.199316 0.78125 0.0380859 0.0640625
0 0.505469 0.511914 0.046875 0.0527344
0 0.971875 0.0563965 0.05625 0.11084
0 0.172412 0.722461 0.0543945 0.0589844
0 0.512305 0.0417236 0.0363281 0.048877
0 0.339453 0.5875 0.040625 0.0609375
0 0.146826 0.654492 0.0793945 0.121484
0 0.135547 0.322461 0.0412109 0.0554687
0 0.154688 0.706836 0.0667969 0.0660156
0 0.149365 0.306055 0.0362305 0.0453125
0 0.250293 0.204883 0.0357422 0.0460938
0 0.238281 0.155762 0.0855469 0.143945
0 0.133984 0.337891 0.0335938 0.0699219
0 0.985547 0.0382324 0.0289063 0.0749023
0 0.966797 0.852734 0.0664062 0.250781
0 0.503516 0.0454102 0.05 0.0548828
0 0.139795 0.701367 0.0333008 0.0480469
0 0.525195 0.387305 0.160547 0.106641
0 0.666406 0.876953 0.0453125 0.0648438
0 0.314551 0.586133 0.0837891 0.0660156
0 0.683984 0.894922 0.0445313 0.0617188
0 0.588086 0.467383 0.0332031 0.0464844
0 0.153271 0.698828 0.0797852 0.174219
0 0.182715 0.151025 0.161133 0.219824
0 0.127295 0.316895 0.0325195 0.0423828
0 0.138379 0.114063 0.0380859 0.0673828
0 0.528516 0.451953 0.160938 0.160156
0 0.188818 0.172998 0.18252 0.164941
0 0.910547 0.0520996 0.0414063 0.0475586
0 0.128564 0.310547 0.0350586 0.0554687
0 0.583008 0.383301 0.0582031 0.0990234
0 0.128613 0.337207 0.0332031 0.0787109
0 0.591992 0.427246 0.0363281 0.114258
0 0.19292 0.775781 0.0399414 0.0609375
0 0.583594 0.368652 0.0609375 0.0923828
0 0.434375 0.461328 0.03125 0.0421875
0 0.838672 0.695703 0.322656 0.596094
0 0.496875 0.0563965 0.06875 0.0481445
0 0.953906 0.100024 0.0921875 0.185889
0 0.187598 0.143945 0.180273 0.182422
0 0.186133 0.183057 0.185156 0.263574
0 0.139307 0.313672 0.0624023 0.0554687
0 0.798047 0.791016 0.403906 0.403906
0 0.668359 0.894141 0.0640625 0.0570313
0 0.483984 0.0506348 0.0679687 0.0520508
0 0.94375 0.858203 0.1125 0.263281
0 0.80625 0.387012 0.046875 0.0642578
0 0.976172 0.410742 0.0476562 0.132422
0 0.140625 0.695312 0.0324219 0.05
0 0.337109 0.591016 0.059375 0.0492188
0 0.583789 0.451562 0.0574219 0.0695313
0 0.992188 0.0430176 0.015625 0.0860352
0 0.520703 0.520312 0.0382813 0.05625
0 0.966406 0.870898 0.0671875 0.236328
0 0.903125 0.0438477 0.0328125 0.0480469
0 0.986719 0.0612305 0.0265625 0.0714844
0 0.513281 0.505273 0.0359375 0.0660156
0 0.578125 0.429883 0.0789063 0.111328
0 0.518359 0.0476929 0.053125 0.0518799
0 0.833984 0.0612793 0.332031 0.122559
0 0.206348 0.780859 0.0435547 0.0632813
0 0.187207 0.140479 0.150586 0.21084
0 0.249707 0.212793 0.0384766 0.0478516
0 0.519922 0.514453 0.028125 0.0445313
0 0.138379 0.101587 0.0519531 0.118701
0 0.583203 0.409277 0.0578125 0.123633
0 0.166943 0.704102 0.096582 0.188672
0 0.975781 0.0310059 0.0484375 0.0620117
0 0.992969 0.013916 0.0140625 0.027832
0 0.186768 0.178418 0.190527 0.165039
0 0.531055 0.425391 0.154297 0.1625
0 0.587109 0.430664 0.0382813 0.105859
0 0.128955 0.205859 0.0543945 0.0710938
0 0.50957 0.524414 0.0503906 0.0519531
0 0.214893 0.756836 0.0987305 0.123828
0 0.200781 0.747852 0.158594 0.155859
0 0.902734 0.051123 0.0351562 0.0430664
0 0.943359 0.876367 0.113281 0.247266
0 0.582812 0.396191 0.0453125 0.0615234
0 0.315723 0.608789 0.0689453 0.0371094
0 0.791797 0.386523 0.0648438 0.0589844
0 0.182422 0.223975 0.163672 0.237988
0 0.576953 0.379883 0.0429688 0.0824219
0 0.581055 0.4625 0.0496094 0.0617188
0 0.585547 0.379297 0.0335938 0.0835937
0 0.13208 0.627734 0.0254883 0.034375
0 0.141895 0.197754 0.0853516 0.113867
0 0.786133 0.381738 0.0433594 0.0412109
0 0.138867 0.704297 0.0632813 0.0515625
0 0.486133 0.0446167 0.0753906 0.0551025
0 0.210352 0.794922 0.0503906 0.0570313
0 0.331348 0.578711 0.0615234 0.0863281
0 0.996875 0.0363281 0.00625 0.0726563
0 0.910156 0.0463501 0.0625 0.0569092
0 0.341406 0.577148 0.104688 0.0871094
0 0.175952 0.1896 0.209814 0.256348
0 0.594336 0.454102 0.0261719 0.0464844
0 0.156885 0.303125 0.0334961 0.0453125
0 0.145947 0.261426 0.0674805 0.152539
0 0.157666 0.68125 0.0698242 0.09375
0 0.310254 0.555273 0.103711 0.131641
0 0.948047 0.0736572 0.103906 0.126514
0 0.780469 0.642188 0.439063 0.715625
0 0.143018 0.302246 0.055957 0.0697266
0 0.551562 0.042041 0.129688 0.084082
0 0.137793 0.126563 0.0513672 0.147266
0 0.963281 0.438672 0.0734375 0.100781
0 0.187695 0.770312 0.0515625 0.140625
0 0.675781 0.877344 0.0460938 0.0484375
0 0.520117 0.508203 0.0277344 0.0476562
0 0.837109 0.538477 0.0367188 0.0394531
0 0.168799 0.707617 0.0456055 0.0855469
0 0.658789 0.879297 0.0511719 0.0726563
0 0.504297 0.521484 0.0429688 0.0515625
0 0.926562 0.102466 0.146875 0.185693
0 0.52793 0.41543 0.155859 0.176172
0 0.94375 0.834375 0.1125 0.264062
0 0.150342 0.29873 0.0375977 0.0560547
0 0.145947 0.692187 0.0481445 0.075
0 0.184619 0.750586 0.0624023 0.130078
0 0.922266 0.934375 0.155469 0.13125
0 0.503516 0.526172 0.0445313 0.0476562
0 0.689453 0.901953 0.0570313 0.0570313
0 0.517773 0.0543213 0.0667969 0.0487793
0 0.241309 0.214941 0.0443359 0.0455078
0 0.953906 0.348828 0.0921875 0.697656
0 0.138623 0.214062 0.0860352 0.0777344
0 0.161279 0.229492 0.0317383 0.0457031
0 0.153271 0.661133 0.0825195 0.137109
0 0.835547 0.540234 0.0414063 0.0460938
0 0.933203 0.031958 0.133594 0.063916
0 0.959766 0.422656 0.0804688 0.11875
0 0.127295 0.344629 0.0321289 0.0654297
0 0.966406 0.889063 0.0671875 0.19375
0 0.145898 0.114453 0.0441406 0.0597656
0 0.593945 0.461133 0.0261719 0.0527344
0 0.954297 0.647656 0.0914062 0.695312
0 0.95 0.680078 0.1 0.639844
0 0.153516 0.707617 0.0707031 0.0589844
0 0.149707 0.309473 0.0560547 0.0552734
0 0.135156 0.205078 0.0644531 0.0796875
0 0.170166 0.686133 0.0272461 0.0425781
0 0.140479 0.108789 0.0456055 0.0900391
0 0.144971 0.209717 0.0760742 0.0883789
0 0.594141 0.0495117 0.208594 0.0990234
0 0.141064 0.206836 0.0643555 0.0933594
0 0.147754 0.106592 0.0419922 0.0616211
0 0.169385 0.164038 0.252637 0.215674
0 0.147607 0.106348 0.0477539 0.0849609
0 0.135547 0.334375 0.059375 0.0820312
0 0.216064 0.127808 0.18584 0.199072
0 0.902734 0.0525146 0.0429688 0.0444824
0 0.916016 0.0504395 0.0570313 0.0543945
0 0.128516 0.126123 0.0351562 0.0432617
0 0.504883 0.527148 0.0582031 0.0480469
0 0.144092 0.65625 0.0790039 0.145313
0 0.164258 0.0792725 0.0941406 0.119971
0 0.16084 0.238867 0.0326172 0.0421875
0 0.786328 0.378711 0.0398437 0.0417969
0 0.251465 0.198193 0.0392578 0.0567383
0 0.242969 0.208984 0.0464844 0.0546875
0 0.564648 0.0688477 0.0894531 0.0603516
0 0.32998 0.583789 0.0744141 0.0839844
0 0.19834 0.743359 0.0361328 0.0914062
0 0.966797 0.0408203 0.0664062 0.0609375
0 0.793359 0.377441 0.0539063 0.0443359
0 0.568945 0.396289 0.0574219 0.0589844
0 0.944141 0.896094 0.111719 0.207813
0 0.85332 0.259766 0.293359 0.519531
0 0.737305 0.851172 0.0371094 0.0398437
0 0.566992 0.0768066 0.0730469 0.0459961
0 0.958203 0.469727 0.0835937 0.121484
0 0.134668 0.117432 0.0460938 0.0749023
0 0.58125 0.385449 0.0492188 0.0650391
0 0.516016 0.526172 0.0578125 0.0609375
0 0.12583 0.362988 0.0354492 0.0521484
0 0.681641 0.9 0.0523438 0.05
0 0.256836 0.209766 0.0476562 0.0542969
0 0.532031 0.183691 0.0953125 0.10332
0 0.146533 0.091333 0.0713867 0.123389
0 0.800781 0.640918 0.398438 0.633789
0 0.83125 0.654785 0.3375 0.69043
0 0.538281 0.177246 0.1 0.11582
0 0.532617 0.193359 0.0957031 0.126172
0 0.800195 0.643164 0.399609 0.701172
0 0.536133 0.0473145 0.160547 0.0946289
0 0.801367 0.637793 0.397266 0.711914
0 0.350781 0.177295 0.5125 0.30166
0 0.825781 0.635059 0.348438 0.726758
0 0.153955 0.0861328 0.075293 0.125
0 0.829102 0.629492 0.341797 0.725391
0 0.798047 0.646094 0.403906 0.6375
0 0.506641 0.0526123 0.217969 0.0803223
0 0.540625 0.196777 0.103125 0.13457
0 0.500781 0.185059 0.140625 0.113086
0 0.544141 0.0481201 0.176563 0.0932129
0 0.528711 0.235742 0.103516 0.169141
0 0.365918 0.153516 0.536914 0.307031
0 0.985156 0.0150635 0.0296875 0.030127
0 0.351562 0.151001 0.520312 0.246436
0 0.356348 0.194727 0.510742 0.389453
0 0.354297 0.286719 0.564844 0.573438
0 0.535742 0.173975 0.0972656 0.0973633
0 0.942969 0.941406 0.1125 0.117188
0 0.362793 0.128125 0.525977 0.25625
0 0.139697 0.314551 0.0532227 0.0478516
0 0.541406 0.174609 0.103125 0.0988281
0 0.788672 0.634082 0.422656 0.697461
0 0.13999 0.308203 0.0555664 0.0542969
0 0.127197 0.30918 0.047168 0.0550781
0 0.523438 0.203418 0.065625 0.0490234
0 0.525195 0.207813 0.0667969 0.053125
0 0.950781 0.89375 0.096875 0.159375
0 0.483398 0.261328 0.199609 0.1625
0 0.151465 0.30127 0.0814453 0.0767578
0 0.706641 0.741016 0.586719 0.517969
0 0.791602 0.623828 0.416797 0.752344
0 0.760547 0.730078 0.478906 0.539844
0 0.986328 0.0138916 0.0273438 0.0277832
0 0.480078 0.195264 0.170313 0.135254
0 0.563281 0.160986 0.125 0.117871
0 0.129688 0.314746 0.0417969 0.0427734
0 0.357129 0.184546 0.511523 0.247705
0 0.518555 0.24834 0.160547 0.172852
0 0.142627 0.181445 0.0823242 0.141797
0 0.528516 0.200977 0.0882813 0.0519531
0 0.14248 0.295801 0.0693359 0.0818359
0 0.989844 0.66416 0.0203125 0.585742
0 0.514453 0.211816 0.0585938 0.0509766
0 0.972656 0.664062 0.0546875 0.65625
0 0.505469 0.177197 0.126563 0.101465
0 0.361035 0.125195 0.560742 0.217188
0 0.454102 0.258789 0.230078 0.158203
0 0.950391 0.922266 0.0992187 0.116406
0 0.535156 0.205469 0.0796875 0.0554687
0 0.497266 0.188086 0.311719 0.118359
0 0.360645 0.139233 0.518555 0.259814
0 0.902344 0.0237549 0.195312 0.0475098
0 0.9625 0.0181641 0.075 0.0363281
0 0.843359 0.600293 0.313281 0.677539
0 0.662695 0.692187 0.674609 0.615625
0 0.496094 0.230029 0.373437 0.230957
0 0.30166 0.144043 0.585742 0.288086
0 0.52168 0.035083 0.166016 0.070166
0 0.301367 0.292773 0.602734 0.585547
0 0.651563 0.8875 0.0960938 0.0515625
0 0.814258 0.710547 0.371484 0.494531
0 0.515234 0.205469 0.0570313 0.046875
0 0.753516 0.746289 0.492969 0.448047
0 0.922656 0.916406 0.154688 0.167187
0 0.974609 0.929688 0.0507812 0.140625
0 0.9125 0.0317871 0.175 0.0635742
0 0.140088 0.315527 0.0606445 0.0443359
0 0.172852 0.0975098 0.110547 0.145605
0 0.518359 0.195703 0.119531 0.0554687
0 0.942969 0.051709 0.114063 0.103418
0 0.463574 0.188477 0.300977 0.121875
0 0.138037 0.303223 0.0686523 0.0693359
0 0.544727 0.0356201 0.131641 0.0712402
0 0.517969 0.197412 0.0851563 0.0536133
0 0.567773 0.185059 0.184766 0.135352
0 0.54043 0.206738 0.101172 0.0560547
0 0.550781 0.149609 0.078125 0.0523438
0 0.509766 0.250684 0.134375 0.161133
0 0.319141 0.305078 0.638281 0.610156
0 0.559375 0.165723 0.0890625 0.0787109
0 0.548828 0.0504639 0.15 0.0955566
0 0.922656 0.880859 0.146875 0.205469
0 0.537695 0.200732 0.113672 0.0543945
0 0.309375 0.138477 0.61875 0.276953
0 0.838477 0.602246 0.323047 0.667383
0 0.32334 0.127344 0.443945 0.254688
0 0.562109 0.172559 0.123438 0.105273
0 0.639063 0.88125 0.117188 0.0484375
0 0.743359 0.612793 0.513281 0.774414
0 0.804688 0.729102 0.390625 0.504297
0 0.143213 0.304785 0.0799805 0.0806641
0 0.283008 0.0916016 0.566016 0.183203
0 0.542578 0.192188 0.121094 0.0472656
0 0.0240479 0.446582 0.0480957 0.303711
0 0.534766 0.194287 0.125781 0.055957
0 0.255664 0.107813 0.511328 0.215625
0 0.544336 0.162109 0.125391 0.135547
0 0.247607 0.134375 0.392285 0.237109
0 0.377441 0.181982 0.437305 0.194629
0 0.779297 0.775391 0.441406 0.410156
0 0.359082 0.108984 0.531836 0.217969
0 0.661328 0.659961 0.677344 0.680078
0 0.609375 0.229541 0.342187 0.22998
0 0.300342 0.105859 0.479004 0.211719
0 0.525586 0.212891 0.0761719 0.0617188
0 0.0282715 0.507324 0.056543 0.293945
0 0.869141 0.698047 0.261719 0.510156
0 0.960547 0.40332 0.0789063 0.160547
0 0.0943359 0.0685547 0.188672 0.137109
0 0.542383 0.172021 0.105859 0.0915039
0 0.951172 0.903516 0.0976562 0.132031
0 0.168555 0.117188 0.337109 0.234375
0 0.126416 0.304004 0.0612305 0.0716797
0 0.151172 0.103662 0.0695313 0.109863
0 0.140137 0.306836 0.0611328 0.075
0 0.152246 0.095874 0.0779297 0.123291
0 0.379199 0.12312 0.554102 0.217822
0 0.661719 0.887891 0.105469 0.0523438
0 0.548242 0.227002 0.137891 0.203027
0 0.256885 0.167725 0.206543 0.135254
0 0.485352 0.184277 0.141016 0.102148
0 0.239844 0.111621 0.479688 0.188477
0 0.349414 0.248828 0.530859 0.450781
0 0.984766 0.0187988 0.0304688 0.0375977
0 0.0430664 0.715625 0.0861328 0.2875
0 0.535352 0.213574 0.0855469 0.0619141
0 0.946094 0.0345947 0.107813 0.0691895
0 0.293945 0.160498 0.154297 0.121191
0 0.599219 0.199365 0.348438 0.13252
0 0.813086 0.758008 0.236328 0.273047
0 0.696875 0.22959 0.51875 0.233398
0 0.948828 0.854688 0.0992187 0.223438
0 0.941406 0.00625 0.117188 0.0125
0 0.510742 0.207422 0.131641 0.141797
0 0.7125 0.233301 0.575 0.29043
0 0.144629 0.305371 0.0572266 0.0544922
0 0.326172 0.152051 0.652344 0.304102
0 0.833398 0.108984 0.333203 0.217969
0 0.783789 0.779102 0.204297 0.223047
0 0.725586 0.286719 0.548828 0.371875
0 0.146094 0.313379 0.06875 0.0458984
0 0.798828 0.751563 0.402344 0.442188
0 0.531055 0.119922 0.425391 0.239844
0 0.605469 0.121289 0.404687 0.242578
0 0.562109 0.148779 0.0703125 0.0547852
0 0.0178955 0.394043 0.035791 0.326758
0 0.544531 0.201172 0.105469 0.0511719
0 0.0338135 0.561523 0.067627 0.285547
0 0.202734 0.111719 0.179297 0.179688
0 0.0733398 0.0948242 0.14668 0.189648
0 0.134131 0.106641 0.0491211 0.103516
0 0.550195 0.208594 0.0839844 0.0546875
0 0.758984 0.659766 0.482031 0.680469
0 0.986719 0.622266 0.0265625 0.658594
0 0.697461 0.674121 0.605078 0.651758
0 0.427734 0.259766 0.259375 0.169531
0 0.0998047 0.689063 0.199609 0.246875
0 0.0280273 0.770703 0.0560547 0.289844
0 0.714453 0.222266 0.571094 0.433594
0 0.0153809 0.131641 0.0307617 0.263281
0 0.977734 0.395703 0.0445313 0.175781
0 0.0494141 0.661523 0.0988281 0.286328
0 0.130127 0.315625 0.0563477 0.0453125
0 0.535352 0.186621 0.0941406 0.112695
0 0.0917969 0.0916016 0.183594 0.161914
0 0.164746 0.310059 0.140039 0.0908203
0 0.0414063 0.613281 0.0828125 0.28125
0 0.0123169 0.861328 0.0246338 0.277344
0 0.659961 0.203174 0.680078 0.295996
0 0.515234 0.21377 0.0648438 0.0576172
0 0.620313 0.753516 0.695312 0.233594
0 0.586328 0.152393 0.129688 0.103027
0 0.353906 0.188086 0.707812 0.376172
0 0.151074 0.175586 0.0849609 0.151172
0 0.859766 0.0711914 0.280469 0.142383
0 0.011084 0.885352 0.022168 0.229297
0 0.499805 0.0463989 0.150391 0.0599365
0 0.0143066 0.823242 0.0286133 0.292578
0 0.919922 0.83125 0.155469 0.2625
0 0.148047 0.143506 0.0699219 0.234863
0 0.329688 0.149805 0.0992187 0.0800781
0 0.304297 0.30957 0.608594 0.619141
0 0.135645 0.115137 0.0488281 0.0701172
0 0.320508 0.161914 0.224609 0.124609
0 0.985156 0.143262 0.0296875 0.286523
0 0.253906 0.17959 0.507812 0.336523
0 0.316016 0.256494 0.632031 0.303418
0 0.622559 0.647656 0.526758 0.2
0 0.541211 0.216016 0.0949219 0.0550781
0 0.272363 0.135254 0.159961 0.0943359
0 0.225586 0.120996 0.451172 0.241992
0 0.794922 0.177441 0.410156 0.310742
0 0.981641 0.222168 0.0367188 0.388477
0 0.513086 0.607617 0.800391 0.219922
0 0.0101318 0.160547 0.0202637 0.321094
0 0.100781 0.644727 0.201563 0.246484
0 0.917188 0.930078 0.165625 0.139844
0 0.0978516 0.737305 0.195703 0.234766
0 0.604688 0.193115 0.276563 0.153223
0 0.398633 0.203516 0.682422 0.407031
0 0.983594 0.175977 0.0328125 0.351953
0 0.010083 0.232031 0.020166 0.364844
0 0.475 0.25293 0.184375 0.160938
0 0.958203 0.394238 0.0835937 0.175586
0 0.501563 0.198779 0.096875 0.0567383
0 0.489648 0.209863 0.0964844 0.0544922
0 0.96875 0.0431641 0.0625 0.0863281
0 0.797852 0.34668 0.404297 0.159766
0 0.77793 0.773633 0.444141 0.399609
0 0.907422 0.9375 0.185156 0.125
0 0.243896 0.132886 0.443457 0.244385
0 0.671484 0.214941 0.472656 0.15957
0 0.53418 0.230176 0.180859 0.19043
0 0.105957 0.428027 0.211914 0.283789
0 0.800391 0.0722656 0.399219 0.144531
0 0.749219 0.248438 0.501563 0.3125
0 0.882031 0.790234 0.235938 0.374219
0 0.147168 0.112207 0.0607422 0.0742188
0 0.16084 0.10271 0.0830078 0.112939
0 0.910937 0.428906 0.178125 0.204688
0 0.301855 0.146191 0.0931641 0.0802734
0 0.0133789 0.354395 0.0267578 0.356055
0 0.267285 0.134131 0.145508 0.0930664
0 0.812891 0.603711 0.374219 0.733203
0 0.48418 0.0541504 0.267578 0.0694336
0 0.75625 0.624512 0.4875 0.730664
0 0.855469 0.128906 0.289062 0.257812
0 0.504883 0.21416 0.0566406 0.0501953
0 0.174854 0.198926 0.151074 0.102539
0 0.549023 0.149365 0.0621094 0.0504883
0 0.699609 0.275928 0.532031 0.308301
0 0.56416 0.800781 0.67793 0.225
0 0.357812 0.278857 0.50625 0.329785
0 0.0105469 0.274902 0.0210938 0.379883
0 0.533789 0.0517578 0.163672 0.0908203
0 0.484961 0.17793 0.164453 0.121484
0 0.921875 0.130469 0.15625 0.260938
0 0.0098877 0.191943 0.0197754 0.337988
0 0.514258 0.0451538 0.159766 0.0580322
0 0.854883 0.368066 0.290234 0.183398
0 0.624414 0.801367 0.694922 0.230078
0 0.908594 0.0267822 0.182812 0.0535645
0 0.663379 0.767383 0.673242 0.227734
0 0.85625 0.325781 0.2875 0.240625
0 0.539844 0.45332 0.121875 0.0816406
0 0.488086 0.0469727 0.154297 0.0626953
0 0.144385 0.301953 0.0670898 0.06875
0 0.344141 0.17002 0.299219 0.135352
0 0.178418 0.315234 0.120898 0.0859375
0 0.921875 0.894922 0.121875 0.133594
0 0.928125 0.90625 0.134375 0.1875
0 0.853711 0.759375 0.292578 0.470313
0 0.814453 0.298535 0.371094 0.354492
0 0.100977 0.788867 0.201953 0.230078
0 0.946094 0.00811768 0.107813 0.0162354
0 0.145605 0.152979 0.291211 0.287793
0 0.797656 0.12627 0.404687 0.252539
0 0.702734 0.222461 0.513281 0.221875
0 0.0994141 0.593555 0.198828 0.234766
0 0.305762 0.300732 0.588477 0.256348
0 0.594336 0.162793 0.247266 0.126367
0 0.140137 0.298438 0.0712891 0.0976562
0 0.911719 0.0759766 0.176563 0.151953
0 0.510352 0.170557 0.146484 0.11748
0 0.83125 0.14707 0.3375 0.294141
0 0.183105 0.657422 0.366211 0.236719
0 0.110742 0.484961 0.221484 0.264453
0 0.751172 0.319336 0.497656 0.261328
0 0.147607 0.141748 0.0719727 0.236035
0 0.837109 0.341895 0.0539063 0.0474609
0 0.106055 0.535937 0.212109 0.24375
0 0.162598 0.400391 0.325195 0.249219
0 0.896875 0.070166 0.20625 0.140332
0 0.915234 0.770312 0.167969 0.290625
0 0.234766 0.105713 0.469531 0.200293
0 0.676367 0.78125 0.647266 0.382812
0 0.865039 0.142188 0.269922 0.284375
0 0.0982422 0.885156 0.196484 0.229687
0 0.802344 0.784766 0.395313 0.391406
0 0.0116211 0.319824 0.0232422 0.386914
0 0.61543 0.0368164 0.419141 0.0736328
0 0.540039 0.15415 0.0792969 0.053418
0 0.162891 0.0934082 0.0828125 0.124707
0 0.973047 0.0317627 0.0539063 0.0635254
0 0.641992 0.619141 0.408203 0.203125
0 0.10957 0.277637 0.219141 0.288477
0 0.490039 0.0348877 0.223828 0.0697754
0 0.583398 0.042334 0.244141 0.084668
0 0.592578 0.73418 0.814844 0.261328
0 0.660547 0.889453 0.127344 0.0460938
0 0.801367 0.352246 0.109766 0.0908203
0 0.0852051 0.221045 0.17041 0.32041
0 0.527344 0.183594 0.103125 0.111328
0 0.946875 0.924219 0.10625 0.151562
0 0.9125 0.927734 0.175 0.144531
0 0.878516 0.804883 0.144531 0.179297
0 0.541016 0.177637 0.0789063 0.118164
0 0.901953 0.800391 0.183594 0.196094
0 0.919141 0.895312 0.157031 0.209375
0 0.933984 0.800781 0.121094 0.228125
0 0.944922 0.732031 0.110156 0.164062
0 0.920313 0.825 0.153125 0.221875
0 0.85625 0.808398 0.09375 0.156641
0 0.932422 0.782031 0.119531 0.2125
0 0.927734 0.696875 0.144531 0.220313
0 0.918359 0.862305 0.155469 0.256641
0 0.945312 0.752539 0.109375 0.166797
0 0.921484 0.871875 0.147656 0.25625
0 0.530273 0.176807 0.0980469 0.0995117
0 0.947656 0.899609 0.104688 0.188281
0 0.479492 0.186035 0.191797 0.123633
0 0.298828 0.115332 0.592188 0.218945
0 0.946484 0.698438 0.107031 0.178125
0 0.953125 0.673242 0.09375 0.173828
0 0.941406 0.773828 0.10625 0.197656
0 0.940625 0.787891 0.103125 0.228906
0 0.85625 0.820703 0.0984375 0.164844
0 0.269922 0.106567 0.183594 0.175146
0 0.939844 0.750195 0.107813 0.168359
0 0.316406 0.15127 0.632812 0.302539
0 0.246777 0.109985 0.169336 0.172217
0 0.261523 0.0509766 0.523047 0.101953
0 0.823242 0.712305 0.353516 0.342578
0 0.8875 0.821875 0.171875 0.176563
0 0.940625 0.730664 0.109375 0.202734
0 0.811328 0.756641 0.377344 0.253906
0 0.970313 0.921094 0.059375 0.157813
0 0.896875 0.819727 0.2 0.187109
0 0.504687 0.175391 0.132031 0.105469
0 0.327051 0.119092 0.575586 0.221191
0 0.276563 0.113806 0.553125 0.21145
0 0.936719 0.829688 0.114063 0.325
0 0.28418 0.107788 0.216016 0.171143
0 0.298438 0.128906 0.596875 0.257812
0 0.880078 0.78125 0.127344 0.209375
0 0.0131836 0.892969 0.0263672 0.214062
0 0.110449 0.117773 0.220898 0.235547
0 0.528711 0.189551 0.0957031 0.116992
0 0.978516 0.82793 0.0429688 0.344141
0 0.985156 0.658984 0.0296875 0.432031
0 0.277734 0.139575 0.555469 0.23335
0 0.0132568 0.864844 0.0265137 0.270313
0 0.0317383 0.135156 0.0634766 0.270313
0 0.933984 0.769141 0.113281 0.191406
0 0.013623 0.782813 0.0272461 0.301563
0 0.341406 0.132324 0.682813 0.264648
0 0.983594 0.835938 0.0328125 0.328125
0 0.231836 0.0472656 0.463672 0.0945313
0 0.341602 0.185742 0.426172 0.362891
0 0.0157471 0.143945 0.0314941 0.287891
0 0.0144531 0.734766 0.0289063 0.308594
0 0.015918 0.682031 0.0318359 0.315625
0 0.985547 0.701953 0.0289063 0.399219
0 0.894922 0.890234 0.202344 0.219531
0 0.358789 0.14541 0.348828 0.249805
0 0.258105 0.153906 0.116992 0.08125
0 0.0129639 0.828906 0.0259277 0.292188
0 0.0168457 0.624414 0.0336914 0.312109
0 0.859375 0.792969 0.1 0.175
0 0.272461 0.15752 0.1 0.0958984
0 0.0168945 0.267725 0.0337891 0.321582
0 0.021582 0.466992 0.0431641 0.312891
0 0.889844 0.917578 0.215625 0.164844
0 0.944922 0.837695 0.102344 0.324609
0 0.306445 0.107861 0.225391 0.166699
0 0.826367 0.815039 0.176953 0.123047
0 0.016626 0.317578 0.033252 0.30625
0 0.31123 0.148877 0.532227 0.258496
0 0.0179932 0.363574 0.0359863 0.304102
0 0.019043 0.519922 0.0380859 0.302344
0 0.0172607 0.569141 0.0345215 0.299219
0 0.0205566 0.4125 0.0411133 0.309375
0 0.230859 0.121472 0.461719 0.212134
0 0.982813 0.856641 0.034375 0.286719
0 0.0157227 0.172607 0.0314453 0.317285
0 0.254395 0.157227 0.10957 0.0921875
0 0.328125 0.10105 0.247656 0.164307
0 0.957422 0.431641 0.0851563 0.0976562
0 0.329883 0.105713 0.239453 0.163574
0 0.799805 0.810938 0.233203 0.140625
0 0.776367 0.776563 0.447266 0.295312
0 0.550977 0.152539 0.0488281 0.0550781
0 0.551758 0.176855 0.0761719 0.0912109
0 0.0172607 0.218457 0.0345215 0.342773
0 0.360156 0.109399 0.270313 0.151904
0 0.396289 0.125269 0.301172 0.114697
0 0.791797 0.783984 0.416406 0.278906
0 0.26709 0.163086 0.381445 0.304297
0 0.206787 0.109155 0.218457 0.168408
0 0.984375 0.593164 0.03125 0.413672
0 0.279883 0.155713 0.117969 0.0862305
0 0.983594 0.565039 0.0328125 0.346484
0 0.553516 0.152734 0.0359375 0.0515625
0 0.926953 0.741602 0.0976562 0.155859
0 0.983594 0.531543 0.0328125 0.325977
0 0.289453 0.140552 0.221094 0.132178
0 0.306152 0.165527 0.285352 0.298242
0 0.874609 0.753125 0.213281 0.175
0 0.783594 0.082666 0.432813 0.165332
0 0.900391 0.672656 0.199219 0.186719
0 0.370703 0.100122 0.311719 0.169287
0 0.884766 0.848047 0.171094 0.199219
0 0.0348633 0.951953 0.0697266 0.0960938
0 0.310156 0.192139 0.620313 0.349316
0 0.294531 0.143774 0.589063 0.244482
0 0.985156 0.840625 0.0296875 0.31875
0 0.10166 0.068457 0.20332 0.136914
0 0.369434 0.16123 0.433789 0.30332
0 0.439746 0.17793 0.370508 0.134766
0 0.946484 0.820703 0.107031 0.178906
0 0.380469 0.133691 0.36875 0.228711
0 0.215234 0.147974 0.430469 0.255615
0 0.985547 0.859375 0.0289063 0.28125
0 0.882812 0.375391 0.234375 0.326562
0 0.814844 0.116199 0.370313 0.225806
0 0.547461 0.149902 0.0574219 0.0517578
0 0.36377 0.212109 0.483398 0.321484
0 0.947656 0.846875 0.104688 0.176563
0 0.388672 0.220508 0.482031 0.282422
0 0.197266 0.11377 0.394531 0.197461
0 0.297656 0.100977 0.215625 0.165625
0 0.373633 0.142188 0.747266 0.284375
0 0.452344 0.19082 0.249219 0.125391
0 0.812109 0.552148 0.375781 0.344922
0 0.8 0.850781 0.4 0.298438
0 0.898438 0.775586 0.2 0.326953
0 0.946484 0.773438 0.107031 0.18125
0 0.289062 0.162695 0.177344 0.126953
0 0.796875 0.494727 0.40625 0.248828
0 0.558398 0.146143 0.0300781 0.0438477
0 0.178662 0.101025 0.247363 0.172559
0 0.946875 0.411719 0.090625 0.0539063
0 0.946484 0.795313 0.107031 0.184375
0 0.52832 0.179297 0.151172 0.115625
0 0.307617 0.142896 0.237891 0.141162
0 0.261816 0.175586 0.147461 0.151953
0 0.971094 0.894922 0.0578125 0.210156
0 0.764844 0.751953 0.470313 0.277344
0 0.147754 0.0533691 0.0697266 0.0430664
0 0.45498 0.180957 0.236914 0.0990234
0 0.29082 0.165479 0.205078 0.20498
0 0.783594 0.648047 0.432813 0.410156
0 0.273242 0.101025 0.222266 0.16748
0 0.383008 0.183447 0.431641 0.30498
0 0.283203 0.130859 0.566406 0.241016
0 0.342285 0.225391 0.575586 0.349219
0 0.324414 0.1698 0.588672 0.28501
0 0.33125 0.187012 0.579688 0.300977
0 0.171387 0.0794434 0.100586 0.12002
0 0.172266 0.185742 0.344531 0.302734
0 0.8 0.631445 0.4 0.737109
0 0.847852 0.565527 0.304297 0.431445
0 0.529102 0.174805 0.111328 0.100781
0 0.864062 0.535352 0.271875 0.300391
0 0.530469 0.166064 0.103125 0.0780273
0 0.156934 0.0961914 0.0751953 0.11875
0 0.832227 0.606934 0.335547 0.786133
0 0.328418 0.129907 0.626758 0.259717
0 0.502344 0.200781 0.68125 0.248047
0 0.157764 0.0741943 0.0754883 0.0998535
0 0.544727 0.168359 0.0964844 0.0820312
0 0.338672 0.139063 0.513281 0.2375
0 0.543164 0.175 0.100391 0.105469
0 0.396484 0.244775 0.442969 0.316699
0 0.804297 0.662109 0.391406 0.675781
0 0.949609 0.428516 0.0960938 0.0804688
0 0.43125 0.253369 0.388281 0.269824
0 0.175488 0.125488 0.10332 0.180273
0 0.550195 0.168311 0.135547 0.10791
0 0.150488 0.0901611 0.0595703 0.0907715
0 0.295996 0.152832 0.13457 0.119336
0 0.403711 0.202441 0.536328 0.306445
0 0.833594 0.699023 0.332813 0.601953
0 0.467969 0.271826 0.253125 0.27666
0 0.951172 0.419531 0.0929688 0.0765625
0 0.844531 0.432227 0.310937 0.436328
0 0.811914 0.682129 0.376172 0.635742
0 0.193262 0.0957031 0.155273 0.162109
0 0.156445 0.0766113 0.0820312 0.0774414
0 0.699609 0.894531 0.600781 0.210938
0 0.155029 0.09104 0.071582 0.101318
0 0.52793 0.212744 0.733203 0.212012
0 0.339063 0.143164 0.174219 0.119531
0 0.949609 0.531641 0.0742188 0.305469
0 0.497949 0.250928 0.458008 0.254395
0 0.149609 0.0839356 0.0582031 0.071582
0 0.186621 0.137549 0.150977 0.201465
0 0.843945 0.732031 0.312109 0.535937
0 0.185059 0.224316 0.357227 0.361523
0 0.299805 0.143506 0.121875 0.100098
0 0.277051 0.153906 0.162695 0.130859
0 0.926172 0.416895 0.141406 0.0873047
0 0.786328 0.763672 0.427344 0.472656
0 0.190625 0.163086 0.38125 0.276172
0 0.525977 0.251855 0.0980469 0.246289
0 0.844922 0.653125 0.310156 0.69375
0 0.855078 0.628027 0.289844 0.743945
0 0.582031 0.250732 0.679688 0.25166
0 0.884375 0.533203 0.226562 0.414062
0 0.322363 0.145215 0.138867 0.108789
0 0.28125 0.143604 0.157031 0.11123
0 0.322656 0.182715 0.645312 0.36543
0 0.319922 0.123779 0.578906 0.235254
0 0.31543 0.174756 0.466797 0.267676
0 0.698438 0.85625 0.603125 0.2875
0 0.75625 0.652441 0.4875 0.695117
0 0.749023 0.630664 0.501953 0.710547
0 0.330566 0.272168 0.632617 0.479883
0 0.142871 0.0914795 0.0603516 0.0684082
0 0.150684 0.101416 0.0623047 0.101465
0 0.449805 0.17915 0.806641 0.296777
0 0.922266 0.90625 0.155469 0.1875
0 0.1479 0.0995361 0.0963867 0.132178
0 0.15498 0.103271 0.0830078 0.10752
0 0.150391 0.113525 0.0621094 0.0827148
0 0.220508 0.14165 0.372266 0.234668
0 0.161377 0.0662598 0.0381836 0.0444336
0 0.318457 0.153955 0.147461 0.141309
0 0.348828 0.191016 0.697656 0.382031
0 0.49375 0.178491 0.829688 0.311377
0 0.783398 0.700781 0.433203 0.598437
0 0.958984 0.426074 0.0820312 0.108789
0 0.933594 0.428516 0.121875 0.0875
0 0.43418 0.259668 0.409766 0.27832
0 0.78125 0.643164 0.4375 0.713672
0 0.794336 0.551856 0.411328 0.355664
0 0.926562 0.144946 0.146875 0.263232
0 0.529883 0.218164 0.107422 0.175
0 0.756641 0.67959 0.486719 0.64082
0 0.502734 0.177246 0.16875 0.116602
0 0.391699 0.275488 0.408008 0.329492
0 0.142676 0.101367 0.0482422 0.0453125
0 0.245947 0.146826 0.21748 0.118848
0 0.902344 0.425391 0.195312 0.0898438
0 0.966406 0.91875 0.0671875 0.1625
0 0.783203 0.353125 0.433594 0.70625
0 0.440723 0.181348 0.693555 0.308398
0 0.751758 0.584375 0.496484 0.44375
0 0.792188 0.631836 0.415625 0.736328
0 0.852148 0.375195 0.295703 0.741797
0 0.177344 0.0743164 0.130469 0.0808594
0 0.141455 0.116602 0.047168 0.0701172
0 0.788867 0.371289 0.422266 0.742578
0 0.358594 0.139844 0.161719 0.124219
0 0.816406 0.3625 0.367188 0.725
0 0.398438 0.155566 0.690625 0.311133
0 0.752539 0.755664 0.494922 0.488672
0 0.757812 0.620313 0.484375 0.671875
0 0.857813 0.673535 0.284375 0.65293
0 0.841797 0.38418 0.316406 0.768359
0 0.251025 0.136035 0.251855 0.206055
0 0.930859 0.406738 0.116406 0.469336
0 0.91875 0.917969 0.160938 0.164062
0 0.96875 0.138379 0.0625 0.25918
0 0.785547 0.677246 0.428906 0.645508
0 0.155566 0.184521 0.311133 0.300098
0 0.789062 0.380762 0.421875 0.661914
0 0.807031 0.34082 0.385938 0.681641
0 0.235693 0.1 0.257129 0.2
0 0.167236 0.0883057 0.108105 0.101709
0 0.146826 0.0768066 0.0977539 0.116504
0 0.697266 0.748047 0.605469 0.503906
0 0.542969 0.177783 0.0796875 0.101465
0 0.137354 0.0858398 0.0756836 0.0689453
0 0.571094 0.232275 0.176563 0.212012
0 0.955078 0.16875 0.0898438 0.3375
0 0.25332 0.151782 0.2 0.156592
0 0.707422 0.720703 0.585156 0.535156
0 0.401172 0.265283 0.444531 0.301465
0 0.869141 0.114746 0.261719 0.229492
0 0.492871 0.255029 0.414258 0.262598
0 0.210547 0.13136 0.421094 0.255249
0 0.827734 0.759766 0.344531 0.480469
0 0.247803 0.11626 0.280176 0.143262
0 0.168262 0.0752563 0.104102 0.10144
0 0.394531 0.178003 0.6625 0.326025
0 0.539648 0.156592 0.184766 0.0907227
0 0.781445 0.702344 0.0480469 0.0476562
0 0.339844 0.154028 0.171094 0.159131
0 0.965234 0.400195 0.0695313 0.141797
0 0.975781 0.523242 0.0484375 0.307422
0 0.507227 0.170313 0.159766 0.101953
0 0.567773 0.210254 0.769141 0.206836
0 0.982031 0.166602 0.0359375 0.333203
0 0.810938 0.148608 0.378125 0.275049
0 0.985938 0.546484 0.028125 0.375
0 0.907813 0.691992 0.178125 0.616016
0 0.541992 0.168066 0.0808594 0.0966797
0 0.326172 0.375488 0.652344 0.713867
0 0.74668 0.542578 0.506641 0.332031
0 0.698047 0.873828 0.603906 0.252344
0 0.330273 0.122705 0.212891 0.113965
0 0.15376 0.0593018 0.0616211 0.0407715
0 0.832031 0.204297 0.335938 0.408594
0 0.715625 0.678418 0.565625 0.616602
0 0.388281 0.138501 0.224219 0.129639
0 0.866406 0.349609 0.267188 0.699219
0 0.989453 0.300781 0.0210938 0.601562
0 0.957812 0.716797 0.071875 0.566406
0 0.164453 0.866211 0.328906 0.267578
0 0.190381 0.0770142 0.15127 0.109839
0 0.189844 0.207031 0.379688 0.414062
0 0.933984 0.89375 0.130469 0.2125
0 0.650684 0.849219 0.698633 0.278125
0 0.967578 0.898828 0.0648438 0.178906
0 0.751563 0.835156 0.496875 0.329688
0 0.105957 0.179541 0.211914 0.290918
0 0.435645 0.157813 0.730273 0.315625
0 0.986719 0.225781 0.0265625 0.451562
0 0.023584 0.135352 0.047168 0.270703
0 0.668945 0.894531 0.662109 0.210938
0 0.966406 0.0633301 0.0671875 0.12666
0 0.176367 0.603613 0.352734 0.792773
0 0.0958984 0.131445 0.191797 0.262891
0 0.930078 0.354883 0.125781 0.669141
0 0.990625 0.67168 0.01875 0.656641
0 0.112134 0.0922119 0.133545 0.0575684
0 0.297656 0.174316 0.595313 0.348633
0 0.533008 0.156445 0.131641 0.0851563
0 0.203711 0.162695 0.407422 0.325391
0 0.642188 0.770312 0.715625 0.459375
0 0.119604 0.100781 0.107666 0.0501953
0 0.724219 0.652148 0.551562 0.695703
0 0.785352 0.220117 0.429297 0.440234
0 0.784766 0.660547 0.430469 0.678906
0 0.530078 0.178223 0.0890625 0.0982422
0 0.158496 0.056665 0.104102 0.0405762
0 0.909375 0.430176 0.167187 0.110742
0 0.79375 0.710938 0.0984375 0.071875
0 0.883594 0.829297 0.209375 0.174219
0 0.176367 0.758984 0.352734 0.482031
0 0.266895 0.125098 0.202539 0.111914
0 0.925 0.404102 0.15 0.165234
0 0.801367 0.714258 0.137891 0.0792969
0 0.314063 0.241699 0.628125 0.400195
0 0.879883 0.433984 0.238672 0.132031
0 0.177344 0.785352 0.354688 0.429297
0 0.310547 0.120483 0.203906 0.120752
0 0.275977 0.182178 0.177344 0.189941
0 0.475781 0.182227 0.232813 0.140234
0 0.11582 0.161816 0.231641 0.323633
0 0.839844 0.204102 0.320312 0.408203
0 0.735938 0.330078 0.528125 0.660156
0 0.814844 0.761914 0.370313 0.474609
0 0.196094 0.13457 0.190625 0.201172
0 0.811523 0.7625 0.376953 0.475
0 0.237842 0.123486 0.257129 0.203027
0 0.799023 0.758203 0.401953 0.469531
0 0.982813 0.573438 0.034375 0.128906
0 0.805078 0.752344 0.389844 0.467187
0 0.167969 0.074707 0.103125 0.119922
0 0.982422 0.555078 0.0351562 0.115625
0 0.929688 0.748047 0.140625 0.467969
0 0.153613 0.0730713 0.0736328 0.107764
0 0.658984 0.882422 0.0367188 0.0445313
0 0.152197 0.0949707 0.0698242 0.116895
0 0.820508 0.734766 0.358984 0.435156
0 0.811328 0.792188 0.377344 0.364063
0 0.29043 0.117065 0.399609 0.2104
0 0.955859 0.430273 0.0882813 0.0910156
0 0.69043 0.89375 0.0949219 0.0640625
0 0.656641 0.8875 0.025 0.0375
0 0.200391 0.141162 0.194531 0.227441
0 0.24707 0.137158 0.287891 0.199902
0 0.654492 0.882422 0.0675781 0.0460938
0 0.196387 0.0871826 0.158008 0.148096
0 0.989453 0.578125 0.0210938 0.228125
0 0.6625 0.887891 0.034375 0.0398437
0 0.975391 0.915625 0.0492188 0.16875
0 0.953125 0.593359 0.09375 0.153906
0 0.988672 0.620508 0.0226563 0.223047
0 0.983984 0.616211 0.0320312 0.216797
0 0.763477 0.707617 0.0402344 0.0511719
0 0.802734 0.731641 0.394531 0.413281
0 0.771875 0.696875 0.034375 0.0460938
0 0.952734 0.432227 0.0945313 0.0863281
0 0.529492 0.197168 0.0847656 0.130664
0 0.95625 0.899219 0.0875 0.198437
0 0.661914 0.875391 0.0457031 0.0554687
0 0.236719 0.116943 0.271875 0.203613
0 0.144873 0.0973145 0.0665039 0.132324
0 0.67793 0.896484 0.0628906 0.0445313
0 0.212207 0.136719 0.191992 0.203125
0 0.883984 0.593945 0.232031 0.508984
0 0.156543 0.0523438 0.0408203 0.0443359
0 0.147949 0.0712158 0.0697266 0.118506
0 0.805078 0.876563 0.389844 0.228125
0 0.70293 0.892188 0.124609 0.075
0 0.1729 0.114355 0.11123 0.15957
0 0.833594 0.630469 0.332813 0.334375
0 0.978516 0.745313 0.0429688 0.445312
0 0.531836 0.177441 0.0816406 0.0986328
0 0.148389 0.072168 0.0510742 0.0607422
0 0.165771 0.0575439 0.102051 0.0931152
0 0.976562 0.887891 0.046875 0.194531
0 0.538086 0.177246 0.0917969 0.108008
0 0.680664 0.899609 0.0730469 0.0414063
0 0.672852 0.888281 0.0761719 0.0484375
0 0.926953 0.581836 0.146094 0.155859
0 0.650391 0.887891 0.0335938 0.0382813
0 0.188525 0.0679199 0.143262 0.115723
0 0.652344 0.881641 0.0382813 0.0460938
0 0.884375 0.714844 0.23125 0.428125
0 0.935938 0.758008 0.128125 0.483984
0 0.942578 0.594531 0.114844 0.701563
0 0.919922 0.487598 0.160156 0.687305
0 0.65957 0.873047 0.0707031 0.0601563
0 0.70625 0.765625 0.5875 0.446875
0 0.833594 0.763281 0.332813 0.473438
0 0.257129 0.133789 0.332617 0.213672
0 0.136719 0.0903076 0.0375 0.0557129
0 0.734961 0.766211 0.530078 0.467578
0 0.668555 0.883203 0.108984 0.0679687
0 0.803125 0.652734 0.39375 0.266406
0 0.945703 0.434766 0.108594 0.116406
0 0.908594 0.855664 0.182812 0.165234
0 0.153027 0.0625977 0.0458984 0.0589844
0 0.825391 0.714063 0.349219 0.390625
0 0.947656 0.421875 0.104688 0.084375
0 0.146338 0.0825195 0.049707 0.0759766
0 0.161279 0.0435059 0.0454102 0.0478516
0 0.95 0.568359 0.1 0.109375
0 0.181641 0.16333 0.200781 0.267871
0 0.956641 0.878125 0.0867188 0.184375
0 0.00581055 0.0823242 0.0116211 0.164648
0 0.768945 0.702734 0.0371094 0.0484375
0 0.971875 0.495703 0.05625 0.375
0 0.701563 0.886719 0.142188 0.0625
0 0.381934 0.144141 0.575195 0.226172
0 0.977344 0.863867 0.0453125 0.186328
0 0.940234 0.889063 0.119531 0.176563
0 0.144727 0.0890625 0.0498047 0.100195
0 0.696094 0.892578 0.125 0.0476562
0 0.236182 0.0930908 0.235059 0.149365
0 0.765234 0.700977 0.0523438 0.0566406
0 0.978516 0.900781 0.0429688 0.185938
0 0.168799 0.0411987 0.0866211 0.0564697
0 0.674023 0.892969 0.0605469 0.0640625
0 0.735547 0.665625 0.528906 0.548438
0 0.988672 0.548047 0.0226563 0.315625
0 0.688086 0.897266 0.0910156 0.0632813
0 0.924219 0.563477 0.151562 0.133984
0 0.890234 0.853516 0.192969 0.161719
0 0.77832 0.910937 0.443359 0.178125
0 0.955469 0.419531 0.0890625 0.100781
0 0.744727 0.885156 0.510547 0.14375
0 0.969531 0.13772 0.0609375 0.239404
0 0.658789 0.894531 0.0300781 0.0484375
0 0.984375 0.672656 0.03125 0.265625
0 0.982813 0.52793 0.034375 0.190234
0 0.00523682 0.0704102 0.0104736 0.14082
0 0.156396 0.155225 0.0766602 0.237988
0 0.956641 0.904297 0.0867188 0.191406
0 0.820117 0.626563 0.359766 0.435937
0 0.908984 0.407813 0.182031 0.815625
0 0.290625 0.163086 0.140625 0.0957031
0 0.985156 0.643945 0.0296875 0.269922
0 0.00615234 0.913281 0.0123047 0.173438
0 0.733594 0.754883 0.532813 0.490234
0 0.146387 0.133643 0.10293 0.199902
0 0.703906 0.895703 0.121875 0.0507812
0 0.00626221 0.0960938 0.0125244 0.192188
0 0.937109 0.86875 0.125781 0.175
0 0.7125 0.659668 0.575 0.680664
0 0.138525 0.0822754 0.0389648 0.053418
0 0.153027 0.0774902 0.0544922 0.0950195
0 0.227344 0.136975 0.454688 0.268237
0 0.706641 0.887891 0.120313 0.0585938
0 0.984766 0.632617 0.0304688 0.263672
0 0.822266 0.196875 0.355469 0.39375
0 0.218359 0.656348 0.436719 0.687305
0 0.69375 0.727344 0.6125 0.545313
0 0.938672 0.430664 0.122656 0.0902344
0 0.00588379 0.926953 0.0117676 0.146094
0 0.859375 0.852344 0.153125 0.153125
0 0.239844 0.184082 0.479688 0.368164
0 0.955859 0.427344 0.0882813 0.657813
0 0.219531 0.606348 0.439063 0.787305
0 0.00615234 0.898828 0.0123047 0.202344
0 0.668164 0.896875 0.0355469 0.0421875
0 0.978125 0.716797 0.04375 0.400781
0 0.887891 0.441992 0.224219 0.844141
0 0.307031 0.163574 0.1375 0.0947266
0 0.219727 0.631934 0.439453 0.736133
0 0.216797 0.67959 0.433594 0.64082
0 0.777734 0.233594 0.444531 0.467187
0 0.156787 0.0585083 0.0770508 0.0855225
0 0.218555 0.580469 0.437109 0.839063
0 0.224805 0.122046 0.449609 0.207471
0 0.825977 0.544531 0.348047 0.458594
0 0.150342 0.0589111 0.0512695 0.0530762
0 0.00628662 0.108594 0.0125732 0.217188
0 0.134229 0.100781 0.0356445 0.05625
0 0.948828 0.912109 0.102344 0.175781
0 0.00625 0.130908 0.0125 0.224512
0 0.00626221 0.181543 0.0125244 0.225977
0 0.517773 0.197949 0.108984 0.138867
0 0.905078 0.840625 0.189844 0.159375
0 0.300195 0.115417 0.421484 0.19104
0 0.976953 0.548047 0.0460938 0.399219
0 0.00626221 0.156299 0.0125244 0.225293
0 0.849609 0.110852 0.300781 0.207983
0 0.00637207 0.282129 0.0127441 0.225586
0 0.308984 0.175293 0.617969 0.350586
0 0.771875 0.686719 0.0453125 0.0445313
0 0.980859 0.162988 0.0382813 0.270508
0 0.00628662 0.206494 0.0125732 0.226855
0 0.00634766 0.307227 0.0126953 0.226172
0 0.156885 0.0777344 0.0842773 0.130078
0 0.170605 0.0781006 0.0904297 0.135205
0 0.859766 0.316797 0.280469 0.633594
0 0.696875 0.886719 0.0921875 0.0828125
0 0.68125 0.884766 0.0695313 0.0820312
0 0.681641 0.883203 0.071875 0.0789063
0 0.680859 0.892188 0.0679687 0.0703125
0 0.687891 0.891797 0.0859375 0.0664062
0 0.168945 0.0637207 0.0972656 0.110059
0 0.673438 0.887109 0.0671875 0.0648438
0 0.768555 0.705273 0.0535156 0.0675781
0 0.670117 0.891406 0.0582031 0.0609375
0 0.951563 0.387891 0.084375 0.0804688
0 0.951172 0.405371 0.0882813 0.0923828
0 0.685742 0.876953 0.0871094 0.0945313
0 0.187598 0.0603516 0.147852 0.108789
0 0.155859 0.0956299 0.0792969 0.144873
0 0.138574 0.0765869 0.0767578 0.133545
0 0.601172 0.0769775 0.100781 0.143701
0 0.684961 0.897656 0.0675781 0.0578125
0 0.678711 0.897266 0.0574219 0.0585938
0 0.689648 0.884766 0.0972656 0.0804688
0 0.776172 0.705664 0.0585938 0.0808594
0 0.955469 0.0536621 0.0890625 0.101465
0 0.702734 0.894922 0.103125 0.0710938
0 0.777539 0.725391 0.0683594 0.107031
0 0.762891 0.688672 0.0835937 0.0773438
0 0.692383 0.880469 0.112891 0.0890625
0 0.783203 0.794141 0.330469 0.278906
0 0.767773 0.715234 0.0488281 0.0765625
0 0.698242 0.896875 0.0863281 0.059375
0 0.779102 0.707227 0.0652344 0.0785156
0 0.860352 0.202734 0.279297 0.405469
0 0.772656 0.700586 0.0609375 0.0660156
0 0.590234 0.131445 0.120313 0.113281
0 0.766797 0.708984 0.0601563 0.0804688
0 0.184082 0.11582 0.174023 0.212109
0 0.778125 0.696875 0.059375 0.084375
0 0.830859 0.536133 0.0351562 0.0472656
0 0.585547 0.138965 0.110156 0.119727
0 0.159277 0.0616455 0.0919922 0.107568
0 0.764258 0.705273 0.0402344 0.0535156
0 0.196484 0.354883 0.392969 0.709766
0 0.166016 0.329492 0.332031 0.658984
0 0.81543 0.799805 0.369141 0.316016
0 0.6625 0.866016 0.114063 0.116406
0 0.673438 0.875391 0.0671875 0.0851563
0 0.58457 0.145898 0.111328 0.132031
0 0.970703 0.39248 0.0476562 0.0697266
0 0.78125 0.0968506 0.10625 0.165674
0 0.829297 0.539453 0.0257812 0.04375
0 0.69668 0.892578 0.0972656 0.0726563
0 0.594141 0.0958496 0.110156 0.160645
0 0.759375 0.133008 0.065625 0.09375
0 0.782617 0.692187 0.0597656 0.0679687
0 0.191797 0.0761719 0.152344 0.138672
0 0.575977 0.132788 0.107422 0.130908
0 0.802539 0.73125 0.112109 0.123438
0 0.717188 0.898828 0.115625 0.0617188
0 0.840234 0.360938 0.319531 0.721875
0 0.673828 0.882422 0.0773438 0.0851563
0 0.563867 0.150049 0.0863281 0.113184
0 0.623242 0.0753174 0.0714844 0.131396
0 0.588281 0.0974121 0.109375 0.159473
0 0.836328 0.535156 0.0601563 0.0703125
0 0.775977 0.715039 0.0574219 0.0949219
0 0.969531 0.402832 0.05 0.0865234
0 0.959766 0.394238 0.0726563 0.0833984
0 0.826953 0.693359 0.166406 0.0960938
0 0.555664 0.141846 0.0347656 0.0567383
0 0.761328 0.7125 0.0351562 0.0445313
0 0.909766 0.360547 0.178906 0.144531
0 0.954688 0.386523 0.090625 0.0933594
0 0.177441 0.389258 0.354883 0.777734
0 0.932813 0.386328 0.117188 0.0882813
0 0.768555 0.72832 0.0660156 0.0996094
0 0.938281 0.0567871 0.123438 0.104004
0 0.785547 0.702734 0.0757812 0.0890625
0 0.68125 0.873047 0.0703125 0.0929688
0 0.758398 0.150049 0.0628906 0.102246
0 0.666992 0.885938 0.0472656 0.0515625
0 0.818359 0.736328 0.150781 0.146094
0 0.826953 0.533203 0.0414063 0.0554687
0 0.950781 0.366992 0.0921875 0.118359
0 0.8375 0.797461 0.325 0.405078
0 0.687305 0.821875 0.211328 0.215625
0 0.719922 0.892969 0.125781 0.0828125
0 0.811719 0.761719 0.376563 0.3625
0 0.332617 0.200781 0.512891 0.401563
0 0.769922 0.148535 0.0820312 0.107227
0 0.744336 0.126465 0.0308594 0.0517578
0 0.982813 0.0278809 0.034375 0.0557617
0 0.801758 0.784961 0.373047 0.308203
0 0.72207 0.880078 0.168359 0.0992187
0 0.785156 0.0810547 0.114063 0.148828
0 0.795898 0.692383 0.0988281 0.0730469
0 0.953906 0.402734 0.0921875 0.103906
0 0.939063 0.405664 0.101562 0.0980469
0 0.762305 0.0944336 0.0722656 0.137109
0 0.141455 0.0862793 0.0530273 0.110254
0 0.950391 0.392188 0.0898438 0.0859375
0 0.726758 0.903516 0.116797 0.0570313
0 0.709961 0.886328 0.136328 0.0835937
0 0.140527 0.0966064 0.0529297 0.110498
0 0.746484 0.120361 0.0359375 0.0553711
0 0.75957 0.120996 0.0667969 0.0769531
0 0.952734 0.421094 0.0914062 0.115625
0 0.820508 0.71543 0.154297 0.107422
0 0.824609 0.538281 0.0320312 0.04375
0 0.834375 0.540039 0.04375 0.0613281
0 0.206104 0.178906 0.27998 0.357812
0 0.858594 0.305859 0.282813 0.611719
0 0.161963 0.1125 0.19873 0.221094
0 0.971484 0.381738 0.0492188 0.0716797
0 0.770508 0.116797 0.0511719 0.065625
0 0.773828 0.140918 0.0898438 0.116992
0 0.923438 0.367188 0.142188 0.11875
0 0.858398 0.531641 0.283203 0.624219
0 0.989844 0.0257324 0.0203125 0.0514648
0 0.796484 0.678906 0.108594 0.0960938
0 0.790625 0.695898 0.0890625 0.0949219
0 0.723633 0.816406 0.266797 0.23125
0 0.15542 0.109082 0.0790039 0.183398
0 0.779297 0.686328 0.0554687 0.0898438
0 0.65957 0.887891 0.0300781 0.0398437
0 0.701953 0.884766 0.101562 0.0835937
0 0.834375 0.341602 0.0328125 0.05
0 0.829297 0.318066 0.0617188 0.118555
0 0.543555 0.156104 0.0980469 0.101855
0 0.754492 0.128027 0.0582031 0.0888672
0 0.578516 0.0967285 0.117969 0.17373
0 0.138672 0.105615 0.0490234 0.108887
0 0.555078 0.132324 0.0328125 0.0464844
0 0.766406 0.723437 0.046875 0.0914062
0 0.620703 0.106177 0.071875 0.117334
0 0.171875 0.0916504 0.09375 0.15459
0 0.980078 0.0401367 0.0398437 0.0802734
0 0.801172 0.080542 0.142969 0.151807
0 0.829688 0.299805 0.059375 0.114453
0 0.735156 0.710547 0.126563 0.0851563
0 0.951563 0.0522949 0.096875 0.103223
0 0.620117 0.104736 0.0449219 0.0682617
0 0.560352 0.143896 0.0480469 0.0700195
0 0.830078 0.676758 0.174219 0.108984
0 0.77207 0.108105 0.0558594 0.0644531
0 0.919141 0.0619141 0.160156 0.116797
0 0.341016 0.289453 0.682031 0.578906
0 0.151465 0.0896484 0.0591797 0.108594
0 0.959375 0.403809 0.071875 0.0923828
0 0.553711 0.177002 0.0769531 0.119043
0 0.797656 0.705469 0.101562 0.0867188
0 0.834375 0.533594 0.059375 0.0765625
0 0.588672 0.08125 0.109375 0.15
0 0.548242 0.143652 0.0425781 0.0617188
0 0.590625 0.0642822 0.121875 0.122998
0 0.148633 0.372266 0.297266 0.744531
0 0.959766 0.38457 0.0742188 0.0777344
0 0.8125 0.722656 0.375 0.554688
0 0.760547 0.110645 0.0679687 0.0720703
0 0.761328 0.714844 0.0367188 0.0632813
0 0.55625 0.150684 0.0460938 0.0818359
0 0.236914 0.0675293 0.244141 0.123535
0 0.695117 0.798047 0.219141 0.258594
0 0.833203 0.526563 0.0429688 0.0625
0 0.124512 0.0799805 0.129883 0.149805
0 0.151562 0.0787842 0.0589844 0.103174
0 0.753516 0.138477 0.0539063 0.104688
0 0.838281 0.341504 0.0359375 0.0591797
0 0.673438 0.895312 0.0429688 0.05
0 0.907813 0.564648 0.184375 0.130078
0 0.157422 0.174121 0.260938 0.339258
0 0.619727 0.0943848 0.0386719 0.0524414
0 0.767578 0.124805 0.0570313 0.0867188
0 0.945703 0.400977 0.0960938 0.0878906
0 0.212451 0.111133 0.177051 0.204297
0 0.699609 0.901172 0.0765625 0.0632813
0 0.872266 0.289844 0.255469 0.579688
0 0.910547 0.382617 0.178906 0.119922
0 0.132129 0.0907959 0.0367188 0.0984863
0 0.957031 0.168164 0.0609375 0.124219
0 0.932813 0.391016 0.0671875 0.084375
0 0.712109 0.905469 0.096875 0.0625
0 0.241309 0.366992 0.463477 0.733984
0 0.800391 0.521387 0.399219 0.575977
0 0.537695 0.179541 0.0964844 0.119824
0 0.729492 0.691211 0.155078 0.0910156
0 0.77207 0.689453 0.0511719 0.0773438
0 0.848437 0.53125 0.075 0.0953125
0 0.693359 0.875 0.0976562 0.0984375
0 0.802148 0.0981445 0.150391 0.175977
0 0.151074 0.0995361 0.0599609 0.108936
0 0.798438 0.533984 0.13125 0.0765625
0 0.558789 0.134961 0.0675781 0.0720703
0 0.730664 0.891406 0.132422 0.0765625
0 0.976562 0.399414 0.04375 0.0800781
0 0.742383 0.132666 0.0261719 0.0557617
0 0.863281 0.545313 0.273438 0.55625
0 0.151953 0.0667358 0.0601563 0.0946533
0 0.835938 0.515625 0.075 0.084375
0 0.977344 0.388867 0.034375 0.0613281
0 0.698828 0.126074 0.602344 0.213867
0 0.955469 0.175049 0.034375 0.075293
0 0.755273 0.660742 0.105078 0.131641
0 0.926953 0.400391 0.0695313 0.0726563
0 0.958594 0.132666 0.0703125 0.165918
0 0.829688 0.54707 0.028125 0.0566406
0 0.735938 0.124756 0.028125 0.0444336
0 0.143018 0.0763184 0.0516602 0.10166
0 0.866992 0.191992 0.266016 0.383984
0 0.755469 0.798242 0.315625 0.262891
0 0.867578 0.540039 0.110156 0.0832031
0 0.870703 0.555273 0.119531 0.108203
0 0.80332 0.723828 0.393359 0.489844
0 0.950391 0.385938 0.0867188 0.075
0 0.131104 0.10354 0.0331055 0.0897949
0 0.562891 0.150977 0.046875 0.0839844
0 0.929688 0.378223 0.025 0.0498047
0 0.852734 0.535156 0.0757812 0.0734375
0 0.954297 0.167773 0.0320312 0.0605469
0 0.731641 0.903516 0.0976562 0.0554687
0 0.828906 0.34248 0.065625 0.126758
0 0.581055 0.14082 0.0886719 0.0972656
0 0.130176 0.0652588 0.133789 0.122217
0 0.940234 0.387695 0.119531 0.108984
0 0.968359 0.413867 0.0539063 0.0980469
0 0.987109 0.0371338 0.0257812 0.0742676
0 0.588477 0.137915 0.123047 0.135498
0 0.784766 0.712891 0.0695313 0.0984375
0 0.720898 0.881641 0.119141 0.0976562
0 0.692187 0.901563 0.05625 0.0640625
0 0.854688 0.520312 0.0828125 0.090625
0 0.185742 0.112842 0.246484 0.222363
0 0.624023 0.0927734 0.0402344 0.0601563
0 0.132373 0.0804443 0.0383789 0.0996582
0 0.604688 0.0612305 0.125 0.116992
0 0.9125 0.406348 0.173438 0.130273
0 0.923047 0.0371582 0.153906 0.0743164
0 0.776953 0.379688 0.436719 0.755469
0 0.625195 0.103394 0.0457031 0.0754395
0 0.981641 0.0463867 0.0367188 0.0876953
0 0.548633 0.133203 0.0472656 0.0544922
0 0.17334 0.339551 0.34668 0.659961
0 0.546484 0.152686 0.0476562 0.0836914
0 0.571875 0.0858398 0.124219 0.161328
0 0.199609 0.385547 0.399219 0.770312
0 0.920703 0.406055 0.0460938 0.0566406
0 0.822266 0.520703 0.0554687 0.0765625
0 0.799805 0.689063 0.400391 0.514063
0 0.780273 0.114844 0.0410156 0.053125
0 0.661328 0.892578 0.034375 0.0523438
0 0.833203 0.333398 0.0351562 0.0464844
0 0.763477 0.0830566 0.0792969 0.149121
0 0.750391 0.126611 0.0835937 0.126465
0 0.966406 0.0767334 0.0671875 0.13501
0 0.577148 0.164844 0.111328 0.130469
0 0.835156 0.348047 0.0375 0.0679687
0 0.168994 0.0600342 0.0956055 0.0971191
0 0.648242 0.883594 0.141016 0.0828125
0 0.791016 0.127661 0.132031 0.150537
0 0.137891 0.315625 0.275781 0.63125
0 0.958594 0.411719 0.0734375 0.0992187
0 0.766016 0.701953 0.0539063 0.0632813
0 0.78125 0.673242 0.071875 0.103516
0 0.552344 0.1146 0.190625 0.208691
0 0.595313 0.130273 0.125 0.107422
0 0.612305 0.0830078 0.0488281 0.0599609
0 0.840234 0.521875 0.0570313 0.0757812
0 0.664453 0.876563 0.0523438 0.0703125
0 0.55625 0.12771 0.139844 0.147705
0 0.613086 0.0940918 0.0410156 0.0520508
0 0.362012 0.371094 0.61582 0.742188
0 0.805859 0.53125 0.0914062 0.0726563
0 0.937109 0.172656 0.0929688 0.135547
0 0.711523 0.903516 0.133203 0.0914062
0 0.109863 0.184766 0.198242 0.348438
0 0.839063 0.331152 0.0375 0.0599609
0 0.95625 0.359277 0.0875 0.133008
0 0.796094 0.0657715 0.153125 0.125879
0 0.802344 0.564551 0.395313 0.595898
0 0.853516 0.794727 0.292969 0.410547
0 0.814844 0.691211 0.139063 0.0925781
0 0.789648 0.685742 0.0832031 0.0980469
0 0.160352 0.396094 0.320703 0.792188
0 0.838672 0.349707 0.0398437 0.0763672
0 0.64375 0.576758 0.0257812 0.0449219
0 0.720703 0.911328 0.0914062 0.0585938
0 0.957812 0.369629 0.0703125 0.0849609
0 0.857813 0.494531 0.284375 0.670313
0 0.904688 0.0668457 0.190625 0.129004
0 0.75293 0.0922852 0.105078 0.155273
0 0.870703 0.515625 0.119531 0.126563
0 0.637109 0.862109 0.175781 0.128906
0 0.958203 0.120703 0.0835937 0.241406
0 0.853125 0.551953 0.08125 0.096875
0 0.959766 0.109229 0.0804688 0.21748
0 0.845508 0.732031 0.308984 0.535937
0 0.6125 0.103711 0.0390625 0.0607422
0 0.745898 0.111426 0.0378906 0.0544922
0 0.754883 0.148975 0.0542969 0.0954102
0 0.951953 0.568555 0.0960938 0.133984
0 0.180664 0.181592 0.124219 0.353223
0 0.867969 0.311328 0.264062 0.622656
0 0.265576 0.184766 0.26416 0.369531
0 0.858203 0.670801 0.283594 0.658398
0 0.542188 0.0588379 0.14375 0.114746
0 0.803906 0.672656 0.389062 0.615625
0 0.549805 0.0464722 0.148828 0.0898682
0 0.274072 0.309766 0.28623 0.619531
0 0.857031 0.372461 0.285938 0.744922
0 0.181494 0.193408 0.118652 0.374121
0 0.206055 0.30498 0.179297 0.602539
0 0.557813 0.12207 0.167187 0.232422
0 0.865625 0.641895 0.26875 0.641211
0 0.560156 0.0580811 0.154688 0.111182
0 0.547461 0.085498 0.146484 0.168457
0 0.567383 0.115991 0.163672 0.214502
0 0.958203 0.0539551 0.0835937 0.10791
0 0.579102 0.0558838 0.131641 0.106006
0 0.713867 0.654688 0.572266 0.620313
0 0.85332 0.670996 0.293359 0.642383
0 0.868555 0.199219 0.262891 0.398438
0 0.983984 0.0279297 0.0320312 0.0558594
0 0.8625 0.356836 0.275 0.713672
0 0.524609 0.0651367 0.103906 0.123242
0 0.52207 0.0467407 0.104297 0.0928467
0 0.546484 0.203369 0.084375 0.144434
0 0.536328 0.207031 0.0789063 0.139844
0 0.561523 0.0458618 0.162109 0.0914795
0 0.989453 0.0273193 0.0210938 0.0546387
0 0.771484 0.117725 0.0320312 0.0432617
0 0.775195 0.103857 0.0871094 0.123535
0 0.662891 0.882812 0.0476562 0.05625
0 0.5 0.0454834 0.0515625 0.0824707
0 0.981641 0.0220703 0.0367188 0.0441406
0 0.525781 0.0844482 0.100781 0.159619
0 0.562109 0.0819336 0.157031 0.14668
0 0.492188 0.0400513 0.0476562 0.064624
0 0.817383 0.401953 0.365234 0.803906
0 0.662305 0.889453 0.0417969 0.0554687
0 0.746289 0.35957 0.507422 0.719141
0 0.674805 0.890625 0.0753906 0.05625
0 0.770898 0.157617 0.0847656 0.116016
0 0.721875 0.626465 0.55625 0.745508
0 0.784961 0.673145 0.420703 0.653711
0 0.863086 0.562305 0.273828 0.402734
0 0.499805 0.0398437 0.0566406 0.0703125
0 0.946094 0.324609 0.107813 0.649219
0 0.919922 0.0620117 0.153906 0.120898
0 0.584961 0.55 0.185547 0.317188
0 0.728516 0.587109 0.542969 0.807031
0 0.967578 0.331152 0.0289063 0.0451172
0 0.758008 0.156738 0.0714844 0.111133
0 0.746094 0.717188 0.507812 0.540625
0 0.816797 0.696094 0.366406 0.589063
0 0.483203 0.0379639 0.0289063 0.0461426
0 0.772852 0.142578 0.0839844 0.0960938
0 0.74043 0.593359 0.486328 0.813281
0 0.595898 0.0557373 0.151172 0.108838
0 0.879687 0.489551 0.240625 0.413086
0 0.490625 0.0285645 0.04375 0.0487305
0 0.746875 0.638086 0.498437 0.723828
0 0.578711 0.0706787 0.118359 0.124463
0 0.983594 0.0354004 0.0328125 0.0708008
0 0.760156 0.120264 0.05625 0.0512695
0 0.873047 0.198437 0.253906 0.396875
0 0.65918 0.884766 0.0355469 0.0445313
0 0.767969 0.201563 0.464063 0.403125
0 0.591602 0.586719 0.194922 0.285938
0 0.492969 0.048584 0.0429688 0.0713867
0 0.922656 0.0477539 0.154688 0.0955078
0 0.136792 0.219287 0.127979 0.42627
0 0.546484 0.184473 0.0898438 0.137305
0 0.748828 0.570898 0.499219 0.858203
0 0.494922 0.0289551 0.0601563 0.0561523
0 0.259863 0.357617 0.309961 0.709766
0 0.858984 0.656543 0.282031 0.686914
0 0.842578 0.412695 0.303906 0.474609
0 0.791211 0.0981934 0.126953 0.140723
0 0.946094 0.0525391 0.107813 0.105078
0 0.778516 0.119189 0.0320312 0.043457
0 0.749414 0.386328 0.501172 0.772656
0 0.991797 0.0151367 0.0164063 0.0302734
0 0.742188 0.783594 0.175 0.373437
0 0.772852 0.125879 0.0402344 0.0599609
0 0.953125 0.0604248 0.09375 0.112354
0 0.830469 0.357812 0.335938 0.615625
0 0.991406 0.0183105 0.0171875 0.0366211
0 0.520508 0.0371948 0.103516 0.0718994
0 0.509375 0.0451172 0.065625 0.0847656
0 0.734766 0.514648 0.0429688 0.0488281
0 0.612305 0.537988 0.261328 0.375586
0 0.686133 0.895312 0.0972656 0.046875
0 0.79707 0.0814697 0.110547 0.139404
0 0.671094 0.588086 0.340625 0.783203
0 0.760156 0.665723 0.479688 0.63418
0 0.692969 0.890234 0.109375 0.0773438
0 0.974609 0.205859 0.0507812 0.411719
0 0.545898 0.163477 0.0644531 0.0828125
0 0.616602 0.451758 0.275391 0.566016
0 0.505664 0.028125 0.0738281 0.05625
0 0.860742 0.390625 0.278516 0.78125
0 0.542188 0.530859 0.123438 0.208594
0 0.691406 0.445996 0.41875 0.667383
0 0.961719 0.0415283 0.0765625 0.0769043
0 0.751953 0.828516 0.192969 0.310156
0 0.194824 0.0864014 0.14668 0.166455
0 0.773633 0.111914 0.0402344 0.0419922
0 0.546289 0.21875 0.0832031 0.149219
0 0.722852 0.8875 0.169922 0.109375
0 0.49082 0.0581787 0.0738281 0.11001
0 0.589453 0.513477 0.201563 0.409766
0 0.791797 0.132446 0.130469 0.122217
0 0.543945 0.455078 0.0300781 0.0507812
0 0.184277 0.129761 0.368555 0.211572
0 0.535156 0.224707 0.08125 0.15332
0 0.560938 0.181445 0.176563 0.359375
0 0.748828 0.421875 0.502344 0.84375
0 0.950781 0.921094 0.0984375 0.157813
0 0.730859 0.569336 0.538281 0.853516
0 0.825977 0.515723 0.335547 0.499023
0 0.2125 0.357031 0.194531 0.697656
0 0.985547 0.0158691 0.0289063 0.0272461
0 0.503125 0.0541016 0.0476562 0.0921875
0 0.688281 0.619336 0.392188 0.755078
0 0.619531 0.621484 0.25625 0.450781
0 0.743945 0.116602 0.0230469 0.0427734
0 0.731836 0.508203 0.536328 0.819531
0 0.536523 0.188574 0.0792969 0.126367
0 0.535352 0.166895 0.0535156 0.0712891
0 0.75957 0.126563 0.0527344 0.0611328
0 0.54707 0.157471 0.0574219 0.075293
0 0.505469 0.0578857 0.0703125 0.1104
0 0.989062 0.0358887 0.021875 0.0717773
0 0.674219 0.885156 0.0929688 0.0625
0 0.728906 0.438086 0.542188 0.864453
0 0.554102 0.453711 0.0855469 0.134766
0 0.862891 0.402344 0.274219 0.804688
0 0.68125 0.481152 0.378125 0.601758
0 0.748047 0.442969 0.503906 0.885938
0 0.829297 0.819922 0.324219 0.360156
0 0.237695 0.0698242 0.240234 0.139648
0 0.557031 0.429102 0.084375 0.154297
0 0.6875 0.419727 0.417188 0.727734
0 0.525781 0.114368 0.33125 0.207983
0 0.521875 0.121045 0.096875 0.229785
0 0.590234 0.0264404 0.0820312 0.0528809
0 0.733008 0.516406 0.0332031 0.0429688
0 0.239209 0.0970459 0.239941 0.177002
0 0.818164 0.0796631 0.144922 0.142627
0 0.729688 0.45332 0.540625 0.808984
0 0.772266 0.703516 0.0382813 0.0570313
0 0.566211 0.17832 0.181641 0.356641
0 0.17959 0.140332 0.10293 0.24668
0 0.209521 0.183984 0.193066 0.364844
0 0.945312 0.511328 0.1 0.365625
0 0.189063 0.0614014 0.139844 0.122119
0 0.830664 0.7875 0.323047 0.415625
0 0.814063 0.0616699 0.134375 0.119043
0 0.753125 0.521875 0.484375 0.857813
0 0.173438 0.0825684 0.0898438 0.150879
0 0.711133 0.64834 0.577734 0.62207
0 0.541016 0.50293 0.119531 0.176953
0 0.484766 0.594727 0.0671875 0.170703
0 0.291602 0.308594 0.349609 0.617188
0 0.558594 0.161182 0.05 0.0776367
0 0.555859 0.680078 0.0273438 0.0492188
0 0.134863 0.248047 0.0671875 0.169141
0 0.978906 0.65166 0.0421875 0.587305
0 0.964844 0.662695 0.0703125 0.674609
0 0.789648 0.154932 0.136328 0.126465
0 0.621484 0.405957 0.289844 0.669336
0 0.537305 0.154639 0.0824219 0.153223
0 0.794141 0.0570313 0.0367188 0.0472656
0 0.537305 0.454297 0.0371094 0.059375
0 0.528711 0.539453 0.104297 0.246094
0 0.758398 0.140527 0.0691406 0.0908203
0 0.694922 0.858594 0.123438 0.139063
0 0.773438 0.701953 0.04375 0.0625
0 0.828711 0.629883 0.331641 0.687109
0 0.75918 0.109766 0.0597656 0.0535156
0 0.980078 0.32666 0.0226563 0.0447266
0 0.562891 0.449609 0.0945313 0.128906
0 0.558789 0.113403 0.158203 0.211084
0 0.763281 0.104712 0.071875 0.115576
0 0.547656 0.148193 0.111719 0.162988
0 0.216406 0.117139 0.19375 0.218066
0 0.942187 0.0396973 0.115625 0.0793945
0 0.745898 0.125439 0.0285156 0.0522461
0 0.683789 0.419824 0.421484 0.832227
0 0.767578 0.123633 0.464844 0.239844
0 0.543359 0.554297 0.122656 0.26875
0 0.512109 0.0309326 0.208594 0.0603027
0 0.683008 0.859766 0.0871094 0.132031
0 0.789062 0.409375 0.421875 0.81875
0 0.73457 0.509766 0.0464844 0.0453125
0 0.954297 0.441797 0.0898438 0.117188
0 0.769141 0.172461 0.0820312 0.141016
0 0.175635 0.101318 0.0963867 0.190332
0 0.361523 0.0525879 0.512891 0.105176
0 0.780469 0.126904 0.034375 0.0581055
0 0.780664 0.0841064 0.0902344 0.135693
0 0.557813 0.154248 0.0445313 0.0641602
0 0.504492 0.0392578 0.0691406 0.075
0 0.565039 0.425781 0.0957031 0.15625
0 0.275488 0.414453 0.331055 0.828906
0 0.533398 0.865625 0.0238281 0.059375
0 0.293555 0.175391 0.326953 0.350781
0 0.235205 0.302051 0.260059 0.603711
0 0.723828 0.910937 0.175781 0.117188
0 0.494922 0.0522461 0.0429688 0.0902344
0 0.563867 0.347656 0.198828 0.695312
0 0.734961 0.214453 0.530078 0.428906
0 0.484766 0.0487061 0.0320312 0.0580566
0 0.903516 0.0515625 0.192969 0.10293
0 0.901953 0.0657715 0.196094 0.131543
0 0.960547 0.0687744 0.0789063 0.124561
0 0.545313 0.480469 0.104688 0.153125
0 0.748438 0.475781 0.498437 0.867188
0 0.554883 0.124707 0.158984 0.232617
0 0.973047 0.036377 0.0539063 0.0727539
0 0.803906 0.0567139 0.05625 0.0570801
0 0.556445 0.69043 0.0277344 0.0589844
0 0.657617 0.889063 0.0277344 0.0421875
0 0.770508 0.728516 0.315234 0.486719
0 0.781445 0.111816 0.0339844 0.0417969
0 0.869531 0.382422 0.260938 0.630469
0 0.796289 0.0632568 0.115234 0.120361
0 0.478125 0.0402344 0.110937 0.0794922
0 0.971094 0.323926 0.0328125 0.0466797
0 0.495117 0.557617 0.0347656 0.112891
0 0.913281 0.378125 0.173438 0.75625
0 0.569043 0.555078 0.504102 0.688281
0 0.919141 0.566211 0.161719 0.417578
0 0.543945 0.172168 0.0652344 0.0927734
0 0.954297 0.422559 0.0914062 0.135352
0 0.780273 0.829297 0.283203 0.336719
0 0.576953 0.0454834 0.130469 0.086377
0 0.529492 0.514453 0.104297 0.219531
0 0.536328 0.158447 0.0578125 0.0788086
0 0.948047 0.045874 0.103906 0.0883301
0 0.756836 0.171094 0.0707031 0.135937
0 0.694922 0.905078 0.114844 0.0976562
0 0.813477 0.944531 0.269922 0.110937
0 0.954688 0.459375 0.090625 0.150781
0 0.765039 0.878906 0.241797 0.185938
0 0.962109 0.376855 0.0757812 0.188477
0 0.600977 0.445703 0.223047 0.533594
0 0.444434 0.0802246 0.194727 0.153809
0 0.507227 0.610156 0.0574219 0.192969
0 0.591602 0.0723877 0.134766 0.11792
0 0.764648 0.537891 0.136328 0.0898438
0 0.496875 0.566016 0.034375 0.0953125
0 0.679297 0.886328 0.0710938 0.0726563
0 0.572656 0.633496 0.342969 0.620508
0 0.775781 0.69707 0.034375 0.0488281
0 0.548633 0.453906 0.0464844 0.0671875
0 0.592773 0.0354858 0.0527344 0.0623291
0 0.656641 0.0619141 0.271094 0.1125
0 0.968359 0.33877 0.0320312 0.0556641
0 0.864453 0.391406 0.271094 0.782813
0 0.531445 0.203711 0.0386719 0.0582031
0 0.770898 0.697852 0.0363281 0.0449219
0 0.863477 0.420703 0.273047 0.841406
0 0.29043 0.0685059 0.229297 0.137012
0 0.853516 0.186914 0.283594 0.373828
0 0.931641 0.921875 0.125781 0.153125
0 0.660547 0.878516 0.0453125 0.0648438
0 0.487695 0.578516 0.0621094 0.186719
0 0.743359 0.513086 0.0851563 0.0488281
0 0.556641 0.701367 0.028125 0.0628906
0 0.601562 0.0262573 0.0890625 0.0496338
0 0.516211 0.868359 0.0519531 0.0710938
0 0.437305 0.0646729 0.220703 0.128271
0 0.876367 0.641211 0.247266 0.717578
0 0.533008 0.175244 0.0378906 0.0643555
0 0.400293 0.090625 0.580664 0.18125
0 0.72832 0.421094 0.543359 0.842188
0 0.952734 0.398047 0.0929688 0.169531
0 0.954297 0.394141 0.0914062 0.167187
0 0.529883 0.193652 0.0300781 0.0455078
0 0.150977 0.24873 0.0820312 0.167383
0 0.55625 0.404297 0.0867188 0.180469
0 0.5125 0.0533447 0.0476562 0.0909668
0 0.627539 0.388672 0.298047 0.777344
0 0.598437 0.677148 0.16875 0.433203
0 0.984375 0.0426758 0.03125 0.0853516
0 0.544141 0.572852 0.120313 0.287891
0 0.832617 0.711719 0.175391 0.140625
0 0.163623 0.141284 0.0883789 0.249463
0 0.563672 0.678711 0.0367188 0.0644531
0 0.527344 0.557813 0.101562 0.264062
0 0.265332 0.0692871 0.238086 0.138574
0 0.567578 0.14209 0.141406 0.177539
0 0.726367 0.360938 0.547266 0.721875
0 0.503516 0.57168 0.0304688 0.0777344
0 0.505469 0.632812 0.053125 0.195312
0 0.534375 0.855859 0.0304688 0.0664062
0 0.743359 0.127344 0.513281 0.237109
0 0.762305 0.849219 0.231641 0.185938
0 0.591992 0.121387 0.205078 0.231055
0 0.785742 0.355859 0.428516 0.711719
0 0.69668 0.570898 0.606641 0.791016
0 0.69082 0.544141 0.618359 0.827344
0 0.688086 0.430273 0.623828 0.811328
0 0.686523 0.601758 0.626953 0.696484
0 0.689063 0.493359 0.621875 0.825781
0 0.683398 0.380859 0.633203 0.761719
0 0.645117 0.67168 0.709766 0.558203
0 0.691797 0.325391 0.616406 0.630469
0 0.807813 0.307324 0.384375 0.610352
0 0.689453 0.266406 0.621094 0.532813
0 0.64375 0.595508 0.7125 0.688672
0 0.68457 0.672656 0.630859 0.5625
0 0.519727 0.0551514 0.123828 0.106104
0 0.683984 0.386133 0.632031 0.772266
0 0.641406 0.317188 0.717188 0.634375
0 0.65332 0.567578 0.693359 0.791406
0 0.3875 0.367969 0.775 0.735938
0 0.348438 0.3875 0.696875 0.775
0 0.773047 0.342383 0.453906 0.684766
0 0.54375 0.0430176 0.150781 0.0858398
0 0.421875 0.340625 0.84375 0.68125
0 0.64043 0.366016 0.719141 0.732031
0 0.539648 0.0549072 0.148828 0.109521
0 0.786719 0.572266 0.426563 0.774219
0 0.520117 0.0407227 0.119141 0.0814453
0 0.648242 0.730078 0.703516 0.494531
0 0.789648 0.403027 0.420703 0.689258
0 0.648047 0.530859 0.703906 0.810156
0 0.439648 0.355859 0.864453 0.711719
0 0.308203 0.555859 0.0804688 0.146875
0 0.792188 0.471191 0.415625 0.726367
0 0.778711 0.602539 0.442578 0.716797
0 0.640625 0.261719 0.71875 0.523438
0 0.789453 0.529688 0.421094 0.7625
0 0.645312 0.486523 0.709375 0.819141
0 0.489063 0.381445 0.875 0.762891
0 0.603711 0.678516 0.792578 0.542969
0 0.826367 0.273828 0.347266 0.547656
0 0.554492 0.11228 0.209766 0.204346
0 0.601172 0.560547 0.797656 0.782031
0 0.752344 0.355469 0.495313 0.704688
0 0.643555 0.427344 0.712891 0.810938
0 0.483105 0.11626 0.289258 0.204199
0 0.6 0.593262 0.8 0.668164
0 0.480078 0.561523 0.850781 0.751953
0 0.186084 0.22041 0.18916 0.388867
0 0.642188 0.382227 0.715625 0.764453
0 0.497852 0.0550293 0.0855469 0.106738
0 0.332715 0.830859 0.101758 0.0710938
0 0.633008 0.0734863 0.733984 0.146973
0 0.555273 0.374023 0.886328 0.748047
0 0.558984 0.561133 0.869531 0.743359
0 0.49707 0.0395142 0.0863281 0.0760498
0 0.691016 0.0567383 0.617969 0.113477
0 0.34668 0.343555 0.693359 0.663672
0 0.357227 0.336328 0.714453 0.657031
0 0.342187 0.834766 0.110937 0.0679687
0 0.334668 0.0739258 0.491602 0.147852
0 0.601172 0.520117 0.797656 0.797266
0 0.59668 0.35918 0.806641 0.718359
0 0.780469 0.651953 0.439063 0.619531
0 0.380762 0.0651123 0.561914 0.128369
0 0.581836 0.557813 0.836328 0.751563
0 0.328125 0.836328 0.0722656 0.0648438
0 0.567383 0.520508 0.865234 0.773047
0 0.739648 0.28125 0.520703 0.5625
0 0.322852 0.818164 0.08125 0.0902344
0 0.576367 0.351562 0.847266 0.703125
0 0.346777 0.830859 0.132227 0.0679687
0 0.599219 0.477734 0.801562 0.803906
0 0.443359 0.339063 0.871094 0.634375
0 0.378809 0.0737793 0.59082 0.147559
0 0.589063 0.305664 0.821875 0.611328
0 0.311719 0.84375 0.0347656 0.0328125
0 0.691406 0.735547 0.617188 0.502344
0 0.38125 0.339258 0.7625 0.678516
0 0.467187 0.0416748 0.136719 0.0818848
0 0.311816 0.584375 0.0669922 0.084375
0 0.488672 0.519531 0.838281 0.79375
0 0.427246 0.0572388 0.443945 0.111304
0 0.591406 0.113135 0.235938 0.20498
0 0.627344 0.0664062 0.40625 0.132812
0 0.2875 0.4125 0.575 0.825
0 0.43125 0.457129 0.85625 0.359961
0 0.736328 0.603906 0.527344 0.715625
0 0.58457 0.51543 0.830859 0.762891
0 0.321191 0.842969 0.0373047 0.0359375
0 0.426758 0.590137 0.844922 0.652539
0 0.151074 0.212207 0.116602 0.405273
0 0.399609 0.0414063 0.467187 0.0828125
0 0.25918 0.22168 0.352734 0.400391
0 0.433984 0.343652 0.867969 0.61582
0 0.821484 0.415234 0.357031 0.830469
0 0.316602 0.391016 0.633203 0.782031
0 0.403906 0.332813 0.807813 0.644531
0 0.467969 0.0568115 0.122656 0.108838
0 0.521094 0.0750488 0.128906 0.133105
0 0.335645 0.0458008 0.492773 0.0916016
0 0.664844 0.0524902 0.670313 0.10498
0 0.746875 0.577539 0.50625 0.804297
0 0.481445 0.635449 0.873047 0.538477
0 0.738672 0.661426 0.522656 0.594336
0 0.581836 0.470703 0.836328 0.747656
0 0.280469 0.343262 0.45625 0.632227
0 0.319824 0.606445 0.0408203 0.0347656
0 0.372266 0.120142 0.536719 0.210107
0 0.682422 0.188477 0.635156 0.376953
0 0.731641 0.404687 0.536719 0.809375
0 0.470313 0.0394531 0.344531 0.0789063
0 0.114648 0.226953 0.18125 0.41875
0 0.436914 0.562109 0.819922 0.621094
0 0.521875 0.040332 0.359375 0.0806641
0 0.369727 0.0454102 0.570703 0.0908203
0 0.600391 0.732813 0.799219 0.460938
0 0.437109 0.407129 0.874219 0.507617
0 0.596094 0.109082 0.365625 0.200586
0 0.738086 0.445312 0.523828 0.839063
0 0.393848 0.115918 0.644336 0.213867
0 0.22832 0.224121 0.261328 0.404883
0 0.494531 0.355078 0.879687 0.710156
0 0.560156 0.478125 0.879687 0.751563
0 0.296289 0.554297 0.0871094 0.146094
0 0.598437 0.416602 0.803125 0.787109
0 0.545508 0.0599121 0.393359 0.119824
0 0.557422 0.639746 0.885156 0.536133
0 0.740625 0.50918 0.51875 0.853516
0 0.845313 0.380078 0.309375 0.760156
0 0.267969 0.174951 0.35625 0.343066
0 0.582812 0.0449097 0.225 0.0867432
0 0.156348 0.221387 0.149414 0.397852
0 0.317188 0.589258 0.090625 0.0769531
0 0.583203 0.210938 0.833594 0.421875
0 0.419824 0.128613 0.519727 0.242383
0 0.836133 0.102344 0.327734 0.204688
0 0.483594 0.473438 0.885938 0.7375
0 0.350879 0.109375 0.487305 0.2
0 0.742578 0.563086 0.514844 0.861328
0 0.583398 0.0429688 0.340234 0.0859375
0 0.560352 0.363281 0.879297 0.726562
0 0.678809 0.0824707 0.642383 0.164941
0 0.316016 0.607422 0.084375 0.0585938
0 0.47959 0.128516 0.370508 0.242188
0 0.152637 0.110864 0.0658203 0.15835
0 0.969141 0.066748 0.0617188 0.133496
0 0.493555 0.0555786 0.426953 0.111108
0 0.580859 0.627832 0.838281 0.572461
0 0.599414 0.371094 0.801172 0.742188
0 0.320312 0.555273 0.125 0.155859
0 0.308691 0.606641 0.0630859 0.0585938
0 0.500781 0.0401855 0.0648438 0.0645508
0 0.312207 0.836328 0.0576172 0.0679687
0 0.581445 0.406641 0.837109 0.722656
0 0.337891 0.26377 0.675781 0.522461
0 0.725586 0.40625 0.548828 0.8125
0 0.308594 0.607227 0.0429688 0.0308594
0 0.300879 0.0457031 0.412305 0.0914062
0 0.482812 0.697266 0.839063 0.497656
0 0.404297 0.47041 0.305469 0.354492
0 0.641406 0.0476562 0.385938 0.0953125
0 0.449414 0.326562 0.852734 0.653125
0 0.315234 0.602344 0.0601563 0.0375
0 0.362305 0.425 0.724609 0.471094
0 0.82793 0.404687 0.344141 0.809375
0 0.186914 0.341016 0.216797 0.588281
0 0.577539 0.0537842 0.199609 0.106885
0 0.327441 0.840625 0.0619141 0.0421875
0 0.558984 0.698438 0.863281 0.498437
0 0.420508 0.328027 0.821484 0.652539
0 0.341016 0.416211 0.682031 0.489453
0 0.291992 0.605078 0.0140625 0.0273438
0 0.332129 0.838281 0.0904297 0.0453125
0 0.859766 0.123438 0.280469 0.246875
0 0.560547 0.41123 0.878906 0.721289
0 0.149609 0.135693 0.0691406 0.215332
0 0.490234 0.395117 0.891406 0.687891
0 0.295508 0.0779297 0.415234 0.155859
0 0.0397461 0.238867 0.0794922 0.414453
0 0.850781 0.0550781 0.298438 0.110156
0 0.00563965 0.368945 0.0112793 0.236328
0 0.555273 0.322168 0.886328 0.640039
0 0.570312 0.295605 0.859375 0.583789
0 0.494922 0.329688 0.875781 0.659375
0 0.961328 0.0413086 0.0773438 0.0826172
0 0.0267578 0.204688 0.0535156 0.409375
0 0.494531 0.0765869 0.0875 0.132764
0 0.580859 0.355078 0.838281 0.710156
0 0.31582 0.840625 0.0566406 0.0421875
0 0.576953 0.15957 0.846094 0.294922
0 0.586523 0.700391 0.826953 0.497656
0 0.00581055 0.344531 0.0116211 0.242188
0 0.631445 0.173145 0.737109 0.346289
0 0.0986328 0.211719 0.197266 0.423438
0 0.199805 0.434766 0.399609 0.869531
0 0.504883 0.0306763 0.0722656 0.0591553
0 0.166016 0.213135 0.140625 0.399512
0 0.365137 0.838672 0.154102 0.0726563
0 0.746289 0.0539551 0.507422 0.10791
0 0.00522461 0.391211 0.0104492 0.241016
0 0.173926 0.112817 0.125977 0.168506
0 0.0393555 0.349316 0.0787109 0.323242
0 0.7875 0.0842285 0.425 0.168457
0 0.234473 0.403516 0.358398 0.807031
0 0.0405762 0.375195 0.0811523 0.328516
0 0.194385 0.114258 0.190918 0.228516
0 0.282422 0.111646 0.347656 0.194678
0 0.374609 0.470215 0.244531 0.358008
0 0.371875 0.165479 0.628125 0.327637
0 0.169727 0.0906006 0.113281 0.156689
0 0.130225 0.284277 0.0762695 0.267383
0 0.445508 0.658789 0.824609 0.494922
0 0.00585938 0.318945 0.0117188 0.255078
0 0.953125 0.42793 0.09375 0.587109
0 0.446094 0.0610596 0.142969 0.118115
0 0.910156 0.0537109 0.179688 0.107422
0 0.372852 0.419922 0.745703 0.491406
0 0.953125 0.15 0.09375 0.286328
0 0.523242 0.0294678 0.114453 0.0543457
0 0.962109 0.875 0.0757812 0.25
0 0.517383 0.0397705 0.104297 0.0638184
0 0.045752 0.20625 0.0915039 0.4125
0 0.855664 0.200781 0.288672 0.401563
0 0.296094 0.580078 0.0867188 0.109375
0 0.350195 0.556445 0.189453 0.164453
0 0.560742 0.155078 0.878516 0.30625
0 0.0365967 0.359863 0.0731934 0.556055
0 0.30791 0.629492 0.0716797 0.101953
0 0.0349854 0.143457 0.0699707 0.286914
0 0.953906 0.582617 0.0921875 0.778516
0 0.0381836 0.324951 0.0763672 0.321973
0 0.344727 0.590625 0.198828 0.0820312
0 0.568555 0.205273 0.862891 0.396484
0 0.00568848 0.106152 0.011377 0.212305
0 0.352344 0.513477 0.189063 0.264453
0 0.951563 0.488672 0.096875 0.663281
0 0.824414 0.594531 0.351172 0.810938
0 0.0265869 0.392969 0.0531738 0.696875
0 0.00583496 0.294629 0.0116699 0.263867
0 0.450781 0.04375 0.153125 0.0875
0 0.405469 0.567773 0.303906 0.500391
0 0.484863 0.00476074 0.278711 0.00952148
0 0.895312 0.639941 0.209375 0.666992
0 0.924219 0.354688 0.151562 0.709375
0 0.00559082 0.090918 0.0111816 0.181836
0 0.180762 0.413379 0.214258 0.785742
0 0.00566406 0.122461 0.0113281 0.244922
0 0.0463867 0.161035 0.0927734 0.32207
0 0.328906 0.360938 0.657813 0.705469
0 0.13916 0.108716 0.0691406 0.165381
0 0.557813 0.128564 0.267188 0.24209
0 0.00582275 0.269727 0.0116455 0.262109
0 0.954297 0.350684 0.0914062 0.643945
0 0.45918 0.00479736 0.276953 0.00959473
0 0.154639 0.0919189 0.0680664 0.156006
0 0.00578613 0.244336 0.0115723 0.257422
0 0.0235352 0.183984 0.0470703 0.367969
0 0.342871 0.850781 0.125977 0.1
0 0.0376953 0.400391 0.0753906 0.335156
0 0.32168 0.848437 0.0832031 0.084375
0 0.289844 0.969922 0.2125 0.0570313
0 0.512695 0.0287842 0.200391 0.0575684
0 0.85625 0.283594 0.2875 0.567187
0 0.824219 0.743359 0.351562 0.455469
0 0.852539 0.358203 0.294922 0.716406
0 0.854688 0.422266 0.290625 0.844531
0 0.206055 0.225586 0.202734 0.416016
0 0.824414 0.696289 0.351172 0.529297
0 0.34834 0.230078 0.483008 0.422656
0 0.805469 0.703516 0.389062 0.471094
0 0.347461 0.311523 0.491016 0.577734
0 0.216064 0.233008 0.224512 0.415234
0 0.826758 0.792578 0.346484 0.400781
0 0.855469 0.442969 0.289062 0.885938
0 0.700586 0.48418 0.598828 0.848828
0 0.20249 0.322852 0.196191 0.568359
0 0.667969 0.8875 0.0523438 0.0546875
0 0.857617 0.460156 0.284766 0.860938
0 0.180664 0.227832 0.167969 0.418555
0 0.349512 0.355762 0.502539 0.66582
0 0.135059 0.242285 0.0791016 0.17168
0 0.213037 0.32373 0.220801 0.599414
0 0.372656 0.411328 0.515625 0.822656
0 0.827539 0.666797 0.344922 0.546094
0 0.807813 0.745508 0.384375 0.408984
0 0.545703 0.0559814 0.160938 0.107959
0 0.808984 0.79375 0.382031 0.392188
0 0.374121 0.37041 0.412695 0.74043
0 0.666406 0.889844 0.0507812 0.0484375
0 0.658398 0.885156 0.0386719 0.0484375
0 0.520508 0.0566895 0.111328 0.106152
0 0.864258 0.399219 0.271484 0.798438
0 0.69668 0.892969 0.113672 0.06875
0 0.691797 0.530273 0.616406 0.803516
0 0.775 0.423438 0.45 0.846875
0 0.884961 0.43125 0.230078 0.8625
0 0.849609 0.627148 0.300781 0.569141
0 0.420117 0.830469 0.0691406 0.05
0 0.808008 0.817578 0.383984 0.349219
0 0.356055 0.328223 0.491016 0.63418
0 0.860742 0.220117 0.278516 0.440234
0 0.352051 0.451953 0.564648 0.816406
0 0.263086 0.230566 0.308203 0.410742
0 0.867383 0.452344 0.265234 0.664062
0 0.684766 0.879687 0.084375 0.071875
0 0.680469 0.891016 0.084375 0.0492188
0 0.207324 0.199219 0.194727 0.3625
0 0.615234 0.45 0.769531 0.9
0 0.680664 0.515234 0.638672 0.957031
0 0.673242 0.862109 0.0769531 0.111719
0 0.371191 0.44375 0.526367 0.8875
0 0.279053 0.327539 0.348926 0.602734
0 0.551758 0.0443848 0.172266 0.0887695
0 0.583984 0.354297 0.832031 0.540625
0 0.491797 0.391504 0.871094 0.637305
0 0.420703 0.828125 0.0671875 0.05625
0 0.532617 0.55332 0.137109 0.643359
0 0.347266 0.183252 0.490625 0.357324
0 0.667578 0.350781 0.664844 0.701563
0 0.675488 0.470313 0.649023 0.940625
0 0.852734 0.547754 0.294531 0.529492
0 0.678516 0.887109 0.0835937 0.0585938
0 0.123975 0.308008 0.125098 0.616016
0 0.196875 0.403711 0.183203 0.639453
0 0.360254 0.463672 0.555273 0.925781
0 0.37334 0.471484 0.447852 0.897656
0 0.501563 0.0434692 0.0710938 0.0779053
0 0.767578 0.479688 0.464844 0.959375
0 0.783984 0.510352 0.432031 0.769922
0 0.705469 0.878125 0.134375 0.0765625
0 0.145996 0.101367 0.0587891 0.161719
0 0.43418 0.418945 0.350391 0.788672
0 0.552148 0.649219 0.145703 0.507812
0 0.502539 0.0561279 0.0699219 0.110986
0 0.498242 0.0519409 0.0660156 0.0689697
0 0.741406 0.664844 0.517188 0.532813
0 0.766602 0.706641 0.0542969 0.0679687
0 0.976172 0.0336914 0.0476562 0.0673828
0 0.491016 0.0451904 0.0539063 0.0674316
0 0.14668 0.0836182 0.0597656 0.145264
0 0.431445 0.831641 0.0839844 0.0523438
0 0.774023 0.528516 0.451953 0.942969
0 0.533203 0.637695 0.132031 0.493359
0 0.795313 0.586719 0.409375 0.65625
0 0.659961 0.889063 0.0339844 0.040625
0 0.153271 0.0824707 0.0708008 0.132324
0 0.37334 0.433105 0.436133 0.838477
0 0.385254 0.467578 0.418555 0.805469
0 0.729883 0.500586 0.540234 0.826953
0 0.317871 0.605078 0.0513672 0.0421875
0 0.521484 0.04375 0.114844 0.0875
0 0.585938 0.381641 0.828125 0.763281
0 0.425586 0.833594 0.0730469 0.0625
0 0.132812 0.244727 0.0621094 0.173047
0 0.916406 0.713672 0.167187 0.510156
0 0.974219 0.0401855 0.0515625 0.0803711
0 0.614062 0.401172 0.771875 0.802344
0 0.707031 0.263281 0.585938 0.526563
0 0.668945 0.883594 0.0621094 0.0625
0 0.929297 0.455469 0.141406 0.910937
0 0.586914 0.439844 0.826172 0.879687
0 0.113989 0.259375 0.124756 0.51875
0 0.1854 0.325879 0.179199 0.587305
0 0.410352 0.825391 0.0488281 0.0492188
0 0.545508 0.565527 0.134766 0.65957
0 0.6625 0.228027 0.675 0.455664
0 0.727344 0.801758 0.167187 0.290234
0 0.6875 0.893359 0.09375 0.0429688
0 0.871875 0.347852 0.25625 0.695703
0 0.412109 0.826953 0.0421875 0.0445313
0 0.518164 0.0701416 0.101953 0.114209
0 0.985547 0.0323242 0.0289063 0.0646484
0 0.149561 0.109058 0.0594727 0.161182
0 0.766406 0.449609 0.467187 0.899219
0 0.446094 0.857031 0.128906 0.117188
0 0.563867 0.360254 0.872266 0.52793
0 0.144189 0.130469 0.0624023 0.210938
0 0.439258 0.503906 0.307422 0.739062
0 0.55 0.0710205 0.166406 0.110303
0 0.506445 0.0379883 0.0777344 0.0759766
0 0.458984 0.462305 0.25 0.825391
0 0.758594 0.158691 0.075 0.126758
0 0.746094 0.703125 0.507812 0.465625
0 0.915625 0.525781 0.16875 0.298438
0 0.133105 0.178809 0.0708984 0.308008
0 0.445117 0.834766 0.117578 0.0757812
0 0.975391 0.413867 0.0492188 0.157422
0 0.672461 0.425781 0.655078 0.851562
0 0.742773 0.896875 0.211328 0.0796875
0 0.726562 0.546484 0.546875 0.738281
0 0.134277 0.212891 0.0732422 0.248047
0 0.504297 0.04375 0.0695313 0.0855469
0 0.773047 0.101416 0.100781 0.149121
0 0.766602 0.160156 0.0902344 0.140625
0 0.722461 0.525391 0.555078 0.949219
0 0.233398 0.40918 0.0464844 0.0542969
0 0.803711 0.661719 0.392578 0.521875
0 0.90625 0.500293 0.1875 0.266602
0 0.939063 0.392578 0.121875 0.785156
0 0.974219 0.0687988 0.0515625 0.137598
0 0.134619 0.107666 0.0405273 0.0737305
0 0.00541992 0.407227 0.0108398 0.265234
0 0.778711 0.381934 0.442578 0.762695
0 0.348047 0.375879 0.519531 0.720117
0 0.958203 0.393652 0.0835937 0.175195
0 0.84043 0.816406 0.319141 0.367188
0 0.773633 0.704297 0.0605469 0.0703125
0 0.00559082 0.386523 0.0111816 0.267578
0 0.905859 0.47207 0.188281 0.221484
0 0.944141 0.903516 0.111719 0.185156
0 0.00568848 0.362891 0.011377 0.264844
0 0.732227 0.789844 0.138672 0.282813
0 0.9875 0.0244141 0.025 0.0488281
0 0.485156 0.305762 0.851562 0.452539
0 0.952344 0.295703 0.0953125 0.591406
0 0.329395 0.604883 0.0435547 0.0402344
0 0.00576172 0.338281 0.0115234 0.264062
0 0.977344 0.525586 0.0453125 0.295703
0 0.161914 0.190332 0.124609 0.360742
0 0.146924 0.242676 0.0999023 0.178711
0 0.681055 0.891406 0.0628906 0.0734375
0 0.00559082 0.0709473 0.0111816 0.141895
0 0.666211 0.268066 0.667578 0.510742
0 0.778711 0.712109 0.0613281 0.0867188
0 0.608984 0.325781 0.782031 0.651563
0 0.00583496 0.0883789 0.0116699 0.176758
0 0.496094 0.043457 0.0804688 0.0869141
0 0.00581055 0.314453 0.0116211 0.264844
0 0.960547 0.369531 0.0789063 0.239844
0 0.760156 0.138281 0.071875 0.102344
0 0.00507813 0.425586 0.0101563 0.255078
0 0.976953 0.39209 0.0460938 0.179102
0 0.484766 0.499512 0.217188 0.869727
0 0.941797 0.800977 0.107031 0.310547
0 0.804492 0.318359 0.0988281 0.192969
0 0.418164 0.832812 0.0746094 0.065625
0 0.183643 0.249756 0.187793 0.186035
0 0.905469 0.521484 0.189063 0.288281
0 0.542773 0.639453 0.140234 0.275781
0 0.134131 0.120801 0.0389648 0.0654297
0 0.00583496 0.28999 0.0116699 0.265332
0 0.150684 0.14458 0.0630859 0.269434
0 0.770117 0.135693 0.0925781 0.118066
0 0.916406 0.50293 0.167187 0.291016
0 0.969922 0.435645 0.0601563 0.242773
0 0.120703 0.314746 0.0267578 0.0373047
0 0.614453 0.499609 0.771094 0.932031
0 0.650781 0.879297 0.0289063 0.0382813
0 0.13916 0.162793 0.0693359 0.283789
0 0.403906 0.826563 0.116406 0.0640625
0 0.583594 0.306543 0.832812 0.366602
0 0.51543 0.504883 0.169141 0.791797
0 0.131201 0.350195 0.116504 0.658984
0 0.936719 0.497266 0.126563 0.913281
0 0.533984 0.520117 0.130469 0.784766
0 0.00585938 0.26543 0.0117188 0.266016
0 0.710352 0.578711 0.177734 0.171484
0 0.959766 0.425391 0.0804688 0.850781
0 0.976953 0.0640625 0.0460938 0.128125
0 0.980469 0.548438 0.0390625 0.292188
0 0.462305 0.453125 0.728516 0.74375
0 0.498242 0.0763916 0.0691406 0.128467
0 0.564453 0.430371 0.871094 0.67207
0 0.620898 0.481641 0.758203 0.852344
0 0.96875 0.484277 0.0625 0.589258
0 0.141895 0.207324 0.0896484 0.270898
0 0.371777 0.296875 0.406445 0.564063
0 0.432813 0.839063 0.0898438 0.0484375
0 0.135059 0.198291 0.0845703 0.319043
0 0.325488 0.401563 0.575586 0.759375
0 0.774219 0.702734 0.0546875 0.0742188
0 0.0057251 0.10918 0.0114502 0.218359
0 0.00581055 0.240674 0.0116211 0.269434
0 0.580859 0.540723 0.228125 0.724805
0 0.741602 0.533984 0.115234 0.0828125
0 0.200146 0.212036 0.198926 0.386865
0 0.974609 0.502441 0.0507812 0.295117
0 0.722656 0.487891 0.554688 0.975781
0 0.970703 0.503711 0.0585938 0.389453
0 0.00568848 0.214258 0.011377 0.276172
0 0.130029 0.318066 0.0329102 0.0419922
0 0.00556641 0.125 0.0111328 0.25
0 0.667578 0.895703 0.0601563 0.0507812
0 0.192871 0.443262 0.170898 0.779102
0 0.421094 0.836719 0.071875 0.0484375
0 0.491406 0.03573 0.0539063 0.0654541
0 0.00556641 0.188525 0.0111328 0.281543
0 0.846875 0.715234 0.221875 0.285156
0 0.00549316 0.163086 0.0109863 0.283984
0 0.00550537 0.138477 0.0110107 0.276953
0 0.584375 0.640723 0.242188 0.549805
0 0.134082 0.174951 0.0822266 0.327832
0 0.236719 0.407422 0.0566406 0.0601563
0 0.15 0.0597046 0.0523438 0.0747314
0 0.137988 0.198389 0.0646484 0.090332
0 0.770898 0.803516 0.208203 0.303906
0 0.553125 0.736719 0.16875 0.365625
0 0.786719 0.322266 0.120313 0.19375
0 0.200244 0.369824 0.18623 0.675977
0 0.582227 0.739844 0.221484 0.379688
0 0.490625 0.0548828 0.05625 0.0664062
0 0.974609 0.044873 0.0507812 0.0897461
0 0.138184 0.0980469 0.0576172 0.100195
0 0.790234 0.560156 0.222656 0.138281
0 0.52207 0.0411743 0.109766 0.0797607
0 0.424805 0.826563 0.0808594 0.065625
0 0.721094 0.426172 0.557813 0.852344
0 0.659961 0.88125 0.0457031 0.053125
0 0.17041 0.0869385 0.107617 0.141553
0 0.00423584 0.441211 0.00847168 0.239453
0 0.550781 0.494727 0.528125 0.819922
0 0.694141 0.65625 0.611719 0.507812
0 0.508203 0.67207 0.065625 0.148828
0 0.591016 0.0578125 0.228906 0.106836
0 0.787109 0.532813 0.202344 0.0882813
0 0.323633 0.453125 0.574609 0.734375
0 0.485547 0.842578 0.205469 0.114844
0 0.588086 0.487109 0.820703 0.888281
0 0.00527344 0.0607422 0.0105469 0.121484
0 0.921094 0.628516 0.157813 0.221094
0 0.444336 0.0806885 0.196484 0.152686
0 0.580078 0.249463 0.839844 0.28623
0 0.137646 0.106421 0.0549805 0.0941895
0 0.794922 0.781641 0.410156 0.394531
0 0.970313 0.547559 0.059375 0.379883
0 0.96875 0.596289 0.0625 0.412109
0 0.695703 0.902344 0.114844 0.078125
0 0.565039 0.745508 0.0582031 0.163672
0 0.719922 0.338184 0.560156 0.641602
0 0.353906 0.225488 0.485156 0.445117
0 0.210596 0.308203 0.132715 0.276563
0 0.962109 0.140332 0.0757812 0.280664
0 0.988672 0.372168 0.0226563 0.304102
0 0.980469 0.570117 0.0390625 0.295703
0 0.745117 0.907813 0.219141 0.0890625
0 0.134375 0.0970215 0.0398437 0.0672852
0 0.132812 0.200488 0.0746094 0.298633
0 0.955859 0.42832 0.0882813 0.143359
0 0.923828 0.779297 0.147656 0.313281
0 0.763086 0.103589 0.0832031 0.138916
0 0.133447 0.229932 0.0583008 0.208105
0 0.44248 0.828125 0.136914 0.0640625
0 0.566992 0.713281 0.0527344 0.210938
0 0.149121 0.0675781 0.0568359 0.0794922
0 0.378809 0.508984 0.497852 0.685156
0 0.966406 0.458496 0.0671875 0.333789
0 0.680078 0.898828 0.0789063 0.0492188
0 0.0385742 0.191602 0.0771484 0.383203
0 0.601562 0.254688 0.796875 0.290625
0 0.792383 0.104272 0.140234 0.164502
0 0.196533 0.347559 0.156152 0.169727
0 0.722266 0.45625 0.555469 0.9125
0 0.13999 0.0802002 0.0561523 0.0845215
0 0.794531 0.115137 0.410938 0.230273
0 0.809766 0.350977 0.0882813 0.166016
0 0.0475586 0.296484 0.0951172 0.592969
0 0.912891 0.686328 0.174219 0.585156
0 0.980078 0.0856445 0.0398437 0.171289
0 0.173096 0.119385 0.112402 0.215527
0 0.331055 0.597461 0.0601563 0.0621094
0 0.925391 0.804102 0.142969 0.308984
0 0.975391 0.368262 0.0492188 0.247852
0 0.697461 0.886328 0.112109 0.102344
0 0.449805 0.862891 0.116797 0.124219
0 0.810547 0.823242 0.375781 0.353516
0 0.345215 0.139307 0.506445 0.219434
0 0.757617 0.138379 0.0769531 0.11543
0 0.755859 0.151611 0.0710938 0.122168
0 0.145996 0.0859619 0.0634766 0.146436
0 0.958984 0.407227 0.0820312 0.144922
0 0.775586 0.702539 0.0675781 0.101953
0 0.335547 0.252832 0.530469 0.458398
0 0.153125 0.085083 0.0738281 0.135693
0 0.812891 0.763086 0.374219 0.467578
0 0.866016 0.669629 0.267969 0.623242
0 0.345215 0.18208 0.517383 0.33584
0 0.374316 0.155127 0.43418 0.251465
0 0.505176 0.283008 0.420898 0.318359
0 0.547656 0.174268 0.0734375 0.108105
0 0.770117 0.140137 0.0910156 0.114258
0 0.87793 0.733984 0.241016 0.532031
0 0.87793 0.642578 0.244141 0.592969
0 0.449414 0.851172 0.114453 0.116406
0 0.384766 0.298047 0.430469 0.40625
0 0.958594 0.429395 0.078125 0.123242
0 0.149512 0.102222 0.0611328 0.132666
0 0.351172 0.156689 0.49375 0.27334
0 0.700391 0.871875 0.117969 0.115625
0 0.488672 0.310547 0.29375 0.385156
0 0.765039 0.703906 0.0667969 0.0960938
0 0.810938 0.825781 0.376563 0.348438
0 0.764844 0.692187 0.0765625 0.096875
0 0.883594 0.811719 0.223438 0.376563
0 0.770508 0.110352 0.0933594 0.140625
0 0.610156 0.285059 0.514063 0.407227
0 0.758398 0.111401 0.0800781 0.138916
0 0.552344 0.167969 0.071875 0.0898438
0 0.7875 0.275977 0.135937 0.394922
0 0.766406 0.149512 0.0859375 0.112695
0 0.775391 0.27002 0.158594 0.388086
0 0.534375 0.182373 0.09375 0.112988
0 0.751758 0.134741 0.0730469 0.134814
0 0.39541 0.0787109 0.0880859 0.08125
0 0.770117 0.265918 0.136328 0.377539
0 0.568945 0.306104 0.565234 0.369043
0 0.508203 0.305078 0.725781 0.35
0 0.142676 0.0967773 0.0638672 0.136914
0 0.780859 0.812695 0.333594 0.293359
0 0.402051 0.17832 0.502148 0.320703
0 0.8 0.67627 0.4 0.631836
0 0.729688 0.412109 0.065625 0.0984375
0 0.6 0.768359 0.446875 0.346094
0 0.711719 0.801953 0.576563 0.269531
0 0.481055 0.23291 0.214453 0.118555
0 0.47998 0.322363 0.216602 0.391211
0 0.85 0.531445 0.075 0.0847656
0 0.770703 0.19873 0.121094 0.270117
0 0.347949 0.0984375 0.50332 0.183594
0 0.9625 0.414258 0.075 0.123828
0 0.771289 0.0952637 0.0964844 0.145215
0 0.776758 0.695703 0.0714844 0.0875
0 0.615234 0.346875 0.522656 0.496875
0 0.379004 0.25498 0.466992 0.457227
0 0.695508 0.897266 0.114453 0.0992187
0 0.393848 0.155322 0.482617 0.271387
0 0.717773 0.406348 0.0613281 0.106055
0 0.748242 0.412109 0.0972656 0.0960938
0 0.503906 0.200488 0.160156 0.156445
0 0.512695 0.155469 0.480859 0.240625
0 0.173682 0.0885498 0.108887 0.138916
0 0.476855 0.147046 0.674414 0.272314
0 0.813281 0.692969 0.373437 0.614062
0 0.792773 0.700781 0.101953 0.09375
0 0.242285 0.414258 0.0353516 0.0535156
0 0.218262 0.107056 0.219727 0.170654
0 0.364063 0.157324 0.509375 0.269336
0 0.835938 0.532227 0.0625 0.0816406
0 0.962891 0.430273 0.0742188 0.112109
0 0.785352 0.42627 0.155859 0.716211
0 0.890625 0.824219 0.215625 0.351562
0 0.363281 0.252539 0.523438 0.466016
0 0.539062 0.167236 0.090625 0.0932617
0 0.291406 0.276074 0.492188 0.510352
0 0.43457 0.844531 0.106641 0.107813
0 0.751367 0.109106 0.0785156 0.15835
0 0.595898 0.789258 0.459766 0.285547
0 0.524414 0.201465 0.121484 0.155664
0 0.285938 0.252441 0.571875 0.447461
0 0.439844 0.858594 0.125781 0.123438
0 0.515918 0.263184 0.727539 0.242383
0 0.571582 0.295459 0.566211 0.278613
0 0.378223 0.180957 0.538867 0.332227
0 0.959375 0.382715 0.0796875 0.183789
0 0.781055 0.262793 0.111328 0.37207
0 0.798242 0.695898 0.105078 0.0863281
0 0.632227 0.27959 0.440234 0.402539
0 0.372754 0.079541 0.117773 0.0864258
0 0.372266 0.0670166 0.146875 0.0921387
0 0.725391 0.883594 0.178906 0.115625
0 0.661328 0.778125 0.571094 0.340625
0 0.435937 0.860156 0.0945313 0.123438
0 0.682813 0.885547 0.0921875 0.103906
0 0.574805 0.323145 0.550391 0.424023
0 0.673828 0.788281 0.594531 0.285938
0 0.776563 0.695117 0.0578125 0.0738281
0 0.619434 0.499219 0.523633 0.953125
0 0.138574 0.0996582 0.0576172 0.106348
0 0.849219 0.322754 0.25 0.499805
0 0.477832 0.187549 0.541211 0.205762
0 0.85957 0.331836 0.280859 0.663672
0 0.144727 0.293652 0.0886719 0.0900391
0 0.488379 0.330469 0.230273 0.404687
0 0.149512 0.0991211 0.0634766 0.107227
0 0.425781 0.320508 0.0875 0.226953
0 0.33291 0.0938721 0.207617 0.156201
0 0.758984 0.188672 0.0742188 0.191406
0 0.977344 0.401465 0.0453125 0.0759766
0 0.499414 0.222168 0.158984 0.138086
0 0.869922 0.681934 0.260156 0.636133
0 0.236523 0.111499 0.238672 0.17583
0 0.435156 0.848828 0.0914062 0.110156
0 0.230566 0.404687 0.0623047 0.0804688
0 0.860547 0.269629 0.278906 0.520117
0 0.552344 0.16499 0.0664062 0.0879883
0 0.408398 0.077002 0.122266 0.084668
0 0.777148 0.357227 0.145703 0.197266
0 0.611328 0.266748 0.508594 0.373535
0 0.416406 0.257031 0.096875 0.0734375
0 0.445312 0.255957 0.0335938 0.0501953
0 0.362109 0.159912 0.504687 0.26416
0 0.417188 0.282031 0.101562 0.128906
0 0.390625 0.841797 0.203125 0.0898438
0 0.837109 0.488477 0.325781 0.949609
0 0.212207 0.0927979 0.216602 0.161279
0 0.782813 0.198291 0.104688 0.313574
0 0.840234 0.517969 0.0742188 0.0921875
0 0.751563 0.155908 0.071875 0.151855
0 0.813281 0.527734 0.21875 0.944531
0 0.553906 0.15542 0.0578125 0.0711914
0 0.564258 0.160791 0.0488281 0.0838867
0 0.480469 0.850391 0.201563 0.125781
0 0.775586 0.701367 0.0597656 0.0792969
0 0.356543 0.0828369 0.155664 0.108936
0 0.564648 0.167236 0.111328 0.0920898
0 0.232324 0.386914 0.0705078 0.104297
0 0.520703 0.154248 0.571094 0.268848
0 0.544141 0.319043 0.566406 0.375195
0 0.236621 0.405078 0.0509766 0.0617188
0 0.334863 0.269043 0.531836 0.490039
0 0.50332 0.194434 0.161328 0.158398
0 0.757227 0.170605 0.0746094 0.167773
0 0.177246 0.102563 0.11543 0.142529
0 0.150293 0.0870361 0.0607422 0.109717
0 0.533984 0.208105 0.663281 0.17832
0 0.461035 0.237012 0.229492 0.0990234
0 0.532031 0.165967 0.592188 0.235254
0 0.393359 0.0729492 0.109375 0.0798828
0 0.913672 0.808398 0.172656 0.383203
0 0.728711 0.869922 0.191016 0.133594
0 0.746094 0.422852 0.096875 0.101172
0 0.856641 0.40293 0.286719 0.776953
0 0.54375 0.168213 0.0734375 0.0874023
0 0.842188 0.531836 0.053125 0.0589844
0 0.441016 0.246582 0.0570313 0.0654297
0 0.313965 0.0960693 0.217383 0.165674
0 0.39707 0.856641 0.223047 0.113281
0 0.830078 0.266943 0.222656 0.408301
0 0.355078 0.107593 0.157813 0.147705
0 0.138184 0.107983 0.0541016 0.0945801
0 0.480664 0.248535 0.231641 0.112695
0 0.79668 0.498047 0.183203 0.941406
0 0.572656 0.157178 0.532813 0.265332
0 0.417578 0.831641 0.05625 0.0632813
0 0.771094 0.729883 0.0640625 0.137109
0 0.448828 0.839063 0.114844 0.129688
0 0.457617 0.256445 0.235547 0.0800781
0 0.423828 0.355078 0.0867188 0.288281
0 0.972656 0.41543 0.0546875 0.0957031
0 0.845703 0.526367 0.308594 0.945703
0 0.33457 0.110645 0.201172 0.156836
0 0.13457 0.258594 0.0835937 0.148828
0 0.221875 0.136719 0.230859 0.214844
0 0.486133 0.862109 0.191797 0.117969
0 0.614258 0.1521 0.490234 0.262988
0 0.531055 0.126855 0.550391 0.253711
0 0.547266 0.173242 0.128906 0.1
0 0.140967 0.12666 0.0625977 0.197852
0 0.408789 0.29082 0.0941406 0.150391
0 0.966016 0.410645 0.0664062 0.0810547
0 0.902734 0.417188 0.194531 0.834375
0 0.421484 0.293457 0.0945313 0.241211
0 0.726562 0.424609 0.059375 0.108594
0 0.432031 0.465039 0.03125 0.0566406
0 0.835742 0.228271 0.222266 0.449707
0 0.632031 0.379395 0.45625 0.594336
0 0.770508 0.119727 0.0714844 0.0644531
0 0.313281 0.0930664 0.479688 0.160156
0 0.955859 0.454102 0.0742188 0.287891
0 0.150879 0.0644165 0.0568359 0.0809326
0 0.768555 0.70625 0.0503906 0.0664062
0 0.48457 0.127734 0.669922 0.255469
0 0.410938 0.261133 0.096875 0.0878906
0 0.134277 0.287988 0.0787109 0.106445
0 0.57627 0.220605 0.552148 0.211914
0 0.584668 0.496777 0.543164 0.85332
0 0.152734 0.0555664 0.0492188 0.0662109
0 0.778711 0.381641 0.156641 0.14375
0 0.826953 0.466797 0.336719 0.850781
0 0.146973 0.257812 0.0974609 0.151562
0 0.607422 0.519531 0.527344 0.960938
0 0.40625 0.459375 0.0710938 0.0742188
0 0.146973 0.0755859 0.0623047 0.151172
0 0.8 0.106079 0.182812 0.156592
0 0.635352 0.27334 0.441797 0.387695
0 0.962891 0.413574 0.0742188 0.813477
0 0.318848 0.11333 0.191992 0.157715
0 0.405762 0.0800781 0.0744141 0.078125
0 0.412988 0.437109 0.0912109 0.121094
0 0.767383 0.139697 0.0761719 0.0999023
0 0.554297 0.149951 0.0742188 0.104395
0 0.784766 0.328516 0.117969 0.241406
0 0.686328 0.867578 0.101562 0.113281
0 0.875 0.523828 0.13125 0.0914062
0 0.296387 0.112646 0.494727 0.172363
0 0.842969 0.425586 0.301563 0.730078
0 0.895703 0.853516 0.208594 0.182031
0 0.854688 0.62002 0.290625 0.675586
0 0.755664 0.12168 0.0683594 0.0769531
0 0.971875 0.42832 0.05625 0.101953
0 0.896484 0.717188 0.191406 0.565625
0 0.514844 0.20835 0.136719 0.18252
0 0.118237 0.14585 0.0979004 0.236426
0 0.98125 0.391602 0.0328125 0.0542969
0 0.669141 0.882812 0.0773438 0.10625
0 0.386426 0.130078 0.208398 0.222656
0 0.367383 0.104053 0.143359 0.136035
0 0.94375 0.507227 0.1125 0.298047
0 0.965625 0.419922 0.06875 0.0890625
0 0.452441 0.130664 0.599805 0.261328
0 0.773633 0.157666 0.105859 0.231543
0 0.581543 0.381348 0.540039 0.520117
0 0.885156 0.532813 0.229687 0.871875
0 0.138916 0.155469 0.0676758 0.296875
0 0.712695 0.423535 0.0566406 0.109961
0 0.449414 0.247363 0.0785156 0.0712891
0 0.487109 0.209082 0.189844 0.147461
0 0.427539 0.363281 0.0800781 0.289844
0 0.967188 0.391016 0.065625 0.182031
0 0.616113 0.435742 0.519336 0.681641
0 0.903906 0.510547 0.192188 0.246094
0 0.721289 0.897266 0.177734 0.108594
0 0.566016 0.151758 0.0414063 0.0683594
0 0.375098 0.100269 0.137305 0.120361
0 0.453125 0.256738 0.0421875 0.0509766
0 0.139502 0.0875244 0.0567383 0.106592
0 0.433398 0.826953 0.123828 0.125781
0 0.85625 0.522461 0.065625 0.0675781
0 0.539844 0.14187 0.0929688 0.155713
0 0.150537 0.0720947 0.0594727 0.102295
0 0.543945 0.158789 0.0675781 0.0726563
0 0.333789 0.0568848 0.544922 0.11377
0 0.417188 0.466211 0.0601563 0.0613281
0 0.746094 0.200732 0.0890625 0.214941
0 0.835938 0.752344 0.2125 0.201563
0 0.775781 0.500195 0.171875 0.933984
0 0.431055 0.832031 0.0730469 0.071875
0 0.35918 0.125781 0.187109 0.175
0 0.77832 0.409668 0.158984 0.0931641
0 0.954297 0.371289 0.0914062 0.742578
0 0.969922 0.577637 0.0601563 0.691602
0 0.31748 0.760742 0.401758 0.251953
0 0.36084 0.266699 0.51582 0.479102
0 0.759766 0.210352 0.0804688 0.195703
0 0.370313 0.115552 0.515625 0.22124
0 0.807227 0.298633 0.0824219 0.203516
0 0.615137 0.203516 0.500977 0.233203
0 0.784766 0.088916 0.138281 0.14248
0 0.955469 0.909766 0.0890625 0.180469
0 0.720117 0.416992 0.0355469 0.0746094
0 0.838672 0.712109 0.217969 0.124219
0 0.417969 0.460938 0.0796875 0.0679687
0 0.733398 0.386914 0.0792969 0.124609
0 0.850781 0.525 0.078125 0.0789063
0 0.75332 0.39082 0.108984 0.121484
0 0.602637 0.659375 0.469727 0.548438
0 0.816797 0.280078 0.0382813 0.05
0 0.423242 0.445117 0.0832031 0.101172
0 0.964844 0.430664 0.0703125 0.0941406
0 0.432227 0.456445 0.0285156 0.0542969
0 0.145605 0.237256 0.0943359 0.198926
0 0.821094 0.818164 0.357812 0.326172
0 0.749219 0.806055 0.225 0.294141
0 0.780469 0.813281 0.284375 0.310937
0 0.693359 0.889453 0.100781 0.0742188
0 0.71543 0.796484 0.170703 0.305469
0 0.691602 0.900781 0.106641 0.0796875
0 0.32959 0.145313 0.530664 0.247656
0 0.23501 0.118237 0.301855 0.188525
0 0.81875 0.84375 0.3625 0.3125
0 0.312402 0.11272 0.483789 0.18042
0 0.54082 0.174756 0.0871094 0.111035
0 0.328516 0.104993 0.535156 0.207593
0 0.533203 0.179639 0.084375 0.116113
0 0.316504 0.0967285 0.468555 0.172168
0 0.805469 0.734375 0.134375 0.15
0 0.543555 0.164355 0.0878906 0.0986328
0 0.677734 0.889844 0.0859375 0.0890625
0 0.190576 0.106104 0.168066 0.149512
0 0.738086 0.135547 0.0550781 0.107422
0 0.294434 0.321094 0.523633 0.598437
0 0.311035 0.231738 0.504492 0.404492
0 0.817969 0.802344 0.364063 0.360938
0 0.151465 0.088208 0.0904297 0.134326
0 0.433398 0.401074 0.313672 0.580664
0 0.693164 0.744141 0.210547 0.394531
0 0.779492 0.707227 0.0738281 0.106641
0 0.149463 0.104663 0.0870117 0.133057
0 0.327246 0.18667 0.50332 0.318457
0 0.797852 0.70625 0.110547 0.103125
0 0.185059 0.0903809 0.150586 0.141504
0 0.814844 0.885156 0.370313 0.229687
0 0.736133 0.150439 0.0503906 0.11748
0 0.146582 0.24375 0.10293 0.207031
0 0.32832 0.293652 0.541797 0.527539
0 0.703711 0.866406 0.123828 0.115625
0 0.957422 0.433301 0.0851563 0.116992
0 0.535742 0.168457 0.0832031 0.0998047
0 0.754687 0.136377 0.071875 0.108887
0 0.780078 0.726953 0.0820312 0.132031
0 0.687305 0.794336 0.162109 0.312891
0 0.764063 0.645312 0.220313 0.673438
0 0.721289 0.754297 0.173047 0.366406
0 0.371094 0.295508 0.0273438 0.0457031
0 0.212695 0.116626 0.241016 0.178076
0 0.142969 0.177002 0.0960938 0.309668
0 0.778906 0.796289 0.260938 0.349609
0 0.751953 0.792578 0.214844 0.332031
0 0.198682 0.158179 0.200293 0.278955
0 0.343848 0.415625 0.476367 0.6875
0 0.335156 0.188184 0.530469 0.33418
0 0.210889 0.167334 0.23916 0.305957
0 0.784766 0.709961 0.283594 0.555078
0 0.75293 0.150684 0.0644531 0.116602
0 0.375391 0.128711 0.427344 0.238281
0 0.140625 0.19248 0.0984375 0.35293
0 0.854102 0.599707 0.241797 0.722461
0 0.74668 0.717773 0.247266 0.508203
0 0.830273 0.754297 0.206641 0.202344
0 0.14375 0.304102 0.0890625 0.0902344
0 0.149609 0.155737 0.107031 0.278369
0 0.135596 0.141943 0.062793 0.219629
0 0.715039 0.646973 0.279297 0.65918
0 0.122632 0.216016 0.115674 0.432031
0 0.289648 0.100293 0.425391 0.155273
0 0.802148 0.697266 0.114453 0.090625
0 0.137402 0.102661 0.0646484 0.136475
0 0.330371 0.245117 0.537695 0.450391
0 0.193164 0.19541 0.211328 0.329883
0 0.651172 0.527344 0.432031 0.945312
0 0.575195 0.524023 0.583984 0.945703
0 0.268262 0.187842 0.355664 0.322754
0 0.530664 0.195703 0.0871094 0.141797
0 0.419922 0.112305 0.539844 0.224609
0 0.767383 0.862109 0.268359 0.155469
0 0.739844 0.125879 0.0492188 0.0830078
0 0.705859 0.117773 0.588281 0.235547
0 0.12251 0.232813 0.110449 0.465625
0 0.741602 0.889063 0.252734 0.0890625
0 0.324023 0.15835 0.473828 0.28877
0 0.849219 0.535742 0.084375 0.0949219
0 0.555664 0.144043 0.0441406 0.0503906
0 0.85 0.666406 0.282813 0.648438
0 0.556055 0.123779 0.341016 0.23291
0 0.5375 0.191797 0.0898438 0.125391
0 0.58916 0.748438 0.470117 0.385938
0 0.555273 0.153467 0.0589844 0.0758789
0 0.957422 0.419824 0.0851563 0.126758
0 0.814453 0.568555 0.144531 0.795703
0 0.331738 0.415137 0.539648 0.741602
0 0.330273 0.17334 0.531641 0.313477
0 0.547461 0.386133 0.536328 0.577734
0 0.946484 0.100781 0.107031 0.201563
0 0.243359 0.325195 0.378125 0.605859
0 0.194873 0.173438 0.198535 0.313281
0 0.757422 0.877734 0.235156 0.192969
0 0.835156 0.718164 0.217188 0.135547
0 0.371973 0.285449 0.0333984 0.0798828
0 0.804688 0.159424 0.382812 0.316309
0 0.874609 0.314844 0.250781 0.629687
0 0.821484 0.116602 0.347656 0.233203
0 0.823242 0.640918 0.153516 0.696289
0 0.480273 0.391406 0.262109 0.557813
0 0.836719 0.537305 0.0640625 0.0910156
0 0.121826 0.186621 0.11377 0.373242
0 0.76875 0.707812 0.071875 0.105469
0 0.772461 0.566016 0.191016 0.799219
0 0.372559 0.28291 0.0283203 0.0490234
0 0.848047 0.572754 0.247656 0.813867
0 0.869922 0.562695 0.260156 0.733984
0 0.735742 0.136035 0.0441406 0.0896484
0 0.370508 0.303906 0.0277344 0.0527344
0 0.323145 0.0834473 0.545898 0.166895
0 0.849219 0.0492188 0.301563 0.0984375
0 0.768359 0.894922 0.282031 0.157031
0 0.353223 0.299609 0.504492 0.5
0 0.71543 0.560547 0.251953 0.814844
0 0.388379 0.15957 0.391211 0.264453
0 0.561328 0.14873 0.05625 0.0724609
0 0.398535 0.453516 0.367773 0.696094
0 0.562012 0.512012 0.552539 0.844727
0 0.562109 0.142969 0.0429688 0.0476562
0 0.145605 0.29375 0.0931641 0.103125
0 0.146484 0.273047 0.107813 0.485156
0 0.779297 0.696875 0.0773438 0.0914062
0 0.925391 0.162012 0.107031 0.120898
0 0.820703 0.218359 0.352344 0.436719
0 0.139258 0.243262 0.0820312 0.192383
0 0.132617 0.30752 0.0578125 0.0904297
0 0.542578 0.52832 0.585156 0.940234
0 0.657422 0.658398 0.453906 0.576953
0 0.675977 0.903125 0.0886719 0.0734375
0 0.246631 0.25293 0.314551 0.449609
0 0.304492 0.411719 0.520703 0.75
0 0.672266 0.706836 0.392969 0.483203
0 0.77832 0.701172 0.0652344 0.0835937
0 0.582812 0.510254 0.548438 0.829492
0 0.817383 0.708398 0.365234 0.564453
0 0.455957 0.448242 0.305273 0.691016
0 0.869141 0.274609 0.261719 0.549219
0 0.187939 0.118738 0.197559 0.190649
0 0.501855 0.111719 0.661914 0.223438
0 0.59502 0.701172 0.544336 0.485156
0 0.949219 0.0641113 0.101562 0.128223
0 0.275879 0.156055 0.0970703 0.0933594
0 0.102539 0.241016 0.205078 0.482031
0 0.69668 0.109277 0.606641 0.218555
0 0.739844 0.114746 0.065625 0.113086
0 0.203467 0.110229 0.235645 0.157666
0 0.960156 0.426855 0.0796875 0.111133
0 0.546094 0.147021 0.0882813 0.0856445
0 0.795313 0.274219 0.403125 0.548438
0 0.869141 0.605469 0.261719 0.679688
0 0.757812 0.12041 0.0703125 0.0677734
0 0.35752 0.141064 0.511523 0.238965
0 0.86875 0.111523 0.2625 0.223047
0 0.856641 0.53877 0.236719 0.870898
0 0.371191 0.295605 0.0380859 0.0900391
0 0.281543 0.13916 0.0982422 0.101367
0 0.807031 0.324414 0.379688 0.629297
0 0.792188 0.860938 0.25625 0.1625
0 0.293945 0.0610352 0.526953 0.12207
0 0.743164 0.122168 0.0449219 0.0683594
0 0.145703 0.208154 0.0984375 0.265723
0 0.139355 0.092041 0.0693359 0.141699
0 0.291406 0.152246 0.101562 0.0947266
0 0.732422 0.861328 0.217969 0.136719
0 0.742773 0.907813 0.264453 0.104688
0 0.68125 0.933203 0.144531 0.0945313
0 0.683789 0.890234 0.0839844 0.0539063
0 0.880078 0.869141 0.169531 0.178906
0 0.723242 0.114746 0.553516 0.229492
0 0.549316 0.453613 0.537305 0.708398
0 0.875 0.556055 0.15 0.129297
0 0.755273 0.126367 0.0722656 0.090625
0 0.892578 0.900781 0.208594 0.195312
0 0.650977 0.533203 0.407422 0.886719
0 0.866016 0.111523 0.267969 0.223047
0 0.933984 0.1 0.125781 0.2
0 0.776758 0.137695 0.118359 0.112109
0 0.873828 0.530664 0.124219 0.0933594
0 0.764258 0.848437 0.258984 0.1625
0 0.533203 0.742578 0.505469 0.414844
0 0.58418 0.791406 0.420703 0.325
0 0.215576 0.144897 0.249316 0.193018
0 0.130566 0.179297 0.17793 0.358594
0 0.0982422 0.231641 0.196484 0.463281
0 0.570312 0.163379 0.210938 0.101758
0 0.735156 0.131348 0.0273438 0.0492188
0 0.880469 0.523633 0.132812 0.0925781
0 0.730859 0.847461 0.222656 0.164453
0 0.344141 0.470508 0.460938 0.776172
0 0.405078 0.515625 0.341406 0.83125
0 0.617383 0.530273 0.515234 0.939453
0 0.229395 0.119263 0.231836 0.173975
0 0.0972656 0.262891 0.194531 0.525781
0 0.150684 0.107007 0.0751953 0.118018
0 0.137109 0.105396 0.0574219 0.113428
0 0.188965 0.110718 0.152539 0.119189
0 0.692578 0.883984 0.1 0.0757812
0 0.677539 0.88125 0.0730469 0.08125
0 0.18833 0.0941162 0.149121 0.127197
0 0.809766 0.759375 0.139844 0.175
0 0.75918 0.15332 0.0691406 0.116016
0 0.810156 0.719531 0.139063 0.115625
0 0.773242 0.139893 0.0988281 0.116699
0 0.137207 0.096167 0.0619141 0.142041
0 0.153174 0.0913818 0.0834961 0.126611
0 0.758984 0.139941 0.0742188 0.117773
0 0.678906 0.864453 0.0859375 0.114844
0 0.186084 0.0813477 0.149316 0.157031
0 0.77168 0.151367 0.0957031 0.111719
0 0.773242 0.121167 0.103516 0.145166
0 0.553125 0.204492 0.109375 0.144531
0 0.829492 0.75957 0.178516 0.188672
0 0.550391 0.185156 0.096875 0.121094
0 0.781055 0.742188 0.0816406 0.1375
0 0.814648 0.776953 0.144141 0.191406
0 0.812695 0.696875 0.143359 0.121875
0 0.730859 0.887109 0.222656 0.0882813
0 0.831641 0.739844 0.185156 0.167187
0 0.72832 0.845508 0.199609 0.171484
0 0.134375 0.124194 0.0548828 0.105908
0 0.334424 0.116504 0.440527 0.233008
0 0.670117 0.880078 0.0777344 0.0867188
0 0.189404 0.132568 0.156348 0.13291
0 0.212305 0.126074 0.207422 0.159961
0 0.789844 0.775391 0.1 0.189844
0 0.709766 0.866406 0.132031 0.1125
0 0.57793 0.185742 0.145703 0.128516
0 0.834766 0.707617 0.189844 0.145703
0 0.383105 0.119727 0.497852 0.239453
0 0.767578 0.705859 0.0523438 0.0609375
0 0.312695 0.142651 0.157422 0.14165
0 0.537402 0.158105 0.448633 0.283008
0 0.850977 0.677246 0.298047 0.629883
0 0.358008 0.277344 0.513672 0.498437
0 0.821484 0.813281 0.353906 0.339063
0 0.821484 0.769922 0.357031 0.449219
0 0.758203 0.145605 0.0742188 0.111133
0 0.139014 0.0903809 0.0655273 0.105176
0 0.367383 0.13252 0.578516 0.231055
0 0.820703 0.68418 0.358594 0.612891
0 0.388965 0.275488 0.601758 0.511523
0 0.862305 0.262109 0.275391 0.496875
0 0.151514 0.0957764 0.0797852 0.117432
0 0.379297 0.216211 0.561719 0.406641
0 0.758594 0.140137 0.08125 0.118555
0 0.68418 0.891797 0.100391 0.111719
0 0.698047 0.891406 0.125781 0.101562
0 0.185938 0.0993652 0.160938 0.130566
0 0.422754 0.221582 0.64668 0.42793
0 0.953125 0.41748 0.09375 0.131445
0 0.695312 0.896875 0.126563 0.09375
0 0.138623 0.0878662 0.0696289 0.128369
0 0.217822 0.118213 0.225293 0.174512
0 0.139209 0.0933105 0.0495117 0.100684
0 0.530664 0.17915 0.0917969 0.113574
0 0.139063 0.103833 0.0490234 0.0968262
0 0.184668 0.0860352 0.153711 0.128711
0 0.154102 0.0841797 0.0863281 0.127344
0 0.860547 0.680371 0.278906 0.639258
0 0.323242 0.112598 0.204297 0.138477
0 0.379785 0.132227 0.55918 0.250391
0 0.542578 0.176465 0.103125 0.107227
0 0.348535 0.0871826 0.629492 0.128174
0 0.954297 0.434668 0.0914062 0.149414
0 0.321582 0.133276 0.209961 0.137354
0 0.241309 0.124805 0.250977 0.178516
0 0.276172 0.155908 0.117969 0.115527
0 0.145459 0.091333 0.062207 0.107568
0 0.222607 0.0919189 0.23252 0.146631
0 0.766211 0.705273 0.0503906 0.0589844
0 0.832031 0.535547 0.0328125 0.0460938
0 0.574219 0.116528 0.132812 0.171631
0 0.935547 0.0952881 0.128906 0.186768
0 0.774609 0.138721 0.103906 0.118262
0 0.820312 0.834375 0.359375 0.285938
0 0.134229 0.109082 0.0370117 0.0712891
0 0.531641 0.20498 0.0976562 0.147852
0 0.821484 0.679297 0.357031 0.628906
0 0.864648 0.873828 0.245703 0.194531
0 0.768555 0.697852 0.0472656 0.0589844
0 0.141064 0.0825439 0.0506836 0.0757324
0 0.747266 0.140918 0.0695313 0.126367
0 0.685547 0.902344 0.104688 0.107813
0 0.681641 0.89375 0.0789063 0.053125
0 0.680859 0.883984 0.0835937 0.0617188
0 0.547461 0.168848 0.100391 0.0974609
0 0.757617 0.12168 0.0691406 0.0662109
0 0.34043 0.128711 0.181641 0.148047
0 0.755273 0.536133 0.130078 0.0800781
0 0.733398 0.531055 0.0613281 0.0535156
0 0.276367 0.137598 0.126172 0.0919922
0 0.773047 0.15459 0.102344 0.129883
0 0.313965 0.266602 0.411914 0.476953
0 0.8125 0.302441 0.071875 0.105273
0 0.835547 0.750586 0.205469 0.192578
0 0.475977 0.28418 0.782422 0.517578
0 0.738281 0.538672 0.0523438 0.0632813
0 0.345313 0.111475 0.160156 0.130957
0 0.770898 0.702344 0.0613281 0.0632813
0 0.925391 0.908594 0.149219 0.182812
0 0.323828 0.0916016 0.2125 0.143164
0 0.773438 0.693945 0.0578125 0.0628906
0 0.674805 0.884766 0.0699219 0.0617188
0 0.147949 0.0744141 0.0556641 0.08125
0 0.941016 0.403711 0.0726563 0.0988281
0 0.543359 0.157227 0.0507812 0.0632813
0 0.701953 0.869141 0.135937 0.121094
0 0.744336 0.134424 0.0574219 0.0850586
0 0.133447 0.0981445 0.0389648 0.0660156
0 0.542578 0.14668 0.0515625 0.0527344
0 0.758594 0.122876 0.084375 0.155029
0 0.400586 0.0911133 0.0589844 0.0720703
0 0.313281 0.11875 0.242969 0.124219
0 0.952734 0.401465 0.0945313 0.136914
0 0.753125 0.144189 0.065625 0.0999023
0 0.550586 0.155176 0.0542969 0.0626953
0 0.774023 0.108374 0.108203 0.200439
0 0.534375 0.282324 0.776563 0.51582
0 0.8375 0.532031 0.0546875 0.0609375
0 0.144336 0.0697266 0.0486328 0.0595703
0 0.828906 0.541992 0.034375 0.0472656
0 0.773828 0.112061 0.107031 0.172363
0 0.756641 0.132227 0.0695313 0.0757812
0 0.138525 0.112109 0.0491211 0.0804688
0 0.567383 0.258984 0.679297 0.457031
0 0.917188 0.271289 0.165625 0.532422
0 0.150684 0.0666992 0.0521484 0.0615234
0 0.825977 0.429492 0.348047 0.842578
0 0.305664 0.140967 0.191016 0.0993164
0 0.570898 0.130615 0.144141 0.15166
0 0.296484 0.156641 0.157031 0.119922
0 0.935938 0.106934 0.125 0.201758
0 0.835938 0.680469 0.328125 0.634375
0 0.938281 0.394629 0.0640625 0.0857422
0 0.738477 0.868359 0.224609 0.146094
0 0.821094 0.315332 0.0859375 0.132617
0 0.426074 0.153467 0.654102 0.288379
0 0.40332 0.0828857 0.0566406 0.0760254
0 0.761523 0.708008 0.0378906 0.0511719
0 0.254541 0.125806 0.214355 0.154639
0 0.847461 0.42627 0.305078 0.825586
0 0.957031 0.424707 0.0859375 0.127148
0 0.873828 0.253125 0.252344 0.50625
0 0.770117 0.86875 0.270703 0.165625
0 0.115405 0.0864746 0.109619 0.134473
0 0.414453 0.274609 0.632031 0.495313
0 0.152344 0.0571411 0.0519531 0.06521
0 0.396289 0.0863281 0.0511719 0.0732422
0 0.533008 0.166748 0.0871094 0.0915039
0 0.78457 0.541016 0.196484 0.0828125
0 0.748242 0.124316 0.0613281 0.0736328
0 0.560547 0.124243 0.124219 0.179639
0 0.689453 0.893359 0.0773438 0.0492188
0 0.576758 0.0971191 0.130859 0.187012
0 0.728906 0.536328 0.0796875 0.0804688
0 0.748633 0.846875 0.257422 0.175
0 0.394727 0.0939697 0.0472656 0.0591309
0 0.741602 0.14375 0.0511719 0.096875
0 0.769531 0.11958 0.0484375 0.0504883
0 0.832422 0.539453 0.0539063 0.0609375
0 0.316113 0.128687 0.453711 0.225439
0 0.955078 0.404004 0.0898438 0.101367
0 0.673828 0.892188 0.0710938 0.053125
0 0.683789 0.873828 0.101172 0.141406
0 0.346387 0.0918945 0.161914 0.127148
0 0.841211 0.710547 0.212891 0.127344
0 0.144727 0.102881 0.0660156 0.104785
0 0.758203 0.111328 0.0710938 0.0744141
0 0.900391 0.9125 0.199219 0.175
0 0.868945 0.645898 0.262109 0.548828
0 0.926953 0.379199 0.0257812 0.0423828
0 0.925781 0.397852 0.0546875 0.0949219
0 0.547461 0.145166 0.0550781 0.0532227
0 0.810352 0.285352 0.0714844 0.102734
0 0.927734 0.391602 0.0414063 0.0738281
0 0.294922 0.146582 0.0894531 0.0716797
0 0.551172 0.164014 0.0570313 0.0829102
0 0.355664 0.0410156 0.711328 0.0820312
0 0.737109 0.448926 0.525781 0.802148
0 0.258496 0.133984 0.0576172 0.0695313
0 0.969531 0.419922 0.0578125 0.06875
0 0.776758 0.119629 0.0417969 0.0464844
0 0.832422 0.47207 0.335156 0.871484
0 0.543164 0.166406 0.0511719 0.0824219
0 0.317676 0.0986328 0.277148 0.146484
0 0.942578 0.422754 0.0914062 0.144336
0 0.147217 0.0614746 0.050293 0.0643555
0 0.923438 0.654297 0.153125 0.217969
0 0.957031 0.419336 0.0734375 0.0746094
0 0.156641 0.089624 0.0664062 0.106689
0 0.926953 0.63457 0.146094 0.236328
0 0.819141 0.109424 0.214844 0.190527
0 0.923438 0.713281 0.153125 0.18125
0 0.554199 0.206055 0.757227 0.373828
0 0.728125 0.520117 0.0640625 0.0410156
0 0.953906 0.369922 0.0921875 0.141406
0 0.724414 0.520703 0.0691406 0.0398437
0 0.933594 0.445801 0.132812 0.883398
0 0.945703 0.443457 0.108594 0.759961
0 0.957031 0.408887 0.08125 0.0861328
0 0.72832 0.533008 0.0644531 0.0582031
0 0.495215 0.219141 0.776758 0.413281
0 0.924609 0.671094 0.150781 0.18125
0 0.878125 0.876953 0.24375 0.196094
0 0.252979 0.138379 0.16123 0.113477
0 0.928906 0.891797 0.142188 0.216406
0 0.735742 0.891016 0.212891 0.122656
0 0.978125 0.416211 0.04375 0.0613281
0 0.310254 0.146631 0.0591797 0.065332
0 0.608105 0.270605 0.675977 0.49707
0 0.915234 0.678809 0.169531 0.636133
0 0.732617 0.540625 0.0488281 0.0625
0 0.812891 0.29248 0.0570313 0.0638672
0 0.134131 0.0831543 0.040332 0.0543945
0 0.747461 0.146289 0.0660156 0.115625
0 0.283008 0.144385 0.0914062 0.069043
0 0.156738 0.0752686 0.0646484 0.0887207
0 0.767773 0.129248 0.0488281 0.0567383
0 0.95625 0.396094 0.084375 0.0765625
0 0.535156 0.148242 0.0570313 0.0542969
0 0.932813 0.384277 0.0578125 0.0751953
0 0.552734 0.140332 0.110156 0.130273
0 0.543945 0.196582 0.0972656 0.130664
0 0.951172 0.648438 0.0976562 0.546875
0 0.268164 0.144482 0.0597656 0.0641602
0 0.763086 0.70332 0.0488281 0.0550781
0 0.73418 0.387305 0.531641 0.737109
0 0.903516 0.739844 0.192969 0.173438
0 0.717578 0.140112 0.133594 0.140479
0 0.134814 0.120117 0.0342773 0.0525391
0 0.268945 0.136523 0.078125 0.0808594
0 0.763281 0.715625 0.0515625 0.0640625
0 0.969922 0.40957 0.0601563 0.0667969
0 0.248682 0.104199 0.271387 0.172461
0 0.821289 0.1396 0.215234 0.165332
0 0.766406 0.882422 0.265625 0.153906
0 0.810938 0.811719 0.34375 0.31875
0 0.543945 0.136523 0.0488281 0.0474609
0 0.156348 0.065332 0.0650391 0.0738281
0 0.776953 0.127979 0.0460938 0.0573242
0 0.743555 0.529883 0.0722656 0.0574219
0 0.842578 0.700391 0.211719 0.103906
0 0.284326 0.122241 0.219629 0.11958
0 0.728906 0.369531 0.504687 0.696875
0 0.762695 0.138867 0.0558594 0.0890625
0 0.807422 0.283008 0.0539063 0.0507812
0 0.409668 0.0906738 0.0767578 0.0881836
0 0.29541 0.137451 0.0990234 0.0844727
0 0.811328 0.332422 0.0742188 0.150781
0 0.602734 0.204688 0.700781 0.348438
0 0.716797 0.248926 0.566406 0.470898
0 0.271533 0.107568 0.283496 0.171582
0 0.942969 0.416406 0.075 0.0765625
0 0.743945 0.536914 0.0699219 0.0730469
0 0.31084 0.137842 0.0634766 0.0733398
0 0.431055 0.0865967 0.218359 0.140869
0 0.742578 0.154785 0.05 0.0876953
0 0.13623 0.12666 0.0482422 0.0570313
0 0.24834 0.13374 0.0630859 0.071582
0 0.82168 0.101367 0.220703 0.200391
0 0.709766 0.852148 0.171094 0.183203
0 0.747266 0.548828 0.135156 0.107031
0 0.808594 0.277051 0.053125 0.0447266
0 0.930859 0.923438 0.138281 0.153125
0 0.770898 0.697266 0.0488281 0.0554687
0 0.324219 0.158887 0.215625 0.151758
0 0.752539 0.154688 0.0652344 0.0941406
0 0.925391 0.231641 0.149219 0.463281
0 0.929688 0.37207 0.0265625 0.0378906
0 0.409961 0.0811035 0.0691406 0.074707
0 0.895703 0.86875 0.208594 0.196875
0 0.769141 0.110449 0.0554687 0.0486328
0 0.780664 0.700195 0.0699219 0.0746094
0 0.27666 0.177002 0.127539 0.144824
0 0.955859 0.489063 0.0882813 0.277344
0 0.740625 0.904297 0.240625 0.107031
0 0.204346 0.126929 0.177246 0.221143
0 0.667969 0.875391 0.0875 0.158594
0 0.397852 0.10376 0.0589844 0.0696289
0 0.817969 0.699219 0.165625 0.0992187
0 0.869141 0.854102 0.255469 0.191797
0 0.952344 0.3375 0.0953125 0.353125
0 0.811328 0.281738 0.0554687 0.0517578
0 0.825781 0.867578 0.2 0.178906
0 0.614844 0.093457 0.0421875 0.0527344
0 0.557617 0.154834 0.0652344 0.0750977
0 0.184961 0.0699829 0.153906 0.106519
0 0.851367 0.385645 0.297266 0.763867
0 0.138574 0.0733154 0.0494141 0.0562988
0 0.40332 0.0888916 0.130859 0.122803
0 0.869922 0.751172 0.253906 0.191406
0 0.727734 0.548047 0.0835937 0.105469
0 0.728516 0.304883 0.542969 0.577734
0 0.757617 0.107544 0.0878906 0.190771
0 0.283887 0.136426 0.106836 0.0884766
0 0.819922 0.877344 0.360156 0.245312
0 0.574219 0.155713 0.155469 0.130371
0 0.862109 0.460742 0.275781 0.844141
0 0.15874 0.057666 0.0762695 0.075293
0 0.733984 0.520898 0.0664062 0.0363281
0 0.830859 0.532617 0.0335938 0.0472656
0 0.809375 0.710938 0.148438 0.116406
0 0.396777 0.0775635 0.0517578 0.0802246
0 0.319531 0.143799 0.0445313 0.0567383
0 0.688477 0.884766 0.0917969 0.0585938
0 0.666797 0.889453 0.0742188 0.113281
0 0.563281 0.100195 0.1375 0.197266
0 0.387305 0.0868896 0.0613281 0.0805176
0 0.757031 0.530664 0.157813 0.0785156
0 0.294775 0.105469 0.290137 0.158984
0 0.464453 0.220898 0.724219 0.420703
0 0.534961 0.159326 0.0558594 0.0676758
0 0.978516 0.405664 0.0429688 0.0550781
0 0.878125 0.857813 0.24375 0.215625
0 0.664746 0.278711 0.670508 0.519141
0 0.913672 0.492773 0.172656 0.262891
0 0.858203 0.0886963 0.283594 0.165967
0 0.811133 0.739844 0.157422 0.1625
0 0.545898 0.318164 0.723828 0.605859
0 0.255371 0.12583 0.0744141 0.0895508
0 0.74707 0.120483 0.0808594 0.163721
0 0.907422 0.926562 0.185156 0.146875
0 0.868164 0.711328 0.248047 0.130469
0 0.258594 0.144727 0.0515625 0.0578125
0 0.84375 0.535547 0.071875 0.0742188
0 0.777734 0.691797 0.0523438 0.0640625
0 0.826563 0.536523 0.0390625 0.0527344
0 0.772656 0.845898 0.278125 0.162891
0 0.713281 0.439355 0.496875 0.758789
0 0.144629 0.110327 0.0685547 0.0855957
0 0.293262 0.155957 0.0689453 0.0623047
0 0.569043 0.305273 0.635352 0.531641
0 0.699023 0.877734 0.127734 0.124219
0 0.160156 0.105298 0.103516 0.158936
0 0.760938 0.149902 0.08125 0.138867
0 0.68457 0.880078 0.0996094 0.124219
0 0.832422 0.654297 0.335156 0.633594
0 0.818359 0.685938 0.363281 0.573438
0 0.173828 0.0781982 0.121094 0.148291
0 0.138379 0.109033 0.0701172 0.165918
0 0.136133 0.121704 0.0695313 0.160498
0 0.732617 0.85625 0.187891 0.140625
0 0.532813 0.200586 0.102344 0.163281
0 0.554102 0.0823242 0.169141 0.164648
0 0.760352 0.134619 0.0824219 0.125293
0 0.700391 0.862891 0.129688 0.121094
0 0.174902 0.100952 0.128711 0.161768
0 0.159473 0.0803467 0.0974609 0.149072
0 0.160059 0.118115 0.108398 0.165332
0 0.819531 0.817383 0.360938 0.338672
0 0.196338 0.1646 0.188574 0.315332
0 0.954297 0.426758 0.0914062 0.151172
0 0.772461 0.812891 0.255078 0.311719
0 0.816992 0.842383 0.366016 0.293359
0 0.819922 0.774414 0.360156 0.424609
0 0.167139 0.15752 0.119629 0.312305
0 0.130518 0.110229 0.065918 0.175244
0 0.552344 0.128149 0.179688 0.254639
0 0.130322 0.124902 0.0583008 0.17207
0 0.817578 0.651074 0.364844 0.638477
0 0.736328 0.840234 0.199219 0.116406
0 0.731055 0.876953 0.184766 0.142969
0 0.953906 0.408887 0.0921875 0.131445
0 0.139648 0.104932 0.0476562 0.107129
0 0.136475 0.159521 0.0727539 0.175879
0 0.761719 0.111304 0.0859375 0.144971
0 0.131982 0.104492 0.0411133 0.0939453
0 0.136621 0.141113 0.0695313 0.164648
0 0.814063 0.439648 0.371875 0.878516
0 0.749805 0.147363 0.0644531 0.136133
0 0.576953 0.12124 0.124219 0.161426
0 0.575195 0.0839356 0.137109 0.164746
0 0.140039 0.0932617 0.0486328 0.10625
0 0.853516 0.63623 0.292969 0.600977
0 0.934375 0.909375 0.13125 0.18125
0 0.75 0.131909 0.065625 0.130322
0 0.773633 0.0999756 0.0996094 0.162158
0 0.769141 0.696289 0.0492188 0.0707031
0 0.680078 0.883594 0.0851563 0.0796875
0 0.679102 0.893359 0.0769531 0.0664062
0 0.530859 0.0793213 0.135156 0.156592
0 0.136572 0.207959 0.0834961 0.190332
0 0.286816 0.403125 0.42168 0.75625
0 0.55 0.196777 0.104688 0.168164
0 0.136475 0.240479 0.0875977 0.169824
0 0.805273 0.733984 0.125391 0.161719
0 0.832031 0.533008 0.0328125 0.0582031
0 0.168701 0.11543 0.125488 0.230859
0 0.852148 0.253125 0.295703 0.50625
0 0.666797 0.878125 0.0671875 0.114063
0 0.129297 0.159766 0.0582031 0.194531
0 0.531836 0.183105 0.0996094 0.153711
0 0.76582 0.705078 0.0511719 0.06875
0 0.55 0.176758 0.103906 0.164844
0 0.55 0.149268 0.18125 0.29209
0 0.773047 0.122705 0.0976562 0.151465
0 0.67168 0.883203 0.0683594 0.0773438
0 0.206543 0.248828 0.206055 0.461719
0 0.13667 0.182178 0.077832 0.179395
0 0.683594 0.862109 0.1 0.114844
0 0.128223 0.180811 0.0601563 0.187598
0 0.828906 0.74043 0.167187 0.191016
0 0.174414 0.118311 0.133984 0.178223
0 0.827344 0.541211 0.034375 0.0574219
0 0.292578 0.308887 0.407031 0.589258
0 0.12749 0.211133 0.0625977 0.182422
0 0.933984 0.930469 0.128906 0.129688
0 0.140234 0.0841309 0.0664062 0.15498
0 0.57832 0.10332 0.123047 0.155859
0 0.556055 0.0595215 0.183203 0.119043
0 0.775195 0.693359 0.0558594 0.0742188
0 0.69082 0.892969 0.0589844 0.0625
0 0.775 0.0813232 0.103125 0.156494
0 0.954297 0.376172 0.0914062 0.153125
0 0.118335 0.0864746 0.105127 0.165332
0 0.557422 0.10271 0.146094 0.156299
0 0.129883 0.146191 0.0580078 0.188867
0 0.182715 0.459375 0.36543 0.853125
0 0.946875 0.637402 0.10625 0.579883
0 0.668945 0.892969 0.0644531 0.0671875
0 0.774023 0.15376 0.0988281 0.163965
0 0.293164 0.256543 0.399609 0.483789
0 0.832617 0.447656 0.334766 0.8375
0 0.907422 0.478711 0.185156 0.232422
0 0.552344 0.153418 0.105469 0.133008
0 0.354102 0.41377 0.538672 0.788086
0 0.132715 0.114307 0.0384766 0.0829102
0 0.762305 0.707031 0.0347656 0.0546875
0 0.15 0.45752 0.3 0.850586
0 0.807031 0.404687 0.385938 0.809375
0 0.13916 0.116846 0.0470703 0.106152
0 0.199414 0.122412 0.192578 0.233301
0 0.688867 0.884375 0.0777344 0.08125
0 0.635352 0.858594 0.132422 0.120313
0 0.229785 0.404102 0.34043 0.743359
0 0.148438 0.0938232 0.0574219 0.112744
0 0.837891 0.530664 0.0507812 0.0761719
0 0.132959 0.096582 0.0387695 0.0746094
0 0.575 0.140723 0.125781 0.189258
0 0.20459 0.18584 0.201758 0.344727
0 0.481641 0.148535 0.288281 0.29707
0 0.944141 0.433594 0.111719 0.867188
0 0.934375 0.0867188 0.13125 0.173438
0 0.77168 0.701758 0.0566406 0.0753906
0 0.555664 0.133545 0.118359 0.124707
0 0.167383 0.408105 0.334766 0.746289
0 0.702539 0.844531 0.137891 0.1125
0 0.760938 0.0851074 0.090625 0.157129
0 0.539453 0.125391 0.169531 0.250781
0 0.344531 0.327246 0.528125 0.645508
0 0.907813 0.887109 0.18125 0.196094
0 0.643555 0.152246 0.358203 0.304102
0 0.853711 0.661133 0.292578 0.648047
0 0.577148 0.150684 0.242578 0.299414
0 0.141016 0.0818115 0.0498047 0.092041
0 0.139063 0.407813 0.278125 0.75
0 0.904688 0.910937 0.182812 0.178125
0 0.944922 0.0554687 0.110156 0.110937
0 0.935547 0.890625 0.128906 0.203125
0 0.905078 0.48457 0.189844 0.213672
0 0.759961 0.836328 0.233203 0.132031
0 0.834375 0.540234 0.05 0.0796875
0 0.947656 0.400879 0.104688 0.363867
0 0.757227 0.120996 0.0636719 0.0716797
0 0.203027 0.0806397 0.173633 0.158643
0 0.238232 0.251563 0.28291 0.482812
0 0.126416 0.180273 0.0512695 0.0792969
0 0.772656 0.119189 0.0390625 0.0551758
0 0.776563 0.118359 0.0421875 0.059375
0 0.750586 0.111987 0.0753906 0.151025
0 0.81875 0.841016 0.354688 0.292969
0 0.699609 0.133594 0.408594 0.267188
0 0.147412 0.105591 0.0606445 0.112842
0 0.543945 0.15498 0.0449219 0.0689453
0 0.945312 0.42793 0.0875 0.152734
0 0.958203 0.423828 0.0835937 0.139063
0 0.834375 0.405469 0.33125 0.810938
0 0.854883 0.439844 0.290234 0.879687
0 0.962891 0.0553223 0.0742188 0.110645
0 0.829688 0.706836 0.16875 0.130078
0 0.763867 0.7 0.0457031 0.0664062
0 0.95625 0.401953 0.0875 0.125781
0 0.237109 0.204004 0.278125 0.395117
0 0.116895 0.453809 0.233789 0.848633
0 0.660352 0.883984 0.0480469 0.0648438
0 0.533008 0.222412 0.100391 0.156738
0 0.95625 0.368945 0.0875 0.148047
0 0.224023 0.16416 0.251953 0.324414
0 0.938281 0.491895 0.123438 0.334961
0 0.202002 0.310059 0.256934 0.589258
0 0.65332 0.875 0.0808594 0.114063
0 0.168115 0.181787 0.130957 0.346582
0 0.666406 0.862891 0.0726563 0.111719
0 0.551367 0.152588 0.0480469 0.0764648
0 0.172656 0.059082 0.120703 0.118164
0 0.758008 0.858984 0.224609 0.157031
0 0.238672 0.305273 0.310156 0.566016
0 0.802148 0.708594 0.122266 0.122656
0 0.137939 0.129346 0.0461914 0.103418
0 0.318945 0.607813 0.0578125 0.0523438
0 0.127441 0.166064 0.0509766 0.0975586
0 0.741797 0.130469 0.0546875 0.096875
0 0.762695 0.173047 0.0855469 0.162891
0 0.548633 0.141699 0.0464844 0.0716797
0 0.914453 0.936328 0.152344 0.121094
0 0.173535 0.101367 0.145117 0.202734
0 0.705273 0.150732 0.470703 0.300879
0 0.750781 0.764063 0.207813 0.36875
0 0.782031 0.692383 0.065625 0.0785156
0 0.545703 0.144336 0.0398437 0.0570313
0 0.614453 0.0913818 0.0398437 0.0660645
0 0.771484 0.108057 0.0476562 0.0670898
0 0.674414 0.873828 0.0730469 0.0914062
0 0.903516 0.864648 0.192969 0.197266
0 0.755273 0.130176 0.0628906 0.0839844
0 0.925 0.389844 0.0296875 0.0765625
0 0.695312 0.261523 0.426563 0.511328
0 0.74668 0.464258 0.501953 0.862109
0 0.109277 0.400586 0.218555 0.756641
0 0.170117 0.261621 0.144141 0.47832
0 0.574414 0.0592773 0.187891 0.118555
0 0.757812 0.108643 0.0671875 0.0801758
0 0.149609 0.0805664 0.0539063 0.103125
0 0.928516 0.390234 0.0382813 0.0757812
0 0.227148 0.464063 0.398828 0.853125
0 0.745313 0.80957 0.234375 0.123047
0 0.777734 0.126855 0.0429688 0.0667969
0 0.784961 0.757812 0.117578 0.204688
0 0.699414 0.896094 0.128516 0.134375
0 0.160889 0.0924561 0.0629883 0.106885
0 0.942578 0.412012 0.0804688 0.130664
0 0.125146 0.240771 0.0661133 0.164941
0 0.209863 0.0591797 0.186914 0.118359
0 0.5875 0.211182 0.220313 0.418262
0 0.516797 0.203564 0.0953125 0.167871
0 0.326855 0.606836 0.0455078 0.0464844
0 0.137842 0.13916 0.0481445 0.0978516
0 0.7125 0.820312 0.171875 0.142188
0 0.771484 0.12793 0.0398437 0.0632813
0 0.129443 0.30625 0.0518555 0.0742188
0 0.281348 0.465723 0.443555 0.856055
0 0.703711 0.884766 0.0683594 0.0945313
0 0.137109 0.281348 0.084375 0.10957
0 0.953906 0.344434 0.0921875 0.219727
0 0.311426 0.608398 0.0552734 0.0496094
0 0.77832 0.105444 0.0433594 0.0715332
0 0.562305 0.779492 0.0347656 0.0816406
0 0.805469 0.69375 0.13125 0.096875
0 0.879297 0.866797 0.241406 0.199219
0 0.928125 0.37793 0.025 0.0449219
0 0.128809 0.317871 0.0462891 0.0615234
0 0.612891 0.101318 0.0445313 0.0786133
0 0.561328 0.801953 0.0296875 0.0492188
0 0.834375 0.694531 0.175 0.0953125
0 0.9 0.633203 0.2 0.614844
0 0.808594 0.0854004 0.171875 0.170801
0 0.548828 0.214502 0.107813 0.169043
0 0.874609 0.864062 0.250781 0.21875
0 0.745703 0.12168 0.0601563 0.0828125
0 0.849805 0.122266 0.289453 0.244531
0 0.808789 0.0988281 0.169922 0.1875
0 0.905078 0.509375 0.189844 0.203906
0 0.129639 0.152588 0.0479492 0.106152
0 0.552539 0.204688 0.171484 0.399219
0 0.913281 0.662598 0.173438 0.645117
0 0.120557 0.181738 0.0338867 0.0576172
0 0.938672 0.396094 0.0570313 0.0945313
0 0.966797 0.419141 0.0554687 0.1125
0 0.7625 0.716211 0.046875 0.0769531
0 0.781641 0.700781 0.0632813 0.084375
0 0.984766 0.0400879 0.0304688 0.0801758
0 0.738281 0.307813 0.523438 0.604688
0 0.91875 0.061084 0.1625 0.122168
0 0.36377 0.414062 0.497461 0.80625
0 0.810352 0.719141 0.321484 0.458594
0 0.159863 0.0813965 0.0646484 0.104395
0 0.725977 0.518164 0.0675781 0.0511719
0 0.691797 0.873047 0.1 0.102344
0 0.125732 0.191797 0.0516602 0.0886719
0 0.547656 0.259863 0.18125 0.517773
0 0.778516 0.685742 0.0539063 0.0886719
0 0.116235 0.215039 0.202686 0.420703
0 0.825 0.542578 0.0296875 0.0476562
0 0.143701 0.070459 0.0463867 0.0670898
0 0.776953 0.181689 0.105469 0.226855
0 0.495117 0.579688 0.0246094 0.046875
0 0.13291 0.139453 0.0404297 0.0847656
0 0.77168 0.689258 0.0519531 0.0824219
0 0.827734 0.534766 0.0351562 0.059375
0 0.1104 0.158643 0.188184 0.306934
0 0.594141 0.120483 0.10625 0.152002
0 0.545508 0.259766 0.0285156 0.0410156
0 0.787109 0.531836 0.194531 0.112891
0 0.855078 0.710352 0.205469 0.133984
0 0.742969 0.415234 0.514063 0.808594
0 0.560156 0.793164 0.028125 0.0527344
0 0.737109 0.253125 0.525781 0.50625
0 0.449414 0.342676 0.353516 0.675586
0 0.924219 0.417578 0.151562 0.835156
0 0.526953 0.410254 0.196875 0.810742
0 0.739844 0.141943 0.0492188 0.104395
0 0.939063 0.406836 0.0625 0.112891
0 0.3125 0.603711 0.0585938 0.0488281
0 0.946094 0.281445 0.107813 0.562891
0 0.718555 0.133838 0.137891 0.140527
0 0.779297 0.194141 0.110156 0.233594
0 0.580859 0.142993 0.216406 0.27417
0 0.839844 0.535156 0.071875 0.0960938
0 0.713477 0.222217 0.483984 0.436816
0 0.450195 0.403223 0.332422 0.804492
0 0.927734 0.401465 0.0492188 0.108789
0 0.617969 0.0789551 0.0375 0.0756836
0 0.841992 0.349805 0.316016 0.699609
0 0.922266 0.398438 0.0351562 0.0828125
0 0.297754 0.606445 0.0271484 0.0332031
0 0.80957 0.340625 0.380859 0.68125
0 0.820703 0.631445 0.358594 0.612109
0 0.844531 0.527734 0.065625 0.0867188
0 0.639844 0.3125 0.373437 0.60625
0 0.135986 0.0825928 0.034082 0.057666
0 0.320117 0.603906 0.0570313 0.0445313
0 0.750195 0.532031 0.135547 0.109375
0 0.127246 0.106836 0.0300781 0.0667969
0 0.508789 0.218555 0.258203 0.437109
0 0.95625 0.333691 0.0875 0.204492
0 0.953125 0.903125 0.09375 0.159375
0 0.845703 0.216797 0.308594 0.433594
0 0.769336 0.686523 0.0691406 0.0972656
0 0.788672 0.728906 0.0976562 0.145313
0 0.546094 0.266406 0.0257812 0.0421875
0 0.722656 0.519531 0.0671875 0.059375
0 0.681445 0.873438 0.0957031 0.0984375
0 0.810547 0.60957 0.378906 0.740234
0 0.139502 0.106152 0.0594727 0.107617
0 0.695312 0.879687 0.110156 0.0984375
0 0.319238 0.606641 0.0697266 0.059375
0 0.925391 0.34082 0.149219 0.681641
0 0.669922 0.893359 0.0609375 0.0664062
0 0.764844 0.708008 0.0453125 0.0613281
0 0.312793 0.607617 0.0634766 0.0582031
0 0.820703 0.5625 0.358594 0.810938
0 0.768164 0.704883 0.0511719 0.0667969
0 0.675391 0.892578 0.0734375 0.0664062
0 0.811328 0.669922 0.377344 0.613281
0 0.845313 0.612109 0.309375 0.755469
0 0.933594 0.576172 0.132812 0.791406
0 0.131055 0.104004 0.0449219 0.0876953
0 0.139258 0.0913086 0.0490234 0.0857422
0 0.130762 0.395313 0.261523 0.765625
0 0.933984 0.575586 0.132031 0.817578
0 0.5625 0.791797 0.0359375 0.0757812
0 0.780078 0.117383 0.0367188 0.0480469
0 0.303223 0.606641 0.0384766 0.0429688
0 0.844922 0.310156 0.310156 0.620313
0 0.673633 0.882422 0.0683594 0.0742188
0 0.827734 0.540625 0.0398437 0.0601563
0 0.94375 0.506543 0.1125 0.808789
0 0.803711 0.282422 0.392578 0.564844
0 0.875977 0.563672 0.248047 0.821094
0 0.991797 0.0174805 0.0164063 0.0349609
0 0.136523 0.124268 0.0623047 0.154199
0 0.5625 0.780078 0.0367188 0.0882813
0 0.139355 0.088623 0.059375 0.0987305
0 0.832031 0.533398 0.0359375 0.0589844
0 0.10144 0.356836 0.199463 0.713672
0 0.132861 0.0943115 0.0438477 0.0699707
0 0.0993164 0.391016 0.198633 0.782031
0 0.138135 0.102783 0.0487305 0.102246
0 0.327441 0.605078 0.0583984 0.0523438
0 0.663281 0.884375 0.05 0.059375
0 0.954688 0.36123 0.090625 0.166602
0 0.769727 0.670313 0.271484 0.521875
0 0.162891 0.392188 0.325781 0.75625
0 0.888281 0.232813 0.223438 0.465625
0 0.132227 0.318164 0.0449219 0.0582031
0 0.953125 0.382227 0.09375 0.182422
0 0.777734 0.116895 0.0335938 0.0449219
0 0.771094 0.698047 0.0484375 0.0671875
0 0.770117 0.702148 0.0535156 0.0667969
0 0.430859 0.668945 0.297656 0.346484
0 0.141113 0.0804199 0.0498047 0.0717773
0 0.927344 0.375098 0.0265625 0.0466797
0 0.827344 0.544141 0.345313 0.857031
0 0.836133 0.508594 0.327734 0.889063
0 0.209473 0.398926 0.385742 0.764648
0 0.153467 0.106885 0.0973633 0.118652
0 0.695898 0.869141 0.112891 0.0960938
0 0.927344 0.389355 0.040625 0.0775391
0 0.314941 0.60293 0.0673828 0.0519531
0 0.563086 0.790234 0.0285156 0.0585938
0 0.679688 0.882422 0.0875 0.0789063
0 0.841602 0.224609 0.316797 0.449219
0 0.130469 0.360254 0.258203 0.673242
0 0.782227 0.110498 0.0402344 0.0510742
0 0.157715 0.156445 0.0916016 0.266016
0 0.767969 0.707031 0.2625 0.484375
0 0.930469 0.370508 0.0296875 0.0519531
0 0.945703 0.471094 0.108594 0.91875
0 0.776367 0.110303 0.0472656 0.055957
0 0.0233887 0.695898 0.0336914 0.0535156
0 0.783594 0.117285 0.046875 0.0662109
0 0.942187 0.619922 0.115625 0.749219
0 0.154004 0.0921631 0.0947266 0.10083
0 0.988281 0.0255859 0.0234375 0.0511719
0 0.323633 0.603711 0.0710938 0.0457031
0 0.661914 0.890234 0.0378906 0.0445313
0 0.834766 0.47793 0.330469 0.936328
0 0.930859 0.244141 0.138281 0.488281
0 0.940625 0.450781 0.11875 0.901563
0 0.826953 0.542578 0.0304688 0.0507812
0 0.838672 0.530273 0.0507812 0.0714844
0 0.801172 0.375586 0.397656 0.751172
0 0.146094 0.0765625 0.0546875 0.0779297
0 0.764648 0.715234 0.0503906 0.0671875
0 0.834766 0.540234 0.0492188 0.06875
0 0.145654 0.0876465 0.0571289 0.0899414
0 0.132227 0.654297 0.0691406 0.10625
0 0.561719 0.779297 0.0289063 0.0632813
0 0.685742 0.892188 0.0636719 0.0625
0 0.821484 0.447656 0.357031 0.895312
0 0.194434 0.151855 0.168164 0.262695
0 0.360156 0.706641 0.169531 0.250781
0 0.842188 0.670703 0.315625 0.633594
0 0.987109 0.0249268 0.0257812 0.0498535
0 0.563086 0.799805 0.0316406 0.0660156
0 0.126318 0.159131 0.0723633 0.22041
0 0.942969 0.387598 0.06875 0.0982422
0 0.0819458 0.348828 0.163062 0.697656
0 0.166797 0.349512 0.30625 0.64707
0 0.914453 0.380078 0.171094 0.760156
0 0.802344 0.413281 0.395313 0.826563
0 0.951172 0.321484 0.0976562 0.642969
0 0.682422 0.883984 0.0898438 0.0992187
0 0.226318 0.333105 0.344238 0.610352
0 0.427148 0.70625 0.303516 0.260938
0 0.135205 0.315137 0.0520508 0.0673828
0 0.648047 0.569141 0.034375 0.0523438
0 0.137109 0.0855957 0.0414063 0.0672852
0 0.563477 0.768359 0.0339844 0.0914062
0 0.130859 0.306445 0.0476562 0.0683594
0 0.101831 0.309766 0.190479 0.614844
0 0.990234 0.0169922 0.0195312 0.0339844
0 0.773242 0.692969 0.0535156 0.0703125
0 0.887891 0.55625 0.224219 0.864062
0 0.764453 0.701563 0.0585938 0.0710938
0 0.201416 0.20918 0.177246 0.358984
0 0.890234 0.454688 0.219531 0.909375
0 0.669922 0.863281 0.06875 0.107813
0 0.933984 0.380078 0.0476562 0.0765625
0 0.786328 0.101562 0.0539063 0.0814453
0 0.967578 0.24707 0.0648438 0.494141
0 0.687109 0.881641 0.0875 0.0820312
0 0.130908 0.113281 0.0418945 0.0796875
0 0.0240356 0.690625 0.0393311 0.075
0 0.928906 0.372266 0.03125 0.0523438
0 0.177441 0.123804 0.130664 0.233643
0 0.129004 0.110767 0.0736328 0.129248
0 0.73125 0.878125 0.178125 0.117188
0 0.30498 0.603906 0.0548828 0.0476562
0 0.761914 0.119482 0.0652344 0.0614258
0 0.762695 0.715039 0.0355469 0.0472656
0 0.0952148 0.156543 0.169336 0.292383
0 0.770898 0.120752 0.101953 0.0649414
0 0.125244 0.315039 0.0290039 0.0402344
0 0.178613 0.0869629 0.130273 0.106152
0 0.437598 0.522363 0.313867 0.630273
0 0.896094 0.514258 0.207813 0.899609
0 0.127588 0.106885 0.0321289 0.0676758
0 0.781055 0.692383 0.0769531 0.0753906
0 0.433789 0.596875 0.310547 0.489063
0 0.935547 0.39043 0.0523438 0.0886719
0 0.925 0.388379 0.0296875 0.0732422
0 0.0817505 0.380273 0.148413 0.760547
0 0.0240479 0.701563 0.0339355 0.0492188
0 0.984766 0.0420898 0.0304688 0.0841797
0 0.758984 0.708594 0.0585938 0.0671875
0 0.988281 0.0227051 0.0234375 0.0454102
0 0.725 0.519336 0.06875 0.0605469
0 0.855859 0.420312 0.288281 0.840625
0 0.328809 0.60293 0.0658203 0.0519531
0 0.333105 0.612305 0.108008 0.0714844
0 0.0970215 0.223242 0.17002 0.417578
0 0.743359 0.814453 0.217969 0.269531
0 0.275781 0.329395 0.394531 0.617773
0 0.768359 0.710938 0.0539063 0.0742188
0 0.74668 0.730273 0.228516 0.455078
0 0.898438 0.479492 0.203125 0.945703
0 0.177441 0.105688 0.131836 0.118311
0 0.399609 0.707617 0.271875 0.256641
0 0.298535 0.610938 0.0275391 0.0414063
0 0.657813 0.883203 0.0414063 0.0570313
0 0.514258 0.659766 0.135547 0.364844
0 0.0859375 0.300293 0.164844 0.593164
0 0.563086 0.800195 0.0285156 0.0542969
0 0.0203735 0.697461 0.0384521 0.0582031
0 0.562109 0.77168 0.0296875 0.0832031
0 0.944922 0.36377 0.0804688 0.10918
0 0.154688 0.0663818 0.0667969 0.0961426
0 0.146387 0.210059 0.0810547 0.380664
0 0.307031 0.616797 0.0539063 0.0632813
0 0.732422 0.843555 0.178906 0.142578
0 0.223877 0.14585 0.249121 0.255176
0 0.760742 0.10813 0.0753906 0.0716309
0 0.125977 0.179199 0.0675781 0.247852
0 0.39668 0.693164 0.248047 0.280859
0 0.836328 0.376172 0.327344 0.752344
0 0.326758 0.130273 0.0320312 0.05625
0 0.827734 0.535156 0.0414063 0.0625
0 0.927344 0.374805 0.0265625 0.0417969
0 0.94375 0.407031 0.0765625 0.115625
0 0.283398 0.258398 0.391016 0.472266
0 0.26084 0.403027 0.393945 0.781445
0 0.778906 0.701367 0.0640625 0.0699219
0 0.538281 0.658008 0.101562 0.404297
0 0.954688 0.335547 0.090625 0.178906
0 0.729883 0.516992 0.0730469 0.0621094
0 0.929297 0.169531 0.141406 0.339063
0 0.828516 0.340234 0.0335938 0.0585938
0 0.647656 0.567383 0.0414063 0.0660156
0 0.140576 0.45957 0.25752 0.868359
0 0.732031 0.869141 0.171875 0.103906
0 0.9875 0.0227539 0.025 0.0455078
0 0.952734 0.408203 0.0945313 0.207031
0 0.130518 0.0978027 0.0420898 0.074707
0 0.747852 0.554297 0.215234 0.753906
0 0.938281 0.367773 0.0515625 0.0738281
0 0.928125 0.421094 0.14375 0.842188
0 0.148291 0.0660645 0.0524414 0.0774414
0 0.786133 0.829688 0.0386719 0.0578125
0 0.155371 0.0757812 0.0630859 0.0847656
0 0.217188 0.465625 0.390625 0.871875
0 0.701953 0.879687 0.0648438 0.0921875
0 0.233594 0.209619 0.279297 0.376855
0 0.508984 0.70625 0.135156 0.278125
0 0.0257202 0.678516 0.041626 0.0867188
0 0.355371 0.614258 0.138477 0.0769531
0 0.975781 0.636621 0.0484375 0.633008
0 0.981641 0.651563 0.0367188 0.679688
0 0.123633 0.309375 0.0345703 0.0539063
0 0.96875 0.566699 0.0625 0.554102
0 0.137158 0.110693 0.0481445 0.096582
0 0.32832 0.706055 0.125391 0.255078
0 0.127588 0.132153 0.0743164 0.176318
0 0.505469 0.0402588 0.0421875 0.067041
0 0.0183105 0.699023 0.0335938 0.0433594
0 0.776953 0.214648 0.436719 0.429297
0 0.643359 0.570703 0.0382813 0.0585938
0 0.110645 0.654297 0.104883 0.113281
0 0.800586 0.602344 0.366016 0.734375
0 0.10918 0.455273 0.183203 0.870703
0 0.541406 0.60166 0.109375 0.487305
0 0.177148 0.460938 0.333984 0.86875
0 0.969531 0.613086 0.0609375 0.583203
0 0.922656 0.397559 0.034375 0.0759766
0 0.146777 0.577148 0.0205078 0.0339844
0 0.0213135 0.697656 0.0356934 0.0625
0 0.150269 0.266895 0.183838 0.469336
0 0.432617 0.449805 0.297266 0.792578
0 0.927344 0.396094 0.0484375 0.090625
0 0.784961 0.532422 0.181641 0.110156
0 0.771875 0.139063 0.101562 0.0875
0 0.315723 0.616406 0.0654297 0.065625
0 0.724219 0.259961 0.53125 0.519922
0 0.327148 0.138721 0.0300781 0.0506836
0 0.297754 0.607813 0.0482422 0.0539063
0 0.137012 0.162695 0.0740234 0.204688
0 0.823047 0.552344 0.0382813 0.0671875
0 0.669531 0.882422 0.0648438 0.0929688
0 0.973437 0.183301 0.053125 0.366602
0 0.988281 0.0258301 0.0234375 0.0516602
0 0.145264 0.100659 0.0594727 0.104932
0 0.603125 0.628125 0.0289063 0.075
0 0.327832 0.603516 0.0560547 0.0390625
0 0.830859 0.122461 0.338281 0.244922
0 0.103027 0.122656 0.185742 0.245312
0 0.814844 0.745313 0.370313 0.489063
0 0.207178 0.255664 0.210254 0.448828
0 0.144922 0.0696777 0.0447266 0.0641602
0 0.316406 0.593164 0.0738281 0.0769531
0 0.760938 0.139014 0.090625 0.0868164
0 0.844141 0.527734 0.0710938 0.0773438
0 0.838086 0.537109 0.212891 0.0929688
0 0.136963 0.14917 0.0674805 0.18916
0 0.321094 0.411133 0.465625 0.802734
0 0.675781 0.901172 0.0632813 0.0554687
0 0.70293 0.841602 0.128516 0.155859
0 0.120801 0.0823975 0.0998047 0.122314
0 0.400586 0.549609 0.245703 0.544531
0 0.780469 0.125684 0.0421875 0.0603516
0 0.832031 0.331836 0.025 0.0394531
0 0.721875 0.148096 0.55625 0.293652
0 0.708984 0.529688 0.0523438 0.0585938
0 0.712109 0.119336 0.575781 0.238672
0 0.90625 0.0165039 0.1875 0.0330078
0 0.714648 0.525 0.0597656 0.0523438
0 0.712305 0.871094 0.0613281 0.096875
0 0.762695 0.69082 0.0714844 0.0839844
0 0.255371 0.466699 0.360352 0.869727
0 0.641016 0.225 0.717969 0.45
0 0.784375 0.824219 0.04375 0.0609375
0 0.74043 0.514258 0.0707031 0.0566406
0 0.747852 0.162207 0.504297 0.324414
0 0.823438 0.351172 0.046875 0.075
0 0.687109 0.900391 0.05 0.0507812
0 0.155176 0.126367 0.10293 0.156641
0 0.755273 0.533398 0.142578 0.108203
0 0.138037 0.304883 0.0573242 0.0777344
0 0.816211 0.531836 0.220703 0.105859
0 0.823828 0.352637 0.0289063 0.0572266
0 0.823828 0.821289 0.349219 0.338672
0 0.717773 0.529102 0.0589844 0.0605469
0 0.774609 0.0853271 0.105469 0.112939
0 0.512695 0.605273 0.134766 0.473828
0 0.325195 0.128223 0.0292969 0.04375
0 0.325781 0.138672 0.0285156 0.0519531
0 0.14624 0.574414 0.0274414 0.0363281
0 0.964844 0.0317871 0.0703125 0.0635742
0 0.244434 0.256055 0.28457 0.459766
0 0.692578 0.871875 0.100781 0.103125
0 0.906641 0.478223 0.186719 0.23418
0 0.719531 0.704297 0.179688 0.463281
0 0.319922 0.847266 0.0492188 0.0523438
0 0.773047 0.0953857 0.0507812 0.0830566
0 0.750195 0.120264 0.0730469 0.078418
0 0.147949 0.580078 0.0337891 0.0609375
0 0.206152 0.132349 0.186914 0.222803
0 0.510938 0.0364014 0.0703125 0.0728027
0 0.290234 0.142822 0.380469 0.259668
0 0.758789 0.0856689 0.113672 0.126318
0 0.810547 0.687109 0.366406 0.560156
0 0.0827515 0.219727 0.152856 0.439453
0 0.728516 0.518359 0.0703125 0.0453125
0 0.810156 0.735156 0.145313 0.148438
0 0.296973 0.0954102 0.410742 0.163867
0 0.160059 0.106519 0.100977 0.127002
0 0.770508 0.0997559 0.110547 0.13623
0 0.178955 0.104468 0.13584 0.137549
0 0.143994 0.105566 0.0651367 0.113086
0 0.17915 0.0785889 0.132324 0.132275
0 0.879687 0.560156 0.145313 0.138281
0 0.859961 0.742578 0.273828 0.500781
0 0.803516 0.707227 0.128906 0.0941406
0 0.761523 0.105615 0.0925781 0.127441
0 0.762695 0.707031 0.0433594 0.05625
0 0.761328 0.139063 0.0914062 0.0898438
0 0.770312 0.133789 0.109375 0.0902344
0 0.864844 0.721289 0.257812 0.490234
0 0.698047 0.878125 0.125 0.0984375
0 0.195459 0.161523 0.189551 0.297266
0 0.226172 0.152881 0.269531 0.292285
0 0.759375 0.119092 0.084375 0.0583008
0 0.766602 0.704297 0.0527344 0.0664062
0 0.762305 0.157373 0.0941406 0.12627
0 0.776367 0.692383 0.0613281 0.0582031
0 0.225244 0.110425 0.263574 0.192432
0 0.37627 0.0933594 0.566211 0.186719
0 0.776563 0.119238 0.05 0.0466797
0 0.744336 0.128516 0.0613281 0.0691406
0 0.842969 0.530469 0.0640625 0.0617188
0 0.135693 0.231006 0.0899414 0.145801
0 0.302637 0.130762 0.419727 0.236133
0 0.785937 0.691406 0.0828125 0.0625
0 0.862891 0.701172 0.267969 0.444531
0 0.829688 0.706055 0.178125 0.106641
0 0.789258 0.73125 0.102734 0.13125
0 0.756641 0.125146 0.0851563 0.0713867
0 0.873633 0.721094 0.252734 0.504687
0 0.849219 0.527344 0.0796875 0.065625
0 0.752344 0.120508 0.0734375 0.0707031
0 0.935547 0.727344 0.122656 0.504687
0 0.159619 0.0844727 0.097168 0.12168
0 0.84043 0.123242 0.275391 0.221094
0 0.140576 0.080127 0.0506836 0.0663086
0 0.372168 0.13291 0.55957 0.241211
0 0.833984 0.534961 0.0476562 0.0535156
0 0.839844 0.163379 0.284375 0.310742
0 0.860938 0.558594 0.10625 0.125
0 0.827734 0.539844 0.0460938 0.05625
0 0.748633 0.134766 0.0699219 0.103516
0 0.906641 0.686328 0.177344 0.414844
0 0.772266 0.698828 0.0554687 0.0609375
0 0.772852 0.160352 0.115234 0.142578
0 0.769922 0.700195 0.0585938 0.0644531
0 0.733203 0.132568 0.0296875 0.0456055
0 0.683398 0.883203 0.101172 0.0960938
0 0.845898 0.214404 0.289453 0.421191
0 0.798438 0.0563477 0.04375 0.0462891
0 0.758008 0.708203 0.0464844 0.0539063
0 0.16499 0.160449 0.109082 0.287695
0 0.797461 0.154736 0.170703 0.281934
0 0.766602 0.704883 0.0605469 0.0613281
0 0.771094 0.157129 0.117188 0.266211
0 0.137793 0.088916 0.0474609 0.0821289
0 0.759766 0.0876709 0.0976562 0.124854
0 0.169287 0.121973 0.118848 0.231836
0 0.200586 0.126123 0.188672 0.233691
0 0.78457 0.711914 0.0949219 0.0957031
0 0.736133 0.142529 0.0449219 0.0790039
0 0.11665 0.189453 0.0325195 0.0539063
0 0.94375 0.912891 0.107813 0.160156
0 0.878906 0.638086 0.220313 0.342578
0 0.825 0.54375 0.0328125 0.0429688
0 0.809961 0.0813477 0.191016 0.136133
0 0.828906 0.5375 0.0484375 0.0492188
0 0.782813 0.116943 0.0390625 0.0426758
0 0.680078 0.892188 0.0789063 0.0546875
0 0.733789 0.877734 0.204297 0.135156
0 0.841406 0.332422 0.309375 0.664844
0 0.802734 0.695312 0.128906 0.078125
0 0.91875 0.633008 0.148438 0.349609
0 0.769727 0.731445 0.0636719 0.118359
0 0.806641 0.0569824 0.0601563 0.0575195
0 0.679297 0.885156 0.0960938 0.05625
0 0.772852 0.0851563 0.113672 0.121484
0 0.877734 0.537891 0.133594 0.084375
0 0.857031 0.62168 0.229687 0.291797
0 0.75918 0.716016 0.0363281 0.046875
0 0.858594 0.541406 0.1 0.0882813
0 0.815234 0.101636 0.210156 0.157275
0 0.864648 0.740234 0.253516 0.519531
0 0.775195 0.12251 0.132422 0.215527
0 0.552734 0.182617 0.132031 0.121484
0 0.7 0.893359 0.0398437 0.0492188
0 0.774219 0.113525 0.0640625 0.0432617
0 0.231006 0.206934 0.280176 0.379883
0 0.13374 0.183838 0.0643555 0.0569336
0 0.800781 0.20835 0.178125 0.362988
0 0.749219 0.10459 0.071875 0.123242
0 0.834375 0.537305 0.0578125 0.0621094
0 0.297266 0.0701172 0.416406 0.123438
0 0.952344 0.897656 0.0953125 0.175
0 0.789453 0.0570557 0.0507812 0.0495605
0 0.768359 0.711719 0.0617188 0.0953125
0 0.401953 0.124097 0.607031 0.2479
0 0.80918 0.121143 0.191016 0.215137
0 0.7625 0.712109 0.0484375 0.0695313
0 0.856641 0.664062 0.255469 0.365625
0 0.760156 0.112744 0.0875 0.0581055
0 0.55332 0.207031 0.129297 0.120313
0 0.846094 0.813281 0.289062 0.339063
0 0.736523 0.122803 0.0394531 0.0645508
0 0.750195 0.15625 0.0714844 0.121875
0 0.729688 0.139648 0.0195312 0.0359375
0 0.903125 0.562695 0.19375 0.165234
0 0.299902 0.198242 0.424414 0.348828
0 0.400293 0.15957 0.597852 0.319141
0 0.674219 0.882422 0.078125 0.0570313
0 0.201074 0.203125 0.205664 0.354688
0 0.535156 0.210498 0.117188 0.106738
0 0.372852 0.226172 0.566016 0.452344
0 0.783984 0.69668 0.0945313 0.0847656
0 0.844727 0.241797 0.293359 0.478125
0 0.751367 0.139551 0.0832031 0.0998047
0 0.225586 0.0745605 0.230078 0.137207
0 0.145068 0.0756592 0.0584961 0.0705566
0 0.702344 0.892188 0.0476562 0.0546875
0 0.579492 0.154834 0.136328 0.152441
0 0.904688 0.520508 0.190625 0.158203
0 0.707617 0.885156 0.0496094 0.0625
0 0.701172 0.866016 0.13125 0.103906
0 0.699023 0.888281 0.0558594 0.0515625
0 0.797656 0.690625 0.0890625 0.0585938
0 0.320215 0.127295 0.0373047 0.0553711
0 0.118555 0.186621 0.0431641 0.0486328
0 0.843359 0.579688 0.0710938 0.151562
0 0.815625 0.0546021 0.05625 0.0595459
0 0.808789 0.377637 0.107422 0.126758
0 0.150195 0.208789 0.118359 0.111328
0 0.122461 0.185742 0.0394531 0.0488281
0 0.709961 0.405957 0.0332031 0.0662109
0 0.834375 0.695703 0.184375 0.0789063
0 0.183594 0.207129 0.180859 0.114258
0 0.322363 0.127783 0.0275391 0.0407227
0 0.930078 0.737109 0.132031 0.511719
0 0.136719 0.0999512 0.0474609 0.0985352
0 0.123486 0.190479 0.0473633 0.0655273
0 0.780078 0.699023 0.0710938 0.0707031
0 0.296582 0.261816 0.420898 0.454492
0 0.768945 0.124463 0.0667969 0.0655273
0 0.736328 0.859766 0.202344 0.122656
0 0.22793 0.257715 0.276953 0.475977
0 0.13042 0.0928223 0.0344727 0.0586914
0 0.766602 0.759375 0.177734 0.421875
0 0.224902 0.102271 0.227539 0.129248
0 0.322266 0.119629 0.0324219 0.0525391
0 0.842578 0.557422 0.0648438 0.113281
0 0.121631 0.231445 0.0663086 0.148438
0 0.76875 0.691602 0.0640625 0.0902344
0 0.533008 0.238379 0.113672 0.129492
0 0.143604 0.0870605 0.0647461 0.0942383
0 0.127588 0.102979 0.0352539 0.0672852
0 0.855859 0.121533 0.288281 0.225684
0 0.541602 0.444141 0.0253906 0.0414063
0 0.844531 0.53418 0.0765625 0.0816406
0 0.817578 0.841797 0.361719 0.291406
0 0.197266 0.257324 0.205469 0.375195
0 0.778906 0.380176 0.159375 0.126367
0 0.379785 0.130615 0.155273 0.122363
0 0.736133 0.152344 0.0441406 0.0863281
0 0.95 0.867188 0.1 0.209375
0 0.134717 0.0852051 0.0364258 0.047168
0 0.70918 0.402734 0.0222656 0.040625
0 0.223535 0.0588867 0.220117 0.113086
0 0.850781 0.529688 0.071875 0.0546875
0 0.721094 0.405469 0.0609375 0.071875
0 0.773633 0.208545 0.135547 0.37041
0 0.871289 0.584766 0.223047 0.285938
0 0.773828 0.0574707 0.0726563 0.0577148
0 0.1479 0.0672363 0.053418 0.0629883
0 0.811328 0.0455566 0.0679687 0.062793
0 0.685352 0.86875 0.107422 0.101562
0 0.822266 0.352441 0.0320312 0.0591797
0 0.866406 0.582812 0.117188 0.159375
0 0.763477 0.18584 0.0949219 0.178711
0 0.137891 0.183203 0.096875 0.0515625
0 0.866406 0.516016 0.040625 0.05
0 0.154395 0.0649414 0.0845703 0.0873047
0 0.176855 0.0609375 0.128711 0.111523
0 0.753711 0.823633 0.198828 0.301172
0 0.514063 0.07771 0.0992187 0.13833
0 0.837305 0.402734 0.325391 0.805469
0 0.602734 0.13418 0.127344 0.123828
0 0.783984 0.114258 0.0398437 0.0386719
0 0.752734 0.408984 0.124219 0.104688
0 0.533984 0.184082 0.120313 0.115039
0 0.828125 0.358887 0.09375 0.106445
0 0.760547 0.858984 0.205469 0.136719
0 0.823047 0.0402222 0.0476562 0.0664307
0 0.144043 0.0847656 0.0638672 0.108984
0 0.400684 0.241016 0.608008 0.482031
0 0.795313 0.0631836 0.040625 0.0529297
0 0.316406 0.130762 0.0433594 0.0539063
0 0.811133 0.358496 0.101172 0.111133
0 0.606836 0.104688 0.0332031 0.0492188
0 0.855078 0.522461 0.0742188 0.0699219
0 0.550195 0.144287 0.0511719 0.0637695
0 0.357422 0.155566 0.142969 0.14707
0 0.860938 0.359082 0.135937 0.112305
0 0.799609 0.686133 0.141406 0.0527344
0 0.837891 0.0859619 0.277344 0.151123
0 0.313574 0.141943 0.0494141 0.0637695
0 0.820703 0.74707 0.182031 0.485547
0 0.239453 0.0857666 0.264453 0.147217
0 0.551758 0.239551 0.131641 0.145508
0 0.555664 0.161279 0.123828 0.121582
0 0.181738 0.170557 0.175195 0.139355
0 0.91875 0.508496 0.15625 0.458789
0 0.597266 0.157788 0.140625 0.171924
0 0.151758 0.237695 0.120313 0.162891
0 0.876953 0.51543 0.135156 0.115234
0 0.374512 0.0687256 0.575977 0.125049
0 0.145605 0.0723145 0.0494141 0.0555664
0 0.536328 0.0781982 0.121094 0.143018
0 0.323926 0.117041 0.0458984 0.0688477
0 0.78457 0.686914 0.118359 0.0535156
0 0.544141 0.144531 0.0242188 0.0333984
0 0.359668 0.132007 0.136914 0.117236
0 0.780469 0.857422 0.182812 0.146094
0 0.666016 0.891797 0.0507812 0.0601563
0 0.147217 0.102466 0.065332 0.123975
0 0.675977 0.891797 0.0738281 0.0617188
0 0.241113 0.821094 0.0400391 0.0546875
0 0.766211 0.704297 0.0472656 0.0648438
0 0.238379 0.821094 0.0306641 0.0484375
0 0.149023 0.657617 0.0636719 0.117578
0 0.154541 0.101538 0.075293 0.134424
0 0.674023 0.883984 0.0683594 0.0992187
0 0.185059 0.761328 0.0298828 0.0445313
0 0.7625 0.154688 0.084375 0.125781
0 0.564063 0.767578 0.0359375 0.0742188
0 0.763281 0.707422 0.0390625 0.0554687
0 0.672852 0.899219 0.0621094 0.0578125
0 0.563281 0.779102 0.0351562 0.0714844
0 0.660937 0.889844 0.0320312 0.0453125
0 0.186621 0.756641 0.0416016 0.0648438
0 0.185645 0.764648 0.0408203 0.0613281
0 0.561914 0.781641 0.0238281 0.0476562
0 0.675 0.884766 0.06875 0.0617188
0 0.77207 0.689063 0.0652344 0.096875
0 0.772266 0.709766 0.0632813 0.1
0 0.566602 0.757812 0.0324219 0.0765625
0 0.5625 0.768359 0.0273438 0.0601563
0 0.56875 0.758008 0.0414063 0.129297
0 0.83125 0.541211 0.040625 0.0519531
0 0.784375 0.731055 0.0859375 0.130078
0 0.151074 0.686523 0.0708984 0.166797
0 0.770703 0.700391 0.0523438 0.0648438
0 0.734766 0.810156 0.186719 0.292188
0 0.827344 0.545703 0.03125 0.0421875
0 0.568555 0.784375 0.0394531 0.121875
0 0.734961 0.855078 0.192578 0.133594
0 0.740039 0.869531 0.205859 0.140625
0 0.741406 0.836719 0.2 0.325
0 0.308984 0.607227 0.109375 0.0441406
0 0.212842 0.788867 0.0961914 0.116016
0 0.298828 0.60918 0.0320312 0.0355469
0 0.18623 0.764453 0.0267578 0.0445313
0 0.752734 0.154297 0.0679687 0.123828
0 0.128467 0.644141 0.040332 0.090625
0 0.773633 0.69375 0.0527344 0.065625
0 0.162158 0.713281 0.0870117 0.1375
0 0.137793 0.101416 0.0453125 0.100293
0 0.700977 0.873438 0.119141 0.107813
0 0.563281 0.79082 0.0335938 0.0621094
0 0.448047 0.862891 0.110937 0.0945313
0 0.678906 0.899219 0.0671875 0.0578125
0 0.542188 0.23335 0.0890625 0.122363
0 0.239844 0.825781 0.0351562 0.04375
0 0.310352 0.607031 0.0683594 0.0429688
0 0.665625 0.898047 0.0492188 0.0554687
0 0.127979 0.320898 0.0370117 0.0519531
0 0.681836 0.893359 0.0792969 0.0617188
0 0.674805 0.862109 0.0691406 0.119531
0 0.182031 0.760742 0.0414063 0.0550781
0 0.762109 0.711719 0.0476562 0.0664062
0 0.231348 0.797852 0.0724609 0.107422
0 0.752734 0.138281 0.0679687 0.118359
0 0.811133 0.737891 0.140234 0.155469
0 0.766211 0.818359 0.261328 0.319531
0 0.770312 0.697852 0.0484375 0.0636719
0 0.10686 0.6375 0.121826 0.108594
0 0.141309 0.670898 0.0457031 0.0652344
0 0.777344 0.691992 0.0765625 0.0699219
0 0.675 0.884375 0.111719 0.06875
0 0.834375 0.538086 0.05 0.0613281
0 0.177539 0.743555 0.0503906 0.0832031
0 0.660547 0.886719 0.0390625 0.0484375
0 0.563477 0.75918 0.0339844 0.0800781
0 0.135986 0.65 0.0430664 0.107813
0 0.840234 0.53125 0.0539063 0.0625
0 0.141406 0.679297 0.0453125 0.0625
0 0.213916 0.800586 0.0991211 0.120703
0 0.656641 0.885547 0.0390625 0.0507812
0 0.834375 0.537305 0.0390625 0.0488281
0 0.773047 0.731641 0.0617188 0.121094
0 0.761914 0.139893 0.0855469 0.11084
0 0.554883 0.232178 0.0941406 0.123926
0 0.761133 0.717578 0.0324219 0.0460938
0 0.467969 0.870703 0.0539063 0.0804688
0 0.781055 0.712109 0.0800781 0.101562
0 0.684375 0.884375 0.0820312 0.0984375
0 0.138379 0.0867676 0.0464844 0.0868164
0 0.845313 0.527148 0.08125 0.0691406
0 0.567773 0.766211 0.0433594 0.0847656
0 0.16084 0.682031 0.0861328 0.159375
0 0.18291 0.748242 0.0349609 0.0675781
0 0.241406 0.815234 0.0417969 0.0679687
0 0.1479 0.0859131 0.0643555 0.119775
0 0.957812 0.408203 0.084375 0.121875
0 0.765625 0.701758 0.0515625 0.0652344
0 0.187598 0.743555 0.0423828 0.0816406
0 0.118018 0.658203 0.118652 0.130469
0 0.24043 0.416016 0.0417969 0.0507812
0 0.123828 0.317285 0.0220703 0.0318359
0 0.133008 0.651953 0.0410156 0.090625
0 0.293457 0.608203 0.0396484 0.040625
0 0.188574 0.773047 0.0380859 0.0695313
0 0.131152 0.315723 0.0568359 0.0705078
0 0.436719 0.859375 0.120313 0.109375
0 0.240039 0.825 0.0523438 0.0546875
0 0.741992 0.890234 0.205078 0.219531
0 0.456836 0.869922 0.0558594 0.0804688
0 0.236328 0.409375 0.046875 0.0539063
0 0.566406 0.746875 0.0328125 0.101562
0 0.844922 0.538086 0.0648438 0.0957031
0 0.145898 0.677344 0.0515625 0.0625
0 0.881641 0.555469 0.139844 0.128125
0 0.324414 0.613086 0.0886719 0.0785156
0 0.185498 0.118506 0.141113 0.189551
0 0.781641 0.835742 0.289844 0.328516
0 0.155713 0.0828613 0.0827148 0.129199
0 0.542578 0.207764 0.0890625 0.145801
0 0.229883 0.817969 0.0863281 0.065625
0 0.130176 0.102197 0.0345703 0.0756836
0 0.129785 0.113428 0.0337891 0.077832
0 0.738281 0.153955 0.0398437 0.0850586
0 0.239258 0.408008 0.0488281 0.0597656
0 0.475586 0.867188 0.0558594 0.0671875
0 0.124658 0.625977 0.0397461 0.0535156
0 0.235645 0.81875 0.0376953 0.0515625
0 0.688477 0.891797 0.0925781 0.0679687
0 0.80918 0.329688 0.0863281 0.141406
0 0.315137 0.158008 0.0708984 0.103516
0 0.31709 0.612891 0.0736328 0.08125
0 0.718945 0.414844 0.0285156 0.059375
0 0.567383 0.754883 0.0449219 0.0964844
0 0.555078 0.205078 0.0960938 0.146094
0 0.567187 0.778125 0.0445313 0.0890625
0 0.859766 0.558594 0.0992187 0.123438
0 0.136719 0.112109 0.0460938 0.0984375
0 0.84707 0.637695 0.163672 0.313672
0 0.550391 0.476953 0.117969 0.152344
0 0.828906 0.538867 0.0453125 0.0527344
0 0.774609 0.698828 0.0648438 0.075
0 0.80957 0.307324 0.0839844 0.107227
0 0.200098 0.786328 0.0646484 0.116406
0 0.753516 0.11604 0.0710938 0.142529
0 0.959766 0.384277 0.0804688 0.127539
0 0.758203 0.707812 0.0429688 0.0601563
0 0.181836 0.0792236 0.131641 0.14292
0 0.856641 0.541797 0.0914062 0.0929688
0 0.219287 0.0770752 0.217676 0.148584
0 0.319141 0.141455 0.04375 0.0625977
0 0.140576 0.0783203 0.047168 0.0675781
0 0.316699 0.178906 0.0712891 0.134375
0 0.123193 0.64043 0.0399414 0.0824219
0 0.700391 0.860156 0.119531 0.120313
0 0.771875 0.138525 0.103125 0.114355
0 0.129248 0.310547 0.0397461 0.0492188
0 0.14502 0.0875 0.0574219 0.0976562
0 0.840234 0.53418 0.0679687 0.0761719
0 0.136084 0.673633 0.0356445 0.0511719
0 0.315527 0.606836 0.101758 0.0441406
0 0.23125 0.819531 0.0464844 0.053125
0 0.143359 0.147095 0.0710938 0.214014
0 0.135937 0.23457 0.0800781 0.155469
0 0.218848 0.787305 0.100977 0.119141
0 0.14458 0.101074 0.0624023 0.106445
0 0.123193 0.630664 0.043457 0.0605469
0 0.127197 0.253223 0.059082 0.172461
0 0.140186 0.639844 0.0719727 0.108594
0 0.717578 0.406641 0.0289063 0.046875
0 0.771875 0.118408 0.0578125 0.0538086
0 0.774414 0.161328 0.107422 0.151172
0 0.562109 0.789453 0.021875 0.0476562
0 0.120166 0.191699 0.0291992 0.0490234
0 0.767969 0.707812 0.0546875 0.0765625
0 0.127002 0.233545 0.0620117 0.154785
0 0.12915 0.327051 0.0364258 0.0548828
0 0.77207 0.758789 0.0652344 0.173047
0 0.239941 0.412695 0.0537109 0.0519531
0 0.13335 0.302051 0.0586914 0.0814453
0 0.136816 0.254541 0.0779297 0.17998
0 0.296289 0.610938 0.0261719 0.034375
0 0.569922 0.73457 0.0429688 0.152734
0 0.55 0.454297 0.113281 0.142188
0 0.148877 0.0655273 0.049707 0.0679687
0 0.123389 0.314063 0.0299805 0.0371094
0 0.843359 0.578906 0.0664062 0.144531
0 0.189355 0.763867 0.0505859 0.0691406
0 0.695312 0.878125 0.109375 0.0953125
0 0.146826 0.0733398 0.0520508 0.0767578
0 0.822656 0.807031 0.354688 0.298438
0 0.751758 0.141699 0.0683594 0.101758
0 0.580078 0.0781494 0.100781 0.141357
0 0.781445 0.696094 0.0808594 0.0914062
0 0.411719 0.831641 0.0617188 0.0585938
0 0.179541 0.754102 0.0733398 0.0761719
0 0.760938 0.118457 0.0734375 0.0642578
0 0.804688 0.707617 0.126563 0.101172
0 0.555273 0.185449 0.0996094 0.129883
0 0.684961 0.882031 0.112891 0.0796875
0 0.295557 0.115845 0.382324 0.219092
0 0.482227 0.859766 0.0707031 0.0398437
0 0.145654 0.66875 0.0538086 0.0734375
0 0.18877 0.768164 0.0615234 0.132422
0 0.557813 0.086499 0.134375 0.162939
0 0.824219 0.777148 0.351562 0.426953
0 0.146533 0.685938 0.0553711 0.078125
0 0.5125 0.691016 0.03125 0.0390625
0 0.824609 0.549805 0.0382813 0.0597656
0 0.685547 0.897266 0.0734375 0.0664062
0 0.237012 0.416211 0.0435547 0.0535156
0 0.132764 0.632812 0.0401367 0.08125
0 0.939844 0.410645 0.114063 0.147461
0 0.604102 0.0283081 0.0394531 0.0516846
0 0.961328 0.431836 0.0773438 0.100391
0 0.823828 0.550195 0.0242188 0.0355469
0 0.585742 0.467383 0.0410156 0.0542969
0 0.781445 0.117188 0.0386719 0.0449219
0 0.762891 0.117627 0.0851563 0.116309
0 0.720508 0.416602 0.0425781 0.0746094
0 0.79043 0.333984 0.108203 0.160938
0 0.836328 0.751367 0.196094 0.200391
0 0.757617 0.125879 0.0722656 0.0779297
0 0.129102 0.296094 0.0404297 0.0765625
0 0.323535 0.12959 0.0431641 0.0517578
0 0.736914 0.143896 0.0394531 0.0743164
0 0.1521 0.0641846 0.0594727 0.0837402
0 0.299121 0.612305 0.0451172 0.0511719
0 0.512305 0.685547 0.0386719 0.0476562
0 0.566797 0.790625 0.0453125 0.0890625
0 0.791406 0.356738 0.101562 0.166992
0 0.229297 0.126294 0.245312 0.232178
0 0.832422 0.676953 0.277344 0.374219
0 0.812891 0.282227 0.0554687 0.0546875
0 0.554883 0.767578 0.0472656 0.0789063
0 0.486719 0.863281 0.040625 0.0421875
0 0.845313 0.517383 0.0671875 0.0957031
0 0.122217 0.355469 0.062207 0.108594
0 0.122559 0.191211 0.0427734 0.0660156
0 0.646289 0.566797 0.0417969 0.0554687
0 0.128076 0.35625 0.0680664 0.117969
0 0.117822 0.352539 0.0530273 0.0824219
0 0.229102 0.407031 0.0433594 0.0476562
0 0.29707 0.603125 0.0347656 0.0359375
0 0.720508 0.886328 0.166797 0.188281
0 0.583008 0.405273 0.0238281 0.0347656
0 0.46875 0.882812 0.0359375 0.053125
0 0.82793 0.309863 0.106641 0.115039
0 0.653906 0.8875 0.0320312 0.04375
0 0.54082 0.269043 0.0457031 0.0474609
0 0.844922 0.558203 0.0648438 0.111719
0 0.905469 0.550781 0.189063 0.140625
0 0.778516 0.755469 0.244531 0.454688
0 0.321582 0.138574 0.0455078 0.0576172
0 0.586328 0.470898 0.028125 0.0441406
0 0.139063 0.655273 0.0462891 0.0996094
0 0.801172 0.25791 0.0976562 0.107227
0 0.238867 0.825391 0.0296875 0.0445313
0 0.131152 0.324609 0.0503906 0.0679687
0 0.181836 0.767969 0.123438 0.357812
0 0.134277 0.189404 0.0654297 0.0649414
0 0.550781 0.502539 0.124219 0.190234
0 0.901563 0.641211 0.175 0.322266
0 0.765234 0.123926 0.0726563 0.0736328
0 0.808984 0.353418 0.0898438 0.139258
0 0.239941 0.391406 0.0548828 0.0875
0 0.790625 0.881641 0.3 0.236719
0 0.538086 0.735938 0.0988281 0.151562
0 0.740039 0.691406 0.118359 0.10625
0 0.510156 0.490625 0.046875 0.0742188
0 0.157031 0.659961 0.0851563 0.123047
0 0.717969 0.865625 0.0429688 0.0828125
0 0.865234 0.581055 0.110156 0.151172
0 0.2875 0.139502 0.113281 0.094043
0 0.178027 0.735742 0.0365234 0.0722656
0 0.407227 0.827734 0.0378906 0.0460938
0 0.56582 0.804492 0.0402344 0.156641
0 0.750781 0.153418 0.071875 0.0986328
0 0.351758 0.6125 0.131641 0.08125
0 0.135352 0.11084 0.0736328 0.160352
0 0.771289 0.103589 0.102734 0.14126
0 0.131494 0.202148 0.0620117 0.0941406
0 0.906641 0.512109 0.186719 0.158594
0 0.129785 0.088623 0.0919922 0.145215
0 0.714844 0.406641 0.028125 0.0476562
0 0.189355 0.777539 0.0533203 0.0917969
0 0.844531 0.702734 0.207813 0.110937
0 0.122559 0.20127 0.0419922 0.0810547
0 0.721094 0.407617 0.0421875 0.0699219
0 0.128369 0.334668 0.0348633 0.0697266
0 0.941406 0.39043 0.10625 0.164453
0 0.181348 0.726758 0.123242 0.282422
0 0.309863 0.140771 0.0783203 0.0887695
0 0.130444 0.183789 0.116064 0.0535156
0 0.32334 0.603711 0.118945 0.0410156
0 0.323535 0.132715 0.0373047 0.0537109
0 0.311426 0.144336 0.0525391 0.0660156
0 0.545898 0.0803711 0.148828 0.150977
0 0.827344 0.330664 0.0984375 0.147266
0 0.795313 0.223291 0.157813 0.289355
0 0.851953 0.523438 0.0835937 0.078125
0 0.128125 0.649805 0.04375 0.0910156
0 0.426172 0.841016 0.0492188 0.0570313
0 0.289648 0.159717 0.108203 0.111035
0 0.200391 0.72207 0.150781 0.279297
0 0.469922 0.875391 0.059375 0.0742188
0 0.138086 0.102051 0.0753906 0.105078
0 0.664648 0.892188 0.0566406 0.059375
0 0.672266 0.891797 0.0835937 0.0585938
0 0.397461 0.460742 0.0285156 0.0347656
0 0.137646 0.0868652 0.0786133 0.109277
0 0.660547 0.890625 0.0375 0.04375
0 0.670898 0.9 0.0691406 0.0609375
0 0.146387 0.104858 0.0888672 0.124463
0 0.768164 0.703906 0.0480469 0.0625
0 0.667188 0.885547 0.0585938 0.0539063
0 0.83125 0.541992 0.0453125 0.0535156
0 0.660352 0.887891 0.0371094 0.0382813
0 0.664453 0.9 0.0578125 0.0609375
0 0.771484 0.702539 0.0585938 0.0652344
0 0.39707 0.463477 0.0238281 0.0371094
0 0.826953 0.547461 0.0320312 0.0410156
0 0.756641 0.138574 0.0914062 0.0974609
0 0.834375 0.539258 0.0609375 0.0621094
0 0.761328 0.729297 0.0757812 0.108594
0 0.835156 0.538672 0.040625 0.04375
0 0.681055 0.89375 0.104297 0.0609375
0 0.672461 0.883594 0.119922 0.0625
0 0.676562 0.899609 0.078125 0.0601563
0 0.14834 0.0830322 0.0939453 0.124951
0 0.395313 0.456836 0.05625 0.0605469
0 0.761914 0.707031 0.0449219 0.0625
0 0.8375 0.532031 0.0609375 0.059375
0 0.653906 0.8875 0.0367188 0.0390625
0 0.653906 0.888672 0.0304688 0.0429688
0 0.131348 0.104248 0.0484375 0.0723633
0 0.770898 0.697656 0.0613281 0.0578125
0 0.760352 0.716211 0.0761719 0.0855469
0 0.122021 0.0852783 0.105176 0.136865
0 0.762695 0.712109 0.0574219 0.0695313
0 0.391406 0.460547 0.0328125 0.04375
0 0.744336 0.137549 0.0894531 0.106543
0 0.129395 0.11665 0.0455078 0.0706055
0 0.130078 0.103955 0.0855469 0.12373
0 0.395898 0.452148 0.0292969 0.0378906
0 0.762891 0.751758 0.0726563 0.149609
0 0.582422 0.0736816 0.084375 0.116504
0 0.395215 0.466797 0.0455078 0.0632813
0 0.67832 0.912109 0.0910156 0.0914062
0 0.666211 0.912891 0.0777344 0.0914062
0 0.758008 0.106445 0.0949219 0.131641
0 0.663672 0.894141 0.08125 0.0820312
0 0.827344 0.540039 0.0421875 0.0480469
0 0.760547 0.716992 0.0429688 0.0582031
0 0.67832 0.894922 0.0878906 0.0804688
0 0.825391 0.551953 0.0507812 0.0648438
0 0.74082 0.127197 0.0597656 0.0678711
0 0.701563 0.750195 0.217188 0.166797
0 0.844922 0.52793 0.0960938 0.0746094
0 0.768945 0.711523 0.0621094 0.0769531
0 0.18418 0.106519 0.169922 0.163135
0 0.7375 0.154883 0.0484375 0.0742188
0 0.773438 0.699805 0.0359375 0.0472656
0 0.666406 0.878906 0.0484375 0.0390625
0 0.740234 0.756836 0.217969 0.167578
0 0.839844 0.538086 0.08125 0.0769531
0 0.700391 0.882812 0.124219 0.10625
0 0.60293 0.105566 0.0496094 0.0521484
0 0.737305 0.144336 0.0582031 0.0746094
0 0.730078 0.868359 0.188281 0.153906
0 0.138232 0.0883789 0.0614258 0.0841797
0 0.702539 0.904297 0.127734 0.114844
0 0.775195 0.702734 0.0730469 0.0703125
0 0.599219 0.109961 0.0390625 0.04375
0 0.124951 0.121924 0.0288086 0.0416992
0 0.687891 0.900781 0.09375 0.0671875
0 0.754883 0.117773 0.0714844 0.0621094
0 0.769336 0.100171 0.105078 0.151221
0 0.75957 0.0915527 0.102734 0.149707
0 0.775195 0.7375 0.0949219 0.13125
0 0.388965 0.452344 0.0408203 0.0507812
0 0.135986 0.10144 0.0637695 0.0973145
0 0.128516 0.130176 0.0421875 0.0634766
0 0.739648 0.715625 0.111328 0.104688
0 0.752148 0.125977 0.0769531 0.0707031
0 0.660352 0.897656 0.0386719 0.0546875
0 0.774414 0.718359 0.0949219 0.090625
0 0.816797 0.791211 0.366406 0.308203
0 0.816016 0.851953 0.367969 0.236719
0 0.817578 0.762891 0.363281 0.342969
0 0.193115 0.0961182 0.177441 0.176123
0 0.199854 0.0926025 0.174902 0.141162
0 0.189844 0.089502 0.159766 0.129785
0 0.191748 0.125977 0.178613 0.226953
0 0.947266 0.869531 0.103906 0.129688
0 0.939453 0.892188 0.119531 0.154688
0 0.948438 0.906641 0.103125 0.164844
0 0.199268 0.137207 0.17959 0.219336
0 0.664258 0.890625 0.0582031 0.0578125
0 0.352832 0.27041 0.541211 0.54043
0 0.761523 0.139771 0.0878906 0.143896
0 0.564063 0.774805 0.040625 0.0925781
0 0.732617 0.865625 0.194141 0.129688
0 0.563477 0.782227 0.0433594 0.0824219
0 0.562695 0.755273 0.0550781 0.147266
0 0.286621 0.114063 0.373633 0.228125
0 0.671875 0.889844 0.071875 0.0578125
0 0.395117 0.455469 0.0261719 0.0382813
0 0.19707 0.192529 0.186719 0.349707
0 0.938672 0.913672 0.122656 0.172656
0 0.531836 0.352539 0.0269531 0.0339844
0 0.532031 0.350293 0.0304688 0.0345703
0 0.948047 0.851172 0.103906 0.157031
0 0.766406 0.0998291 0.1 0.147217
0 0.562891 0.774414 0.0523438 0.110547
0 0.359766 0.133398 0.550781 0.266797
0 0.948828 0.421484 0.102344 0.130469
0 0.766406 0.13457 0.101562 0.212891
0 0.13125 0.117139 0.0394531 0.071582
0 0.359277 0.230859 0.543945 0.461719
0 0.761328 0.1021 0.0929688 0.15127
0 0.130713 0.103955 0.0420898 0.0893555
0 0.137695 0.103223 0.0589844 0.105469
0 0.948438 0.826758 0.101562 0.205859
0 0.560547 0.785742 0.03125 0.0691406
0 0.767188 0.114648 0.11875 0.223047
0 0.775391 0.875781 0.441406 0.154688
0 0.757812 0.780078 0.484375 0.266406
0 0.559375 0.780078 0.0375 0.0867188
0 0.355762 0.180664 0.546289 0.354688
0 0.136572 0.111621 0.0598633 0.0921875
0 0.29873 0.169482 0.400195 0.327441
0 0.561328 0.790234 0.0460938 0.0757812
0 0.195117 0.221582 0.183984 0.423242
0 0.221729 0.130469 0.125684 0.15625
0 0.665234 0.884766 0.0601563 0.0539063
0 0.187744 0.0775635 0.152246 0.148779
0 0.393164 0.233984 0.587109 0.467969
0 0.389062 0.271875 0.584375 0.54375
0 0.658984 0.889453 0.0398437 0.0460938
0 0.76875 0.906641 0.454688 0.186719
0 0.937891 0.895312 0.0757812 0.071875
0 0.181543 0.102441 0.155664 0.204883
0 0.730469 0.855469 0.184375 0.120313
0 0.394922 0.147559 0.589844 0.295117
0 0.750781 0.15459 0.154688 0.28457
0 0.532031 0.35791 0.0570313 0.0568359
0 0.130371 0.294238 0.0541016 0.0662109
0 0.65957 0.885547 0.0386719 0.0445313
0 0.387988 0.451562 0.0373047 0.0460938
0 0.199414 0.0755859 0.173047 0.146289
0 0.954297 0.658789 0.0898438 0.161328
0 0.202588 0.0793823 0.19834 0.149048
0 0.394531 0.451172 0.0296875 0.0390625
0 0.828906 0.75293 0.195312 0.200391
0 0.786328 0.828125 0.0601563 0.0640625
0 0.236426 0.118359 0.0689453 0.0837891
0 0.672266 0.898438 0.0695313 0.06875
0 0.947656 0.406641 0.104688 0.139844
0 0.40293 0.456836 0.0613281 0.0589844
0 0.285352 0.0814331 0.408984 0.154907
0 0.962109 0.433203 0.0757812 0.108594
0 0.569922 0.781836 0.0554687 0.0894531
0 0.856055 0.857031 0.247266 0.146875
0 0.568945 0.77207 0.0542969 0.101172
0 0.523633 0.350684 0.0371094 0.0357422
0 0.761719 0.162329 0.0953125 0.179248
0 0.653516 0.130664 0.347656 0.261328
0 0.536133 0.24585 0.105859 0.212207
0 0.389453 0.457813 0.0289063 0.0382813
0 0.218457 0.101538 0.22207 0.174658
0 0.526758 0.362012 0.0417969 0.0509766
0 0.927734 0.894141 0.0679687 0.0710938
0 0.783008 0.828906 0.0449219 0.05625
0 0.127637 0.303809 0.0533203 0.0607422
0 0.545508 0.233887 0.105078 0.191211
0 0.940234 0.904297 0.0617188 0.0601563
0 0.682031 0.891016 0.084375 0.0617188
0 0.915234 0.858594 0.150781 0.15625
0 0.387598 0.181836 0.573242 0.3625
0 0.884375 0.535352 0.23125 0.321484
0 0.760938 0.874219 0.25 0.1375
0 0.135937 0.301758 0.0677734 0.06875
0 0.833984 0.122925 0.221094 0.226807
0 0.536133 0.207617 0.108203 0.162891
0 0.544922 0.0896484 0.169531 0.162109
0 0.351855 0.287109 0.544727 0.541406
0 0.580273 0.0685547 0.0832031 0.115039
0 0.666797 0.887891 0.0773438 0.0898438
0 0.525977 0.354492 0.0277344 0.034375
0 0.734766 0.176416 0.0234375 0.0334961
0 0.955078 0.441992 0.0804688 0.0839844
0 0.738867 0.182031 0.0464844 0.0484375
0 0.236914 0.411328 0.0511719 0.046875
0 0.939844 0.856641 0.11875 0.158594
0 0.651367 0.884766 0.0324219 0.0398437
0 0.545117 0.198633 0.105859 0.14375
0 0.550195 0.421875 0.113672 0.184375
0 0.417188 0.456641 0.0578125 0.05
0 0.875391 0.575 0.249219 0.374219
0 0.875781 0.857813 0.217188 0.157813
0 0.222168 0.100708 0.142383 0.118701
0 0.534766 0.348633 0.0632813 0.0425781
0 0.765234 0.126367 0.0726563 0.0742188
0 0.31377 0.208008 0.445898 0.402734
0 0.244629 0.417969 0.0333984 0.0398437
0 0.931641 0.663867 0.136719 0.179297
0 0.236719 0.129785 0.0640625 0.0697266
0 0.563281 0.737109 0.0695313 0.182031
0 0.755078 0.127637 0.0695313 0.0783203
0 0.922656 0.884375 0.142188 0.140625
0 0.816016 0.890234 0.367969 0.219531
0 0.750391 0.148047 0.0835937 0.166797
0 0.744922 0.182275 0.0742188 0.0510742
0 0.47832 0.209863 0.299609 0.405273
0 0.250098 0.118408 0.0861328 0.0860352
0 0.432813 0.452148 0.0257812 0.0371094
0 0.245605 0.127368 0.140039 0.141748
0 0.530859 0.268945 0.0359375 0.0394531
0 0.792578 0.105322 0.149219 0.19873
0 0.733008 0.174463 0.0277344 0.0354492
0 0.827734 0.539453 0.0445313 0.0523438
0 0.421777 0.112964 0.412695 0.218604
0 0.431445 0.449805 0.0269531 0.0347656
0 0.248047 0.129102 0.0800781 0.0753906
0 0.120996 0.311914 0.0283203 0.0363281
0 0.237598 0.202344 0.268945 0.392969
0 0.233252 0.243359 0.261621 0.486719
0 0.757031 0.118652 0.065625 0.0628906
0 0.754102 0.14082 0.0777344 0.108984
0 0.394141 0.461328 0.0257812 0.0390625
0 0.951563 0.925781 0.096875 0.146875
0 0.817969 0.900781 0.364063 0.198437
0 0.216602 0.15918 0.23125 0.302734
0 0.768945 0.811914 0.462109 0.251172
0 0.420117 0.450195 0.0488281 0.0402344
0 0.561719 0.760156 0.0445313 0.1375
0 0.9125 0.570898 0.175 0.412891
0 0.142432 0.0982422 0.0717773 0.125977
0 0.403711 0.445703 0.0652344 0.0554687
0 0.95 0.455859 0.1 0.189063
0 0.738281 0.15332 0.0507812 0.0761719
0 0.553711 0.191357 0.143359 0.360254
0 0.124023 0.120508 0.0261719 0.046875
0 0.677539 0.885547 0.102734 0.0601563
0 0.941016 0.832422 0.116406 0.197656
0 0.790234 0.147998 0.152344 0.269238
0 0.764648 0.210498 0.128516 0.396191
0 0.12417 0.112061 0.0264648 0.0614258
0 0.180518 0.146387 0.160059 0.274023
0 0.877539 0.638086 0.244922 0.520703
0 0.739258 0.174805 0.0480469 0.040625
0 0.680664 0.899609 0.0761719 0.0742188
0 0.936328 0.427832 0.127344 0.141992
0 0.355957 0.0880859 0.564648 0.176172
0 0.553711 0.246875 0.140234 0.484375
0 0.538086 0.421484 0.108203 0.183594
0 0.501172 0.516992 0.046875 0.0488281
0 0.947266 0.903906 0.0695313 0.0625
0 0.606641 0.103516 0.0390625 0.0496094
0 0.228711 0.118457 0.0558594 0.0728516
0 0.413281 0.466406 0.0648438 0.0679687
0 0.522656 0.366406 0.0429688 0.0648438
0 0.308594 0.254297 0.441406 0.497656
0 0.777734 0.232715 0.114844 0.161133
0 0.389355 0.0787109 0.0572266 0.0742188
0 0.737695 0.139063 0.0550781 0.103516
0 0.11543 0.345117 0.0505859 0.103516
0 0.833203 0.536328 0.0351562 0.04375
0 0.24209 0.0817627 0.268945 0.148389
0 0.121484 0.340918 0.0570313 0.118164
0 0.767383 0.164551 0.104297 0.212305
0 0.651953 0.8875 0.0273438 0.0390625
0 0.749609 0.108911 0.103906 0.162646
0 0.747266 0.190137 0.0585938 0.0564453
0 0.124072 0.318848 0.0508789 0.0638672
0 0.734375 0.158984 0.0296875 0.0578125
0 0.520508 0.273535 0.0480469 0.0462891
0 0.131104 0.131104 0.0358398 0.0506836
0 0.980469 0.641406 0.0390625 0.121875
0 0.130469 0.330762 0.0798828 0.136914
0 0.954297 0.432422 0.0851563 0.0976562
0 0.776758 0.831641 0.0417969 0.0539063
0 0.825391 0.542773 0.0289063 0.0402344
0 0.388281 0.287207 0.578125 0.542773
0 0.608789 0.0967773 0.0410156 0.0505859
0 0.400879 0.467773 0.0568359 0.0667969
0 0.819141 0.637305 0.361719 0.355078
0 0.232227 0.408984 0.0507812 0.0515625
0 0.773047 0.195898 0.113281 0.153516
0 0.548242 0.755273 0.0792969 0.153516
0 0.840234 0.594141 0.316406 0.363281
0 0.947656 0.79668 0.0984375 0.253516
0 0.74082 0.126123 0.0527344 0.0754883
0 0.227686 0.148438 0.113379 0.180859
0 0.885156 0.70332 0.0640625 0.0699219
0 0.551758 0.0902344 0.152734 0.170703
0 0.765039 0.117871 0.0683594 0.0544922
0 0.549414 0.355957 0.0964844 0.0576172
0 0.608008 0.102246 0.0644531 0.0703125
0 0.124609 0.192627 0.053125 0.069043
0 0.833398 0.853516 0.258203 0.130469
0 0.249316 0.143457 0.0642578 0.0576172
0 0.227539 0.107495 0.0570313 0.0744629
0 0.992578 0.550586 0.0148437 0.130078
0 0.54668 0.138672 0.153516 0.254688
0 0.260449 0.129883 0.0755859 0.071875
0 0.238086 0.416406 0.0628906 0.046875
0 0.655859 0.878125 0.0359375 0.0359375
0 0.551758 0.2896 0.138672 0.37627
0 0.832031 0.15332 0.235938 0.285547
0 0.51543 0.280957 0.0550781 0.0626953
0 0.717383 0.867188 0.162109 0.11875
0 0.783789 0.824609 0.0339844 0.0445313
0 0.795703 0.828906 0.0757812 0.0734375
0 0.817969 0.753125 0.176563 0.198437
0 0.134912 0.314746 0.0670898 0.0826172
0 0.123779 0.329297 0.0483398 0.0773438
0 0.885938 0.69375 0.0703125 0.0726563
0 0.871484 0.682422 0.0320312 0.0398437
0 0.257764 0.10332 0.196582 0.124023
0 0.504102 0.5125 0.0363281 0.0359375
0 0.834766 0.539648 0.0570313 0.0644531
0 0.951563 0.895312 0.09375 0.075
0 0.513672 0.374023 0.0578125 0.0753906
0 0.561328 0.794727 0.0273438 0.0496094
0 0.992578 0.563281 0.0148437 0.125781
0 0.767969 0.0854736 0.1 0.14292
0 0.261523 0.14458 0.0660156 0.0600586
0 0.430078 0.464453 0.0375 0.0625
0 0.973047 0.645312 0.0539063 0.11875
0 0.750781 0.726953 0.498437 0.196094
0 0.760742 0.855078 0.220703 0.113281
0 0.81875 0.723828 0.3625 0.386719
0 0.599219 0.0684814 0.0632813 0.109326
0 0.321484 0.084668 0.196875 0.166016
0 0.230469 0.131787 0.0511719 0.0598633
0 0.696484 0.891406 0.100781 0.06875
0 0.23584 0.108594 0.0650391 0.0804688
0 0.749609 0.167578 0.0851563 0.169531
0 0.568164 0.788867 0.0582031 0.0878906
0 0.992578 0.0149414 0.0148437 0.0298828
0 0.970313 0.432422 0.059375 0.109375
0 0.943359 0.440234 0.0867188 0.0890625
0 0.667969 0.906641 0.0765625 0.0992187
0 0.916016 0.627539 0.167969 0.613672
0 0.740234 0.1896 0.0484375 0.0547852
0 0.928125 0.680273 0.14375 0.192578
0 0.12168 0.313672 0.0228516 0.034375
0 0.664062 0.899219 0.059375 0.065625
0 0.522266 0.277148 0.0609375 0.0617188
0 0.786719 0.824219 0.059375 0.059375
0 0.488281 0.0414307 0.05625 0.0700684
0 0.52168 0.373633 0.0597656 0.0792969
0 0.137061 0.19082 0.068457 0.0707031
0 0.825781 0.538477 0.034375 0.0425781
0 0.548438 0.345313 0.102344 0.0488281
0 0.486523 0.256348 0.276953 0.487305
0 0.982813 0.615234 0.034375 0.053125
0 0.53418 0.367383 0.0496094 0.0644531
0 0.138281 0.292578 0.0691406 0.0671875
0 0.134375 0.125195 0.0611328 0.0890625
0 0.878516 0.694531 0.0539063 0.065625
0 0.665039 0.878516 0.0464844 0.0335938
0 0.903125 0.512109 0.19375 0.242969
0 0.547461 0.670898 0.141797 0.295703
0 0.956641 0.507422 0.0867188 0.259375
0 0.12749 0.182324 0.0530273 0.0587891
0 0.498242 0.524609 0.0574219 0.065625
0 0.198145 0.145166 0.188477 0.213574
0 0.991797 0.586719 0.0164063 0.0765625
0 0.857031 0.893359 0.251563 0.213281
0 0.497461 0.519531 0.0433594 0.0570313
0 0.59668 0.0946777 0.0527344 0.0583008
0 0.838281 0.531641 0.0578125 0.0601563
0 0.380469 0.260449 0.51875 0.518164
0 0.609766 0.0947266 0.0640625 0.0589844
0 0.594141 0.0813477 0.0632813 0.0839844
0 0.120898 0.30166 0.0324219 0.0525391
0 0.189844 0.132568 0.169922 0.208301
0 0.600586 0.0280884 0.0566406 0.0520264
0 0.935547 0.516406 0.128906 0.270313
0 0.529297 0.166797 0.0648438 0.0820312
0 0.769531 0.259375 0.245312 0.50625
0 0.264746 0.155225 0.0560547 0.059082
0 0.234082 0.417188 0.0521484 0.0546875
0 0.878906 0.70332 0.0546875 0.0675781
0 0.177148 0.0800781 0.127734 0.139453
0 0.177051 0.0908936 0.12832 0.12251
0 0.729492 0.849219 0.178516 0.142188
0 0.778906 0.763086 0.0953125 0.194141
0 0.728125 0.800586 0.2625 0.251953
0 0.769141 0.705664 0.0492188 0.0667969
0 0.68418 0.771875 0.253516 0.292188
0 0.666602 0.891797 0.0550781 0.0679687
0 0.134473 0.330469 0.0896484 0.144531
0 0.729102 0.830859 0.171484 0.147656
0 0.741016 0.775977 0.222656 0.274609
0 0.358105 0.263086 0.522852 0.508203
0 0.140576 0.104199 0.0583008 0.106641
0 0.570117 0.760938 0.0589844 0.146875
0 0.816992 0.74707 0.364453 0.505859
0 0.358203 0.332129 0.516406 0.363867
0 0.568945 0.775781 0.0582031 0.125
0 0.411719 0.455469 0.0671875 0.0921875
0 0.774219 0.70293 0.0609375 0.0769531
0 0.277734 0.262207 0.358594 0.503711
0 0.280273 0.314648 0.369141 0.397266
0 0.410547 0.446289 0.06875 0.0800781
0 0.764453 0.763086 0.0976562 0.194141
0 0.567578 0.77168 0.0398437 0.120703
0 0.133105 0.10354 0.0421875 0.106592
0 0.877539 0.616211 0.235547 0.277734
0 0.56875 0.782031 0.040625 0.0953125
0 0.800391 0.75957 0.133594 0.208984
0 0.31416 0.601953 0.0767578 0.0546875
0 0.772266 0.700391 0.0429688 0.059375
0 0.764063 0.708789 0.040625 0.0582031
0 0.40625 0.457031 0.0578125 0.0679687
0 0.676758 0.800391 0.258984 0.247656
0 0.39668 0.453906 0.0394531 0.0695313
0 0.244629 0.4125 0.0431641 0.0554687
0 0.638281 0.822461 0.189063 0.214453
0 0.672461 0.889844 0.0769531 0.0765625
0 0.413086 0.436914 0.0800781 0.122266
0 0.818359 0.806055 0.363281 0.373828
0 0.388672 0.447656 0.0460938 0.0835937
0 0.574805 0.779688 0.0597656 0.1
0 0.139648 0.112158 0.0589844 0.0963867
0 0.140869 0.0935547 0.0563477 0.111719
0 0.133154 0.284277 0.0772461 0.0939453
0 0.776953 0.695508 0.0585938 0.0699219
0 0.551172 0.06521 0.166406 0.126221
0 0.413672 0.456445 0.0742188 0.0699219
0 0.799219 0.736719 0.357812 0.467187
0 0.124316 0.340527 0.0601563 0.11582
0 0.143115 0.291895 0.080957 0.0806641
0 0.845508 0.601953 0.290234 0.310156
0 0.119873 0.343359 0.056543 0.110937
0 0.80332 0.80625 0.330859 0.290625
0 0.134033 0.294043 0.0577148 0.0771484
0 0.316797 0.596484 0.0835937 0.05625
0 0.818555 0.716992 0.353516 0.545703
0 0.235938 0.410156 0.0546875 0.059375
0 0.396094 0.459766 0.0320312 0.0507812
0 0.310937 0.599023 0.0480469 0.0488281
0 0.323633 0.608984 0.0855469 0.084375
0 0.139941 0.301367 0.0712891 0.078125
0 0.149854 0.311035 0.0995117 0.148242
0 0.816406 0.660937 0.351562 0.3875
0 0.366504 0.147656 0.549805 0.295312
0 0.451562 0.852734 0.121875 0.0976562
0 0.314258 0.595703 0.0582031 0.0570313
0 0.548828 0.382227 0.108594 0.105078
0 0.730273 0.860938 0.181641 0.128125
0 0.32168 0.594727 0.084375 0.0621094
0 0.135889 0.32041 0.0860352 0.157617
0 0.133008 0.115088 0.0410156 0.0907227
0 0.882812 0.603906 0.146875 0.246094
0 0.593164 0.0669434 0.0847656 0.111426
0 0.142773 0.282129 0.0882813 0.0908203
0 0.246094 0.419922 0.0324219 0.0429688
0 0.416602 0.444727 0.0800781 0.0800781
0 0.573438 0.769727 0.0585938 0.115234
0 0.358691 0.255859 0.528711 0.511719
0 0.786523 0.824219 0.0472656 0.059375
0 0.766016 0.713867 0.0539063 0.0753906
0 0.550195 0.204297 0.105078 0.135156
0 0.386719 0.43418 0.0921875 0.133984
0 0.127637 0.331348 0.0552734 0.106836
0 0.700781 0.859375 0.121875 0.125
0 0.402734 0.466992 0.0546875 0.0707031
0 0.4125 0.465039 0.0742188 0.0792969
0 0.550781 0.415137 0.110937 0.172852
0 0.30957 0.604297 0.0519531 0.0484375
0 0.88125 0.606445 0.139063 0.241016
0 0.451562 0.844141 0.125 0.116406
0 0.698047 0.871094 0.116406 0.103125
0 0.42793 0.433984 0.0957031 0.126563
0 0.668945 0.887109 0.0628906 0.0664062
0 0.962109 0.567383 0.0757812 0.108203
0 0.754297 0.863672 0.432031 0.155469
0 0.311719 0.609375 0.0804688 0.0851563
0 0.323828 0.0730225 0.226562 0.140283
0 0.771289 0.828516 0.0777344 0.0679687
0 0.242383 0.394336 0.0855469 0.0996094
0 0.364063 0.0851563 0.567969 0.170313
0 0.325977 0.601367 0.0925781 0.0589844
0 0.909375 0.492188 0.18125 0.323438
0 0.784961 0.701758 0.0816406 0.0933594
0 0.562695 0.761719 0.0464844 0.14375
0 0.131689 0.0951416 0.0393555 0.121436
0 0.121582 0.362988 0.0373047 0.0685547
0 0.798047 0.751563 0.122656 0.198437
0 0.568555 0.792969 0.0394531 0.071875
0 0.774609 0.102417 0.105469 0.161572
0 0.907813 0.58457 0.184375 0.197266
0 0.183984 0.323242 0.176563 0.161328
0 0.426953 0.413965 0.0976562 0.163477
0 0.583594 0.46543 0.0359375 0.0542969
0 0.395215 0.451172 0.0689453 0.108594
0 0.549219 0.361914 0.109375 0.110547
0 0.576758 0.366895 0.0714844 0.103711
0 0.425781 0.456055 0.0914062 0.0902344
0 0.182031 0.289258 0.164844 0.148828
0 0.55 0.221387 0.105469 0.139258
0 0.637891 0.835547 0.185156 0.182031
0 0.573242 0.787891 0.0605469 0.0898438
0 0.227246 0.113281 0.24043 0.226562
0 0.773633 0.128418 0.105859 0.193164
0 0.582422 0.778125 0.0648438 0.13125
0 0.110254 0.360156 0.0548828 0.0734375
0 0.883398 0.572266 0.228516 0.267188
0 0.170605 0.145264 0.145117 0.281348
0 0.774609 0.173145 0.111719 0.173633
0 0.137695 0.314551 0.0679687 0.0923828
0 0.308594 0.562109 0.0984375 0.155469
0 0.53457 0.234668 0.126953 0.173242
0 0.250928 0.0725342 0.23252 0.134619
0 0.769727 0.825391 0.0824219 0.0664062
0 0.19668 0.190674 0.199609 0.36084
0 0.839453 0.539844 0.0570313 0.0710938
0 0.660547 0.892578 0.0429688 0.0554687
0 0.199316 0.0730469 0.170117 0.133203
0 0.356152 0.608789 0.149414 0.0910156
0 0.152588 0.101807 0.0905273 0.110449
0 0.78418 0.828906 0.0519531 0.0609375
0 0.56582 0.369922 0.0847656 0.0945313
0 0.299902 0.602734 0.0298828 0.0359375
0 0.395801 0.438477 0.0583984 0.125391
0 0.561719 0.774219 0.040625 0.128125
0 0.773828 0.15332 0.108594 0.187109
0 0.151074 0.299609 0.0908203 0.0890625
0 0.830859 0.692773 0.177344 0.0808594
0 0.766406 0.705664 0.05 0.0675781
0 0.413477 0.41709 0.100391 0.161133
0 0.312305 0.585156 0.0835937 0.0953125
0 0.534961 0.21377 0.127734 0.155664
0 0.739453 0.703906 0.375781 0.439063
0 0.619336 0.828906 0.157422 0.229687
0 0.420312 0.456445 0.075 0.0785156
0 0.842969 0.531641 0.05625 0.0640625
0 0.121582 0.333105 0.0888672 0.154102
0 0.230566 0.0776367 0.223242 0.142969
0 0.617578 0.806836 0.148438 0.216016
0 0.907031 0.526367 0.185938 0.143359
0 0.358105 0.174512 0.524414 0.349023
0 0.29248 0.25332 0.397852 0.506641
0 0.138184 0.329492 0.0740234 0.112891
0 0.29751 0.13418 0.372949 0.268359
0 0.153857 0.326367 0.112988 0.151172
0 0.406055 0.439258 0.0824219 0.124609
0 0.642383 0.770117 0.196484 0.167578
0 0.832422 0.54043 0.0414063 0.0535156
0 0.661719 0.887891 0.0453125 0.0585938
0 0.235205 0.253906 0.274512 0.507812
0 0.130615 0.318262 0.0485352 0.0619141
0 0.575391 0.357422 0.0703125 0.111719
0 0.671484 0.9 0.078125 0.09375
0 0.520117 0.367578 0.0496094 0.071875
0 0.550391 0.0720459 0.165625 0.128564
0 0.144873 0.0989502 0.0719727 0.119287
0 0.826953 0.732617 0.177344 0.178516
0 0.432715 0.0531494 0.204883 0.101123
0 0.767578 0.55918 0.438281 0.728516
0 0.151367 0.290918 0.0917969 0.0826172
0 0.132617 0.305957 0.0478516 0.0595703
0 0.396484 0.464453 0.0296875 0.046875
0 0.907031 0.487891 0.185938 0.157813
0 0.566797 0.74082 0.0726563 0.179297
0 0.766211 0.669922 0.447266 0.530469
0 0.198486 0.354102 0.178809 0.184766
0 0.765234 0.160156 0.0929688 0.167969
0 0.838672 0.395313 0.308594 0.790625
0 0.76875 0.125928 0.0875 0.0944336
0 0.231738 0.0638672 0.214648 0.120313
0 0.802539 0.0707031 0.163672 0.139063
0 0.830273 0.702148 0.178516 0.0957031
0 0.419727 0.464844 0.0707031 0.0875
0 0.301758 0.600586 0.0421875 0.0410156
0 0.787109 0.821875 0.0710938 0.0671875
0 0.148291 0.286816 0.0948242 0.118164
0 0.199414 0.322754 0.187109 0.188867
0 0.364453 0.236133 0.532813 0.472266
0 0.954297 0.570117 0.0914062 0.114453
0 0.760742 0.717188 0.0394531 0.053125
0 0.865234 0.608594 0.144531 0.253125
0 0.562891 0.783594 0.0367188 0.0953125
0 0.13125 0.272949 0.0841797 0.106055
0 0.150781 0.279785 0.0902344 0.0853516
0 0.904688 0.468066 0.190625 0.212305
0 0.777344 0.198633 0.115625 0.169141
0 0.672852 0.873828 0.0792969 0.102344
0 0.140674 0.082959 0.0583008 0.120605
0 0.324512 0.595313 0.0896484 0.0804688
0 0.788086 0.691797 0.0863281 0.0820312
0 0.242285 0.417969 0.0607422 0.0601563
0 0.772656 0.696094 0.0421875 0.059375
0 0.430371 0.158594 0.664258 0.317188
0 0.550195 0.0549316 0.160547 0.109863
0 0.162451 0.0836914 0.102832 0.1375
0 0.580273 0.204395 0.0441406 0.0560547
0 0.525391 0.365137 0.05 0.0634766
0 0.77207 0.713672 0.0667969 0.096875
0 0.689258 0.889063 0.100391 0.0859375
0 0.803906 0.0881836 0.170313 0.161523
0 0.490234 0.0417603 0.0539063 0.0735107
0 0.383203 0.439063 0.0640625 0.119531
0 0.228467 0.16123 0.258691 0.31582
0 0.551367 0.337793 0.111328 0.166602
0 0.554785 0.569336 0.768555 0.731641
0 0.119043 0.333984 0.0583984 0.111719
0 0.390918 0.457813 0.0330078 0.0570313
0 0.785742 0.528906 0.191016 0.107031
0 0.910937 0.534766 0.178125 0.172656
0 0.909375 0.657617 0.142188 0.135547
0 0.781641 0.688867 0.0539063 0.0550781
0 0.728906 0.805859 0.164062 0.144531
0 0.203076 0.276855 0.190723 0.166992
0 0.669531 0.862109 0.0945313 0.128906
0 0.191992 0.0888672 0.155469 0.129297
0 0.775391 0.775977 0.0945313 0.168359
0 0.233105 0.401074 0.0736328 0.0806641
0 0.90625 0.54707 0.1875 0.144922
0 0.764648 0.138477 0.0878906 0.146875
0 0.451172 0.45293 0.140625 0.0980469
0 0.583398 0.473828 0.0285156 0.0375
0 0.834766 0.535937 0.0398437 0.0484375
0 0.371777 0.608203 0.168164 0.100781
0 0.583789 0.0804199 0.0839844 0.0930664
0 0.454297 0.427734 0.144531 0.145313
0 0.238281 0.271973 0.294531 0.50293
0 0.498047 0.040625 0.0710938 0.08125
0 0.601758 0.0670166 0.0855469 0.110889
0 0.177051 0.267969 0.150195 0.1375
0 0.914062 0.55332 0.171875 0.148047
0 0.425488 0.117578 0.675586 0.235156
0 0.233008 0.262598 0.278516 0.507617
0 0.150781 0.268164 0.0820312 0.0949219
0 0.136523 0.302148 0.0824219 0.151172
0 0.152686 0.110913 0.0950195 0.102002
0 0.49082 0.360352 0.226953 0.283984
0 0.14082 0.271289 0.0917969 0.106641
0 0.679688 0.885547 0.0984375 0.0773438
0 0.532031 0.352246 0.0257812 0.0357422
0 0.192578 0.216797 0.196875 0.433594
0 0.569141 0.761719 0.059375 0.142188
0 0.195166 0.286523 0.206152 0.516016
0 0.325391 0.0546143 0.203125 0.104053
0 0.125977 0.104736 0.0265625 0.106934
0 0.767383 0.117041 0.0792969 0.0594727
0 0.568359 0.455273 0.0765625 0.0839844
0 0.19209 0.0974609 0.176367 0.194922
0 0.85 0.525586 0.0828125 0.0847656
0 0.422266 0.444727 0.08125 0.0800781
0 0.250537 0.0607422 0.196582 0.115039
0 0.416406 0.435937 0.0875 0.117969
0 0.779102 0.749805 0.0855469 0.178516
0 0.408691 0.182031 0.613867 0.364063
0 0.880469 0.550195 0.139063 0.132422
0 0.32832 0.595898 0.0996094 0.0628906
0 0.560156 0.764648 0.0429688 0.142578
0 0.356836 0.0257812 0.577734 0.0515625
0 0.297168 0.0728516 0.411914 0.145703
0 0.405664 0.0464844 0.199609 0.0929688
0 0.337695 0.601562 0.105859 0.0617188
0 0.662695 0.884766 0.0496094 0.0695313
0 0.569141 0.376758 0.09375 0.125391
0 0.17417 0.192871 0.154395 0.360352
0 0.199951 0.0597412 0.168066 0.107471
0 0.903516 0.605078 0.157031 0.224219
0 0.354688 0.432031 0.511719 0.389062
0 0.880273 0.503613 0.236328 0.330273
0 0.371875 0.444336 0.0804688 0.0878906
0 0.537891 0.430078 0.135937 0.179688
0 0.171582 0.104492 0.138867 0.208984
0 0.148877 0.0916016 0.0788086 0.115625
0 0.326074 0.530859 0.125977 0.219531
0 0.839453 0.551367 0.305469 0.305859
0 0.802148 0.689648 0.101953 0.0863281
0 0.2375 0.418164 0.0488281 0.0558594
0 0.725781 0.518164 0.0765625 0.0582031
0 0.724219 0.528711 0.0726563 0.0769531
0 0.565039 0.168066 0.0902344 0.107617
0 0.846875 0.538281 0.078125 0.101562
0 0.55293 0.431348 0.109766 0.157617
0 0.758594 0.82168 0.289062 0.208203
0 0.734375 0.808594 0.1875 0.239063
0 0.356543 0.263086 0.547852 0.508203
0 0.419531 0.412695 0.096875 0.171484
0 0.820312 0.7625 0.359375 0.357812
0 0.760352 0.163794 0.0839844 0.189209
0 0.782031 0.760938 0.107813 0.207813
0 0.727539 0.829688 0.169922 0.173438
0 0.410449 0.437695 0.0923828 0.130078
0 0.696875 0.859375 0.117188 0.129688
0 0.819531 0.807813 0.360938 0.29375
0 0.729492 0.850195 0.178516 0.154297
0 0.419531 0.429199 0.09375 0.14707
0 0.767578 0.704492 0.0476562 0.0691406
0 0.359863 0.253125 0.560742 0.50625
0 0.181738 0.0906738 0.15293 0.13916
0 0.319922 0.0821777 0.213281 0.16084
0 0.867188 0.625293 0.265625 0.565039
0 0.733984 0.844922 0.188281 0.185156
0 0.773633 0.190332 0.116797 0.22207
0 0.179492 0.0784424 0.141016 0.152881
0 0.211279 0.0792725 0.202441 0.154541
0 0.764258 0.182373 0.0902344 0.204004
0 0.665625 0.890234 0.0546875 0.0695313
0 0.833984 0.573828 0.332031 0.482031
0 0.844727 0.40293 0.308984 0.794141
0 0.280078 0.264551 0.408594 0.497461
0 0.547266 0.205859 0.104688 0.173047
0 0.801172 0.758203 0.139844 0.210156
0 0.821484 0.691797 0.357031 0.503906
0 0.410938 0.42041 0.10625 0.160742
0 0.768555 0.175317 0.105078 0.222412
0 0.771484 0.700391 0.0414063 0.0554687
0 0.739844 0.78457 0.1875 0.276172
0 0.927344 0.632227 0.145313 0.196484
0 0.533789 0.229199 0.116797 0.153711
0 0.308594 0.590039 0.084375 0.0886719
0 0.864648 0.563672 0.270703 0.432031
0 0.213281 0.0957031 0.207031 0.140039
0 0.534766 0.209766 0.123438 0.178906
0 0.30625 0.0809326 0.221875 0.160791
0 0.760547 0.145752 0.0820312 0.145996
0 0.854102 0.37959 0.291797 0.756445
0 0.762305 0.710156 0.0378906 0.0539063
0 0.320605 0.598437 0.0900391 0.075
0 0.832031 0.818359 0.335938 0.330469
0 0.802734 0.331738 0.0992187 0.154492
0 0.833594 0.683594 0.332813 0.55
0 0.31543 0.595898 0.0625 0.0582031
0 0.31416 0.602539 0.0783203 0.0582031
0 0.855273 0.656641 0.289453 0.564844
0 0.324609 0.0996338 0.207031 0.140967
0 0.767578 0.108813 0.100781 0.192529
0 0.118848 0.344336 0.0646484 0.115234
0 0.822266 0.661328 0.355469 0.546094
0 0.928516 0.618945 0.142969 0.207422
0 0.781055 0.21582 0.137891 0.351172
0 0.508984 0.262402 0.232031 0.49082
0 0.676953 0.887891 0.0914062 0.0835937
0 0.767383 0.760352 0.0871094 0.199609
0 0.828125 0.744727 0.34375 0.466797
0 0.772852 0.700977 0.0652344 0.0847656
0 0.30791 0.611523 0.0810547 0.0886719
0 0.319336 0.610352 0.0863281 0.0910156
0 0.492773 0.269434 0.256641 0.475195
0 0.124756 0.34082 0.102051 0.193359
0 0.836914 0.497461 0.326172 0.523047
0 0.316602 0.597656 0.0871094 0.053125
0 0.31416 0.599219 0.0525391 0.046875
0 0.365234 0.255859 0.550781 0.511719
0 0.481836 0.871094 0.0917969 0.0890625
0 0.798828 0.75 0.128906 0.203125
0 0.242676 0.392285 0.0857422 0.106836
0 0.292969 0.250977 0.434375 0.501953
0 0.785156 0.302441 0.1375 0.219336
0 0.963281 0.568945 0.0734375 0.112891
0 0.764648 0.712695 0.0519531 0.0785156
0 0.245801 0.360742 0.0955078 0.168359
0 0.323438 0.601953 0.0898438 0.0601563
0 0.492773 0.870313 0.0925781 0.0859375
0 0.766992 0.143359 0.100391 0.232813
0 0.742969 0.725 0.217188 0.396875
0 0.764453 0.707422 0.0445313 0.0609375
0 0.778516 0.154053 0.132031 0.286426
0 0.231934 0.387598 0.0876953 0.123242
0 0.737891 0.871094 0.208594 0.15625
0 0.41084 0.455859 0.0767578 0.0992187
0 0.694336 0.874219 0.111328 0.103125
0 0.320312 0.592188 0.0886719 0.06875
0 0.964453 0.421484 0.0710938 0.117969
0 0.589746 0.264746 0.489258 0.501758
0 0.124707 0.34248 0.0685547 0.118945
0 0.310547 0.604883 0.0527344 0.0511719
0 0.769727 0.0859375 0.102734 0.16875
0 0.926953 0.657031 0.142969 0.157813
0 0.227148 0.0844238 0.220703 0.155176
0 0.414453 0.464453 0.0703125 0.0765625
0 0.279004 0.0820801 0.158008 0.161621
0 0.111133 0.380664 0.0736328 0.159766
0 0.860547 0.486133 0.278906 0.565234
0 0.255469 0.0849365 0.154297 0.160986
0 0.842578 0.42959 0.314844 0.843945
0 0.550195 0.413965 0.110547 0.174414
0 0.497266 0.250977 0.300781 0.501953
0 0.368262 0.240234 0.565039 0.480469
0 0.961328 0.536719 0.0773438 0.189844
0 0.419824 0.397266 0.0986328 0.171875
0 0.112695 0.363086 0.0775391 0.172266
0 0.970703 0.419434 0.0585938 0.11582
0 0.23877 0.411328 0.0572266 0.0632813
0 0.181104 0.324512 0.212402 0.161133
0 0.828906 0.714258 0.1875 0.138672
0 0.821484 0.747656 0.175781 0.207813
0 0.551074 0.570605 0.782227 0.713477
0 0.633008 0.346289 0.558984 0.692578
0 0.245508 0.380859 0.0917969 0.136719
0 0.775391 0.69375 0.0632813 0.071875
0 0.55332 0.0836914 0.144141 0.166016
0 0.311523 0.106274 0.202734 0.121436
0 0.156836 0.0802979 0.103125 0.153271
0 0.546094 0.221387 0.104688 0.161914
0 0.750781 0.516797 0.121875 0.0875
0 0.570117 0.250586 0.551953 0.501172
0 0.190088 0.345117 0.196777 0.191016
0 0.158643 0.324023 0.163965 0.165234
0 0.347266 0.0825439 0.140625 0.157178
0 0.778125 0.197217 0.125 0.202832
0 0.659766 0.891016 0.0421875 0.0585938
0 0.760156 0.717969 0.0359375 0.0539063
0 0.583789 0.466602 0.0332031 0.0511719
0 0.905078 0.552148 0.189844 0.155078
0 0.363965 0.324316 0.561133 0.414648
0 0.439355 0.841797 0.150195 0.146094
0 0.955469 0.413281 0.0890625 0.136719
0 0.729297 0.414062 0.366406 0.828125
0 0.569141 0.455664 0.071875 0.0816406
0 0.614062 0.258984 0.509375 0.517969
0 0.355957 0.261523 0.525586 0.501953
0 0.583398 0.474023 0.0277344 0.0378906
0 0.761523 0.114331 0.0847656 0.156494
0 0.548633 0.18208 0.101172 0.137402
0 0.780859 0.248682 0.161719 0.387012
0 0.803906 0.0713379 0.167187 0.142676
0 0.835547 0.693945 0.196094 0.116016
0 0.379199 0.247266 0.590039 0.494531
0 0.783594 0.274902 0.1375 0.212695
0 0.802734 0.31875 0.100781 0.164844
0 0.787305 0.312793 0.128516 0.19082
0 0.243457 0.385742 0.0830078 0.122266
0 0.125708 0.359375 0.105225 0.19375
0 0.766797 0.125195 0.0851563 0.0943359
0 0.766992 0.11626 0.0753906 0.0588867
0 0.905469 0.528711 0.189063 0.170703
0 0.788281 0.700781 0.09375 0.101562
0 0.955078 0.571875 0.0898438 0.11875
0 0.762695 0.643164 0.454297 0.569922
0 0.8375 0.539062 0.0546875 0.0757812
0 0.783789 0.515039 0.185547 0.101953
0 0.797266 0.691406 0.114844 0.0945313
0 0.23125 0.100024 0.0441406 0.0606934
0 0.907031 0.574219 0.185938 0.157813
0 0.830859 0.540625 0.0367188 0.05625
0 0.780078 0.221484 0.128906 0.167969
0 0.414648 0.457813 0.0699219 0.06875
0 0.960938 0.554883 0.078125 0.157422
0 0.9625 0.429297 0.075 0.10625
0 0.303906 0.600586 0.0460938 0.0410156
0 0.245117 0.417578 0.0351562 0.0507812
0 0.579297 0.113989 0.0945313 0.200928
0 0.842188 0.466016 0.315625 0.863281
0 0.57793 0.0736816 0.0902344 0.13916
0 0.520898 0.342773 0.248047 0.328516
0 0.763477 0.357129 0.207422 0.699023
0 0.550586 0.435352 0.106641 0.139453
0 0.199316 0.363477 0.16582 0.169922
0 0.81875 0.844336 0.3625 0.295703
0 0.661133 0.8875 0.0425781 0.053125
0 0.895312 0.610254 0.209375 0.645117
0 0.125586 0.333984 0.0644531 0.116406
0 0.839844 0.530859 0.053125 0.0664062
0 0.945703 0.828906 0.103906 0.210938
0 0.326172 0.599023 0.102344 0.0542969
0 0.526367 0.429883 0.160547 0.157422
0 0.925 0.678516 0.145313 0.128906
0 0.14873 0.29248 0.132227 0.141211
0 0.780078 0.757422 0.0945313 0.216406
0 0.479492 0.160107 0.378516 0.305566
0 0.178955 0.354102 0.212012 0.177734
0 0.404883 0.46582 0.0589844 0.0730469
0 0.832812 0.536719 0.0328125 0.0460938
0 0.904688 0.494531 0.190625 0.170313
0 0.800586 0.288281 0.103516 0.136719
0 0.805078 0.355957 0.0976562 0.167773
0 0.558691 0.235547 0.474805 0.471094
0 0.274707 0.115918 0.139648 0.0962891
0 0.837109 0.673047 0.199219 0.120313
0 0.795508 0.702539 0.115234 0.101953
0 0.564453 0.166895 0.090625 0.108398
0 0.592383 0.0686523 0.0792969 0.117773
0 0.558789 0.122705 0.128516 0.224902
0 0.922656 0.495117 0.154688 0.322266
0 0.948828 0.830078 0.102344 0.210156
0 0.786523 0.527734 0.198828 0.114063
0 0.475586 0.238477 0.447266 0.476953
0 0.708398 0.547461 0.558203 0.758203
0 0.962891 0.563672 0.0742188 0.130469
0 0.805078 0.0885742 0.174219 0.161719
0 0.899219 0.543262 0.201563 0.505664
0 0.254297 0.382617 0.0894531 0.119141
0 0.787305 0.823438 0.0457031 0.053125
0 0.491113 0.567871 0.661523 0.711133
0 0.301465 0.604102 0.0306641 0.0371094
0 0.590039 0.0569336 0.0683594 0.113867
0 0.58125 0.448242 0.0703125 0.100391
0 0.237012 0.400781 0.0650391 0.0859375
0 0.139258 0.330664 0.0835937 0.116016
0 0.825781 0.543555 0.0265625 0.0417969
0 0.364648 0.142969 0.556641 0.285938
0 0.16416 0.148047 0.149023 0.285938
0 0.946875 0.815039 0.0984375 0.248047
0 0.667188 0.886328 0.0648438 0.0648438
0 0.419727 0.451562 0.0894531 0.114063
0 0.36084 0.175586 0.549414 0.351172
0 0.256348 0.252344 0.357617 0.504687
0 0.840234 0.498633 0.319531 0.799609
0 0.409473 0.405273 0.111523 0.173047
0 0.272656 0.126196 0.141016 0.104639
0 0.831641 0.844922 0.336719 0.310156
0 0.389551 0.0773682 0.0771484 0.0835449
0 0.549023 0.385352 0.108203 0.154297
0 0.771094 0.712695 0.075 0.101953
0 0.671582 0.439844 0.656836 0.879687
0 0.722852 0.803906 0.168359 0.242188
0 0.228613 0.104248 0.0498047 0.0672852
0 0.726562 0.514258 0.0859375 0.0660156
0 0.356348 0.0970703 0.55293 0.194141
0 0.324414 0.562891 0.105859 0.148438
0 0.133398 0.229932 0.0839844 0.297949
0 0.523242 0.410547 0.167578 0.179688
0 0.957812 0.539258 0.084375 0.174609
0 0.565234 0.260889 0.183594 0.240723
0 0.641406 0.267188 0.454688 0.51875
0 0.334766 0.601953 0.105469 0.0617188
0 0.226465 0.101709 0.0419922 0.0577148
0 0.953906 0.429102 0.0921875 0.102734
0 0.474805 0.881641 0.0925781 0.0695313
0 0.669336 0.208594 0.375391 0.4
0 0.758008 0.708594 0.0433594 0.0742188
0 0.111914 0.352148 0.0605469 0.128516
0 0.448926 0.251367 0.356055 0.502734
0 0.822852 0.326367 0.115234 0.156641
0 0.857422 0.341406 0.285156 0.676562
0 0.958203 0.42959 0.0835937 0.133008
0 0.972266 0.567383 0.0554687 0.111328
0 0.790625 0.689648 0.0984375 0.0894531
0 0.896875 0.478223 0.20625 0.59668
0 0.777539 0.825 0.0589844 0.0546875
0 0.655078 0.889063 0.0375 0.0578125
0 0.231738 0.369629 0.0978516 0.154492
0 0.306738 0.568164 0.0958984 0.140234
0 0.2375 0.410938 0.0484375 0.05625
0 0.889844 0.605078 0.167187 0.221094
0 0.126758 0.319824 0.0992187 0.174414
0 0.553125 0.50332 0.7125 0.855859
0 0.575781 0.124219 0.110937 0.205469
0 0.6375 0.822656 0.182031 0.209375
0 0.857813 0.420898 0.284375 0.726953
0 0.25166 0.263281 0.354492 0.514063
0 0.647656 0.377539 0.539062 0.755078
0 0.888281 0.554492 0.159375 0.134766
0 0.186475 0.287402 0.212207 0.129492
0 0.520606 0.692187 0.688477 0.457813
0 0.14668 0.267383 0.117578 0.141797
0 0.741016 0.510742 0.103906 0.0792969
0 0.193359 0.228906 0.224219 0.457813
0 0.591602 0.641602 0.766797 0.538672
0 0.583398 0.220508 0.528516 0.441016
0 0.285645 0.618555 0.129102 0.130078
0 0.281445 0.127148 0.390234 0.254297
0 0.445996 0.16582 0.431445 0.331641
0 0.675391 0.899609 0.090625 0.0960938
0 0.259375 0.11709 0.125 0.0978516
0 0.758984 0.129468 0.0820312 0.109814
0 0.567578 0.785156 0.0390625 0.090625
0 0.408594 0.458203 0.065625 0.06875
0 0.960938 0.576563 0.0765625 0.115625
0 0.454883 0.84375 0.133203 0.14375
0 0.786719 0.336816 0.121875 0.157617
0 0.149512 0.23623 0.118164 0.256055
0 0.492188 0.355859 0.234375 0.294531
0 0.64707 0.475781 0.705859 0.951563
0 0.416406 0.435547 0.0890625 0.120313
0 0.960156 0.562305 0.0796875 0.135547
0 0.69082 0.878125 0.127734 0.0875
0 0.168652 0.122266 0.14707 0.244531
0 0.850781 0.343359 0.290625 0.633594
0 0.960156 0.460938 0.0796875 0.207813
0 0.854688 0.396484 0.290625 0.769531
0 0.748828 0.166821 0.0851563 0.192139
0 0.633203 0.216797 0.460156 0.433594
0 0.69043 0.887891 0.112891 0.0867188
0 0.73125 0.858984 0.170313 0.133594
0 0.454883 0.860938 0.130078 0.11875
0 0.823828 0.777734 0.352344 0.435156
0 0.352832 0.254688 0.541211 0.509375
0 0.821875 0.816602 0.35625 0.366797
0 0.854688 0.574609 0.290625 0.403906
0 0.837305 0.594922 0.325391 0.372656
0 0.846289 0.409375 0.307422 0.81875
0 0.40459 0.249609 0.65332 0.499219
0 0.352441 0.27002 0.536523 0.505273
0 0.473047 0.864453 0.146875 0.110156
0 0.386426 0.256641 0.602148 0.513281
0 0.670215 0.398438 0.65957 0.796875
0 0.947266 0.419727 0.105469 0.129297
0 0.654785 0.349609 0.668555 0.699219
0 0.455273 0.855078 0.131641 0.117969
0 0.82832 0.722852 0.343359 0.491797
0 0.833008 0.674414 0.333984 0.437109
0 0.820312 0.849219 0.359375 0.301563
0 0.672266 0.476953 0.655469 0.953906
0 0.735352 0.783203 0.323047 0.299219
0 0.664844 0.889063 0.0523438 0.0609375
0 0.730469 0.833008 0.165625 0.162109
0 0.173828 0.100635 0.126953 0.168652
0 0.855469 0.636719 0.289062 0.459375
0 0.767969 0.70625 0.04375 0.0671875
0 0.328516 0.0855469 0.249219 0.158203
0 0.948828 0.432617 0.102344 0.116016
0 0.69707 0.865234 0.114453 0.108594
0 0.212891 0.0768555 0.197656 0.145508
0 0.750391 0.825977 0.221094 0.319922
0 0.174902 0.082666 0.125195 0.153809
0 0.855469 0.396875 0.289062 0.790625
0 0.764844 0.714648 0.0484375 0.0753906
0 0.360938 0.238281 0.548438 0.476562
0 0.666797 0.883984 0.0570313 0.0601563
0 0.661133 0.884766 0.0394531 0.0507812
0 0.839453 0.550098 0.321094 0.368555
0 0.858008 0.303418 0.283984 0.579883
0 0.30957 0.0808105 0.225391 0.151465
0 0.214648 0.0942871 0.203516 0.156348
0 0.674414 0.887109 0.0816406 0.0679687
0 0.512305 0.265332 0.239453 0.483398
0 0.703125 0.447656 0.59375 0.895312
0 0.84375 0.395215 0.3125 0.75332
0 0.478125 0.846484 0.154688 0.125781
0 0.668066 0.294141 0.663867 0.588281
0 0.496484 0.270508 0.269531 0.473047
0 0.75332 0.533203 0.130859 0.108594
0 0.457031 0.253223 0.339844 0.501367
0 0.365723 0.263672 0.553711 0.502344
0 0.511523 0.251563 0.246484 0.503125
0 0.759961 0.169141 0.0847656 0.154688
0 0.762891 0.710742 0.0351562 0.0574219
0 0.425195 0.439063 0.0972656 0.122656
0 0.482617 0.869141 0.0957031 0.0914062
0 0.926562 0.654688 0.146875 0.182031
0 0.626563 0.261719 0.55625 0.523438
0 0.773438 0.701758 0.059375 0.0847656
0 0.925781 0.638477 0.148438 0.182422
0 0.231055 0.0834229 0.244531 0.153076
0 0.599121 0.263672 0.451758 0.500781
0 0.771875 0.178223 0.110937 0.208789
0 0.731641 0.869141 0.177344 0.125781
0 0.772656 0.12334 0.109375 0.202539
0 0.760742 0.718945 0.0332031 0.0535156
0 0.714063 0.528906 0.0632813 0.075
0 0.416016 0.839063 0.0539063 0.0765625
0 0.665723 0.226953 0.668555 0.453906
0 0.549219 0.0850586 0.157813 0.162695
0 0.926562 0.681055 0.146875 0.176953
0 0.659961 0.890625 0.0394531 0.0515625
0 0.773438 0.191748 0.117188 0.212207
0 0.499023 0.041394 0.0667969 0.0814697
0 0.655859 0.884766 0.034375 0.0507812
0 0.835156 0.724805 0.190625 0.162891
0 0.550391 0.0613037 0.160156 0.120752
0 0.706836 0.716406 0.531641 0.4125
0 0.966797 0.42373 0.0664062 0.120508
0 0.751953 0.524805 0.122656 0.0777344
0 0.399512 0.181445 0.610352 0.362891
0 0.830859 0.541992 0.0351562 0.0550781
0 0.349805 0.143945 0.525391 0.287891
0 0.992969 0.0180176 0.0140625 0.0360352
0 0.484375 0.23125 0.317969 0.4625
0 0.660742 0.881641 0.0433594 0.0492188
0 0.470898 0.867969 0.0972656 0.09375
0 0.674316 0.7 0.64668 0.451562
0 0.933203 0.436133 0.133594 0.136328
0 0.842773 0.677344 0.198828 0.120313
0 0.935547 0.419824 0.128906 0.143945
0 0.775195 0.625391 0.271484 0.314844
0 0.718359 0.660156 0.557031 0.329688
0 0.139307 0.102271 0.0567383 0.109131
0 0.416797 0.154297 0.663281 0.308594
0 0.545117 0.154053 0.156641 0.302832
0 0.77207 0.711914 0.0667969 0.0988281
0 0.661621 0.478906 0.676758 0.957812
0 0.67168 0.488281 0.656641 0.976562
0 0.787891 0.530078 0.194531 0.117188
0 0.771875 0.158618 0.107813 0.202295
0 0.726367 0.526953 0.0847656 0.0914062
0 0.692969 0.15459 0.614062 0.30918
0 0.569531 0.454688 0.071875 0.0835937
0 0.677148 0.882812 0.103516 0.0703125
0 0.839453 0.697461 0.196094 0.123828
0 0.659863 0.140723 0.680273 0.281445
0 0.132227 0.101562 0.0423828 0.0878906
0 0.410156 0.822656 0.0335938 0.04375
0 0.689844 0.877344 0.129688 0.0859375
0 0.971484 0.421875 0.0570313 0.120313
0 0.317578 0.594531 0.0773438 0.059375
0 0.425781 0.421484 0.0984375 0.160156
0 0.140527 0.202441 0.0748047 0.104102
0 0.328516 0.101221 0.228906 0.163965
0 0.175098 0.125098 0.141211 0.206836
0 0.204541 0.231836 0.228418 0.454297
0 0.836719 0.540625 0.05 0.0734375
0 0.404883 0.822656 0.0386719 0.046875
0 0.608594 0.251172 0.4375 0.502344
0 0.942969 0.426953 0.104688 0.100781
0 0.653906 0.879297 0.0492188 0.0648438
0 0.348047 0.103125 0.546094 0.20625
0 0.843164 0.698242 0.313672 0.542578
0 0.753516 0.14082 0.0710938 0.108984
0 0.786719 0.700391 0.0875 0.103906
0 0.707422 0.529688 0.04375 0.0585938
0 0.709961 0.523633 0.0378906 0.0464844
0 0.648633 0.221289 0.551172 0.442578
0 0.915625 0.509961 0.16875 0.288672
0 0.72832 0.516016 0.0917969 0.0726563
0 0.414648 0.83125 0.0488281 0.06875
0 0.491016 0.041272 0.0515625 0.0733154
0 0.760742 0.153223 0.0816406 0.12168
0 0.423828 0.839844 0.0671875 0.0875
0 0.761719 0.862109 0.234375 0.132031
0 0.716406 0.520117 0.0578125 0.0597656
0 0.67959 0.702344 0.64082 0.440625
0 0.417188 0.464648 0.0617188 0.0753906
0 0.965234 0.430859 0.0695313 0.110937
0 0.126611 0.34375 0.055957 0.121094
0 0.827344 0.544336 0.0265625 0.0433594
0 0.727539 0.440918 0.521484 0.877539
0 0.486133 0.867188 0.195703 0.142188
0 0.561133 0.216406 0.205859 0.432813
0 0.128564 0.331055 0.053418 0.0972656
0 0.482324 0.162695 0.289258 0.325391
0 0.241943 0.0877686 0.212988 0.164697
0 0.294043 0.286035 0.417383 0.46543
0 0.689453 0.886328 0.1125 0.0742188
0 0.411133 0.441992 0.0972656 0.126172
0 0.673633 0.898828 0.0816406 0.0914062
0 0.755664 0.131445 0.0699219 0.110937
0 0.411914 0.45957 0.0839844 0.103516
0 0.31543 0.603516 0.0742188 0.05625
0 0.913281 0.516406 0.173438 0.233594
0 0.531445 0.232861 0.128516 0.155762
0 0.833203 0.536523 0.0335938 0.0496094
0 0.585352 0.473242 0.0292969 0.0402344
0 0.274902 0.0850342 0.152148 0.158447
0 0.322949 0.603125 0.0708984 0.0507812
0 0.761328 0.186035 0.0882813 0.179492
0 0.548047 0.135352 0.150781 0.270703
0 0.41875 0.457031 0.0609375 0.0703125
0 0.770898 0.698438 0.0378906 0.0523438
0 0.954688 0.429297 0.0875 0.103906
0 0.532227 0.0923096 0.142578 0.176709
0 0.635156 0.556641 0.729688 0.749219
0 0.548633 0.206836 0.110547 0.169922
0 0.584375 0.464648 0.0367188 0.0558594
0 0.777539 0.828906 0.0449219 0.05625
0 0.786719 0.822656 0.0359375 0.05
0 0.814063 0.0791748 0.19375 0.151807
0 0.366211 0.360645 0.567578 0.457617
0 0.310742 0.252344 0.451953 0.504687
0 0.312305 0.100439 0.191016 0.142871
0 0.960156 0.428418 0.0796875 0.13457
0 0.132861 0.263623 0.0766602 0.30166
0 0.783789 0.51543 0.177734 0.0980469
0 0.843945 0.418164 0.312109 0.623047
0 0.137598 0.330078 0.0716797 0.111719
0 0.700977 0.351172 0.598047 0.702344
0 0.9875 0.0252441 0.025 0.0504883
0 0.399902 0.816016 0.0509766 0.0445313
0 0.854688 0.54541 0.290625 0.401367
0 0.419727 0.443555 0.0621094 0.0714844
0 0.543359 0.66543 0.589844 0.494141
0 0.232715 0.105762 0.23457 0.144727
0 0.825195 0.439844 0.324609 0.879687
0 0.778711 0.823828 0.0457031 0.0507812
0 0.67793 0.663281 0.644141 0.496875
0 0.409766 0.830078 0.0375 0.0554687
0 0.494727 0.869141 0.100391 0.0914062
0 0.863281 0.704492 0.259375 0.130859
0 0.121338 0.344922 0.0557617 0.114844
0 0.65127 0.5 0.697461 1
0 0.485352 0.829883 0.197266 0.162109
0 0.518359 0.0435547 0.110937 0.0871094
0 0.139795 0.0903809 0.0522461 0.105566
0 0.839453 0.53125 0.0507812 0.0671875
0 0.312695 0.595313 0.0601563 0.0554687
0 0.932813 0.932422 0.134375 0.133594
0 0.853906 0.396387 0.292188 0.733008
0 0.406445 0.814844 0.0308594 0.0375
0 0.411133 0.444141 0.0652344 0.071875
0 0.764258 0.704297 0.0417969 0.0609375
0 0.926172 0.708789 0.147656 0.183984
0 0.489648 0.878125 0.101953 0.08125
0 0.810938 0.0966309 0.184375 0.177051
0 0.148486 0.267529 0.112402 0.275098
0 0.758008 0.868555 0.229297 0.261328
0 0.750781 0.831445 0.226562 0.127734
0 0.551562 0.462891 0.103125 0.0804688
0 0.351855 0.174121 0.527539 0.348242
0 0.149512 0.288721 0.113867 0.262402
0 0.825586 0.756055 0.175391 0.241016
0 0.421484 0.123828 0.6875 0.247656
0 0.662891 0.743945 0.674219 0.421484
0 0.702539 0.531445 0.0300781 0.0441406
0 0.75 0.189111 0.065625 0.0834961
0 0.760938 0.127686 0.0875 0.141113
0 0.924609 0.616602 0.150781 0.169922
0 0.862695 0.681641 0.255859 0.127344
0 0.682031 0.666211 0.635938 0.476953
0 0.756445 0.707227 0.0417969 0.0800781
0 0.742188 0.511523 0.121875 0.0792969
0 0.782813 0.828125 0.0453125 0.0578125
0 0.670313 0.882031 0.0671875 0.0484375
0 0.763086 0.557813 0.208203 0.270313
0 0.947266 0.399609 0.105469 0.1625
0 0.497656 0.841211 0.191406 0.147266
0 0.550586 0.114063 0.153516 0.222266
0 0.654297 0.153418 0.419531 0.306836
0 0.766602 0.125488 0.0808594 0.0994141
0 0.552539 0.441406 0.115234 0.117188
0 0.9625 0.591406 0.075 0.0789063
0 0.786523 0.712305 0.0941406 0.107422
0 0.126953 0.345215 0.096875 0.172852
0 0.323242 0.598047 0.0789063 0.0523438
0 0.981641 0.0385742 0.0367188 0.0771484
0 0.9625 0.6 0.075 0.0789063
0 0.490234 0.144336 0.267969 0.288672
0 0.420508 0.434375 0.0707031 0.108594
0 0.79668 0.708203 0.112891 0.121875
0 0.908203 0.571484 0.183594 0.142969
0 0.713477 0.536719 0.0746094 0.0820312
0 0.564844 0.166699 0.0835937 0.105273
0 0.166309 0.210791 0.144727 0.41748
0 0.625977 0.140039 0.479297 0.280078
0 0.596875 0.028894 0.0414063 0.0511963
0 0.842383 0.497656 0.315234 0.380469
0 0.132422 0.0919922 0.0392578 0.0667969
0 0.49668 0.0501221 0.0660156 0.0974121
0 0.492188 0.754687 0.1875 0.314063
0 0.490039 0.0505005 0.0535156 0.0825928
0 0.320801 0.585742 0.0779297 0.0785156
0 0.666895 0.5 0.666211 1
0 0.953906 0.423145 0.090625 0.118555
0 0.758984 0.730273 0.0335938 0.0535156
0 0.425391 0.45957 0.09375 0.101172
0 0.550195 0.0421875 0.151953 0.084375
0 0.796875 0.757812 0.11875 0.21875
0 0.907031 0.501367 0.185938 0.226953
0 0.237207 0.410156 0.0630859 0.0710938
0 0.274805 0.153979 0.141016 0.170166
0 0.413281 0.822656 0.05 0.05625
0 0.433789 0.448047 0.0355469 0.0578125
0 0.430859 0.459375 0.0375 0.0679687
0 0.394238 0.078833 0.0638672 0.076709
0 0.827734 0.538086 0.0320312 0.0464844
0 0.785352 0.828125 0.0652344 0.071875
0 0.153955 0.115088 0.0936523 0.190137
0 0.785352 0.821484 0.0667969 0.0632813
0 0.532813 0.0658447 0.141406 0.130811
0 0.907813 0.549219 0.184375 0.161719
0 0.623242 0.389062 0.508203 0.604688
0 0.138086 0.111328 0.0591797 0.101172
0 0.314063 0.587305 0.0667969 0.0753906
0 0.175488 0.146094 0.155664 0.219531
0 0.576563 0.469727 0.0515625 0.0574219
0 0.847656 0.153711 0.284375 0.307422
0 0.133057 0.284229 0.0817383 0.28623
0 0.548828 0.182715 0.107813 0.135352
0 0.754687 0.717578 0.0320312 0.0578125
0 0.664062 0.898828 0.0570313 0.0804688
0 0.205225 0.215723 0.222363 0.424023
0 0.353516 0.0873535 0.245312 0.160449
0 0.8 0.761719 0.134375 0.24375
0 0.718164 0.867969 0.107422 0.10625
0 0.959766 0.408594 0.0804688 0.15
0 0.599414 0.0279785 0.0714844 0.0526367
0 0.457813 0.867578 0.0898438 0.0929688
0 0.132178 0.115283 0.0405273 0.0788086
0 0.703516 0.867578 0.123438 0.105469
0 0.454883 0.433105 0.135547 0.136133
0 0.735547 0.15332 0.500781 0.306641
0 0.971484 0.0410156 0.0570313 0.0820312
0 0.130029 0.318457 0.0461914 0.0587891
0 0.428711 0.465625 0.0433594 0.0765625
0 0.763086 0.724805 0.0519531 0.0878906
0 0.173877 0.0818115 0.11748 0.144971
0 0.763086 0.785547 0.466016 0.303906
0 0.728516 0.858984 0.174219 0.132031
0 0.798828 0.761328 0.119531 0.192969
0 0.426465 0.238477 0.654883 0.476953
0 0.4375 0.330469 0.678125 0.660937
0 0.172852 0.110132 0.119922 0.173096
0 0.825977 0.75293 0.166797 0.197266
0 0.154932 0.0824707 0.0799805 0.132715
0 0.130908 0.104932 0.0399414 0.0963867
0 0.76543 0.707617 0.0457031 0.0660156
0 0.147656 0.251514 0.114844 0.193066
0 0.424121 0.280078 0.658008 0.560156
0 0.138086 0.10415 0.0554687 0.112012
0 0.360938 0.145313 0.545313 0.290625
0 0.364648 0.215625 0.534766 0.43125
0 0.826172 0.735547 0.169531 0.161719
0 0.664453 0.890234 0.0609375 0.0539063
0 0.779297 0.624902 0.435156 0.58457
0 0.763281 0.823633 0.40625 0.313672
0 0.354199 0.0868652 0.54707 0.17373
0 0.666211 0.8875 0.0785156 0.05625
0 0.639844 0.46875 0.720313 0.9375
0 0.917188 0.50293 0.165625 0.253516
0 0.425391 0.157227 0.667969 0.314453
0 0.426172 0.175684 0.652344 0.351367
0 0.762695 0.716016 0.0496094 0.075
0 0.440137 0.386328 0.694727 0.764063
0 0.675781 0.891016 0.0875 0.0539063
0 0.796094 0.755078 0.114063 0.192969
0 0.204883 0.079248 0.180078 0.147754
0 0.729102 0.872266 0.179297 0.136719
0 0.645703 0.376563 0.708594 0.753125
0 0.372363 0.35459 0.558398 0.69082
0 0.757227 0.522754 0.477734 0.741992
0 0.761133 0.711523 0.0355469 0.0574219
0 0.784375 0.760547 0.0953125 0.177344
0 0.745703 0.860156 0.197656 0.129688
0 0.355469 0.319629 0.51875 0.635742
0 0.135791 0.25625 0.0850586 0.167187
0 0.915625 0.49082 0.16875 0.224609
0 0.358008 0.17168 0.524609 0.343359
0 0.758398 0.719727 0.0363281 0.0566406
0 0.80918 0.607715 0.381641 0.46582
0 0.145703 0.250098 0.111328 0.204492
0 0.805273 0.555078 0.389453 0.373437
0 0.727539 0.836719 0.176172 0.1375
0 0.768555 0.711719 0.462891 0.432813
0 0.861914 0.588086 0.276172 0.428516
0 0.129932 0.0957031 0.0358398 0.0851563
0 0.35293 0.266406 0.508203 0.532813
0 0.137793 0.0955566 0.0515625 0.118262
0 0.967188 0.43125 0.065625 0.107813
0 0.675586 0.887109 0.123047 0.0617188
0 0.307227 0.131738 0.429297 0.263477
0 0.14502 0.103223 0.0658203 0.130664
0 0.772852 0.705078 0.0589844 0.0789063
0 0.770703 0.699805 0.0382813 0.0503906
0 0.662109 0.885547 0.046875 0.0507812
0 0.955078 0.430078 0.0898438 0.101562
0 0.200781 0.165381 0.199219 0.323535
0 0.72793 0.450781 0.544141 0.901563
0 0.199219 0.121484 0.1875 0.242969
0 0.868164 0.547559 0.262109 0.361133
0 0.774609 0.692578 0.450781 0.466406
0 0.205957 0.0941162 0.183398 0.151221
0 0.695898 0.876953 0.112109 0.122656
0 0.666992 0.88125 0.103516 0.0625
0 0.147559 0.1052 0.0775391 0.121631
0 0.131641 0.119629 0.0392578 0.0722656
0 0.926562 0.440039 0.146875 0.135547
0 0.137207 0.11189 0.059375 0.0998535
0 0.954297 0.430469 0.0914062 0.1125
0 0.146338 0.0857422 0.0686523 0.137109
0 0.638672 0.488086 0.722656 0.967578
0 0.772266 0.714648 0.0632813 0.0996094
0 0.643359 0.127979 0.713281 0.250293
0 0.303125 0.0787598 0.430469 0.15752
0 0.663477 0.883203 0.0558594 0.0539063
0 0.697461 0.859766 0.110547 0.122656
0 0.131787 0.29541 0.0618164 0.0931641
0 0.725391 0.465137 0.549219 0.907227
0 0.316113 0.605273 0.0740234 0.0449219
0 0.632031 0.26875 0.735938 0.5375
0 0.453125 0.860156 0.135156 0.121875
0 0.421484 0.107227 0.675 0.214453
0 0.126221 0.105615 0.0327148 0.0918945
0 0.230664 0.128198 0.259375 0.255322
0 0.503906 0.325781 0.835938 0.651563
0 0.234424 0.0838623 0.253027 0.151611
0 0.59375 0.368555 0.8125 0.737109
0 0.544922 0.0883301 0.160156 0.167871
0 0.133691 0.246875 0.0841797 0.186719
0 0.8125 0.700195 0.375 0.533984
0 0.774023 0.69707 0.0597656 0.0636719
0 0.689258 0.892578 0.123828 0.0554687
0 0.577539 0.316504 0.844922 0.631055
0 0.323633 0.0890869 0.231641 0.1646
0 0.673633 0.898438 0.0738281 0.0609375
0 0.585742 0.477344 0.828516 0.954688
0 0.782031 0.625586 0.435937 0.536328
0 0.546289 0.32207 0.883984 0.644141
0 0.617578 0.201953 0.764844 0.403906
0 0.830078 0.543164 0.0398437 0.0503906
0 0.749609 0.479688 0.497656 0.775
0 0.689063 0.883984 0.138281 0.0742188
0 0.317871 0.599609 0.0876953 0.05
0 0.589844 0.265234 0.817187 0.530469
0 0.738477 0.832617 0.207422 0.122266
0 0.783203 0.555469 0.433594 0.570312
0 0.807617 0.64043 0.384766 0.491016
0 0.684375 0.899219 0.0929688 0.0609375
0 0.832812 0.538086 0.0359375 0.0488281
0 0.73457 0.454102 0.530859 0.857422
0 0.810156 0.766406 0.379688 0.45625
0 0.726172 0.348438 0.547656 0.696875
0 0.128223 0.318262 0.0478516 0.0525391
0 0.324805 0.604492 0.06875 0.0425781
0 0.56875 0.469141 0.8625 0.938281
0 0.972656 0.430273 0.0546875 0.113672
0 0.644141 0.152148 0.711719 0.297656
0 0.816797 0.818359 0.366406 0.363281
0 0.207373 0.181885 0.216504 0.342871
0 0.951563 0.411523 0.096875 0.107422
0 0.446191 0.432031 0.72168 0.748438
0 0.783398 0.746094 0.0863281 0.160938
0 0.860742 0.731641 0.262891 0.149219
0 0.123633 0.25874 0.0734375 0.167676
0 0.930469 0.415625 0.1375 0.127344
0 0.5125 0.469531 0.89375 0.939063
0 0.763477 0.704297 0.0417969 0.0554687
0 0.171484 0.16543 0.139844 0.325391
0 0.835547 0.542188 0.0554687 0.0625
0 0.916016 0.464258 0.167969 0.170703
0 0.757031 0.730859 0.0359375 0.0554687
0 0.706641 0.129248 0.586719 0.253223
0 0.138184 0.0818848 0.0488281 0.108496
0 0.604102 0.131445 0.787109 0.254297
0 0.10354 0.0874268 0.156201 0.158936
0 0.896484 0.489844 0.207031 0.20625
0 0.9125 0.507422 0.175 0.235938
0 0.934766 0.932422 0.128906 0.133594
0 0.831055 0.448828 0.337891 0.897656
0 0.73125 0.904297 0.19375 0.191406
0 0.660352 0.891016 0.0449219 0.0476562
0 0.543164 0.471094 0.913672 0.942187
0 0.580469 0.207617 0.839063 0.415234
0 0.761719 0.725781 0.053125 0.090625
0 0.76875 0.766992 0.4625 0.466016
0 0.976953 0.431934 0.0460938 0.136914
0 0.308301 0.606055 0.0626953 0.0457031
0 0.347266 0.0270996 0.539844 0.0541992
0 0.231055 0.16582 0.269141 0.327734
0 0.134619 0.314648 0.0678711 0.0648438
0 0.366895 0.39043 0.564648 0.639453
0 0.311133 0.598633 0.0757812 0.0527344
0 0.322559 0.600781 0.0927734 0.0453125
0 0.129883 0.308691 0.0503906 0.0595703
0 0.175195 0.218994 0.171484 0.237793
0 0.783984 0.70293 0.0757812 0.0988281
0 0.30752 0.167578 0.424023 0.324219
0 0.476562 0.215039 0.81875 0.430078
0 0.767578 0.798438 0.142969 0.153125
0 0.8375 0.535156 0.0609375 0.059375
0 0.655469 0.884766 0.0453125 0.0507812
0 0.550195 0.262305 0.804297 0.524609
0 0.469531 0.158691 0.7125 0.316211
0 0.646094 0.506641 0.707812 0.975781
0 0.138525 0.304102 0.078418 0.0792969
0 0.794141 0.708594 0.103906 0.107813
0 0.169629 0.122656 0.133789 0.245312
0 0.261719 0.0874756 0.284375 0.158643
0 0.121436 0.298633 0.0458008 0.0832031
0 0.176709 0.24082 0.172363 0.19375
0 0.482031 0.263867 0.801562 0.527734
0 0.478711 0.130322 0.762891 0.260059
0 0.316797 0.351074 0.463281 0.690039
0 0.127002 0.0995117 0.0301758 0.104492
0 0.836719 0.460449 0.326562 0.869727
0 0.483398 0.4625 0.825391 0.925
0 0.585352 0.501758 0.829297 0.977734
0 0.783008 0.714258 0.0808594 0.108203
0 0.59082 0.155322 0.737109 0.302637
0 0.129688 0.289551 0.075 0.125586
0 0.6625 0.861719 0.0992187 0.123438
0 0.148047 0.112256 0.0941406 0.106738
0 0.328711 0.603711 0.0820312 0.0464844
0 0.238965 0.183496 0.288477 0.349414
0 0.917969 0.719336 0.164062 0.176953
0 0.726172 0.158154 0.547656 0.305957
0 0.972656 0.42373 0.0546875 0.115039
0 0.788281 0.822266 0.0421875 0.0492188
0 0.405859 0.0380859 0.664844 0.0761719
0 0.67793 0.868359 0.130859 0.0945313
0 0.701367 0.879297 0.139453 0.0929688
0 0.568555 0.0855957 0.187891 0.16377
0 0.826172 0.539062 0.0382813 0.0492188
0 0.564258 0.132764 0.771484 0.255566
0 0.205566 0.217188 0.218945 0.382812
0 0.312891 0.193848 0.446094 0.373242
0 0.814648 0.839453 0.370703 0.321094
0 0.498047 0.0420044 0.0664062 0.0720459
0 0.739062 0.797852 0.192188 0.157422
0 0.126123 0.122217 0.0321289 0.0602539
0 0.753516 0.719922 0.03125 0.053125
0 0.26582 0.510352 0.310547 0.349609
0 0.923828 0.739648 0.152344 0.167578
0 0.523828 0.264258 0.847656 0.528516
0 0.776563 0.649023 0.446875 0.548828
0 0.633594 0.819531 0.170313 0.185938
0 0.938281 0.438867 0.123438 0.0957031
0 0.146094 0.095752 0.0671875 0.131348
0 0.789453 0.691602 0.0960938 0.0886719
0 0.551562 0.100391 0.147656 0.186719
0 0.916406 0.686719 0.167187 0.178125
0 0.154688 0.0991943 0.0757812 0.132861
0 0.942578 0.429102 0.114844 0.0980469
0 0.755469 0.712109 0.040625 0.0679687
0 0.710547 0.910156 0.150781 0.179688
0 0.826953 0.702734 0.169531 0.0992187
0 0.750586 0.880469 0.212891 0.154688
0 0.325293 0.634961 0.100977 0.125391
0 0.307324 0.562891 0.110352 0.157031
0 0.636523 0.861328 0.158984 0.139844
0 0.83418 0.491406 0.330078 0.350781
0 0.771094 0.726758 0.0703125 0.113672
0 0.819727 0.312988 0.360547 0.623242
0 0.783398 0.711523 0.0769531 0.0972656
0 0.524219 0.128955 0.785937 0.253027
0 0.652344 0.878516 0.05625 0.0664062
0 0.350488 0.453711 0.539648 0.487891
0 0.711133 0.524414 0.0363281 0.0410156
0 0.307227 0.636133 0.103906 0.124609
0 0.788281 0.822266 0.065625 0.0554687
0 0.796484 0.695898 0.103906 0.0808594
0 0.973828 0.407227 0.0523438 0.130078
0 0.575 0.0959961 0.16875 0.181836
0 0.912109 0.631055 0.175781 0.186328
0 0.826563 0.544141 0.028125 0.0414063
0 0.566602 0.787695 0.0347656 0.0824219
0 0.63457 0.838867 0.168359 0.166016
0 0.715625 0.208984 0.56875 0.417969
0 0.698633 0.900781 0.114453 0.0609375
0 0.300586 0.606641 0.0339844 0.0398437
0 0.843945 0.125977 0.299609 0.251953
0 0.796094 0.823242 0.407813 0.353516
0 0.532422 0.158105 0.674219 0.304102
0 0.541016 0.204688 0.828906 0.409375
0 0.82793 0.685352 0.169141 0.0792969
0 0.299805 0.469727 0.437109 0.437109
0 0.519531 0.0894287 0.196094 0.168799
0 0.163867 0.105103 0.114844 0.119482
0 0.691016 0.869141 0.136719 0.107031
0 0.511133 0.156299 0.746484 0.303027
0 0.130615 0.0867676 0.0323242 0.0729492
0 0.433105 0.459766 0.683789 0.610156
0 0.672852 0.577344 0.165234 0.154688
0 0.768164 0.760156 0.0917969 0.175
0 0.143408 0.293359 0.0889648 0.101562
0 0.720703 0.522266 0.0390625 0.04375
0 0.22832 0.409766 0.05625 0.0578125
0 0.211377 0.0828735 0.21709 0.152417
0 0.701172 0.89375 0.135156 0.0578125
0 0.544336 0.222949 0.159766 0.145117
0 0.555469 0.578418 0.832812 0.704102
0 0.967188 0.425195 0.0640625 0.114453
0 0.545117 0.186523 0.158203 0.180469
0 0.122607 0.312598 0.0360352 0.0470703
0 0.134375 0.124951 0.0660156 0.0754883
0 0.455469 0.84375 0.134375 0.128125
0 0.729297 0.801758 0.196094 0.149609
0 0.911328 0.653516 0.177344 0.189844
0 0.70957 0.277344 0.580859 0.554688
0 0.7875 0.812891 0.059375 0.0664062
0 0.328125 0.556445 0.125 0.170703
0 0.68125 0.862109 0.0859375 0.113281
0 0.138281 0.213721 0.0804688 0.102637
0 0.792578 0.811133 0.0914062 0.0730469
0 0.481641 0.103882 0.229687 0.18208
0 0.56875 0.500293 0.8625 0.921289
0 0.193604 0.32627 0.191309 0.155273
0 0.19707 0.357227 0.171484 0.143359
0 0.135156 0.32959 0.0660156 0.0978516
0 0.571289 0.109033 0.161328 0.171387
0 0.911719 0.932422 0.175 0.135156
0 0.24707 0.346094 0.308984 0.692187
0 0.305176 0.307031 0.425586 0.591406
0 0.30918 0.614062 0.0929688 0.090625
0 0.505273 0.0275757 0.0894531 0.0438721
0 0.836719 0.533594 0.0546875 0.059375
0 0.841406 0.529297 0.0671875 0.0617188
0 0.868359 0.676953 0.263281 0.071875
0 0.50918 0.207617 0.864453 0.415234
0 0.637305 0.894922 0.155078 0.155469
0 0.324414 0.6125 0.0933594 0.078125
0 0.314453 0.38623 0.471094 0.622852
0 0.330176 0.501172 0.424023 0.389062
0 0.902734 0.504687 0.191406 0.2375
0 0.233545 0.459766 0.296191 0.450781
0 0.172168 0.159668 0.162695 0.250586
0 0.19502 0.222803 0.195117 0.391895
0 0.201611 0.230371 0.215527 0.412695
0 0.725 0.870703 0.173438 0.139844
0 0.760156 0.152979 0.071875 0.119043
0 0.678906 0.889844 0.0742188 0.071875
0 0.666602 0.891406 0.0628906 0.05625
0 0.766406 0.708203 0.046875 0.0640625
0 0.149951 0.118115 0.0758789 0.17666
0 0.325684 0.60957 0.0767578 0.0660156
0 0.678711 0.892969 0.0746094 0.0578125
0 0.1646 0.206006 0.135645 0.364551
0 0.771875 0.180225 0.096875 0.185645
0 0.434766 0.278516 0.660937 0.557031
0 0.321777 0.603711 0.0595703 0.0425781
0 0.694531 0.880859 0.109375 0.103906
0 0.824219 0.56123 0.351562 0.424414
0 0.762891 0.716797 0.0507812 0.0703125
0 0.143652 0.259131 0.114258 0.27627
0 0.324902 0.63125 0.0806641 0.110937
0 0.316211 0.611523 0.075 0.0738281
0 0.81582 0.841602 0.368359 0.316797
0 0.724805 0.864062 0.169141 0.125
0 0.174316 0.118237 0.128711 0.1854
0 0.774805 0.198291 0.106641 0.22334
0 0.32168 0.598633 0.0816406 0.0496094
0 0.317676 0.632031 0.0759766 0.107813
0 0.443457 0.224219 0.678711 0.448438
0 0.824805 0.761914 0.164453 0.223047
0 0.314648 0.596289 0.0832031 0.0699219
0 0.926953 0.437305 0.144531 0.116016
0 0.817187 0.829883 0.365625 0.340234
0 0.745898 0.803125 0.217578 0.270313
0 0.132227 0.247119 0.0779297 0.253418
0 0.530469 0.197266 0.1 0.167187
0 0.236816 0.411133 0.0552734 0.0566406
0 0.343262 0.247266 0.486914 0.494531
0 0.539062 0.4375 0.921875 0.875
0 0.175488 0.134229 0.145117 0.212793
0 0.197266 0.127637 0.165234 0.201758
0 0.792969 0.836719 0.30625 0.326562
0 0.346973 0.224365 0.49668 0.423145
0 0.670898 0.888672 0.0722656 0.0851563
0 0.675781 0.897656 0.06875 0.0609375
0 0.327246 0.603125 0.0623047 0.0429688
0 0.74082 0.875 0.176172 0.142188
0 0.917578 0.464063 0.164844 0.175781
0 0.784766 0.761523 0.0820312 0.189453
0 0.759961 0.71875 0.0347656 0.0515625
0 0.324023 0.600391 0.0816406 0.05625
0 0.767969 0.531055 0.148438 0.102734
0 0.233691 0.236816 0.273633 0.429492
0 0.546094 0.193555 0.126563 0.187109
0 0.247949 0.408301 0.0837891 0.0912109
0 0.237793 0.41543 0.0576172 0.0550781
0 0.761914 0.711133 0.0355469 0.0582031
0 0.14668 0.177441 0.0933594 0.354883
0 0.237305 0.407031 0.0664062 0.0867188
0 0.14165 0.123584 0.0686523 0.172363
0 0.547852 0.174561 0.110547 0.144629
0 0.761328 0.183496 0.0757812 0.179883
0 0.200684 0.364258 0.149414 0.155859
0 0.957812 0.430273 0.084375 0.103516
0 0.498633 0.439453 0.919922 0.878906
0 0.532813 0.17998 0.0929688 0.128711
0 0.315723 0.603516 0.0583984 0.040625
0 0.151514 0.137891 0.0758789 0.215234
0 0.67832 0.902344 0.0777344 0.0921875
0 0.755469 0.783594 0.234375 0.284375
0 0.783008 0.286914 0.112109 0.130469
0 0.198535 0.103003 0.167773 0.163916
0 0.749609 0.532617 0.146094 0.106641
0 0.766797 0.554492 0.161719 0.161328
0 0.812695 0.78418 0.357422 0.431641
0 0.800781 0.299805 0.0953125 0.142969
0 0.63125 0.443359 0.7375 0.886719
0 0.760352 0.136426 0.0714844 0.0888672
0 0.782031 0.728906 0.075 0.120313
0 0.772852 0.716797 0.0605469 0.09375
0 0.732813 0.407813 0.534375 0.801562
0 0.771094 0.711523 0.0671875 0.0949219
0 0.542383 0.461523 0.915234 0.870703
0 0.858789 0.579785 0.280859 0.418555
0 0.773438 0.707031 0.0578125 0.0695313
0 0.823828 0.606055 0.352344 0.455078
0 0.237988 0.413086 0.0654297 0.0613281
0 0.83125 0.542969 0.040625 0.0476562
0 0.757422 0.833398 0.232031 0.292578
0 0.250977 0.38877 0.0792969 0.100586
0 0.349316 0.610938 0.126367 0.071875
0 0.316992 0.598633 0.0742188 0.0511719
0 0.698633 0.917188 0.121484 0.154688
0 0.237109 0.429688 0.0695313 0.107813
0 0.735742 0.400781 0.528516 0.801562
0 0.782422 0.711328 0.0710938 0.0867188
0 0.932813 0.422656 0.132812 0.096875
0 0.769531 0.61582 0.43125 0.485547
0 0.292773 0.239355 0.392578 0.450977
0 0.902734 0.48418 0.194531 0.205859
0 0.832617 0.479004 0.334766 0.674805
0 0.815625 0.775391 0.36875 0.449219
0 0.724219 0.540039 0.0640625 0.0839844
0 0.771484 0.701953 0.0398437 0.0570313
0 0.1375 0.109692 0.0556641 0.135693
0 0.131299 0.319238 0.0458008 0.0478516
0 0.442285 0.329492 0.67793 0.658984
0 0.144531 0.113135 0.065625 0.163965
0 0.742969 0.558203 0.185938 0.163281
0 0.825781 0.435352 0.348438 0.762109
0 0.824219 0.408789 0.351562 0.757422
0 0.575391 0.110547 0.123438 0.221094
0 0.530859 0.214502 0.105469 0.180371
0 0.566992 0.166943 0.163672 0.185254
0 0.966016 0.432031 0.0679687 0.111719
0 0.955078 0.452148 0.0898438 0.157422
0 0.771094 0.152344 0.0953125 0.125781
0 0.552344 0.11123 0.139063 0.222461
0 0.789062 0.784766 0.08125 0.247656
0 0.695898 0.861328 0.111328 0.124219
0 0.795313 0.55 0.184375 0.152344
0 0.349707 0.634375 0.141211 0.121875
0 0.794727 0.278223 0.107422 0.119727
0 0.977344 0.427734 0.0453125 0.117969
0 0.769727 0.788672 0.0964844 0.246094
0 0.782813 0.309375 0.117188 0.178125
0 0.309668 0.561719 0.0982422 0.142188
0 0.149463 0.179785 0.0967773 0.35957
0 0.805469 0.839648 0.339063 0.320703
0 0.902344 0.461328 0.195312 0.164844
0 0.780664 0.326758 0.121484 0.187891
0 0.761133 0.143701 0.0730469 0.12041
0 0.750195 0.143848 0.0621094 0.112305
0 0.779688 0.691211 0.346875 0.500391
0 0.740625 0.8625 0.159375 0.117188
0 0.802344 0.322852 0.09375 0.156641
0 0.321387 0.558789 0.0951172 0.150391
0 0.692969 0.555664 0.147656 0.131641
0 0.719922 0.553906 0.174219 0.146875
0 0.797266 0.767578 0.116406 0.224219
0 0.327539 0.598828 0.084375 0.0476562
0 0.918359 0.501172 0.163281 0.250781
0 0.538477 0.326953 0.913672 0.653906
0 0.324902 0.612695 0.0654297 0.0628906
0 0.729297 0.902344 0.180469 0.195312
0 0.583008 0.460938 0.833984 0.921875
0 0.753125 0.165967 0.071875 0.152441
0 0.678516 0.861719 0.0796875 0.114063
0 0.448145 0.372461 0.691211 0.744141
0 0.730859 0.510352 0.513281 0.524609
0 0.678125 0.193213 0.475 0.321777
0 0.194189 0.329785 0.174512 0.206055
0 0.833594 0.538086 0.0390625 0.0527344
0 0.131348 0.217969 0.0769531 0.292188
0 0.499023 0.342187 0.905078 0.684375
0 0.571484 0.435937 0.857031 0.871875
0 0.238477 0.385645 0.0707031 0.0982422
0 0.56582 0.141528 0.148047 0.15249
0 0.79707 0.149487 0.155859 0.164307
0 0.783984 0.266211 0.103906 0.0957031
0 0.957812 0.430469 0.0828125 0.1
0 0.797266 0.192383 0.153906 0.244141
0 0.773438 0.737109 0.065625 0.130469
0 0.192285 0.193213 0.18418 0.369824
0 0.573047 0.10957 0.128906 0.176172
0 0.141113 0.225635 0.108008 0.299512
0 0.668945 0.864062 0.0832031 0.125
0 0.762109 0.727148 0.0539063 0.0925781
0 0.830273 0.269727 0.337891 0.526172
0 0.958594 0.929688 0.0828125 0.132812
0 0.619727 0.451562 0.760547 0.903125
0 0.796875 0.205371 0.15 0.250195
0 0.665039 0.898047 0.0605469 0.0601563
0 0.910937 0.522266 0.178125 0.286719
0 0.333008 0.602148 0.0828125 0.0464844
0 0.663477 0.885938 0.0503906 0.0546875
0 0.775195 0.352441 0.135547 0.214648
0 0.553125 0.159326 0.0960938 0.112988
0 0.781055 0.202148 0.119141 0.240234
0 0.836719 0.542383 0.0578125 0.0582031
0 0.123096 0.288477 0.0682617 0.174609
0 0.68457 0.898438 0.0722656 0.0640625
0 0.171973 0.246973 0.166211 0.267773
0 0.321484 0.541406 0.114844 0.204688
0 0.935938 0.929297 0.128125 0.141406
0 0.537305 0.167578 0.0644531 0.107813
0 0.722266 0.533008 0.124219 0.103516
0 0.772266 0.727344 0.0679687 0.114063
0 0.788672 0.528516 0.144531 0.100781
0 0.223389 0.0976562 0.191504 0.154102
0 0.695898 0.577344 0.162891 0.171875
0 0.822656 0.735938 0.1625 0.171875
0 0.825586 0.360742 0.348828 0.705078
0 0.57168 0.471875 0.856641 0.878125
0 0.797266 0.612109 0.405469 0.528906
0 0.207959 0.39209 0.125488 0.123633
0 0.274316 0.39834 0.147852 0.12832
0 0.955469 0.41709 0.0890625 0.0884766
0 0.484766 0.207715 0.896094 0.412695
0 0.712695 0.801562 0.163672 0.259375
0 0.545117 0.208691 0.139453 0.206055
0 0.788477 0.494043 0.423047 0.618164
0 0.677344 0.581836 0.148438 0.174609
0 0.123145 0.259961 0.0666016 0.192578
0 0.132666 0.114307 0.0766602 0.17998
0 0.795898 0.70918 0.103516 0.101172
0 0.134766 0.316895 0.0675781 0.0548828
0 0.508594 0.438184 0.932813 0.775195
0 0.841602 0.760547 0.154297 0.228906
0 0.198145 0.295312 0.210352 0.295312
0 0.861719 0.540918 0.275 0.490039
0 0.763086 0.877344 0.151953 0.151562
0 0.131201 0.310059 0.0514648 0.0626953
0 0.671875 0.909766 0.0734375 0.102344
0 0.468164 0.4375 0.877734 0.875
0 0.585938 0.134766 0.204688 0.167187
0 0.288477 0.623242 0.125781 0.109766
0 0.795313 0.758008 0.109375 0.201172
0 0.548828 0.167578 0.0710938 0.115625
0 0.826172 0.538281 0.0460938 0.0539063
0 0.645508 0.57168 0.0332031 0.0488281
0 0.728125 0.798828 0.171875 0.253906
0 0.285059 0.169824 0.181445 0.175195
0 0.971484 0.434961 0.0570313 0.130078
0 0.715625 0.540234 0.06875 0.0789063
0 0.348438 0.600977 0.132031 0.0605469
0 0.136865 0.0971436 0.0518555 0.131104
0 0.233301 0.41543 0.0556641 0.0558594
0 0.747656 0.793945 0.148438 0.260547
0 0.133105 0.269434 0.0763672 0.24082
0 0.767773 0.657031 0.445703 0.601562
0 0.79707 0.700391 0.102734 0.0765625
0 0.147363 0.110522 0.0669922 0.139893
0 0.274121 0.387012 0.136133 0.10957
0 0.687891 0.894141 0.0914062 0.0570313
0 0.196191 0.182227 0.188086 0.364453
0 0.783789 0.71582 0.0730469 0.108203
0 0.726172 0.443555 0.547656 0.808203
0 0.826172 0.542969 0.0304688 0.040625
0 0.815234 0.67002 0.369531 0.608398
0 0.229785 0.407227 0.0533203 0.0472656
0 0.820703 0.303906 0.146094 0.129688
0 0.171973 0.228223 0.158008 0.402148
0 0.135986 0.331445 0.0647461 0.0988281
0 0.795313 0.25752 0.1125 0.102148
0 0.130225 0.109131 0.037793 0.129395
0 0.124707 0.341699 0.0539063 0.106445
0 0.801758 0.351855 0.115234 0.199414
0 0.264551 0.147998 0.158398 0.15791
0 0.374023 0.609375 0.178516 0.08125
0 0.723437 0.47793 0.551562 0.766016
0 0.516406 0.20625 0.05625 0.0566406
0 0.814453 0.684668 0.371094 0.630664
0 0.226514 0.223682 0.260254 0.408887
0 0.863672 0.287402 0.272656 0.531445
0 0.309863 0.168896 0.194336 0.174707
0 0.822656 0.691016 0.154688 0.08125
0 0.285059 0.15 0.156836 0.131641
0 0.773828 0.760547 0.0742188 0.183594
0 0.582422 0.48623 0.835156 0.950977
0 0.793164 0.882422 0.212109 0.171094
0 0.554688 0.638086 0.867188 0.408203
0 0.798438 0.116089 0.15625 0.138135
0 0.716602 0.532813 0.0597656 0.0601563
0 0.772266 0.517773 0.142969 0.0792969
0 0.725 0.166113 0.301563 0.291992
0 0.668652 0.354492 0.656445 0.708984
0 0.648633 0.233203 0.643359 0.466406
0 0.846875 0.245117 0.303125 0.490234
0 0.264453 0.165479 0.164844 0.190137
0 0.666797 0.158545 0.372656 0.277441
0 0.467969 0.154199 0.80625 0.279883
0 0.567773 0.191455 0.169922 0.216309
0 0.542773 0.0946289 0.159766 0.189258
0 0.864258 0.257422 0.271484 0.514844
0 0.670703 0.888672 0.0804688 0.0617188
0 0.524414 0.205371 0.0613281 0.0572266
0 0.977344 0.468359 0.0453125 0.188281
0 0.975391 0.926562 0.0492188 0.142188
0 0.131738 0.300586 0.0724609 0.166016
0 0.751953 0.217334 0.492969 0.298145
0 0.782031 0.243555 0.1125 0.123828
0 0.907422 0.432813 0.163281 0.105469
0 0.919141 0.483203 0.161719 0.213281
0 0.774805 0.700781 0.0597656 0.0601563
0 0.19668 0.27207 0.216797 0.345703
0 0.758594 0.729688 0.0359375 0.0539063
0 0.334863 0.616602 0.0705078 0.0761719
0 0.534961 0.163379 0.0863281 0.104102
0 0.875 0.702734 0.25 0.1
0 0.818555 0.550195 0.216016 0.144922
0 0.638867 0.922266 0.144922 0.153906
0 0.749609 0.15459 0.0695313 0.114258
0 0.725 0.841602 0.165625 0.146484
0 0.836719 0.536523 0.065625 0.0574219
0 0.495313 0.560547 0.0320312 0.05625
0 0.131494 0.328809 0.068457 0.125195
0 0.247949 0.122461 0.162695 0.184375
0 0.509766 0.228076 0.108594 0.155176
0 0.282617 0.646289 0.142578 0.148828
0 0.308594 0.352539 0.4375 0.666797
0 0.734375 0.539648 0.0789063 0.0917969
0 0.723828 0.869531 0.171094 0.14375
0 0.673438 0.891797 0.0632813 0.0632813
0 0.664062 0.891797 0.0546875 0.0632813
0 0.752734 0.148242 0.0757812 0.114453
0 0.763477 0.705664 0.0480469 0.0675781
0 0.308691 0.632812 0.0876953 0.101562
0 0.754102 0.137451 0.0746094 0.0879883
0 0.762305 0.715039 0.0519531 0.0808594
0 0.319336 0.631055 0.0949219 0.105859
0 0.742188 0.872266 0.179688 0.142969
0 0.136963 0.105322 0.0575195 0.125293
0 0.907031 0.486523 0.185938 0.214453
0 0.145996 0.114429 0.0841797 0.164111
0 0.196289 0.238574 0.226953 0.40332
0 0.723633 0.863281 0.163672 0.128125
0 0.900391 0.45293 0.163281 0.146484
0 0.769336 0.181348 0.111328 0.192383
0 0.772266 0.704688 0.0570313 0.0765625
0 0.676172 0.892578 0.0789063 0.0757812
0 0.673438 0.898438 0.065625 0.075
0 0.675391 0.902734 0.0828125 0.0929688
0 0.10498 0.38584 0.0736328 0.119727
0 0.136279 0.116455 0.0598633 0.125293
0 0.191846 0.201221 0.21123 0.34834
0 0.775195 0.724219 0.0792969 0.117188
0 0.130127 0.109717 0.0407227 0.102441
0 0.693555 0.885938 0.109766 0.101562
0 0.427539 0.467969 0.0425781 0.0664062
0 0.916406 0.457617 0.167187 0.159766
0 0.137109 0.0924561 0.0550781 0.114307
0 0.758594 0.718945 0.0328125 0.0511719
0 0.201855 0.127686 0.179102 0.198926
0 0.697461 0.914844 0.121484 0.13125
0 0.921484 0.435547 0.155469 0.101562
0 0.130078 0.101221 0.040625 0.0969727
0 0.771875 0.715039 0.0640625 0.104297
0 0.830078 0.541992 0.0335938 0.0496094
0 0.739844 0.861328 0.151562 0.119531
0 0.136963 0.0988281 0.0709961 0.133008
0 0.13374 0.123145 0.0739258 0.175195
0 0.768555 0.726758 0.0660156 0.118359
0 0.775977 0.767578 0.0871094 0.214844
0 0.747461 0.152979 0.0675781 0.125684
0 0.867578 0.562891 0.260156 0.492969
0 0.66875 0.891406 0.0710938 0.0875
0 0.728711 0.898438 0.180078 0.196875
0 0.172119 0.11145 0.132324 0.16499
0 0.175244 0.137598 0.152246 0.21543
0 0.156201 0.204834 0.159863 0.352832
0 0.32207 0.606445 0.0519531 0.0417969
0 0.238184 0.416602 0.0505859 0.0550781
0 0.163867 0.237109 0.176953 0.403125
0 0.350195 0.631445 0.152734 0.111328
0 0.683789 0.893359 0.0730469 0.0632813
0 0.668555 0.907422 0.0714844 0.0992187
0 0.309277 0.616602 0.0849609 0.0785156
0 0.753711 0.755664 0.239453 0.398047
0 0.421094 0.468164 0.0445313 0.0652344
0 0.914453 0.50625 0.171094 0.264062
0 0.364063 0.354785 0.571875 0.706055
0 0.831641 0.536914 0.0304688 0.0480469
0 0.747656 0.137305 0.0703125 0.102344
0 0.122852 0.253711 0.0773438 0.313672
0 0.767188 0.712305 0.0640625 0.0902344
0 0.778125 0.711914 0.0765625 0.0871094
0 0.764648 0.78457 0.0941406 0.249609
0 0.760156 0.70957 0.0328125 0.0558594
0 0.683398 0.899219 0.0699219 0.075
0 0.860352 0.601758 0.266797 0.432422
0 0.124121 0.220313 0.0771484 0.317969
0 0.146094 0.108496 0.0703125 0.134961
0 0.734375 0.805859 0.201563 0.286719
0 0.314258 0.606055 0.0519531 0.0394531
0 0.222119 0.453125 0.12373 0.151562
0 0.894141 0.434961 0.130469 0.0988281
0 0.66543 0.888672 0.0582031 0.0601563
0 0.964063 0.431836 0.06875 0.110547
0 0.769922 0.699805 0.0351562 0.0574219
0 0.109326 0.29292 0.0709961 0.311035
0 0.115723 0.250342 0.0660156 0.239941
0 0.765234 0.754297 0.0804688 0.180469
0 0.173633 0.381836 0.197266 0.157422
0 0.113135 0.277002 0.0651367 0.302246
0 0.327832 0.605664 0.0552734 0.0417969
0 0.194043 0.262598 0.22832 0.389648
0 0.790234 0.752148 0.328906 0.451953
0 0.144141 0.263525 0.129688 0.301074
0 0.644141 0.571289 0.03125 0.0480469
0 0.699219 0.759375 0.228125 0.378125
0 0.749414 0.143408 0.0621094 0.115137
0 0.769141 0.138428 0.103906 0.0977539
0 0.772656 0.281641 0.132812 0.132812
0 0.761328 0.142432 0.0820312 0.119434
0 0.128711 0.319531 0.0421875 0.0496094
0 0.285059 0.638867 0.130273 0.116797
0 0.43457 0.469336 0.0511719 0.0714844
0 0.221143 0.431055 0.104199 0.0988281
0 0.465918 0.373633 0.733789 0.747266
0 0.762109 0.724805 0.0554687 0.100391
0 0.772656 0.698047 0.0484375 0.0640625
0 0.198975 0.0966797 0.172754 0.141016
0 0.0996582 0.405957 0.0586914 0.116992
0 0.26001 0.380957 0.378418 0.702148
0 0.105518 0.398633 0.0713867 0.116016
0 0.916016 0.48252 0.167969 0.216211
0 0.668945 0.573047 0.167578 0.157031
0 0.116357 0.303027 0.0788086 0.33457
0 0.824805 0.725 0.173828 0.151562
0 0.951563 0.429883 0.0703125 0.0980469
0 0.835938 0.536133 0.0515625 0.0582031
0 0.32168 0.601758 0.0757812 0.0425781
0 0.782813 0.716016 0.075 0.113281
0 0.658789 0.884375 0.0371094 0.05
0 0.379492 0.629297 0.207422 0.114844
0 0.143945 0.1625 0.130469 0.325
0 0.747461 0.153809 0.0675781 0.115039
0 0.147168 0.0950684 0.0646484 0.13252
0 0.835938 0.542188 0.05 0.0625
0 0.189795 0.170117 0.203223 0.305859
0 0.783789 0.704688 0.0667969 0.0867188
0 0.699609 0.801367 0.221094 0.278516
0 0.770898 0.728906 0.0707031 0.120313
0 0.753516 0.788672 0.125781 0.255469
0 0.323926 0.615039 0.0646484 0.0707031
0 0.118042 0.322607 0.089502 0.302441
0 0.971484 0.434375 0.0570313 0.126563
0 0.847656 0.29043 0.298438 0.580859
0 0.641992 0.578125 0.0386719 0.0554687
0 0.827539 0.766602 0.177734 0.241797
0 0.248535 0.477539 0.356055 0.412109
0 0.137598 0.0768555 0.0523438 0.0867188
0 0.320801 0.614648 0.0888672 0.0722656
0 0.133691 0.316504 0.0648438 0.0673828
0 0.278125 0.507227 0.0410156 0.0542969
0 0.795508 0.297559 0.151172 0.161914
0 0.126904 0.308691 0.0485352 0.0642578
0 0.423242 0.473828 0.0542969 0.0757812
0 0.172754 0.409668 0.196289 0.13457
0 0.10769 0.320508 0.0771973 0.253516
0 0.738281 0.608496 0.49375 0.486133
0 0.124707 0.293848 0.0615234 0.105664
0 0.492773 0.531445 0.0292969 0.0480469
0 0.695312 0.901172 0.0757812 0.0742188
0 0.796484 0.194873 0.296094 0.373535
0 0.285156 0.505859 0.0585938 0.0664062
0 0.657617 0.890625 0.0394531 0.0546875
0 0.125439 0.201514 0.0758789 0.329785
0 0.485645 0.113184 0.255273 0.226367
0 0.825 0.537891 0.034375 0.0492188
0 0.925781 0.422656 0.145313 0.08125
0 0.774023 0.874609 0.205078 0.153906
0 0.784375 0.603906 0.428125 0.457813
0 0.663867 0.899219 0.0574219 0.075
0 0.908203 0.534375 0.183594 0.319531
0 0.235742 0.412305 0.0496094 0.0550781
0 0.678125 0.598437 0.184375 0.201563
0 0.773438 0.822656 0.275 0.328125
0 0.128467 0.178564 0.0770508 0.325684
0 0.825391 0.543359 0.0289063 0.0414063
0 0.317871 0.649414 0.104883 0.142578
0 0.792969 0.749609 0.117188 0.183594
0 0.145117 0.146289 0.0917969 0.233203
0 0.109912 0.39541 0.0704102 0.134961
0 0.560156 0.78125 0.05 0.10625
0 0.754297 0.187305 0.0820312 0.196875
0 0.872266 0.613281 0.252344 0.457813
0 0.304199 0.606445 0.0423828 0.0371094
0 0.798242 0.771289 0.137891 0.233984
0 0.638672 0.57168 0.0335938 0.0472656
0 0.208154 0.287012 0.271191 0.495508
0 0.832812 0.545605 0.328125 0.463477
0 0.774023 0.308398 0.141016 0.188672
0 0.100684 0.386719 0.0748047 0.13125
0 0.739258 0.14248 0.0410156 0.0783203
0 0.331738 0.603906 0.0759766 0.0453125
0 0.233057 0.249414 0.315918 0.430859
0 0.978125 0.0518555 0.04375 0.103711
0 0.231543 0.416602 0.0517578 0.0574219
0 0.119385 0.282861 0.075293 0.327246
0 0.12417 0.215381 0.10791 0.391895
0 0.120605 0.312305 0.0330078 0.0511719
0 0.790039 0.588281 0.287109 0.221094
0 0.748438 0.823242 0.223438 0.301953
0 0.757812 0.245605 0.0320312 0.0462891
0 0.307422 0.600586 0.0976562 0.0824219
0 0.796484 0.704102 0.0726563 0.0941406
0 0.305371 0.560742 0.108008 0.167578
0 0.854297 0.245703 0.282031 0.491406
0 0.399121 0.48125 0.118164 0.107813
0 0.80957 0.584375 0.249609 0.190625
0 0.84707 0.405469 0.302734 0.810938
0 0.746289 0.684375 0.460547 0.5375
0 0.116895 0.295215 0.0451172 0.0927734
0 0.130566 0.112891 0.0697266 0.172656
0 0.739453 0.159619 0.0445313 0.0698242
0 0.855859 0.362988 0.236719 0.241992
0 0.637109 0.590039 0.0578125 0.0902344
0 0.941406 0.446973 0.117188 0.145117
0 0.317871 0.601953 0.0642578 0.040625
0 0.803711 0.146289 0.178516 0.139453
0 0.432422 0.45957 0.0273438 0.0496094
0 0.829297 0.739648 0.341406 0.491016
0 0.348633 0.614648 0.141016 0.0800781
0 0.290723 0.620898 0.118945 0.0996094
0 0.821484 0.706641 0.161719 0.0992187
0 0.242188 0.283789 0.339063 0.483984
0 0.649609 0.598633 0.145313 0.169141
0 0.754883 0.124219 0.0792969 0.0765625
0 0.773828 0.197168 0.125781 0.228711
0 0.246436 0.34043 0.346973 0.638672
0 0.733203 0.14707 0.0273438 0.0460938
0 0.4625 0.111914 0.271094 0.223828
0 0.137402 0.206836 0.109961 0.330078
0 0.11665 0.195117 0.0625977 0.326172
0 0.535937 0.450391 0.928125 0.900781
0 0.713672 0.572852 0.264844 0.151953
0 0.645703 0.58125 0.053125 0.0726563
0 0.106348 0.358203 0.0787109 0.176563
0 0.371973 0.612891 0.195117 0.0804688
0 0.697266 0.896094 0.0960938 0.0578125
0 0.750586 0.131836 0.0582031 0.0849609
0 0.121167 0.351953 0.100049 0.238281
0 0.301074 0.645508 0.10918 0.130859
0 0.855469 0.307031 0.289062 0.614062
0 0.117822 0.193359 0.031543 0.0535156
0 0.417188 0.475586 0.0515625 0.0691406
0 0.324512 0.600781 0.0806641 0.0421875
0 0.14082 0.227832 0.117969 0.318555
0 0.273633 0.521289 0.368359 0.339453
0 0.94375 0.430664 0.1125 0.101172
0 0.149219 0.0838379 0.0808594 0.108105
0 0.746875 0.816016 0.1375 0.158594
0 0.871875 0.463086 0.251563 0.694141
0 0.131104 0.0902832 0.0342773 0.0704102
0 0.134619 0.304785 0.0698242 0.0857422
0 0.100195 0.395898 0.0574219 0.130859
0 0.896875 0.58457 0.0296875 0.0441406
0 0.786133 0.121289 0.0511719 0.0535156
0 0.753516 0.160303 0.130469 0.307129
0 0.723437 0.498047 0.528125 0.610156
0 0.707617 0.904688 0.0816406 0.0703125
0 0.132568 0.160986 0.0774414 0.269434
0 0.162744 0.375 0.183887 0.164062
0 0.124365 0.18252 0.0518555 0.0642578
0 0.122412 0.318945 0.0303711 0.0402344
0 0.793359 0.708594 0.107031 0.09375
0 0.743945 0.120142 0.0902344 0.13042
0 0.510352 0.444531 0.944922 0.889063
0 0.327734 0.543164 0.15 0.226953
0 0.822266 0.443164 0.355469 0.813672
0 0.130322 0.125 0.0393555 0.0783203
0 0.775391 0.838672 0.0601563 0.0867188
0 0.226807 0.521973 0.30498 0.345898
0 0.72832 0.794922 0.157422 0.261719
0 0.274902 0.516406 0.0490234 0.0664062
0 0.12334 0.111206 0.0333984 0.0916504
0 0.324121 0.627344 0.0724609 0.101562
0 0.237109 0.414258 0.0574219 0.0597656
0 0.972656 0.0425781 0.0546875 0.0851563
0 0.795313 0.27666 0.148438 0.127539
0 0.236816 0.426563 0.0607422 0.0851563
0 0.369336 0.483203 0.200391 0.116406
0 0.166919 0.257422 0.186475 0.404687
0 0.134668 0.331445 0.0666016 0.111328
0 0.13457 0.127832 0.0644531 0.122852
0 0.757812 0.728125 0.0359375 0.0570313
0 0.142188 0.14375 0.115625 0.2875
0 0.483301 0.165723 0.770898 0.331445
0 0.231006 0.21582 0.30127 0.399609
0 0.989453 0.0266113 0.0210938 0.0532227
0 0.777344 0.789062 0.09375 0.265625
0 0.353516 0.531836 0.209375 0.258984
0 0.78457 0.60918 0.255859 0.295703
0 0.86543 0.726562 0.253516 0.153125
0 0.754883 0.284082 0.127734 0.137305
0 0.694922 0.863672 0.110937 0.127344
0 0.740234 0.17041 0.0476562 0.0650391
0 0.953906 0.439648 0.0859375 0.0964844
0 0.899219 0.58418 0.046875 0.0558594
0 0.740234 0.129346 0.0414063 0.0708008
0 0.833203 0.449609 0.332031 0.700781
0 0.432813 0.476367 0.0648438 0.0855469
0 0.334473 0.617188 0.0701172 0.0773438
0 0.953516 0.921875 0.0929688 0.151562
0 0.923438 0.393066 0.0625 0.106055
0 0.370508 0.111816 0.241016 0.16582
0 0.653125 0.883984 0.0359375 0.0492188
0 0.360449 0.224072 0.549414 0.428418
0 0.9375 0.438477 0.0953125 0.0988281
0 0.52832 0.755078 0.113672 0.153906
0 0.227539 0.409375 0.0480469 0.0476562
0 0.49375 0.522461 0.0296875 0.0503906
0 0.303711 0.55 0.105469 0.175781
0 0.71582 0.137256 0.151172 0.160645
0 0.145996 0.289697 0.139648 0.313574
0 0.649609 0.578125 0.130469 0.15
0 0.936328 0.926172 0.127344 0.147656
0 0.133789 0.239355 0.132422 0.411914
0 0.14751 0.0789795 0.0604492 0.115479
0 0.243066 0.417188 0.0587891 0.059375
0 0.426758 0.468359 0.0464844 0.0734375
0 0.732813 0.854688 0.189063 0.145313
0 0.766406 0.707812 0.0453125 0.0671875
0 0.773438 0.704688 0.0609375 0.08125
0 0.948438 0.404785 0.103125 0.144336
0 0.596875 0.441406 0.80625 0.882812
0 0.172363 0.11355 0.123633 0.18501
0 0.481055 0.156934 0.781641 0.313867
0 0.420312 0.469531 0.0476562 0.06875
0 0.470508 0.100977 0.765234 0.201953
0 0.435742 0.467969 0.0519531 0.0789063
0 0.672852 0.891016 0.0699219 0.0617188
0 0.775391 0.698438 0.0554687 0.0695313
0 0.485645 0.315039 0.783398 0.600391
0 0.76543 0.717773 0.0472656 0.0652344
0 0.56875 0.446875 0.8625 0.89375
0 0.664453 0.890234 0.0515625 0.0601563
0 0.386328 0.340039 0.592969 0.638672
0 0.948828 0.417969 0.102344 0.13125
0 0.241211 0.418359 0.0433594 0.0523438
0 0.34502 0.293262 0.508398 0.544727
0 0.793555 0.72832 0.109766 0.162109
0 0.827734 0.73418 0.177344 0.241016
0 0.775391 0.8 0.277344 0.2875
0 0.755078 0.745703 0.227344 0.367969
0 0.794727 0.691406 0.107422 0.117188
0 0.731445 0.867969 0.187109 0.13125
0 0.151172 0.111011 0.0914062 0.174854
0 0.431641 0.461719 0.03125 0.059375
0 0.75625 0.79668 0.232813 0.272266
0 0.351465 0.253223 0.518945 0.499023
0 0.69043 0.892969 0.100391 0.059375
0 0.827344 0.693555 0.178125 0.148047
0 0.775195 0.74707 0.262109 0.399609
0 0.789844 0.698047 0.0890625 0.0765625
0 0.686328 0.416406 0.627344 0.832812
0 0.102197 0.386914 0.0760742 0.130859
0 0.644336 0.571484 0.0355469 0.05
0 0.472656 0.26377 0.792188 0.51543
0 0.550781 0.442969 0.898438 0.885938
0 0.31875 0.606641 0.0621094 0.0414063
0 0.832422 0.536914 0.0335938 0.0488281
0 0.642188 0.577734 0.0421875 0.0539063
0 0.69375 0.877344 0.110937 0.104688
0 0.758984 0.721289 0.03125 0.0457031
0 0.83125 0.542188 0.0359375 0.0460938
0 0.162549 0.20415 0.16123 0.390918
0 0.19502 0.229297 0.231055 0.428125
0 0.771484 0.712305 0.0679687 0.0949219
0 0.693945 0.8625 0.108984 0.13125
0 0.533008 0.6125 0.933984 0.451562
0 0.234961 0.419141 0.0457031 0.0523438
0 0.862695 0.266113 0.268359 0.495898
0 0.525781 0.445312 0.948438 0.890625
0 0.176074 0.386523 0.207227 0.142578
0 0.4375 0.461523 0.0414063 0.0714844
0 0.825781 0.746289 0.171875 0.227734
0 0.495313 0.0856445 0.903125 0.171289
0 0.769336 0.700195 0.0425781 0.0636719
0 0.787305 0.703125 0.0878906 0.0914062
0 0.772656 0.104395 0.107813 0.194727
0 0.540234 0.0886719 0.919531 0.177344
0 0.82832 0.809375 0.343359 0.335938
0 0.359082 0.150781 0.527148 0.295703
0 0.777734 0.282715 0.141406 0.15918
0 0.825391 0.677734 0.169531 0.125781
0 0.325977 0.605859 0.0644531 0.0414063
0 0.483398 0.189893 0.783203 0.371777
0 0.732031 0.72168 0.284375 0.419141
0 0.43418 0.479883 0.0746094 0.0980469
0 0.797656 0.751172 0.121875 0.210156
0 0.937891 0.410449 0.105469 0.132227
0 0.769531 0.855469 0.276563 0.14375
0 0.157715 0.156445 0.147852 0.312891
0 0.537305 0.112646 0.925391 0.220801
0 0.844531 0.28125 0.301563 0.4375
0 0.474023 0.220898 0.776953 0.430078
0 0.500586 0.479297 0.175391 0.114844
0 0.423828 0.472461 0.0539063 0.0769531
0 0.550781 0.615234 0.898438 0.486719
0 0.759961 0.7125 0.0332031 0.05625
0 0.695703 0.746875 0.233594 0.373437
0 0.479883 0.38252 0.785547 0.74668
0 0.758594 0.824219 0.2375 0.23125
0 0.320801 0.602734 0.0830078 0.0460938
0 0.451953 0.479492 0.0921875 0.0957031
0 0.769141 0.178931 0.108594 0.219482
0 0.129102 0.309277 0.0472656 0.0615234
0 0.254346 0.413672 0.369434 0.35
0 0.6375 0.57207 0.0414063 0.0511719
0 0.601367 0.366211 0.797266 0.732422
0 0.507031 0.110742 0.932813 0.21875
0 0.528906 0.34834 0.942187 0.686914
0 0.210986 0.0758545 0.197559 0.144189
0 0.795703 0.275879 0.146094 0.143555
0 0.284766 0.505469 0.065625 0.0703125
0 0.858984 0.350098 0.274219 0.473242
0 0.837891 0.535742 0.0523438 0.0589844
0 0.936328 0.382617 0.0601563 0.0941406
0 0.13667 0.306934 0.0739258 0.0794922
0 0.826172 0.537305 0.0398437 0.0527344
0 0.776758 0.703125 0.0792969 0.0945313
0 0.770898 0.143384 0.105078 0.162451
0 0.434766 0.465234 0.0726563 0.0867188
0 0.210938 0.101025 0.196094 0.177637
0 0.355078 0.48125 0.228906 0.125781
0 0.854883 0.758984 0.285547 0.408594
0 0.128418 0.297168 0.0583984 0.0873047
0 0.949219 0.382227 0.101562 0.154297
0 0.474219 0.482812 0.124219 0.109375
0 0.426367 0.462305 0.0355469 0.0589844
0 0.170557 0.0913818 0.115918 0.167041
0 0.847266 0.248633 0.296094 0.465234
0 0.819336 0.848633 0.361328 0.302734
0 0.566602 0.115479 0.866797 0.22373
0 0.5625 0.78125 0.0453125 0.1
0 0.664844 0.887109 0.0515625 0.0585938
0 0.193457 0.206006 0.220117 0.392676
0 0.418555 0.476367 0.0488281 0.0667969
0 0.195654 0.384473 0.243457 0.256836
0 0.243604 0.0826904 0.288574 0.148877
0 0.412891 0.471484 0.0507812 0.0664062
0 0.657617 0.890234 0.0417969 0.0523438
0 0.27793 0.508203 0.0453125 0.05625
0 0.938672 0.427246 0.113281 0.13457
0 0.240137 0.414648 0.0490234 0.0628906
0 0.391016 0.418262 0.610938 0.473633
0 0.679297 0.890234 0.0960938 0.0679687
0 0.621875 0.120483 0.75625 0.236377
0 0.139355 0.0910156 0.0517578 0.117188
0 0.138965 0.103027 0.0542969 0.124414
0 0.44668 0.468164 0.0707031 0.0816406
0 0.925781 0.379102 0.046875 0.0691406
0 0.800195 0.301465 0.132422 0.170508
0 0.510156 0.344727 0.957812 0.676172
0 0.8375 0.541406 0.05 0.0578125
0 0.692773 0.298828 0.606641 0.575
0 0.446777 0.0876953 0.750195 0.175391
0 0.573438 0.379102 0.853125 0.758203
0 0.361621 0.482227 0.557227 0.391797
0 0.570898 0.580762 0.858203 0.633789
0 0.646875 0.57832 0.0585938 0.0699219
0 0.126318 0.216113 0.084668 0.298242
0 0.983203 0.0300781 0.0335938 0.0601563
0 0.152148 0.0861572 0.0878906 0.142139
0 0.924219 0.390234 0.0625 0.10625
0 0.78125 0.305469 0.15625 0.192188
0 0.768164 0.714258 0.291797 0.437109
0 0.855273 0.520508 0.276953 0.458984
0 0.243359 0.417969 0.0609375 0.0625
0 0.864258 0.574707 0.255859 0.447461
0 0.23623 0.413086 0.0462891 0.0574219
0 0.658594 0.883984 0.0382813 0.0476562
0 0.195947 0.125171 0.210449 0.226221
0 0.358203 0.520703 0.224219 0.202344
0 0.250293 0.47959 0.361133 0.310352
0 0.945312 0.432227 0.08125 0.0863281
0 0.275879 0.516797 0.0494141 0.0609375
0 0.598047 0.468945 0.803906 0.930859
0 0.69082 0.890625 0.126953 0.0703125
0 0.505859 0.157324 0.950781 0.279102
0 0.554492 0.354785 0.891016 0.693555
0 0.327344 0.602148 0.0886719 0.0472656
0 0.75957 0.106494 0.0933594 0.166699
0 0.288867 0.498047 0.0675781 0.0703125
0 0.813281 0.550977 0.221875 0.125391
0 0.13335 0.316895 0.0674805 0.0681641
0 0.963672 0.430273 0.0710938 0.0972656
0 0.432422 0.473633 0.0671875 0.0878906
0 0.682813 0.795898 0.2625 0.264453
0 0.956641 0.431836 0.0820312 0.0886719
0 0.492773 0.531836 0.0300781 0.0425781
0 0.839844 0.44707 0.3125 0.622266
0 0.114063 0.364844 0.0527344 0.0734375
0 0.193066 0.156738 0.214648 0.308398
0 0.129785 0.319727 0.04375 0.0492188
0 0.189697 0.313428 0.229199 0.297363
0 0.758398 0.729883 0.0316406 0.0441406
0 0.808594 0.0967285 0.176563 0.190527
0 0.145313 0.260742 0.117188 0.280078
0 0.860938 0.355273 0.214062 0.219141
0 0.452539 0.467773 0.0847656 0.0746094
0 0.125391 0.245752 0.0835937 0.275684
0 0.530469 0.162744 0.939063 0.288574
0 0.170117 0.22959 0.172266 0.424414
0 0.953125 0.380078 0.0875 0.104688
0 0.964453 0.418164 0.0664062 0.107422
0 0.701367 0.894531 0.113672 0.053125
0 0.764453 0.728906 0.0492188 0.06875
0 0.635547 0.579297 0.0453125 0.053125
0 0.472852 0.467969 0.114453 0.0773438
0 0.977734 0.045752 0.0445313 0.0915039
0 0.973437 0.0410156 0.053125 0.0820312
0 0.159082 0.122266 0.134961 0.239844
0 0.757617 0.139453 0.0832031 0.108594
0 0.246289 0.303711 0.351953 0.545703
0 0.904688 0.482129 0.190625 0.238086
0 0.720508 0.55293 0.235547 0.123047
0 0.779297 0.532813 0.125781 0.0921875
0 0.275977 0.12915 0.369141 0.245605
0 0.279297 0.487891 0.410938 0.351562
0 0.825391 0.543555 0.0304688 0.0394531
0 0.870898 0.248145 0.253516 0.488086
0 0.310645 0.606055 0.0513672 0.0402344
0 0.165479 0.383105 0.190137 0.150977
0 0.807813 0.106152 0.178125 0.211523
0 0.672461 0.896875 0.0761719 0.075
0 0.741602 0.555859 0.277734 0.133594
0 0.937891 0.370703 0.0476562 0.065625
0 0.224121 0.410352 0.0927734 0.0878906
0 0.755469 0.152637 0.084375 0.101367
0 0.557617 0.165576 0.884766 0.296191
0 0.533789 0.57793 0.932422 0.307422
0 0.595898 0.203223 0.808203 0.395117
0 0.836719 0.425488 0.321875 0.656055
0 0.525977 0.220508 0.948047 0.441016
0 0.669141 0.447266 0.661719 0.874219
0 0.143652 0.224316 0.11543 0.302148
0 0.120898 0.300684 0.0882813 0.312695
0 0.603711 0.166797 0.792578 0.311328
0 0.874414 0.232813 0.251172 0.465625
0 0.224463 0.428711 0.103809 0.105859
0 0.783984 0.392578 0.432031 0.785156
0 0.34834 0.0885742 0.511914 0.177148
0 0.229004 0.24082 0.310742 0.457422
0 0.244531 0.426758 0.0652344 0.0832031
0 0.589844 0.120557 0.820312 0.233887
0 0.102002 0.395801 0.0762695 0.124023
0 0.795898 0.532813 0.150391 0.0914062
0 0.824219 0.298633 0.1375 0.142578
0 0.497656 0.462891 0.16875 0.0882813
0 0.502148 0.445312 0.967578 0.890625
0 0.760156 0.896094 0.246875 0.207813
0 0.951953 0.366992 0.0804688 0.0871094
0 0.936328 0.393164 0.0789063 0.116797
0 0.971094 0.417969 0.0578125 0.117188
0 0.647852 0.571094 0.0542969 0.0640625
0 0.498633 0.22251 0.952734 0.443262
0 0.864453 0.692578 0.261719 0.491406
0 0.111084 0.376758 0.0620117 0.110547
0 0.374023 0.483594 0.177734 0.121094
0 0.271973 0.510156 0.0318359 0.0453125
0 0.777344 0.260547 0.129688 0.128125
0 0.122119 0.364355 0.0514648 0.0830078
0 0.868945 0.594238 0.258984 0.622461
0 0.655078 0.716406 0.319531 0.425
0 0.237695 0.424414 0.0554687 0.0699219
0 0.191699 0.295557 0.225977 0.313574
0 0.337305 0.10625 0.255859 0.196484
0 0.109766 0.285547 0.0677734 0.317188
0 0.121509 0.361133 0.103662 0.204297
0 0.231787 0.129126 0.268848 0.244873
0 0.277051 0.326855 0.408398 0.627539
0 0.570508 0.0904297 0.858984 0.180859
0 0.131494 0.112939 0.0385742 0.0924805
0 0.245215 0.101855 0.279102 0.187305
0 0.871875 0.516699 0.253125 0.636914
0 0.331738 0.604883 0.0810547 0.0417969
0 0.511523 0.719141 0.0480469 0.0757812
0 0.738672 0.820703 0.200781 0.211719
0 0.772461 0.188428 0.120703 0.252051
0 0.487305 0.531836 0.0238281 0.0347656
0 0.769336 0.556445 0.191016 0.132422
0 0.176465 0.131055 0.14707 0.214453
0 0.862109 0.422461 0.271094 0.541016
0 0.702344 0.890234 0.132031 0.0726563
0 0.34082 0.090332 0.276172 0.166406
0 0.351367 0.607031 0.155859 0.0945313
0 0.38623 0.461523 0.13457 0.112109
0 0.8375 0.555664 0.254688 0.117578
0 0.841602 0.385645 0.310547 0.513086
0 0.69375 0.810156 0.275 0.239063
0 0.476367 0.507617 0.141797 0.158203
0 0.805078 0.755664 0.138281 0.218359
0 0.432422 0.437891 0.0914062 0.146094
0 0.791992 0.688086 0.106641 0.0777344
0 0.930078 0.370215 0.0304688 0.0501953
0 0.804492 0.69707 0.117578 0.0683594
0 0.787695 0.712109 0.0933594 0.103906
0 0.538672 0.663672 0.922656 0.500781
0 0.885547 0.358594 0.225781 0.2125
0 0.82168 0.536719 0.211328 0.0929688
0 0.510938 0.728516 0.0507812 0.0742188
0 0.570898 0.479883 0.858203 0.949609
0 0.505273 0.719141 0.0457031 0.0640625
0 0.969141 0.428906 0.0617188 0.111719
0 0.351953 0.501367 0.541406 0.343359
0 0.65332 0.883594 0.0355469 0.0484375
0 0.863867 0.369727 0.239453 0.213672
0 0.321777 0.607422 0.0962891 0.0789063
0 0.663672 0.897656 0.0585938 0.0765625
0 0.767188 0.703906 0.065625 0.104688
0 0.823438 0.290918 0.0671875 0.0837891
0 0.302051 0.494727 0.0904297 0.0800781
0 0.990625 0.0260742 0.01875 0.0521484
0 0.988672 0.0314941 0.0226563 0.0629883
0 0.753125 0.720508 0.0328125 0.0496094
0 0.277246 0.290137 0.401758 0.511133
0 0.910937 0.495801 0.178125 0.280273
0 0.736719 0.53418 0.257812 0.105859
0 0.695508 0.760547 0.237109 0.297656
0 0.74707 0.757031 0.213672 0.309375
0 0.738086 0.814063 0.205078 0.2
0 0.737109 0.855078 0.213281 0.135156
0 0.68457 0.803711 0.244922 0.220703
0 0.351465 0.33457 0.516602 0.651172
0 0.176074 0.113525 0.128711 0.163184
0 0.282227 0.326758 0.416016 0.644922
0 0.453809 0.0879883 0.758008 0.175977
0 0.335352 0.325586 0.481641 0.631641
0 0.738672 0.835547 0.227344 0.161719
0 0.473047 0.14873 0.778906 0.293945
0 0.279199 0.316406 0.404102 0.620313
0 0.550195 0.0402344 0.183203 0.0804688
0 0.251758 0.328125 0.343359 0.65625
0 0.698828 0.860938 0.123438 0.120313
0 0.211523 0.174316 0.202344 0.316992
0 0.205664 0.157715 0.197656 0.29707
0 0.948438 0.425586 0.103125 0.119141
0 0.240283 0.299805 0.306934 0.544141
0 0.217578 0.0955078 0.218359 0.14375
0 0.989062 0.0317383 0.021875 0.0634766
0 0.78457 0.807813 0.305859 0.223438
0 0.898047 0.273633 0.202344 0.454297
0 0.669922 0.751953 0.227344 0.322656
0 0.891406 0.347852 0.2125 0.256641
0 0.940625 0.0392578 0.11875 0.0785156
0 0.983984 0.0310547 0.0320312 0.0621094
0 0.355469 0.127539 0.51875 0.239063
0 0.17002 0.16626 0.143555 0.313184
0 0.949609 0.409375 0.100781 0.121875
0 0.430859 0.467578 0.0398437 0.065625
0 0.234668 0.179346 0.261914 0.330371
0 0.152637 0.110645 0.0896484 0.131836
0 0.795117 0.872266 0.376953 0.163281
0 0.139795 0.0901367 0.0487305 0.0835937
0 0.911719 0.0411133 0.176563 0.0822266
0 0.186426 0.134424 0.163477 0.183496
0 0.784375 0.741406 0.3125 0.379688
0 0.479199 0.396484 0.758789 0.775781
0 0.559375 0.056665 0.207813 0.111084
0 0.737695 0.721094 0.238672 0.401563
0 0.22832 0.163379 0.249609 0.30918
0 0.896094 0.0418457 0.207813 0.0836914
0 0.990625 0.026416 0.01875 0.052832
0 0.139453 0.100781 0.05 0.0992187
0 0.204688 0.300391 0.24375 0.600781
0 0.758398 0.842773 0.253516 0.170703
0 0.133643 0.300488 0.0571289 0.0767578
0 0.336621 0.383594 0.47832 0.5125
0 0.527539 0.0394653 0.134766 0.0741943
0 0.143945 0.296484 0.0761719 0.0863281
0 0.213281 0.202148 0.20625 0.361328
0 0.988672 0.0474609 0.0226563 0.0949219
0 0.423438 0.46875 0.0445313 0.065625
0 0.892969 0.395508 0.214062 0.216797
0 0.309473 0.587695 0.0798828 0.0691406
0 0.280566 0.392383 0.402148 0.490234
0 0.238965 0.235547 0.270508 0.449219
0 0.764453 0.839063 0.266406 0.15625
0 0.132031 0.30957 0.0460938 0.0550781
0 0.243457 0.37168 0.324023 0.535547
0 0.216455 0.125537 0.221777 0.172363
0 0.173535 0.177588 0.158008 0.328809
0 0.27749 0.460938 0.35127 0.328125
0 0.4375 0.467969 0.0453125 0.0742188
0 0.716797 0.842383 0.160156 0.143359
0 0.28335 0.108765 0.348926 0.192627
0 0.125146 0.366504 0.0307617 0.0607422
0 0.205371 0.265527 0.22207 0.307227
0 0.21792 0.0714111 0.22002 0.134131
0 0.946875 0.450879 0.10625 0.157617
0 0.992188 0.0218994 0.015625 0.0437988
0 0.325488 0.450977 0.353711 0.344141
0 0.974219 0.0393799 0.0515625 0.0786621
0 0.203418 0.103735 0.194727 0.180811
0 0.689063 0.719531 0.24375 0.396875
0 0.17334 0.0882324 0.119727 0.149121
0 0.940625 0.403809 0.11875 0.236914
0 0.421094 0.053418 0.723437 0.106836
0 0.320898 0.599414 0.0691406 0.0457031
0 0.2375 0.464551 0.269531 0.324023
0 0.137109 0.306348 0.0671875 0.0708984
0 0.350391 0.084375 0.527344 0.16875
0 0.490625 0.0407715 0.0492188 0.0606445
0 0.230322 0.109277 0.241699 0.187695
0 0.466895 0.180225 0.744336 0.346582
0 0.819141 0.805078 0.361719 0.285156
0 0.775586 0.704688 0.0535156 0.0640625
0 0.991016 0.0598145 0.0179687 0.119629
0 0.904688 0.261719 0.190625 0.523438
0 0.684961 0.82793 0.276953 0.195703
0 0.138965 0.110449 0.0527344 0.10332
0 0.140869 0.0800781 0.0493164 0.0775391
0 0.779102 0.696875 0.0464844 0.059375
0 0.980859 0.0424805 0.0382813 0.0849609
0 0.931641 0.0274902 0.136719 0.0549805
0 0.287451 0.493555 0.264941 0.255859
0 0.585156 0.0401123 0.246875 0.0787598
0 0.727344 0.683203 0.289062 0.467969
0 0.972656 0.911328 0.0546875 0.0945313
0 0.901172 0.387891 0.188281 0.146875
0 0.942187 0.327148 0.115625 0.322266
0 0.28584 0.171338 0.363477 0.315918
0 0.643164 0.81582 0.195703 0.193359
0 0.497852 0.0322266 0.0628906 0.0538086
0 0.924609 0.389453 0.0554687 0.0898438
0 0.242969 0.418164 0.0402344 0.0503906
0 0.459961 0.334766 0.714453 0.649219
0 0.432813 0.458789 0.0328125 0.0566406
0 0.878125 0.386035 0.167187 0.138867
0 0.779688 0.716992 0.34375 0.426953
0 0.34209 0.491699 0.250977 0.260352
0 0.933594 0.459668 0.129688 0.315039
0 0.131299 0.106787 0.0405273 0.0666992
0 0.964453 0.433789 0.0710938 0.0878906
0 0.88457 0.455762 0.230859 0.279883
0 0.138867 0.12334 0.0667969 0.141602
0 0.547266 0.0277588 0.194531 0.0555176
0 0.324023 0.590039 0.0808594 0.0746094
0 0.935547 0.381543 0.0476562 0.0869141
0 0.944922 0.27002 0.108594 0.492773
0 0.131348 0.116553 0.0431641 0.0756836
0 0.350195 0.17749 0.494922 0.335645
0 0.973047 0.899219 0.0539063 0.09375
0 0.787305 0.760156 0.126953 0.185938
0 0.744531 0.811719 0.240625 0.210938
0 0.166113 0.113989 0.134961 0.219678
0 0.242188 0.102441 0.271094 0.12207
0 0.320605 0.604102 0.0517578 0.0386719
0 0.984766 0.028418 0.0304688 0.0568359
0 0.153564 0.0861328 0.0901367 0.12168
0 0.145166 0.0868408 0.069043 0.105615
0 0.644922 0.569922 0.0351562 0.0484375
0 0.282031 0.207861 0.384375 0.389746
0 0.48418 0.0679687 0.844141 0.135937
0 0.926562 0.379785 0.0390625 0.0669922
0 0.496875 0.0397949 0.0625 0.0660156
0 0.464648 0.396582 0.745703 0.703711
0 0.146875 0.0756104 0.0644531 0.0978027
0 0.937891 0.410156 0.102344 0.123438
0 0.840625 0.273828 0.314063 0.397656
0 0.630664 0.766016 0.176953 0.308594
0 0.204053 0.382324 0.196973 0.119727
0 0.640234 0.446094 0.719531 0.892188
0 0.616211 0.385938 0.767578 0.771875
0 0.876172 0.0414063 0.247656 0.0828125
0 0.502539 0.104053 0.877734 0.199316
0 0.964063 0.419141 0.071875 0.100781
0 0.298193 0.527734 0.247363 0.201563
0 0.140527 0.10564 0.0681641 0.135596
0 0.280664 0.247852 0.394141 0.489453
0 0.938672 0.429883 0.114844 0.125391
0 0.765039 0.85625 0.263672 0.132812
0 0.466504 0.0817871 0.831055 0.163574
0 0.687305 0.673828 0.231641 0.483594
0 0.762695 0.817383 0.257422 0.162109
0 0.664453 0.883594 0.0539063 0.0546875
0 0.177783 0.214941 0.172559 0.399805
0 0.131982 0.319336 0.043457 0.0445313
0 0.347266 0.224609 0.499219 0.421094
0 0.195557 0.376465 0.264355 0.492383
0 0.820508 0.757617 0.358984 0.416016
0 0.590625 0.279492 0.81875 0.558984
0 0.80957 0.845313 0.374609 0.171875
0 0.677734 0.862891 0.0859375 0.105469
0 0.787891 0.786328 0.125781 0.133594
0 0.816797 0.853711 0.366406 0.234766
0 0.784375 0.69668 0.0671875 0.0652344
0 0.23667 0.493164 0.25127 0.264453
0 0.524805 0.0265625 0.146484 0.053125
0 0.811328 0.759375 0.141406 0.192188
0 0.958594 0.433984 0.0828125 0.084375
0 0.408105 0.436621 0.493164 0.387695
0 0.648438 0.803711 0.207813 0.219141
0 0.49502 0.445996 0.828711 0.887695
0 0.314453 0.0805908 0.275781 0.138818
0 0.127051 0.366211 0.0376953 0.0667969
0 0.241309 0.0772949 0.281445 0.129395
0 0.808398 0.740625 0.144141 0.217188
0 0.773438 0.716211 0.0578125 0.0722656
0 0.843164 0.336133 0.308984 0.284766
0 0.644336 0.578125 0.0371094 0.0507812
0 0.90625 0.0285156 0.1875 0.0570313
0 0.67168 0.778516 0.273828 0.272656
0 0.465723 0.222314 0.74043 0.431152
0 0.148145 0.242188 0.234961 0.413281
0 0.933594 0.391113 0.065625 0.105273
0 0.437695 0.45918 0.0410156 0.0707031
0 0.958203 0.0391602 0.0835937 0.0783203
0 0.644141 0.836328 0.196094 0.163281
0 0.992969 0.0516602 0.0140625 0.10332
0 0.723437 0.332813 0.553125 0.659375
0 0.491992 0.0343994 0.0496094 0.0552246
0 0.42793 0.459375 0.0316406 0.0554687
0 0.889063 0.0283447 0.221875 0.0566895
0 0.346289 0.526953 0.252734 0.202344
0 0.132227 0.0953613 0.0369141 0.0573242
0 0.821094 0.662305 0.357812 0.562891
0 0.969922 0.417285 0.0601563 0.104492
0 0.88125 0.52207 0.2375 0.478516
0 0.782617 0.659375 0.403516 0.5375
0 0.134277 0.31748 0.0625 0.0556641
0 0.782813 0.70293 0.0703125 0.0707031
0 0.547266 0.105713 0.905469 0.200293
0 0.192529 0.384277 0.192285 0.121289
0 0.321387 0.587891 0.0869141 0.0671875
0 0.75332 0.543164 0.341797 0.779297
0 0.770312 0.707812 0.0421875 0.0546875
0 0.958594 0.396387 0.0828125 0.154102
0 0.833203 0.732813 0.183594 0.229687
0 0.205127 0.358887 0.206543 0.144727
0 0.394141 0.494922 0.285156 0.260156
0 0.767969 0.719141 0.0453125 0.0554687
0 0.666406 0.811914 0.242188 0.202734
0 0.811523 0.896875 0.376953 0.20625
0 0.134863 0.288477 0.0705078 0.101172
0 0.670898 0.860156 0.0800781 0.107813
0 0.744531 0.406641 0.510938 0.811719
0 0.310156 0.561719 0.0878906 0.121875
0 0.736719 0.857813 0.198437 0.135937
0 0.949609 0.0396484 0.100781 0.0673828
0 0.177393 0.109375 0.119824 0.0896484
0 0.949609 0.433789 0.100781 0.0855469
0 0.759766 0.854297 0.238281 0.150781
0 0.748633 0.824805 0.219922 0.200391
0 0.949219 0.585547 0.101562 0.0757812
0 0.201465 0.110278 0.179102 0.0917481
0 0.323047 0.611719 0.0871094 0.0546875
0 0.3125 0.611719 0.0757812 0.0632813
0 0.950391 0.0389648 0.0992187 0.0779297
0 0.936719 0.436328 0.123438 0.0929688
0 0.175 0.0995606 0.117188 0.0930664
0 0.156641 0.296973 0.096875 0.0876953
0 0.949219 0.567383 0.101562 0.108203
0 0.888281 0.503125 0.223438 0.253125
0 0.762891 0.857813 0.236719 0.1375
0 0.948828 0.0276855 0.102344 0.0553711
0 0.949219 0.451367 0.101562 0.114453
0 0.947656 0.52793 0.104688 0.180078
0 0.763477 0.137744 0.0792969 0.0901367
0 0.171582 0.293457 0.117773 0.0888672
0 0.947266 0.0516846 0.105469 0.103271
0 0.666016 0.885547 0.0570313 0.0507812
0 0.789453 0.853125 0.311719 0.154688
0 0.643555 0.569336 0.0347656 0.0503906
0 0.936719 0.414355 0.117188 0.0916016
0 0.948828 0.506445 0.102344 0.226953
0 0.131738 0.299512 0.0552734 0.0771484
0 0.316309 0.607617 0.0689453 0.0402344
0 0.949219 0.417773 0.101562 0.0738281
0 0.314258 0.591992 0.0773438 0.0691406
0 0.739258 0.846094 0.201172 0.142188
0 0.205957 0.0844727 0.186914 0.11582
0 0.950781 0.485547 0.0984375 0.175781
0 0.771875 0.697461 0.0578125 0.0652344
0 0.921094 0.391309 0.065625 0.0876953
0 0.916406 0.391699 0.0578125 0.0822266
0 0.770117 0.699609 0.0410156 0.0578125
0 0.69668 0.863281 0.108984 0.11875
0 0.139746 0.297559 0.0697266 0.0826172
0 0.130176 0.308887 0.0472656 0.0552734
0 0.312207 0.631641 0.0779297 0.0953125
0 0.907031 0.411523 0.153125 0.100391
0 0.77793 0.828516 0.287891 0.199219
0 0.454883 0.0572266 0.142578 0.0943359
0 0.319727 0.602734 0.0859375 0.0375
0 0.912891 0.435156 0.174219 0.0953125
0 0.949219 0.596289 0.101562 0.119141
0 0.923438 0.380371 0.0421875 0.0705078
0 0.76582 0.704297 0.0464844 0.0617188
0 0.756836 0.846875 0.228516 0.142188
0 0.641211 0.570898 0.0300781 0.0457031
0 0.952344 0.423828 0.0953125 0.110156
0 0.926172 0.498242 0.147656 0.270703
0 0.17168 0.306836 0.125 0.103906
0 0.323926 0.595117 0.0869141 0.0589844
0 0.870703 0.552637 0.258594 0.361133
0 0.665234 0.889844 0.0539063 0.0515625
0 0.674414 0.889844 0.0746094 0.0484375
0 0.773828 0.137354 0.0929688 0.087793
0 0.695508 0.879297 0.107422 0.0898438
0 0.31377 0.607422 0.0560547 0.0382813
0 0.941406 0.0397095 0.1125 0.0768311
0 0.67832 0.8875 0.0925781 0.05625
0 0.130127 0.116406 0.0428711 0.0726563
0 0.794922 0.822266 0.0601563 0.0570313
0 0.661133 0.885156 0.0410156 0.04375
0 0.689453 0.891406 0.0976562 0.0453125
0 0.322363 0.607031 0.0681641 0.0390625
0 0.991797 0.0234863 0.0164063 0.0469727
0 0.896484 0.45 0.207031 0.184375
0 0.130078 0.10542 0.0421875 0.0749023
0 0.823438 0.597656 0.353125 0.439063
0 0.984375 0.029834 0.03125 0.059668
0 0.949219 0.0519043 0.101562 0.103809
0 0.930078 0.461523 0.139844 0.134766
0 0.939844 0.586914 0.107813 0.0792969
0 0.930078 0.370508 0.0273438 0.0457031
0 0.83418 0.739062 0.178516 0.20625
0 0.135254 0.303613 0.0673828 0.0740234
0 0.491406 0.0354492 0.05625 0.0509766
0 0.304492 0.607617 0.0496094 0.0363281
0 0.136377 0.103369 0.0520508 0.0961914
0 0.137012 0.304297 0.065625 0.0847656
0 0.205811 0.132593 0.190723 0.147314
0 0.497461 0.0335693 0.0699219 0.0492676
0 0.867383 0.288672 0.265234 0.574219
0 0.490234 0.0402222 0.0539063 0.05979
0 0.751367 0.783203 0.233203 0.275781
0 0.643164 0.563867 0.0308594 0.0433594
0 0.440625 0.0578125 0.179688 0.0970703
0 0.924219 0.380078 0.0375 0.0664062
0 0.868164 0.326855 0.263672 0.636914
0 0.315527 0.602539 0.0720703 0.0355469
0 0.55293 0.0655762 0.170703 0.119824
0 0.139307 0.124268 0.0665039 0.11748
0 0.642578 0.576172 0.0382813 0.0585938
0 0.829688 0.541406 0.034375 0.0492188
0 0.550391 0.0830078 0.171094 0.147461
0 0.764844 0.866797 0.271875 0.130469
0 0.770898 0.701953 0.0613281 0.071875
0 0.320898 0.0826172 0.227734 0.133398
0 0.953125 0.406836 0.09375 0.0996094
0 0.990234 0.026416 0.0195312 0.052832
0 0.669727 0.880859 0.0667969 0.0554687
0 0.771875 0.161426 0.0984375 0.136523
0 0.935156 0.0300293 0.129688 0.0600586
0 0.351562 0.610156 0.144531 0.0773438
0 0.322559 0.630469 0.0939453 0.102344
0 0.189258 0.141943 0.156641 0.155566
0 0.955078 0.446289 0.0898438 0.133203
0 0.563086 0.783203 0.0371094 0.0851563
0 0.935547 0.634766 0.122656 0.150781
0 0.891406 0.417383 0.129688 0.0957031
0 0.834961 0.719336 0.187891 0.192578
0 0.761719 0.710352 0.034375 0.0464844
0 0.760938 0.719336 0.03125 0.0441406
0 0.793945 0.762891 0.121484 0.164844
0 0.938672 0.620898 0.116406 0.142578
0 0.8125 0.749219 0.142188 0.19375
0 0.803125 0.821094 0.0625 0.0609375
0 0.141553 0.108154 0.0665039 0.102051
0 0.761133 0.149316 0.0871094 0.108398
0 0.951563 0.624023 0.096875 0.135547
0 0.81875 0.869922 0.3625 0.133594
0 0.933984 0.502148 0.132031 0.212891
0 0.638477 0.563281 0.0347656 0.04375
0 0.156934 0.0943359 0.0876953 0.101562
0 0.909375 0.392969 0.125 0.110937
0 0.445703 0.086853 0.749219 0.155005
0 0.926172 0.466602 0.147656 0.204297
0 0.926562 0.551856 0.146875 0.394727
0 0.239209 0.0850342 0.250098 0.114697
0 0.829883 0.816406 0.119922 0.0703125
0 0.816211 0.667188 0.367578 0.535937
0 0.973828 0.0394409 0.0523438 0.0738525
0 0.835352 0.681445 0.193359 0.112891
0 0.818359 0.815625 0.363281 0.234375
0 0.925 0.366602 0.15 0.733203
0 0.962891 0.436914 0.0742188 0.0847656
0 0.550586 0.042627 0.166797 0.0749023
0 0.801562 0.736523 0.11875 0.167578
0 0.804492 0.816797 0.100391 0.0695313
0 0.788086 0.823047 0.0550781 0.0554687
0 0.174512 0.27002 0.125586 0.130664
0 0.670117 0.880859 0.0761719 0.0851563
0 0.818555 0.848047 0.362891 0.152344
0 0.12998 0.319043 0.0439453 0.0458984
0 0.8 0.816406 0.0671875 0.059375
0 0.95 0.102686 0.1 0.203223
0 0.376563 0.100854 0.60625 0.163525
0 0.584375 0.214258 0.83125 0.428516
0 0.951953 0.0276611 0.0960938 0.0553223
0 0.799219 0.691016 0.107813 0.0882813
0 0.136719 0.0909668 0.0460938 0.0836914
0 0.461328 0.124146 0.782031 0.218115
0 0.93125 0.382812 0.0515625 0.0789063
0 0.916016 0.414453 0.0507812 0.0398437
0 0.49707 0.0393555 0.0652344 0.0603516
0 0.139111 0.289258 0.0680664 0.0996094
0 0.77793 0.111621 0.0472656 0.0363281
0 0.486719 0.0352783 0.0398437 0.0446777
0 0.775781 0.115918 0.034375 0.0376953
0 0.989062 0.0310059 0.021875 0.0620117
0 0.95 0.395996 0.1 0.0861328
0 0.891406 0.395508 0.134375 0.134766
0 0.958984 0.52207 0.0820312 0.319141
0 0.818555 0.867578 0.362891 0.139844
0 0.134619 0.111621 0.0586914 0.0972656
0 0.900781 0.584961 0.028125 0.0410156
0 0.831641 0.5375 0.0320312 0.0460938
0 0.32373 0.602539 0.0818359 0.0386719
0 0.77832 0.846484 0.157422 0.127344
0 0.130566 0.131299 0.0419922 0.052832
0 0.733984 0.872266 0.191406 0.124219
0 0.206885 0.252783 0.206934 0.181152
0 0.955859 0.435352 0.0882813 0.0839844
0 0.125684 0.31875 0.0326172 0.0378906
0 0.15376 0.304199 0.0956055 0.0830078
0 0.617383 0.108398 0.765234 0.210156
0 0.966797 0.586523 0.0664062 0.0699219
0 0.808594 0.841406 0.132812 0.121875
0 0.131445 0.0952637 0.0369141 0.0625977
0 0.473828 0.0573975 0.155469 0.0973145
0 0.774414 0.121582 0.0949219 0.0814453
0 0.8625 0.639844 0.275 0.579688
0 0.971484 0.0428955 0.0570313 0.0702637
0 0.830859 0.760547 0.157031 0.175781
0 0.921484 0.420898 0.0414063 0.0425781
0 0.938281 0.393262 0.103125 0.0970703
0 0.693164 0.889063 0.130859 0.0609375
0 0.984766 0.459961 0.0304688 0.0433594
0 0.64043 0.576367 0.0300781 0.0503906
0 0.763281 0.701758 0.0421875 0.0582031
0 0.925391 0.330469 0.149219 0.660937
0 0.431836 0.047168 0.164453 0.0783203
0 0.921094 0.406641 0.075 0.0671875
0 0.776953 0.692773 0.0585938 0.0472656
0 0.524805 0.0416382 0.110547 0.0585205
0 0.304492 0.535156 0.153516 0.209375
0 0.826953 0.545703 0.0273438 0.0367188
0 0.782617 0.708594 0.0800781 0.0859375
0 0.267676 0.358496 0.0478516 0.0447266
0 0.880664 0.304102 0.238672 0.530859
0 0.278809 0.443359 0.314258 0.478125
0 0.783984 0.111914 0.0382813 0.0361328
0 0.964844 0.502344 0.0703125 0.255469
0 0.925 0.293945 0.15 0.415234
0 0.2375 0.110107 0.230469 0.0893555
0 0.986328 0.0281738 0.0273438 0.0563477
0 0.813672 0.819531 0.0601563 0.0640625
0 0.205176 0.18335 0.206445 0.298535
0 0.926562 0.421289 0.05 0.0457031
0 0.895703 0.37373 0.208594 0.205664
0 0.269727 0.35 0.0460938 0.0429688
0 0.355859 0.0847046 0.552344 0.148364
0 0.234668 0.0973389 0.0365234 0.0516113
0 0.339063 0.0829346 0.254688 0.134521
0 0.905469 0.0407715 0.189063 0.081543
0 0.764063 0.716406 0.04375 0.0617188
0 0.904297 0.433203 0.166406 0.0914062
0 0.291895 0.611719 0.10957 0.0726563
0 0.587109 0.151074 0.825781 0.291211
0 0.746094 0.721094 0.242188 0.385938
0 0.697656 0.250391 0.604688 0.500781
0 0.424023 0.466797 0.0417969 0.0671875
0 0.779688 0.714063 0.328125 0.423438
0 0.301465 0.497852 0.182227 0.296484
0 0.431641 0.466016 0.0359375 0.0664062
0 0.785742 0.697266 0.0832031 0.0648438
0 0.155273 0.110547 0.0820312 0.0953125
0 0.349609 0.593945 0.134375 0.0785156
0 0.783789 0.117383 0.0386719 0.0417969
0 0.810156 0.814844 0.0671875 0.0578125
0 0.261914 0.36084 0.0386719 0.0384766
0 0.293652 0.634375 0.104492 0.102344
0 0.485156 0.0405396 0.0414063 0.0517334
0 0.811914 0.764844 0.133984 0.170313
0 0.844922 0.8125 0.117969 0.0796875
0 0.967188 0.572266 0.065625 0.0867188
0 0.452148 0.0467773 0.139453 0.0732422
0 0.779492 0.817578 0.123828 0.0742188
0 0.826172 0.538477 0.0351562 0.0464844
0 0.84043 0.661133 0.200391 0.126172
0 0.609766 0.273828 0.780469 0.547656
0 0.816016 0.753711 0.367969 0.362891
0 0.828125 0.841797 0.148438 0.146094
0 0.318359 0.102539 0.217188 0.116797
0 0.913281 0.420508 0.0421875 0.0417969
0 0.791016 0.827344 0.0617188 0.0578125
0 0.563867 0.790625 0.0410156 0.0828125
0 0.694531 0.193555 0.610938 0.387109
0 0.941797 0.508203 0.116406 0.222656
0 0.941016 0.53418 0.111719 0.175391
0 0.785156 0.742773 0.0953125 0.145703
0 0.232275 0.436816 0.240137 0.473242
0 0.50293 0.041626 0.0941406 0.0624512
0 0.960938 0.486523 0.078125 0.257422
0 0.543555 0.0876709 0.179297 0.159814
0 0.873047 0.414355 0.117969 0.101758
0 0.7 0.892969 0.109375 0.04375
0 0.468359 0.0444092 0.139063 0.0709473
0 0.256543 0.0881348 0.184961 0.109277
0 0.961328 0.568262 0.0773438 0.410352
0 0.832812 0.795508 0.11875 0.105859
0 0.799609 0.826172 0.0648438 0.0617188
0 0.292578 0.586914 0.114453 0.0925781
0 0.308887 0.602344 0.0666016 0.0351562
0 0.806836 0.79375 0.106641 0.109375
0 0.979688 0.0413574 0.040625 0.0827148
0 0.763086 0.119092 0.0878906 0.0852539
0 0.241016 0.106738 0.0535156 0.0650391
0 0.816406 0.717188 0.367188 0.434375
0 0.125049 0.122021 0.0336914 0.0526367
0 0.17373 0.222803 0.164258 0.268848
0 0.985547 0.46875 0.0289063 0.0609375
0 0.325586 0.442285 0.355078 0.539648
0 0.984766 0.467578 0.0304688 0.0507812
0 0.958594 0.37334 0.0828125 0.126758
0 0.279883 0.388184 0.395703 0.638477
0 0.129639 0.141797 0.047168 0.0632813
0 0.968359 0.0322266 0.0632813 0.0619141
0 0.124414 0.312793 0.0369141 0.0447266
0 0.932031 0.393359 0.08125 0.0960938
0 0.960938 0.499219 0.078125 0.232813
0 0.654492 0.585938 0.0902344 0.100781
0 0.240479 0.498828 0.21709 0.313281
0 0.674805 0.859375 0.0878906 0.121875
0 0.84043 0.259375 0.319141 0.505469
0 0.927344 0.37168 0.028125 0.0410156
0 0.78418 0.690039 0.0816406 0.0816406
0 0.708789 0.284668 0.582422 0.505664
0 0.776367 0.0864746 0.0972656 0.123535
0 0.901563 0.602148 0.176563 0.166797
0 0.988281 0.0424316 0.0234375 0.0848633
0 0.904297 0.583789 0.0335938 0.0527344
0 0.661133 0.889844 0.0402344 0.0453125
0 0.298047 0.610352 0.05 0.0425781
0 0.315039 0.612305 0.0675781 0.0496094
0 0.748438 0.802734 0.214062 0.275781
0 0.696484 0.804492 0.203906 0.267578
0 0.772656 0.808789 0.273438 0.285547
0 0.19917 0.144482 0.196973 0.255566
0 0.692578 0.885938 0.101562 0.0859375
0 0.7625 0.703516 0.05 0.0734375
0 0.175244 0.105713 0.128809 0.139355
0 0.825391 0.542383 0.0398437 0.0550781
0 0.937109 0.433789 0.122656 0.0996094
0 0.421875 0.470313 0.0476562 0.0609375
0 0.692773 0.863672 0.103516 0.132031
0 0.75918 0.710938 0.0347656 0.0546875
0 0.725391 0.85625 0.171094 0.153125
0 0.203857 0.190039 0.204004 0.319141
0 0.430859 0.469336 0.0351562 0.0636719
0 0.765234 0.701758 0.0445313 0.0605469
0 0.167871 0.163672 0.146289 0.284766
0 0.823828 0.54707 0.0289063 0.0378906
0 0.183691 0.137549 0.161523 0.196777
0 0.682031 0.884766 0.0828125 0.0820312
0 0.828516 0.539648 0.0351562 0.0511719
0 0.758398 0.720117 0.0316406 0.0464844
0 0.229053 0.11814 0.256738 0.20708
0 0.694727 0.917578 0.108984 0.146094
0 0.67793 0.887109 0.101172 0.0679687
0 0.766406 0.700781 0.0671875 0.0859375
0 0.760352 0.711133 0.0527344 0.0769531
0 0.223193 0.162305 0.25127 0.291016
0 0.154199 0.0899658 0.0904297 0.119092
0 0.675195 0.892188 0.0847656 0.0609375
0 0.81875 0.806641 0.3625 0.302344
0 0.204346 0.112207 0.203027 0.193164
0 0.760547 0.851367 0.230469 0.183203
0 0.154297 0.104468 0.09375 0.125049
0 0.766211 0.694141 0.0613281 0.0796875
0 0.70918 0.810938 0.212891 0.248438
0 0.780078 0.707617 0.0789063 0.0839844
0 0.934766 0.419336 0.111719 0.0832031
0 0.944141 0.431836 0.111719 0.100391
0 0.751367 0.794336 0.222266 0.289453
0 0.853516 0.293262 0.292969 0.56582
0 0.322754 0.607617 0.0888672 0.0683594
0 0.730273 0.830469 0.175391 0.189063
0 0.138037 0.100903 0.071582 0.124365
0 0.774219 0.870117 0.276563 0.209766
0 0.664062 0.886719 0.065625 0.05625
0 0.663086 0.890625 0.0566406 0.05625
0 0.907422 0.433789 0.110156 0.0925781
0 0.774219 0.794141 0.275 0.305469
0 0.126514 0.0981201 0.0483398 0.0947754
0 0.792578 0.70957 0.103906 0.0949219
0 0.854688 0.266797 0.290625 0.533594
0 0.432422 0.46543 0.0296875 0.0644531
0 0.684961 0.894922 0.0878906 0.0554687
0 0.911328 0.423047 0.0679687 0.053125
0 0.824219 0.540039 0.034375 0.0472656
0 0.908594 0.423828 0.05625 0.0515625
0 0.327734 0.608008 0.0585938 0.0425781
0 0.209619 0.10271 0.197949 0.142041
0 0.727148 0.872266 0.176953 0.147656
0 0.317285 0.608203 0.0708984 0.0414063
0 0.76582 0.706836 0.0621094 0.0894531
0 0.171973 0.120581 0.149023 0.228369
0 0.828125 0.539062 0.059375 0.0742188
0 0.227734 0.195898 0.266406 0.343359
0 0.167725 0.195361 0.159473 0.334277
0 0.828125 0.535352 0.065625 0.0683594
0 0.944141 0.418555 0.111719 0.0800781
0 0.321777 0.601758 0.0751953 0.0410156
0 0.669336 0.883594 0.0769531 0.0921875
0 0.420312 0.466016 0.05625 0.0664062
0 0.13584 0.121265 0.0724609 0.152393
0 0.758203 0.154102 0.0804688 0.109766
0 0.780859 0.729688 0.0851563 0.120313
0 0.173242 0.0888428 0.11875 0.122314
0 0.927344 0.464648 0.145313 0.162891
0 0.793164 0.700781 0.104297 0.090625
0 0.691406 0.887891 0.120313 0.0679687
0 0.759375 0.140527 0.0828125 0.10293
0 0.907031 0.416699 0.0953125 0.0892578
0 0.767578 0.710547 0.0742188 0.102344
0 0.310937 0.608789 0.0820312 0.0746094
0 0.696094 0.845898 0.107813 0.161328
0 0.129736 0.101831 0.0717773 0.121533
0 0.206445 0.236621 0.208984 0.38457
0 0.713281 0.781836 0.185938 0.316016
0 0.683008 0.867969 0.0871094 0.114063
0 0.797656 0.752734 0.117188 0.192969
0 0.817187 0.786719 0.365625 0.34375
0 0.674609 0.897656 0.0859375 0.065625
0 0.911328 0.391699 0.103906 0.138477
0 0.317969 0.602539 0.0949219 0.0410156
0 0.745703 0.722656 0.221094 0.426563
0 0.919922 0.422852 0.0710938 0.0574219
0 0.764844 0.725781 0.0625 0.120313
0 0.670117 0.861328 0.0847656 0.130469
0 0.272656 0.114746 0.351562 0.196289
0 0.859766 0.125879 0.280469 0.251758
0 0.880469 0.564258 0.139063 0.123047
0 0.324121 0.596484 0.0900391 0.0671875
0 0.934766 0.506641 0.130469 0.25625
0 0.64707 0.804688 0.255078 0.265625
0 0.432227 0.483203 0.0292969 0.0414063
0 0.817773 0.86543 0.364453 0.244141
0 0.303613 0.111987 0.137305 0.112354
0 0.933984 0.395898 0.110156 0.131641
0 0.782422 0.786719 0.0960938 0.245312
0 0.130908 0.0870361 0.0645508 0.112451
0 0.892578 0.390332 0.142969 0.153711
0 0.642383 0.81875 0.198828 0.2125
0 0.757031 0.900781 0.232813 0.198437
0 0.430078 0.466992 0.0492188 0.0808594
0 0.859375 0.221094 0.28125 0.442188
0 0.760938 0.704688 0.0390625 0.0570313
0 0.562109 0.782031 0.0367188 0.0984375
0 0.127002 0.108154 0.0463867 0.096582
0 0.958594 0.41709 0.0828125 0.0986328
0 0.683203 0.900781 0.0828125 0.05625
0 0.278906 0.16377 0.363281 0.295117
0 0.770508 0.15166 0.0996094 0.146289
0 0.135645 0.155762 0.0771484 0.211523
0 0.944531 0.448438 0.110937 0.134375
0 0.839063 0.555469 0.065625 0.110937
0 0.211279 0.133545 0.208301 0.182129
0 0.752344 0.721484 0.0273438 0.040625
0 0.230811 0.244922 0.275098 0.422656
0 0.911328 0.417383 0.0804688 0.0488281
0 0.770508 0.176758 0.102734 0.182031
0 0.76582 0.687109 0.0683594 0.105469
0 0.898047 0.585547 0.0257812 0.0398437
0 0.238379 0.108374 0.242773 0.124072
0 0.279199 0.324316 0.393164 0.585742
0 0.857422 0.561914 0.0945313 0.109766
0 0.349707 0.608008 0.144336 0.0910156
0 0.803516 0.779297 0.128906 0.233594
0 0.678906 0.871484 0.122656 0.0867188
0 0.838672 0.533789 0.0710938 0.0980469
0 0.128662 0.297266 0.0588867 0.0929688
0 0.910547 0.42793 0.0742188 0.0730469
0 0.666992 0.883594 0.0816406 0.0546875
0 0.827539 0.701563 0.177734 0.142969
0 0.312109 0.0872559 0.171094 0.155371
0 0.411035 0.460938 0.0810547 0.0859375
0 0.991406 0.023877 0.0171875 0.0477539
0 0.985938 0.0290527 0.028125 0.0581055
0 0.86875 0.389062 0.16875 0.155469
0 0.744727 0.84082 0.176172 0.152734
0 0.850391 0.119629 0.283594 0.239258
0 0.823828 0.549414 0.0289063 0.0402344
0 0.491797 0.532031 0.028125 0.0492188
0 0.3125 0.592578 0.0851563 0.0765625
0 0.859961 0.159863 0.280078 0.319727
0 0.926172 0.0431152 0.147656 0.0862305
0 0.902344 0.430078 0.0671875 0.0640625
0 0.758203 0.175 0.0820312 0.132812
0 0.905078 0.425781 0.0554687 0.0492188
0 0.209961 0.0831787 0.196094 0.127393
0 0.281445 0.115454 0.110547 0.101123
0 0.771484 0.115259 0.102344 0.18667
0 0.881641 0.549414 0.141406 0.132422
0 0.27998 0.255371 0.388477 0.463477
0 0.831055 0.607031 0.337891 0.403125
0 0.946094 0.392285 0.107813 0.138867
0 0.328613 0.60625 0.0642578 0.0453125
0 0.186621 0.158057 0.179883 0.230762
0 0.76543 0.705859 0.0488281 0.0632813
0 0.432813 0.469141 0.03125 0.05625
0 0.827734 0.541797 0.0351562 0.0460938
0 0.563281 0.785352 0.0359375 0.0902344
0 0.830078 0.538672 0.0320312 0.046875
0 0.717773 0.420898 0.0316406 0.0605469
0 0.953906 0.43125 0.0921875 0.1
0 0.562695 0.778516 0.0332031 0.0960938
0 0.425 0.470117 0.0398437 0.0589844
0 0.156445 0.0969971 0.0828125 0.141162
0 0.175586 0.104541 0.126172 0.158496
0 0.758203 0.152441 0.0804688 0.107617
0 0.759766 0.139844 0.0804688 0.0898438
0 0.960156 0.433008 0.0796875 0.0816406
0 0.246582 0.413867 0.0318359 0.0425781
0 0.770312 0.70332 0.0390625 0.0542969
0 0.247949 0.418555 0.0279297 0.0410156
0 0.432813 0.463477 0.0265625 0.0550781
0 0.763867 0.711133 0.0503906 0.0699219
0 0.24873 0.419531 0.0373047 0.0484375
0 0.280273 0.156348 0.337109 0.285742
0 0.727539 0.858594 0.182422 0.142188
0 0.691211 0.883984 0.106641 0.0898438
0 0.759766 0.801562 0.227344 0.265625
0 0.761523 0.710547 0.0363281 0.0515625
0 0.769141 0.703125 0.0648438 0.0742188
0 0.332617 0.606055 0.0410156 0.0394531
0 0.681641 0.885938 0.0929688 0.0734375
0 0.824609 0.539062 0.0320312 0.04375
0 0.210547 0.154639 0.2 0.283691
0 0.140869 0.1021 0.050293 0.12041
0 0.226514 0.152197 0.23916 0.281543
0 0.714258 0.413086 0.0300781 0.0753906
0 0.770312 0.700586 0.0578125 0.0589844
0 0.565039 0.793555 0.0371094 0.0707031
0 0.141113 0.0912109 0.0486328 0.118359
0 0.96875 0.420703 0.0625 0.090625
0 0.835156 0.536914 0.0546875 0.0535156
0 0.454492 0.863281 0.153516 0.11875
0 0.929688 0.628906 0.140625 0.23125
0 0.824219 0.544336 0.028125 0.0339844
0 0.69375 0.917578 0.115625 0.147656
0 0.153613 0.0867432 0.0818359 0.129248
0 0.279541 0.13772 0.332324 0.255811
0 0.953125 0.446289 0.09375 0.126172
0 0.332031 0.600195 0.0300781 0.0355469
0 0.955078 0.417773 0.0898438 0.0792969
0 0.432422 0.468555 0.0398437 0.0722656
0 0.954297 0.585352 0.0914062 0.208203
0 0.325098 0.605859 0.0416016 0.0382813
0 0.426563 0.464648 0.0367188 0.0566406
0 0.76875 0.115161 0.103125 0.189209
0 0.325586 0.600391 0.0519531 0.0359375
0 0.719531 0.433984 0.0273438 0.0367188
0 0.953906 0.606836 0.0921875 0.251953
0 0.830859 0.54043 0.0554687 0.0621094
0 0.761523 0.105347 0.0878906 0.148682
0 0.677539 0.892969 0.0871094 0.0484375
0 0.543555 0.444141 0.0246094 0.0398437
0 0.688281 0.889844 0.113281 0.0578125
0 0.866406 0.607617 0.267188 0.455078
0 0.760352 0.718359 0.0339844 0.04375
0 0.682422 0.904688 0.103125 0.0984375
0 0.753906 0.140918 0.071875 0.0990234
0 0.691211 0.866797 0.108203 0.121094
0 0.677148 0.889844 0.106641 0.0578125
0 0.81875 0.705078 0.3625 0.505469
0 0.13252 0.100098 0.0400391 0.0972656
0 0.237012 0.412305 0.0474609 0.0519531
0 0.952734 0.504687 0.0945313 0.260938
0 0.137891 0.152002 0.0820312 0.258496
0 0.817773 0.76543 0.364453 0.392578
0 0.338477 0.320703 0.459766 0.594531
0 0.685938 0.895703 0.0851563 0.0445313
0 0.928125 0.71875 0.14375 0.154688
0 0.206152 0.0997803 0.186133 0.161768
0 0.817578 0.843359 0.364844 0.305469
0 0.1875 0.773828 0.0414063 0.0664062
0 0.140674 0.0952637 0.0686523 0.143848
0 0.972656 0.418555 0.0546875 0.0972656
0 0.828516 0.751172 0.178906 0.210156
0 0.277246 0.311035 0.374414 0.567773
0 0.768164 0.184082 0.104297 0.194336
0 0.734375 0.826563 0.196875 0.192188
0 0.796094 0.767773 0.134375 0.197266
0 0.821289 0.675195 0.357422 0.558984
0 0.33623 0.144189 0.452539 0.26709
0 0.605078 0.618555 0.0273438 0.0457031
0 0.230811 0.123267 0.244238 0.221436
0 0.950391 0.433398 0.0992187 0.0816406
0 0.537891 0.272461 0.0351562 0.0425781
0 0.926953 0.654688 0.146094 0.196875
0 0.852539 0.408203 0.294922 0.816406
0 0.851367 0.357129 0.297266 0.706836
0 0.546484 0.270703 0.0382813 0.0441406
0 0.768164 0.162012 0.101172 0.161914
0 0.329395 0.604883 0.0564453 0.0425781
0 0.818359 0.812891 0.363281 0.303906
0 0.60625 0.622461 0.0265625 0.0457031
0 0.433984 0.459961 0.0351562 0.0863281
0 0.779297 0.381934 0.0351562 0.0384766
0 0.249902 0.416211 0.0353516 0.0488281
0 0.742383 0.142725 0.0472656 0.0891602
0 0.772266 0.382422 0.0273438 0.0320312
0 0.542969 0.436914 0.0273438 0.0488281
0 0.794141 0.712695 0.111719 0.108203
0 0.807617 0.757031 0.141016 0.2
0 0.536133 0.445703 0.0246094 0.0335938
0 0.568359 0.807422 0.0289063 0.0398437
0 0.828516 0.709375 0.180469 0.117188
0 0.809375 0.76582 0.140625 0.202734
0 0.962891 0.430762 0.0742188 0.11582
0 0.954688 0.576172 0.090625 0.113281
0 0.768945 0.105225 0.101172 0.177051
0 0.137402 0.145557 0.075 0.232715
0 0.857422 0.125903 0.282031 0.251709
0 0.181152 0.138672 0.145508 0.228906
0 0.315332 0.605664 0.0462891 0.0363281
0 0.71875 0.439063 0.028125 0.040625
0 0.942969 0.420215 0.114063 0.0978516
0 0.79375 0.698633 0.109375 0.0824219
0 0.432813 0.479688 0.0296875 0.0421875
0 0.788477 0.741016 0.104297 0.142969
0 0.971875 0.428125 0.05625 0.0945313
0 0.281641 0.132227 0.116016 0.104297
0 0.191064 0.78125 0.0389648 0.0640625
0 0.758594 0.171387 0.0828125 0.156836
0 0.565625 0.763867 0.0257812 0.0472656
0 0.821094 0.356152 0.0296875 0.0626953
0 0.142432 0.678516 0.0499023 0.0554687
0 0.142676 0.085376 0.0673828 0.13667
0 0.949219 0.510547 0.101562 0.221094
0 0.825391 0.345801 0.0335938 0.0677734
0 0.712109 0.419531 0.034375 0.0585938
0 0.53418 0.436328 0.0269531 0.0421875
0 0.340723 0.156543 0.454492 0.290039
0 0.95 0.40498 0.1 0.117383
0 0.699023 0.845117 0.124609 0.159766
0 0.963281 0.485352 0.0734375 0.216797
0 0.668164 0.890625 0.0691406 0.0484375
0 0.487305 0.876563 0.107422 0.0765625
0 0.241113 0.407227 0.0380859 0.0457031
0 0.934375 0.61875 0.13125 0.233594
0 0.711719 0.410352 0.0296875 0.0574219
0 0.926562 0.690039 0.146875 0.142578
0 0.838281 0.581836 0.320312 0.403516
0 0.319531 0.600195 0.0625 0.0347656
0 0.943359 0.436133 0.113281 0.103516
0 0.80332 0.81875 0.329297 0.292188
0 0.806055 0.851953 0.337891 0.296094
0 0.897266 0.583984 0.0273438 0.0367188
0 0.283105 0.259766 0.368164 0.480469
0 0.282617 0.198779 0.352734 0.359473
0 0.815625 0.35293 0.0546875 0.0871094
0 0.76875 0.711328 0.0765625 0.0960938
0 0.530859 0.237793 0.0867188 0.119727
0 0.30918 0.0866211 0.174609 0.170508
0 0.804883 0.359863 0.0808594 0.0904297
0 0.297559 0.130688 0.124414 0.112061
0 0.780273 0.702734 0.0722656 0.078125
0 0.328906 0.0856934 0.222656 0.166699
0 0.74707 0.137305 0.0683594 0.105078
0 0.923047 0.420312 0.0445313 0.0460938
0 0.326855 0.106665 0.204102 0.142139
0 0.746094 0.152588 0.065625 0.119824
0 0.977344 0.0388672 0.0453125 0.0777344
0 0.954688 0.500391 0.090625 0.232031
0 0.780664 0.708008 0.0792969 0.0847656
0 0.695898 0.896484 0.0777344 0.0414063
0 0.829883 0.761328 0.166797 0.213281
0 0.40918 0.468945 0.0613281 0.0621094
0 0.197559 0.271289 0.0298828 0.0347656
0 0.941016 0.398633 0.117969 0.154297
0 0.805469 0.337402 0.0875 0.123633
0 0.322461 0.607031 0.0851563 0.0578125
0 0.297559 0.109814 0.122852 0.126074
0 0.279004 0.0881348 0.132227 0.172168
0 0.824609 0.549219 0.0414063 0.05625
0 0.740039 0.548047 0.0496094 0.0460938
0 0.550391 0.27002 0.040625 0.0447266
0 0.677344 0.898438 0.084375 0.0546875
0 0.885547 0.693555 0.0617188 0.0683594
0 0.172021 0.160498 0.134473 0.292285
0 0.150391 0.0529053 0.0492188 0.0734863
0 0.541602 0.449805 0.0269531 0.0488281
0 0.244922 0.424805 0.0453125 0.0589844
0 0.758203 0.206641 0.0820312 0.151953
0 0.682227 0.873047 0.0964844 0.0976562
0 0.411621 0.404492 0.102539 0.205078
0 0.8625 0.561133 0.275 0.369141
0 0.740039 0.556641 0.0402344 0.0476562
0 0.718555 0.418359 0.0472656 0.0789063
0 0.788867 0.383984 0.0628906 0.0414063
0 0.846289 0.408203 0.307422 0.816406
0 0.411523 0.464844 0.0660156 0.0617188
0 0.423828 0.412109 0.0890625 0.196875
0 0.954297 0.112793 0.0914062 0.22207
0 0.303516 0.605859 0.040625 0.034375
0 0.896875 0.570898 0.178125 0.134766
0 0.605273 0.628711 0.0269531 0.0535156
0 0.759961 0.0988037 0.0941406 0.172314
0 0.533203 0.424414 0.028125 0.0535156
0 0.56875 0.790625 0.0382813 0.132812
0 0.685938 0.900391 0.08125 0.0523438
0 0.85293 0.117944 0.275391 0.233252
0 0.132227 0.110498 0.0388672 0.0891602
0 0.229248 0.182275 0.25166 0.329199
0 0.513281 0.238623 0.107813 0.127832
0 0.132715 0.0901611 0.040625 0.0858887
0 0.905859 0.521484 0.188281 0.205469
0 0.72168 0.414062 0.0433594 0.09375
0 0.712695 0.442188 0.0308594 0.0421875
0 0.914453 0.420898 0.0445313 0.0441406
0 0.706641 0.681641 0.0296875 0.0476562
0 0.571094 0.77832 0.0335938 0.144922
0 0.153955 0.159131 0.107715 0.261035
0 0.534961 0.277148 0.0652344 0.0636719
0 0.126318 0.349805 0.0348633 0.0941406
0 0.734766 0.553516 0.025 0.0320312
0 0.412598 0.405664 0.10918 0.204297
0 0.698633 0.890234 0.113672 0.0554687
0 0.54668 0.263379 0.0300781 0.0357422
0 0.526953 0.278613 0.0523438 0.0533203
0 0.480469 0.889063 0.0898438 0.05625
0 0.823438 0.347852 0.028125 0.0488281
0 0.717383 0.431445 0.0464844 0.0605469
0 0.771484 0.195459 0.114844 0.219629
0 0.782813 0.117627 0.0296875 0.0432617
0 0.455859 0.849219 0.15625 0.132812
0 0.49375 0.889453 0.0851563 0.0585938
0 0.200684 0.270996 0.0396484 0.0419922
0 0.669922 0.887891 0.0835937 0.0492188
0 0.972266 0.0472168 0.0554687 0.0930664
0 0.932813 0.421094 0.05 0.05
0 0.808984 0.383105 0.0335938 0.0408203
0 0.757031 0.134863 0.0671875 0.0908203
0 0.140332 0.312109 0.0736328 0.0492188
0 0.896094 0.608984 0.18125 0.19375
0 0.788281 0.362402 0.096875 0.0908203
0 0.764453 0.708203 0.0570313 0.0859375
0 0.802344 0.823047 0.06875 0.0539063
0 0.137354 0.109717 0.0598633 0.113379
0 0.674805 0.865234 0.0972656 0.119531
0 0.670313 0.885938 0.084375 0.084375
0 0.858789 0.680371 0.282422 0.617383
0 0.779883 0.697852 0.0714844 0.0621094
0 0.550781 0.435352 0.0578125 0.0535156
0 0.247998 0.0891602 0.222363 0.173633
0 0.934766 0.117285 0.130469 0.23457
0 0.139941 0.206738 0.0701172 0.0900391
0 0.143164 0.682031 0.05 0.0578125
0 0.747266 0.107251 0.0945313 0.179248
0 0.819531 0.819922 0.084375 0.0742188
0 0.807813 0.822266 0.0953125 0.0648438
0 0.156494 0.145264 0.0913086 0.241113
0 0.924609 0.414648 0.0507812 0.0402344
0 0.787891 0.312598 0.117969 0.18418
0 0.951172 0.554883 0.0976562 0.136328
0 0.455176 0.15459 0.699023 0.297852
0 0.141455 0.0756836 0.0493164 0.101953
0 0.794727 0.375977 0.0730469 0.0464844
0 0.42793 0.475781 0.0527344 0.0664062
0 0.899219 0.584375 0.0390625 0.0507812
0 0.238672 0.416602 0.0414063 0.0503906
0 0.247266 0.832812 0.0773438 0.0453125
0 0.978906 0.0416016 0.0421875 0.0832031
0 0.764648 0.826172 0.234766 0.260156
0 0.530078 0.25791 0.084375 0.0849609
0 0.870898 0.511133 0.256641 0.266016
0 0.233301 0.106885 0.214648 0.147949
0 0.733008 0.413672 0.0714844 0.09375
0 0.743945 0.201563 0.0714844 0.15625
0 0.938672 0.523633 0.122656 0.219141
0 0.917969 0.714844 0.159375 0.121875
0 0.639648 0.813672 0.191016 0.227344
0 0.537305 0.450391 0.0261719 0.0414063
0 0.758594 0.244531 0.0304688 0.0464844
0 0.786719 0.298633 0.128125 0.210547
0 0.444727 0.864453 0.141797 0.125781
0 0.533984 0.354395 0.0265625 0.0353516
0 0.175195 0.0928223 0.124219 0.149512
0 0.280957 0.161426 0.12832 0.173242
0 0.395898 0.458008 0.0269531 0.0402344
0 0.281836 0.118579 0.111328 0.0995606
0 0.494922 0.897656 0.0492188 0.0421875
0 0.871484 0.610352 0.133594 0.194141
0 0.546289 0.443945 0.0449219 0.0582031
0 0.31123 0.610352 0.0783203 0.0660156
0 0.137256 0.144629 0.0821289 0.234961
0 0.782031 0.796875 0.273438 0.276563
0 0.765039 0.690625 0.0667969 0.096875
0 0.928125 0.524219 0.14375 0.296875
0 0.941016 0.513477 0.117969 0.244922
0 0.786719 0.376953 0.059375 0.04375
0 0.323438 0.6125 0.0625 0.0539063
0 0.233984 0.0967773 0.0292969 0.0419922
0 0.942578 0.233789 0.0273438 0.0453125
0 0.762695 0.705664 0.0386719 0.0566406
0 0.256543 0.834766 0.0802734 0.0429688
0 0.906641 0.513867 0.186719 0.238672
0 0.765039 0.707812 0.0449219 0.0671875
0 0.141553 0.0901855 0.0526367 0.116113
0 0.765234 0.713477 0.0492188 0.0777344
0 0.137891 0.151709 0.0855469 0.236426
0 0.132471 0.102002 0.0458008 0.108301
0 0.140674 0.101636 0.0545898 0.118994
0 0.154834 0.100659 0.0860352 0.126025
0 0.157129 0.088208 0.0896484 0.132959
0 0.827344 0.541211 0.0328125 0.0496094
0 0.691406 0.889063 0.107031 0.103125
0 0.726562 0.859375 0.178125 0.148438
0 0.96875 0.430859 0.0625 0.104688
0 0.69375 0.920313 0.113281 0.15
0 0.145654 0.158936 0.114941 0.248535
0 0.136182 0.143604 0.075293 0.219043
0 0.768555 0.705469 0.0550781 0.0757812
0 0.133105 0.0896729 0.0451172 0.0890137
0 0.964063 0.430859 0.071875 0.1125
0 0.829297 0.538672 0.0289063 0.0523438
0 0.760352 0.717969 0.0355469 0.0515625
0 0.173926 0.106519 0.127539 0.154932
0 0.761914 0.711328 0.0355469 0.0585938
0 0.14209 0.0776855 0.0517578 0.0995117
0 0.139063 0.0975586 0.0707031 0.128516
0 0.666016 0.893359 0.0578125 0.0617188
0 0.131641 0.108765 0.0445313 0.102197
0 0.675391 0.895703 0.078125 0.0648438
0 0.692578 0.86875 0.111719 0.134375
0 0.824609 0.542969 0.0289063 0.0375
0 0.961328 0.410645 0.0773438 0.139648
0 0.973047 0.431445 0.0539063 0.132422
0 0.832812 0.541992 0.046875 0.0683594
0 0.835547 0.535742 0.0445313 0.0597656
0 0.975781 0.42832 0.0484375 0.113672
0 0.141406 0.0837891 0.0699219 0.142383
0 0.171436 0.0862549 0.12041 0.154053
0 0.830469 0.708008 0.184375 0.113672
0 0.891016 0.570898 0.163281 0.141016
0 0.149609 0.14458 0.0976562 0.232324
0 0.143799 0.0906006 0.0764648 0.120557
0 0.669336 0.888672 0.0652344 0.0601563
0 0.768555 0.714453 0.0722656 0.0976562
0 0.717773 0.422852 0.0308594 0.0675781
0 0.75957 0.138232 0.0839844 0.0860352
0 0.978125 0.413867 0.04375 0.0910156
0 0.74375 0.796094 0.196875 0.251563
0 0.971484 0.417773 0.0570313 0.0785156
0 0.432813 0.471094 0.0304688 0.0570313
0 0.766016 0.710352 0.0585938 0.0902344
0 0.718359 0.798633 0.149219 0.254297
0 0.67793 0.889063 0.0910156 0.06875
0 0.825 0.539258 0.0328125 0.0472656
0 0.794727 0.714063 0.112109 0.0945313
0 0.683594 0.905078 0.09375 0.0992187
0 0.76875 0.814453 0.251563 0.289844
0 0.136328 0.110571 0.065625 0.113623
0 0.68418 0.888281 0.0894531 0.08125
0 0.782031 0.731055 0.0828125 0.117578
0 0.9625 0.445117 0.075 0.139453
0 0.972266 0.47168 0.0554687 0.190234
0 0.972656 0.393848 0.0546875 0.188867
0 0.144385 0.0767334 0.0713867 0.110205
0 0.247559 0.418555 0.0291016 0.0441406
0 0.164209 0.16123 0.127051 0.29082
0 0.714063 0.41543 0.0296875 0.0824219
0 0.668945 0.886719 0.0738281 0.0890625
0 0.802539 0.748633 0.130859 0.168359
0 0.674414 0.899609 0.0777344 0.0695313
0 0.825 0.549609 0.0375 0.0601563
0 0.769336 0.7 0.0316406 0.0492188
0 0.188135 0.293506 0.178418 0.35127
0 0.660352 0.885938 0.0402344 0.0515625
0 0.432227 0.463867 0.0269531 0.0597656
0 0.33252 0.600195 0.0298828 0.0339844
0 0.756055 0.130713 0.0738281 0.0821289
0 0.191992 0.15293 0.183984 0.276172
0 0.17002 0.233398 0.15332 0.416016
0 0.775195 0.0947266 0.126172 0.187109
0 0.759961 0.725195 0.0644531 0.102734
0 0.683789 0.897266 0.0753906 0.0554687
0 0.765625 0.727344 0.05625 0.114063
0 0.904688 0.520898 0.184375 0.208984
0 0.958984 0.433398 0.0820312 0.0925781
0 0.672461 0.862109 0.0847656 0.142969
0 0.901563 0.506641 0.178125 0.261719
0 0.900391 0.567383 0.186719 0.389453
0 0.13833 0.147021 0.0854492 0.23252
0 0.772461 0.700195 0.0410156 0.0566406
0 0.767188 0.146826 0.10625 0.10791
0 0.954688 0.579102 0.090625 0.114453
0 0.84043 0.307031 0.303516 0.614062
0 0.951563 0.38623 0.096875 0.197852
0 0.426758 0.471484 0.0339844 0.0578125
0 0.727148 0.876172 0.180078 0.155469
0 0.727148 0.817578 0.176953 0.217969
0 0.775 0.118359 0.03125 0.040625
0 0.757812 0.156348 0.0859375 0.117773
0 0.769531 0.116406 0.114063 0.169922
0 0.98125 0.0396973 0.0375 0.0793945
0 0.719336 0.433398 0.0277344 0.0417969
0 0.220459 0.292285 0.215332 0.525586
0 0.331934 0.604297 0.0384766 0.040625
0 0.886328 0.544727 0.153906 0.173047
0 0.983984 0.415137 0.0320312 0.108789
0 0.860156 0.566406 0.0984375 0.116406
0 0.983594 0.0476074 0.0328125 0.0952148
0 0.688281 0.889453 0.101562 0.0664062
0 0.246484 0.414844 0.0304688 0.0453125
0 0.764258 0.129443 0.0636719 0.0791992
0 0.904297 0.558203 0.186719 0.153906
0 0.140918 0.206445 0.0736328 0.101562
0 0.830859 0.739453 0.185156 0.180469
0 0.780469 0.118701 0.0296875 0.0456055
0 0.849609 0.581836 0.282031 0.395703
0 0.898438 0.59082 0.189063 0.390234
0 0.324316 0.604883 0.0384766 0.0386719
0 0.144727 0.103174 0.0816406 0.12334
0 0.143262 0.0691895 0.0462891 0.0668945
0 0.933203 0.648828 0.132031 0.203125
0 0.672266 0.885156 0.0703125 0.0546875
0 0.683398 0.900781 0.0738281 0.065625
0 0.844141 0.10625 0.285156 0.2125
0 0.169336 0.202881 0.146484 0.362988
0 0.169531 0.267871 0.157422 0.417383
0 0.984375 0.0321777 0.03125 0.0643555
0 0.949219 0.552344 0.101562 0.160938
0 0.177246 0.13999 0.155664 0.229395
0 0.836328 0.560156 0.0554687 0.113281
0 0.829688 0.681836 0.182812 0.142578
0 0.204248 0.0990967 0.183691 0.162354
0 0.714063 0.408203 0.0570313 0.110937
0 0.248926 0.421875 0.0298828 0.0585938
0 0.129199 0.158789 0.0902344 0.288281
0 0.758789 0.124316 0.0636719 0.0603516
0 0.183057 0.3625 0.17998 0.634375
0 0.146875 0.0654541 0.0558594 0.0868652
0 0.7875 0.832422 0.0359375 0.0507812
0 0.93125 0.585547 0.10625 0.078125
0 0.236914 0.412891 0.0441406 0.0515625
0 0.742773 0.132471 0.0542969 0.0805664
0 0.968359 0.440234 0.0632813 0.103906
0 0.829688 0.556055 0.059375 0.0941406
0 0.844141 0.538281 0.0742188 0.0945313
0 0.955859 0.595508 0.0882813 0.142578
0 0.239453 0.419141 0.0367188 0.053125
0 0.330371 0.603125 0.0486328 0.0484375
0 0.778906 0.704883 0.0640625 0.0816406
0 0.758789 0.724414 0.0386719 0.0574219
0 0.771484 0.77207 0.263281 0.355859
0 0.89375 0.589844 0.173438 0.153125
0 0.20415 0.0794922 0.183496 0.158984
0 0.744922 0.136279 0.0695313 0.0981445
0 0.66582 0.898047 0.0644531 0.0648438
0 0.899609 0.0421997 0.200781 0.0788818
0 0.782617 0.713086 0.0785156 0.0855469
0 0.156738 0.139209 0.107617 0.277832
0 0.781055 0.714453 0.0785156 0.103906
0 0.321387 0.600586 0.0326172 0.0339844
0 0.843164 0.559961 0.293359 0.383203
0 0.189258 0.237207 0.181641 0.397461
0 0.722852 0.41582 0.0441406 0.100391
0 0.985938 0.403125 0.028125 0.084375
0 0.942969 0.413086 0.110937 0.163672
0 0.790234 0.832031 0.0398437 0.059375
0 0.545313 0.269336 0.0351562 0.0449219
0 0.71875 0.439063 0.028125 0.04375
0 0.143848 0.169727 0.10957 0.250391
0 0.958203 0.645703 0.0835937 0.185938
0 0.669922 0.905078 0.078125 0.107031
0 0.768555 0.174316 0.111328 0.170898
0 0.729102 0.801758 0.169922 0.252734
0 0.506641 0.0731934 0.0296875 0.0776367
0 0.904688 0.510547 0.184375 0.24375
0 0.432617 0.469727 0.0363281 0.0722656
0 0.842969 0.275879 0.292188 0.551367
0 0.736133 0.416699 0.0738281 0.0978516
0 0.964453 0.419531 0.0664062 0.071875
0 0.703125 0.828125 0.132812 0.217188
0 0.213477 0.371582 0.213281 0.692773
0 0.737695 0.140625 0.0480469 0.0824219
0 0.955859 0.499512 0.0882813 0.261914
0 0.915625 0.583984 0.0734375 0.0703125
0 0.841992 0.152344 0.289453 0.304688
0 0.267969 0.321582 0.367969 0.59668
0 0.536523 0.270996 0.0316406 0.0396484
0 0.870703 0.339453 0.255469 0.678906
0 0.150586 0.056543 0.046875 0.0720703
0 0.932031 0.420312 0.05 0.053125
0 0.990234 0.0227539 0.0195312 0.0455078
0 0.771875 0.381641 0.028125 0.034375
0 0.985156 0.405176 0.0296875 0.0662109
0 0.825 0.548047 0.0296875 0.0414063
0 0.752344 0.779297 0.203125 0.300781
0 0.960938 0.496875 0.078125 0.239063
0 0.976172 0.40957 0.0476562 0.0660156
0 0.844922 0.530859 0.0726563 0.075
0 0.452344 0.395996 0.0304688 0.0494141
0 0.661523 0.881641 0.0449219 0.0507812
0 0.920703 0.419531 0.0414063 0.0476562
0 0.762891 0.129297 0.474219 0.258594
0 0.155566 0.0761475 0.0775391 0.111963
0 0.949219 0.513672 0.101562 0.229687
0 0.759766 0.0897461 0.105469 0.179492
0 0.746875 0.108008 0.0859375 0.164453
0 0.129883 0.143164 0.090625 0.286328
0 0.679102 0.874219 0.109766 0.0875
0 0.125244 0.109814 0.0327148 0.0717773
0 0.797656 0.708008 0.11875 0.103516
0 0.693359 0.902734 0.0679687 0.0632813
0 0.223291 0.139258 0.243262 0.267578
0 0.769922 0.723828 0.0820312 0.108594
0 0.198584 0.14104 0.18916 0.268311
0 0.955469 0.45752 0.08125 0.373242
0 0.775977 0.381543 0.0292969 0.0462891
0 0.831641 0.564844 0.0804688 0.102344
0 0.191455 0.191162 0.185449 0.337598
0 0.970313 0.382617 0.059375 0.223828
0 0.313379 0.605273 0.0419922 0.0378906
0 0.65918 0.890625 0.0402344 0.0515625
0 0.750977 0.137109 0.0824219 0.0949219
0 0.9375 0.120508 0.125 0.241016
0 0.772266 0.836328 0.263281 0.327344
0 0.71875 0.81582 0.16875 0.285547
0 0.841797 0.499121 0.288281 0.268945
0 0.95625 0.629297 0.0875 0.223438
0 0.713867 0.440625 0.0292969 0.0429688
0 0.901563 0.585352 0.0359375 0.0574219
0 0.124609 0.157031 0.0726563 0.240625
0 0.990234 0.394336 0.0195312 0.0613281
0 0.742773 0.152637 0.0644531 0.123633
0 0.736719 0.543359 0.05625 0.0617188
0 0.43418 0.460742 0.0339844 0.0949219
0 0.789062 0.56582 0.128125 0.113672
0 0.554883 0.269141 0.0292969 0.0445313
0 0.154346 0.064502 0.0682617 0.100684
0 0.247363 0.424609 0.0306641 0.05
0 0.897656 0.588672 0.0296875 0.0429688
0 0.9375 0.632812 0.121875 0.225
0 0.155957 0.0891357 0.0845703 0.118604
0 0.835156 0.576172 0.05625 0.1375
0 0.63457 0.810547 0.166797 0.257031
0 0.950781 0.419727 0.059375 0.0597656
0 0.431641 0.41416 0.0757812 0.198242
0 0.1354 0.08125 0.0416992 0.0697266
0 0.694531 0.898047 0.071875 0.0507812
0 0.426953 0.464063 0.034375 0.059375
0 0.711523 0.424609 0.0511719 0.10625
0 0.821094 0.353809 0.0453125 0.0783203
0 0.976172 0.437305 0.0476562 0.112891
0 0.942187 0.38457 0.114063 0.194141
0 0.721094 0.421289 0.0445313 0.0855469
0 0.530859 0.466797 0.0539063 0.0773438
0 0.125098 0.119727 0.0345703 0.0726563
0 0.761523 0.125879 0.0910156 0.105664
0 0.970703 0.0575684 0.0585938 0.115137
0 0.732617 0.144092 0.0292969 0.0508789
0 0.7125 0.420703 0.034375 0.0640625
0 0.911719 0.420508 0.0390625 0.0433594
0 0.432813 0.478516 0.0296875 0.0429688
0 0.786914 0.825781 0.0355469 0.046875
0 0.340527 0.600977 0.0259766 0.0363281
0 0.698633 0.888281 0.104297 0.0671875
0 0.768164 0.795703 0.102734 0.247656
0 0.778906 0.835156 0.040625 0.059375
0 0.787109 0.840625 0.0492188 0.0671875
0 0.9125 0.579688 0.165625 0.128125
0 0.960547 0.428125 0.0726563 0.108594
0 0.965234 0.416406 0.0695313 0.0898438
0 0.766992 0.705273 0.0519531 0.0644531
0 0.140283 0.0884277 0.0610352 0.115723
0 0.134521 0.100977 0.0483398 0.103906
0 0.74707 0.798242 0.204297 0.242578
0 0.139844 0.100464 0.0626953 0.116064
0 0.962109 0.426563 0.0757812 0.102344
0 0.961719 0.418652 0.071875 0.0978516
0 0.831641 0.5375 0.0351562 0.046875
0 0.890234 0.686523 0.219531 0.626953
0 0.817578 0.687207 0.364844 0.625586
0 0.764648 0.710938 0.0597656 0.0789063
0 0.693359 0.886328 0.105469 0.0804688
0 0.971094 0.414355 0.0578125 0.104102
0 0.138428 0.155908 0.0688477 0.227246
0 0.675586 0.889844 0.0800781 0.0640625
0 0.969922 0.429395 0.0601563 0.12168
0 0.954297 0.429102 0.0898438 0.0902344
0 0.955859 0.905078 0.0820312 0.175781
0 0.762109 0.159863 0.0804688 0.158398
0 0.728906 0.857031 0.18125 0.142188
0 0.137988 0.139014 0.0683594 0.205566
0 0.832812 0.534766 0.03125 0.0460938
0 0.769727 0.703516 0.0621094 0.0742188
0 0.834766 0.538086 0.0492188 0.0628906
0 0.67793 0.884766 0.0863281 0.0679687
0 0.13501 0.0910645 0.0473633 0.094043
0 0.837109 0.532617 0.0445313 0.0589844
0 0.139844 0.0964111 0.0644531 0.13999
0 0.916016 0.655273 0.167969 0.564453
0 0.825586 0.689453 0.348828 0.621094
0 0.24834 0.414062 0.0326172 0.0484375
0 0.95625 0.871484 0.08125 0.133594
0 0.133789 0.109424 0.0466797 0.102637
0 0.792773 0.76543 0.122266 0.194141
0 0.775586 0.168115 0.0925781 0.169238
0 0.666992 0.888281 0.0652344 0.0609375
0 0.247852 0.409766 0.0359375 0.0484375
0 0.149854 0.159912 0.0694336 0.249707
0 0.764648 0.708398 0.0363281 0.0582031
0 0.784375 0.11416 0.0390625 0.0435547
0 0.238086 0.408984 0.0441406 0.0546875
0 0.756445 0.75625 0.223047 0.321875
0 0.956641 0.418945 0.0820312 0.0792969
0 0.817187 0.751563 0.365625 0.490625
0 0.669922 0.883203 0.0695313 0.0632813
0 0.936719 0.514453 0.126563 0.266406
0 0.14126 0.0763916 0.0584961 0.110889
0 0.828125 0.54043 0.028125 0.0394531
0 0.960547 0.651563 0.0742188 0.185938
0 0.957031 0.852734 0.0796875 0.141406
0 0.150635 0.14458 0.0682617 0.22959
0 0.7625 0.136084 0.0765625 0.0864258
0 0.248535 0.414648 0.0384766 0.0535156
0 0.971094 0.464063 0.0578125 0.174219
0 0.190186 0.433496 0.186426 0.808008
0 0.785547 0.812109 0.286719 0.285156
0 0.758984 0.831055 0.222656 0.220703
0 0.137354 0.111353 0.0680664 0.113623
0 0.688867 0.886328 0.0988281 0.0664062
0 0.81875 0.855469 0.3625 0.289062
0 0.152148 0.0972412 0.06875 0.142627
0 0.969531 0.425977 0.0609375 0.110547
0 0.781641 0.183691 0.100781 0.187305
0 0.145264 0.0904053 0.0782227 0.121143
0 0.768945 0.130322 0.0761719 0.0928711
0 0.538477 0.268164 0.0339844 0.0453125
0 0.176367 0.11123 0.126953 0.179883
0 0.958984 0.628125 0.0757812 0.164844
0 0.7625 0.714648 0.0375 0.0511719
0 0.69707 0.920703 0.115234 0.158594
0 0.769531 0.714453 0.0765625 0.102344
0 0.138916 0.149219 0.0682617 0.227734
0 0.958203 0.924609 0.0773438 0.147656
0 0.786523 0.115527 0.0519531 0.0544922
0 0.776758 0.114502 0.0339844 0.0430664
0 0.785742 0.111475 0.0363281 0.0358398
0 0.685156 0.891016 0.08125 0.0617188
0 0.172119 0.263086 0.143262 0.475391
0 0.828125 0.536914 0.03125 0.0457031
0 0.172949 0.346094 0.150977 0.638281
0 0.955469 0.824805 0.084375 0.186328
0 0.545508 0.264648 0.0324219 0.0417969
0 0.957031 0.505664 0.0828125 0.273047
0 0.237891 0.41543 0.0445313 0.0566406
0 0.854688 0.69043 0.290625 0.619141
0 0.944141 0.417773 0.0679687 0.0636719
0 0.776172 0.12998 0.0679687 0.0869141
0 0.674414 0.860547 0.117578 0.127344
0 0.178027 0.140381 0.140039 0.231348
0 0.661328 0.882812 0.0460938 0.0515625
0 0.733008 0.830664 0.190234 0.183984
0 0.765039 0.17832 0.0777344 0.175391
0 0.68125 0.884375 0.0828125 0.075
0 0.958984 0.59668 0.0757812 0.129297
0 0.776367 0.696289 0.0378906 0.0535156
0 0.141211 0.203418 0.0738281 0.102539
0 0.534766 0.231104 0.071875 0.134668
0 0.933984 0.416016 0.0460938 0.0492188
0 0.960156 0.446484 0.075 0.146094
0 0.694727 0.864453 0.112891 0.124219
0 0.777539 0.111865 0.0386719 0.0374023
0 0.144727 0.0769775 0.0746094 0.117139
0 0.554883 0.458398 0.0894531 0.103516
0 0.667578 0.883984 0.0875 0.0789063
0 0.152197 0.0822266 0.0729492 0.145313
0 0.76543 0.708984 0.0613281 0.0851563
0 0.971094 0.412012 0.0578125 0.135352
0 0.808008 0.737891 0.343359 0.471094
0 0.829688 0.544922 0.0453125 0.0585938
0 0.942187 0.424707 0.1125 0.112305
0 0.939844 0.430957 0.115625 0.118555
0 0.159766 0.211523 0.115234 0.362891
0 0.775195 0.0890625 0.0933594 0.169531
0 0.941797 0.654492 0.116406 0.566016
0 0.792188 0.111621 0.0421875 0.0384766
0 0.759961 0.13208 0.0753906 0.090918
0 0.773242 0.697461 0.0363281 0.0480469
0 0.22998 0.406836 0.0513672 0.0550781
0 0.172754 0.424316 0.167773 0.779492
0 0.14043 0.0828613 0.0638672 0.149512
0 0.234668 0.40752 0.0634766 0.0841797
0 0.865625 0.645703 0.2625 0.539844
0 0.399609 0.0866211 0.0476562 0.0662109
0 0.21748 0.428516 0.218945 0.805469
0 0.146533 0.10293 0.0823242 0.12207
0 0.780664 0.149658 0.118359 0.294824
0 0.174805 0.0880859 0.123047 0.163672
0 0.194971 0.344629 0.175293 0.626367
0 0.716797 0.796289 0.152344 0.248047
0 0.433789 0.452539 0.0292969 0.0480469
0 0.753906 0.855859 0.2125 0.146094
0 0.145215 0.0666016 0.0458984 0.065625
0 0.432422 0.445117 0.0257812 0.0378906
0 0.148779 0.166455 0.0868164 0.301465
0 0.791602 0.862695 0.301172 0.274609
0 0.839063 0.555273 0.0546875 0.115234
0 0.941016 0.924609 0.108594 0.149219
0 0.905078 0.515234 0.183594 0.296875
0 0.909375 0.574805 0.18125 0.394141
0 0.130762 0.106738 0.0384766 0.0835937
0 0.146094 0.0644775 0.0644531 0.0999512
0 0.926172 0.416406 0.0398437 0.046875
0 0.817773 0.814844 0.364453 0.354688
0 0.779297 0.704492 0.0679687 0.0816406
0 0.833203 0.553125 0.0679687 0.0890625
0 0.904297 0.513086 0.180469 0.251953
0 0.932422 0.574023 0.135156 0.387109
0 0.879297 0.461133 0.241406 0.835547
0 0.96875 0.408008 0.0625 0.0808594
0 0.844922 0.539648 0.0757812 0.0917969
0 0.757812 0.138477 0.0765625 0.0921875
0 0.752734 0.839648 0.213281 0.161328
0 0.729102 0.871484 0.180859 0.147656
0 0.534766 0.274609 0.0664062 0.0726563
0 0.759766 0.725195 0.0742188 0.105859
0 0.137695 0.169287 0.06875 0.209082
0 0.940234 0.687207 0.119531 0.625586
0 0.253418 0.411523 0.0287109 0.0527344
0 0.944922 0.428711 0.0835937 0.0792969
0 0.203955 0.0979492 0.181152 0.160352
0 0.775 0.137207 0.084375 0.0962891
0 0.527734 0.275977 0.0585938 0.0628906
0 0.958984 0.57832 0.0742188 0.113672
0 0.874219 0.27666 0.251563 0.537305
0 0.404102 0.0917969 0.0472656 0.0546875
0 0.333594 0.60293 0.0363281 0.0402344
0 0.869531 0.355371 0.260938 0.633008
0 0.525977 0.270996 0.0566406 0.0541016
0 0.780664 0.733203 0.0792969 0.132031
0 0.658789 0.881641 0.186328 0.0867188
0 0.197363 0.158691 0.177148 0.287305
0 0.870703 0.409082 0.258594 0.753711
0 0.955469 0.793555 0.0859375 0.258203
0 0.534375 0.20625 0.0789063 0.174219
0 0.766016 0.137207 0.0820312 0.0998047
0 0.134424 0.206934 0.0717773 0.0966797
0 0.516211 0.333838 0.144141 0.358887
0 0.939063 0.411523 0.0484375 0.0417969
0 0.40918 0.0853271 0.0496094 0.0648926
0 0.960547 0.673047 0.0742188 0.182031
0 0.545898 0.261328 0.0285156 0.0324219
0 0.136182 0.196289 0.0713867 0.183984
0 0.857813 0.561523 0.084375 0.116797
0 0.860938 0.418262 0.271875 0.744727
0 0.844141 0.530078 0.0695313 0.0703125
0 0.436523 0.428711 0.0574219 0.126953
0 0.953125 0.437695 0.09375 0.100391
0 0.399414 0.0945068 0.0355469 0.0477051
0 0.7 0.886328 0.105469 0.0664062
0 0.551562 0.266016 0.0335938 0.046875
0 0.927734 0.412695 0.0460938 0.0417969
0 0.24541 0.406641 0.0408203 0.05
0 0.146387 0.167676 0.0697266 0.261523
0 0.948828 0.469238 0.102344 0.802148
0 0.934766 0.530078 0.130469 0.324219
0 0.955078 0.410938 0.0898438 0.759375
0 0.787305 0.208887 0.0941406 0.167773
0 0.674805 0.896484 0.0855469 0.0820312
0 0.697461 0.892578 0.0839844 0.0570313
0 0.150439 0.0551147 0.0510742 0.0712158
0 0.136035 0.241943 0.0736328 0.177051
0 0.811523 0.767383 0.148828 0.205859
0 0.780273 0.710547 0.0722656 0.0851563
0 0.932813 0.582812 0.0890625 0.0820312
0 0.867969 0.240625 0.264062 0.48125
0 0.944141 0.878906 0.0929688 0.170313
0 0.135352 0.124756 0.0753906 0.115723
0 0.784961 0.129932 0.0707031 0.0905273
0 0.974219 0.402539 0.0515625 0.0925781
0 0.437109 0.42168 0.0421875 0.0964844
0 0.951172 0.448926 0.0976562 0.774023
0 0.129395 0.115479 0.0369141 0.0817383
0 0.898047 0.587891 0.177344 0.160938
0 0.818164 0.887891 0.363672 0.224219
0 0.942969 0.903906 0.103125 0.189063
0 0.271387 0.426465 0.345508 0.81582
0 0.538086 0.262109 0.0355469 0.0371094
0 0.889063 0.568359 0.154688 0.135156
0 0.939453 0.655664 0.113281 0.208203
0 0.673047 0.882422 0.0789063 0.0585938
0 0.805469 0.750781 0.13125 0.190625
0 0.323047 0.604883 0.0457031 0.0410156
0 0.957031 0.878516 0.0828125 0.0976562
0 0.956641 0.781445 0.0835937 0.265234
0 0.13252 0.119409 0.0476562 0.0979004
0 0.242383 0.420117 0.0488281 0.0707031
0 0.334082 0.601172 0.0404297 0.0453125
0 0.411621 0.0897949 0.0744141 0.065332
0 0.435742 0.450195 0.0535156 0.114453
0 0.761719 0.119727 0.06875 0.0644531
0 0.944922 0.603906 0.0429688 0.0460938
0 0.958594 0.384766 0.0828125 0.171094
0 0.316113 0.417285 0.372461 0.810742
0 0.542188 0.15376 0.0585938 0.084668
0 0.198047 0.233887 0.177734 0.416602
0 0.532617 0.254883 0.0707031 0.0976562
0 0.763867 0.12124 0.0816406 0.0905273
0 0.929297 0.512891 0.139844 0.245312
0 0.781055 0.217139 0.114453 0.361035
0 0.792383 0.116309 0.0605469 0.0609375
0 0.955469 0.603125 0.0734375 0.0601563
0 0.748242 0.142578 0.0925781 0.132812
0 0.724219 0.805078 0.190625 0.252344
0 0.933594 0.597461 0.0703125 0.0550781
0 0.238428 0.314648 0.183691 0.579297
0 0.441797 0.414844 0.0554687 0.110937
0 0.843359 0.803711 0.0492188 0.0644531
0 0.553711 0.207031 0.0917969 0.181641
0 0.204102 0.131934 0.182422 0.214258
0 0.961328 0.498242 0.0757812 0.237109
0 0.904688 0.850391 0.179688 0.299219
0 0.474805 0.314551 0.139453 0.480273
0 0.154883 0.0665527 0.0722656 0.110449
0 0.744141 0.531836 0.0375 0.0542969
0 0.959766 0.721875 0.0742188 0.1625
0 0.951563 0.40918 0.078125 0.0636719
0 0.962109 0.410156 0.0742188 0.075
0 0.975 0.416602 0.05 0.118359
0 0.380859 0.103003 0.0867188 0.120557
0 0.684375 0.895703 0.0835937 0.0820312
0 0.9625 0.437109 0.075 0.10625
0 0.829297 0.745117 0.178906 0.220703
0 0.862305 0.450195 0.275391 0.783984
0 0.380078 0.075415 0.0945313 0.115186
0 0.760938 0.0891602 0.10625 0.172852
0 0.241992 0.423828 0.0605469 0.0710938
0 0.907813 0.580273 0.179688 0.140234
0 0.939063 0.438477 0.107813 0.0980469
0 0.338086 0.108838 0.182422 0.11709
0 0.869336 0.158105 0.261328 0.316211
0 0.759766 0.720313 0.0460938 0.065625
0 0.766016 0.110547 0.0695313 0.0509766
0 0.519922 0.278418 0.0546875 0.0556641
0 0.235156 0.426367 0.0617188 0.113672
0 0.663281 0.88125 0.0515625 0.059375
0 0.147266 0.137939 0.078125 0.269434
0 0.481055 0.871875 0.0503906 0.0875
0 0.759375 0.206055 0.059375 0.0871094
0 0.656445 0.883203 0.0410156 0.0570313
0 0.788086 0.785352 0.151953 0.226172
0 0.964063 0.875 0.071875 0.103125
0 0.418555 0.0837158 0.0675781 0.0661621
0 0.955469 0.508008 0.084375 0.262891
0 0.126855 0.198291 0.0880859 0.365918
0 0.39043 0.0945313 0.0417969 0.0550781
0 0.436133 0.40752 0.0621094 0.162305
0 0.958984 0.758789 0.0773438 0.202734
0 0.39668 0.100708 0.0574219 0.057959
0 0.666602 0.895312 0.0824219 0.075
0 0.43457 0.456836 0.0386719 0.0691406
0 0.766211 0.204297 0.0738281 0.158203
0 0.939453 0.605664 0.0335938 0.0402344
0 0.754492 0.901563 0.219141 0.190625
0 0.433789 0.463086 0.0332031 0.0605469
0 0.774414 0.137598 0.0871094 0.104492
0 0.51582 0.231982 0.0925781 0.140723
0 0.680273 0.876563 0.112109 0.0734375
0 0.137158 0.0829102 0.0436523 0.0835937
0 0.679688 0.887109 0.084375 0.0757812
0 0.168066 0.235059 0.148633 0.433008
0 0.758008 0.135059 0.0761719 0.0892578
0 0.669531 0.889844 0.0679687 0.0609375
0 0.950781 0.381934 0.0984375 0.156445
0 0.766602 0.712109 0.0558594 0.0734375
0 0.952344 0.405078 0.0953125 0.122656
0 0.697266 0.921484 0.117969 0.142969
0 0.133496 0.1021 0.0472656 0.0977539
0 0.675977 0.891406 0.0769531 0.0640625
0 0.775977 0.167187 0.112109 0.162891
0 0.693359 0.891406 0.108594 0.078125
0 0.75625 0.150781 0.078125 0.126953
0 0.140137 0.0882324 0.0630859 0.107715
0 0.829688 0.539453 0.034375 0.0492188
0 0.766602 0.706641 0.0527344 0.0664062
0 0.139404 0.0999756 0.065918 0.110205
0 0.110303 0.383984 0.0637695 0.115625
0 0.66582 0.8875 0.0714844 0.078125
0 0.193213 0.23252 0.195996 0.419336
0 0.717969 0.420508 0.0351562 0.0660156
0 0.761133 0.717188 0.0386719 0.0515625
0 0.675 0.896484 0.0820312 0.0757812
0 0.752344 0.833203 0.215625 0.242969
0 0.248633 0.417773 0.0320312 0.0488281
0 0.841406 0.275586 0.282813 0.389453
0 0.951563 0.372559 0.096875 0.136914
0 0.433984 0.469141 0.0328125 0.0617188
0 0.434375 0.462305 0.03125 0.0652344
0 0.953906 0.429492 0.0921875 0.107422
0 0.328125 0.606055 0.0550781 0.0472656
0 0.826563 0.542969 0.0265625 0.0390625
0 0.134131 0.0908691 0.0479492 0.0891602
0 0.670898 0.884766 0.0699219 0.0585938
0 0.770703 0.139014 0.0992187 0.100879
0 0.433789 0.460742 0.0628906 0.0886719
0 0.660937 0.889063 0.05 0.053125
0 0.939453 0.411914 0.105469 0.115234
0 0.744336 0.794141 0.201953 0.257031
0 0.151416 0.158105 0.102246 0.238867
0 0.345898 0.340918 0.502734 0.641602
0 0.836719 0.539453 0.05 0.0609375
0 0.322754 0.607227 0.0521484 0.0433594
0 0.670117 0.896484 0.0746094 0.0679687
0 0.225146 0.236816 0.262207 0.426367
0 0.132471 0.111011 0.0458008 0.0949707
0 0.716406 0.4125 0.0320312 0.0710938
0 0.449609 0.864062 0.117188 0.110937
0 0.771875 0.703125 0.065625 0.078125
0 0.274609 0.285449 0.377344 0.511133
0 0.23418 0.408105 0.0691406 0.0853516
0 0.762695 0.710352 0.0386719 0.0582031
0 0.677539 0.900391 0.0863281 0.0929688
0 0.837891 0.630273 0.308594 0.523828
0 0.757812 0.13208 0.075 0.0844727
0 0.779688 0.732031 0.08125 0.123438
0 0.773047 0.835156 0.272656 0.329688
0 0.76543 0.70957 0.0628906 0.0863281
0 0.330371 0.258789 0.45957 0.477734
0 0.885156 0.568164 0.146875 0.129297
0 0.247949 0.411523 0.0392578 0.0496094
0 0.4125 0.460742 0.0765625 0.0863281
0 0.662305 0.884375 0.0511719 0.0515625
0 0.771094 0.7125 0.078125 0.09375
0 0.889453 0.584961 0.155469 0.148828
0 0.807227 0.744531 0.137109 0.1625
0 0.742969 0.132422 0.0640625 0.0996094
0 0.938281 0.385547 0.107813 0.151562
0 0.324512 0.613477 0.0720703 0.0699219
0 0.669531 0.859766 0.0828125 0.127344
0 0.752148 0.759961 0.214453 0.336328
0 0.966406 0.416797 0.0671875 0.0828125
0 0.435937 0.459766 0.0421875 0.0734375
0 0.249414 0.417188 0.040625 0.0539063
0 0.23584 0.409375 0.0595703 0.0585938
0 0.779102 0.709766 0.0761719 0.0851563
0 0.193018 0.268164 0.193262 0.371484
0 0.828906 0.548438 0.04375 0.0617188
0 0.327148 0.608203 0.0800781 0.06875
0 0.767578 0.808789 0.257031 0.293359
0 0.716211 0.408984 0.0589844 0.0992187
0 0.830469 0.535937 0.03125 0.0484375
0 0.1396 0.151367 0.074707 0.212109
0 0.799805 0.271875 0.186328 0.385938
0 0.127979 0.297754 0.0803711 0.301367
0 0.421094 0.466992 0.0585938 0.0714844
0 0.774609 0.273438 0.153906 0.389844
0 0.518164 0.629492 0.166797 0.486328
0 0.762109 0.125391 0.0820312 0.0945313
0 0.111914 0.353906 0.0658203 0.167969
0 0.130078 0.265527 0.105078 0.486133
0 0.222852 0.25459 0.277734 0.429102
0 0.77207 0.221289 0.118359 0.279687
0 0.266895 0.239355 0.350586 0.441602
0 0.73418 0.41416 0.0691406 0.0919922
0 0.75 0.133057 0.0625 0.0791992
0 0.723633 0.416406 0.0496094 0.0734375
0 0.723633 0.410352 0.0472656 0.0753906
0 0.695508 0.865234 0.115234 0.124219
0 0.683789 0.896094 0.0808594 0.0765625
0 0.755273 0.137451 0.0753906 0.0864258
0 0.775781 0.268359 0.14375 0.367188
0 0.433594 0.476172 0.059375 0.114844
0 0.725977 0.854688 0.176172 0.151562
0 0.317188 0.613086 0.0695313 0.0605469
0 0.236426 0.416992 0.0556641 0.0589844
0 0.972656 0.41377 0.0546875 0.0904297
0 0.314941 0.607227 0.0548828 0.0410156
0 0.423828 0.460742 0.053125 0.0714844
0 0.791797 0.75625 0.107031 0.173438
0 0.253418 0.408398 0.0728516 0.0886719
0 0.137793 0.134863 0.0732422 0.19668
0 0.428516 0.599609 0.253125 0.416406
0 0.744531 0.140723 0.053125 0.0736328
0 0.140918 0.078125 0.0601563 0.104102
0 0.940625 0.433301 0.110937 0.119336
0 0.802344 0.269043 0.18125 0.360352
0 0.433789 0.466211 0.0511719 0.0738281
0 0.903516 0.589258 0.0398437 0.0542969
0 0.683789 0.892578 0.0746094 0.0601563
0 0.744141 0.116846 0.0851563 0.122559
0 0.826953 0.5375 0.0304688 0.04375
0 0.731836 0.426465 0.0691406 0.108008
0 0.158301 0.238184 0.123633 0.407227
0 0.106592 0.399414 0.0600586 0.0839844
0 0.763086 0.722852 0.0675781 0.0871094
0 0.367773 0.38916 0.547266 0.754492
0 0.857031 0.221191 0.285938 0.280273
0 0.767578 0.129102 0.0789063 0.0912109
0 0.677539 0.886719 0.0816406 0.0640625
0 0.788281 0.116992 0.05 0.0558594
0 0.715625 0.423242 0.0554687 0.115234
0 0.570703 0.641211 0.286719 0.541016
0 0.811523 0.7625 0.147266 0.185938
0 0.835938 0.558594 0.3125 0.390625
0 0.17915 0.139893 0.15459 0.219434
0 0.129102 0.354004 0.0992187 0.177148
0 0.855859 0.563672 0.0867188 0.116406
0 0.916016 0.59043 0.0664062 0.0621094
0 0.719141 0.792969 0.158594 0.254688
0 0.137109 0.109497 0.0707031 0.104443
0 0.799023 0.20249 0.167578 0.240332
0 0.722461 0.804102 0.186328 0.255859
0 0.875781 0.579102 0.129688 0.138672
0 0.839453 0.533008 0.0492188 0.0558594
0 0.781055 0.174292 0.134766 0.231104
0 0.347168 0.616211 0.113477 0.0839844
0 0.780664 0.188916 0.127734 0.201855
0 0.75957 0.723437 0.0449219 0.0578125
0 0.109082 0.371875 0.0658203 0.0820312
0 0.836328 0.551953 0.0632813 0.0804688
0 0.33418 0.614648 0.0792969 0.0824219
0 0.436523 0.862109 0.112109 0.117969
0 0.682422 0.870703 0.090625 0.103906
0 0.838867 0.268506 0.255078 0.362207
0 0.726758 0.876172 0.176172 0.128906
0 0.825391 0.54668 0.0273438 0.0472656
0 0.14541 0.18501 0.0931641 0.294043
0 0.151904 0.140283 0.090332 0.216309
0 0.778711 0.755078 0.280078 0.399219
0 0.657422 0.885938 0.0429688 0.053125
0 0.128223 0.110107 0.0351562 0.077832
0 0.177246 0.114844 0.133789 0.173438
0 0.237305 0.38623 0.0730469 0.118164
0 0.165527 0.256445 0.160352 0.440234
0 0.146631 0.0893311 0.0821289 0.114697
0 0.25752 0.38916 0.0775391 0.117773
0 0.902734 0.579492 0.142969 0.119141
0 0.130078 0.315234 0.0972656 0.245312
0 0.487695 0.238623 0.787109 0.460254
0 0.784961 0.116357 0.0347656 0.0448242
0 0.954688 0.448047 0.090625 0.140625
0 0.799609 0.720508 0.119531 0.108984
0 0.243066 0.424414 0.0615234 0.0730469
0 0.71543 0.417969 0.0324219 0.0734375
0 0.763086 0.137012 0.0878906 0.0958984
0 0.838672 0.492969 0.305469 0.283594
0 0.177197 0.157617 0.162793 0.244141
0 0.822656 0.668066 0.354688 0.610742
0 0.695117 0.898438 0.0800781 0.078125
0 0.651367 0.885156 0.145703 0.0828125
0 0.517578 0.676953 0.167969 0.553906
0 0.331543 0.60332 0.0669922 0.0519531
0 0.143164 0.205859 0.0882813 0.319531
0 0.137061 0.212256 0.0649414 0.361426
0 0.758984 0.124268 0.0757812 0.0790039
0 0.846875 0.538477 0.078125 0.0855469
0 0.311719 0.610742 0.078125 0.0714844
0 0.12915 0.284961 0.0637695 0.348047
0 0.775586 0.0907715 0.112891 0.178613
0 0.774609 0.130371 0.0757812 0.0896484
0 0.455469 0.461914 0.0851563 0.0894531
0 0.580371 0.639941 0.581445 0.560742
0 0.245996 0.422266 0.0400391 0.0664062
0 0.432422 0.673438 0.265625 0.546875
0 0.744531 0.702148 0.228125 0.548828
0 0.984375 0.0307617 0.03125 0.0615234
0 0.840625 0.367578 0.295312 0.578906
0 0.854688 0.272559 0.290625 0.372852
0 0.507422 0.565625 0.171875 0.3625
0 0.436914 0.436523 0.0675781 0.129297
0 0.714453 0.412305 0.0304688 0.0675781
0 0.752539 0.681641 0.198047 0.600781
0 0.926953 0.593164 0.0773438 0.0613281
0 0.901563 0.560352 0.175 0.141797
0 0.127979 0.118164 0.0362305 0.0808594
0 0.668359 0.793359 0.164844 0.258594
0 0.9375 0.379883 0.0703125 0.0972656
0 0.730469 0.817383 0.1875 0.219922
0 0.777539 0.667969 0.269922 0.6125
0 0.744727 0.708008 0.110547 0.0894531
0 0.107861 0.400684 0.0651367 0.0986328
0 0.391699 0.596289 0.205664 0.305078
0 0.928125 0.391504 0.078125 0.0943359
0 0.857227 0.154492 0.285547 0.282422
0 0.735938 0.147314 0.03125 0.0538086
0 0.899219 0.588086 0.0265625 0.0417969
0 0.317871 0.626953 0.0787109 0.0867188
0 0.325 0.626953 0.0824219 0.0953125
0 0.414355 0.436719 0.0845703 0.128906
0 0.797656 0.607031 0.221875 0.467187
0 0.482422 0.469727 0.140625 0.119141
0 0.775 0.696484 0.05 0.0578125
0 0.77207 0.129785 0.102734 0.0955078
0 0.145996 0.0770996 0.0755859 0.110254
0 0.928125 0.380078 0.0421875 0.0617188
0 0.719336 0.43125 0.0324219 0.0460938
0 0.772656 0.724609 0.0859375 0.105469
0 0.797461 0.322461 0.194141 0.439453
0 0.147852 0.101758 0.0867188 0.116211
0 0.145801 0.226221 0.0931641 0.306934
0 0.781641 0.702539 0.0742188 0.0878906
0 0.500391 0.397559 0.824219 0.76582
0 0.227539 0.407031 0.0796875 0.0601563
0 0.885156 0.550195 0.146875 0.151172
0 0.694141 0.89375 0.0742188 0.05625
0 0.742969 0.153027 0.065625 0.141211
0 0.903125 0.512109 0.178125 0.246094
0 0.783594 0.713672 0.0875 0.103906
0 0.962891 0.427344 0.0742188 0.0921875
0 0.246484 0.407617 0.0519531 0.0621094
0 0.773047 0.338965 0.158594 0.50332
0 0.963281 0.385547 0.0734375 0.166406
0 0.807227 0.177393 0.179297 0.206543
0 0.330762 0.231543 0.461914 0.420508
0 0.761328 0.606348 0.174219 0.466992
0 0.747656 0.910547 0.207813 0.178906
0 0.274512 0.383008 0.383008 0.710547
0 0.785156 0.129883 0.0734375 0.0898438
0 0.751758 0.41875 0.104297 0.102344
0 0.310352 0.610938 0.0691406 0.053125
0 0.957812 0.420508 0.0703125 0.0730469
0 0.638281 0.861328 0.175 0.139844
0 0.770703 0.699414 0.0398437 0.0527344
0 0.325293 0.601172 0.0568359 0.0351562
0 0.420508 0.841406 0.0730469 0.078125
0 0.489063 0.181689 0.7875 0.351855
0 0.839453 0.557813 0.0601563 0.1125
0 0.842578 0.356641 0.314844 0.544531
0 0.774609 0.684766 0.291406 0.602344
0 0.758008 0.717188 0.0386719 0.0546875
0 0.803516 0.133105 0.166406 0.11582
0 0.136816 0.236865 0.0669922 0.359082
0 0.794141 0.116895 0.0632813 0.0611328
0 0.827539 0.737109 0.174609 0.177344
0 0.928125 0.582422 0.084375 0.0757812
0 0.758398 0.710938 0.0425781 0.0679687
0 0.325293 0.632031 0.0857422 0.109375
0 0.123193 0.364258 0.0432617 0.0738281
0 0.45625 0.48457 0.0953125 0.129297
0 0.979297 0.0486328 0.0414063 0.0972656
0 0.80332 0.160352 0.171484 0.165625
0 0.743359 0.287695 0.153906 0.405859
0 0.917188 0.582422 0.0671875 0.0625
0 0.149219 0.302539 0.132812 0.276172
0 0.159082 0.714453 0.0908203 0.175781
0 0.904688 0.583594 0.034375 0.05
0 0.518359 0.703711 0.0289063 0.0488281
0 0.124854 0.369434 0.0329102 0.0587891
0 0.108105 0.386719 0.0640625 0.09375
0 0.794922 0.538281 0.142969 0.09375
0 0.459766 0.565039 0.164844 0.370703
0 0.820312 0.8375 0.359375 0.325
0 0.955469 0.429102 0.08125 0.0839844
0 0.433203 0.44707 0.0273438 0.0402344
0 0.778906 0.115381 0.13125 0.214551
0 0.131396 0.121191 0.0459961 0.0865234
0 0.391113 0.555078 0.197461 0.367969
0 0.151562 0.102075 0.08125 0.136475
0 0.73418 0.745117 0.216016 0.351953
0 0.331934 0.601367 0.0451172 0.0347656
0 0.937891 0.933203 0.108594 0.130469
0 0.434375 0.408984 0.0851563 0.183594
0 0.486621 0.303418 0.800195 0.583789
0 0.75293 0.125244 0.0644531 0.0774414
0 0.905078 0.502344 0.180469 0.24375
0 0.673242 0.882422 0.0761719 0.0460938
0 0.516211 0.714648 0.0371094 0.0605469
0 0.663672 0.880859 0.0546875 0.0476562
0 0.135889 0.0833252 0.046582 0.0905762
0 0.152051 0.0956055 0.0787109 0.13418
0 0.761328 0.140723 0.0851563 0.0892578
0 0.726367 0.855859 0.172266 0.149219
0 0.153711 0.0871338 0.0824219 0.130811
0 0.745313 0.794531 0.203125 0.25
0 0.767383 0.713867 0.0511719 0.0691406
0 0.797266 0.272656 0.185156 0.386719
0 0.828516 0.542383 0.0320312 0.0511719
0 0.182373 0.103955 0.139551 0.157715
0 0.788867 0.758203 0.108203 0.189844
0 0.141553 0.0922363 0.0770508 0.136426
0 0.142773 0.0877441 0.0578125 0.094043
0 0.142822 0.100293 0.059082 0.0998047
0 0.705469 0.866016 0.134375 0.128906
0 0.670508 0.890625 0.0621094 0.0578125
0 0.757617 0.148828 0.0816406 0.103516
0 0.763281 0.1125 0.0890625 0.141406
0 0.330859 0.606836 0.0453125 0.0449219
0 0.770508 0.796289 0.252734 0.274609
0 0.180957 0.087793 0.134961 0.143359
0 0.774609 0.14624 0.103906 0.104395
0 0.504785 0.378906 0.810742 0.757812
0 0.716797 0.422266 0.0351562 0.0679687
0 0.775 0.270898 0.15 0.404297
0 0.453711 0.219629 0.695703 0.435742
0 0.768164 0.707812 0.0496094 0.065625
0 0.776953 0.166309 0.110156 0.145508
0 0.134131 0.106421 0.0481445 0.0773926
0 0.701953 0.89375 0.124219 0.0765625
0 0.903125 0.508594 0.178125 0.253125
0 0.152734 0.134277 0.0828125 0.223633
0 0.729688 0.81875 0.171875 0.217188
0 0.677148 0.892969 0.0730469 0.059375
0 0.837891 0.540625 0.0476562 0.0601563
0 0.432617 0.471875 0.0285156 0.0578125
0 0.777148 0.108936 0.108203 0.16377
0 0.141504 0.135205 0.0802734 0.216309
0 0.200195 0.202783 0.191406 0.370996
0 0.197949 0.153516 0.186133 0.282031
0 0.143018 0.0838867 0.0741211 0.138086
0 0.772461 0.703906 0.0582031 0.0734375
0 0.807617 0.759375 0.134766 0.2
0 0.799805 0.254102 0.178516 0.393359
0 0.496191 0.445703 0.781055 0.891406
0 0.32373 0.608008 0.0544922 0.0417969
0 0.761523 0.719922 0.0378906 0.0539063
0 0.758008 0.131934 0.0714844 0.0820312
0 0.823828 0.546484 0.0226563 0.0375
0 0.827344 0.55 0.0390625 0.0578125
0 0.757812 0.139063 0.06875 0.0816406
0 0.937109 0.418457 0.102344 0.0904297
0 0.807813 0.744141 0.135937 0.192969
0 0.77168 0.711328 0.0707031 0.0867188
0 0.676953 0.898047 0.0757812 0.0679687
0 0.775391 0.223047 0.127344 0.446094
0 0.164453 0.169922 0.123438 0.3125
0 0.172168 0.215918 0.145117 0.400195
0 0.776367 0.238574 0.141016 0.443164
0 0.430078 0.163086 0.646094 0.320703
0 0.949609 0.386328 0.100781 0.134375
0 0.727734 0.41875 0.053125 0.0695313
0 0.747266 0.133789 0.0695313 0.109375
0 0.95 0.419336 0.1 0.0863281
0 0.800781 0.192529 0.171875 0.335254
0 0.19834 0.226367 0.192383 0.417578
0 0.776563 0.0935059 0.107813 0.18252
0 0.9375 0.436328 0.109375 0.0976562
0 0.735938 0.41543 0.0796875 0.0917969
0 0.752539 0.834375 0.215234 0.207813
0 0.827734 0.64502 0.296094 0.563086
0 0.331543 0.342578 0.458789 0.675781
0 0.853516 0.25332 0.292969 0.405859
0 0.833398 0.268262 0.264453 0.393164
0 0.355957 0.425 0.512305 0.85
0 0.469141 0.277344 0.736719 0.55
0 0.713281 0.421094 0.03125 0.0703125
0 0.727539 0.291113 0.204297 0.450586
0 0.350586 0.617188 0.123047 0.084375
0 0.854688 0.212939 0.290625 0.372559
0 0.672461 0.886328 0.0660156 0.0492188
0 0.327637 0.607617 0.0845703 0.0660156
0 0.747656 0.109692 0.08125 0.155615
0 0.1354 0.0938477 0.0489258 0.0726563
0 0.77207 0.382422 0.143359 0.158594
0 0.721094 0.79043 0.165625 0.256641
0 0.732422 0.797852 0.172656 0.251172
0 0.195996 0.276855 0.195508 0.404102
0 0.746094 0.730469 0.203125 0.378125
0 0.954297 0.933984 0.0914062 0.132031
0 0.143311 0.141553 0.0801758 0.241504
0 0.77832 0.155078 0.124609 0.30625
0 0.31416 0.608398 0.0560547 0.0394531
0 0.780273 0.708594 0.0800781 0.0820312
0 0.950391 0.435156 0.0992187 0.090625
0 0.458594 0.0768066 0.13125 0.12334
0 0.142725 0.0785645 0.0569336 0.0901367
0 0.849023 0.30293 0.301953 0.495703
0 0.434961 0.468945 0.0410156 0.0675781
0 0.935156 0.932813 0.123438 0.134375
0 0.823828 0.549414 0.0226563 0.0417969
0 0.200537 0.0779541 0.173145 0.152881
0 0.758789 0.727148 0.0433594 0.0519531
0 0.749219 0.143945 0.059375 0.0683594
0 0.830078 0.538672 0.0320312 0.0507812
0 0.681836 0.885938 0.0871094 0.075
0 0.781055 0.731641 0.0832031 0.127344
0 0.661523 0.891016 0.0488281 0.0507812
0 0.729883 0.411621 0.0589844 0.0751953
0 0.541797 0.268262 0.0367188 0.0482422
0 0.558008 0.204492 0.0988281 0.179297
0 0.716016 0.413086 0.0320312 0.0691406
0 0.67207 0.898047 0.0675781 0.0632813
0 0.762109 0.385938 0.125781 0.15625
0 0.426758 0.469336 0.0394531 0.0628906
0 0.803711 0.138281 0.175391 0.257812
0 0.246387 0.420898 0.0263672 0.0417969
0 0.968359 0.416602 0.0632813 0.0746094
0 0.950391 0.370313 0.0992187 0.144531
0 0.864844 0.581055 0.107813 0.137891
0 0.56582 0.151123 0.160547 0.290723
0 0.765234 0.138184 0.0820312 0.0919922
0 0.726953 0.871875 0.174219 0.142188
0 0.131885 0.121045 0.0438477 0.0668945
0 0.432617 0.463672 0.0269531 0.0578125
0 0.147168 0.0753174 0.0728516 0.0968262
0 0.331641 0.604102 0.0613281 0.0511719
0 0.68418 0.896875 0.0769531 0.0703125
0 0.324707 0.6125 0.0689453 0.0664062
0 0.719531 0.408105 0.06875 0.104883
0 0.505078 0.071875 0.0273438 0.06875
0 0.763477 0.713086 0.0386719 0.0597656
0 0.334668 0.21582 0.456445 0.415234
0 0.147705 0.0874512 0.0811523 0.106348
0 0.766406 0.721875 0.0546875 0.075
0 0.335156 0.531641 0.150781 0.220313
0 0.833008 0.25293 0.248047 0.384766
0 0.751758 0.133936 0.0636719 0.0768555
0 0.828516 0.699805 0.172656 0.140234
0 0.933984 0.419727 0.0460938 0.0488281
0 0.824609 0.539258 0.0289063 0.0449219
0 0.318555 0.612305 0.0695313 0.0582031
0 0.227441 0.201465 0.247461 0.379883
0 0.787305 0.117432 0.0457031 0.0553711
0 0.445605 0.130029 0.686914 0.259473
0 0.936719 0.389746 0.101562 0.132227
0 0.499219 0.0652832 0.0304688 0.074707
0 0.341016 0.154785 0.464844 0.297852
0 0.785742 0.668457 0.216016 0.600586
0 0.801953 0.722266 0.121094 0.114844
0 0.75625 0.421289 0.114063 0.0988281
0 0.768164 0.129736 0.0777344 0.0868164
0 0.747852 0.7 0.202734 0.492188
0 0.841406 0.535742 0.0515625 0.0503906
0 0.773047 0.73418 0.261719 0.398828
0 0.148975 0.0651855 0.055957 0.0739258
0 0.20083 0.0989502 0.174902 0.154834
0 0.172949 0.233496 0.153711 0.436914
0 0.767969 0.708398 0.06875 0.0863281
0 0.883203 0.570117 0.141406 0.123828
0 0.901172 0.591211 0.0367188 0.0582031
0 0.504297 0.0573242 0.0257812 0.0542969
0 0.8375 0.549805 0.05625 0.0714844
0 0.847266 0.535547 0.0773438 0.0859375
0 0.783008 0.118018 0.0308594 0.0444336
0 0.718359 0.433789 0.0304688 0.0464844
0 0.679688 0.887891 0.08125 0.0554687
0 0.597656 0.15166 0.208594 0.291211
0 0.682617 0.792773 0.122266 0.258203
0 0.715625 0.247266 0.175 0.475
0 0.729688 0.73125 0.175 0.382812
0 0.792969 0.647656 0.203125 0.573438
0 0.883203 0.587891 0.142969 0.144531
0 0.55332 0.366602 0.261328 0.733203
0 0.663086 0.885938 0.0511719 0.05
0 0.759766 0.121777 0.0726563 0.0691406
0 0.181543 0.13291 0.150977 0.224023
0 0.596289 0.27041 0.218359 0.493555
0 0.534277 0.452344 0.636133 0.904688
0 0.156982 0.0626709 0.071582 0.0904785
0 0.801172 0.101367 0.163281 0.180078
0 0.538672 0.233398 0.0867188 0.126563
0 0.538281 0.205322 0.090625 0.171387
0 0.335352 0.251563 0.459766 0.503125
0 0.636523 0.268457 0.289453 0.511523
0 0.304492 0.608594 0.0449219 0.034375
0 0.226807 0.226758 0.246387 0.416797
0 0.272949 0.514258 0.0509766 0.0621094
0 0.539844 0.271582 0.199219 0.519336
0 0.25957 0.383008 0.0835937 0.127734
0 0.535742 0.270508 0.0285156 0.0402344
0 0.802734 0.127563 0.163281 0.151514
0 0.801953 0.704883 0.121094 0.0925781
0 0.225342 0.153076 0.240723 0.286426
0 0.149512 0.100854 0.0853516 0.111182
0 0.202441 0.113794 0.188867 0.195068
0 0.799219 0.0896484 0.154688 0.179297
0 0.773633 0.403711 0.148047 0.140234
0 0.476367 0.301172 0.258203 0.586719
0 0.506445 0.0877197 0.0269531 0.0671387
0 0.165918 0.143262 0.12207 0.270117
0 0.753516 0.679297 0.177344 0.617969
0 0.225537 0.415723 0.279395 0.81543
0 0.142383 0.11001 0.0605469 0.0950195
0 0.925781 0.419531 0.0453125 0.0460938
0 0.756836 0.789648 0.156641 0.242578
0 0.31416 0.60918 0.0826172 0.0675781
0 0.436328 0.460742 0.0390625 0.0699219
0 0.533594 0.430469 0.365625 0.860938
0 0.435156 0.460938 0.0726563 0.0859375
0 0.68457 0.894922 0.0691406 0.0523438
0 0.856836 0.156934 0.286328 0.300195
0 0.193457 0.428125 0.212695 0.817187
0 0.483594 0.0709229 0.103906 0.123584
0 0.246094 0.412695 0.0332031 0.0449219
0 0.773633 0.359961 0.137109 0.187891
0 0.33252 0.601367 0.0439453 0.0363281
0 0.280469 0.425781 0.386719 0.842188
0 0.530664 0.276953 0.0402344 0.0558594
0 0.937109 0.966016 0.121094 0.0679687
0 0.568359 0.197217 0.160156 0.373535
0 0.776758 0.845313 0.268359 0.309375
0 0.325977 0.601367 0.0648438 0.0363281
0 0.178027 0.0774902 0.12832 0.141895
0 0.775 0.129395 0.065625 0.0802734
0 0.244336 0.400879 0.0589844 0.0755859
0 0.49668 0.150732 0.189453 0.287988
0 0.973437 0.413672 0.053125 0.0859375
0 0.771875 0.37793 0.15625 0.633203
0 0.432227 0.482227 0.0285156 0.0433594
0 0.666992 0.885156 0.0761719 0.0796875
0 0.549414 0.267969 0.0417969 0.0503906
0 0.221729 0.269141 0.255371 0.455469
0 0.792383 0.5625 0.138672 0.109375
0 0.930078 0.392188 0.0695313 0.0828125
0 0.786133 0.543945 0.124609 0.0871094
0 0.633984 0.244727 0.248438 0.487891
0 0.73418 0.555078 0.0253906 0.0359375
0 0.255859 0.358887 0.0394531 0.0470703
0 0.314844 0.595313 0.0894531 0.0765625
0 0.607813 0.386328 0.239844 0.772656
0 0.936328 0.456055 0.125781 0.151172
0 0.512109 0.072998 0.0875 0.118848
0 0.564648 0.260938 0.140234 0.5125
0 0.259668 0.348242 0.0482422 0.0652344
0 0.914062 0.591797 0.0578125 0.0632813
0 0.347266 0.118286 0.478125 0.231787
0 0.921875 0.428711 0.0765625 0.0722656
0 0.897266 0.589258 0.0226563 0.0417969
0 0.776563 0.697852 0.046875 0.0535156
0 0.722656 0.800391 0.1875 0.261719
0 0.536719 0.276074 0.059375 0.0681641
0 0.759766 0.652832 0.167969 0.611523
0 0.532617 0.466602 0.0730469 0.0839844
0 0.442383 0.0812012 0.133984 0.122363
0 0.829297 0.346289 0.0304688 0.0558594
0 0.927344 0.381543 0.04375 0.0642578
0 0.921484 0.392285 0.0679687 0.0794922
0 0.739453 0.555078 0.0398437 0.0546875
0 0.604688 0.25166 0.189063 0.497461
0 0.942969 0.418945 0.046875 0.0542969
0 0.781445 0.701172 0.0730469 0.084375
0 0.636328 0.212744 0.288281 0.416699
0 0.79043 0.829688 0.0425781 0.0609375
0 0.696875 0.232422 0.24375 0.464844
0 0.552148 0.152783 0.0589844 0.0737305
0 0.496094 0.0538086 0.0328125 0.0533203
0 0.145361 0.0686523 0.040332 0.0607422
0 0.54375 0.15498 0.053125 0.0693359
0 0.711523 0.4125 0.0261719 0.0578125
0 0.255176 0.365625 0.0404297 0.0523438
0 0.883203 0.510547 0.146094 0.239844
0 0.733984 0.401563 0.172656 0.78125
0 0.310156 0.610547 0.0652344 0.0507812
0 0.329883 0.132959 0.0328125 0.0444336
0 0.911719 0.436328 0.120313 0.10625
0 0.50332 0.0433228 0.0339844 0.0570068
0 0.827734 0.679492 0.172656 0.144141
0 0.15293 0.057666 0.046875 0.062793
0 0.637695 0.154004 0.315234 0.300977
0 0.857422 0.565039 0.0914062 0.112109
0 0.894922 0.962109 0.210156 0.0757812
0 0.795703 0.336426 0.194531 0.42168
0 0.905078 0.496484 0.180469 0.230469
0 0.776172 0.116602 0.117969 0.233203
0 0.821094 0.354102 0.05 0.0722656
0 0.784766 0.127637 0.0679687 0.0810547
0 0.805078 0.102222 0.175781 0.187354
0 0.13252 0.205664 0.0630859 0.0832031
0 0.461523 0.103052 0.153516 0.176318
0 0.684766 0.867578 0.09375 0.121094
0 0.925391 0.412305 0.0601563 0.0464844
0 0.716406 0.823633 0.154688 0.208984
0 0.333594 0.612695 0.0765625 0.0777344
0 0.783789 0.712109 0.0871094 0.0992187
0 0.260742 0.359277 0.0839844 0.162695
0 0.301172 0.610156 0.0441406 0.0429688
0 0.830078 0.19209 0.238281 0.318945
0 0.142188 0.307715 0.0625 0.0572266
0 0.670703 0.861328 0.0828125 0.132031
0 0.77168 0.722461 0.0800781 0.0988281
0 0.780273 0.801953 0.275391 0.280469
0 0.777344 0.105713 0.101562 0.18623
0 0.714844 0.796094 0.157813 0.251563
0 0.141211 0.100098 0.0550781 0.0931641
0 0.141064 0.0904297 0.0543945 0.0966797
0 0.150244 0.0813965 0.0745117 0.128809
0 0.141846 0.0908203 0.0729492 0.132812
0 0.76582 0.704492 0.0433594 0.0675781
0 0.13374 0.105762 0.0487305 0.0748047
0 0.463672 0.213477 0.724219 0.426953
0 0.758008 0.142188 0.0636719 0.0839844
0 0.148438 0.0924805 0.06875 0.13457
0 0.775195 0.135645 0.101172 0.129883
0 0.766602 0.141797 0.0839844 0.109375
0 0.135303 0.0946289 0.0499023 0.0798828
0 0.142529 0.0801758 0.0719727 0.13457
0 0.828516 0.540625 0.0335938 0.0539063
0 0.750781 0.795898 0.217188 0.259766
0 0.178418 0.0839111 0.130273 0.137256
0 0.772461 0.163574 0.106641 0.293945
0 0.819531 0.814063 0.360938 0.321875
0 0.953125 0.422754 0.09375 0.118555
0 0.180176 0.0994141 0.135352 0.151562
0 0.771484 0.151807 0.0914062 0.115918
0 0.433887 0.164062 0.663477 0.320703
0 0.456055 0.124707 0.712891 0.239648
0 0.766016 0.141309 0.0679687 0.0919922
0 0.771484 0.700781 0.0601563 0.0796875
0 0.789844 0.153174 0.135937 0.278809
0 0.520117 0.395313 0.845703 0.790625
0 0.494336 0.27334 0.792578 0.546289
0 0.953516 0.411035 0.0929688 0.0998047
0 0.761133 0.148047 0.0808594 0.1
0 0.808203 0.758203 0.144531 0.200781
0 0.771289 0.113013 0.102734 0.215381
0 0.966016 0.417871 0.0664062 0.100195
0 0.75918 0.137598 0.0707031 0.0966797
0 0.726562 0.855859 0.176563 0.142969
0 0.321387 0.607422 0.0529297 0.040625
0 0.819141 0.833984 0.361719 0.332031
0 0.507617 0.450391 0.828516 0.900781
0 0.858203 0.305664 0.283594 0.599609
0 0.199316 0.14209 0.192773 0.256445
0 0.773438 0.695117 0.05 0.0675781
0 0.675 0.113086 0.309375 0.226172
0 0.540234 0.154102 0.05625 0.0820312
0 0.783789 0.0740112 0.0714844 0.0980713
0 0.954297 0.925391 0.0914062 0.149219
0 0.835156 0.538477 0.046875 0.0683594
0 0.748438 0.718555 0.253125 0.405078
0 0.800391 0.733984 0.324219 0.380469
0 0.792773 0.107031 0.128516 0.189844
0 0.763672 0.708398 0.0320312 0.0535156
0 0.797461 0.191895 0.153516 0.35332
0 0.765625 0.104199 0.0921875 0.18418
0 0.141016 0.0793945 0.0511719 0.0988281
0 0.905469 0.510547 0.185938 0.260156
0 0.862305 0.245996 0.275391 0.47207
0 0.78457 0.10625 0.121484 0.192969
0 0.764844 0.710742 0.046875 0.0738281
0 0.199023 0.0789063 0.171094 0.146094
0 0.150635 0.0530273 0.0514648 0.0798828
0 0.332324 0.60625 0.0337891 0.0414063
0 0.775781 0.0898682 0.096875 0.162256
0 0.550781 0.15542 0.439063 0.28916
0 0.750586 0.146289 0.0597656 0.0746094
0 0.310547 0.607422 0.0511719 0.0375
0 0.769336 0.699023 0.0363281 0.0589844
0 0.606055 0.15918 0.476953 0.296484
0 0.793164 0.0715698 0.0667969 0.0990479
0 0.772266 0.203857 0.114844 0.390723
0 0.199609 0.0963867 0.172656 0.149023
0 0.243359 0.410156 0.0324219 0.05
0 0.671094 0.161328 0.317188 0.303906
0 0.953906 0.891406 0.0921875 0.1875
0 0.818164 0.644824 0.363672 0.552539
0 0.767969 0.13457 0.071875 0.0960938
0 0.802734 0.235449 0.172656 0.443945
0 0.159473 0.162207 0.113086 0.288867
0 0.539941 0.119702 0.60293 0.228564
0 0.70293 0.866406 0.130859 0.11875
0 0.145947 0.0628174 0.0620117 0.0917481
0 0.827344 0.737305 0.165625 0.183203
0 0.676758 0.889453 0.0785156 0.0617188
0 0.245215 0.416602 0.0291016 0.0496094
0 0.717578 0.421875 0.0320312 0.0671875
0 0.20791 0.0951904 0.201367 0.158447
0 0.533398 0.156641 0.0464844 0.0714844
0 0.732422 0.754687 0.233594 0.334375
0 0.299414 0.607031 0.0339844 0.0320312
0 0.595703 0.125757 0.497656 0.230518
0 0.953906 0.447949 0.0921875 0.161914
0 0.14541 0.0889404 0.0732422 0.107666
0 0.476758 0.152295 0.337109 0.286426
0 0.342773 0.329883 0.489453 0.651172
0 0.146338 0.0994873 0.0799805 0.10376
0 0.830859 0.536914 0.0304688 0.0527344
0 0.806445 0.742578 0.130859 0.172656
0 0.761719 0.716016 0.03125 0.0476562
0 0.144385 0.065625 0.037793 0.0626953
0 0.952734 0.383203 0.0945313 0.114844
0 0.752344 0.137744 0.065625 0.0932617
0 0.914844 0.50918 0.170313 0.311328
0 0.732227 0.820312 0.183984 0.209375
0 0.402148 0.0799805 0.0613281 0.0714844
0 0.755664 0.657422 0.277734 0.528906
0 0.8375 0.532227 0.0453125 0.0621094
0 0.794141 0.0828613 0.0992187 0.149316
0 0.805078 0.252734 0.196094 0.444531
0 0.516309 0.111035 0.64082 0.216992
0 0.544922 0.14248 0.034375 0.0486328
0 0.634375 0.159229 0.428125 0.295605
0 0.144629 0.0769287 0.0685547 0.108057
0 0.930078 0.416406 0.0414063 0.0515625
0 0.374609 0.420312 0.585938 0.840625
0 0.432422 0.456445 0.025 0.0488281
0 0.83125 0.833398 0.3375 0.333203
0 0.232715 0.407031 0.0494141 0.0554687
0 0.139648 0.110059 0.0558594 0.0919922
0 0.549414 0.141064 0.0472656 0.0620117
0 0.973828 0.400586 0.0523438 0.0878906
0 0.633984 0.11311 0.433594 0.215967
0 0.781641 0.7 0.0773438 0.090625
0 0.684766 0.716211 0.310156 0.405078
0 0.7875 0.758008 0.129688 0.188672
0 0.797461 0.698047 0.320703 0.463281
0 0.67832 0.885547 0.0871094 0.0539063
0 0.677539 0.796875 0.148047 0.253125
0 0.782813 0.116455 0.0296875 0.047168
0 0.859766 0.367578 0.280469 0.725781
0 0.518262 0.182959 0.572852 0.340332
0 0.819922 0.279883 0.0289063 0.0457031
0 0.414648 0.0796143 0.0605469 0.0696777
0 0.664648 0.889063 0.0496094 0.05625
0 0.156445 0.0512695 0.0683594 0.0904297
0 0.937891 0.426855 0.110156 0.130664
0 0.702734 0.885156 0.127344 0.0875
0 0.825 0.543945 0.021875 0.0386719
0 0.971094 0.419141 0.0578125 0.113281
0 0.464258 0.179297 0.519141 0.335156
0 0.933203 0.925781 0.127344 0.148438
0 0.20459 0.178662 0.200195 0.31377
0 0.148096 0.0582764 0.0362305 0.0623535
0 0.130615 0.12124 0.0413086 0.0583008
0 0.201367 0.22627 0.198437 0.39043
0 0.688672 0.770117 0.286719 0.303516
0 0.630859 0.197461 0.457031 0.377734
0 0.666992 0.212549 0.341016 0.41084
0 0.786523 0.116943 0.0425781 0.0588867
0 0.816602 0.746875 0.366797 0.40625
0 0.798828 0.0446411 0.0335938 0.0445068
0 0.343945 0.195898 0.474609 0.374609
0 0.592578 0.192578 0.505469 0.364844
0 0.983203 0.391992 0.0273438 0.0542969
0 0.354785 0.102271 0.49043 0.184131
0 0.343945 0.24082 0.479297 0.480078
0 0.770508 0.240332 0.135547 0.456836
0 0.542188 0.26543 0.03125 0.0484375
0 0.394824 0.0824707 0.0486328 0.065332
0 0.748438 0.134131 0.084375 0.131738
0 0.198779 0.279932 0.200879 0.347949
0 0.546875 0.152295 0.0664062 0.0915039
0 0.768945 0.7125 0.0730469 0.0960938
0 0.774805 0.116455 0.0316406 0.0459961
0 0.322461 0.601758 0.0566406 0.0347656
0 0.141553 0.129736 0.0723633 0.202246
0 0.756641 0.754297 0.239844 0.328906
0 0.807813 0.0454834 0.03125 0.0466309
0 0.350391 0.156934 0.480469 0.286133
0 0.499805 0.0418701 0.0433594 0.060791
0 0.667383 0.885156 0.0535156 0.0484375
0 0.814453 0.287891 0.0507812 0.0726563
0 0.798047 0.0520264 0.0398437 0.0566895
0 0.697656 0.661719 0.314063 0.51875
0 0.772656 0.605664 0.421875 0.646484
0 0.761328 0.117334 0.0726563 0.0647461
0 0.529297 0.167383 0.0578125 0.0753906
0 0.6125 0.766016 0.425 0.316406
0 0.939063 0.905078 0.110937 0.189844
0 0.828711 0.700391 0.167578 0.130469
0 0.499707 0.199707 0.756836 0.386523
0 0.953125 0.416699 0.08125 0.0869141
0 0.245215 0.417773 0.0443359 0.0613281
0 0.536133 0.163867 0.0722656 0.0886719
0 0.736133 0.800781 0.191797 0.253125
0 0.715625 0.412109 0.03125 0.071875
0 0.775391 0.111084 0.0335938 0.0362305
0 0.316992 0.613281 0.0707031 0.0625
0 0.47334 0.157617 0.67207 0.298828
0 0.808594 0.635254 0.382812 0.576367
0 0.798828 0.649316 0.338281 0.551367
0 0.782227 0.691406 0.0667969 0.0757812
0 0.795703 0.120166 0.139844 0.174902
0 0.127441 0.113184 0.0326172 0.0525391
0 0.96875 0.401367 0.059375 0.0808594
0 0.775781 0.13125 0.0609375 0.0945313
0 0.939453 0.413965 0.103906 0.10957
0 0.432422 0.467383 0.028125 0.0621094
0 0.923828 0.416406 0.0320312 0.0445313
0 0.323438 0.612109 0.0648438 0.0710938
0 0.826563 0.280957 0.0328125 0.0521484
0 0.408203 0.0703613 0.0351562 0.0549805
0 0.775586 0.0737793 0.0800781 0.0958008
0 0.9375 0.41582 0.0609375 0.0652344
0 0.154883 0.063623 0.0777344 0.10459
0 0.955078 0.429883 0.0867188 0.0917969
0 0.953906 0.863281 0.0921875 0.157813
0 0.861133 0.211377 0.277734 0.40459
0 0.806641 0.0526245 0.0367188 0.0558838
0 0.933594 0.410352 0.040625 0.0441406
0 0.170557 0.201025 0.144043 0.368262
0 0.418359 0.0710205 0.0421875 0.0550293
0 0.827344 0.549414 0.0421875 0.0675781
0 0.822266 0.56084 0.355469 0.600195
0 0.740234 0.1052 0.121094 0.18374
0 0.723047 0.416992 0.0515625 0.0730469
0 0.631641 0.239844 0.486719 0.476562
0 0.636523 0.716797 0.333203 0.400781
0 0.298926 0.609961 0.0404297 0.0433594
0 0.197314 0.405176 0.215527 0.780273
0 0.835742 0.817578 0.328516 0.364844
0 0.783789 0.0828125 0.0636719 0.0783203
0 0.746289 0.248145 0.216797 0.469336
0 0.845313 0.256934 0.279687 0.482227
0 0.427148 0.0790771 0.0519531 0.0637207
0 0.201953 0.0649902 0.171094 0.127051
0 0.77207 0.189063 0.102734 0.221094
0 0.312012 0.601367 0.0556641 0.0347656
0 0.826172 0.538477 0.0289063 0.0449219
0 0.799609 0.713281 0.114844 0.107813
0 0.814844 0.304004 0.0640625 0.0978516
0 0.554297 0.133838 0.0351562 0.0477539
0 0.921875 0.258203 0.15625 0.516406
0 0.331738 0.600977 0.0333984 0.0347656
0 0.672656 0.244531 0.36875 0.483594
0 0.414844 0.833203 0.0554687 0.0632813
0 0.835938 0.156055 0.23125 0.291016
0 0.786523 0.0539063 0.0660156 0.0712891
0 0.174707 0.0761231 0.122461 0.138379
0 0.534766 0.14292 0.0273438 0.037207
0 0.764648 0.703906 0.0363281 0.059375
0 0.843359 0.539258 0.0757812 0.101953
0 0.546094 0.135498 0.03125 0.0391602
0 0.530859 0.199072 0.0945313 0.172949
0 0.588086 0.243066 0.542578 0.463086
0 0.738477 0.543164 0.0425781 0.0613281
0 0.966406 0.430859 0.0671875 0.103125
0 0.924219 0.411328 0.0390625 0.0421875
0 0.810938 0.279883 0.0390625 0.0464844
0 0.313184 0.611133 0.0798828 0.0707031
0 0.790625 0.0425781 0.0453125 0.0490234
0 0.734375 0.553516 0.025 0.0375
0 0.691406 0.561133 0.48125 0.732422
0 0.976172 0.39375 0.0382813 0.0578125
0 0.155957 0.04646 0.0388672 0.0723145
0 0.71875 0.43418 0.0265625 0.0441406
0 0.205664 0.181104 0.202344 0.328027
0 0.786914 0.804688 0.283984 0.295312
0 0.946875 0.396289 0.10625 0.187891
0 0.861719 0.284961 0.276563 0.569922
0 0.173779 0.103711 0.130566 0.182812
0 0.717383 0.798633 0.162109 0.255859
0 0.2021 0.165332 0.192676 0.319336
0 0.495215 0.221289 0.789258 0.442578
0 0.947266 0.37832 0.0992187 0.152734
0 0.947656 0.409961 0.104688 0.180078
0 0.751953 0.797852 0.216406 0.266797
0 0.173047 0.184131 0.148438 0.343848
0 0.151807 0.0976318 0.0756836 0.162549
0 0.724805 0.854297 0.169141 0.150781
0 0.822461 0.808398 0.355078 0.331641
0 0.16084 0.16626 0.116211 0.316699
0 0.140332 0.103516 0.0560547 0.107031
0 0.32168 0.607031 0.0609375 0.0421875
0 0.334473 0.605469 0.0318359 0.040625
0 0.808984 0.737109 0.341406 0.402344
0 0.703516 0.748438 0.244531 0.348438
0 0.200977 0.0976318 0.177344 0.164893
0 0.516406 0.29707 0.835938 0.594141
0 0.477148 0.170801 0.748828 0.341602
0 0.172559 0.0792236 0.119727 0.147021
0 0.497852 0.0391357 0.0542969 0.0687988
0 0.864258 0.246875 0.271484 0.49375
0 0.766992 0.718555 0.398828 0.431641
0 0.677148 0.886328 0.0800781 0.0539063
0 0.773438 0.747266 0.2875 0.353906
0 0.151367 0.074707 0.0773438 0.136133
0 0.141504 0.101416 0.0689453 0.171387
0 0.675977 0.891016 0.0738281 0.0570313
0 0.499805 0.0347168 0.0527344 0.0639648
0 0.953516 0.898047 0.0882813 0.197656
0 0.546484 0.0416504 0.15 0.0833008
0 0.767578 0.706641 0.0429688 0.0617188
0 0.829297 0.541406 0.0351562 0.0484375
0 0.200146 0.0745605 0.174707 0.146777
0 0.809766 0.598242 0.380469 0.708203
0 0.139941 0.139258 0.0677734 0.230078
0 0.666797 0.886328 0.0523438 0.0476562
0 0.491992 0.0403931 0.0488281 0.0592529
0 0.141016 0.0921631 0.0539063 0.106299
0 0.725977 0.869922 0.176172 0.150781
0 0.773828 0.702148 0.0523438 0.0769531
0 0.766211 0.647168 0.467578 0.577539
0 0.758398 0.146387 0.0785156 0.120898
0 0.493555 0.0356567 0.0503906 0.0600342
0 0.698047 0.887891 0.116406 0.0867188
0 0.861133 0.387891 0.277734 0.775781
0 0.664453 0.889844 0.0484375 0.0515625
0 0.479004 0.122876 0.754492 0.244092
0 0.202539 0.0989502 0.190234 0.184912
0 0.133105 0.106885 0.0490234 0.0879883
0 0.522656 0.0393188 0.120313 0.0785889
0 0.762109 0.13457 0.0820312 0.105078
0 0.548633 0.0543701 0.163672 0.108643
0 0.800781 0.765039 0.135937 0.223047
0 0.696484 0.714844 0.269531 0.426563
0 0.643945 0.567578 0.0332031 0.0460938
0 0.769141 0.155957 0.0929688 0.150195
0 0.9125 0.5125 0.175 0.360156
0 0.823438 0.763477 0.167187 0.246484
0 0.947656 0.444531 0.103125 0.235938
0 0.757422 0.139697 0.0648438 0.0834961
0 0.771094 0.133691 0.0984375 0.136133
0 0.867969 0.464063 0.264062 0.8875
0 0.835156 0.539453 0.046875 0.0679687
0 0.939063 0.397461 0.110937 0.185547
0 0.875391 0.490625 0.249219 0.84375
0 0.968359 0.423633 0.0617188 0.108203
0 0.758984 0.134131 0.0726563 0.0899414
0 0.322559 0.602148 0.0630859 0.0363281
0 0.955469 0.919922 0.0890625 0.157031
0 0.817969 0.751563 0.364063 0.421875
0 0.667383 0.879687 0.0589844 0.0578125
0 0.684961 0.892969 0.0675781 0.0515625
0 0.726367 0.816211 0.164453 0.219141
0 0.810938 0.30752 0.328125 0.601367
0 0.746094 0.561523 0.507812 0.766016
0 0.843945 0.608496 0.312109 0.695508
0 0.767188 0.131885 0.06875 0.0881836
0 0.823633 0.236914 0.224609 0.473828
0 0.729688 0.803125 0.1625 0.25625
0 0.831641 0.536719 0.0335938 0.0492188
0 0.936719 0.382227 0.109375 0.167578
0 0.334277 0.600586 0.0341797 0.0355469
0 0.814063 0.631152 0.371875 0.648633
0 0.3125 0.606445 0.0597656 0.0386719
0 0.324805 0.612109 0.0617188 0.071875
0 0.764844 0.139355 0.0703125 0.0900391
0 0.130859 0.301953 0.0560547 0.0792969
0 0.505273 0.0396484 0.0722656 0.0792969
0 0.920703 0.451367 0.158594 0.753516
0 0.781641 0.117578 0.0320312 0.0441406
0 0.542188 0.15498 0.05625 0.0763672
0 0.914062 0.494922 0.171875 0.735156
0 0.204004 0.219531 0.201367 0.419531
0 0.138867 0.308789 0.0564453 0.0574219
0 0.775391 0.697656 0.0460938 0.0601563
0 0.861719 0.454199 0.276563 0.863477
0 0.138281 0.162158 0.0689453 0.263184
0 0.150537 0.131348 0.093457 0.261523
0 0.826172 0.736328 0.172656 0.188281
0 0.771289 0.699414 0.0355469 0.0519531
0 0.140137 0.0766113 0.0716797 0.144043
0 0.766211 0.712891 0.0457031 0.0742188
0 0.8375 0.533594 0.0453125 0.0585938
0 0.76543 0.708984 0.0316406 0.0523438
0 0.335645 0.605273 0.0419922 0.0472656
0 0.932813 0.917969 0.126563 0.164062
0 0.698828 0.861719 0.121094 0.132812
0 0.543945 0.268945 0.0332031 0.0464844
0 0.946484 0.354395 0.0960938 0.112305
0 0.952734 0.866602 0.0898438 0.198047
0 0.527441 0.37168 0.857617 0.743359
0 0.773438 0.580762 0.453125 0.732227
0 0.660352 0.885547 0.0410156 0.0445313
0 0.202246 0.268555 0.20332 0.333984
0 0.135693 0.2479 0.078418 0.189355
0 0.941406 0.901172 0.104688 0.194531
0 0.938672 0.417871 0.114844 0.180664
0 0.666211 0.880859 0.0722656 0.0867188
0 0.703906 0.214453 0.579688 0.428906
0 0.339258 0.180078 0.466797 0.348047
0 0.818164 0.201367 0.208984 0.402734
0 0.127881 0.204395 0.12002 0.381836
0 0.806445 0.513086 0.387109 0.839453
0 0.550391 0.154199 0.0617188 0.0845703
0 0.487305 0.0404419 0.0425781 0.0515381
0 0.775 0.116455 0.0296875 0.0401367
0 0.905078 0.50625 0.188281 0.30625
0 0.82168 0.836328 0.356641 0.327344
0 0.318359 0.614258 0.071875 0.0660156
0 0.826367 0.701172 0.167578 0.136719
0 0.121582 0.170068 0.116602 0.327051
0 0.910547 0.299902 0.178906 0.598633
0 0.743945 0.797656 0.151172 0.267188
0 0.804297 0.708594 0.391406 0.473438
0 0.772461 0.100684 0.101953 0.193555
0 0.873242 0.536914 0.253516 0.776172
0 0.722266 0.660937 0.338281 0.535937
0 0.774023 0.111719 0.0316406 0.034375
0 0.131445 0.213574 0.0710938 0.276758
0 0.863086 0.230859 0.273828 0.461719
0 0.921094 0.364746 0.157813 0.708789
0 0.789062 0.635742 0.421875 0.619141
0 0.768359 0.790625 0.122656 0.240625
0 0.537109 0.27627 0.0570313 0.0720703
0 0.140918 0.297266 0.0666016 0.0867188
0 0.537695 0.271094 0.0308594 0.0425781
0 0.925 0.421875 0.14375 0.765625
0 0.175586 0.135693 0.148828 0.229395
0 0.849414 0.258789 0.288672 0.507422
0 0.781641 0.700391 0.0726563 0.0914062
0 0.508008 0.0331055 0.0582031 0.0654297
0 0.487305 0.0361816 0.0417969 0.0579102
0 0.151172 0.137256 0.0773438 0.230957
0 0.341895 0.259961 0.477148 0.519922
0 0.244141 0.410547 0.0375 0.0515625
0 0.145215 0.103101 0.0822266 0.116064
0 0.672266 0.753125 0.250781 0.340625
0 0.780078 0.761914 0.0882813 0.198047
0 0.973828 0.421875 0.0523438 0.114844
0 0.348926 0.162256 0.477148 0.323535
0 0.792969 0.830078 0.0390625 0.0570313
0 0.136182 0.317773 0.0487305 0.0542969
0 0.923047 0.39043 0.0773438 0.0980469
0 0.826563 0.54375 0.025 0.0382813
0 0.8875 0.691406 0.053125 0.0765625
0 0.134033 0.0969727 0.0485352 0.0835937
0 0.245117 0.416797 0.0320312 0.0492188
0 0.910156 0.560352 0.179688 0.715234
0 0.743555 0.532227 0.0339844 0.0503906
0 0.735938 0.213867 0.471875 0.427734
0 0.738477 0.852734 0.166797 0.153906
0 0.67832 0.899609 0.0832031 0.0773438
0 0.852344 0.804297 0.295312 0.355469
0 0.201807 0.130908 0.182324 0.21084
0 0.770312 0.714453 0.0671875 0.0976562
0 0.541406 0.1479 0.217188 0.294824
0 0.925781 0.380371 0.053125 0.0822266
0 0.797266 0.736133 0.113281 0.168359
0 0.747461 0.794922 0.136328 0.247656
0 0.746094 0.872656 0.19375 0.151562
0 0.658789 0.889453 0.0386719 0.0429688
0 0.905469 0.48916 0.189063 0.282617
0 0.815234 0.700781 0.369531 0.504687
0 0.957031 0.423633 0.075 0.0964844
0 0.554297 0.143945 0.0382813 0.0513672
0 0.129834 0.31748 0.037793 0.0447266
0 0.903125 0.58457 0.0328125 0.0535156
0 0.871094 0.608789 0.257812 0.712109
0 0.144678 0.0916992 0.0754883 0.118945
0 0.532031 0.27793 0.04375 0.0566406
0 0.141553 0.0800781 0.0522461 0.104492
0 0.148145 0.063501 0.0599609 0.0952637
0 0.978516 0.404492 0.0429688 0.0886719
0 0.604297 0.0299438 0.0328125 0.049292
0 0.796875 0.711719 0.107813 0.114063
0 0.666797 0.858203 0.0890625 0.138281
0 0.969922 0.329492 0.0320312 0.0429688
0 0.685547 0.888281 0.0804688 0.0515625
0 0.779688 0.53125 0.14375 0.107031
0 0.834375 0.469531 0.33125 0.910937
0 0.64082 0.567383 0.0308594 0.0441406
0 0.784375 0.119189 0.046875 0.0584961
0 0.331445 0.613672 0.0644531 0.0789063
0 0.71582 0.810156 0.196484 0.257812
0 0.824219 0.501172 0.351562 0.891406
0 0.901563 0.593359 0.0375 0.0632813
0 0.798828 0.438672 0.382031 0.877344
0 0.924609 0.654883 0.150781 0.205859
0 0.687891 0.542773 0.567969 0.795703
0 0.663281 0.718555 0.23125 0.414453
0 0.638477 0.754687 0.206641 0.339063
0 0.322852 0.608008 0.0738281 0.0667969
0 0.684375 0.859766 0.0898438 0.130469
0 0.943359 0.874609 0.0945313 0.192969
0 0.153125 0.247754 0.112891 0.19668
0 0.144971 0.0792969 0.0709961 0.117969
0 0.540625 0.165723 0.0773438 0.0880859
0 0.639258 0.8125 0.196484 0.229687
0 0.433203 0.469531 0.03125 0.0585938
0 0.782422 0.111768 0.0304688 0.0360352
0 0.289404 0.181104 0.357129 0.347949
0 0.795898 0.830078 0.0613281 0.0726563
0 0.207422 0.186621 0.196875 0.322852
0 0.767969 0.706836 0.04375 0.0558594
0 0.778516 0.814844 0.283594 0.29375
0 0.951563 0.433008 0.096875 0.0988281
0 0.168799 0.184717 0.133887 0.321973
0 0.772656 0.701563 0.0515625 0.06875
0 0.817578 0.692773 0.358594 0.494141
0 0.200098 0.172852 0.185742 0.318359
0 0.676562 0.890234 0.0742188 0.0554687
0 0.175244 0.0852783 0.117871 0.144678
0 0.667578 0.885547 0.053125 0.0476562
0 0.342969 0.178662 0.476562 0.337207
0 0.815625 0.748438 0.36875 0.439063
0 0.544922 0.0399902 0.15 0.0791992
0 0.879492 0.5875 0.241016 0.382812
0 0.830078 0.541406 0.0351562 0.0460938
0 0.837109 0.53418 0.0429688 0.0519531
0 0.140576 0.103345 0.0518555 0.0970215
0 0.141895 0.298145 0.0677734 0.0779297
0 0.795703 0.742969 0.317969 0.398438
0 0.155566 0.174707 0.103711 0.30918
0 0.676758 0.886328 0.0769531 0.0539063
0 0.717773 0.797266 0.153516 0.255469
0 0.140723 0.0946045 0.0515625 0.105713
0 0.419434 0.201953 0.633789 0.403906
0 0.750781 0.799219 0.223438 0.26875
0 0.825977 0.59082 0.343359 0.358203
0 0.154883 0.081958 0.0800781 0.138818
0 0.686133 0.892969 0.0691406 0.0515625
0 0.832812 0.535742 0.034375 0.0464844
0 0.413574 0.168457 0.618164 0.336914
0 0.765039 0.711914 0.0433594 0.0597656
0 0.835156 0.539062 0.0421875 0.0578125
0 0.17583 0.0983398 0.119824 0.142383
0 0.200391 0.0799316 0.171094 0.149316
0 0.287256 0.180811 0.369238 0.334082
0 0.791406 0.829297 0.0375 0.0492188
0 0.823828 0.70918 0.157031 0.0964844
0 0.799414 0.763477 0.105859 0.198047
0 0.951172 0.404199 0.0976562 0.152539
0 0.349219 0.169287 0.483594 0.31377
0 0.498828 0.0385864 0.0492188 0.0575928
0 0.667383 0.882031 0.0582031 0.0546875
0 0.233545 0.17915 0.258691 0.325684
0 0.682617 0.883203 0.0816406 0.0726563
0 0.967969 0.426367 0.0625 0.0996094
0 0.665039 0.889063 0.0503906 0.0515625
0 0.816016 0.719336 0.367969 0.462891
0 0.793359 0.823047 0.0351562 0.0460938
0 0.290967 0.101733 0.37041 0.170752
0 0.967188 0.43457 0.0609375 0.0957031
0 0.788867 0.828906 0.0347656 0.0484375
0 0.524023 0.0371704 0.126953 0.0739014
0 0.775977 0.698633 0.0433594 0.0558594
0 0.667578 0.881641 0.0757812 0.0804688
0 0.348145 0.0942627 0.484961 0.177881
0 0.754492 0.7625 0.233203 0.325
0 0.202148 0.0986572 0.176172 0.142139
0 0.787695 0.823438 0.0386719 0.0484375
0 0.287207 0.172559 0.36543 0.314258
0 0.930859 0.653125 0.132031 0.1875
0 0.76875 0.709766 0.065625 0.0859375
0 0.145801 0.0998047 0.0791016 0.106055
0 0.953125 0.445898 0.09375 0.126953
0 0.725586 0.857031 0.166016 0.14375
0 0.974219 0.424219 0.0515625 0.107031
0 0.145703 0.0820557 0.0699219 0.14917
0 0.771484 0.702344 0.0414063 0.0585938
0 0.644141 0.567773 0.0335938 0.0433594
0 0.783203 0.759961 0.0789063 0.178516
0 0.884375 0.690625 0.053125 0.0640625
0 0.727734 0.823828 0.160156 0.202344
0 0.888281 0.563477 0.223438 0.367578
0 0.817969 0.815625 0.364063 0.325
0 0.768359 0.724609 0.278906 0.425781
0 0.501172 0.0341553 0.05 0.055127
0 0.780469 0.11748 0.034375 0.0423828
0 0.765625 0.710156 0.0359375 0.0515625
0 0.229297 0.170166 0.242188 0.310449
0 0.894531 0.510938 0.210938 0.290625
0 0.212207 0.0993896 0.201367 0.161377
0 0.695508 0.888672 0.106641 0.0726563
0 0.144775 0.0785645 0.0702148 0.115918
0 0.722266 0.758984 0.171094 0.330469
0 0.132324 0.300879 0.0572266 0.0744141
0 0.667773 0.857031 0.0847656 0.135937
0 0.795313 0.70957 0.103125 0.0878906
0 0.43916 0.112573 0.670117 0.221729
0 0.870313 0.674219 0.259375 0.592188
0 0.823242 0.694531 0.156641 0.1
0 0.685352 0.895703 0.0777344 0.0679687
0 0.874219 0.683594 0.0453125 0.05
0 0.50332 0.0370728 0.0660156 0.0692139
0 0.88125 0.684961 0.046875 0.0519531
0 0.879297 0.691016 0.0492188 0.0585938
0 0.779297 0.699805 0.0679687 0.0824219
0 0.67832 0.896875 0.0824219 0.06875
0 0.775977 0.11626 0.0292969 0.0389648
0 0.491992 0.0388184 0.0488281 0.0533203
0 0.951563 0.892969 0.09375 0.165625
0 0.844922 0.527734 0.0679687 0.0710938
0 0.148828 0.0621094 0.05625 0.0888672
0 0.791211 0.829688 0.0535156 0.0625
0 0.873047 0.561523 0.119531 0.114453
0 0.141455 0.0814941 0.0520508 0.104004
0 0.144775 0.0915039 0.0745117 0.117578
0 0.24043 0.0998535 0.265625 0.168262
0 0.795313 0.692383 0.325 0.480859
0 0.763281 0.716602 0.03125 0.0441406
0 0.661523 0.883984 0.0441406 0.0445313
0 0.494531 0.0342041 0.0507812 0.0516113
0 0.695703 0.894922 0.0609375 0.0476562
0 0.825391 0.557422 0.339844 0.353906
0 0.800391 0.718359 0.342969 0.447656
0 0.204199 0.268262 0.0318359 0.0443359
0 0.828125 0.543164 0.0265625 0.0394531
0 0.825 0.734961 0.1625 0.151953
0 0.433887 0.276563 0.667383 0.553125
0 0.842188 0.534766 0.06875 0.0867188
0 0.694141 0.897266 0.071875 0.0710938
0 0.146045 0.095459 0.0676758 0.140527
0 0.135107 0.112549 0.0473633 0.0735352
0 0.15791 0.294922 0.112695 0.0914062
0 0.873828 0.588281 0.121094 0.164844
0 0.772656 0.775977 0.0734375 0.198047
0 0.77793 0.704688 0.284766 0.473438
0 0.726953 0.873828 0.171094 0.135156
0 0.140674 0.309863 0.0563477 0.0513672
0 0.901563 0.55625 0.175 0.128125
0 0.828125 0.538086 0.034375 0.0464844
0 0.775195 0.1125 0.0355469 0.0355469
0 0.952344 0.925391 0.0953125 0.142969
0 0.545508 0.0529297 0.164453 0.105078
0 0.156641 0.0520874 0.05625 0.0823486
0 0.15498 0.116382 0.101367 0.21333
0 0.332422 0.13252 0.0292969 0.0417969
0 0.851562 0.687109 0.204688 0.1125
0 0.130127 0.293164 0.0647461 0.0980469
0 0.507422 0.0317505 0.059375 0.0606201
0 0.686328 0.888672 0.078125 0.0539063
0 0.789062 0.61875 0.3625 0.317188
0 0.150879 0.305664 0.0810547 0.0628906
0 0.94375 0.433398 0.1 0.108203
0 0.913281 0.601562 0.173438 0.45
0 0.973828 0.433398 0.0523438 0.107422
0 0.236719 0.0806641 0.245312 0.150195
0 0.153613 0.0540649 0.0451172 0.0670654
0 0.648828 0.56875 0.0335938 0.0476562
0 0.780859 0.712305 0.0835937 0.101953
0 0.153711 0.0631836 0.0710938 0.103125
0 0.200781 0.269629 0.0265625 0.0376953
0 0.957422 0.424219 0.0804688 0.090625
0 0.888281 0.450098 0.223438 0.52793
0 0.923438 0.533984 0.146875 0.377344
0 0.927734 0.675195 0.138281 0.158984
0 0.680664 0.899609 0.0792969 0.0851563
0 0.779492 0.830859 0.287891 0.327344
0 0.475781 0.0364258 0.107031 0.0709961
0 0.236768 0.104541 0.240918 0.136621
0 0.935547 0.630664 0.122656 0.210547
0 0.957031 0.432617 0.078125 0.0871094
0 0.698047 0.863672 0.113281 0.124219
0 0.861133 0.705664 0.232422 0.104297
0 0.573242 0.20332 0.0324219 0.0550781
0 0.905469 0.509375 0.178125 0.228125
0 0.904297 0.583203 0.0335938 0.0492188
0 0.345313 0.251074 0.486719 0.493164
0 0.767969 0.128516 0.0703125 0.0779297
0 0.246875 0.416992 0.0285156 0.0433594
0 0.867188 0.683008 0.0421875 0.0480469
0 0.784766 0.118506 0.0429688 0.0491211
0 0.795313 0.742188 0.1 0.15
0 0.969531 0.427637 0.0609375 0.117383
0 0.604102 0.0302002 0.0316406 0.044873
0 0.757812 0.663086 0.40625 0.378516
0 0.783203 0.112207 0.0320312 0.0357422
0 0.903125 0.523438 0.176563 0.185938
0 0.843359 0.503125 0.300781 0.285938
0 0.836328 0.683594 0.327344 0.58125
0 0.928516 0.418555 0.0476562 0.0488281
0 0.645117 0.562305 0.0316406 0.0355469
0 0.873047 0.54707 0.119531 0.133203
0 0.564453 0.205566 0.0382813 0.0533203
0 0.913672 0.570898 0.172656 0.391797
0 0.841406 0.535547 0.0703125 0.108594
0 0.641016 0.567383 0.0320312 0.0417969
0 0.158057 0.250684 0.11748 0.180664
0 0.166504 0.288281 0.111133 0.10625
0 0.942969 0.405273 0.101562 0.162109
0 0.685938 0.860547 0.0882813 0.124219
0 0.951953 0.382715 0.0960938 0.18457
0 0.713086 0.718555 0.216016 0.425391
0 0.251172 0.418164 0.0332031 0.0464844
0 0.780273 0.826953 0.0503906 0.0648438
0 0.760156 0.131201 0.0765625 0.0827148
0 0.661133 0.880469 0.0472656 0.059375
0 0.488086 0.0342285 0.0472656 0.0516602
0 0.330664 0.138867 0.0355469 0.0486328
0 0.298633 0.112549 0.123047 0.0975586
0 0.875781 0.61543 0.126563 0.225391
0 0.14585 0.0665039 0.0436523 0.0603516
0 0.843359 0.554492 0.0632813 0.116797
0 0.429785 0.0831055 0.658398 0.166211
0 0.767188 0.118213 0.05 0.0504883
0 0.826367 0.65332 0.159766 0.190234
0 0.758398 0.824609 0.242578 0.297656
0 0.896484 0.576953 0.163281 0.147656
0 0.878516 0.691992 0.161719 0.103516
0 0.839063 0.733984 0.321875 0.510156
0 0.136035 0.101416 0.0480469 0.0819336
0 0.920703 0.417773 0.0320312 0.0410156
0 0.866211 0.29668 0.264453 0.593359
0 0.566406 0.0395142 0.1375 0.0752686
0 0.782617 0.829297 0.0457031 0.0570313
0 0.157813 0.295508 0.0878906 0.0816406
0 0.581055 0.194043 0.0300781 0.0443359
0 0.342871 0.304688 0.488477 0.595313
0 0.889844 0.69082 0.075 0.0777344
0 0.149805 0.0869385 0.0753906 0.131592
0 0.674805 0.890234 0.0699219 0.0507812
0 0.676953 0.882031 0.078125 0.075
0 0.76543 0.705469 0.0394531 0.05625
0 0.137891 0.0969238 0.0533203 0.115137
0 0.667773 0.885547 0.0550781 0.0460938
0 0.144531 0.0845459 0.0730469 0.142041
0 0.734961 0.79082 0.191016 0.257422
0 0.13501 0.103613 0.0495117 0.0947266
0 0.762695 0.140039 0.0871094 0.102734
0 0.665039 0.888672 0.0550781 0.0507812
0 0.761328 0.710547 0.0429688 0.0632813
0 0.173145 0.0886475 0.120117 0.133447
0 0.72793 0.833008 0.161328 0.185547
0 0.158545 0.186621 0.109082 0.326758
0 0.721484 0.789844 0.171094 0.257812
0 0.951563 0.433398 0.096875 0.0996094
0 0.665039 0.883594 0.0824219 0.078125
0 0.137939 0.104077 0.053418 0.0986816
0 0.966016 0.426953 0.0664062 0.100781
0 0.143652 0.0967529 0.0716797 0.119385
0 0.966016 0.434766 0.0632813 0.0921875
0 0.544336 0.0381836 0.148828 0.0763672
0 0.674023 0.8875 0.0699219 0.0515625
0 0.521094 0.0348389 0.119531 0.0696777
0 0.768555 0.700586 0.0503906 0.0652344
0 0.828125 0.541406 0.034375 0.046875
0 0.133887 0.115039 0.0435547 0.0689453
0 0.949219 0.410156 0.101562 0.140625
0 0.763867 0.709961 0.0332031 0.0519531
0 0.174805 0.101025 0.122266 0.130371
0 0.666797 0.858203 0.0867188 0.127344
0 0.14668 0.0962402 0.0675781 0.121582
0 0.661719 0.883594 0.0453125 0.04375
0 0.675586 0.894531 0.0769531 0.0609375
0 0.724219 0.859375 0.164062 0.134375
0 0.831641 0.537891 0.0476562 0.0578125
0 0.13833 0.0857422 0.0524414 0.116406
0 0.667188 0.882812 0.0585938 0.0515625
0 0.835156 0.534766 0.04375 0.0476562
0 0.832422 0.536133 0.0335938 0.0457031
0 0.770312 0.700391 0.0328125 0.0539063
0 0.493359 0.0337891 0.0523438 0.0474609
0 0.760156 0.717383 0.0296875 0.0449219
0 0.200195 0.187451 0.183594 0.330566
0 0.758203 0.132373 0.0773438 0.0860352
0 0.682617 0.894141 0.0644531 0.0445313
0 0.768945 0.142871 0.0964844 0.107617
0 0.693945 0.887109 0.106641 0.0695313
0 0.12876 0.30166 0.0594727 0.0771484
0 0.140869 0.299707 0.0694336 0.0779297
0 0.682422 0.896094 0.0703125 0.0578125
0 0.489453 0.0383911 0.0492188 0.0506592
0 0.765234 0.707422 0.0664062 0.0859375
0 0.498242 0.0327881 0.0574219 0.0490723
0 0.75918 0.150195 0.0832031 0.1
0 0.494727 0.037085 0.0582031 0.0561035
0 0.155762 0.296777 0.110742 0.0880859
0 0.780859 0.705664 0.0757812 0.0816406
0 0.150391 0.175879 0.0882813 0.319336
0 0.752539 0.139258 0.0730469 0.0875
0 0.762891 0.799609 0.242969 0.275781
0 0.773633 0.697266 0.0402344 0.0492188
0 0.15127 0.0537964 0.0455078 0.0588135
0 0.782617 0.116846 0.0269531 0.0401367
0 0.145654 0.059082 0.0586914 0.0800781
0 0.142432 0.0830078 0.0709961 0.129102
0 0.674805 0.898438 0.0761719 0.084375
0 0.767383 0.704297 0.0652344 0.09375
0 0.293896 0.0967285 0.379395 0.168262
0 0.195312 0.175879 0.177344 0.331445
0 0.682422 0.864062 0.0882813 0.110937
0 0.778125 0.729883 0.0703125 0.124609
0 0.779688 0.760547 0.0765625 0.196094
0 0.770312 0.110986 0.0984375 0.16084
0 0.793359 0.708789 0.100781 0.0878906
0 0.285889 0.178223 0.36416 0.337695
0 0.697656 0.866016 0.116406 0.113281
0 0.138623 0.310449 0.0594727 0.0498047
0 0.194629 0.0839111 0.161523 0.141162
0 0.744531 0.134912 0.090625 0.129395
0 0.826563 0.544141 0.0265625 0.0398437
0 0.475 0.0349487 0.110937 0.069165
0 0.658984 0.888281 0.0453125 0.046875
0 0.142432 0.0644043 0.0442383 0.0583008
0 0.766992 0.156934 0.0941406 0.116602
0 0.232422 0.178271 0.254688 0.327441
0 0.431641 0.468359 0.0304688 0.0617188
0 0.27793 0.171875 0.346484 0.321875
0 0.766211 0.126465 0.0738281 0.0757812
0 0.12666 0.293652 0.0619141 0.102539
0 0.972656 0.425488 0.053125 0.107617
0 0.776172 0.698242 0.0648438 0.0800781
0 0.785547 0.118213 0.0382813 0.0442383
0 0.691406 0.899219 0.065625 0.05625
0 0.486328 0.0391113 0.0453125 0.0461914
0 0.839453 0.532422 0.0679687 0.0820312
0 0.722852 0.769336 0.185547 0.301953
0 0.732813 0.772852 0.189063 0.291797
0 0.408008 0.167676 0.596484 0.335352
0 0.761719 0.108545 0.0953125 0.161035
0 0.425977 0.468164 0.0378906 0.0675781
0 0.953906 0.450586 0.0921875 0.135547
0 0.424414 0.209766 0.633984 0.419531
0 0.939063 0.408984 0.117188 0.154688
0 0.433496 0.0958984 0.646289 0.191797
0 0.644336 0.567969 0.0292969 0.0429688
0 0.661719 0.882031 0.0476562 0.05625
0 0.24624 0.09729 0.275488 0.172998
0 0.939453 0.433398 0.116406 0.108984
0 0.822266 0.689844 0.153906 0.105469
0 0.135889 0.0931641 0.0489258 0.100781
0 0.154932 0.0515625 0.0549805 0.0716797
0 0.796875 0.699414 0.10625 0.0871094
0 0.351562 0.0900879 0.48125 0.169043
0 0.14082 0.287695 0.0804688 0.103125
0 0.955469 0.424609 0.0796875 0.0867188
0 0.488086 0.0338135 0.0457031 0.0466309
0 0.856836 0.235938 0.286328 0.471875
0 0.500195 0.0337402 0.0972656 0.0674805
0 0.142578 0.0944824 0.075 0.127441
0 0.324414 0.111719 0.173047 0.107422
0 0.157715 0.232666 0.116602 0.36123
0 0.152295 0.0615967 0.0696289 0.100635
0 0.777148 0.112402 0.0363281 0.0349609
0 0.746094 0.149951 0.071875 0.115723
0 0.822461 0.708203 0.153516 0.103906
0 0.307031 0.110791 0.213281 0.10459
0 0.585547 0.47832 0.0226563 0.0386719
0 0.926172 0.418359 0.0429688 0.0429688
0 0.229297 0.172412 0.239453 0.322363
0 0.136328 0.304297 0.0738281 0.0796875
0 0.74707 0.532031 0.132422 0.0890625
0 0.949609 0.380371 0.100781 0.189258
0 0.196875 0.0979004 0.167969 0.134668
0 0.503711 0.03479 0.0714844 0.0647949
0 0.778125 0.713672 0.08125 0.110937
0 0.432031 0.455859 0.0265625 0.0453125
0 0.741406 0.146631 0.05 0.0708008
0 0.353906 0.112134 0.114063 0.0995606
0 0.392188 0.0965332 0.034375 0.0405273
0 0.788672 0.828125 0.0320312 0.0453125
0 0.144141 0.0995606 0.0789063 0.108105
0 0.764063 0.706445 0.040625 0.0683594
0 0.794141 0.823828 0.0304688 0.0398437
0 0.725781 0.880078 0.167187 0.108594
0 0.773047 0.529492 0.186719 0.0972656
0 0.78418 0.111914 0.0300781 0.0355469
0 0.14873 0.304688 0.0962891 0.0796875
0 0.397949 0.0428711 0.591602 0.0857422
0 0.788086 0.823438 0.0363281 0.040625
0 0.95625 0.433203 0.078125 0.0867188
0 0.777148 0.832031 0.0597656 0.0640625
0 0.748438 0.52207 0.134375 0.0832031
0 0.777148 0.11665 0.0285156 0.0385742
0 0.901563 0.0428467 0.175 0.0838379
0 0.764063 0.772266 0.251563 0.308594
0 0.149854 0.0571777 0.0375977 0.0532227
0 0.760938 0.137891 0.0828125 0.0921875
0 0.841406 0.53125 0.0625 0.0578125
0 0.973047 0.43125 0.0523438 0.0984375
0 0.199023 0.100952 0.177734 0.173877
0 0.319043 0.604688 0.0896484 0.0726563
0 0.766406 0.682422 0.0765625 0.115625
0 0.201172 0.226416 0.189063 0.316699
0 0.447559 0.299219 0.686133 0.598437
0 0.827344 0.538867 0.0359375 0.0488281
0 0.127881 0.117676 0.0360352 0.0636719
0 0.167578 0.29248 0.119922 0.0974609
0 0.506445 0.0293945 0.0628906 0.0525391
0 0.835156 0.531055 0.0734375 0.0925781
0 0.347852 0.161523 0.469141 0.305078
0 0.527539 0.0306396 0.143359 0.0612793
0 0.667383 0.894922 0.0675781 0.0601563
0 0.793359 0.747656 0.0992187 0.171875
0 0.798828 0.762109 0.107031 0.207031
0 0.13501 0.317578 0.0487305 0.0449219
0 0.873438 0.560938 0.129688 0.117188
0 0.343262 0.176563 0.461133 0.34375
0 0.23833 0.083252 0.247559 0.143652
0 0.793359 0.829297 0.0320312 0.0445313
0 0.733984 0.177148 0.0257812 0.0382813
0 0.30625 0.0822022 0.2125 0.148877
0 0.45625 0.0380249 0.16875 0.0747314
0 0.326074 0.0822998 0.168164 0.155518
0 0.278711 0.0828247 0.344141 0.141187
0 0.1479 0.120361 0.0823242 0.224512
0 0.824219 0.54668 0.04375 0.0589844
0 0.797656 0.104883 0.153125 0.16875
0 0.773438 0.122754 0.0546875 0.0623047
0 0.767383 0.731445 0.0636719 0.137109
0 0.691211 0.896094 0.0628906 0.0421875
0 0.746484 0.137109 0.0632813 0.0871094
0 0.320703 0.606445 0.0554687 0.0378906
0 0.406641 0.0798584 0.592969 0.15376
0 0.765625 0.727539 0.078125 0.115234
0 0.393555 0.0958984 0.0574219 0.0457031
0 0.492773 0.0453003 0.0660156 0.0726807
0 0.761914 0.75957 0.0871094 0.205859
0 0.355762 0.0808105 0.114258 0.145801
0 0.759766 0.119092 0.0789063 0.0610352
0 0.854297 0.559375 0.0960938 0.116406
0 0.919922 0.417969 0.0320312 0.0398437
0 0.136377 0.120752 0.0463867 0.0569336
0 0.872656 0.545703 0.125 0.127344
0 0.733594 0.171777 0.0265625 0.0392578
0 0.799805 0.0874023 0.156641 0.16543
0 0.876563 0.0418091 0.178125 0.0823975
0 0.828125 0.546289 0.0640625 0.0816406
0 0.15791 0.0447388 0.0349609 0.0507568
0 0.79707 0.211523 0.155859 0.392578
0 0.939063 0.418164 0.0734375 0.0542969
0 0.79043 0.112012 0.0332031 0.0367188
0 0.311816 0.604883 0.0779297 0.0730469
0 0.777734 0.695508 0.0601563 0.0574219
0 0.847266 0.236914 0.282031 0.466797
0 0.42832 0.457813 0.0300781 0.053125
0 0.391699 0.103418 0.0541016 0.0529297
0 0.743555 0.18125 0.0566406 0.0472656
0 0.875 0.596875 0.132812 0.185938
0 0.756445 0.716992 0.0324219 0.0457031
0 0.756445 0.718555 0.0589844 0.0738281
0 0.321191 0.601953 0.0681641 0.0351562
0 0.44043 0.0423096 0.241016 0.0831543
0 0.757617 0.712695 0.0410156 0.0660156
0 0.345703 0.0792603 0.461719 0.14519
0 0.797656 0.154639 0.153125 0.307129
0 0.386523 0.0967773 0.0308594 0.0367188
0 0.545117 0.0544189 0.161328 0.107568
0 0.7375 0.108228 0.123438 0.176123
0 0.838281 0.554688 0.0640625 0.117188
0 0.819922 0.638672 0.358594 0.461719
0 0.391797 0.10332 0.0328125 0.0419922
0 0.486328 0.0455688 0.05625 0.0643311
0 0.939453 0.383105 0.116406 0.189258
0 0.928125 0.652539 0.140625 0.178516
0 0.331641 0.13208 0.0261719 0.0411133
0 0.587891 0.478711 0.0304688 0.0449219
0 0.158789 0.251025 0.119141 0.182324
0 0.820703 0.283398 0.0273438 0.0351562
0 0.565625 0.0378906 0.1375 0.0757812
0 0.683984 0.889453 0.071875 0.0539063
0 0.120313 0.0821289 0.10918 0.157617
0 0.433789 0.467578 0.0378906 0.0664062
0 0.971875 0.427539 0.05625 0.111328
0 0.971484 0.40498 0.0570313 0.15332
0 0.731445 0.794141 0.157422 0.247656
0 0.855273 0.25127 0.289453 0.472461
0 0.770898 0.0938477 0.0988281 0.175977
0 0.247363 0.417383 0.0248047 0.0425781
0 0.783008 0.835547 0.0527344 0.0617188
0 0.132959 0.325 0.0555664 0.0625
0 0.351562 0.132617 0.124219 0.114844
0 0.130566 0.124219 0.0345703 0.0476562
0 0.901172 0.529297 0.175781 0.170313
0 0.769531 0.517383 0.1625 0.0933594
0 0.151465 0.0817871 0.0787109 0.128027
0 0.353711 0.116699 0.0917969 0.0658203
0 0.123047 0.301953 0.0460938 0.0746094
0 0.657227 0.883594 0.0371094 0.0453125
0 0.729297 0.800781 0.182031 0.257812
0 0.148975 0.0867676 0.0801758 0.138184
0 0.158496 0.222363 0.12207 0.424023
0 0.757031 0.137256 0.0890625 0.106348
0 0.724219 0.856641 0.176563 0.144531
0 0.72793 0.835938 0.172266 0.1875
0 0.307813 0.605273 0.0796875 0.0761719
0 0.665039 0.885547 0.0652344 0.0632813
0 0.741992 0.531445 0.122266 0.0941406
0 0.674609 0.885938 0.0796875 0.0671875
0 0.310742 0.588086 0.08125 0.0910156
0 0.721094 0.799023 0.18125 0.258203
0 0.517969 0.0383789 0.114063 0.0748047
0 0.318066 0.606055 0.0755859 0.0417969
0 0.146777 0.0961914 0.0763672 0.133008
0 0.316406 0.605859 0.0859375 0.0757812
0 0.172266 0.0994385 0.126172 0.146826
0 0.140137 0.0982422 0.0712891 0.124609
0 0.662305 0.883203 0.0824219 0.0882813
0 0.284375 0.319922 0.375781 0.616406
0 0.141455 0.0855713 0.0733398 0.144482
0 0.673633 0.883203 0.0832031 0.0820312
0 0.198535 0.220264 0.195898 0.413379
0 0.544141 0.0407349 0.148438 0.0786865
0 0.742188 0.523438 0.121875 0.0835937
0 0.725 0.530664 0.078125 0.0800781
0 0.764258 0.703516 0.0433594 0.0617188
0 0.965625 0.425684 0.06875 0.111914
0 0.171826 0.0874268 0.121973 0.141943
0 0.726172 0.524414 0.0992187 0.0839844
0 0.152588 0.187451 0.100684 0.350488
0 0.316113 0.323438 0.419336 0.64375
0 0.494727 0.033667 0.0691406 0.067334
0 0.754883 0.147949 0.0871094 0.117383
0 0.309668 0.605859 0.0658203 0.0414063
0 0.666992 0.884766 0.0621094 0.0601563
0 0.488086 0.0352295 0.0574219 0.0612793
0 0.722656 0.530469 0.0945313 0.0898438
0 0.200928 0.224707 0.206738 0.432617
0 0.132422 0.100049 0.0537109 0.110254
0 0.229834 0.221484 0.25752 0.442969
0 0.137012 0.0961182 0.0628906 0.124561
0 0.491602 0.0321899 0.0535156 0.0509521
0 0.758594 0.111841 0.0953125 0.147021
0 0.767578 0.698242 0.0554687 0.0753906
0 0.128564 0.298438 0.0635742 0.0964844
0 0.766016 0.139453 0.0945313 0.1125
0 0.148633 0.207129 0.103516 0.288086
0 0.844141 0.236719 0.285156 0.473438
0 0.709375 0.533398 0.105469 0.0972656
0 0.643945 0.568359 0.0300781 0.0445313
0 0.673242 0.891797 0.0878906 0.0742188
0 0.497852 0.0368408 0.0941406 0.0724121
0 0.67207 0.90625 0.0847656 0.10625
0 0.132178 0.107715 0.0504883 0.0966797
0 0.31875 0.595117 0.0898438 0.0824219
0 0.841797 0.258691 0.300781 0.498242
0 0.316406 0.608398 0.0828125 0.0597656
0 0.767383 0.11084 0.0964844 0.151367
0 0.760547 0.804297 0.228906 0.258594
0 0.775 0.760547 0.096875 0.207031
0 0.226318 0.210107 0.254395 0.404785
0 0.773633 0.528906 0.180859 0.103125
0 0.135498 0.1021 0.0682617 0.110059
0 0.826172 0.539648 0.0398437 0.0535156
0 0.932422 0.408398 0.135156 0.151953
0 0.771484 0.698828 0.0320312 0.0546875
0 0.486133 0.0329834 0.0472656 0.0500488
0 0.828906 0.533984 0.05625 0.0695313
0 0.660547 0.885547 0.0515625 0.0554687
0 0.763867 0.708203 0.0363281 0.0554687
0 0.328418 0.605859 0.0560547 0.040625
0 0.287402 0.581836 0.124805 0.112109
0 0.712891 0.769336 0.207031 0.316016
0 0.315039 0.331836 0.418359 0.659766
0 0.743164 0.135498 0.104297 0.125879
0 0.563672 0.573535 0.761719 0.724805
0 0.727734 0.773047 0.188281 0.302344
0 0.763867 0.162109 0.0941406 0.153906
0 0.126221 0.287891 0.0665039 0.128906
0 0.666406 0.860938 0.0867188 0.132812
0 0.49707 0.0305786 0.0589844 0.0532959
0 0.125244 0.336523 0.0901367 0.171484
0 0.130811 0.206689 0.0803711 0.290527
0 0.932422 0.432031 0.135156 0.120313
0 0.765234 0.125977 0.0789063 0.0855469
0 0.323145 0.606641 0.0794922 0.0632813
0 0.235791 0.268164 0.283105 0.496484
0 0.832422 0.536328 0.0351562 0.0492188
0 0.282813 0.326562 0.380469 0.642969
0 0.136279 0.317773 0.0495117 0.0503906
0 0.482812 0.0378174 0.053125 0.0532715
0 0.195947 0.0824951 0.169043 0.146924
0 0.546484 0.0561279 0.157813 0.1104
0 0.758398 0.707617 0.0582031 0.0730469
0 0.908984 0.433984 0.177344 0.115625
0 0.286426 0.238086 0.37168 0.476172
0 0.757617 0.130957 0.0816406 0.0935547
0 0.973828 0.426465 0.0523438 0.126758
0 0.717578 0.525586 0.0859375 0.0730469
0 0.307422 0.627734 0.0792969 0.0992187
0 0.814844 0.312598 0.071875 0.119727
0 0.150781 0.279395 0.112109 0.151367
0 0.473047 0.0379272 0.1 0.075708
0 0.783203 0.116504 0.0289063 0.0423828
0 0.318945 0.603711 0.0808594 0.0410156
0 0.459082 0.104688 0.700586 0.209375
0 0.674805 0.885547 0.0769531 0.0664062
0 0.310645 0.560742 0.0908203 0.145703
0 0.508301 0.339648 0.817773 0.679297
0 0.148633 0.307813 0.107422 0.20625
0 0.113989 0.356445 0.0942871 0.155859
0 0.297412 0.105347 0.387988 0.190479
0 0.424219 0.469727 0.0445313 0.0753906
0 0.131299 0.282617 0.084082 0.127344
0 0.768555 0.0920166 0.0988281 0.169873
0 0.84043 0.160938 0.273828 0.321875
0 0.166113 0.224805 0.145508 0.420703
0 0.201611 0.293506 0.212793 0.305176
0 0.642188 0.568164 0.0351562 0.0472656
0 0.750781 0.138965 0.0875 0.0974609
0 0.843359 0.211084 0.285156 0.42002
0 0.732227 0.311719 0.466797 0.620313
0 0.342187 0.841406 0.110156 0.0671875
0 0.796875 0.0858887 0.15625 0.162207
0 0.207715 0.312305 0.148242 0.253516
0 0.43125 0.470898 0.0296875 0.0675781
0 0.301074 0.606445 0.0505859 0.0394531
0 0.660547 0.903125 0.0835937 0.103125
0 0.504492 0.0359863 0.0816406 0.0719727
0 0.760156 0.77168 0.239063 0.312891
0 0.428418 0.0654785 0.211914 0.12373
0 0.13877 0.0847412 0.0576172 0.123486
0 0.833984 0.533203 0.0460938 0.0554687
0 0.682031 0.891406 0.0835937 0.0765625
0 0.606348 0.527344 0.781055 0.815625
0 0.344531 0.609961 0.134375 0.0832031
0 0.127148 0.308203 0.0847656 0.148438
0 0.116772 0.084375 0.129346 0.160547
0 0.717188 0.537109 0.0898438 0.0820312
0 0.451953 0.0622803 0.15 0.118604
0 0.323633 0.844531 0.0871094 0.075
0 0.955078 0.430273 0.0898438 0.110547
0 0.132617 0.318652 0.0435547 0.0451172
0 0.782422 0.116162 0.0429688 0.0508789
0 0.797266 0.752734 0.114844 0.228906
0 0.133838 0.320117 0.0637695 0.0765625
0 0.327734 0.085083 0.164844 0.165381
0 0.796484 0.16167 0.166406 0.322363
0 0.769531 0.520898 0.164062 0.0910156
0 0.143066 0.101001 0.0884766 0.115771
0 0.245996 0.417969 0.0267578 0.0429688
0 0.797266 0.103369 0.158594 0.178027
0 0.291797 0.392676 0.371875 0.500586
0 0.305273 0.0833984 0.228516 0.159375
0 0.965234 0.433789 0.0679687 0.105859
0 0.773242 0.695703 0.0410156 0.0570313
0 0.738477 0.109668 0.132422 0.175977
0 0.696875 0.8625 0.125 0.128125
0 0.908984 0.411621 0.157031 0.133008
0 0.626563 0.355664 0.734375 0.711328
0 0.803711 0.213574 0.200391 0.417383
0 0.30625 0.610156 0.0714844 0.05625
0 0.324023 0.837891 0.0917969 0.0664062
0 0.800391 0.294727 0.341406 0.565234
0 0.759961 0.137109 0.0894531 0.0992187
0 0.426563 0.465039 0.0382813 0.0824219
0 0.237939 0.0823242 0.258496 0.147852
0 0.276074 0.504492 0.0333984 0.0503906
0 0.84375 0.115625 0.265625 0.23125
0 0.195557 0.113818 0.180762 0.210645
0 0.710547 0.517383 0.110937 0.102734
0 0.294434 0.451562 0.34082 0.371094
0 0.765625 0.709375 0.0765625 0.100781
0 0.492383 0.0491699 0.0816406 0.0983398
0 0.657227 0.887891 0.0550781 0.0539063
0 0.742578 0.15332 0.0976562 0.133594
0 0.68125 0.888281 0.075 0.0625
0 0.315137 0.847266 0.0654297 0.0617188
0 0.199219 0.0977783 0.177734 0.148193
0 0.451172 0.0420532 0.136719 0.0822998
0 0.679492 0.709375 0.284766 0.43125
0 0.777148 0.696484 0.0722656 0.0914062
0 0.152686 0.24248 0.116113 0.218945
0 0.327832 0.108984 0.166211 0.130664
0 0.205566 0.355176 0.148242 0.178711
0 0.709961 0.844531 0.155078 0.16875
0 0.678906 0.862109 0.0914062 0.125781
0 0.465234 0.170508 0.716406 0.341016
0 0.604102 0.538867 0.754297 0.800391
0 0.197021 0.179736 0.185254 0.34248
0 0.285596 0.207471 0.367871 0.406934
0 0.638672 0.57207 0.0476562 0.0628906
0 0.933203 0.381641 0.133594 0.198437
0 0.779492 0.0872803 0.0660156 0.117822
0 0.757227 0.71543 0.0417969 0.0527344
0 0.568359 0.57998 0.738281 0.733789
0 0.928906 0.492676 0.142188 0.301367
0 0.129004 0.345801 0.0583984 0.106055
0 0.805859 0.527734 0.208594 0.103906
0 0.955469 0.410254 0.0890625 0.137305
0 0.728711 0.517383 0.0886719 0.0566406
0 0.772461 0.12251 0.0644531 0.074707
0 0.8375 0.496094 0.325 0.247656
0 0.785156 0.647852 0.298438 0.526172
0 0.777539 0.115283 0.0402344 0.0475586
0 0.328418 0.497949 0.25957 0.283789
0 0.788477 0.830078 0.0402344 0.0523438
0 0.389648 0.0962158 0.0386719 0.0427246
0 0.764258 0.705469 0.0417969 0.0734375
0 0.173633 0.308008 0.149219 0.230078
0 0.205176 0.384766 0.145508 0.122656
0 0.791016 0.829297 0.0382813 0.0523438
0 0.856445 0.237891 0.285547 0.475781
0 0.31123 0.602734 0.0677734 0.0445313
0 0.773438 0.662109 0.282813 0.541406
0 0.453125 0.08396 0.170313 0.155713
0 0.113477 0.332813 0.1 0.182031
0 0.278418 0.396094 0.389258 0.4875
0 0.141797 0.0955811 0.0816406 0.131104
0 0.811328 0.239648 0.241406 0.476953
0 0.307031 0.518555 0.0929688 0.233203
0 0.722461 0.253516 0.356641 0.507031
0 0.954688 0.423633 0.0875 0.101172
0 0.145996 0.0596924 0.0626953 0.0890137
0 0.704102 0.556641 0.158984 0.133594
0 0.286328 0.605273 0.122656 0.0871094
0 0.315039 0.633008 0.0855469 0.114453
0 0.245117 0.412109 0.0308594 0.0421875
0 0.354883 0.0825928 0.112109 0.153955
0 0.639453 0.107031 0.372656 0.214062
0 0.14917 0.124634 0.0942383 0.239795
0 0.343652 0.092749 0.477539 0.181299
0 0.822656 0.644043 0.353125 0.583789
0 0.730078 0.70918 0.194531 0.437891
0 0.120752 0.300293 0.0569336 0.0916016
0 0.151367 0.0530029 0.0470703 0.064502
0 0.839844 0.532422 0.0765625 0.0984375
0 0.288672 0.558398 0.11875 0.161328
0 0.841797 0.346094 0.308594 0.692187
0 0.167139 0.20918 0.142676 0.281641
0 0.236426 0.409766 0.0494141 0.0515625
0 0.64082 0.571875 0.0566406 0.0710938
0 0.752344 0.163525 0.11875 0.325293
0 0.149316 0.333594 0.114258 0.195312
0 0.762305 0.85625 0.244141 0.242188
0 0.903125 0.501758 0.185938 0.263672
0 0.826563 0.543555 0.03125 0.0425781
0 0.689453 0.561133 0.203906 0.148047
0 0.725195 0.558203 0.102734 0.139063
0 0.43125 0.461523 0.028125 0.0621094
0 0.726367 0.544336 0.0683594 0.0535156
0 0.133789 0.241699 0.0847656 0.214258
0 0.205859 0.301172 0.239063 0.507812
0 0.777734 0.111719 0.0429688 0.0425781
0 0.30791 0.5875 0.0716797 0.090625
0 0.693945 0.8875 0.116797 0.0890625
0 0.755469 0.759375 0.120313 0.204688
0 0.676172 0.110742 0.289844 0.221484
0 0.700781 0.213086 0.270313 0.426172
0 0.751953 0.501953 0.146094 0.135156
0 0.232227 0.383496 0.108203 0.119727
0 0.789453 0.116113 0.155469 0.232227
0 0.352441 0.106567 0.110742 0.121631
0 0.143066 0.0825439 0.0751953 0.129443
0 0.536914 0.565234 0.677734 0.735156
0 0.750195 0.121875 0.116797 0.24375
0 0.787109 0.825 0.0429688 0.0546875
0 0.131006 0.32373 0.0518555 0.0587891
0 0.817578 0.525195 0.0710938 0.0871094
0 0.331934 0.607813 0.0814453 0.0703125
0 0.427832 0.0840088 0.223242 0.154834
0 0.755078 0.567187 0.163281 0.165625
0 0.755078 0.184277 0.0882813 0.194336
0 0.839844 0.443652 0.320312 0.277539
0 0.505273 0.0286621 0.0628906 0.0540039
0 0.733789 0.676562 0.202734 0.496875
0 0.644922 0.568164 0.0375 0.0496094
0 0.692969 0.538867 0.190625 0.124609
0 0.830664 0.563672 0.338672 0.389062
0 0.476367 0.0332397 0.0511719 0.0557861
0 0.14043 0.296875 0.0730469 0.0984375
0 0.483008 0.0463623 0.0753906 0.085791
0 0.325781 0.840234 0.0796875 0.0507812
0 0.124609 0.357324 0.0921875 0.151758
0 0.605859 0.286719 0.733594 0.573438
0 0.74082 0.83418 0.205859 0.216016
0 0.385645 0.0967285 0.0310547 0.0383789
0 0.758984 0.117725 0.0820312 0.0680664
0 0.659766 0.214062 0.435156 0.428125
0 0.429297 0.0451538 0.1625 0.0876221
0 0.713281 0.108838 0.209375 0.183496
0 0.125537 0.116797 0.0452148 0.0765625
0 0.911719 0.416797 0.0515625 0.05
0 0.277441 0.499609 0.0521484 0.06875
0 0.227539 0.104468 0.241797 0.198096
0 0.736719 0.649805 0.220313 0.537891
0 0.796289 0.518359 0.148047 0.090625
0 0.739648 0.144043 0.0574219 0.0892578
0 0.322754 0.513281 0.101367 0.253125
0 0.739844 0.796094 0.2125 0.253125
0 0.15332 0.0817383 0.0816406 0.148633
0 0.172363 0.0813721 0.120898 0.151709
0 0.1625 0.21792 0.134375 0.421973
0 0.725781 0.85625 0.182812 0.148438
0 0.762305 0.131055 0.0832031 0.117969
0 0.443555 0.108789 0.678516 0.217578
0 0.321582 0.323047 0.454492 0.646094
0 0.195459 0.218164 0.194629 0.416797
0 0.729102 0.826367 0.183984 0.208203
0 0.319336 0.606055 0.0753906 0.0425781
0 0.312402 0.604688 0.0736328 0.0773438
0 0.668555 0.887891 0.0691406 0.0742188
0 0.760352 0.150293 0.0824219 0.139258
0 0.676172 0.889844 0.0820312 0.078125
0 0.317773 0.605469 0.0789063 0.075
0 0.764063 0.103198 0.0890625 0.152979
0 0.141309 0.0959961 0.0550781 0.127539
0 0.19873 0.221875 0.20332 0.433594
0 0.768164 0.705469 0.0496094 0.0726563
0 0.282227 0.314453 0.383203 0.628906
0 0.772656 0.701367 0.0578125 0.0839844
0 0.315137 0.583984 0.0759766 0.0992187
0 0.159912 0.172705 0.117285 0.339355
0 0.144141 0.0834473 0.0742188 0.150684
0 0.845898 0.235547 0.284766 0.471094
0 0.44043 0.164258 0.678516 0.328516
0 0.974609 0.420898 0.0507812 0.114453
0 0.227051 0.220117 0.258398 0.440234
0 0.224951 0.211279 0.254004 0.413379
0 0.451758 0.0776367 0.129297 0.143164
0 0.721094 0.791016 0.178125 0.261719
0 0.735547 0.77832 0.210156 0.283984
0 0.317773 0.609375 0.0792969 0.0609375
0 0.739648 0.21665 0.172266 0.430762
0 0.325098 0.607813 0.0783203 0.0664062
0 0.293945 0.0994873 0.394141 0.18501
0 0.764453 0.126709 0.0804688 0.0897461
0 0.966016 0.421875 0.0679687 0.1
0 0.769922 0.102759 0.0945313 0.156592
0 0.846875 0.275 0.3 0.55
0 0.757812 0.795313 0.245312 0.253125
0 0.172119 0.0987793 0.119434 0.164551
0 0.766016 0.220117 0.157031 0.440234
0 0.141699 0.0962158 0.0708984 0.128271
0 0.311914 0.606055 0.065625 0.0410156
0 0.767969 0.130713 0.0921875 0.15498
0 0.801367 0.224219 0.186328 0.448438
0 0.844922 0.212744 0.289844 0.422949
0 0.844727 0.119727 0.265234 0.239453
0 0.675391 0.896484 0.0851563 0.0835937
0 0.432031 0.0803711 0.164844 0.150195
0 0.134277 0.0998291 0.0505859 0.111279
0 0.755273 0.129004 0.0753906 0.0916016
0 0.833594 0.535547 0.0546875 0.075
0 0.196191 0.178955 0.183789 0.349121
0 0.282324 0.247656 0.375977 0.495313
0 0.475586 0.337109 0.758203 0.674219
0 0.766406 0.165332 0.0921875 0.200586
0 0.650391 0.219531 0.377344 0.439063
0 0.829297 0.539844 0.0398437 0.0546875
0 0.32959 0.605273 0.0611328 0.0425781
0 0.794141 0.217773 0.166406 0.425391
0 0.665234 0.876953 0.0859375 0.105469
0 0.843359 0.162695 0.266406 0.325391
0 0.763477 0.711328 0.0605469 0.0835937
0 0.226758 0.102588 0.24375 0.200684
0 0.32666 0.0827148 0.179492 0.162305
0 0.133887 0.106616 0.0482422 0.101221
0 0.905859 0.511133 0.186719 0.240234
0 0.282129 0.207959 0.372461 0.415332
0 0.781055 0.758789 0.119141 0.205859
0 0.964063 0.431055 0.071875 0.105859
0 0.807422 0.35293 0.0945313 0.126172
0 0.138916 0.317676 0.0483398 0.0533203
0 0.352539 0.0924805 0.510547 0.180664
0 0.721094 0.77168 0.210938 0.300391
0 0.419824 0.077002 0.635352 0.144824
0 0.760156 0.136816 0.0875 0.101758
0 0.780078 0.0835937 0.0648438 0.112891
0 0.305273 0.0826172 0.237891 0.157813
0 0.333203 0.158496 0.467187 0.316992
0 0.587207 0.559961 0.684961 0.759766
0 0.145313 0.0962647 0.075 0.134424
0 0.779102 0.0745605 0.0667969 0.10752
0 0.262109 0.161475 0.323438 0.318457
0 0.195801 0.0802002 0.168164 0.153271
0 0.658984 0.229297 0.383594 0.458594
0 0.77168 0.0865234 0.0988281 0.155664
0 0.228076 0.238086 0.27041 0.426953
0 0.139893 0.101904 0.059082 0.113379
0 0.75 0.138232 0.0828125 0.100488
0 0.76875 0.710352 0.0765625 0.102734
0 0.975 0.433691 0.05 0.122461
0 0.222021 0.169727 0.234863 0.328906
0 0.700391 0.861719 0.132812 0.134375
0 0.764063 0.162646 0.107813 0.319238
0 0.788477 0.163721 0.141797 0.324902
0 0.400391 0.0916992 0.0570313 0.0628906
0 0.433789 0.0635986 0.148047 0.119287
0 0.191699 0.113232 0.171289 0.222754
0 0.81875 0.649414 0.3625 0.544922
0 0.496484 0.037854 0.0617188 0.0750732
0 0.792969 0.0809814 0.13125 0.154834
0 0.607715 0.220703 0.52207 0.441406
0 0.347559 0.495117 0.230664 0.292578
0 0.432422 0.46875 0.0320312 0.0734375
0 0.788281 0.0722412 0.0640625 0.107666
0 0.772852 0.125488 0.0699219 0.0865234
0 0.816406 0.311133 0.0703125 0.116406
0 0.766016 0.771875 0.269531 0.3
0 0.780273 0.698633 0.0722656 0.0964844
0 0.565039 0.117969 0.565234 0.235156
0 0.343164 0.612695 0.117578 0.0785156
0 0.758984 0.180859 0.0820312 0.198437
0 0.516016 0.116113 0.578906 0.232227
0 0.302246 0.606445 0.0521484 0.0386719
0 0.808789 0.330859 0.0964844 0.160156
0 0.333398 0.215234 0.473828 0.430469
0 0.824219 0.574121 0.351562 0.429883
0 0.29707 0.455078 0.335547 0.369531
0 0.783008 0.116602 0.0355469 0.0482422
0 0.137305 0.323145 0.0585938 0.0794922
0 0.408105 0.0883057 0.0689453 0.0778809
0 0.637695 0.110547 0.479297 0.221094
0 0.773047 0.11709 0.0523438 0.0548828
0 0.321582 0.605273 0.0767578 0.0417969
0 0.763086 0.70918 0.0457031 0.0683594
0 0.324512 0.333203 0.461133 0.666406
0 0.132764 0.318457 0.0432617 0.0462891
0 0.291797 0.580469 0.1125 0.127344
0 0.837891 0.533398 0.0445313 0.0613281
0 0.147656 0.0936035 0.0738281 0.136816
0 0.837109 0.490039 0.325781 0.336328
0 0.789453 0.0812012 0.0664062 0.116309
0 0.814258 0.839453 0.371484 0.310156
0 0.490234 0.0383789 0.0507812 0.0648438
0 0.357715 0.0802979 0.117383 0.156592
0 0.421094 0.468359 0.0546875 0.0765625
0 0.324805 0.290625 0.458984 0.58125
0 0.792969 0.105078 0.139063 0.179688
0 0.803125 0.628809 0.376563 0.600195
0 0.773633 0.700391 0.0402344 0.0679687
0 0.766406 0.847656 0.267188 0.20625
0 0.477734 0.0766357 0.147656 0.140479
0 0.169531 0.221875 0.148438 0.419531
0 0.685547 0.796094 0.150781 0.257812
0 0.835156 0.339551 0.05 0.0779297
0 0.584863 0.11731 0.464648 0.23335
0 0.450195 0.0595215 0.114453 0.109863
0 0.783008 0.297754 0.133984 0.227148
0 0.132324 0.205615 0.0736328 0.286426
0 0.132031 0.312207 0.0751953 0.144336
0 0.432227 0.461133 0.0285156 0.0644531
0 0.74375 0.135107 0.107813 0.157129
0 0.145703 0.100977 0.0824219 0.117578
0 0.522461 0.152686 0.209766 0.300879
0 0.796875 0.251758 0.2 0.448047
0 0.197168 0.301416 0.204102 0.259668
0 0.784961 0.117139 0.0441406 0.0567383
0 0.833203 0.536719 0.0367188 0.0554687
0 0.333105 0.60957 0.0794922 0.0785156
0 0.426563 0.461133 0.0390625 0.0730469
0 0.782031 0.357422 0.132812 0.149219
0 0.805859 0.375977 0.0960938 0.132422
0 0.744531 0.534961 0.117188 0.0816406
0 0.394824 0.0962891 0.0455078 0.0494141
0 0.751367 0.618945 0.342578 0.621484
0 0.68418 0.894922 0.0816406 0.0820312
0 0.823438 0.353516 0.078125 0.127344
0 0.674219 0.778516 0.28125 0.289844
0 0.565527 0.562891 0.668945 0.775781
0 0.142041 0.299805 0.0663086 0.0902344
0 0.131445 0.334375 0.08125 0.189844
0 0.407227 0.0805664 0.194922 0.151562
0 0.476758 0.153613 0.269141 0.306055
0 0.843359 0.533984 0.0773438 0.102344
0 0.32793 0.104126 0.183984 0.147998
0 0.20166 0.322949 0.161523 0.22832
0 0.284082 0.0782227 0.370117 0.143164
0 0.447656 0.109375 0.173438 0.204297
0 0.145117 0.314551 0.0667969 0.0693359
0 0.69082 0.714844 0.290234 0.420312
0 0.825781 0.35166 0.059375 0.0904297
0 0.676953 0.883984 0.08125 0.0789063
0 0.366992 0.490039 0.205078 0.303516
0 0.355957 0.100537 0.120898 0.139355
0 0.803125 0.757812 0.128125 0.215625
0 0.788086 0.120508 0.139453 0.241016
0 0.669531 0.884375 0.065625 0.0765625
0 0.320215 0.591992 0.0830078 0.0902344
0 0.738672 0.110327 0.136719 0.17583
0 0.146631 0.0836914 0.0688477 0.133398
0 0.779492 0.533203 0.169141 0.0929688
0 0.308887 0.610742 0.0708984 0.0558594
0 0.152441 0.206104 0.104102 0.288965
0 0.234521 0.0812988 0.245801 0.155371
0 0.798828 0.649316 0.349219 0.55293
0 0.757617 0.118799 0.0722656 0.065332
0 0.312402 0.625977 0.0708984 0.0972656
0 0.759375 0.120996 0.104688 0.241992
0 0.736328 0.713672 0.216406 0.417969
0 0.141553 0.310254 0.0547852 0.0607422
0 0.676758 0.878125 0.0855469 0.0953125
0 0.779688 0.710938 0.0859375 0.110937
0 0.608203 0.499805 0.725781 0.873828
0 0.465918 0.229687 0.733789 0.459375
0 0.679102 0.116211 0.296484 0.232422
0 0.782422 0.329297 0.132031 0.184375
0 0.436719 0.432715 0.06875 0.147852
0 0.394824 0.0995606 0.0666016 0.0825195
0 0.693164 0.164062 0.248047 0.328125
0 0.141943 0.0862793 0.053418 0.130176
0 0.922266 0.50332 0.155469 0.277734
0 0.396582 0.087793 0.0505859 0.0667969
0 0.405762 0.0975342 0.0830078 0.102393
0 0.953516 0.430859 0.0929688 0.0953125
0 0.813672 0.660547 0.372656 0.569531
0 0.118799 0.356836 0.077832 0.153516
0 0.784961 0.261035 0.131641 0.292773
0 0.341406 0.0769531 0.48125 0.142188
0 0.131934 0.301563 0.0550781 0.0871094
0 0.77793 0.69668 0.0394531 0.0660156
0 0.857422 0.161328 0.282031 0.322656
0 0.842969 0.334961 0.071875 0.102734
0 0.434375 0.467773 0.0390625 0.0761719
0 0.558594 0.248242 0.625 0.496484
0 0.316504 0.628125 0.0779297 0.10625
0 0.278027 0.505664 0.0345703 0.0519531
0 0.469141 0.0566406 0.104688 0.108203
0 0.839453 0.331934 0.0382813 0.0603516
0 0.245605 0.416602 0.0318359 0.0457031
0 0.281641 0.501953 0.05 0.0726563
0 0.825 0.331836 0.075 0.155078
0 0.744727 0.166797 0.0902344 0.182812
0 0.570703 0.156934 0.220313 0.312695
0 0.126611 0.357227 0.0864258 0.151172
0 0.856055 0.120117 0.281641 0.240234
0 0.155957 0.115625 0.107617 0.23125
0 0.114502 0.379688 0.0727539 0.110937
0 0.743945 0.658008 0.238672 0.524609
0 0.144385 0.322363 0.0772461 0.10293
0 0.960156 0.429102 0.0796875 0.119922
0 0.201563 0.354102 0.155859 0.172266
0 0.781641 0.124805 0.0710938 0.090625
0 0.675 0.90625 0.0859375 0.123438
0 0.602344 0.155273 0.365625 0.310547
0 0.717773 0.835156 0.175391 0.190625
0 0.492969 0.0339478 0.0421875 0.0559326
0 0.766797 0.187988 0.102344 0.234961
0 0.858008 0.214062 0.283984 0.428125
0 0.50625 0.040625 0.075 0.08125
0 0.493359 0.0500977 0.0773438 0.100195
0 0.844531 0.325977 0.0578125 0.0816406
0 0.243848 0.38457 0.0646484 0.0996094
0 0.857031 0.258594 0.285938 0.517188
0 0.829297 0.31123 0.0648438 0.115039
0 0.815625 0.794336 0.36875 0.316016
0 0.776953 0.382227 0.139844 0.146484
0 0.936328 0.432031 0.125781 0.135156
0 0.853906 0.30957 0.292188 0.619141
0 0.361035 0.534766 0.18418 0.217188
0 0.740234 0.141992 0.0539063 0.0902344
0 0.768359 0.0864014 0.0757812 0.117236
0 0.758594 0.716016 0.05 0.0609375
0 0.58252 0.774414 0.555273 0.302734
0 0.314648 0.557227 0.0863281 0.156641
0 0.8125 0.292188 0.059375 0.0832031
0 0.376563 0.0798828 0.0984375 0.149219
0 0.725781 0.534961 0.0929688 0.0800781
0 0.763672 0.903516 0.253906 0.192969
0 0.731836 0.785937 0.183203 0.275
0 0.72793 0.536133 0.0675781 0.0707031
0 0.813672 0.896094 0.372656 0.201563
0 0.976953 0.400781 0.0460938 0.0789063
0 0.847266 0.360547 0.305469 0.721094
0 0.755664 0.25127 0.187109 0.427148
0 0.128906 0.28877 0.0636719 0.124805
0 0.762891 0.0890381 0.0976562 0.163525
0 0.773047 0.234033 0.130469 0.356934
0 0.199121 0.324902 0.214258 0.223633
0 0.370117 0.539258 0.198828 0.219922
0 0.663477 0.904688 0.0878906 0.120313
0 0.919141 0.419141 0.0398437 0.0476562
0 0.391113 0.104102 0.0458984 0.0550781
0 0.313574 0.604883 0.0666016 0.0480469
0 0.173438 0.312891 0.134375 0.219531
0 0.790234 0.691602 0.316406 0.479297
0 0.323633 0.625781 0.0871094 0.0953125
0 0.819141 0.361328 0.0820312 0.103906
0 0.741406 0.131396 0.0507812 0.0805664
0 0.583203 0.559961 0.669531 0.741016
0 0.833203 0.342578 0.0320312 0.0589844
0 0.180273 0.333301 0.159375 0.206836
0 0.836328 0.530469 0.0726563 0.117969
0 0.563867 0.222656 0.623828 0.445312
0 0.769336 0.13667 0.0878906 0.102441
0 0.131543 0.343359 0.0544922 0.09375
0 0.621094 0.717773 0.398438 0.412891
0 0.792188 0.830859 0.046875 0.0632813
0 0.147461 0.083667 0.06875 0.135205
0 0.133301 0.0998047 0.0527344 0.108203
0 0.755469 0.133325 0.0671875 0.117334
0 0.139697 0.0939453 0.0584961 0.124609
0 0.138428 0.0838623 0.0635742 0.137354
0 0.773828 0.8 0.267969 0.267188
0 0.767969 0.706641 0.0515625 0.0648438
0 0.964453 0.422852 0.0710938 0.0933594
0 0.760742 0.105957 0.0753906 0.161523
0 0.437109 0.110156 0.664844 0.220313
0 0.818359 0.663281 0.363281 0.564063
0 0.171387 0.0813232 0.115039 0.138916
0 0.831836 0.65 0.336328 0.526563
0 0.674805 0.876172 0.0800781 0.0898438
0 0.729688 0.855859 0.1875 0.144531
0 0.132031 0.0937012 0.0550781 0.120801
0 0.322656 0.322266 0.45625 0.644531
0 0.749609 0.146875 0.0585938 0.108594
0 0.734766 0.829492 0.191406 0.194141
0 0.749219 0.791406 0.2125 0.253125
0 0.446484 0.0745117 0.128906 0.135547
0 0.132471 0.109497 0.0469727 0.0909668
0 0.194775 0.20459 0.193262 0.379883
0 0.173779 0.0972412 0.122754 0.151611
0 0.973437 0.421094 0.053125 0.105469
0 0.959375 0.430469 0.08125 0.107813
0 0.427637 0.157227 0.654102 0.314453
0 0.960547 0.515234 0.0789063 0.267969
0 0.156348 0.199316 0.116211 0.368555
0 0.754883 0.131885 0.0699219 0.0836914
0 0.746875 0.130029 0.0671875 0.137598
0 0.772266 0.70332 0.0585938 0.0746094
0 0.791211 0.757422 0.130078 0.199219
0 0.749219 0.108813 0.08125 0.172217
0 0.677148 0.892969 0.0839844 0.059375
0 0.819531 0.844531 0.360938 0.310937
0 0.666016 0.875 0.075 0.0984375
0 0.763867 0.711133 0.0597656 0.0738281
0 0.751758 0.14209 0.0714844 0.0990234
0 0.768359 0.0838379 0.0664062 0.0999023
0 0.680078 0.860156 0.0859375 0.129688
0 0.329688 0.0823486 0.176563 0.146436
0 0.697266 0.860547 0.117188 0.128906
0 0.81875 0.811719 0.3625 0.360938
0 0.778711 0.0830322 0.0628906 0.101123
0 0.858594 0.325391 0.282813 0.650781
0 0.962891 0.431641 0.0742188 0.0992187
0 0.760938 0.139355 0.0796875 0.100977
0 0.807227 0.75918 0.146484 0.206641
0 0.763672 0.128271 0.0710938 0.078418
0 0.140381 0.0857422 0.056543 0.125781
0 0.417969 0.0736328 0.633594 0.137891
0 0.760938 0.709375 0.05 0.0609375
0 0.941406 0.433984 0.110937 0.114844
0 0.789258 0.763281 0.304297 0.309375
0 0.395898 0.0867432 0.0488281 0.0608887
0 0.321387 0.604492 0.0595703 0.0402344
0 0.973828 0.431055 0.0523438 0.108984
0 0.766797 0.107593 0.0867188 0.170361
0 0.394629 0.0949463 0.0466797 0.0466309
0 0.747656 0.769141 0.210938 0.288281
0 0.669922 0.859375 0.078125 0.134375
0 0.710742 0.788867 0.134766 0.261328
0 0.435547 0.0756592 0.127344 0.13501
0 0.4375 0.346484 0.685938 0.692969
0 0.828125 0.540234 0.0390625 0.0484375
0 0.150684 0.166992 0.0986328 0.3125
0 0.776758 0.0740723 0.0636719 0.0961914
0 0.432617 0.0611816 0.115234 0.108887
0 0.399219 0.0916992 0.0578125 0.0568359
0 0.138867 0.100684 0.0597656 0.110156
0 0.771484 0.700586 0.0445313 0.0636719
0 0.819531 0.754297 0.360938 0.460156
0 0.671094 0.888281 0.078125 0.059375
0 0.803516 0.356445 0.0820312 0.103516
0 0.446875 0.0596436 0.107813 0.102783
0 0.537891 0.152197 0.0601563 0.0655273
0 0.767383 0.075708 0.0652344 0.095459
0 0.819141 0.674219 0.361719 0.585938
0 0.959375 0.453711 0.08125 0.149609
0 0.328516 0.103979 0.186719 0.140479
0 0.127344 0.0782227 0.0707031 0.155273
0 0.45166 0.232031 0.706055 0.464063
0 0.290234 0.106885 0.377344 0.190918
0 0.195361 0.172168 0.183105 0.325977
0 0.766406 0.130103 0.0875 0.144092
0 0.774414 0.701367 0.0699219 0.0902344
0 0.779492 0.733984 0.0878906 0.157031
0 0.33125 0.604688 0.0492188 0.040625
0 0.200732 0.0794922 0.177441 0.147852
0 0.798633 0.645606 0.335547 0.558789
0 0.320508 0.602148 0.0730469 0.0386719
0 0.741016 0.144922 0.0476562 0.0875
0 0.907031 0.512695 0.185938 0.241016
0 0.801953 0.744531 0.132031 0.189063
0 0.769727 0.711328 0.0746094 0.0992187
0 0.302539 0.0841797 0.226172 0.144141
0 0.338965 0.092627 0.475195 0.172559
0 0.676562 0.8875 0.0851563 0.0671875
0 0.760938 0.699805 0.0640625 0.102734
0 0.312695 0.579297 0.0699219 0.0945313
0 0.959766 0.411523 0.0804688 0.130078
0 0.677539 0.898047 0.0832031 0.0601563
0 0.330176 0.151172 0.454492 0.301563
0 0.74082 0.133398 0.0472656 0.0773438
0 0.758008 0.716211 0.0496094 0.0519531
0 0.146582 0.0934082 0.0732422 0.132324
0 0.744727 0.154395 0.0621094 0.136133
0 0.960547 0.9 0.0789063 0.2
0 0.853516 0.305469 0.292969 0.610938
0 0.785937 0.801172 0.16875 0.192969
0 0.327832 0.269336 0.463867 0.538672
0 0.962891 0.125391 0.0742188 0.246094
0 0.133447 0.0917969 0.0538086 0.1125
0 0.798438 0.651563 0.3375 0.55
0 0.941016 0.410645 0.114844 0.167773
0 0.22666 0.190625 0.258789 0.360938
0 0.832812 0.536914 0.0546875 0.0621094
0 0.694727 0.882812 0.111328 0.096875
0 0.33125 0.20957 0.463281 0.419141
0 0.953906 0.432031 0.0921875 0.0914062
0 0.832812 0.535547 0.034375 0.0492188
0 0.416602 0.468945 0.0597656 0.0667969
0 0.823438 0.745117 0.16875 0.191016
0 0.262451 0.156494 0.31416 0.296387
0 0.386719 0.0880371 0.0523438 0.065918
0 0.545117 0.145166 0.0410156 0.0485352
0 0.105908 0.387793 0.0577148 0.0947266
0 0.146533 0.0829102 0.0686523 0.13418
0 0.728516 0.404395 0.0554687 0.0982422
0 0.125391 0.103516 0.0513672 0.0984375
0 0.143457 0.0949219 0.0677734 0.135742
0 0.953516 0.419141 0.0835937 0.0789063
0 0.869727 0.645312 0.260547 0.528125
0 0.799219 0.373828 0.078125 0.113281
0 0.763672 0.680078 0.0648438 0.124219
0 0.400098 0.0780518 0.0974609 0.132178
0 0.786133 0.356641 0.101172 0.110937
0 0.944141 0.897656 0.110156 0.204688
0 0.798047 0.863281 0.324219 0.254688
0 0.19624 0.231738 0.198535 0.414648
0 0.333203 0.0642822 0.167969 0.121631
0 0.387695 0.0948242 0.0425781 0.0453125
0 0.753906 0.791602 0.2125 0.255859
0 0.774023 0.382715 0.117578 0.123633
0 0.432324 0.289844 0.675977 0.579688
0 0.39502 0.10127 0.0654297 0.0769531
0 0.546094 0.151318 0.0664062 0.0793945
0 0.868164 0.502344 0.262109 0.2625
0 0.778125 0.698047 0.0421875 0.0601563
0 0.827344 0.541797 0.0328125 0.0429688
0 0.928906 0.503906 0.142188 0.30625
0 0.282227 0.189648 0.365234 0.373047
0 0.752148 0.831641 0.220703 0.185156
0 0.854688 0.243359 0.275 0.486719
0 0.714844 0.765625 0.139063 0.295312
0 0.929297 0.417773 0.0476562 0.0472656
0 0.844922 0.557422 0.299219 0.353906
0 0.407324 0.0899902 0.0689453 0.0688477
0 0.761914 0.0857178 0.0777344 0.139111
0 0.358105 0.0785889 0.111133 0.134229
0 0.737891 0.791797 0.192969 0.271094
0 0.356445 0.101147 0.115234 0.125049
0 0.745703 0.0943359 0.100781 0.188672
0 0.838281 0.533984 0.0453125 0.0539063
0 0.860547 0.259375 0.278906 0.51875
0 0.529297 0.153467 0.0507812 0.0540039
0 0.921094 0.417383 0.040625 0.0425781
0 0.337109 0.0748291 0.463281 0.131982
0 0.87168 0.557422 0.256641 0.349219
0 0.849219 0.66875 0.301563 0.58125
0 0.391699 0.103418 0.0455078 0.0496094
0 0.713867 0.40957 0.0300781 0.0667969
0 0.781445 0.701953 0.0714844 0.0835937
0 0.748828 0.190527 0.0570313 0.196289
0 0.402637 0.0556152 0.614258 0.11123
0 0.753516 0.853516 0.217969 0.152344
0 0.769141 0.0917725 0.0882813 0.153174
0 0.976562 0.50625 0.046875 0.304688
0 0.481055 0.0768555 0.181641 0.14082
0 0.775195 0.11626 0.0355469 0.0422852
0 0.423242 0.458203 0.0417969 0.05625
0 0.939063 0.463086 0.121875 0.169922
0 0.787109 0.0699951 0.0632813 0.0908691
0 0.717969 0.422656 0.03125 0.0625
0 0.204248 0.0962891 0.185645 0.153125
0 0.826563 0.353613 0.053125 0.0826172
0 0.816797 0.889063 0.366406 0.221875
0 0.939844 0.512109 0.120313 0.257031
0 0.808203 0.230469 0.186719 0.460938
0 0.806641 0.33125 0.0851563 0.148438
0 0.964453 0.522461 0.0710938 0.270703
0 0.30957 0.600586 0.0671875 0.0785156
0 0.808789 0.774023 0.141797 0.200391
0 0.535156 0.164746 0.0757812 0.0939453
0 0.787891 0.0802002 0.0679687 0.106592
0 0.314355 0.601758 0.0689453 0.0410156
0 0.810156 0.806055 0.1375 0.141016
0 0.407617 0.0853271 0.0425781 0.0568848
0 0.917969 0.567578 0.164062 0.382031
0 0.762305 0.702734 0.0550781 0.0757812
0 0.977734 0.932813 0.0445313 0.134375
0 0.284326 0.0768188 0.362598 0.136597
0 0.385352 0.076709 0.0621094 0.0862305
0 0.432227 0.469141 0.0308594 0.0617188
0 0.937109 0.417383 0.0648438 0.0589844
0 0.469336 0.0572754 0.108203 0.106152
0 0.757617 0.117529 0.0675781 0.0536133
0 0.788086 0.774805 0.155078 0.208203
0 0.976562 0.922266 0.046875 0.132031
0 0.117139 0.249414 0.0540039 0.177344
0 0.782813 0.833594 0.189063 0.175
0 0.283105 0.305859 0.389258 0.611719
0 0.303125 0.106787 0.233594 0.137207
0 0.454004 0.102979 0.17793 0.180762
0 0.106348 0.380859 0.0595703 0.105469
0 0.374121 0.0766846 0.0830078 0.1271
0 0.750781 0.623535 0.26875 0.607617
0 0.801172 0.670703 0.327344 0.516406
0 0.142822 0.0681641 0.0479492 0.0748047
0 0.312207 0.604688 0.0607422 0.0398437
0 0.670117 0.886328 0.0707031 0.0648438
0 0.782617 0.116748 0.0300781 0.0411133
0 0.753516 0.216748 0.0820312 0.427441
0 0.858789 0.403906 0.282422 0.807813
0 0.149316 0.0655151 0.0576172 0.0904541
0 0.733594 0.148779 0.0335938 0.065332
0 0.749219 0.409961 0.0953125 0.104297
0 0.193018 0.128198 0.175684 0.240479
0 0.748047 0.722656 0.216406 0.396875
0 0.791016 0.383105 0.0539063 0.0416016
0 0.739258 0.160596 0.0480469 0.0686523
0 0.302832 0.605273 0.0498047 0.0378906
0 0.810547 0.273633 0.200781 0.522266
0 0.526367 0.166211 0.0636719 0.0800781
0 0.825586 0.758008 0.147266 0.210547
0 0.770703 0.226562 0.111719 0.451562
0 0.396387 0.0791992 0.0509766 0.0779297
0 0.858984 0.112695 0.275781 0.225391
0 0.752539 0.208887 0.0605469 0.0955078
0 0.406641 0.098877 0.08125 0.0975586
0 0.534375 0.146631 0.0429688 0.0461914
0 0.755273 0.242676 0.0324219 0.0419922
0 0.731641 0.875 0.189844 0.14375
0 0.234619 0.10708 0.256543 0.199902
0 0.336621 0.0552734 0.441602 0.110547
0 0.902344 0.642969 0.195312 0.526563
0 0.408008 0.0625 0.136328 0.117578
0 0.961328 0.926172 0.0773438 0.146094
0 0.969141 0.440625 0.0617188 0.148438
0 0.125342 0.11499 0.0438477 0.0774414
0 0.715234 0.418359 0.0328125 0.0710938
0 0.795117 0.708398 0.109766 0.0957031
0 0.786133 0.300293 0.113672 0.221289
0 0.787891 0.327148 0.107031 0.168359
0 0.317383 0.599805 0.0730469 0.0792969
0 0.824805 0.702344 0.167578 0.108594
0 0.284375 0.244922 0.38125 0.489844
0 0.757617 0.0853027 0.0722656 0.102051
0 0.387402 0.102051 0.0392578 0.0433594
0 0.704492 0.825391 0.133203 0.202344
0 0.551367 0.144531 0.0433594 0.0560547
0 0.356641 0.0599121 0.111719 0.114551
0 0.76543 0.17041 0.0894531 0.189648
0 0.487891 0.0400147 0.0476562 0.0580566
0 0.483008 0.0396606 0.0402344 0.048999
0 0.781641 0.710352 0.0835937 0.108984
0 0.912891 0.418164 0.0429688 0.0441406
0 0.233545 0.0805176 0.236035 0.150098
0 0.976172 0.402148 0.0476562 0.0667969
0 0.797266 0.106323 0.142969 0.176025
0 0.815234 0.308008 0.0726563 0.0980469
0 0.118701 0.222119 0.0532227 0.249121
0 0.852344 0.38418 0.295312 0.768359
0 0.852344 0.497852 0.290625 0.275391
0 0.167822 0.0617188 0.0842773 0.111328
0 0.47041 0.113965 0.256836 0.217773
0 0.227344 0.224414 0.264062 0.448828
0 0.431055 0.431641 0.0613281 0.135937
0 0.957422 0.869727 0.0851563 0.260547
0 0.750391 0.241797 0.03125 0.0378906
0 0.969141 0.405664 0.0570313 0.0597656
0 0.711328 0.398926 0.04375 0.116211
0 0.688867 0.9 0.0652344 0.0484375
0 0.831836 0.826367 0.125391 0.155078
0 0.983984 0.0398682 0.0320312 0.079248
0 0.849219 0.111328 0.254688 0.222656
0 0.794336 0.0838623 0.123828 0.147119
0 0.945703 0.865039 0.103906 0.262109
0 0.198242 0.0624023 0.164844 0.120117
0 0.964453 0.915234 0.0710938 0.0992187
0 0.678711 0.873047 0.0855469 0.0898438
0 0.733984 0.162646 0.034375 0.0602539
0 0.818359 0.357227 0.0789063 0.112891
0 0.80332 0.213086 0.171484 0.423047
0 0.775586 0.111768 0.0394531 0.0387695
0 0.766211 0.759961 0.136328 0.198828
0 0.673828 0.895703 0.0796875 0.0992187
0 0.545898 0.162598 0.0792969 0.102148
0 0.243164 0.380957 0.0558594 0.0794922
0 0.747656 0.798242 0.220313 0.280078
0 0.330859 0.322266 0.467969 0.644531
0 0.778125 0.805859 0.2875 0.302344
0 0.957031 0.518359 0.0859375 0.26875
0 0.816797 0.664844 0.366406 0.576563
0 0.827344 0.650781 0.345313 0.535937
0 0.138672 0.102661 0.0564453 0.121631
0 0.179834 0.0992676 0.141895 0.158105
0 0.337207 0.351953 0.482617 0.703906
0 0.131836 0.107715 0.0515625 0.10332
0 0.150928 0.0836182 0.084082 0.14917
0 0.197168 0.196582 0.198633 0.369336
0 0.816797 0.805078 0.366406 0.350781
0 0.1646 0.190576 0.131738 0.357129
0 0.768359 0.706641 0.0414063 0.0601563
0 0.334375 0.205078 0.475 0.410156
0 0.733594 0.855469 0.2 0.15625
0 0.816406 0.755469 0.367188 0.45625
0 0.817187 0.837109 0.365625 0.325781
0 0.333398 0.254688 0.473047 0.509375
0 0.322949 0.605664 0.0517578 0.0425781
0 0.764453 0.712695 0.0507812 0.0691406
0 0.176563 0.0816895 0.128906 0.150488
0 0.676953 0.895312 0.0851563 0.065625
0 0.9625 0.431641 0.075 0.104688
0 0.826953 0.762305 0.172656 0.228516
0 0.334082 0.605469 0.0365234 0.0429688
0 0.137256 0.100781 0.0678711 0.141406
0 0.792578 0.844922 0.321094 0.272656
0 0.148291 0.0990234 0.0807617 0.148828
0 0.773047 0.704688 0.0460938 0.0671875
0 0.816797 0.675 0.366406 0.601562
0 0.765625 0.12959 0.0640625 0.0757812
0 0.957422 0.43457 0.0851563 0.116797
0 0.846094 0.423047 0.307813 0.846094
0 0.157715 0.162646 0.111523 0.309473
0 0.973437 0.42168 0.053125 0.115234
0 0.963281 0.422656 0.071875 0.0960938
0 0.763672 0.131226 0.0820312 0.149268
0 0.437109 0.11123 0.673438 0.215039
0 0.858789 0.425 0.282422 0.85
0 0.802344 0.618555 0.384375 0.637891
0 0.788281 0.760547 0.114063 0.210156
0 0.139941 0.0845459 0.0716797 0.151025
0 0.762891 0.708594 0.0382813 0.059375
0 0.973437 0.432813 0.053125 0.121094
0 0.206494 0.0989746 0.19209 0.155566
0 0.828906 0.541406 0.03125 0.0492188
0 0.743945 0.776953 0.215234 0.308594
0 0.869922 0.643555 0.260156 0.526953
0 0.206494 0.0794434 0.190527 0.149707
0 0.810742 0.760938 0.159766 0.221875
0 0.139258 0.0944092 0.0554687 0.129346
0 0.326367 0.107935 0.196484 0.139209
0 0.677734 0.901563 0.084375 0.0671875
0 0.788086 0.774609 0.136328 0.214844
0 0.875781 0.553906 0.248438 0.347656
0 0.331348 0.156934 0.466992 0.306445
0 0.969922 0.518945 0.0601563 0.276953
0 0.941797 0.437305 0.116406 0.122266
0 0.183057 0.136279 0.158496 0.227051
0 0.760938 0.15376 0.0796875 0.131152
0 0.404004 0.15791 0.620117 0.308398
0 0.773047 0.123828 0.0976562 0.18125
0 0.66543 0.891797 0.0628906 0.0632813
0 0.32373 0.602148 0.0568359 0.0457031
0 0.753906 0.830078 0.2375 0.286719
0 0.199658 0.228418 0.201465 0.425977
0 0.764258 0.14248 0.0699219 0.0998047
0 0.793359 0.772852 0.319531 0.366797
0 0.934375 0.516992 0.13125 0.261328
0 0.323438 0.083374 0.202344 0.162549
0 0.759375 0.717188 0.0421875 0.053125
0 0.769531 0.7125 0.065625 0.0914062
0 0.929297 0.417969 0.0382813 0.046875
0 0.954297 0.432617 0.0914062 0.0933594
0 0.808008 0.658887 0.374609 0.577539
0 0.941797 0.517383 0.116406 0.312109
0 0.73418 0.814453 0.205078 0.242969
0 0.775391 0.106201 0.0976562 0.180566
0 0.921484 0.556641 0.157031 0.358594
0 0.751367 0.854297 0.212891 0.160156
0 0.780078 0.0846191 0.0617188 0.105762
0 0.339648 0.098584 0.485547 0.186035
0 0.689844 0.902344 0.0640625 0.053125
0 0.900391 0.631836 0.199219 0.500391
0 0.772852 0.697852 0.0324219 0.0566406
0 0.922266 0.417383 0.0304688 0.0433594
0 0.458594 0.078418 0.15 0.14668
0 0.764453 0.107593 0.0882813 0.183643
0 0.858984 0.35625 0.282031 0.7125
0 0.889063 0.693359 0.0546875 0.0632813
0 0.423438 0.0801514 0.210156 0.152979
0 0.761328 0.570312 0.353906 0.746875
0 0.775586 0.383691 0.0285156 0.0412109
0 0.958984 0.902734 0.0820312 0.194531
0 0.196289 0.169238 0.184766 0.322852
0 0.959375 0.528516 0.08125 0.278125
0 0.756445 0.134326 0.0667969 0.0864258
0 0.325781 0.610156 0.0585938 0.0570313
0 0.748047 0.721484 0.230469 0.438281
0 0.439258 0.334375 0.677734 0.66875
0 0.329297 0.37666 0.475781 0.713867
0 0.290137 0.104224 0.391602 0.18374
0 0.953906 0.442773 0.0921875 0.0941406
0 0.713867 0.791602 0.144141 0.282422
0 0.132227 0.101196 0.0539063 0.112451
0 0.956641 0.45332 0.0867188 0.148828
0 0.455273 0.435156 0.717578 0.870313
0 0.711133 0.859766 0.154297 0.149219
0 0.67793 0.886719 0.0886719 0.0765625
0 0.199268 0.277441 0.199902 0.330273
0 0.780664 0.383105 0.0246094 0.0431641
0 0.958984 0.40957 0.0820312 0.139453
0 0.133105 0.150781 0.0664062 0.23125
0 0.873047 0.681445 0.0414063 0.0488281
0 0.455078 0.105298 0.210938 0.184717
0 0.829297 0.750195 0.182031 0.196484
0 0.837695 0.55498 0.323047 0.380664
0 0.7375 0.791797 0.198437 0.282031
0 0.821484 0.444531 0.357031 0.889063
0 0.827344 0.542969 0.028125 0.0445313
0 0.319824 0.604297 0.0740234 0.0882813
0 0.130371 0.123926 0.0414063 0.0673828
0 0.832422 0.539844 0.0460938 0.05625
0 0.440039 0.208594 0.687109 0.417188
0 0.313477 0.606055 0.0609375 0.0417969
0 0.751563 0.814648 0.207813 0.233203
0 0.225 0.189795 0.255469 0.360254
0 0.312891 0.604297 0.0761719 0.0875
0 0.814453 0.877734 0.371094 0.244531
0 0.229297 0.0802979 0.241016 0.149561
0 0.770898 0.156885 0.0941406 0.174902
0 0.784961 0.832422 0.0550781 0.0601563
0 0.3 0.110498 0.244531 0.133691
0 0.882031 0.683984 0.046875 0.0554687
0 0.879687 0.691602 0.0578125 0.0597656
0 0.876367 0.503906 0.247266 0.297656
0 0.754492 0.144727 0.0691406 0.0988281
0 0.297412 0.0841553 0.255176 0.155908
0 0.934766 0.520508 0.130469 0.289453
0 0.93125 0.410938 0.0375 0.0476562
0 0.79375 0.832031 0.0484375 0.059375
0 0.314844 0.603125 0.06875 0.0546875
0 0.358594 0.106226 0.13125 0.131689
0 0.761523 0.65498 0.264453 0.579102
0 0.231055 0.102588 0.232031 0.147949
0 0.957031 0.876953 0.0859375 0.222656
0 0.786328 0.793359 0.149219 0.207031
0 0.936328 0.417578 0.0539063 0.05625
0 0.832422 0.53457 0.0257812 0.0488281
0 0.907422 0.514258 0.185156 0.251172
0 0.815234 0.309082 0.0695313 0.0990234
0 0.423438 0.469727 0.0359375 0.0636719
0 0.779688 0.0761475 0.065625 0.0992676
0 0.941797 0.412012 0.116406 0.169727
0 0.760156 0.798047 0.179688 0.252344
0 0.423828 0.102197 0.225 0.174121
0 0.314648 0.583594 0.0769531 0.1125
0 0.958203 0.924609 0.0835937 0.150781
0 0.912891 0.417773 0.0335938 0.0449219
0 0.136914 0.111255 0.0585938 0.107373
0 0.689648 0.896484 0.0652344 0.0554687
0 0.978906 0.913281 0.0421875 0.09375
0 0.983203 0.467578 0.0320312 0.0484375
0 0.131543 0.173145 0.0644531 0.27793
0 0.775195 0.116748 0.0339844 0.0450195
0 0.811328 0.830078 0.0726563 0.0742188
0 0.286426 0.189307 0.379492 0.369434
0 0.866406 0.681055 0.05 0.0480469
0 0.39209 0.11626 0.0478516 0.0737305
0 0.919922 0.410938 0.0273438 0.0445313
0 0.359766 0.131909 0.158594 0.144385
0 0.854688 0.667578 0.290625 0.577344
0 0.861523 0.256641 0.276953 0.513281
0 0.785937 0.829492 0.157813 0.181641
0 0.811133 0.671094 0.358984 0.567187
0 0.399219 0.106787 0.0453125 0.0602539
0 0.758789 0.180273 0.0792969 0.177734
0 0.666016 0.885938 0.0601563 0.0671875
0 0.382031 0.118213 0.0601563 0.0758789
0 0.8 0.83125 0.065625 0.0671875
0 0.128418 0.189746 0.0619141 0.323633
0 0.957422 0.121582 0.0851563 0.24043
0 0.980078 0.928125 0.0398437 0.110937
0 0.198828 0.277148 0.0316406 0.0445313
0 0.780273 0.696875 0.0285156 0.05625
0 0.739453 0.433984 0.521094 0.867969
0 0.398828 0.0807129 0.249219 0.15459
0 0.789453 0.0708984 0.0554687 0.0888672
0 0.779492 0.39043 0.0300781 0.0441406
0 0.208154 0.13418 0.196973 0.201953
0 0.832422 0.690625 0.180469 0.1
0 0.789844 0.081958 0.0609375 0.109326
0 0.860352 0.472656 0.279297 0.945312
0 0.125293 0.114551 0.0400391 0.0792969
0 0.704297 0.904297 0.0453125 0.0507812
0 0.140332 0.0833252 0.0527344 0.1146
0 0.250781 0.359277 0.0304688 0.0439453
0 0.14707 0.102441 0.0710938 0.129883
0 0.733594 0.876172 0.2 0.149219
0 0.198975 0.3625 0.202441 0.709375
0 0.548438 0.165186 0.0710938 0.105566
0 0.195508 0.128003 0.182812 0.238525
0 0.339551 0.605078 0.0314453 0.0429688
0 0.790039 0.841016 0.0605469 0.0648438
0 0.388379 0.130664 0.149805 0.137891
0 0.54043 0.152832 0.0535156 0.0662109
0 0.964844 0.43623 0.0703125 0.135352
0 0.787109 0.383301 0.0382813 0.0458984
0 0.386328 0.126221 0.0664062 0.0899414
0 0.895312 0.668555 0.209375 0.575391
0 0.538281 0.16709 0.06875 0.0994141
0 0.359766 0.0809814 0.135156 0.156006
0 0.775195 0.388477 0.0261719 0.0402344
0 0.607813 0.280469 0.784375 0.560938
0 0.244238 0.380078 0.0474609 0.078125
0 0.71543 0.768945 0.148828 0.318359
0 0.979688 0.475 0.040625 0.08125
0 0.763086 0.703906 0.0441406 0.0742188
0 0.808203 0.330273 0.0914062 0.156641
0 0.395703 0.105811 0.0320312 0.0479492
0 0.937891 0.460938 0.124219 0.159375
0 0.955078 0.850977 0.0898438 0.232422
0 0.426758 0.0635742 0.196484 0.118164
0 0.305078 0.607227 0.0488281 0.0402344
0 0.181543 0.162939 0.163477 0.249902
0 0.76582 0.786523 0.157422 0.236328
0 0.263623 0.15542 0.325879 0.297754
0 0.798047 0.155859 0.144531 0.311719
0 0.776953 0.126563 0.0492188 0.0710938
0 0.827734 0.353223 0.0429688 0.0779297
0 0.851172 0.114551 0.263281 0.229102
0 0.397461 0.0960449 0.0339844 0.0485352
0 0.316211 0.611523 0.06875 0.0527344
0 0.168945 0.227051 0.145703 0.425586
0 0.621484 0.392969 0.757031 0.785937
0 0.971875 0.926172 0.05625 0.147656
0 0.855078 0.250781 0.283594 0.501563
0 0.826367 0.382031 0.291016 0.764063
0 0.848633 0.157227 0.262109 0.314453
0 0.834961 0.827344 0.330078 0.345313
0 0.335352 0.600781 0.0363281 0.040625
0 0.890234 0.701367 0.0601563 0.0753906
0 0.807813 0.352734 0.090625 0.135156
0 0.833203 0.789062 0.333594 0.40625
0 0.760156 0.725586 0.0640625 0.0964844
0 0.784375 0.852734 0.179688 0.160156
0 0.416992 0.257812 0.647266 0.515625
0 0.984375 0.460156 0.03125 0.046875
0 0.950391 0.418555 0.0757812 0.0753906
0 0.973047 0.460547 0.0507812 0.0507812
0 0.286621 0.305469 0.387695 0.610938
0 0.324902 0.140918 0.0326172 0.0519531
0 0.749609 0.372461 0.469531 0.744922
0 0.250391 0.365332 0.0285156 0.0443359
0 0.211035 0.350488 0.12832 0.18418
0 0.831445 0.799414 0.126172 0.152734
0 0.775781 0.110791 0.0375 0.0442383
0 0.861914 0.114648 0.276172 0.229297
0 0.85 0.35625 0.3 0.7125
0 0.762695 0.704297 0.0699219 0.114063
0 0.797852 0.499219 0.390234 0.821875
0 0.453711 0.0606934 0.126953 0.112988
0 0.80625 0.378711 0.090625 0.137109
0 0.785547 0.825391 0.0554687 0.0695313
0 0.549219 0.152881 0.05625 0.0750977
0 0.326562 0.135645 0.209375 0.151758
0 0.78125 0.704297 0.0609375 0.071875
0 0.983984 0.559961 0.0320312 0.137891
0 0.964453 0.905859 0.0695313 0.0820312
0 0.749805 0.133179 0.0894531 0.174268
0 0.963281 0.448633 0.0734375 0.0824219
0 0.799805 0.108643 0.139453 0.191699
0 0.787305 0.53418 0.145703 0.110547
0 0.828125 0.710938 0.34375 0.55625
0 0.614844 0.446875 0.770312 0.89375
0 0.775195 0.833203 0.0839844 0.0726563
0 0.775977 0.083252 0.0964844 0.151465
0 0.923047 0.674414 0.153906 0.258984
0 0.769531 0.725 0.0734375 0.114063
0 0.405859 0.0948242 0.0351562 0.0529297
0 0.938672 0.449219 0.122656 0.765625
0 0.762891 0.154639 0.0929688 0.300488
0 0.804688 0.201953 0.178125 0.396094
0 0.832031 0.679688 0.335938 0.596875
0 0.755273 0.716992 0.0363281 0.0511719
0 0.798047 0.841406 0.0664062 0.065625
0 0.256494 0.0834717 0.301074 0.15415
0 0.132568 0.130908 0.0608398 0.0672852
0 0.874609 0.678125 0.0492188 0.0640625
0 0.226709 0.222168 0.25791 0.440039
0 0.865625 0.676953 0.0609375 0.06875
0 0.670508 0.88125 0.0871094 0.121875
0 0.745117 0.793359 0.205078 0.271094
0 0.153516 0.210596 0.116406 0.383496
0 0.730078 0.856641 0.183594 0.146094
0 0.775781 0.793359 0.278125 0.292969
0 0.664844 0.888672 0.0609375 0.0601563
0 0.317676 0.604102 0.0763672 0.0464844
0 0.673828 0.892188 0.0734375 0.0625
0 0.820703 0.643945 0.358594 0.529297
0 0.121362 0.217969 0.108838 0.392969
0 0.1875 0.210693 0.195703 0.387988
0 0.316504 0.601758 0.0826172 0.0582031
0 0.764063 0.711523 0.0546875 0.0667969
0 0.45332 0.860547 0.143359 0.113281
0 0.139502 0.103516 0.0604492 0.119922
0 0.187744 0.22832 0.206543 0.423047
0 0.162012 0.229297 0.146289 0.416406
0 0.664648 0.884375 0.0550781 0.0609375
0 0.816602 0.75625 0.366797 0.440625
0 0.816016 0.663672 0.367969 0.575781
0 0.674805 0.899609 0.0753906 0.0710938
0 0.828906 0.540039 0.0375 0.0503906
0 0.762109 0.708008 0.0429688 0.0582031
0 0.317676 0.603906 0.0873047 0.08125
0 0.816406 0.797852 0.367188 0.360547
0 0.767969 0.705469 0.0421875 0.0570313
0 0.741797 0.773633 0.197656 0.293359
0 0.30957 0.604492 0.0832031 0.0808594
0 0.716016 0.79043 0.146094 0.272266
0 0.657031 0.883594 0.0414063 0.053125
0 0.334082 0.604102 0.0427734 0.0449219
0 0.148828 0.162793 0.0992187 0.293164
0 0.783398 0.767383 0.297266 0.349609
0 0.311035 0.588477 0.0849609 0.0988281
0 0.310059 0.602148 0.0904297 0.0660156
0 0.800781 0.631055 0.354688 0.541016
0 0.784375 0.768555 0.13125 0.206641
0 0.131885 0.106323 0.0579102 0.104932
0 0.816406 0.674023 0.367188 0.589453
0 0.311914 0.604297 0.0839844 0.0460938
0 0.415625 0.842578 0.0671875 0.0757812
0 0.409766 0.418945 0.654688 0.830859
0 0.846875 0.108887 0.301563 0.217773
0 0.772852 0.704102 0.0480469 0.0613281
0 0.130176 0.194824 0.0724609 0.311523
0 0.215479 0.224121 0.284668 0.43457
0 0.144922 0.111401 0.0910156 0.1604
0 0.189258 0.416113 0.223047 0.778711
0 0.797266 0.653613 0.338281 0.572461
0 0.758984 0.71543 0.0523438 0.0574219
0 0.67207 0.885547 0.0738281 0.0648438
0 0.759766 0.780078 0.144531 0.222656
0 0.423242 0.841406 0.0652344 0.071875
0 0.75918 0.133203 0.0769531 0.0814453
0 0.133398 0.168213 0.075 0.253418
0 0.784375 0.777344 0.14375 0.21875
0 0.766211 0.129639 0.0691406 0.0737305
0 0.758594 0.768164 0.11875 0.191797
0 0.319531 0.596484 0.0890625 0.0921875
0 0.753906 0.632422 0.253125 0.492969
0 0.357422 0.201367 0.558594 0.392578
0 0.755859 0.15625 0.0960938 0.132031
0 0.187842 0.253516 0.208691 0.427344
0 0.325977 0.609375 0.0691406 0.0585938
0 0.729883 0.875391 0.187109 0.152344
0 0.826953 0.563672 0.344531 0.367969
0 0.876367 0.499316 0.247266 0.26543
0 0.14043 0.0929688 0.0587891 0.113086
0 0.833203 0.539258 0.0507812 0.0550781
0 0.732422 0.824219 0.177344 0.210938
0 0.284277 0.419336 0.42832 0.787891
0 0.770703 0.712109 0.0648438 0.08125
0 0.431152 0.860938 0.112695 0.11875
0 0.217285 0.204736 0.273242 0.37959
0 0.761719 0.703906 0.0484375 0.0726563
0 0.752148 0.413965 0.105078 0.111133
0 0.453223 0.11377 0.73418 0.219336
0 0.926562 0.514063 0.146875 0.259375
0 0.877734 0.557422 0.244531 0.352344
0 0.74043 0.720703 0.203516 0.410156
0 0.717969 0.766797 0.148438 0.308594
0 0.413867 0.832422 0.0605469 0.0617188
0 0.715039 0.861719 0.160547 0.1375
0 0.921484 0.516992 0.157031 0.268359
0 0.726758 0.523242 0.0472656 0.0410156
0 0.827344 0.541406 0.0296875 0.0460938
0 0.798438 0.680273 0.329688 0.520703
0 0.135889 0.102319 0.0737305 0.140869
0 0.476758 0.199268 0.791797 0.396777
0 0.757812 0.136035 0.09375 0.116211
0 0.371387 0.429785 0.586914 0.801367
0 0.198437 0.476562 0.301563 0.896875
0 0.145313 0.142432 0.0941406 0.225293
0 0.401953 0.820703 0.0367188 0.0429688
0 0.826172 0.750195 0.207031 0.190234
0 0.86582 0.637891 0.268359 0.521094
0 0.781836 0.535547 0.153516 0.0929688
0 0.427539 0.085376 0.194922 0.153467
0 0.346387 0.249414 0.540039 0.496484
0 0.826563 0.535547 0.034375 0.0515625
0 0.827344 0.761328 0.189063 0.230469
0 0.365137 0.330273 0.570508 0.645703
0 0.13418 0.137744 0.0746094 0.203027
0 0.761133 0.725781 0.0667969 0.0960938
0 0.775 0.102954 0.107813 0.158545
0 0.354004 0.610156 0.147461 0.0890625
0 0.319238 0.63125 0.0923828 0.115625
0 0.118042 0.234766 0.126416 0.41875
0 0.218945 0.260059 0.295703 0.467383
0 0.145801 0.0860107 0.0919922 0.131885
0 0.747266 0.687891 0.194531 0.469531
0 0.773242 0.131934 0.105078 0.144336
0 0.190576 0.174902 0.181348 0.322852
0 0.810547 0.765039 0.180469 0.223047
0 0.976172 0.424023 0.0476562 0.112891
0 0.710938 0.711719 0.176563 0.41875
0 0.491406 0.0400879 0.0445313 0.0516602
0 0.237646 0.412598 0.330176 0.79043
0 0.832812 0.53457 0.028125 0.0488281
0 0.441797 0.158496 0.728906 0.31582
0 0.257617 0.452246 0.382422 0.854883
0 0.805664 0.537109 0.0855469 0.0734375
0 0.770312 0.834375 0.0734375 0.0703125
0 0.787109 0.558301 0.328906 0.392773
0 0.425 0.111279 0.201563 0.199316
0 0.828125 0.692969 0.192188 0.0953125
0 0.317285 0.612305 0.0779297 0.0582031
0 0.393555 0.823438 0.0589844 0.0546875
0 0.68457 0.899609 0.0660156 0.0585938
0 0.75918 0.105371 0.103516 0.149414
0 0.825391 0.546484 0.0523438 0.0664062
0 0.772266 0.697266 0.0335938 0.0539063
0 0.826563 0.706445 0.201563 0.108203
0 0.932422 0.418359 0.0351562 0.04375
0 0.308301 0.627539 0.0880859 0.105859
0 0.70625 0.106055 0.542188 0.212109
0 0.782227 0.382617 0.0277344 0.0433594
0 0.962109 0.433594 0.0757812 0.10625
0 0.28252 0.394727 0.420898 0.773047
0 0.653711 0.882031 0.0316406 0.0515625
0 0.759375 0.799219 0.153125 0.221875
0 0.141504 0.079248 0.0556641 0.0844727
0 0.452734 0.847266 0.14375 0.105469
0 0.774023 0.412891 0.123828 0.107813
0 0.758398 0.683984 0.0722656 0.124219
0 0.773633 0.160449 0.108984 0.156836
0 0.755273 0.427246 0.111328 0.121289
0 0.914844 0.563281 0.170313 0.375781
0 0.408398 0.820312 0.0386719 0.04375
0 0.14458 0.17085 0.0963867 0.262988
0 0.957031 0.392383 0.0859375 0.203516
0 0.656641 0.888672 0.0460938 0.0507812
0 0.456836 0.0807861 0.132422 0.142725
0 0.780469 0.389453 0.0359375 0.0453125
0 0.845508 0.205664 0.307422 0.411328
0 0.84043 0.494531 0.317578 0.271875
0 0.976172 0.434277 0.0476562 0.118945
0 0.309082 0.605859 0.0744141 0.04375
0 0.77207 0.708789 0.0949219 0.101953
0 0.754687 0.712109 0.05625 0.071875
0 0.454199 0.112842 0.163477 0.204785
0 0.956641 0.516602 0.0867188 0.259766
0 0.123633 0.175146 0.107422 0.322754
0 0.921875 0.0986572 0.15625 0.191748
0 0.119702 0.131274 0.115283 0.244092
0 0.73418 0.522852 0.0457031 0.0410156
0 0.850781 0.761914 0.151562 0.237109
0 0.763477 0.141504 0.0730469 0.0958984
0 0.919531 0.49707 0.160938 0.321484
0 0.752734 0.855859 0.180469 0.147656
0 0.84375 0.152246 0.296875 0.304492
0 0.920703 0.123242 0.158594 0.246484
0 0.73418 0.802344 0.169141 0.246875
0 0.691797 0.339844 0.616406 0.679688
0 0.244238 0.38418 0.0638672 0.0941406
0 0.335156 0.600391 0.0414063 0.0445313
0 0.873438 0.681055 0.040625 0.0496094
0 0.783984 0.796875 0.144531 0.19375
0 0.955078 0.444336 0.0898438 0.0902344
0 0.9375 0.436914 0.125 0.108984
0 0.736719 0.64043 0.11875 0.262891
0 0.900391 0.63291 0.199219 0.518555
0 0.778125 0.3875 0.132812 0.132812
0 0.956641 0.433594 0.0867188 0.117188
0 0.0797852 0.217334 0.15957 0.390332
0 0.940234 0.418164 0.0445313 0.0496094
0 0.318262 0.587891 0.0798828 0.0789063
0 0.660937 0.594434 0.542188 0.642383
0 0.776367 0.382715 0.0300781 0.0423828
0 0.954688 0.433203 0.084375 0.0921875
0 0.724414 0.529297 0.0464844 0.0414063
0 0.881641 0.683203 0.0476562 0.0570313
0 0.138135 0.11604 0.0635742 0.125732
0 0.802148 0.535156 0.117578 0.0945313
0 0.801562 0.382422 0.159375 0.139063
0 0.176514 0.107593 0.148145 0.159424
0 0.130664 0.115918 0.0507812 0.0982422
0 0.860742 0.112695 0.278516 0.225391
0 0.300684 0.602344 0.0982422 0.0664062
0 0.757422 0.705859 0.0726563 0.0914062
0 0.762109 0.537891 0.180469 0.0976562
0 0.784961 0.621484 0.194141 0.292969
0 0.755859 0.829688 0.164844 0.184375
0 0.964063 0.448438 0.071875 0.0828125
0 0.954297 0.123047 0.0914062 0.246094
0 0.755469 0.181445 0.103125 0.176172
0 0.78457 0.830859 0.0449219 0.0570313
0 0.290234 0.585742 0.13125 0.126172
0 0.755078 0.142871 0.0789063 0.0927734
0 0.787891 0.391113 0.0476562 0.0505859
0 0.756445 0.716211 0.0496094 0.0574219
0 0.818359 0.541602 0.0476562 0.0503906
0 0.352734 0.108325 0.535156 0.205225
0 0.774414 0.113257 0.273047 0.223486
0 0.405664 0.828516 0.0464844 0.0523438
0 0.381836 0.607031 0.226172 0.107813
0 0.855078 0.694141 0.150781 0.0851563
0 0.338672 0.603906 0.0398437 0.0445313
0 0.618945 0.525195 0.762109 0.798047
0 0.741016 0.549805 0.321094 0.475391
0 0.842188 0.246875 0.314063 0.49375
0 0.166455 0.25459 0.163965 0.429883
0 0.425195 0.470117 0.0355469 0.0597656
0 0.427344 0.846094 0.103906 0.10625
0 0.932813 0.411523 0.04375 0.0488281
0 0.770508 0.84375 0.0824219 0.0796875
0 0.283105 0.308301 0.414258 0.580273
0 0.852734 0.332031 0.294531 0.664062
0 0.814844 0.750977 0.190625 0.190234
0 0.258691 0.357812 0.0341797 0.046875
0 0.80625 0.102075 0.178125 0.168506
0 0.65625 0.249219 0.6875 0.498437
0 0.752539 0.789648 0.219922 0.278516
0 0.774609 0.786719 0.261719 0.285938
0 0.72832 0.852344 0.185547 0.154688
0 0.188574 0.214014 0.193945 0.409473
0 0.163965 0.211865 0.14082 0.409082
0 0.320801 0.602148 0.0830078 0.0808594
0 0.827734 0.640723 0.344531 0.588867
0 0.448047 0.854688 0.123438 0.1125
0 0.319141 0.600781 0.0796875 0.0617188
0 0.767383 0.704688 0.0558594 0.0640625
0 0.786914 0.7625 0.135547 0.220313
0 0.666016 0.888672 0.0632813 0.0664062
0 0.66543 0.883594 0.0574219 0.0640625
0 0.25166 0.380176 0.0865234 0.122461
0 0.81875 0.655957 0.3625 0.619336
0 0.767188 0.536328 0.159375 0.119531
0 0.319531 0.603711 0.0761719 0.0503906
0 0.778906 0.531836 0.160938 0.112891
0 0.330078 0.60332 0.0585938 0.0488281
0 0.675586 0.891797 0.0761719 0.0679687
0 0.145117 0.134473 0.0933594 0.228711
0 0.794531 0.627539 0.276563 0.601172
0 0.137207 0.146191 0.0791016 0.216992
0 0.709766 0.857422 0.146094 0.146094
0 0.311719 0.605078 0.0796875 0.078125
0 0.433789 0.856641 0.107422 0.117969
0 0.155762 0.152002 0.114258 0.285059
0 0.76543 0.710938 0.0613281 0.0734375
0 0.137451 0.126514 0.0805664 0.208691
0 0.675586 0.901563 0.0769531 0.084375
0 0.140918 0.104346 0.0662109 0.124121
0 0.774023 0.701563 0.0597656 0.071875
0 0.247266 0.385254 0.0714844 0.10918
0 0.235156 0.380273 0.101562 0.121484
0 0.751172 0.412598 0.105469 0.114648
0 0.778906 0.558398 0.176563 0.160547
0 0.829688 0.538672 0.0484375 0.053125
0 0.256836 0.382129 0.0707031 0.113867
0 0.312109 0.601562 0.0875 0.0671875
0 0.753906 0.441895 0.110937 0.174805
0 0.347754 0.608789 0.12168 0.0917969
0 0.3125 0.593945 0.0832031 0.0832031
0 0.429883 0.84375 0.101172 0.101562
0 0.14248 0.0912109 0.0677734 0.11582
0 0.81875 0.77207 0.3625 0.402734
0 0.786523 0.775 0.145703 0.217188
0 0.145459 0.114282 0.0918945 0.189404
0 0.193311 0.166846 0.186816 0.315527
0 0.758203 0.156445 0.0929688 0.153125
0 0.322461 0.596875 0.0832031 0.0835937
0 0.32666 0.610156 0.0724609 0.065625
0 0.762891 0.707812 0.0539063 0.0625
0 0.839453 0.566602 0.321094 0.400391
0 0.675391 0.884766 0.0796875 0.0679687
0 0.782813 0.783203 0.28125 0.302344
0 0.818555 0.671094 0.362891 0.625
0 0.819141 0.801367 0.361719 0.334766
0 0.769922 0.697656 0.0476562 0.0640625
0 0.377344 0.604883 0.185938 0.116016
0 0.415039 0.831641 0.0644531 0.0664062
0 0.657617 0.884375 0.0449219 0.0578125
0 0.332813 0.6 0.0503906 0.0484375
0 0.794531 0.647461 0.31875 0.609766
0 0.312695 0.603906 0.0820312 0.0492188
0 0.750586 0.780078 0.212891 0.277344
0 0.447461 0.847266 0.122266 0.0898438
0 0.321777 0.62793 0.0833984 0.112109
0 0.190283 0.224121 0.19873 0.425195
0 0.836328 0.536328 0.0585938 0.0609375
0 0.772266 0.709961 0.0695313 0.0941406
0 0.424414 0.841797 0.0714844 0.0820312
0 0.179346 0.132666 0.16084 0.224512
0 0.807617 0.761914 0.158203 0.230859
0 0.754102 0.627051 0.202734 0.570898
0 0.728711 0.875781 0.186328 0.16875
0 0.850781 0.114063 0.289062 0.228125
0 0.776953 0.523047 0.150781 0.0835937
0 0.833984 0.534375 0.0367188 0.0507812
0 0.958203 0.517578 0.0835937 0.266406
0 0.792969 0.555859 0.21875 0.371094
0 0.536328 0.460156 0.142188 0.123438
0 0.855078 0.492969 0.289844 0.290625
0 0.761914 0.765234 0.124609 0.208594
0 0.132471 0.103174 0.0637695 0.102832
0 0.869141 0.116211 0.261719 0.232422
0 0.761719 0.776563 0.148438 0.217188
0 0.433984 0.432227 0.0820312 0.145703
0 0.244629 0.401563 0.0537109 0.0710938
0 0.213525 0.383203 0.147559 0.125781
0 0.932422 0.517188 0.135156 0.264844
0 0.426563 0.469727 0.0382813 0.0597656
0 0.780859 0.619922 0.169531 0.322656
0 0.137061 0.102319 0.0821289 0.172314
0 0.253027 0.361914 0.0826172 0.137891
0 0.416602 0.842578 0.0691406 0.0820312
0 0.75957 0.556445 0.196484 0.157422
0 0.720313 0.785156 0.15625 0.278125
0 0.726172 0.523633 0.06875 0.0542969
0 0.258008 0.370215 0.0640625 0.0814453
0 0.933203 0.417383 0.0429688 0.0457031
0 0.3375 0.602539 0.05 0.0480469
0 0.805078 0.695508 0.142969 0.0980469
0 0.830664 0.693555 0.191797 0.0941406
0 0.402734 0.81875 0.0390625 0.0484375
0 0.143848 0.0775879 0.0685547 0.0969727
0 0.975781 0.421191 0.0484375 0.12168
0 0.349414 0.601758 0.124609 0.0816406
0 0.730859 0.522266 0.0679687 0.0515625
0 0.775781 0.708789 0.09375 0.115234
0 0.408398 0.819531 0.0449219 0.05
0 0.781836 0.381836 0.0332031 0.0449219
0 0.829688 0.751758 0.214062 0.210547
0 0.250781 0.396875 0.0871094 0.124219
0 0.803711 0.53125 0.122266 0.109375
0 0.554492 0.232227 0.118359 0.137109
0 0.935547 0.411914 0.0476562 0.0472656
0 0.770312 0.410352 0.13125 0.113672
0 0.752734 0.548047 0.186719 0.377344
0 0.178369 0.110693 0.15498 0.189941
0 0.247168 0.416992 0.0298828 0.0457031
0 0.777734 0.695508 0.0476562 0.0613281
0 0.776758 0.607422 0.185547 0.272656
0 0.931641 0.514063 0.136719 0.269531
0 0.9625 0.431738 0.075 0.114648
0 0.830664 0.706836 0.210547 0.124609
0 0.254883 0.400684 0.0546875 0.0751953
0 0.755469 0.653125 0.207813 0.571875
0 0.24502 0.411328 0.0357422 0.0476562
0 0.507422 0.458008 0.182031 0.130859
0 0.731641 0.829297 0.185156 0.197656
0 0.536719 0.234521 0.14375 0.146582
0 0.838672 0.532813 0.0460938 0.0539063
0 0.557227 0.407813 0.0925781 0.167969
0 0.553906 0.458594 0.103906 0.121094
0 0.7875 0.798242 0.151562 0.183203
0 0.216943 0.213281 0.253613 0.408594
0 0.760156 0.714844 0.059375 0.0601563
0 0.746094 0.436719 0.120313 0.160156
0 0.807422 0.553906 0.169531 0.146875
0 0.850391 0.747461 0.208594 0.205078
0 0.374023 0.592773 0.175391 0.104297
0 0.433008 0.469531 0.0300781 0.05625
0 0.759375 0.177295 0.0953125 0.179785
0 0.808398 0.70957 0.158203 0.126172
0 0.845313 0.495508 0.307813 0.268359
0 0.537891 0.426172 0.134375 0.189844
0 0.762695 0.701953 0.0558594 0.0742188
0 0.260449 0.356934 0.0548828 0.0556641
0 0.557617 0.425 0.0972656 0.177344
0 0.745313 0.412402 0.114063 0.111914
0 0.43418 0.453711 0.0769531 0.115234
0 0.828125 0.535547 0.0375 0.053125
0 0.772656 0.165234 0.104688 0.178516
0 0.774023 0.443945 0.142578 0.180859
0 0.832422 0.761914 0.182031 0.238672
0 0.738281 0.641016 0.1125 0.319531
0 0.320312 0.588672 0.0773438 0.0773438
0 0.939844 0.416602 0.05 0.0527344
0 0.558398 0.251074 0.141797 0.156836
0 0.335059 0.609766 0.0677734 0.0703125
0 0.753906 0.623047 0.164062 0.308594
0 0.774414 0.388574 0.143359 0.126758
0 0.268652 0.354785 0.0509766 0.0552734
0 0.851172 0.562012 0.297656 0.436914
0 0.269922 0.37998 0.0921875 0.133789
0 0.926172 0.416992 0.0351562 0.0425781
0 0.761133 0.524219 0.143359 0.090625
0 0.926562 0.412891 0.0484375 0.0476562
0 0.533984 0.482031 0.157031 0.124219
0 0.777148 0.381445 0.0300781 0.0449219
0 0.318848 0.612109 0.0779297 0.0632813
0 0.731445 0.532422 0.0589844 0.0476562
0 0.800586 0.380469 0.166016 0.139063
0 0.933984 0.0959717 0.132031 0.189697
0 0.353809 0.6375 0.14082 0.153906
0 0.266211 0.363086 0.0648438 0.0847656
0 0.954688 0.431641 0.084375 0.096875
0 0.771484 0.833984 0.0851563 0.0804688
0 0.426563 0.0832031 0.201563 0.158203
0 0.780469 0.388086 0.04375 0.0496094
0 0.13667 0.159766 0.0786133 0.215234
0 0.958203 0.433301 0.0835937 0.123242
0 0.301953 0.601562 0.0953125 0.0710938
0 0.236133 0.36084 0.100391 0.147852
0 0.807813 0.773828 0.1375 0.217969
0 0.955078 0.441797 0.0898438 0.0960938
0 0.235352 0.397266 0.101953 0.122656
0 0.685156 0.898828 0.075 0.0757812
0 0.538281 0.411914 0.125 0.184766
0 0.658203 0.888281 0.0523438 0.0578125
0 0.122925 0.216748 0.130322 0.416504
0 0.853516 0.693359 0.175781 0.0898438
0 0.213525 0.360156 0.145215 0.159375
0 0.191406 0.278027 0.200781 0.332227
0 0.456836 0.393652 0.0269531 0.0455078
0 0.536523 0.380566 0.116797 0.149805
0 0.238281 0.409375 0.04375 0.0523438
0 0.764063 0.725 0.0671875 0.101562
0 0.813477 0.118164 0.219922 0.236328
0 0.203125 0.132812 0.170313 0.208594
0 0.716016 0.419141 0.0335938 0.0695313
0 0.379883 0.633789 0.203516 0.161328
0 0.851562 0.705469 0.196875 0.121094
0 0.811914 0.754687 0.176172 0.209375
0 0.395703 0.820312 0.0515625 0.0578125
0 0.941016 0.437109 0.113281 0.116406
0 0.975781 0.433105 0.0484375 0.125977
0 0.583398 0.25 0.130078 0.150781
0 0.764453 0.492383 0.147656 0.272266
0 0.432031 0.409375 0.0828125 0.139063
0 0.135205 0.0927246 0.069043 0.0883789
0 0.134717 0.184473 0.0782227 0.226367
0 0.777539 0.47207 0.155859 0.203516
0 0.789453 0.382422 0.0429688 0.0460938
0 0.139795 0.118506 0.0678711 0.133691
0 0.958203 0.121875 0.0835937 0.24375
0 0.553711 0.20791 0.113672 0.135742
0 0.75957 0.132275 0.0824219 0.0959961
0 0.958984 0.39707 0.0820312 0.166016
0 0.400781 0.816406 0.0484375 0.0609375
0 0.454492 0.398828 0.0371094 0.05625
0 0.508008 0.482422 0.196484 0.125781
0 0.766797 0.45752 0.144531 0.238086
0 0.535547 0.255664 0.154688 0.171094
0 0.422656 0.107275 0.214844 0.195605
0 0.836133 0.536523 0.157422 0.104297
0 0.317578 0.152783 0.0726563 0.0920898
0 0.757422 0.462109 0.127344 0.223438
0 0.751953 0.72168 0.213281 0.403516
0 0.150732 0.0747314 0.0688477 0.109326
0 0.720898 0.417383 0.0558594 0.0707031
0 0.310547 0.605078 0.0710938 0.0492188
0 0.248633 0.375781 0.0683594 0.100781
0 0.551562 0.477734 0.114063 0.126563
0 0.260449 0.344238 0.0529297 0.0708984
0 0.739453 0.540234 0.05625 0.0617188
0 0.689453 0.788477 0.133594 0.276172
0 0.853516 0.765039 0.182031 0.249609
0 0.527148 0.467969 0.0691406 0.075
0 0.667969 0.876953 0.0625 0.0726563
0 0.730859 0.5125 0.0710938 0.0695313
0 0.794922 0.497266 0.192969 0.263281
0 0.508008 0.426758 0.176953 0.177734
0 0.850195 0.417676 0.299609 0.404492
0 0.423828 0.856641 0.0992187 0.114844
0 0.752344 0.83457 0.20625 0.177734
0 0.583008 0.231836 0.116016 0.135156
0 0.786914 0.834766 0.160547 0.152344
0 0.433203 0.477344 0.03125 0.0546875
0 0.692969 0.11875 0.440625 0.2375
0 0.725391 0.531055 0.0609375 0.0449219
0 0.929688 0.122266 0.140625 0.244531
0 0.828516 0.539453 0.0320312 0.0476562
0 0.964453 0.419922 0.0710938 0.0945313
0 0.668945 0.902734 0.0753906 0.0882813
0 0.731055 0.541797 0.0613281 0.059375
0 0.758398 0.137842 0.0925781 0.129785
0 0.266504 0.210693 0.351367 0.409863
0 0.795898 0.661719 0.311328 0.58125
0 0.821875 0.525 0.0625 0.0773438
0 0.755664 0.812891 0.233984 0.285156
0 0.269531 0.342676 0.0472656 0.0626953
0 0.570312 0.31958 0.159375 0.326465
0 0.355078 0.132373 0.163281 0.139551
0 0.781641 0.375977 0.0304688 0.0519531
0 0.450586 0.385645 0.0355469 0.0544922
0 0.892969 0.693359 0.0890625 0.0867188
0 0.774609 0.186523 0.110156 0.211328
0 0.808203 0.801172 0.128906 0.161719
0 0.151855 0.0624878 0.0634766 0.0836182
0 0.325977 0.626953 0.0742188 0.0960938
0 0.215381 0.221484 0.258301 0.434375
0 0.772461 0.132349 0.105078 0.17749
0 0.83125 0.664453 0.190625 0.132812
0 0.55625 0.379199 0.0890625 0.141602
0 0.917578 0.417773 0.0445313 0.0464844
0 0.805273 0.623828 0.175391 0.316406
0 0.433203 0.384473 0.0765625 0.0826172
0 0.734961 0.534766 0.105078 0.114844
0 0.536719 0.211377 0.140625 0.147559
0 0.425195 0.462695 0.0394531 0.0566406
0 0.845703 0.637695 0.308594 0.594922
0 0.788281 0.389844 0.0515625 0.053125
0 0.505664 0.332227 0.126953 0.181641
0 0.775 0.377539 0.034375 0.0519531
0 0.451953 0.393848 0.0289063 0.0458984
0 0.879687 0.682813 0.0546875 0.0648438
0 0.240625 0.415039 0.0367188 0.0480469
0 0.237402 0.320117 0.0978516 0.224609
0 0.763086 0.686914 0.0800781 0.109766
0 0.659766 0.877344 0.05 0.0671875
0 0.804883 0.522266 0.118359 0.0835937
0 0.271875 0.357227 0.0949219 0.157422
0 0.445898 0.412305 0.0511719 0.0910156
0 0.236621 0.386914 0.0763672 0.104297
0 0.771289 0.823047 0.0808594 0.0851563
0 0.808203 0.353613 0.108594 0.145117
0 0.334375 0.13374 0.172656 0.13877
0 0.826172 0.54668 0.0617188 0.0722656
0 0.191895 0.127002 0.189258 0.237402
0 0.750977 0.800586 0.232422 0.258203
0 0.826953 0.652344 0.346094 0.542188
0 0.151172 0.0985352 0.0789063 0.151758
0 0.816406 0.66709 0.367188 0.601758
0 0.799414 0.645703 0.387109 0.546094
0 0.198633 0.156348 0.188672 0.279102
0 0.766211 0.706445 0.0519531 0.0621094
0 0.161719 0.150781 0.121094 0.2625
0 0.142188 0.0911133 0.0613281 0.105273
0 0.14082 0.101465 0.0605469 0.108008
0 0.828516 0.540039 0.0367188 0.0503906
0 0.772461 0.642383 0.406641 0.574609
0 0.152148 0.0815186 0.0800781 0.143799
0 0.141357 0.0998047 0.0735352 0.151953
0 0.783398 0.801367 0.289453 0.259766
0 0.131836 0.103198 0.0501953 0.0838379
0 0.974219 0.417285 0.0515625 0.0951172
0 0.700977 0.880859 0.123047 0.113281
0 0.174414 0.104517 0.119141 0.170654
0 0.764453 0.711719 0.0570313 0.0671875
0 0.759766 0.157373 0.0835937 0.133691
0 0.677148 0.89375 0.0777344 0.0609375
0 0.686523 0.879297 0.101953 0.102344
0 0.66582 0.891016 0.0621094 0.0585938
0 0.729297 0.850586 0.182031 0.161328
0 0.773828 0.703516 0.0601563 0.0664062
0 0.133691 0.0946289 0.0509766 0.078125
0 0.20249 0.111426 0.193066 0.195117
0 0.973828 0.432813 0.0523438 0.117969
0 0.336328 0.607422 0.0300781 0.0367188
0 0.802344 0.655078 0.390625 0.585156
0 0.162549 0.188574 0.129199 0.345898
0 0.667969 0.886328 0.0609375 0.0570313
0 0.324121 0.607813 0.0509766 0.0382813
0 0.923828 0.419531 0.0351562 0.040625
0 0.699023 0.855859 0.119922 0.147656
0 0.332422 0.107666 0.171875 0.14209
0 0.149512 0.127393 0.0794922 0.183105
0 0.959375 0.518555 0.08125 0.269922
0 0.730078 0.874219 0.186719 0.142188
0 0.921094 0.41582 0.0359375 0.0394531
0 0.964063 0.432813 0.071875 0.109375
0 0.684766 0.797266 0.130469 0.255469
0 0.834375 0.539258 0.05 0.0542969
0 0.677148 0.886328 0.0839844 0.0632813
0 0.932031 0.419727 0.04375 0.0449219
0 0.965625 0.418359 0.06875 0.08125
0 0.761328 0.710156 0.0351562 0.0570313
0 0.141748 0.0839844 0.0754883 0.151953
0 0.228613 0.151758 0.243555 0.275391
0 0.854688 0.113867 0.2875 0.223828
0 0.280811 0.104175 0.354004 0.174854
0 0.770508 0.700391 0.0433594 0.0617188
0 0.75 0.784961 0.228125 0.276953
0 0.764844 0.143262 0.071875 0.106055
0 0.207959 0.0991699 0.191113 0.162988
0 0.914844 0.420703 0.0375 0.0414063
0 0.332129 0.131909 0.178711 0.143994
0 0.632227 0.191455 0.694922 0.359277
0 0.788477 0.774023 0.143359 0.205078
0 0.758594 0.716406 0.0390625 0.0523438
0 0.851562 0.382422 0.296875 0.764844
0 0.676562 0.903125 0.0804688 0.078125
0 0.262793 0.15166 0.300977 0.281836
0 0.143018 0.079834 0.0625977 0.0893555
0 0.323828 0.604688 0.0589844 0.0367188
0 0.86543 0.653125 0.269141 0.55625
0 0.792578 0.763672 0.130469 0.192969
0 0.237354 0.10249 0.260059 0.177832
0 0.814844 0.674805 0.370313 0.608203
0 0.848633 0.435937 0.302734 0.871875
0 0.14043 0.124609 0.0738281 0.167969
0 0.867383 0.114844 0.265234 0.226172
0 0.33418 0.601953 0.0339844 0.0367188
0 0.196484 0.197998 0.189844 0.356348
0 0.55332 0.158203 0.0660156 0.101953
0 0.991797 0.574219 0.0164063 0.135156
0 0.315723 0.150488 0.0705078 0.0869141
0 0.778711 0.15376 0.137891 0.284668
0 0.363867 0.160596 0.498828 0.295215
0 0.756641 0.145557 0.0742188 0.107715
0 0.935938 0.415039 0.0484375 0.0425781
0 0.991406 0.595313 0.0171875 0.096875
0 0.685742 0.860156 0.100391 0.132812
0 0.726562 0.305371 0.546875 0.600195
0 0.658984 0.887109 0.0414063 0.0523438
0 0.721094 0.799023 0.16875 0.247266
0 0.315527 0.10918 0.158008 0.135937
0 0.807617 0.761328 0.348828 0.361719
0 0.149072 0.102075 0.0713867 0.120068
0 0.825781 0.35127 0.05625 0.0755859
0 0.991406 0.566797 0.0171875 0.167969
0 0.73418 0.819531 0.187891 0.215625
0 0.161426 0.113672 0.124023 0.208594
0 0.991797 0.586719 0.0164063 0.0820312
0 0.806641 0.764063 0.124219 0.201563
0 0.773633 0.16167 0.0996094 0.16416
0 0.910547 0.41582 0.0351562 0.0402344
0 0.81543 0.753125 0.369141 0.453125
0 0.882031 0.503711 0.235938 0.244922
0 0.960156 0.411328 0.0796875 0.117188
0 0.692773 0.150244 0.278516 0.283105
0 0.30791 0.14502 0.0732422 0.0685547
0 0.831445 0.119482 0.237109 0.227441
0 0.329785 0.081958 0.180273 0.160303
0 0.901172 0.648828 0.197656 0.542969
0 0.747656 0.196973 0.503125 0.37793
0 0.805859 0.2 0.335156 0.382812
0 0.680078 0.119019 0.467969 0.234619
0 0.536133 0.227344 0.122266 0.152344
0 0.990625 0.616211 0.01875 0.166797
0 0.985938 0.569531 0.028125 0.142188
0 0.609375 0.323047 0.78125 0.636719
0 0.783398 0.372266 0.433203 0.744531
0 0.341797 0.605664 0.0222656 0.0363281
0 0.804492 0.152148 0.169141 0.287109
0 0.991016 0.554883 0.0179687 0.180078
0 0.173535 0.085498 0.116992 0.159863
0 0.371973 0.129224 0.51543 0.23335
0 0.969141 0.407031 0.0617188 0.0617188
0 0.786523 0.539062 0.150391 0.090625
0 0.939063 0.417578 0.05625 0.0539063
0 0.762695 0.703516 0.0433594 0.0648438
0 0.776172 0.697852 0.0523438 0.0605469
0 0.959766 0.433203 0.0804688 0.116406
0 0.772656 0.710156 0.0671875 0.0828125
0 0.84668 0.197754 0.306641 0.378711
0 0.137207 0.180469 0.0806641 0.261719
0 0.685156 0.587109 0.601562 0.694531
0 0.941016 0.439648 0.117969 0.123828
0 0.985938 0.557422 0.028125 0.152344
0 0.814844 0.12063 0.264062 0.230615
0 0.760352 0.177148 0.0886719 0.168359
0 0.330371 0.610742 0.0458984 0.0480469
0 0.976172 0.516602 0.0476562 0.280859
0 0.68125 0.875391 0.101562 0.0820312
0 0.323047 0.140918 0.0402344 0.0576172
0 0.816406 0.84082 0.367188 0.304297
0 0.433398 0.0798096 0.180859 0.151318
0 0.591016 0.232129 0.817969 0.463867
0 0.78125 0.45 0.4375 0.9
0 0.728516 0.421875 0.542969 0.84375
0 0.230078 0.101758 0.230469 0.15
0 0.138818 0.161133 0.0770508 0.226953
0 0.814063 0.432813 0.371875 0.865625
0 0.789844 0.829297 0.304688 0.263281
0 0.944141 0.532422 0.111719 0.3125
0 0.976172 0.402441 0.0476562 0.0646484
0 0.906641 0.51543 0.186719 0.240234
0 0.986328 0.631836 0.0273438 0.152734
0 0.832031 0.5375 0.028125 0.0484375
0 0.243164 0.40127 0.0441406 0.0638672
0 0.737109 0.533594 0.0359375 0.0414063
0 0.821875 0.241895 0.35625 0.482617
0 0.339453 0.105859 0.464844 0.184766
0 0.985156 0.923047 0.0296875 0.0929688
0 0.209131 0.131543 0.19502 0.194336
0 0.816797 0.815039 0.366406 0.324609
0 0.987109 0.600586 0.0257812 0.0824219
0 0.791992 0.550195 0.364453 0.346484
0 0.139209 0.113867 0.062793 0.115234
0 0.67207 0.880469 0.0691406 0.06875
0 0.986719 0.61543 0.0265625 0.141016
0 0.115259 0.154297 0.167139 0.282031
0 0.546094 0.15791 0.165625 0.283789
0 0.954688 0.431836 0.090625 0.0925781
0 0.797656 0.65 0.35 0.575
0 0.357715 0.130322 0.140039 0.140527
0 0.760938 0.138477 0.084375 0.119922
0 0.816602 0.371875 0.366797 0.74375
0 0.983203 0.913672 0.0335938 0.0835937
0 0.915625 0.566406 0.16875 0.371875
0 0.953125 0.417578 0.071875 0.0679687
0 0.426367 0.468945 0.0347656 0.0597656
0 0.985547 0.0363525 0.0289063 0.0720215
0 0.31123 0.131396 0.136133 0.133301
0 0.391016 0.114111 0.0523438 0.0696289
0 0.358691 0.106934 0.120898 0.127734
0 0.542773 0.156445 0.0621094 0.0863281
0 0.40791 0.0793701 0.209961 0.152979
0 0.987109 0.59082 0.0257812 0.0972656
0 0.717383 0.230469 0.565234 0.454688
0 0.991016 0.631445 0.0179687 0.180859
0 0.938672 0.0917481 0.122656 0.180957
0 0.114258 0.119067 0.194922 0.225146
0 0.877148 0.55293 0.245703 0.336328
0 0.973828 0.641602 0.0523438 0.535547
0 0.942969 0.523438 0.114063 0.26875
0 0.313867 0.0817139 0.202734 0.160205
0 0.939844 0.418652 0.120313 0.149414
0 0.743359 0.796875 0.221094 0.259375
0 0.16123 0.182666 0.122461 0.331934
0 0.148535 0.0975098 0.0697266 0.138965
0 0.149316 0.083667 0.0728516 0.143604
0 0.683398 0.876563 0.0980469 0.101562
0 0.683594 0.860938 0.096875 0.125
0 0.791016 0.607422 0.378906 0.666406
0 0.141748 0.0940674 0.0581055 0.113037
0 0.141699 0.0854004 0.0705078 0.150488
0 0.817969 0.645801 0.364063 0.589648
0 0.72832 0.79668 0.185547 0.251953
0 0.155518 0.166553 0.102246 0.294238
0 0.69668 0.877734 0.115234 0.114844
0 0.141064 0.0998047 0.069043 0.134766
0 0.141016 0.103198 0.0578125 0.111182
0 0.695312 0.860156 0.113281 0.132812
0 0.798633 0.613574 0.399609 0.657227
0 0.17627 0.100537 0.124023 0.154395
0 0.321289 0.604688 0.0679687 0.0390625
0 0.758398 0.150781 0.0816406 0.128906
0 0.318262 0.606836 0.0669922 0.0410156
0 0.134912 0.0959473 0.0520508 0.0995117
0 0.331543 0.605664 0.0451172 0.0402344
0 0.974609 0.421387 0.0507812 0.114258
0 0.134082 0.103613 0.0509766 0.0964844
0 0.829297 0.539844 0.0367188 0.0523438
0 0.675781 0.892578 0.075 0.0617188
0 0.188086 0.193555 0.176563 0.344922
0 0.787305 0.761328 0.119141 0.188281
0 0.742578 0.786523 0.221094 0.272266
0 0.665234 0.891016 0.0617188 0.0601563
0 0.666797 0.885938 0.0578125 0.0578125
0 0.726562 0.851758 0.176563 0.155859
0 0.174609 0.0837402 0.122266 0.155176
0 0.772656 0.79707 0.278125 0.258984
0 0.75957 0.137891 0.0824219 0.1125
0 0.965234 0.42168 0.0695313 0.109766
0 0.673438 0.861719 0.110937 0.128125
0 0.76543 0.706055 0.0457031 0.0628906
0 0.325586 0.612109 0.0667969 0.0625
0 0.803711 0.644336 0.391016 0.601953
0 0.675195 0.885938 0.0785156 0.0625
0 0.685156 0.795117 0.123438 0.258203
0 0.812891 0.655078 0.374219 0.611719
0 0.147656 0.102661 0.071875 0.119092
0 0.76543 0.131152 0.0722656 0.0931641
0 0.321582 0.6125 0.0798828 0.0921875
0 0.954688 0.401758 0.090625 0.143359
0 0.676367 0.877344 0.115234 0.103125
0 0.333789 0.602344 0.0414063 0.0375
0 0.77168 0.70293 0.0535156 0.0714844
0 0.660547 0.886719 0.04375 0.0546875
0 0.728906 0.820312 0.176563 0.209375
0 0.118018 0.191309 0.14834 0.34082
0 0.728516 0.874609 0.182031 0.142969
0 0.189258 0.173486 0.170313 0.316699
0 0.772266 0.158105 0.102344 0.153711
0 0.316113 0.607422 0.0638672 0.0453125
0 0.31084 0.610156 0.0802734 0.0875
0 0.817578 0.442969 0.364844 0.885938
0 0.832422 0.539844 0.0460938 0.0585938
0 0.141943 0.0827393 0.0592773 0.118115
0 0.31416 0.606836 0.0568359 0.0394531
0 0.824609 0.380859 0.350781 0.761719
0 0.728125 0.78125 0.19375 0.284375
0 0.771484 0.134692 0.100781 0.140771
0 0.324316 0.629492 0.0888672 0.107422
0 0.800391 0.762305 0.111719 0.194141
0 0.667383 0.198535 0.394922 0.387305
0 0.138037 0.31123 0.0536133 0.0576172
0 0.940234 0.409766 0.117969 0.142969
0 0.975391 0.404102 0.0492188 0.0949219
0 0.7 0.824609 0.123438 0.200781
0 0.852539 0.383008 0.294922 0.766016
0 0.792578 0.648145 0.346094 0.578711
0 0.670117 0.363086 0.659766 0.726172
0 0.984375 0.93125 0.03125 0.1375
0 0.207129 0.0788818 0.187305 0.155322
0 0.768359 0.151904 0.121094 0.290723
0 0.832422 0.537305 0.0289063 0.0488281
0 0.137402 0.318848 0.0482422 0.0517578
0 0.763086 0.711133 0.0550781 0.0738281
0 0.132715 0.30332 0.0542969 0.0761719
0 0.910937 0.575391 0.178125 0.447656
0 0.906641 0.639355 0.186719 0.579102
0 0.801172 0.768359 0.350781 0.332031
0 0.762891 0.141992 0.0757812 0.108203
0 0.722852 0.581152 0.316797 0.714258
0 0.779883 0.455859 0.440234 0.911719
0 0.770898 0.7 0.0347656 0.0601563
0 0.791602 0.509375 0.410547 0.764063
0 0.317188 0.615039 0.0714844 0.0605469
0 0.676074 0.442969 0.647852 0.885938
0 0.742188 0.366992 0.515625 0.733984
0 0.61582 0.796094 0.221484 0.264062
0 0.20498 0.0974854 0.182617 0.154248
0 0.787891 0.400781 0.424219 0.801562
0 0.926953 0.420117 0.0492188 0.0488281
0 0.876563 0.571582 0.246875 0.447461
0 0.919922 0.41543 0.0445313 0.0441406
0 0.321484 0.596484 0.0699219 0.0648438
0 0.744727 0.197705 0.204297 0.387402
0 0.678516 0.875781 0.090625 0.0828125
0 0.822266 0.589648 0.352344 0.492578
0 0.13999 0.302832 0.0616211 0.0759766
0 0.953125 0.376074 0.09375 0.163477
0 0.982031 0.923047 0.0359375 0.138281
0 0.133594 0.318945 0.0443359 0.0484375
0 0.943359 0.505664 0.113281 0.276172
0 0.921094 0.419141 0.0375 0.0429688
0 0.742383 0.449219 0.515234 0.898438
0 0.686719 0.117773 0.278125 0.235547
0 0.311914 0.582617 0.0824219 0.112109
0 0.700586 0.151904 0.248828 0.295801
0 0.674219 0.901953 0.08125 0.0867188
0 0.30918 0.629102 0.0855469 0.101953
0 0.395215 0.086377 0.0494141 0.0663086
0 0.757422 0.135742 0.0726563 0.103125
0 0.943359 0.508984 0.110156 0.255469
0 0.148926 0.0912109 0.0666016 0.122266
0 0.849609 0.442969 0.300781 0.885938
0 0.384863 0.126172 0.529492 0.238672
0 0.802344 0.201465 0.184375 0.391602
0 0.764258 0.118652 0.130859 0.23457
0 0.226123 0.185986 0.261816 0.340527
0 0.734375 0.795703 0.179688 0.253906
0 0.109912 0.125854 0.16377 0.238916
0 0.939453 0.383984 0.117969 0.172656
0 0.985938 0.573438 0.028125 0.151562
0 0.767773 0.517969 0.444141 0.798438
0 0.801562 0.151172 0.1625 0.291406
0 0.815234 0.837109 0.369531 0.325781
0 0.701953 0.9125 0.132031 0.175
0 0.812891 0.671094 0.374219 0.614062
0 0.917188 0.393262 0.0609375 0.0876953
0 0.986719 0.561328 0.0265625 0.157031
0 0.756641 0.716992 0.267969 0.426953
0 0.297754 0.589258 0.127539 0.224609
0 0.774414 0.697266 0.0449219 0.0632813
0 0.765234 0.762305 0.149219 0.186328
0 0.115381 0.169238 0.146582 0.30918
0 0.139063 0.111938 0.0613281 0.109521
0 0.642188 0.240625 0.690625 0.48125
0 0.955469 0.425 0.0890625 0.141406
0 0.356641 0.165137 0.460156 0.316602
0 0.160352 0.239453 0.130859 0.439063
0 0.973047 0.585645 0.0539063 0.452148
0 0.671289 0.879687 0.0644531 0.071875
0 0.835547 0.247852 0.267969 0.495703
0 0.763086 0.704492 0.0410156 0.0667969
0 0.827344 0.537305 0.0328125 0.0464844
0 0.685352 0.780078 0.134766 0.291406
0 0.908594 0.508008 0.18125 0.240234
0 0.848047 0.205713 0.300781 0.403418
0 0.912891 0.418359 0.0382813 0.04375
0 0.800977 0.118237 0.166797 0.233838
0 0.304199 0.607227 0.0341797 0.0363281
0 0.761523 0.103149 0.0878906 0.176514
0 0.987109 0.636523 0.0257812 0.154297
0 0.772266 0.103784 0.103906 0.179932
0 0.984375 0.0379883 0.03125 0.0759766
0 0.127783 0.107764 0.0352539 0.0858398
0 0.129834 0.0998047 0.0379883 0.101172
0 0.148633 0.114697 0.0941406 0.210449
0 0.94375 0.432617 0.0953125 0.0878906
0 0.227295 0.166162 0.246191 0.30752
0 0.382812 0.203955 0.546875 0.399902
0 0.816016 0.294141 0.0632813 0.0863281
0 0.684375 0.892578 0.0703125 0.0570313
0 0.958594 0.509766 0.0828125 0.26875
0 0.340625 0.604297 0.0304688 0.0390625
0 0.786719 0.773438 0.121875 0.20625
0 0.433984 0.0613281 0.172656 0.117188
0 0.133496 0.312598 0.0458984 0.0568359
0 0.975 0.43457 0.05 0.125391
0 0.928906 0.41543 0.0625 0.0480469
0 0.808398 0.674023 0.378516 0.547266
0 0.854492 0.464844 0.291016 0.929688
0 0.851758 0.115625 0.282422 0.23125
0 0.741406 0.676367 0.2375 0.505078
0 0.438086 0.0784668 0.182422 0.150098
0 0.763086 0.708594 0.0332031 0.0539063
0 0.925 0.506641 0.15 0.325781
0 0.795117 0.23623 0.378516 0.469727
0 0.750781 0.794531 0.225 0.270313
0 0.150684 0.0870117 0.0841797 0.149023
0 0.160645 0.181152 0.127148 0.333789
0 0.769531 0.792969 0.251563 0.26875
0 0.683203 0.862109 0.0992187 0.127344
0 0.141846 0.0881348 0.0717773 0.147754
0 0.725391 0.857031 0.174219 0.148438
0 0.696289 0.862109 0.118359 0.133594
0 0.682031 0.875781 0.0984375 0.0953125
0 0.763086 0.702539 0.0457031 0.0722656
0 0.131934 0.104956 0.0509766 0.111572
0 0.758008 0.155762 0.0839844 0.147461
0 0.131445 0.302734 0.0541016 0.0804688
0 0.758984 0.14043 0.0851563 0.123438
0 0.674609 0.892969 0.0757812 0.0609375
0 0.697266 0.877734 0.11875 0.110156
0 0.1396 0.104907 0.0573242 0.120068
0 0.725391 0.79375 0.177344 0.260938
0 0.331543 0.604492 0.0408203 0.0402344
0 0.826953 0.538672 0.0398437 0.05625
0 0.175879 0.0864502 0.131445 0.157178
0 0.726758 0.819727 0.171484 0.219922
0 0.140039 0.0946533 0.0558594 0.124365
0 0.132812 0.317773 0.0464844 0.0476562
0 0.949219 0.405273 0.101562 0.144922
0 0.31875 0.606055 0.0648438 0.0394531
0 0.674609 0.862891 0.108594 0.127344
0 0.665625 0.889844 0.059375 0.059375
0 0.155566 0.175781 0.109961 0.314453
0 0.760938 0.70918 0.059375 0.0800781
0 0.975 0.42041 0.05 0.107617
0 0.394531 0.085498 0.0492188 0.0674805
0 0.321484 0.60332 0.0652344 0.0355469
0 0.78418 0.758594 0.119141 0.198437
0 0.666211 0.885938 0.0542969 0.0578125
0 0.780078 0.707227 0.0914062 0.102734
0 0.135254 0.316113 0.0498047 0.0541016
0 0.769727 0.700977 0.0574219 0.0800781
0 0.139014 0.302832 0.0612305 0.0810547
0 0.673438 0.886719 0.078125 0.0625
0 0.186621 0.187451 0.177539 0.336426
0 0.769922 0.136841 0.107031 0.174756
0 0.13623 0.310937 0.0527344 0.0589844
0 0.128955 0.183594 0.120996 0.328125
0 0.726562 0.875391 0.178125 0.141406
0 0.950391 0.426563 0.0992187 0.146094
0 0.277539 0.501953 0.0421875 0.065625
0 0.768945 0.699414 0.0355469 0.0644531
0 0.783789 0.732617 0.0996094 0.147266
0 0.776367 0.195068 0.130078 0.336426
0 0.9375 0.412109 0.123438 0.146094
0 0.774805 0.146143 0.126953 0.260059
0 0.831641 0.536719 0.0507812 0.065625
0 0.703906 0.825977 0.134375 0.208984
0 0.814063 0.291406 0.0578125 0.078125
0 0.77168 0.166699 0.111328 0.173633
0 0.526758 0.470117 0.0652344 0.0925781
0 0.140967 0.0985596 0.0696289 0.137256
0 0.760742 0.708789 0.0347656 0.0558594
0 0.178223 0.0995361 0.13457 0.153271
0 0.789844 0.210645 0.145313 0.32793
0 0.392969 0.0958496 0.0460938 0.0510742
0 0.387109 0.0881348 0.053125 0.0700195
0 0.146045 0.103979 0.0735352 0.124072
0 0.132617 0.312402 0.0472656 0.0564453
0 0.434082 0.0636963 0.155273 0.121436
0 0.747656 0.145557 0.0765625 0.146777
0 0.674219 0.900781 0.0789063 0.084375
0 0.803711 0.759961 0.130078 0.205078
0 0.770508 0.107617 0.108984 0.181641
0 0.132324 0.097583 0.0488281 0.119092
0 0.764453 0.12998 0.0695313 0.0947266
0 0.396973 0.0902832 0.0607422 0.0661133
0 0.751758 0.193359 0.0589844 0.0660156
0 0.324316 0.608984 0.0654297 0.065625
0 0.754297 0.133594 0.0648438 0.102344
0 0.402539 0.0820312 0.0519531 0.0703125
0 0.65957 0.885547 0.0402344 0.0507812
0 0.333594 0.601758 0.0375 0.0363281
0 0.905859 0.502734 0.188281 0.249219
0 0.731641 0.786328 0.169531 0.274219
0 0.947656 0.37832 0.104688 0.165234
0 0.816016 0.309375 0.0679687 0.111328
0 0.74668 0.163281 0.0753906 0.158203
0 0.135498 0.320605 0.0573242 0.0685547
0 0.793945 0.246387 0.151172 0.417383
0 0.758008 0.714258 0.0402344 0.0589844
0 0.146875 0.0969238 0.0789063 0.142871
0 0.539453 0.15249 0.0554687 0.077832
0 0.530859 0.20791 0.10625 0.166211
0 0.825391 0.606836 0.349219 0.680078
0 0.964063 0.419824 0.071875 0.106445
0 0.419336 0.466602 0.0550781 0.0730469
0 0.675195 0.876563 0.108984 0.096875
0 0.408594 0.064209 0.160938 0.122363
0 0.957422 0.907422 0.0851563 0.171094
0 0.430273 0.466602 0.0371094 0.0746094
0 0.750195 0.142529 0.0746094 0.106348
0 0.760156 0.141309 0.0796875 0.107227
0 0.761914 0.704883 0.0417969 0.0699219
0 0.764063 0.706836 0.071875 0.102734
0 0.938281 0.432227 0.123438 0.141016
0 0.761523 0.105859 0.0925781 0.181641
0 0.127002 0.316406 0.0331055 0.0441406
0 0.423633 0.462305 0.0402344 0.0675781
0 0.936719 0.387207 0.121875 0.167773
0 0.958203 0.872656 0.0835937 0.16875
0 0.976953 0.934766 0.0460938 0.122656
0 0.396484 0.0753418 0.053125 0.093457
0 0.701172 0.914062 0.132031 0.171875
0 0.940625 0.495117 0.11875 0.304297
0 0.776563 0.235156 0.139063 0.421094
0 0.772852 0.696094 0.0449219 0.0671875
0 0.391699 0.104053 0.0439453 0.050293
0 0.27207 0.508203 0.0617188 0.0773438
0 0.927734 0.420312 0.0429688 0.046875
0 0.283398 0.49668 0.0277344 0.0496094
0 0.757812 0.176465 0.084375 0.172852
0 0.751563 0.857422 0.145313 0.144531
0 0.785352 0.146436 0.141797 0.250879
0 0.976953 0.910547 0.0460938 0.0851563
0 0.386816 0.0746826 0.0615234 0.098291
0 0.691211 0.793359 0.137109 0.263281
0 0.387695 0.0967773 0.0386719 0.0466797
0 0.768945 0.712891 0.0746094 0.102344
0 0.189355 0.176611 0.177539 0.328027
0 0.395313 0.101514 0.059375 0.0702148
0 0.669531 0.881641 0.059375 0.0710938
0 0.760352 0.73418 0.0980469 0.148828
0 0.976562 0.40127 0.046875 0.0748047
0 0.431445 0.462305 0.0308594 0.0667969
0 0.942578 0.506445 0.110156 0.257422
0 0.795313 0.699023 0.115625 0.0988281
0 0.757617 0.762109 0.130078 0.197656
0 0.136768 0.113794 0.062793 0.115771
0 0.920313 0.420117 0.0375 0.0425781
0 0.530078 0.231934 0.102344 0.136133
0 0.877539 0.483203 0.244922 0.522656
0 0.330469 0.0830811 0.201563 0.154736
0 0.751953 0.204932 0.0664062 0.0975586
0 0.51543 0.220654 0.0628906 0.111816
0 0.315332 0.604297 0.0615234 0.0382813
0 0.131445 0.289941 0.0628906 0.11543
0 0.741602 0.192188 0.0511719 0.0679687
0 0.857813 0.329102 0.284375 0.658203
0 0.776367 0.826563 0.0425781 0.0609375
0 0.768945 0.121753 0.129297 0.235791
0 0.742188 0.79082 0.20625 0.271484
0 0.279492 0.502148 0.0460938 0.0753906
0 0.791016 0.31582 0.161719 0.631641
0 0.338672 0.603711 0.0292969 0.0410156
0 0.973437 0.436719 0.053125 0.129688
0 0.204688 0.0824707 0.183594 0.158105
0 0.831641 0.536719 0.0289063 0.05
0 0.549023 0.459961 0.119922 0.131641
0 0.801758 0.744141 0.127734 0.175781
0 0.316406 0.6125 0.0714844 0.0601563
0 0.826172 0.54082 0.0273438 0.0457031
0 0.683398 0.899219 0.0753906 0.08125
0 0.439453 0.0771973 0.163281 0.141699
0 0.947266 0.603711 0.0476562 0.0558594
0 0.146973 0.0929199 0.0689453 0.128613
0 0.780273 0.693164 0.0910156 0.103516
0 0.916016 0.417383 0.0539063 0.0488281
0 0.912891 0.407422 0.0882813 0.128125
0 0.682422 0.892188 0.0671875 0.05625
0 0.95 0.463672 0.1 0.202344
0 0.129834 0.302637 0.0760742 0.0896484
0 0.735938 0.788086 0.170313 0.305078
0 0.757227 0.875 0.176172 0.148438
0 0.782422 0.830859 0.0429688 0.0570313
0 0.959375 0.572461 0.08125 0.142578
0 0.796289 0.70957 0.116797 0.117578
0 0.682617 0.865625 0.0941406 0.126563
0 0.161914 0.187549 0.123828 0.32998
0 0.699805 0.866016 0.125391 0.139844
0 0.725 0.861719 0.173438 0.15
0 0.699609 0.886328 0.125 0.138281
0 0.728906 0.818164 0.182812 0.299609
0 0.140918 0.302734 0.0697266 0.0761719
0 0.683008 0.882031 0.0949219 0.110937
0 0.139844 0.103149 0.0613281 0.114209
0 0.132617 0.104541 0.0519531 0.102832
0 0.14082 0.105322 0.0644531 0.128418
0 0.153125 0.0922607 0.0867188 0.14126
0 0.726758 0.825195 0.171484 0.207422
0 0.787109 0.24375 0.135156 0.367188
0 0.759766 0.162305 0.0835937 0.150391
0 0.17915 0.107813 0.135449 0.146875
0 0.790625 0.252539 0.145313 0.356641
0 0.716992 0.804688 0.158203 0.284375
0 0.189648 0.192334 0.169531 0.330957
0 0.135693 0.287793 0.0750977 0.10918
0 0.151465 0.105103 0.0810547 0.131592
0 0.526172 0.470508 0.0726563 0.0886719
0 0.674219 0.886719 0.0867188 0.0640625
0 0.132861 0.302832 0.055957 0.0755859
0 0.975391 0.418164 0.0492188 0.0910156
0 0.771289 0.876367 0.258984 0.219141
0 0.141455 0.0924561 0.065332 0.142822
0 0.177588 0.0895264 0.133105 0.157666
0 0.674023 0.892969 0.0816406 0.059375
0 0.433789 0.430664 0.0730469 0.148828
0 0.701953 0.913281 0.132031 0.173438
0 0.707812 0.82832 0.14375 0.210547
0 0.674023 0.865625 0.0863281 0.13125
0 0.735156 0.877344 0.189063 0.209375
0 0.758984 0.139844 0.0804688 0.115234
0 0.397754 0.0893066 0.0498047 0.0647461
0 0.548438 0.462305 0.121875 0.133203
0 0.275488 0.502148 0.0439453 0.0628906
0 0.726367 0.880469 0.176953 0.160938
0 0.753125 0.862109 0.153125 0.141406
0 0.771484 0.813672 0.255469 0.325781
0 0.43457 0.416895 0.0730469 0.170117
0 0.775391 0.17002 0.119531 0.180273
0 0.665234 0.883594 0.05625 0.05625
0 0.154785 0.182715 0.103711 0.310352
0 0.133838 0.302832 0.0749023 0.0970703
0 0.790625 0.274121 0.146875 0.423633
0 0.279199 0.18457 0.34707 0.343359
0 0.764258 0.705078 0.0464844 0.0601563
0 0.80625 0.336621 0.103125 0.154883
0 0.76543 0.129834 0.0753906 0.0942383
0 0.1375 0.309863 0.0621094 0.0552734
0 0.782227 0.28291 0.148047 0.44668
0 0.389355 0.090625 0.0564453 0.0708984
0 0.757617 0.880078 0.181641 0.163281
0 0.140088 0.0945313 0.0604492 0.124023
0 0.778125 0.183545 0.128125 0.199707
0 0.761719 0.180713 0.0890625 0.180371
0 0.415625 0.433203 0.0992187 0.150781
0 0.270996 0.507812 0.0638672 0.0757812
0 0.432031 0.461914 0.03125 0.0628906
0 0.54668 0.483203 0.127734 0.142969
0 0.769531 0.699805 0.0359375 0.0582031
0 0.769531 0.701172 0.05625 0.0703125
0 0.14834 0.289258 0.100586 0.113281
0 0.787109 0.272168 0.146094 0.276758
0 0.395703 0.0966797 0.0429688 0.0464844
0 0.418359 0.466992 0.0640625 0.0699219
0 0.146973 0.102612 0.0775391 0.119775
0 0.423242 0.462109 0.0472656 0.0679687
0 0.761914 0.70918 0.0574219 0.0730469
0 0.13335 0.290039 0.0672852 0.112891
0 0.730859 0.785547 0.171094 0.275781
0 0.670703 0.316602 0.378906 0.582422
0 0.43125 0.467187 0.0359375 0.065625
0 0.771094 0.143652 0.109375 0.161914
0 0.400098 0.0931396 0.0529297 0.0541504
0 0.756055 0.133545 0.0691406 0.100488
0 0.784375 0.216406 0.128125 0.317188
0 0.82832 0.253809 0.227734 0.35332
0 0.819141 0.311133 0.0789063 0.123828
0 0.665039 0.889453 0.0621094 0.0570313
0 0.136523 0.255957 0.0839844 0.174414
0 0.134912 0.315723 0.0538086 0.0505859
0 0.717578 0.765625 0.158594 0.365625
0 0.533789 0.489648 0.112109 0.133203
0 0.416504 0.409082 0.0990234 0.191211
0 0.781055 0.197998 0.133203 0.221191
0 0.536719 0.464648 0.114063 0.132422
0 0.737305 0.893359 0.197266 0.211719
0 0.389258 0.0968506 0.0410156 0.0461426
0 0.761133 0.140723 0.0824219 0.106055
0 0.748438 0.147339 0.0703125 0.155322
0 0.677734 0.875781 0.0984375 0.084375
0 0.786328 0.340039 0.133594 0.172266
0 0.68457 0.910156 0.103516 0.142188
0 0.442188 0.412988 0.0507812 0.110742
0 0.669336 0.879687 0.0613281 0.071875
0 0.770117 0.895703 0.253516 0.208594
0 0.269824 0.17373 0.325977 0.317383
0 0.518555 0.470703 0.0589844 0.0851563
0 0.408008 0.0855469 0.0410156 0.0601563
0 0.778906 0.770117 0.117188 0.212891
0 0.747461 0.169043 0.0691406 0.171289
0 0.761523 0.108423 0.0878906 0.151904
0 0.151074 0.253564 0.114258 0.188574
0 0.396191 0.102271 0.0552734 0.057959
0 0.327148 0.0844238 0.206641 0.149902
0 0.784961 0.232275 0.142578 0.230762
0 0.684961 0.888672 0.0878906 0.0601563
0 0.281201 0.120605 0.359473 0.20957
0 0.751367 0.14209 0.0800781 0.10332
0 0.130835 0.191016 0.113721 0.321484
0 0.393164 0.103271 0.0402344 0.0452148
0 0.953906 0.433594 0.0921875 0.115625
0 0.453516 0.38916 0.0320312 0.0568359
0 0.282715 0.496875 0.0283203 0.0507812
0 0.278418 0.501172 0.0529297 0.0734375
0 0.359863 0.0818848 0.128711 0.131543
0 0.806055 0.357227 0.0988281 0.140234
0 0.636133 0.550977 0.329297 0.794922
0 0.550781 0.428906 0.122656 0.192969
0 0.333594 0.603125 0.0328125 0.0367188
0 0.674023 0.879297 0.0855469 0.111719
0 0.329492 0.107886 0.201172 0.15376
0 0.786719 0.256885 0.148438 0.27998
0 0.786328 0.296094 0.139844 0.2375
0 0.676758 0.267383 0.362109 0.441797
0 0.210645 0.0812988 0.197461 0.16123
0 0.376953 0.0789307 0.096875 0.124951
0 0.776758 0.111719 0.0417969 0.0404297
0 0.132666 0.197461 0.0774414 0.375391
0 0.73125 0.8 0.192188 0.25
0 0.170508 0.19043 0.142969 0.327734
0 0.723437 0.800977 0.175 0.243359
0 0.181982 0.104272 0.141113 0.132861
0 0.188818 0.195166 0.171582 0.330371
0 0.17876 0.0926025 0.132324 0.122998
0 0.140234 0.101758 0.0636719 0.110156
0 0.726172 0.860938 0.180469 0.140625
0 0.131885 0.301563 0.0569336 0.0824219
0 0.325293 0.60957 0.0689453 0.0589844
0 0.665039 0.890234 0.0707031 0.0648438
0 0.319043 0.606641 0.0697266 0.0414063
0 0.154102 0.0908447 0.0847656 0.118701
0 0.677539 0.880469 0.0863281 0.10625
0 0.758008 0.135693 0.0777344 0.0977539
0 0.706641 0.863672 0.144531 0.132031
0 0.673828 0.89375 0.08125 0.0640625
0 0.309863 0.631055 0.0826172 0.0980469
0 0.280078 0.191553 0.365625 0.347363
0 0.309668 0.617578 0.0798828 0.0796875
0 0.324902 0.632617 0.0935547 0.105078
0 0.333398 0.604688 0.0398437 0.0414063
0 0.974609 0.425098 0.0507812 0.116992
0 0.785156 0.76543 0.117188 0.183203
0 0.133887 0.10481 0.0552734 0.0989746
0 0.140918 0.0936279 0.0623047 0.118213
0 0.17002 0.183154 0.138477 0.306348
0 0.666992 0.885547 0.0660156 0.0648438
0 0.140918 0.101367 0.0650391 0.117578
0 0.667578 0.862891 0.0765625 0.125781
0 0.766016 0.705664 0.0429688 0.0566406
0 0.678711 0.863672 0.0886719 0.124219
0 0.32207 0.622852 0.0863281 0.0816406
0 0.76543 0.12915 0.0738281 0.0875977
0 0.724609 0.780273 0.182031 0.287891
0 0.762891 0.710938 0.0570313 0.0679687
0 0.312598 0.606836 0.0646484 0.0402344
0 0.727539 0.822656 0.176172 0.209375
0 0.675 0.8875 0.0882813 0.071875
0 0.155078 0.103418 0.0867188 0.120508
0 0.76875 0.803125 0.260938 0.2625
0 0.770508 0.702734 0.0496094 0.0625
0 0.758008 0.155908 0.0839844 0.128809
0 0.528516 0.577832 0.836719 0.702148
0 0.816797 0.31084 0.0742188 0.117383
0 0.325879 0.604492 0.0673828 0.0363281
0 0.728516 0.877734 0.186719 0.155469
0 0.316016 0.613477 0.0765625 0.0597656
0 0.758594 0.132471 0.071875 0.0952148
0 0.666992 0.878906 0.0753906 0.103125
0 0.132715 0.318359 0.0472656 0.046875
0 0.95625 0.435156 0.0875 0.109375
0 0.554492 0.500391 0.809766 0.846094
0 0.827734 0.539258 0.0367188 0.0527344
0 0.770898 0.700195 0.0332031 0.0511719
0 0.822266 0.617188 0.350781 0.675
0 0.134668 0.317188 0.0519531 0.0511719
0 0.69375 0.578223 0.248438 0.707617
0 0.755859 0.784766 0.138281 0.224219
0 0.323047 0.627148 0.078125 0.0941406
0 0.708203 0.880859 0.146094 0.132031
0 0.955078 0.408789 0.0898438 0.135547
0 0.736914 0.584473 0.224609 0.70918
0 0.758984 0.115039 0.0820312 0.105469
0 0.232373 0.191016 0.27041 0.341406
0 0.131396 0.287305 0.074707 0.112891
0 0.762695 0.708398 0.0355469 0.0503906
0 0.614453 0.576074 0.425781 0.704102
0 0.954297 0.386523 0.0914062 0.167578
0 0.734375 0.792188 0.19375 0.2625
0 0.770898 0.233496 0.161328 0.393164
0 0.711523 0.826563 0.158203 0.20625
0 0.658594 0.885156 0.0445313 0.053125
0 0.793164 0.237305 0.157422 0.405078
0 0.135303 0.321875 0.0577148 0.0621094
0 0.784375 0.583203 0.303125 0.722656
0 0.140625 0.301367 0.0726563 0.0859375
0 0.743164 0.669141 0.212109 0.528906
0 0.760156 0.765234 0.129688 0.178906
0 0.314844 0.628516 0.0796875 0.0929688
0 0.734766 0.787305 0.166406 0.269141
0 0.141211 0.0900391 0.065625 0.124023
0 0.318164 0.606445 0.0691406 0.0402344
0 0.718555 0.674219 0.208203 0.50625
0 0.772852 0.200049 0.144922 0.351465
0 0.333984 0.201807 0.466406 0.379199
0 0.807617 0.767383 0.148828 0.198047
0 0.333398 0.600977 0.0328125 0.0339844
0 0.679688 0.914453 0.0945313 0.142969
0 0.503516 0.57168 0.867969 0.733203
0 0.770117 0.711328 0.0675781 0.0820312
0 0.207422 0.0852539 0.189844 0.138281
0 0.731055 0.794922 0.170703 0.257031
0 0.773242 0.139453 0.100391 0.108594
0 0.908203 0.502539 0.182031 0.244922
0 0.704492 0.706641 0.242578 0.438281
0 0.130615 0.304102 0.0729492 0.0984375
0 0.779883 0.779297 0.121484 0.210156
0 0.146631 0.0903076 0.0762695 0.120557
0 0.83125 0.538086 0.046875 0.0597656
0 0.827344 0.524805 0.339063 0.825391
0 0.789844 0.663867 0.31875 0.566016
0 0.145996 0.0995361 0.0830078 0.113818
0 0.208447 0.101855 0.192871 0.140039
0 0.685156 0.205615 0.317188 0.377832
0 0.775781 0.112305 0.0390625 0.0394531
0 0.191113 0.238086 0.182227 0.434766
0 0.524414 0.50625 0.844922 0.840625
0 0.302148 0.607227 0.0367188 0.0378906
0 0.9375 0.493066 0.125 0.305273
0 0.579492 0.492773 0.547266 0.862891
0 0.804297 0.331738 0.0960938 0.135742
0 0.33457 0.609766 0.0578125 0.0585938
0 0.661914 0.49668 0.340234 0.862891
0 0.644336 0.565039 0.0277344 0.0410156
0 0.832031 0.535742 0.028125 0.0472656
0 0.733008 0.50332 0.252734 0.851172
0 0.339844 0.603125 0.0304688 0.0390625
0 0.764063 0.706445 0.0453125 0.0613281
0 0.804297 0.3125 0.0960938 0.128906
0 0.935156 0.514063 0.129688 0.304688
0 0.737305 0.704297 0.220703 0.450781
0 0.130566 0.287012 0.0681641 0.124805
0 0.955859 0.362988 0.0882813 0.12168
0 0.643359 0.561523 0.0234375 0.0378906
0 0.188721 0.182959 0.170215 0.317676
0 0.973047 0.438281 0.0539063 0.134375
0 0.177344 0.182959 0.163672 0.33252
0 0.128125 0.316895 0.0353516 0.0431641
0 0.278516 0.172559 0.353125 0.318164
0 0.773242 0.120215 0.100391 0.112305
0 0.841992 0.241797 0.255078 0.453906
0 0.785156 0.502148 0.30625 0.864453
0 0.182812 0.137744 0.151562 0.201855
0 0.792773 0.703516 0.320703 0.474219
0 0.814063 0.291211 0.05625 0.0738281
0 0.293066 0.108569 0.393555 0.177393
0 0.81875 0.667969 0.3625 0.592188
0 0.940625 0.415723 0.117188 0.14043
0 0.940625 0.392188 0.117188 0.171094
0 0.778516 0.165332 0.116406 0.158789
0 0.838281 0.201611 0.25 0.401465
0 0.673828 0.898438 0.0804688 0.0703125
0 0.777734 0.697656 0.0335938 0.0523438
0 0.133154 0.258105 0.0833008 0.173242
0 0.758398 0.714258 0.0441406 0.0550781
0 0.761133 0.726562 0.0714844 0.101562
0 0.786719 0.272022 0.128125 0.235645
0 0.482422 0.465332 0.803906 0.916211
0 0.431836 0.432324 0.744141 0.843164
0 0.188037 0.198437 0.180957 0.324219
0 0.174316 0.192432 0.153711 0.320605
0 0.752539 0.80332 0.244922 0.263672
0 0.841797 0.440625 0.316406 0.88125
0 0.565625 0.497266 0.86875 0.883594
0 0.55625 0.465625 0.8875 0.93125
0 0.172559 0.182227 0.14707 0.295312
0 0.562305 0.514063 0.875391 0.890625
0 0.536133 0.46709 0.927734 0.92832
0 0.181445 0.104321 0.137109 0.139795
0 0.566992 0.461719 0.866016 0.923438
0 0.324414 0.613086 0.075 0.0777344
0 0.283008 0.186768 0.374609 0.324902
0 0.831641 0.554395 0.332031 0.731836
0 0.523828 0.465137 0.896094 0.910352
0 0.560938 0.483496 0.878125 0.956445
0 0.786523 0.766797 0.137891 0.197656
0 0.626563 0.485156 0.746875 0.875
0 0.519043 0.466211 0.833789 0.911328
0 0.236621 0.190479 0.283008 0.326074
0 0.55 0.495215 0.9 0.97207
0 0.727344 0.50625 0.540625 0.832812
0 0.838867 0.466699 0.322266 0.922852
0 0.860547 0.445312 0.278906 0.890625
0 0.316992 0.60625 0.0777344 0.05
0 0.315723 0.61543 0.0791016 0.0769531
0 0.609961 0.45625 0.780078 0.9125
0 0.15332 0.102881 0.08125 0.126855
0 0.140186 0.101807 0.0577148 0.114746
0 0.315234 0.379102 0.488281 0.707422
0 0.634961 0.503516 0.716016 0.844531
0 0.973828 0.419336 0.0523438 0.110547
0 0.562109 0.494336 0.875781 0.958203
0 0.832812 0.485938 0.332813 0.846875
0 0.59082 0.515039 0.810547 0.824609
0 0.661523 0.889453 0.0691406 0.0820312
0 0.60625 0.475684 0.7875 0.948633
0 0.552734 0.503711 0.894531 0.961328
0 0.326367 0.630664 0.0945313 0.109766
0 0.749219 0.760938 0.25 0.35
0 0.805859 0.767188 0.138281 0.203125
0 0.323535 0.619141 0.0873047 0.0828125
0 0.825977 0.652734 0.344922 0.583594
0 0.764648 0.801562 0.258203 0.273438
0 0.771094 0.833789 0.273438 0.248047
0 0.178223 0.0919678 0.12793 0.125439
0 0.532813 0.501855 0.934375 0.983789
0 0.330176 0.604492 0.0544922 0.0496094
0 0.835938 0.486914 0.328125 0.924609
0 0.569336 0.506055 0.845703 0.841016
0 0.763672 0.126514 0.0726563 0.093457
0 0.789453 0.500586 0.386719 0.853516
0 0.33291 0.187598 0.475586 0.338477
0 0.757812 0.155078 0.0796875 0.131641
0 0.67207 0.889063 0.0824219 0.084375
0 0.802734 0.455469 0.386719 0.910937
0 0.312109 0.615039 0.0765625 0.0839844
0 0.187109 0.183252 0.172266 0.309277
0 0.190771 0.249805 0.19502 0.447266
0 0.866992 0.540723 0.266016 0.74043
0 0.758008 0.136426 0.0777344 0.10293
0 0.142627 0.102612 0.0674805 0.127197
0 0.322168 0.625391 0.0810547 0.100781
0 0.719922 0.485156 0.555469 0.879687
0 0.153125 0.0899414 0.0800781 0.122461
0 0.782031 0.892578 0.292188 0.205469
0 0.728516 0.855859 0.185156 0.157031
0 0.679688 0.883594 0.0914062 0.117188
0 0.612305 0.491406 0.775391 0.957812
0 0.972266 0.43623 0.0554687 0.132227
0 0.812891 0.307813 0.0710938 0.114063
0 0.180225 0.1354 0.146582 0.205762
0 0.861133 0.470703 0.277734 0.938281
0 0.705078 0.858984 0.139844 0.149219
0 0.730469 0.629883 0.539062 0.604297
0 0.312695 0.629297 0.0816406 0.105469
0 0.31416 0.626563 0.0818359 0.0960938
0 0.819141 0.850195 0.361719 0.274609
0 0.558984 0.529492 0.882031 0.909766
0 0.789844 0.493359 0.401563 0.922656
0 0.286328 0.170508 0.371875 0.309766
0 0.860156 0.485547 0.279687 0.952344
0 0.54043 0.512109 0.919141 0.966406
0 0.585547 0.519336 0.772656 0.822266
0 0.802148 0.478125 0.395703 0.95625
0 0.773438 0.141016 0.101562 0.117188
0 0.625586 0.613379 0.741016 0.637305
0 0.923047 0.536133 0.153906 0.388672
0 0.705469 0.882031 0.139063 0.1375
0 0.729297 0.877344 0.188281 0.159375
0 0.724609 0.45625 0.550781 0.9125
0 0.794531 0.636914 0.389062 0.601172
0 0.863867 0.477344 0.272266 0.851562
0 0.145459 0.100488 0.0790039 0.117773
0 0.190381 0.320117 0.20791 0.595703
0 0.716211 0.477344 0.567578 0.954688
0 0.954688 0.433887 0.090625 0.12207
0 0.754102 0.823828 0.249609 0.258594
0 0.755664 0.128613 0.0667969 0.100977
0 0.775977 0.165088 0.112109 0.166309
0 0.706641 0.909766 0.146094 0.180469
0 0.140576 0.0933105 0.0561523 0.120996
0 0.725781 0.804297 0.251563 0.264844
0 0.146045 0.0904541 0.074707 0.121436
0 0.954688 0.532031 0.090625 0.371875
0 0.811328 0.28916 0.0601563 0.0767578
0 0.257178 0.369629 0.37002 0.691992
0 0.322168 0.605664 0.0771484 0.0457031
0 0.733203 0.716016 0.477344 0.449219
0 0.331934 0.100415 0.461133 0.182373
0 0.186768 0.37627 0.24209 0.702148
0 0.680469 0.860938 0.0953125 0.135937
0 0.782813 0.777734 0.139063 0.222656
0 0.310645 0.606445 0.0669922 0.0464844
0 0.662695 0.88125 0.0621094 0.0796875
0 0.949609 0.502734 0.100781 0.315625
0 0.730078 0.825977 0.183594 0.210547
0 0.17334 0.181104 0.157617 0.318262
0 0.333984 0.612891 0.0675781 0.0773438
0 0.861914 0.64209 0.276172 0.623633
0 0.298535 0.10813 0.401367 0.174365
0 0.202197 0.10293 0.17998 0.142969
0 0.778906 0.755469 0.295312 0.376563
0 0.773633 0.115698 0.101172 0.12251
0 0.860547 0.376758 0.278906 0.753516
0 0.579883 0.625781 0.805859 0.6125
0 0.818359 0.884375 0.363281 0.21875
0 0.560742 0.621387 0.862891 0.618164
0 0.664844 0.713086 0.526563 0.445703
0 0.69375 0.758594 0.346875 0.353125
0 0.561719 0.711523 0.723437 0.447266
0 0.388184 0.300293 0.631445 0.547852
0 0.774414 0.111816 0.0402344 0.0457031
0 0.777344 0.116504 0.0421875 0.0542969
0 0.706836 0.828125 0.145703 0.210938
0 0.767773 0.156299 0.134766 0.293652
0 0.770117 0.116455 0.0457031 0.0522461
0 0.902734 0.533984 0.191406 0.324219
0 0.798633 0.499219 0.401172 0.995313
0 0.82168 0.667969 0.356641 0.579688
0 0.954688 0.408789 0.090625 0.130078
0 0.336914 0.60293 0.0410156 0.0496094
0 0.498828 0.513672 0.921094 0.963281
0 0.760352 0.113013 0.0792969 0.110498
0 0.821094 0.810156 0.357812 0.307813
0 0.175977 0.155566 0.152344 0.253711
0 0.773438 0.125732 0.0671875 0.087207
0 0.975781 0.400195 0.046875 0.0785156
0 0.817969 0.70918 0.364063 0.514453
0 0.817969 0.763477 0.364063 0.398047
0 0.508984 0.530859 0.788281 0.800781
0 0.502539 0.502832 0.910547 0.978711
0 0.799805 0.710742 0.366016 0.469141
0 0.574414 0.673438 0.777734 0.523438
0 0.331738 0.168457 0.461523 0.308789
0 0.777344 0.188916 0.121875 0.213574
0 0.844922 0.371094 0.310156 0.742188
0 0.239258 0.240039 0.293359 0.430859
0 0.716797 0.497656 0.566406 0.976562
0 0.35625 0.633789 0.15625 0.124609
0 0.751953 0.884766 0.257031 0.199219
0 0.760742 0.137988 0.0847656 0.106445
0 0.335352 0.601562 0.0394531 0.0390625
0 0.673047 0.880469 0.0875 0.0859375
0 0.144043 0.0895996 0.0662109 0.135254
0 0.974219 0.478906 0.0515625 0.1125
0 0.146875 0.07771 0.0710938 0.117627
0 0.671289 0.9 0.0863281 0.1
0 0.733789 0.791797 0.183984 0.271094
0 0.682031 0.915234 0.1 0.153906
0 0.173828 0.142627 0.150391 0.247949
0 0.739453 0.798438 0.199219 0.2625
0 0.156836 0.189746 0.134766 0.360352
0 0.150781 0.0788086 0.0808594 0.151758
0 0.727344 0.854297 0.179688 0.153906
0 0.160742 0.170264 0.127344 0.331348
0 0.184912 0.208936 0.184082 0.396191
0 0.754492 0.132324 0.0597656 0.0876953
0 0.175781 0.0802734 0.127344 0.160547
0 0.131396 0.209668 0.111035 0.404102
0 0.754102 0.135889 0.0746094 0.0969727
0 0.662305 0.889063 0.0574219 0.071875
0 0.975 0.419922 0.0484375 0.1
0 0.140137 0.101514 0.0556641 0.114551
0 0.316699 0.606055 0.0787109 0.0410156
0 0.631445 0.713281 0.390234 0.435937
0 0.33125 0.605664 0.0550781 0.0425781
0 0.700977 0.761719 0.251172 0.340625
0 0.671289 0.889844 0.0769531 0.075
0 0.77832 0.764844 0.129297 0.20625
0 0.636719 0.622852 0.339063 0.601172
0 0.231348 0.200342 0.288086 0.392285
0 0.148633 0.0952881 0.0828125 0.149854
0 0.641406 0.687109 0.354688 0.475781
0 0.828516 0.540234 0.0367188 0.0546875
0 0.661719 0.883594 0.046875 0.0640625
0 0.701367 0.857813 0.126172 0.14375
0 0.771289 0.702539 0.0589844 0.0785156
0 0.66582 0.710547 0.326172 0.439844
0 0.139941 0.0953369 0.0542969 0.128271
0 0.589453 0.626465 0.238281 0.583008
0 0.762695 0.129248 0.0683594 0.0842773
0 0.738867 0.775 0.191016 0.309375
0 0.764258 0.713086 0.0574219 0.0847656
0 0.187451 0.308398 0.203223 0.616797
0 0.753906 0.151074 0.0734375 0.118945
0 0.139355 0.296777 0.0599609 0.0857422
0 0.691406 0.688867 0.270313 0.478516
0 0.595508 0.713281 0.368359 0.434375
0 0.133984 0.252344 0.0832031 0.173438
0 0.771289 0.141016 0.101172 0.104688
0 0.15835 0.282617 0.155176 0.563672
0 0.766992 0.796094 0.239453 0.264062
0 0.321387 0.612695 0.0916016 0.0675781
0 0.758984 0.137744 0.0820312 0.0959961
0 0.669922 0.883203 0.0773438 0.0710938
0 0.15127 0.205713 0.104883 0.286621
0 0.320117 0.603906 0.0824219 0.0398437
0 0.134912 0.315137 0.0543945 0.0576172
0 0.765039 0.705078 0.0464844 0.0664062
0 0.833594 0.538672 0.046875 0.065625
0 0.325586 0.612695 0.0738281 0.0707031
0 0.609766 0.684766 0.272656 0.485156
0 0.147363 0.191211 0.100586 0.332813
0 0.131592 0.31748 0.0444336 0.0490234
0 0.770312 0.712109 0.0734375 0.0992187
0 0.729492 0.828125 0.175391 0.2
0 0.129834 0.299414 0.0446289 0.0792969
0 0.671484 0.504883 0.328906 0.854297
0 0.525781 0.0625 0.120313 0.125
0 0.135303 0.307715 0.0518555 0.0626953
0 0.75293 0.139453 0.0628906 0.0910156
0 0.689453 0.617773 0.266406 0.617578
0 0.187939 0.172656 0.180371 0.330469
0 0.728711 0.871484 0.183203 0.152344
0 0.323535 0.628906 0.0966797 0.105469
0 0.724023 0.798438 0.211328 0.25625
0 0.496289 0.0565918 0.0691406 0.113184
0 0.678125 0.878906 0.0859375 0.0984375
0 0.129199 0.283398 0.0796875 0.116797
0 0.188672 0.427344 0.219141 0.854688
0 0.224951 0.319336 0.292285 0.638672
0 0.228809 0.167432 0.272461 0.331152
0 0.147656 0.137695 0.0917969 0.257422
0 0.748633 0.133838 0.0652344 0.11084
0 0.128662 0.285449 0.053418 0.129102
0 0.680078 0.891016 0.075 0.0710938
0 0.67168 0.899609 0.0839844 0.0914062
0 0.860547 0.385352 0.278906 0.770703
0 0.773047 0.695508 0.0460938 0.0628906
0 0.746484 0.514648 0.366406 0.837891
0 0.973437 0.430273 0.053125 0.112891
0 0.772461 0.109351 0.106641 0.148877
0 0.189453 0.242578 0.202734 0.485156
0 0.155347 0.409082 0.167041 0.817773
0 0.488477 0.0529785 0.0675781 0.101855
0 0.336719 0.604883 0.0453125 0.0449219
0 0.31123 0.606055 0.0712891 0.0394531
0 0.632227 0.505273 0.341797 0.848828
0 0.819336 0.606152 0.356641 0.75332
0 0.916797 0.38916 0.0726563 0.0951172
0 0.754883 0.853516 0.166797 0.153906
0 0.174609 0.109277 0.128125 0.201758
0 0.573828 0.628223 0.207031 0.574805
0 0.656641 0.885938 0.0398437 0.0546875
0 0.802344 0.763672 0.142188 0.214844
0 0.280762 0.197852 0.383789 0.395703
0 0.830859 0.537109 0.0289063 0.0484375
0 0.133057 0.171729 0.115137 0.334668
0 0.948047 0.387012 0.103906 0.183008
0 0.777344 0.778711 0.132812 0.234766
0 0.835156 0.535352 0.0390625 0.0542969
0 0.769531 0.698633 0.0359375 0.0558594
0 0.700586 0.876953 0.123047 0.113281
0 0.772656 0.170117 0.107813 0.173047
0 0.641016 0.762891 0.383594 0.338281
0 0.845117 0.380859 0.309766 0.761719
0 0.935547 0.385156 0.128906 0.175
0 0.146875 0.0801514 0.071875 0.131104
0 0.30957 0.609375 0.0847656 0.071875
0 0.153027 0.158789 0.11582 0.317578
0 0.160156 0.235938 0.147266 0.465625
0 0.75625 0.113184 0.0765625 0.126758
0 0.335449 0.601953 0.0458984 0.0375
0 0.761328 0.724609 0.0664062 0.103906
0 0.787891 0.523242 0.394531 0.872266
0 0.136328 0.322266 0.0619141 0.0734375
0 0.504883 0.0619141 0.0910156 0.123828
0 0.145654 0.100513 0.0786133 0.122021
0 0.681055 0.897656 0.0839844 0.0890625
0 0.132471 0.105273 0.0473633 0.101953
0 0.746484 0.683594 0.235156 0.49375
0 0.1125 0.380273 0.0640625 0.119922
0 0.778125 0.0677734 0.0671875 0.0910156
0 0.680859 0.883594 0.09375 0.0734375
0 0.125098 0.314258 0.0888672 0.241797
0 0.679688 0.860547 0.0875 0.130469
0 0.84082 0.453125 0.318359 0.90625
0 0.913281 0.40293 0.0765625 0.0832031
0 0.125098 0.316992 0.122852 0.633984
0 0.612305 0.680469 0.283984 0.492188
0 0.827734 0.541992 0.0273438 0.0441406
0 0.985547 0.0239014 0.0289063 0.0478027
0 0.562891 0.644043 0.199219 0.544727
0 0.317188 0.615039 0.0792969 0.0707031
0 0.935156 0.402148 0.129688 0.168359
0 0.823828 0.796484 0.352344 0.275781
0 0.142773 0.312012 0.0679687 0.0701172
0 0.904297 0.497266 0.183594 0.271094
0 0.152246 0.25127 0.11543 0.187305
0 0.785156 0.591797 0.357812 0.736719
0 0.489063 0.0396973 0.05625 0.0685547
0 0.969922 0.421094 0.0601563 0.102344
0 0.138086 0.109961 0.0525391 0.101172
0 0.134961 0.201904 0.0839844 0.296973
0 0.992188 0.0168335 0.0140625 0.0329346
0 0.499219 0.0678711 0.0640625 0.115039
0 0.743164 0.133838 0.0457031 0.0862305
0 0.748047 0.158887 0.0648438 0.142383
0 0.862891 0.457031 0.274219 0.914062
0 0.754687 0.789062 0.15625 0.265625
0 0.586133 0.523047 0.224609 0.775781
0 0.335156 0.612695 0.0667969 0.0722656
0 0.110889 0.389648 0.0670898 0.111328
0 0.552539 0.0625 0.148828 0.125
0 0.562793 0.710742 0.398633 0.436328
0 0.145996 0.0938965 0.0748047 0.13623
0 0.146191 0.16333 0.0978516 0.324902
0 0.730664 0.707812 0.224609 0.446875
0 0.875781 0.484375 0.248438 0.934375
0 0.489844 0.0333008 0.0492188 0.0553711
0 0.64375 0.567969 0.03125 0.04375
0 0.277734 0.163379 0.367969 0.326758
0 0.835547 0.465625 0.328906 0.93125
0 0.482617 0.0342285 0.0417969 0.0516602
0 0.39082 0.119336 0.579297 0.238672
0 0.263672 0.355859 0.0539063 0.05625
0 0.822656 0.545898 0.353125 0.830078
0 0.17168 0.0783203 0.116406 0.156641
0 0.315723 0.604102 0.0748047 0.0417969
0 0.756055 0.785547 0.148828 0.247656
0 0.849609 0.252539 0.291406 0.505078
0 0.923438 0.38916 0.0796875 0.104492
0 0.776758 0.701953 0.287109 0.472656
0 0.262598 0.3625 0.0626953 0.08125
0 0.140918 0.0977295 0.0740234 0.143213
0 0.144629 0.0827881 0.0728516 0.151221
0 0.821484 0.64375 0.357031 0.675
0 0.790234 0.655859 0.319531 0.575781
0 0.739258 0.604297 0.282422 0.657031
0 0.750195 0.112134 0.0699219 0.157764
0 0.323242 0.625977 0.0796875 0.0957031
0 0.774219 0.382715 0.025 0.0369141
0 0.489453 0.066626 0.0710938 0.113232
0 0.108521 0.415625 0.157568 0.83125
0 0.773438 0.0949219 0.10625 0.189844
0 0.755469 0.179785 0.078125 0.175586
0 0.090625 0.22002 0.18125 0.428711
0 0.833203 0.483008 0.333594 0.944922
0 0.868359 0.467187 0.263281 0.934375
0 0.769141 0.726367 0.0773438 0.116016
0 0.123242 0.356348 0.100391 0.18418
0 0.738086 0.184619 0.0355469 0.053418
0 0.819922 0.820312 0.360156 0.259375
0 0.714453 0.464844 0.571094 0.929688
0 0.920703 0.420117 0.0429688 0.0480469
0 0.257324 0.35918 0.0392578 0.0449219
0 0.692969 0.898047 0.0882813 0.0914062
0 0.776758 0.383496 0.0277344 0.0416016
0 0.227783 0.251367 0.286621 0.502734
0 0.149316 0.0811523 0.0775391 0.152344
0 0.164258 0.185986 0.139453 0.335059
0 0.667383 0.892969 0.0652344 0.0671875
0 0.674609 0.887891 0.0835937 0.0882813
0 0.732422 0.806445 0.185156 0.274609
0 0.674023 0.895312 0.0753906 0.0625
0 0.718555 0.800977 0.159766 0.258984
0 0.192383 0.190771 0.192969 0.348926
0 0.754883 0.130762 0.0605469 0.0859375
0 0.764258 0.711328 0.0574219 0.0820312
0 0.674023 0.897656 0.0769531 0.0703125
0 0.139795 0.0951416 0.0543945 0.130811
0 0.773633 0.812109 0.265234 0.288281
0 0.683008 0.897266 0.0691406 0.0710938
0 0.975 0.412891 0.05 0.0851563
0 0.674219 0.897656 0.0851563 0.0921875
0 0.142139 0.0982178 0.0711914 0.128174
0 0.666211 0.885156 0.0808594 0.0890625
0 0.766016 0.706641 0.0460938 0.0632813
0 0.144873 0.0840332 0.0696289 0.151855
0 0.175977 0.0814209 0.126953 0.16001
0 0.317969 0.605273 0.075 0.0433594
0 0.139746 0.101074 0.0548828 0.116602
0 0.725781 0.858594 0.167187 0.151562
0 0.669922 0.888672 0.0648438 0.0664062
0 0.77168 0.702734 0.0550781 0.0742188
0 0.235938 0.187354 0.2875 0.35498
0 0.755273 0.135156 0.0753906 0.0988281
0 0.333008 0.604297 0.0464844 0.0445313
0 0.13501 0.300879 0.0571289 0.0833984
0 0.819531 0.820312 0.360938 0.310937
0 0.763281 0.128467 0.06875 0.0838867
0 0.133594 0.104443 0.0466797 0.10791
0 0.686719 0.896875 0.053125 0.0546875
0 0.133887 0.319531 0.0451172 0.0472656
0 0.692383 0.899609 0.0753906 0.0804688
0 0.282617 0.191455 0.384766 0.369434
0 0.698242 0.885547 0.117578 0.105469
0 0.660742 0.887891 0.0449219 0.0570313
0 0.725781 0.873047 0.176563 0.150781
0 0.157715 0.171729 0.116602 0.326855
0 0.136084 0.318555 0.0526367 0.0507812
0 0.84375 0.811523 0.3125 0.353516
0 0.699219 0.859766 0.122656 0.146094
0 0.919531 0.420117 0.0421875 0.0488281
0 0.147412 0.0788574 0.071582 0.127441
0 0.769531 0.711523 0.0734375 0.0949219
0 0.817969 0.775391 0.364063 0.391406
0 0.910156 0.420703 0.059375 0.053125
0 0.644727 0.568164 0.0316406 0.0480469
0 0.136279 0.320996 0.0608398 0.0666016
0 0.194629 0.174805 0.190039 0.33125
0 0.986328 0.0256592 0.0273438 0.0513184
0 0.675781 0.889453 0.0820312 0.0710938
0 0.699219 0.910156 0.121094 0.132812
0 0.140283 0.0827637 0.0541992 0.128613
0 0.123193 0.1896 0.122754 0.337207
0 0.19541 0.25 0.201367 0.5
0 0.693359 0.895703 0.0578125 0.0601563
0 0.977344 0.403906 0.04375 0.06875
0 0.325293 0.609375 0.0728516 0.06875
0 0.759375 0.137598 0.0828125 0.0974609
0 0.754492 0.149072 0.0738281 0.11709
0 0.861914 0.272461 0.276172 0.544922
0 0.658789 0.892188 0.0449219 0.05625
0 0.144385 0.299121 0.0698242 0.0880859
0 0.17666 0.0952148 0.126758 0.157617
0 0.753125 0.138672 0.065625 0.0917969
0 0.776172 0.69707 0.0414063 0.0566406
0 0.926953 0.419336 0.0429688 0.0527344
0 0.192773 0.112573 0.167578 0.223291
0 0.234912 0.0948242 0.27041 0.178711
0 0.331055 0.132568 0.0265625 0.0422852
0 0.231738 0.171826 0.268945 0.329004
0 0.66582 0.898047 0.0792969 0.0960938
0 0.149023 0.0615479 0.0636719 0.0944824
0 0.75918 0.723437 0.0738281 0.1
0 0.771289 0.138672 0.101172 0.10625
0 0.823438 0.763477 0.353125 0.448047
0 0.747461 0.133496 0.0675781 0.108398
0 0.149023 0.0957031 0.0785156 0.136133
0 0.313379 0.605469 0.0681641 0.040625
0 0.851367 0.251953 0.266016 0.503906
0 0.919531 0.413672 0.0515625 0.053125
0 0.695312 0.9125 0.0945313 0.0984375
0 0.771875 0.699609 0.0359375 0.0554687
0 0.833984 0.539258 0.0460938 0.0621094
0 0.951953 0.908203 0.0960938 0.183594
0 0.668359 0.897266 0.0734375 0.0773438
0 0.75957 0.716602 0.0417969 0.0636719
0 0.317969 0.6125 0.0773438 0.0679687
0 0.145898 0.0941895 0.0746094 0.138965
0 0.743164 0.132715 0.0425781 0.0822266
0 0.783984 0.830078 0.0414063 0.0570313
0 0.325098 0.130469 0.0283203 0.0394531
0 0.762695 0.709766 0.0371094 0.059375
0 0.81875 0.698047 0.3625 0.594531
0 0.319531 0.60918 0.0902344 0.0667969
0 0.860547 0.358398 0.278906 0.716797
0 0.829688 0.541602 0.0359375 0.0527344
0 0.171289 0.230566 0.155078 0.449023
0 0.776758 0.832812 0.0558594 0.0625
0 0.322754 0.60332 0.0755859 0.0410156
0 0.913672 0.424219 0.0664062 0.078125
0 0.754492 0.857422 0.130078 0.150781
0 0.641406 0.572461 0.0484375 0.0699219
0 0.912891 0.412891 0.0570313 0.0601563
0 0.782227 0.247852 0.130859 0.418359
0 0.279395 0.506641 0.0333984 0.0546875
0 0.706641 0.900781 0.0898438 0.090625
0 0.682422 0.910937 0.0867188 0.09375
0 0.747461 0.153564 0.0660156 0.130371
0 0.951953 0.923828 0.0960938 0.152344
0 0.8625 0.682422 0.034375 0.0460938
0 0.786133 0.822266 0.0324219 0.0460938
0 0.755859 0.122656 0.0601563 0.0675781
0 0.918359 0.391504 0.0710938 0.0974609
0 0.146484 0.117285 0.0957031 0.23457
0 0.766797 0.216699 0.102344 0.361914
0 0.771484 0.117725 0.0382813 0.0485352
0 0.676562 0.860156 0.0890625 0.139063
0 0.969141 0.415527 0.0570313 0.0845703
0 0.639844 0.568945 0.034375 0.0496094
0 0.138477 0.311719 0.0558594 0.0554687
0 0.987891 0.0273193 0.0242188 0.0546387
0 0.133594 0.312793 0.0472656 0.0552734
0 0.714844 0.780273 0.154688 0.309766
0 0.81875 0.618164 0.3625 0.763672
0 0.861523 0.2375 0.276953 0.475
0 0.971875 0.432031 0.05625 0.121875
0 0.852344 0.330859 0.282813 0.661719
0 0.322266 0.13916 0.0417969 0.0601563
0 0.308496 0.606445 0.0876953 0.0691406
0 0.852344 0.225 0.2625 0.45
0 0.776953 0.8375 0.0648438 0.08125
0 0.28877 0.0933838 0.394336 0.172217
0 0.788477 0.829688 0.0464844 0.0640625
0 0.984375 0.0380859 0.03125 0.0761719
0 0.133203 0.322754 0.0523438 0.0556641
0 0.338574 0.603711 0.0384766 0.0449219
0 0.709766 0.86875 0.0648438 0.120313
0 0.904688 0.425 0.0734375 0.075
0 0.358594 0.213086 0.546875 0.418359
0 0.779688 0.826563 0.0453125 0.0578125
0 0.191992 0.317383 0.2 0.634766
0 0.780664 0.11792 0.0308594 0.046582
0 0.977344 0.927734 0.04375 0.108594
0 0.667773 0.860547 0.0832031 0.141406
0 0.904688 0.422656 0.0640625 0.059375
0 0.727344 0.905469 0.18125 0.189063
0 0.782031 0.701953 0.0640625 0.078125
0 0.767969 0.723828 0.084375 0.108594
0 0.775 0.785937 0.270313 0.326562
0 0.149023 0.213672 0.105859 0.271875
0 0.708789 0.873828 0.0964844 0.107031
0 0.870313 0.683008 0.040625 0.0503906
0 0.752539 0.794922 0.121484 0.246094
0 0.330078 0.138672 0.0390625 0.0544922
0 0.752734 0.786328 0.113281 0.238281
0 0.9875 0.0191895 0.025 0.0383789
0 0.775195 0.780273 0.105859 0.223828
0 0.991797 0.0186768 0.0164063 0.0373535
0 0.694922 0.891406 0.0539063 0.065625
0 0.132031 0.0997559 0.0421875 0.123926
0 0.771875 0.161914 0.10625 0.156641
0 0.137891 0.109741 0.0515625 0.102783
0 0.648047 0.568164 0.0359375 0.0519531
0 0.809766 0.233691 0.169531 0.464648
0 0.715625 0.866016 0.06875 0.114844
0 0.204199 0.271973 0.0287109 0.0412109
0 0.776172 0.762695 0.0976562 0.194922
0 0.129688 0.317578 0.0322266 0.0449219
0 0.930859 0.414062 0.0570313 0.0601563
0 0.234668 0.247656 0.286133 0.495313
0 0.73125 0.786133 0.173438 0.299609
0 0.206641 0.0211792 0.0265625 0.0371338
0 0.65625 0.8875 0.0359375 0.0609375
0 0.314258 0.14873 0.0722656 0.0951172
0 0.815625 0.310059 0.071875 0.110352
0 0.705078 0.890625 0.0859375 0.0765625
0 0.258105 0.359668 0.0369141 0.0455078
0 0.705469 0.887109 0.0609375 0.0726563
0 0.199805 0.0212646 0.0324219 0.0379395
0 0.335938 0.601172 0.0394531 0.0382813
0 0.438281 0.100928 0.673438 0.199316
0 0.202246 0.275684 0.0384766 0.0478516
0 0.199805 0.275098 0.0316406 0.0392578
0 0.633984 0.574023 0.0539063 0.0730469
0 0.132666 0.135742 0.0717773 0.08125
0 0.674805 0.892578 0.0738281 0.0554687
0 0.675781 0.883984 0.084375 0.0835937
0 0.667969 0.889844 0.0625 0.0546875
0 0.668359 0.886328 0.0578125 0.0539063
0 0.766406 0.706641 0.0453125 0.0585938
0 0.194971 0.196484 0.180371 0.333594
0 0.139404 0.0911621 0.0520508 0.113184
0 0.764648 0.70918 0.0535156 0.0738281
0 0.974219 0.411328 0.0515625 0.0820312
0 0.77207 0.702539 0.0542969 0.0652344
0 0.13335 0.317578 0.0422852 0.0449219
0 0.332129 0.603711 0.0474609 0.0417969
0 0.764063 0.129053 0.06875 0.0799805
0 0.733398 0.796289 0.194141 0.258984
0 0.319629 0.604883 0.0681641 0.0417969
0 0.754297 0.131445 0.0570313 0.0789063
0 0.75918 0.133984 0.0753906 0.0941406
0 0.135693 0.304297 0.0540039 0.071875
0 0.136816 0.31709 0.0501953 0.0501953
0 0.660742 0.884766 0.0410156 0.0492188
0 0.675195 0.887891 0.0746094 0.0570313
0 0.179199 0.0870361 0.131445 0.137646
0 0.665625 0.884375 0.0882813 0.0859375
0 0.683594 0.895312 0.0703125 0.0609375
0 0.186426 0.0951904 0.14668 0.137549
0 0.68418 0.894141 0.0636719 0.0492188
0 0.139355 0.101562 0.053125 0.107227
0 0.13877 0.31084 0.0529297 0.0521484
0 0.675 0.894922 0.0757812 0.0617188
0 0.829297 0.541016 0.0335938 0.0476562
0 0.718945 0.794727 0.160547 0.252734
0 0.324414 0.602539 0.071875 0.0386719
0 0.675977 0.9 0.0855469 0.096875
0 0.151172 0.0878174 0.0769531 0.129053
0 0.776367 0.697461 0.0441406 0.0519531
0 0.143848 0.0978272 0.0708984 0.120752
0 0.14375 0.302441 0.0648438 0.0763672
0 0.771094 0.710156 0.0703125 0.0875
0 0.975781 0.403223 0.046875 0.0662109
0 0.725195 0.860156 0.171484 0.1375
0 0.13208 0.106738 0.0399414 0.0935547
0 0.144922 0.0877686 0.0691406 0.138525
0 0.284131 0.202246 0.36377 0.37207
0 0.313965 0.604883 0.0576172 0.0394531
0 0.699219 0.885938 0.120313 0.0921875
0 0.645508 0.566602 0.0292969 0.0417969
0 0.778125 0.759961 0.0921875 0.183203
0 0.693359 0.897656 0.0765625 0.0671875
0 0.77207 0.699609 0.0371094 0.053125
0 0.132568 0.311914 0.043457 0.0496094
0 0.727344 0.872656 0.179688 0.14375
0 0.766797 0.116504 0.0523438 0.0472656
0 0.203662 0.0970215 0.18252 0.142676
0 0.834375 0.538672 0.04375 0.0585938
0 0.772461 0.135986 0.0972656 0.0983398
0 0.326074 0.607227 0.0705078 0.0574219
0 0.139014 0.0804932 0.0518555 0.121045
0 0.318457 0.603125 0.0697266 0.0414063
0 0.699414 0.8625 0.122266 0.126563
0 0.832031 0.536133 0.0265625 0.0457031
0 0.835547 0.534961 0.0382813 0.0496094
0 0.13667 0.318945 0.0604492 0.0640625
0 0.147705 0.0786621 0.0694336 0.129199
0 0.134863 0.289551 0.0626953 0.10957
0 0.322461 0.613867 0.0910156 0.0691406
0 0.672852 0.883203 0.0660156 0.0601563
0 0.663281 0.88125 0.0515625 0.0609375
0 0.756641 0.124219 0.0617188 0.0683594
0 0.332129 0.131982 0.0283203 0.0413086
0 0.178223 0.18833 0.155273 0.314746
0 0.782617 0.700977 0.0628906 0.0699219
0 0.772266 0.799609 0.255469 0.266406
0 0.195312 0.24248 0.182812 0.45332
0 0.763086 0.708984 0.0332031 0.0554687
0 0.334766 0.600391 0.040625 0.0351562
0 0.665625 0.863672 0.0914062 0.122656
0 0.131348 0.0957031 0.0371094 0.0949219
0 0.677539 0.863281 0.0855469 0.11875
0 0.91875 0.391797 0.0703125 0.0898438
0 0.644336 0.561719 0.0253906 0.0398437
0 0.692773 0.894531 0.0621094 0.0515625
0 0.920703 0.413672 0.0476562 0.0445313
0 0.921484 0.418359 0.0398437 0.0421875
0 0.745898 0.133008 0.0800781 0.0984375
0 0.806055 0.766992 0.142578 0.205078
0 0.758984 0.788672 0.108594 0.233594
0 0.33877 0.60293 0.0396484 0.0417969
0 0.128711 0.310449 0.0337891 0.0501953
0 0.871484 0.681445 0.0429688 0.0472656
0 0.700586 0.919141 0.124609 0.157031
0 0.326074 0.130518 0.0310547 0.0405273
0 0.929688 0.41875 0.0453125 0.0460938
0 0.136377 0.286621 0.0807617 0.108789
0 0.31084 0.610352 0.0884766 0.0746094
0 0.968359 0.414844 0.0570313 0.078125
0 0.444336 0.232471 0.695703 0.443652
0 0.493359 0.0324829 0.0515625 0.0483154
0 0.135596 0.30293 0.0768555 0.0890625
0 0.487695 0.0327393 0.0410156 0.045166
0 0.786523 0.821094 0.0347656 0.04375
0 0.194922 0.178613 0.178516 0.314648
0 0.127588 0.303125 0.0493164 0.075
0 0.760156 0.716211 0.0359375 0.0542969
0 0.781055 0.115381 0.0332031 0.0416992
0 0.760547 0.137109 0.0835937 0.09375
0 0.783984 0.828906 0.0429688 0.0515625
0 0.790234 0.828516 0.0460938 0.0554687
0 0.318359 0.609766 0.075 0.05625
0 0.148926 0.0617432 0.0607422 0.0921387
0 0.349121 0.22002 0.502539 0.411523
0 0.685547 0.889453 0.0703125 0.0539063
0 0.30498 0.605078 0.0365234 0.0375
0 0.756641 0.859766 0.136719 0.135156
0 0.872656 0.675 0.0375 0.0414063
0 0.878516 0.681445 0.0445313 0.0503906
0 0.200195 0.271387 0.0296875 0.0392578
0 0.759961 0.119263 0.0769531 0.10249
0 0.128662 0.315137 0.0272461 0.0412109
0 0.77207 0.110645 0.0339844 0.0357422
0 0.202441 0.0833252 0.17793 0.148584
0 0.777539 0.782031 0.0980469 0.21875
0 0.641016 0.566992 0.0304688 0.0441406
0 0.145654 0.0905273 0.0758789 0.129492
0 0.143359 0.315039 0.0644531 0.0570313
0 0.27998 0.505859 0.0283203 0.0460938
0 0.760938 0.721484 0.06875 0.0921875
0 0.331738 0.137256 0.0373047 0.0469727
0 0.150732 0.234766 0.100098 0.224219
0 0.229443 0.196094 0.247363 0.35
0 0.323535 0.629492 0.0916016 0.102734
0 0.232715 0.406836 0.0451172 0.0480469
0 0.792969 0.821484 0.03125 0.0445313
0 0.741211 0.134229 0.0371094 0.0727539
0 0.774023 0.125098 0.0613281 0.0712891
0 0.864453 0.68125 0.0398437 0.04375
0 0.135742 0.128662 0.0546875 0.0575195
0 0.25752 0.358594 0.0337891 0.0429688
0 0.954297 0.911719 0.0914062 0.175
0 0.640039 0.562109 0.0371094 0.04375
0 0.265039 0.35498 0.0503906 0.0517578
0 0.659766 0.889063 0.04375 0.0484375
0 0.758398 0.147559 0.0753906 0.111523
0 0.932422 0.413281 0.0460938 0.0421875
0 0.657813 0.879297 0.046875 0.0710938
0 0.500391 0.0315063 0.053125 0.0502686
0 0.834766 0.534375 0.0367188 0.0546875
0 0.783203 0.695508 0.0539063 0.0558594
0 0.827734 0.541797 0.0257812 0.0421875
0 0.496094 0.876563 0.059375 0.065625
0 0.649219 0.567383 0.0351562 0.0464844
0 0.239746 0.40957 0.0431641 0.0480469
0 0.865234 0.677734 0.0414063 0.0460938
0 0.199658 0.106519 0.177246 0.170947
0 0.734766 0.144482 0.0226563 0.0452148
0 0.780078 0.826953 0.0492188 0.0570313
0 0.290039 0.0992432 0.369922 0.159717
0 0.752539 0.136475 0.0605469 0.080957
0 0.204199 0.270898 0.0298828 0.0402344
0 0.929688 0.391504 0.065625 0.0935547
0 0.237695 0.400488 0.0546875 0.0568359
0 0.133447 0.319336 0.047168 0.0527344
0 0.321582 0.139307 0.0470703 0.055957
0 0.828516 0.536914 0.0335938 0.0464844
0 0.137598 0.112329 0.0505859 0.0897949
0 0.773633 0.697852 0.0433594 0.0574219
0 0.657031 0.883203 0.0351562 0.0507812
0 0.769141 0.724219 0.0835937 0.107813
0 0.766406 0.705664 0.046875 0.0691406
0 0.775781 0.831641 0.059375 0.0585938
0 0.429688 0.181885 0.657813 0.333887
0 0.78125 0.110303 0.025 0.0352539
0 0.913281 0.41875 0.046875 0.0453125
0 0.499219 0.0273926 0.0585938 0.0489258
0 0.243945 0.377832 0.0632813 0.0935547
0 0.745117 0.12832 0.0441406 0.0757812
0 0.13623 0.254932 0.0849609 0.177637
0 0.805078 0.266846 0.158594 0.365527
0 0.486328 0.878125 0.0515625 0.06875
0 0.923047 0.380078 0.0398437 0.0609375
0 0.491797 0.0386841 0.0570313 0.0569092
0 0.912109 0.411328 0.0476562 0.0484375
0 0.281836 0.497852 0.0238281 0.0417969
0 0.797656 0.830469 0.0625 0.06875
0 0.777539 0.708203 0.0808594 0.09375
0 0.727539 0.822461 0.166797 0.208203
0 0.786914 0.117383 0.0386719 0.0505859
0 0.131592 0.12627 0.0344727 0.0564453
0 0.132178 0.133398 0.0329102 0.0423828
0 0.153223 0.0553711 0.0470703 0.0595703
0 0.255371 0.363574 0.0384766 0.0462891
0 0.184033 0.354102 0.168262 0.162109
0 0.249707 0.358203 0.0263672 0.0390625
0 0.331543 0.125098 0.0314453 0.0464844
0 0.309375 0.603125 0.0585938 0.04375
0 0.269434 0.346094 0.0404297 0.0488281
0 0.232031 0.400391 0.0445313 0.0492188
0 0.336328 0.607617 0.0652344 0.0582031
0 0.334766 0.13335 0.0390625 0.0485352
0 0.258496 0.350684 0.0330078 0.0486328
0 0.975391 0.924609 0.0492188 0.103906
0 0.773047 0.119678 0.0976562 0.108691
0 0.507227 0.0251709 0.0683594 0.0465332
0 0.741016 0.112891 0.0992187 0.125781
0 0.781836 0.689258 0.0347656 0.0410156
0 0.739648 0.143945 0.0363281 0.059375
0 0.728906 0.905469 0.185938 0.189063
0 0.326367 0.599414 0.0707031 0.0535156
0 0.650391 0.561719 0.0273438 0.0421875
0 0.680859 0.879297 0.0820312 0.0726563
0 0.195361 0.258887 0.176074 0.47832
0 0.766211 0.708789 0.0722656 0.0910156
0 0.843359 0.531641 0.0539063 0.0546875
0 0.772656 0.161768 0.101562 0.14834
0 0.756836 0.800195 0.119141 0.233984
0 0.447949 0.108374 0.680664 0.209033
0 0.983984 0.0232422 0.0320312 0.0464844
0 0.875781 0.6875 0.0578125 0.0648438
0 0.231201 0.101367 0.241895 0.159375
0 0.151855 0.254541 0.106836 0.18623
0 0.781055 0.268262 0.130078 0.366602
0 0.172461 0.177197 0.138672 0.306543
0 0.974219 0.914062 0.0515625 0.110937
0 0.780859 0.0680664 0.0585938 0.0832031
0 0.814844 0.280371 0.0375 0.0408203
0 0.231055 0.237402 0.254297 0.44082
0 0.643164 0.570508 0.0441406 0.0605469
0 0.789844 0.109424 0.0265625 0.0342773
0 0.491797 0.0307129 0.0585938 0.0551758
0 0.707031 0.901172 0.0875 0.0710938
0 0.862305 0.239258 0.275391 0.453516
0 0.760156 0.112695 0.0578125 0.0484375
0 0.324609 0.124805 0.0382813 0.0460938
0 0.937891 0.411133 0.122656 0.113672
0 0.941016 0.41875 0.0539063 0.0539063
0 0.880859 0.673633 0.0304688 0.0386719
0 0.776953 0.731055 0.0820312 0.128516
0 0.128223 0.109448 0.0333984 0.0887207
0 0.340723 0.597852 0.0220703 0.0324219
0 0.135645 0.136523 0.0679687 0.0628906
0 0.482031 0.881641 0.0945313 0.0804688
0 0.772852 0.835938 0.263672 0.328125
0 0.665625 0.900391 0.084375 0.100781
0 0.971094 0.408984 0.046875 0.059375
0 0.20293 0.274609 0.0382813 0.04375
0 0.780469 0.7125 0.0828125 0.0992187
0 0.199805 0.274512 0.0296875 0.0376953
0 0.505273 0.875391 0.0699219 0.0632813
0 0.181543 0.311328 0.15332 0.132031
0 0.756055 0.83418 0.123828 0.153516
0 0.144043 0.284473 0.0732422 0.120117
0 0.129785 0.338574 0.0693359 0.0931641
0 0.767969 0.214453 0.103125 0.265234
0 0.760547 0.877734 0.202344 0.157031
0 0.953516 0.923828 0.0929688 0.152344
0 0.315625 0.135156 0.053125 0.0533203
0 0.311035 0.628516 0.0849609 0.1
0 0.243848 0.415039 0.0380859 0.0472656
0 0.529688 0.0418945 0.146094 0.0837891
0 0.500586 0.0375977 0.0550781 0.0610352
0 0.801758 0.27666 0.169922 0.381055
0 0.347559 0.604102 0.0505859 0.0480469
0 0.761133 0.75918 0.0917969 0.178516
0 0.145215 0.0993164 0.0830078 0.116602
0 0.842969 0.53125 0.0375 0.0492188
0 0.184082 0.34248 0.163086 0.182227
0 0.698242 0.888672 0.0714844 0.0539063
0 0.396289 0.0859863 0.0371094 0.0532227
0 0.249902 0.363477 0.0275391 0.0402344
0 0.757031 0.719141 0.046875 0.0710938
0 0.663086 0.867969 0.0589844 0.090625
0 0.928125 0.376758 0.0375 0.0550781
0 0.195312 0.259082 0.180859 0.395898
0 0.151074 0.096875 0.0775391 0.12793
0 0.946484 0.409766 0.0398437 0.0421875
0 0.281348 0.155273 0.0435547 0.0535156
0 0.134326 0.238086 0.0817383 0.212109
0 0.145703 0.308887 0.0707031 0.0568359
0 0.836914 0.261719 0.232422 0.392188
0 0.785156 0.815625 0.0359375 0.040625
0 0.821875 0.81582 0.35625 0.291797
0 0.74082 0.180957 0.0324219 0.0419922
0 0.263672 0.360742 0.0589844 0.0738281
0 0.778125 0.835547 0.0625 0.0726563
0 0.128174 0.0826904 0.084668 0.153564
0 0.747852 0.858203 0.226172 0.283594
0 0.124365 0.291211 0.0573242 0.107422
0 0.48418 0.0383545 0.0449219 0.0489746
0 0.829297 0.542773 0.0445313 0.0644531
0 0.80625 0.281348 0.0359375 0.0404297
0 0.225098 0.175684 0.235742 0.314258
0 0.953906 0.880078 0.0921875 0.163281
0 0.289258 0.238379 0.378516 0.450586
0 0.971484 0.426465 0.0570313 0.106445
0 0.352539 0.631445 0.141797 0.112109
0 0.480664 0.031311 0.0378906 0.04646
0 0.737891 0.79668 0.144531 0.298828
0 0.674023 0.866016 0.0714844 0.100781
0 0.394922 0.0959717 0.0382813 0.0441895
0 0.799609 0.821094 0.0414063 0.0546875
0 0.149561 0.289355 0.096582 0.106836
0 0.749219 0.791797 0.240625 0.257031
0 0.179297 0.081665 0.139063 0.1521
0 0.192871 0.190625 0.185352 0.345313
0 0.291016 0.190674 0.390625 0.36709
0 0.77168 0.793945 0.258203 0.262109
0 0.664258 0.890625 0.0597656 0.05625
0 0.764453 0.707031 0.0476562 0.0632813
0 0.763867 0.709766 0.0550781 0.0789063
0 0.152246 0.0838867 0.0857422 0.142383
0 0.17417 0.174219 0.155566 0.313281
0 0.731445 0.855078 0.191797 0.147656
0 0.672852 0.893359 0.0761719 0.0570313
0 0.77207 0.701758 0.0589844 0.0769531
0 0.663281 0.885156 0.0515625 0.0546875
0 0.65625 0.885547 0.0414063 0.0492188
0 0.766992 0.128027 0.0769531 0.0861328
0 0.173926 0.162842 0.147852 0.305566
0 0.972656 0.412305 0.0546875 0.0917969
0 0.183057 0.0953857 0.152246 0.142432
0 0.75625 0.13042 0.065625 0.0825195
0 0.2354 0.188135 0.272168 0.353418
0 0.810156 0.764453 0.160938 0.210156
0 0.318164 0.605469 0.0722656 0.04375
0 0.759766 0.132227 0.0789063 0.0964844
0 0.781836 0.760156 0.103516 0.189063
0 0.324414 0.619141 0.101172 0.0804688
0 0.364746 0.219385 0.552539 0.42998
0 0.770508 0.710742 0.0746094 0.0964844
0 0.333105 0.603711 0.0431641 0.0425781
0 0.974219 0.400391 0.0515625 0.078125
0 0.323926 0.630664 0.102148 0.105859
0 0.193945 0.170361 0.183203 0.318652
0 0.324609 0.602734 0.0679687 0.0414063
0 0.774414 0.13584 0.104297 0.105664
0 0.144336 0.299316 0.0753906 0.0833984
0 0.449512 0.123438 0.704102 0.246875
0 0.714258 0.791602 0.173047 0.251172
0 0.317969 0.614062 0.0769531 0.0679687
0 0.673828 0.896484 0.078125 0.0632813
0 0.326367 0.608984 0.0679687 0.0664062
0 0.760938 0.112476 0.0828125 0.117627
0 0.732422 0.830078 0.188281 0.180469
0 0.775 0.697461 0.05 0.0605469
0 0.759375 0.710352 0.0375 0.0574219
0 0.194922 0.103906 0.176563 0.198828
0 0.756836 0.124463 0.0660156 0.0735352
0 0.70918 0.856641 0.151953 0.142969
0 0.298535 0.0986084 0.40293 0.170752
0 0.672656 0.886719 0.0804688 0.0578125
0 0.775391 0.108911 0.105469 0.131592
0 0.311523 0.605469 0.0691406 0.0421875
0 0.334375 0.599805 0.0351562 0.0363281
0 0.231885 0.100684 0.256543 0.17793
0 0.826563 0.541797 0.0359375 0.053125
0 0.683398 0.898047 0.0691406 0.0601563
0 0.436035 0.177734 0.693555 0.355469
0 0.657031 0.890234 0.0453125 0.0492188
0 0.659375 0.878516 0.0492188 0.0601563
0 0.308203 0.629102 0.090625 0.101953
0 0.150195 0.238818 0.106641 0.209863
0 0.450098 0.230078 0.726367 0.460156
0 0.309668 0.61582 0.0912109 0.0847656
0 0.766016 0.119434 0.0632813 0.0552734
0 0.833203 0.5375 0.0476562 0.0671875
0 0.681836 0.895312 0.0667969 0.05
0 0.704297 0.78125 0.185156 0.279687
0 0.275879 0.507031 0.0357422 0.053125
0 0.876563 0.689648 0.0609375 0.0667969
0 0.769141 0.701367 0.0429688 0.0605469
0 0.781836 0.78125 0.114453 0.221875
0 0.870703 0.683984 0.0460938 0.0507812
0 0.195361 0.241895 0.189355 0.463867
0 0.756641 0.717969 0.0414063 0.05625
0 0.210449 0.0804199 0.199414 0.156738
0 0.833594 0.361133 0.114063 0.177734
0 0.349512 0.618359 0.148633 0.0882813
0 0.824219 0.763477 0.173438 0.219922
0 0.744141 0.783203 0.230469 0.274219
0 0.954688 0.907813 0.090625 0.184375
0 0.967188 0.413281 0.065625 0.0867188
0 0.782617 0.699805 0.0722656 0.0832031
0 0.835156 0.53457 0.040625 0.0550781
0 0.877734 0.68457 0.0523438 0.0566406
0 0.33877 0.60293 0.0388672 0.0433594
0 0.350977 0.0976807 0.512109 0.194873
0 0.654102 0.878125 0.0441406 0.0671875
0 0.344238 0.169287 0.506836 0.338379
0 0.289795 0.166016 0.378223 0.317188
0 0.77168 0.835156 0.262891 0.329688
0 0.866406 0.361133 0.153125 0.178516
0 0.829688 0.536719 0.03125 0.05
0 0.230029 0.168945 0.256738 0.321094
0 0.733594 0.883594 0.198437 0.176563
0 0.172412 0.10918 0.146582 0.218359
0 0.316113 0.603125 0.0732422 0.04375
0 0.134326 0.239697 0.0833008 0.195605
0 0.668164 0.878125 0.0621094 0.0640625
0 0.953125 0.885938 0.09375 0.1875
0 0.529492 0.470703 0.0746094 0.0804688
0 0.80957 0.695508 0.149609 0.103516
0 0.800586 0.253711 0.161328 0.383984
0 0.653516 0.883203 0.0320312 0.0492188
0 0.136523 0.309863 0.0601563 0.0556641
0 0.760547 0.785156 0.122656 0.229687
0 0.760742 0.722656 0.0691406 0.0984375
0 0.830859 0.383887 0.102344 0.140039
0 0.776758 0.0873047 0.110547 0.174609
0 0.807422 0.709375 0.142969 0.111719
0 0.281055 0.5 0.028125 0.05
0 0.709375 0.877734 0.151562 0.153906
0 0.863672 0.683203 0.0398437 0.0476562
0 0.340918 0.597656 0.0220703 0.0335938
0 0.772852 0.11084 0.0417969 0.0410156
0 0.313867 0.109473 0.162109 0.12793
0 0.812109 0.741992 0.158594 0.173828
0 0.739062 0.132715 0.0390625 0.0740234
0 0.199023 0.272559 0.0316406 0.0427734
0 0.336523 0.107324 0.159766 0.129883
0 0.133643 0.288867 0.0706055 0.112891
0 0.666992 0.879687 0.0761719 0.10625
0 0.364453 0.133276 0.171875 0.143604
0 0.826953 0.705273 0.177344 0.112109
0 0.757617 0.801562 0.136328 0.223438
0 0.354395 0.630859 0.158398 0.117188
0 0.741797 0.1271 0.0429688 0.075293
0 0.693555 0.9 0.0800781 0.065625
0 0.827734 0.692383 0.178906 0.101953
0 0.193066 0.266113 0.191602 0.385742
0 0.780469 0.800977 0.125 0.199609
0 0.336816 0.133472 0.148242 0.14126
0 0.152344 0.253613 0.114453 0.180273
0 0.176563 0.0762695 0.130469 0.152539
0 0.738281 0.70957 0.24375 0.430859
0 0.134521 0.316406 0.0571289 0.0535156
0 0.819141 0.837891 0.361719 0.324219
0 0.182227 0.208643 0.180078 0.265527
0 0.133301 0.302539 0.0599609 0.0753906
0 0.212744 0.097998 0.207324 0.147949
0 0.775977 0.16748 0.110547 0.172852
0 0.930469 0.500391 0.139063 0.292188
0 0.707812 0.907031 0.15 0.185938
0 0.300098 0.60625 0.0419922 0.0382813
0 0.151807 0.288574 0.110449 0.107227
0 0.77832 0.702148 0.304297 0.473828
0 0.694531 0.712891 0.203125 0.417969
0 0.972656 0.919141 0.0546875 0.122656
0 0.746484 0.131543 0.0804688 0.105664
0 0.758789 0.796289 0.240234 0.257422
0 0.771289 0.796289 0.254297 0.254297
0 0.176855 0.0841309 0.137695 0.152051
0 0.787695 0.237891 0.140234 0.425781
0 0.764258 0.708594 0.0589844 0.075
0 0.765625 0.706836 0.0515625 0.0621094
0 0.792578 0.269629 0.150781 0.368555
0 0.665039 0.890234 0.0644531 0.0585938
0 0.737109 0.854688 0.205469 0.15625
0 0.311426 0.613477 0.0884766 0.0824219
0 0.673047 0.893359 0.0804688 0.0585938
0 0.810742 0.339941 0.0988281 0.176367
0 0.793555 0.232422 0.148828 0.440625
0 0.316797 0.611328 0.0796875 0.0632813
0 0.155469 0.0864014 0.0964844 0.142432
0 0.192432 0.210205 0.181934 0.387402
0 0.811328 0.352344 0.0992187 0.171875
0 0.316211 0.605078 0.0792969 0.0445313
0 0.786719 0.287256 0.148438 0.329395
0 0.758789 0.129688 0.0761719 0.090625
0 0.811523 0.7625 0.169141 0.2
0 0.772656 0.702539 0.0609375 0.0714844
0 0.320605 0.616797 0.0912109 0.0820312
0 0.171582 0.186035 0.15332 0.342773
0 0.309863 0.627734 0.0892578 0.102344
0 0.768555 0.127686 0.0816406 0.0913086
0 0.821875 0.342187 0.0984375 0.180469
0 0.292578 0.203613 0.391406 0.391211
0 0.776563 0.101416 0.110937 0.163184
0 0.172168 0.157764 0.14707 0.286816
0 0.826172 0.540625 0.0414063 0.0570313
0 0.325488 0.606055 0.0724609 0.0621094
0 0.837305 0.232422 0.241016 0.458594
0 0.971484 0.411133 0.0570313 0.0933594
0 0.66543 0.886328 0.0597656 0.0585938
0 0.319336 0.603906 0.0832031 0.0484375
0 0.673242 0.894922 0.0816406 0.0648438
0 0.194141 0.1625 0.183203 0.298438
0 0.415039 0.46582 0.0683594 0.0730469
0 0.32002 0.631641 0.0939453 0.109375
0 0.833594 0.534961 0.0546875 0.0722656
0 0.303516 0.0974609 0.413281 0.165234
0 0.788867 0.760352 0.123828 0.185547
0 0.821875 0.35459 0.101562 0.175977
0 0.657227 0.886328 0.0457031 0.0507812
0 0.180371 0.095166 0.151758 0.146387
0 0.683398 0.896094 0.0839844 0.0640625
0 0.770703 0.709375 0.0757812 0.0882813
0 0.828125 0.537109 0.0390625 0.0523438
0 0.7625 0.102173 0.0875 0.151514
0 0.232764 0.204688 0.265723 0.386719
0 0.219287 0.0831543 0.22041 0.154395
0 0.964844 0.412207 0.0703125 0.0880859
0 0.716211 0.41543 0.0355469 0.0769531
0 0.291553 0.15498 0.380176 0.290039
0 0.793164 0.335352 0.152734 0.235547
0 0.816797 0.649219 0.366406 0.675
0 0.759766 0.710352 0.0460938 0.0566406
0 0.450977 0.113892 0.701172 0.222217
0 0.311426 0.605078 0.0771484 0.0429688
0 0.333203 0.603711 0.0460938 0.0425781
0 0.834375 0.533398 0.0453125 0.0597656
0 0.230371 0.0836426 0.254883 0.153223
0 0.195459 0.100781 0.177832 0.182031
0 0.836719 0.334863 0.065625 0.0927734
0 0.973828 0.397754 0.0523438 0.0763672
0 0.7375 0.825391 0.221875 0.207031
0 0.818359 0.310059 0.0820312 0.119727
0 0.417969 0.456641 0.0554687 0.0507812
0 0.715234 0.410938 0.034375 0.071875
0 0.357715 0.0963135 0.52207 0.181201
0 0.776563 0.0893066 0.110937 0.17002
0 0.193115 0.247168 0.186816 0.469727
0 0.826172 0.352148 0.0648438 0.112891
0 0.865234 0.537109 0.269531 0.897656
0 0.236523 0.0986572 0.264453 0.169092
0 0.430078 0.455078 0.0328125 0.0445313
0 0.428711 0.465234 0.0417969 0.06875
0 0.757031 0.716602 0.0484375 0.0558594
0 0.825391 0.369824 0.0789063 0.133789
0 0.363379 0.221826 0.54043 0.434473
0 0.324414 0.622656 0.0769531 0.0898438
0 0.760742 0.132275 0.0832031 0.112793
0 0.828906 0.309473 0.078125 0.119727
0 0.816992 0.59375 0.366016 0.79375
0 0.713281 0.856641 0.15625 0.149219
0 0.317578 0.623438 0.08125 0.0867188
0 0.229297 0.158936 0.254688 0.295801
0 0.819336 0.698242 0.361328 0.581641
0 0.953125 0.408594 0.09375 0.141406
0 0.952344 0.428223 0.0953125 0.13418
0 0.840234 0.325586 0.0554687 0.0761719
0 0.675781 0.8875 0.09375 0.0640625
0 0.775391 0.129272 0.108594 0.16333
0 0.192676 0.298047 0.193945 0.558594
0 0.310254 0.611328 0.0787109 0.0578125
0 0.346289 0.158252 0.499609 0.303809
0 0.315137 0.604688 0.0845703 0.0523438
0 0.313086 0.104639 0.247266 0.136621
0 0.775391 0.698242 0.0539063 0.0589844
0 0.144775 0.300293 0.0772461 0.0791016
0 0.70332 0.898438 0.116797 0.06875
0 0.833594 0.258008 0.235938 0.419141
0 0.430371 0.165088 0.676758 0.32334
0 0.769336 0.701953 0.0472656 0.059375
0 0.903516 0.508984 0.192969 0.245312
0 0.33584 0.600391 0.0400391 0.0390625
0 0.338574 0.602734 0.0392578 0.0445313
0 0.683398 0.894922 0.0863281 0.0523438
0 0.307031 0.0843262 0.260938 0.15166
0 0.792578 0.297266 0.135156 0.217969
0 0.841406 0.221582 0.242188 0.441211
0 0.867773 0.567383 0.264453 0.865234
0 0.763867 0.136914 0.0910156 0.0964844
0 0.811328 0.0870361 0.185156 0.171826
0 0.824805 0.550977 0.350391 0.866797
0 0.742578 0.131055 0.0507812 0.084375
0 0.550195 0.481641 0.132422 0.10625
0 0.856445 0.23125 0.287109 0.4625
0 0.35332 0.611719 0.160547 0.107813
0 0.423438 0.448633 0.0390625 0.0386719
0 0.96875 0.403809 0.0625 0.0697266
0 0.528906 0.467383 0.0742188 0.0878906
0 0.763477 0.410547 0.127734 0.122656
0 0.297363 0.243066 0.405273 0.48418
0 0.657227 0.889844 0.0472656 0.05
0 0.835547 0.355664 0.0726563 0.124609
0 0.856641 0.248438 0.286719 0.496875
0 0.783203 0.346875 0.158594 0.228125
0 0.768164 0.116748 0.0636719 0.0504883
0 0.139697 0.310352 0.0661133 0.0550781
0 0.812891 0.286426 0.0679687 0.0779297
0 0.829688 0.339746 0.0515625 0.0681641
0 0.848828 0.322559 0.0632813 0.0880859
0 0.406055 0.0819824 0.273047 0.15791
0 0.769727 0.829297 0.255859 0.313281
0 0.232324 0.35498 0.118164 0.174414
0 0.791602 0.312109 0.132422 0.214844
0 0.430273 0.44707 0.0246094 0.0339844
0 0.954297 0.411719 0.0835937 0.0828125
0 0.791797 0.337891 0.119531 0.188281
0 0.755664 0.137354 0.0808594 0.0893555
0 0.333203 0.105591 0.266406 0.134131
0 0.350684 0.32168 0.52207 0.626953
0 0.291797 0.316504 0.402344 0.568555
0 0.712695 0.414453 0.0347656 0.0734375
0 0.392773 0.457813 0.0261719 0.0421875
0 0.825391 0.537891 0.0351562 0.0523438
0 0.78125 0.116895 0.0453125 0.0470703
0 0.769531 0.379883 0.142188 0.164453
0 0.784375 0.222217 0.13125 0.414941
0 0.434961 0.458789 0.0386719 0.0652344
0 0.823828 0.545117 0.0289063 0.0441406
0 0.815039 0.744727 0.169922 0.176172
0 0.775586 0.111621 0.0519531 0.0458984
0 0.712305 0.407617 0.0308594 0.0597656
0 0.928516 0.41875 0.0507812 0.05
0 0.399414 0.458594 0.0417969 0.0578125
0 0.827734 0.758984 0.163281 0.203906
0 0.775781 0.12417 0.071875 0.0807617
0 0.683203 0.244141 0.371094 0.446094
0 0.805469 0.280762 0.05 0.0505859
0 0.433203 0.0808105 0.246875 0.152441
0 0.786719 0.779297 0.139063 0.214844
0 0.761523 0.720508 0.0722656 0.0917969
0 0.3 0.105591 0.208594 0.133545
0 0.831836 0.744141 0.189453 0.180469
0 0.722656 0.408887 0.04375 0.0814453
0 0.19668 0.374902 0.197266 0.736133
0 0.758594 0.121289 0.075 0.0703125
0 0.717578 0.435742 0.03125 0.0394531
0 0.799219 0.639844 0.345313 0.66875
0 0.532617 0.483789 0.106641 0.107422
0 0.970703 0.431934 0.0585938 0.120508
0 0.808594 0.10459 0.184375 0.172461
0 0.782813 0.7 0.0734375 0.078125
0 0.9625 0.429883 0.075 0.112109
0 0.329883 0.0844482 0.280859 0.150635
0 0.232666 0.236914 0.267871 0.456641
0 0.408594 0.450781 0.065625 0.053125
0 0.936328 0.514063 0.127344 0.248438
0 0.757227 0.80293 0.210547 0.233203
0 0.289551 0.0842529 0.245898 0.153174
0 0.549023 0.0785645 0.178516 0.147949
0 0.933203 0.508203 0.133594 0.261719
0 0.8125 0.279492 0.0546875 0.0539063
0 0.77832 0.355957 0.152734 0.194336
0 0.67832 0.796094 0.130078 0.257812
0 0.826953 0.544141 0.0507812 0.0742188
0 0.791406 0.583594 0.35625 0.832812
0 0.33584 0.607031 0.0634766 0.0648438
0 0.786523 0.244775 0.130078 0.219824
0 0.793359 0.354492 0.111719 0.177734
0 0.838672 0.108398 0.238281 0.216797
0 0.133691 0.240332 0.0845703 0.195508
0 0.81875 0.352246 0.0546875 0.0962891
0 0.148047 0.241113 0.108203 0.208398
0 0.921094 0.41875 0.04375 0.0453125
0 0.939063 0.412695 0.121875 0.140234
0 0.346094 0.603711 0.0476562 0.0558594
0 0.860156 0.596875 0.279687 0.796875
0 0.814063 0.370117 0.0734375 0.129297
0 0.435352 0.448242 0.0363281 0.0464844
0 0.379883 0.603711 0.201953 0.132422
0 0.667188 0.893359 0.078125 0.0664062
0 0.72207 0.414258 0.0480469 0.0824219
0 0.363672 0.106519 0.24375 0.131104
0 0.820703 0.841797 0.358594 0.308594
0 0.616406 0.10249 0.0601563 0.0864258
0 0.775195 0.1677 0.110547 0.192725
0 0.32334 0.596875 0.0787109 0.059375
0 0.171582 0.109351 0.14668 0.210205
0 0.361523 0.408594 0.541016 0.817187
0 0.413867 0.410156 0.100391 0.165625
0 0.811719 0.708789 0.157813 0.112891
0 0.939844 0.416406 0.06875 0.0609375
0 0.857617 0.480273 0.284766 0.911328
0 0.755273 0.719141 0.0582031 0.075
0 0.921094 0.413867 0.0578125 0.0535156
0 0.752734 0.830859 0.235156 0.191406
0 0.199316 0.273242 0.0349609 0.0421875
0 0.760352 0.154395 0.0839844 0.139648
0 0.799414 0.383203 0.0839844 0.108594
0 0.804688 0.286133 0.05625 0.065625
0 0.843359 0.534961 0.0804688 0.0964844
0 0.310254 0.62168 0.0849609 0.0785156
0 0.784766 0.111719 0.0414063 0.0421875
0 0.809961 0.31748 0.100391 0.168945
0 0.172949 0.241016 0.161914 0.445312
0 0.434961 0.465625 0.0457031 0.0765625
0 0.813281 0.380664 0.0953125 0.124609
0 0.549805 0.470898 0.131641 0.0871094
0 0.786914 0.117139 0.0527344 0.055957
0 0.304785 0.606445 0.0615234 0.0394531
0 0.233008 0.102417 0.253516 0.140869
0 0.134424 0.301563 0.0686523 0.078125
0 0.948438 0.510742 0.103125 0.270703
0 0.201855 0.272461 0.0400391 0.0453125
0 0.833594 0.533398 0.0453125 0.0644531
0 0.856445 0.294141 0.287109 0.570312
0 0.932813 0.413867 0.0703125 0.0597656
0 0.252734 0.084082 0.278906 0.154492
0 0.352441 0.263184 0.523242 0.52207
0 0.244531 0.377734 0.0792969 0.117188
0 0.769531 0.723828 0.0875 0.107031
0 0.341113 0.599023 0.0255859 0.0371094
0 0.454785 0.229687 0.729492 0.459375
0 0.756836 0.795313 0.237891 0.25625
0 0.167627 0.176465 0.149902 0.322461
0 0.176904 0.0853516 0.134473 0.14082
0 0.663867 0.889453 0.0644531 0.0601563
0 0.972266 0.411914 0.0554687 0.0863281
0 0.772656 0.79668 0.257812 0.251953
0 0.672266 0.891797 0.0757812 0.0617188
0 0.765234 0.705859 0.0492188 0.0617188
0 0.733594 0.854688 0.198437 0.146875
0 0.188379 0.188574 0.18457 0.34082
0 0.663672 0.885547 0.0585938 0.0585938
0 0.763281 0.708789 0.0578125 0.0746094
0 0.315527 0.604688 0.0775391 0.04375
0 0.966016 0.414062 0.0679687 0.0828125
0 0.813672 0.35127 0.102344 0.172461
0 0.658008 0.885156 0.0464844 0.0515625
0 0.317969 0.602148 0.0835937 0.0449219
0 0.822266 0.353223 0.102344 0.169336
0 0.286719 0.191016 0.386719 0.367969
0 0.310156 0.611523 0.0925781 0.0816406
0 0.316113 0.610742 0.0806641 0.0621094
0 0.156641 0.087085 0.0984375 0.130908
0 0.794141 0.286182 0.150781 0.331543
0 0.796094 0.227539 0.151562 0.443359
0 0.236426 0.187598 0.286523 0.352148
0 0.672266 0.893359 0.0820312 0.0710938
0 0.321289 0.614648 0.0957031 0.0808594
0 0.821875 0.342187 0.1 0.185156
0 0.830078 0.536328 0.0367188 0.0492188
0 0.332617 0.604102 0.046875 0.0425781
0 0.176709 0.0944092 0.139551 0.148486
0 0.770703 0.702734 0.0539063 0.0710938
0 0.168457 0.173193 0.141992 0.309082
0 0.827734 0.539844 0.0414063 0.0554687
0 0.786523 0.231934 0.148828 0.436133
0 0.308008 0.629297 0.0949219 0.102344
0 0.840625 0.229102 0.24375 0.458203
0 0.444043 0.130762 0.690039 0.261523
0 0.313086 0.601562 0.0816406 0.0460938
0 0.355859 0.215381 0.523438 0.428613
0 0.309277 0.604492 0.0732422 0.0417969
0 0.755469 0.128564 0.0703125 0.0899414
0 0.832812 0.535742 0.0515625 0.0691406
0 0.321777 0.631836 0.0998047 0.107422
0 0.324902 0.607031 0.0732422 0.0617188
0 0.785156 0.299268 0.154688 0.309277
0 0.549609 0.484375 0.128906 0.1125
0 0.846484 0.220117 0.252344 0.440234
0 0.812109 0.340723 0.103906 0.181836
0 0.777148 0.101489 0.114453 0.162646
0 0.130127 0.103564 0.0555664 0.102832
0 0.761133 0.709766 0.0402344 0.0539063
0 0.766406 0.126758 0.0796875 0.0925781
0 0.414844 0.46543 0.0679687 0.0730469
0 0.13877 0.0932617 0.0646484 0.125977
0 0.659961 0.878516 0.0519531 0.0617188
0 0.681445 0.894531 0.0792969 0.071875
0 0.969141 0.424414 0.0617188 0.100391
0 0.761523 0.412012 0.122266 0.111133
0 0.136621 0.310156 0.0615234 0.0554687
0 0.550391 0.468359 0.125 0.0882813
0 0.769727 0.700391 0.0386719 0.0546875
0 0.793945 0.34502 0.152734 0.216211
0 0.799609 0.396582 0.0710938 0.0779297
0 0.810938 0.761328 0.1625 0.203906
0 0.671289 0.885938 0.0761719 0.0625
0 0.833984 0.532813 0.0429688 0.0601563
0 0.423145 0.172852 0.669336 0.345703
0 0.819141 0.682617 0.361719 0.559766
0 0.657617 0.889063 0.0488281 0.053125
0 0.816797 0.650586 0.366406 0.614453
0 0.719531 0.796484 0.167187 0.253906
0 0.717578 0.41543 0.0328125 0.0691406
0 0.955078 0.430176 0.0898438 0.116992
0 0.138184 0.100073 0.0673828 0.114111
0 0.7625 0.101636 0.0921875 0.152588
0 0.928125 0.419531 0.040625 0.0484375
0 0.130908 0.300293 0.0643555 0.0767578
0 0.678125 0.235059 0.382812 0.455664
0 0.788281 0.352734 0.1375 0.182812
0 0.770117 0.710352 0.0722656 0.0886719
0 0.308594 0.610352 0.0785156 0.0566406
0 0.816406 0.0879639 0.195312 0.171338
0 0.335742 0.600586 0.0425781 0.0394531
0 0.797656 0.222656 0.153125 0.433594
0 0.416992 0.457227 0.0574219 0.0542969
0 0.680078 0.893359 0.0695313 0.0570313
0 0.453613 0.227539 0.731836 0.455078
0 0.857031 0.226562 0.285938 0.453125
0 0.338574 0.602734 0.0396484 0.0445313
0 0.350879 0.115527 0.507617 0.224414
0 0.776172 0.128613 0.114844 0.151758
0 0.345996 0.170508 0.500195 0.337109
0 0.653906 0.877734 0.0476562 0.0664062
0 0.841797 0.163721 0.242969 0.326465
0 0.428516 0.464648 0.0421875 0.0699219
0 0.300391 0.109521 0.413281 0.185645
0 0.19043 0.243066 0.190625 0.46543
0 0.785547 0.759375 0.117969 0.185938
0 0.719531 0.857422 0.173438 0.138281
0 0.716406 0.410547 0.0320312 0.06875
0 0.12998 0.0964355 0.0539063 0.114355
0 0.588086 0.109961 0.637891 0.219922
0 0.922266 0.417578 0.0335938 0.040625
0 0.43125 0.455664 0.03125 0.0480469
0 0.239893 0.125366 0.281152 0.21958
0 0.762695 0.704492 0.0464844 0.0621094
0 0.731641 0.824609 0.214844 0.197656
0 0.817969 0.306055 0.0890625 0.112109
0 0.774219 0.698242 0.04375 0.0589844
0 0.232715 0.17334 0.270898 0.323633
0 0.825195 0.758398 0.166797 0.212891
0 0.758008 0.716211 0.0449219 0.0542969
0 0.750586 0.780859 0.219141 0.278906
0 0.974219 0.401563 0.0515625 0.0757812
0 0.322949 0.621875 0.0791016 0.0867188
0 0.287695 0.170313 0.383984 0.320312
0 0.632812 0.221484 0.489063 0.442969
0 0.844336 0.101758 0.251953 0.203516
0 0.31543 0.622266 0.0832031 0.0828125
0 0.797656 0.384473 0.0734375 0.0919922
0 0.810352 0.104907 0.188672 0.173779
0 0.858984 0.167285 0.282031 0.33457
0 0.538867 0.486914 0.122266 0.113672
0 0.832812 0.532031 0.0390625 0.0585938
0 0.354102 0.611914 0.162109 0.105859
0 0.819531 0.584766 0.360938 0.749219
0 0.77832 0.407617 0.152734 0.108203
0 0.233545 0.0816895 0.259082 0.147559
0 0.951953 0.416016 0.0679687 0.0757812
0 0.829688 0.306152 0.08125 0.112305
0 0.148242 0.23418 0.117578 0.221875
0 0.926953 0.412891 0.0351562 0.0515625
0 0.904688 0.504297 0.190625 0.232031
0 0.957422 0.410156 0.0851563 0.121094
0 0.135791 0.315918 0.0581055 0.0544922
0 0.961328 0.425977 0.0773438 0.0972656
0 0.849219 0.322656 0.059375 0.08125
0 0.307031 0.601953 0.0675781 0.0429688
0 0.514844 0.216406 0.79375 0.432813
0 0.718555 0.433984 0.0300781 0.0375
0 0.858984 0.105469 0.282031 0.210938
0 0.826172 0.537109 0.0351562 0.0476562
0 0.664258 0.892578 0.0777344 0.0695313
0 0.780859 0.353613 0.160156 0.218555
0 0.321387 0.595117 0.0798828 0.0605469
0 0.83418 0.266504 0.234766 0.389648
0 0.8 0.102832 0.154688 0.205664
0 0.301563 0.605859 0.0464844 0.0382813
0 0.789453 0.393848 0.0632813 0.0716797
0 0.783594 0.38125 0.0515625 0.0585938
0 0.799805 0.15625 0.156641 0.304688
0 0.789453 0.0651245 0.0695313 0.085376
0 0.8125 0.287793 0.0671875 0.0830078
0 0.666797 0.877344 0.0640625 0.06875
0 0.634375 0.233984 0.478125 0.467969
0 0.793945 0.679492 0.321484 0.497266
0 0.780273 0.222266 0.147266 0.433594
0 0.761133 0.136133 0.0917969 0.0949219
0 0.172461 0.182373 0.157813 0.277441
0 0.857422 0.25 0.285156 0.5
0 0.937891 0.41875 0.0554687 0.0601563
0 0.654297 0.883203 0.0328125 0.0492188
0 0.778125 0.782422 0.276563 0.282031
0 0.841406 0.32666 0.053125 0.0689453
0 0.314746 0.593945 0.0802734 0.0636719
0 0.692578 0.896875 0.0828125 0.0765625
0 0.645508 0.111035 0.469922 0.22207
0 0.796289 0.644336 0.344922 0.592578
0 0.921875 0.505078 0.15625 0.246094
0 0.302441 0.0846191 0.280273 0.136621
0 0.190039 0.343359 0.194141 0.658594
0 0.777344 0.0923584 0.1125 0.163916
0 0.539258 0.0644531 0.168359 0.128906
0 0.426074 0.0800293 0.260352 0.149707
0 0.8375 0.33418 0.0625 0.0863281
0 0.558594 0.0634766 0.173438 0.126953
0 0.424023 0.447852 0.0363281 0.0378906
0 0.74082 0.130566 0.0480469 0.0810547
0 0.131836 0.31748 0.0470703 0.0474609
0 0.431055 0.44668 0.0238281 0.0332031
0 0.766016 0.381836 0.133594 0.150391
0 0.516211 0.113086 0.806641 0.226172
0 0.769922 0.108789 0.142969 0.217578
0 0.767188 0.116699 0.0609375 0.0513672
0 0.823047 0.370313 0.0757812 0.138281
0 0.917969 0.512891 0.164062 0.253906
0 0.715625 0.778711 0.165625 0.286328
0 0.810352 0.380078 0.0839844 0.117969
0 0.40332 0.0817871 0.311328 0.15459
0 0.791406 0.340039 0.1375 0.191016
0 0.825391 0.352539 0.0570313 0.116016
0 0.775391 0.110205 0.0429688 0.0428711
0 0.304102 0.104834 0.277734 0.142676
0 0.810156 0.131396 0.189063 0.205957
0 0.497852 0.0674805 0.0714844 0.116602
0 0.309961 0.591797 0.0941406 0.0921875
0 0.809961 0.398535 0.0753906 0.0771484
0 0.851758 0.0875 0.268359 0.175
0 0.824609 0.53125 0.346094 0.820312
0 0.349414 0.255078 0.513672 0.510156
0 0.781445 0.382227 0.148047 0.140234
0 0.349902 0.307715 0.514258 0.611133
0 0.755469 0.12041 0.06875 0.0703125
0 0.140332 0.299121 0.0724609 0.0787109
0 0.542773 0.159375 0.705078 0.31875
0 0.78125 0.067981 0.0734375 0.092749
0 0.30752 0.620117 0.0861328 0.0746094
0 0.951172 0.426758 0.0867188 0.0910156
0 0.787891 0.247363 0.144531 0.214648
0 0.189404 0.260547 0.190332 0.401563
0 0.812891 0.278418 0.0523438 0.0560547
0 0.760547 0.133105 0.0867188 0.10918
0 0.780859 0.078418 0.0773438 0.101562
0 0.777734 0.382422 0.0320312 0.0429688
0 0.675391 0.223975 0.386719 0.441113
0 0.382617 0.604297 0.226172 0.130469
0 0.969531 0.407129 0.059375 0.0693359
0 0.734375 0.873438 0.198437 0.157813
0 0.8125 0.166992 0.195312 0.219922
0 0.67832 0.796094 0.141797 0.254688
0 0.172461 0.153223 0.152734 0.239648
0 0.331934 0.0832764 0.267383 0.14165
0 0.440332 0.0796265 0.681836 0.15813
0 0.835547 0.35625 0.0679687 0.125781
0 0.786719 0.567383 0.348438 0.780859
0 0.528711 0.468359 0.0847656 0.0851563
0 0.805859 0.278809 0.0476562 0.0517578
0 0.289355 0.612695 0.127148 0.0941406
0 0.680273 0.113867 0.401953 0.227734
0 0.544727 0.0751709 0.174609 0.142236
0 0.357129 0.632422 0.170117 0.125
0 0.918359 0.4125 0.0273438 0.0429688
0 0.644531 0.167676 0.470313 0.335352
0 0.462695 0.214453 0.898047 0.428906
0 0.758203 0.886719 0.246094 0.226562
0 0.498437 0.0750244 0.157813 0.138037
0 0.776758 0.354883 0.163672 0.195703
0 0.699609 0.0931396 0.328906 0.172705
0 0.323438 0.599414 0.102344 0.0925781
0 0.916797 0.423438 0.0585938 0.0640625
0 0.128955 0.120215 0.0473633 0.0703125
0 0.755469 0.710547 0.040625 0.0570313
0 0.820312 0.77207 0.359375 0.310547
0 0.726562 0.860547 0.178125 0.139844
0 0.168652 0.226855 0.160352 0.405664
0 0.664258 0.890625 0.0636719 0.059375
0 0.175488 0.09646 0.135742 0.123877
0 0.67207 0.892578 0.0730469 0.0632813
0 0.186816 0.232324 0.189648 0.41582
0 0.751367 0.803125 0.245703 0.260938
0 0.761328 0.711133 0.0507812 0.0738281
0 0.314746 0.605859 0.0771484 0.0421875
0 0.12915 0.103442 0.052832 0.103467
0 0.317969 0.602734 0.084375 0.0421875
0 0.413672 0.467578 0.0648438 0.0695313
0 0.325293 0.605664 0.0642578 0.0425781
0 0.176172 0.0923828 0.132812 0.125977
0 0.238818 0.230273 0.291113 0.416016
0 0.672266 0.894141 0.08125 0.0726563
0 0.763867 0.707617 0.0457031 0.0628906
0 0.664453 0.886328 0.0601563 0.0585938
0 0.321973 0.612695 0.0951172 0.0707031
0 0.323047 0.608984 0.0773438 0.059375
0 0.658984 0.885938 0.04375 0.0515625
0 0.826953 0.541602 0.0367188 0.0519531
0 0.75 0.129541 0.0640625 0.0862305
0 0.830078 0.537109 0.0335938 0.0476562
0 0.308691 0.605664 0.0626953 0.0402344
0 0.315527 0.611914 0.0798828 0.0574219
0 0.726367 0.871875 0.180078 0.154688
0 0.45332 0.135474 0.721484 0.255615
0 0.448633 0.226172 0.729297 0.441406
0 0.312012 0.602148 0.0724609 0.0410156
0 0.172266 0.233203 0.171875 0.407031
0 0.972656 0.415332 0.0546875 0.0896484
0 0.286621 0.226074 0.388477 0.417383
0 0.415625 0.462305 0.059375 0.0628906
0 0.716992 0.805273 0.181641 0.253516
0 0.136719 0.100073 0.0640625 0.112744
0 0.679883 0.895703 0.0792969 0.0757812
0 0.188184 0.230615 0.190039 0.406738
0 0.430371 0.191748 0.69082 0.366113
0 0.830859 0.537891 0.0476562 0.065625
0 0.132129 0.318945 0.0431641 0.0472656
0 0.760547 0.710938 0.0367188 0.0554687
0 0.129346 0.298047 0.0651367 0.0867188
0 0.770703 0.803125 0.266406 0.257812
0 0.148389 0.230176 0.120801 0.239648
0 0.310449 0.609961 0.0873047 0.0746094
0 0.322168 0.629883 0.0966797 0.100391
0 0.775391 0.102417 0.119531 0.156885
0 0.236768 0.225635 0.291309 0.412012
0 0.708398 0.778125 0.192578 0.30625
0 0.134277 0.316895 0.0560547 0.0568359
0 0.426367 0.466992 0.0425781 0.0707031
0 0.775391 0.137793 0.119531 0.118164
0 0.817383 0.0925781 0.204297 0.166016
0 0.35127 0.224854 0.519336 0.422168
0 0.769727 0.705273 0.0511719 0.0699219
0 0.157715 0.0912109 0.10293 0.120703
0 0.35332 0.615039 0.149609 0.0808594
0 0.832812 0.534375 0.04375 0.05625
0 0.758398 0.718555 0.0363281 0.0535156
0 0.789258 0.830469 0.0527344 0.065625
0 0.964844 0.416602 0.065625 0.0839844
0 0.769531 0.7125 0.065625 0.0890625
0 0.718359 0.8625 0.169531 0.1375
0 0.671289 0.887891 0.0753906 0.0617188
0 0.738281 0.130762 0.0445313 0.0755859
0 0.489648 0.0417847 0.0550781 0.0586182
0 0.329004 0.601367 0.0595703 0.0386719
0 0.173633 0.137988 0.144531 0.202148
0 0.824805 0.766797 0.173828 0.228906
0 0.844922 0.106641 0.266406 0.182031
0 0.759961 0.10437 0.0894531 0.142822
0 0.536133 0.105786 0.849609 0.200928
0 0.29043 0.22666 0.396484 0.426367
0 0.135547 0.32168 0.0634766 0.0789063
0 0.45791 0.262402 0.751367 0.513477
0 0.810547 0.106836 0.183594 0.181641
0 0.129395 0.0973877 0.0525391 0.115576
0 0.7625 0.126807 0.078125 0.0901367
0 0.837305 0.151904 0.248828 0.27666
0 0.691406 0.899609 0.08125 0.0835937
0 0.347168 0.238379 0.507227 0.45293
0 0.302539 0.108643 0.232422 0.119824
0 0.300684 0.606445 0.0337891 0.0363281
0 0.169727 0.188965 0.157422 0.295508
0 0.540039 0.0768311 0.148828 0.133447
0 0.333105 0.604297 0.0544922 0.0460938
0 0.660547 0.880469 0.0507812 0.0640625
0 0.658203 0.889453 0.0460938 0.0523438
0 0.491211 0.035791 0.0527344 0.0516602
0 0.811328 0.104541 0.196094 0.165527
0 0.309473 0.629102 0.0865234 0.0957031
0 0.53457 0.0644043 0.139453 0.114551
0 0.810938 0.360645 0.103125 0.16543
0 0.781641 0.830078 0.0492188 0.0617188
0 0.355371 0.631055 0.155664 0.113672
0 0.825391 0.538281 0.0351562 0.0445313
0 0.485352 0.036792 0.0394531 0.0473145
0 0.121533 0.298633 0.0567383 0.0855469
0 0.642773 0.106982 0.558203 0.193066
0 0.304297 0.601758 0.0523438 0.0402344
0 0.383984 0.608984 0.210938 0.103906
0 0.778906 0.110962 0.167187 0.195264
0 0.823828 0.362305 0.103906 0.158984
0 0.137305 0.0928223 0.0613281 0.124316
0 0.307715 0.611328 0.0720703 0.0523438
0 0.745313 0.783594 0.239063 0.290625
0 0.170459 0.154688 0.15127 0.2375
0 0.758398 0.411035 0.123828 0.0943359
0 0.209521 0.357812 0.141504 0.15625
0 0.806641 0.149561 0.177344 0.266504
0 0.551758 0.0615967 0.153516 0.112354
0 0.134912 0.310059 0.062207 0.0587891
0 0.825391 0.545898 0.0273438 0.0394531
0 0.645117 0.569336 0.0285156 0.0433594
0 0.770508 0.831641 0.0683594 0.0664062
0 0.7 0.710938 0.2125 0.440625
0 0.33252 0.609375 0.0763672 0.06875
0 0.679102 0.893359 0.0667969 0.0617188
0 0.799414 0.397363 0.0714844 0.0810547
0 0.925781 0.421289 0.0390625 0.0503906
0 0.129736 0.234766 0.0856445 0.230469
0 0.8125 0.769141 0.16875 0.213281
0 0.184375 0.358105 0.186328 0.157227
0 0.775 0.836328 0.0734375 0.0835937
0 0.188184 0.304639 0.193164 0.273535
0 0.920313 0.419336 0.03125 0.0425781
0 0.159619 0.0984863 0.109668 0.121387
0 0.496094 0.0491699 0.0671875 0.087207
0 0.309863 0.590039 0.0912109 0.0886719
0 0.430273 0.4625 0.0332031 0.0625
0 0.915625 0.427344 0.053125 0.0640625
0 0.810352 0.12959 0.193359 0.187695
0 0.833203 0.53457 0.0414063 0.0574219
0 0.184668 0.339551 0.189258 0.188086
0 0.800977 0.233887 0.171484 0.433789
0 0.968359 0.428906 0.0632813 0.113281
0 0.664453 0.89375 0.0765625 0.06875
0 0.557227 0.0773682 0.159766 0.139795
0 0.804297 0.219336 0.174219 0.403516
0 0.775586 0.0988281 0.117578 0.158594
0 0.520508 0.108252 0.901172 0.213965
0 0.807617 0.70918 0.141016 0.103516
0 0.710742 0.881641 0.148828 0.121094
0 0.104883 0.381641 0.0654297 0.111719
0 0.549609 0.486328 0.121094 0.103125
0 0.66543 0.883203 0.0800781 0.0945313
0 0.797852 0.830469 0.0605469 0.0734375
0 0.759375 0.860156 0.114063 0.134375
0 0.523633 0.0762207 0.143359 0.127637
0 0.773438 0.156641 0.14375 0.278516
0 0.123145 0.107959 0.0412109 0.0916992
0 0.124683 0.361719 0.0994629 0.151562
0 0.401953 0.0850098 0.319531 0.154395
0 0.913672 0.528906 0.172656 0.289062
0 0.654102 0.878516 0.0472656 0.0679687
0 0.832227 0.0899414 0.229297 0.15293
0 0.12832 0.344141 0.0699219 0.119531
0 0.169385 0.18418 0.147949 0.303125
0 0.777734 0.6875 0.319531 0.514063
0 0.76875 0.8375 0.08125 0.084375
0 0.857422 0.108398 0.285156 0.190234
0 0.209277 0.339258 0.158789 0.188672
0 0.759766 0.720703 0.0648438 0.0898438
0 0.488281 0.0469849 0.0632813 0.077124
0 0.130566 0.312598 0.05 0.0521484
0 0.770117 0.701758 0.0363281 0.0535156
0 0.495508 0.0275879 0.0582031 0.0551758
0 0.492773 0.0756836 0.136328 0.126758
0 0.447363 0.0855225 0.711523 0.156299
0 0.483203 0.0418335 0.0421875 0.0509033
0 0.74043 0.125195 0.0472656 0.0734375
0 0.732813 0.556055 0.25625 0.144922
0 0.78418 0.835547 0.0707031 0.0835937
0 0.84375 0.232129 0.257812 0.44668
0 0.812305 0.164917 0.197266 0.196338
0 0.825781 0.544531 0.04375 0.0648438
0 0.421484 0.0835693 0.246875 0.146533
0 0.127246 0.317773 0.0273438 0.0402344
0 0.333203 0.105493 0.175781 0.118506
0 0.314453 0.622266 0.0867188 0.0820312
0 0.757812 0.13584 0.084375 0.0962891
0 0.783789 0.358203 0.143359 0.177344
0 0.857422 0.156543 0.285156 0.286133
0 0.312305 0.594336 0.0742188 0.0644531
0 0.49707 0.0411743 0.0574219 0.064624
0 0.299023 0.0911133 0.241797 0.125586
0 0.131348 0.321582 0.0521484 0.0646484
0 0.842969 0.219043 0.257812 0.408789
0 0.496289 0.064209 0.0707031 0.10752
0 0.404297 0.461328 0.0570313 0.0617188
0 0.785742 0.821484 0.0332031 0.0460938
0 0.654688 0.883594 0.0320312 0.05
0 0.779297 0.385742 0.147656 0.129297
0 0.739844 0.705859 0.251563 0.457031
0 0.775977 0.166895 0.123047 0.15293
0 0.825781 0.382617 0.101562 0.127734
0 0.810742 0.384277 0.103516 0.125977
0 0.331445 0.540039 0.139453 0.206641
0 0.128369 0.11543 0.0450195 0.0816406
0 0.751172 0.12334 0.0664062 0.071875
0 0.769922 0.776172 0.282031 0.311719
0 0.777734 0.822656 0.0382813 0.0515625
0 0.69668 0.110669 0.481641 0.197021
0 0.277734 0.507031 0.0351562 0.053125
0 0.798438 0.290967 0.16875 0.330566
0 0.500195 0.520898 0.0488281 0.0535156
0 0.64375 0.5625 0.0242188 0.0382813
0 0.321484 0.62207 0.0855469 0.0863281
0 0.778711 0.408594 0.150391 0.0921875
0 0.875 0.689648 0.0625 0.0707031
0 0.772266 0.858984 0.263281 0.189844
0 0.827539 0.705273 0.176172 0.107422
0 0.775195 0.699414 0.0417969 0.0542969
0 0.85 0.0887329 0.275 0.174487
0 0.773828 0.221338 0.153906 0.410449
0 0.462891 0.0787354 0.141406 0.134326
0 0.814063 0.691016 0.371875 0.571094
0 0.683008 0.906641 0.0925781 0.0867188
0 0.925781 0.428516 0.0578125 0.0679687
0 0.233398 0.357324 0.115625 0.155664
0 0.61748 0.160889 0.607227 0.30166
0 0.953516 0.434375 0.0929688 0.103125
0 0.161133 0.359277 0.167578 0.157227
0 0.422266 0.449414 0.040625 0.0417969
0 0.404883 0.467578 0.0558594 0.0648438
0 0.639844 0.568555 0.0296875 0.0417969
0 0.727734 0.83125 0.174219 0.185938
0 0.512891 0.15752 0.842969 0.303711
0 0.728516 0.899219 0.182031 0.201563
0 0.636914 0.5625 0.0316406 0.0390625
0 0.810547 0.737305 0.153906 0.159766
0 0.695312 0.911328 0.090625 0.0914062
0 0.488477 0.0634521 0.0730469 0.102979
0 0.827734 0.739453 0.180469 0.172656
0 0.666992 0.880859 0.0652344 0.0679687
0 0.778906 0.766602 0.109375 0.194922
0 0.236035 0.317188 0.288867 0.245312
0 0.753516 0.711914 0.0367188 0.0589844
0 0.478125 0.0352295 0.0351562 0.0460449
0 0.791797 0.824219 0.0382813 0.0546875
0 0.533008 0.11001 0.843359 0.214746
0 0.430469 0.483398 0.0335938 0.0433594
0 0.184766 0.305273 0.188281 0.219141
0 0.911328 0.419531 0.0320312 0.04375
0 0.755859 0.720898 0.0445313 0.0667969
0 0.778516 0.658105 0.344531 0.577539
0 0.731641 0.538477 0.267969 0.110547
0 0.855859 0.217139 0.288281 0.43291
0 0.762891 0.388477 0.133594 0.123047
0 0.347559 0.194727 0.508008 0.366797
0 0.385352 0.630273 0.219922 0.126953
0 0.124951 0.312012 0.0385742 0.0505859
0 0.514648 0.487109 0.172266 0.116406
0 0.855469 0.244141 0.289062 0.488281
0 0.479297 0.319824 0.791406 0.625977
0 0.643359 0.573438 0.0398437 0.059375
0 0.761719 0.707227 0.0453125 0.0636719
0 0.763086 0.120508 0.0644531 0.0517578
0 0.9375 0.429688 0.06875 0.0765625
0 0.324414 0.599414 0.102734 0.0824219
0 0.760156 0.832812 0.0828125 0.0640625
0 0.905859 0.503711 0.188281 0.221484
0 0.750586 0.892578 0.234766 0.194531
0 0.498047 0.03479 0.0554687 0.054834
0 0.504102 0.510352 0.0394531 0.0449219
0 0.179883 0.223145 0.182031 0.262695
0 0.234961 0.0880127 0.289453 0.132959
0 0.488867 0.0299072 0.0542969 0.0597168
0 0.124023 0.338965 0.0957031 0.188477
0 0.554297 0.530859 0.157031 0.163281
0 0.266699 0.356445 0.0513672 0.0496094
0 0.822656 0.529883 0.0578125 0.0714844
0 0.125732 0.314063 0.0911133 0.151562
0 0.128271 0.283203 0.074707 0.130469
0 0.32041 0.595898 0.0849609 0.0613281
0 0.508789 0.520703 0.0464844 0.0507812
0 0.136377 0.341602 0.071582 0.116016
0 0.959766 0.426953 0.0804688 0.0992187
0 0.236084 0.101099 0.269629 0.130615
0 0.810547 0.343066 0.105469 0.186523
0 0.678125 0.578125 0.164844 0.150781
0 0.913281 0.437891 0.06875 0.0867188
0 0.746094 0.109741 0.0984375 0.152393
0 0.292578 0.19707 0.400781 0.358203
0 0.277734 0.108813 0.31875 0.119287
0 0.841016 0.535742 0.0695313 0.0902344
0 0.768555 0.723047 0.0816406 0.103906
0 0.325586 0.086499 0.212891 0.136182
0 0.141016 0.312109 0.06875 0.0746094
0 0.561523 0.558398 0.176953 0.154297
0 0.509766 0.0639404 0.107031 0.114111
0 0.733594 0.13418 0.0304688 0.0583984
0 0.139014 0.294629 0.0790039 0.0943359
0 0.783008 0.381543 0.0527344 0.0556641
0 0.549609 0.469922 0.116406 0.0804688
0 0.835547 0.53457 0.0835937 0.107422
0 0.350195 0.127124 0.512109 0.224658
0 0.794922 0.836328 0.0773438 0.0867188
0 0.754102 0.798438 0.232422 0.25
0 0.175977 0.0898682 0.13125 0.1396
0 0.17251 0.17915 0.151074 0.322168
0 0.196094 0.186328 0.186719 0.329297
0 0.323535 0.606445 0.0720703 0.0457031
0 0.315332 0.606836 0.0767578 0.0441406
0 0.673438 0.892188 0.078125 0.06875
0 0.318945 0.603906 0.0835937 0.04375
0 0.764648 0.70625 0.0503906 0.0679687
0 0.171289 0.176465 0.143359 0.30918
0 0.152246 0.0901123 0.0849609 0.132666
0 0.176563 0.0950439 0.135156 0.140967
0 0.830859 0.536719 0.0351562 0.0507812
0 0.827344 0.541797 0.0375 0.0539063
0 0.414062 0.466797 0.0679687 0.075
0 0.736328 0.857031 0.203906 0.148438
0 0.666211 0.885938 0.0597656 0.0609375
0 0.763281 0.70957 0.05625 0.0816406
0 0.77168 0.10708 0.108203 0.16123
0 0.672852 0.886328 0.0785156 0.0648438
0 0.971094 0.413965 0.0578125 0.0931641
0 0.138965 0.0938477 0.0638672 0.129102
0 0.312793 0.603711 0.0681641 0.0433594
0 0.665625 0.889844 0.0640625 0.0625
0 0.750586 0.781641 0.223828 0.280469
0 0.751367 0.128369 0.0691406 0.0995117
0 0.77168 0.702539 0.0582031 0.0792969
0 0.416211 0.461719 0.0597656 0.0648438
0 0.83125 0.537109 0.0484375 0.071875
0 0.427734 0.466406 0.0421875 0.075
0 0.800195 0.219678 0.157422 0.399707
0 0.458105 0.113208 0.719727 0.218896
0 0.783594 0.761719 0.115625 0.185938
0 0.761914 0.106445 0.0886719 0.151953
0 0.798633 0.230762 0.154297 0.420508
0 0.30957 0.607031 0.0574219 0.0414063
0 0.321777 0.607422 0.0884766 0.0664062
0 0.440039 0.175537 0.693359 0.34502
0 0.323438 0.608984 0.0804688 0.0609375
0 0.832812 0.533008 0.0453125 0.0613281
0 0.782227 0.222705 0.138672 0.406152
0 0.325195 0.602539 0.0738281 0.0417969
0 0.801758 0.76543 0.133984 0.201953
0 0.23877 0.180469 0.277148 0.328125
0 0.768555 0.701172 0.0425781 0.0625
0 0.192578 0.17832 0.179297 0.319141
0 0.645312 0.569141 0.0304688 0.046875
0 0.331348 0.605273 0.0642578 0.0496094
0 0.776367 0.8 0.259766 0.246875
0 0.281836 0.178857 0.364453 0.331348
0 0.826563 0.5375 0.034375 0.0476562
0 0.316113 0.611133 0.0818359 0.0550781
0 0.777344 0.159912 0.13125 0.279785
0 0.802539 0.154199 0.162109 0.270508
0 0.771875 0.107837 0.134375 0.201123
0 0.739258 0.130469 0.0488281 0.0873047
0 0.13335 0.319238 0.0405273 0.0451172
0 0.826563 0.545117 0.0265625 0.0417969
0 0.131299 0.0972412 0.0545898 0.120361
0 0.430859 0.461523 0.0335938 0.0636719
0 0.242529 0.100269 0.273535 0.161572
0 0.770312 0.710742 0.071875 0.0980469
0 0.838867 0.22998 0.241016 0.436133
0 0.761719 0.709961 0.0390625 0.0597656
0 0.839453 0.219287 0.241406 0.408301
0 0.966016 0.427246 0.0679687 0.110352
0 0.819727 0.695508 0.360547 0.512109
0 0.134717 0.317871 0.0514648 0.0537109
0 0.680859 0.891797 0.075 0.0679687
0 0.35127 0.612891 0.13418 0.0757812
0 0.197559 0.101782 0.180664 0.164404
0 0.70957 0.860156 0.146484 0.140625
0 0.644336 0.5625 0.0253906 0.0390625
0 0.772852 0.697656 0.0511719 0.065625
0 0.963281 0.414746 0.0734375 0.0908203
0 0.833594 0.533398 0.0421875 0.0613281
0 0.738477 0.825391 0.221484 0.202344
0 0.459473 0.0833008 0.72168 0.166602
0 0.136572 0.310547 0.0586914 0.0578125
0 0.497461 0.0493774 0.0613281 0.0860107
0 0.333496 0.608398 0.0830078 0.0707031
0 0.233008 0.177539 0.261328 0.323828
0 0.148242 0.23877 0.115625 0.213867
0 0.771289 0.133887 0.108984 0.148242
0 0.131641 0.299609 0.0597656 0.0839844
0 0.659961 0.885156 0.0433594 0.0546875
0 0.423438 0.448438 0.0382813 0.0421875
0 0.823438 0.360449 0.101562 0.156445
0 0.292871 0.100098 0.379883 0.158008
0 0.804883 0.104761 0.169922 0.187354
0 0.138281 0.101123 0.065625 0.118457
0 0.790234 0.696289 0.316406 0.469922
0 0.797461 0.27168 0.153516 0.345703
0 0.925781 0.421094 0.046875 0.0546875
0 0.788281 0.234961 0.151562 0.422266
0 0.672852 0.896484 0.0847656 0.0851563
0 0.681836 0.896875 0.0855469 0.0875
0 0.835547 0.158203 0.236719 0.289062
0 0.905859 0.507031 0.188281 0.2375
0 0.75957 0.71875 0.0386719 0.0546875
0 0.686328 0.108105 0.352344 0.211914
0 0.81875 0.657129 0.3625 0.58418
0 0.764063 0.124658 0.084375 0.101855
0 0.655078 0.106055 0.421094 0.203125
0 0.490625 0.0428467 0.0546875 0.0597168
0 0.770508 0.0983398 0.104297 0.161914
0 0.310059 0.108521 0.207227 0.127881
0 0.716211 0.717383 0.230078 0.418359
0 0.921484 0.514258 0.157031 0.233203
0 0.839844 0.101587 0.25 0.189404
0 0.725781 0.779102 0.203125 0.291797
0 0.669336 0.878516 0.0660156 0.0773438
0 0.811133 0.0901367 0.188672 0.170508
0 0.952344 0.433594 0.0953125 0.116406
0 0.919922 0.420117 0.0351562 0.0472656
0 0.312207 0.606641 0.0794922 0.071875
0 0.302246 0.607031 0.0310547 0.0375
0 0.915234 0.426758 0.0570313 0.0636719
0 0.747852 0.137402 0.0761719 0.0958984
0 0.975781 0.930859 0.0484375 0.116406
0 0.676562 0.225244 0.401563 0.422949
0 0.974219 0.403516 0.0515625 0.0828125
0 0.80918 0.341504 0.105078 0.175586
0 0.322852 0.628711 0.0886719 0.101172
0 0.431641 0.446875 0.0242188 0.0367188
0 0.492773 0.0357178 0.0535156 0.0529785
0 0.824219 0.351172 0.0609375 0.114844
0 0.826953 0.544531 0.0460938 0.06875
0 0.788867 0.656641 0.331641 0.557031
0 0.305078 0.0875977 0.222656 0.145508
0 0.905469 0.522656 0.189063 0.210938
0 0.638086 0.562695 0.0332031 0.0410156
0 0.135986 0.321484 0.0586914 0.0710938
0 0.64082 0.568555 0.0292969 0.0449219
0 0.822656 0.341895 0.101562 0.178711
0 0.498047 0.0663818 0.0640625 0.112158
0 0.85625 0.222656 0.2875 0.445312
0 0.74668 0.710547 0.236328 0.428906
0 0.80625 0.107129 0.182812 0.167773
0 0.810938 0.360156 0.101562 0.157813
0 0.855859 0.257324 0.288281 0.510352
0 0.912109 0.419531 0.0335938 0.0460938
0 0.549805 0.0628906 0.158203 0.125781
0 0.782422 0.77832 0.278906 0.294922
0 0.172754 0.109058 0.14707 0.18501
0 0.747266 0.670703 0.239844 0.511719
0 0.402539 0.460547 0.0550781 0.0640625
0 0.683398 0.17207 0.339453 0.320703
0 0.497852 0.0425659 0.0542969 0.0643799
0 0.814453 0.307617 0.0851563 0.119141
0 0.43125 0.482031 0.0335938 0.0492188
0 0.568262 0.102539 0.727539 0.205078
0 0.131396 0.10354 0.0547852 0.108154
0 0.489258 0.0477905 0.0636719 0.0802002
0 0.526172 0.470313 0.0695313 0.0804688
0 0.752539 0.122266 0.0714844 0.0876953
0 0.381836 0.607617 0.197266 0.105859
0 0.820312 0.369238 0.084375 0.134961
0 0.8 0.747852 0.128125 0.185547
0 0.7625 0.705078 0.0484375 0.0710938
0 0.140723 0.297168 0.0740234 0.0892578
0 0.487695 0.0358032 0.0417969 0.0503662
0 0.811719 0.289453 0.0671875 0.0914062
0 0.353027 0.632617 0.141602 0.116797
0 0.974609 0.914844 0.0507812 0.1125
0 0.496289 0.0305908 0.0636719 0.0611816
0 0.404199 0.450586 0.0673828 0.0558594
0 0.305176 0.603516 0.0501953 0.0429688
0 0.657422 0.167871 0.452344 0.318945
0 0.432617 0.465039 0.0488281 0.0808594
0 0.458789 0.222656 0.735547 0.445312
0 0.405566 0.467187 0.0630859 0.0695313
0 0.687891 0.799805 0.169531 0.248828
0 0.739453 0.124365 0.0492188 0.0833008
0 0.280518 0.173877 0.353027 0.319434
0 0.722266 0.676953 0.214844 0.494531
0 0.752734 0.836719 0.225781 0.173438
0 0.172266 0.181934 0.154688 0.32207
0 0.936719 0.420117 0.0625 0.0628906
0 0.489258 0.0643555 0.0714844 0.107227
0 0.952734 0.410938 0.0945313 0.132812
0 0.235742 0.0864746 0.233203 0.147168
0 0.923047 0.404395 0.0664062 0.0943359
0 0.662305 0.879687 0.0527344 0.06875
0 0.552148 0.0799561 0.154297 0.139307
0 0.842578 0.526367 0.0664062 0.0808594
0 0.643164 0.573438 0.0433594 0.0648438
0 0.78125 0.736523 0.0953125 0.148828
0 0.832422 0.747852 0.189844 0.196484
0 0.735156 0.875391 0.196875 0.150781
0 0.847656 0.0890625 0.2625 0.178125
0 0.128027 0.318066 0.0257812 0.0400391
0 0.26709 0.357422 0.0513672 0.0484375
0 0.841797 0.536914 0.0742188 0.104297
0 0.343359 0.605469 0.0734375 0.053125
0 0.825586 0.762891 0.169141 0.213281
0 0.130371 0.284863 0.0703125 0.124805
0 0.768164 0.112061 0.0636719 0.0493164
0 0.210352 0.0871582 0.197266 0.145996
0 0.757812 0.795313 0.239063 0.25625
0 0.174756 0.0896973 0.130566 0.13623
0 0.474414 0.121411 0.763672 0.225146
0 0.461816 0.172559 0.745117 0.336133
0 0.41582 0.467773 0.0644531 0.0753906
0 0.674609 0.893359 0.0828125 0.0617188
0 0.666602 0.885547 0.0628906 0.0585938
0 0.316895 0.607813 0.0744141 0.0414063
0 0.79375 0.227148 0.151562 0.414453
0 0.428711 0.466797 0.0394531 0.0742188
0 0.772852 0.795703 0.255859 0.258594
0 0.770117 0.105933 0.105078 0.160791
0 0.471191 0.0865723 0.757617 0.173145
0 0.756836 0.132422 0.0753906 0.0941406
0 0.176367 0.0951904 0.1375 0.138135
0 0.197852 0.161768 0.191406 0.288965
0 0.80293 0.763281 0.136328 0.190625
0 0.972266 0.414844 0.0554687 0.09375
0 0.66543 0.890234 0.0675781 0.0585938
0 0.828125 0.542578 0.0359375 0.0507812
0 0.737109 0.858594 0.207031 0.145313
0 0.675586 0.886328 0.0878906 0.0617188
0 0.7625 0.104419 0.0890625 0.151318
0 0.331348 0.607227 0.0501953 0.0410156
0 0.42207 0.459766 0.0449219 0.0578125
0 0.765625 0.707031 0.0515625 0.0664062
0 0.786328 0.233984 0.142969 0.4125
0 0.7875 0.75918 0.1125 0.175391
0 0.198535 0.181006 0.194727 0.32002
0 0.324902 0.604492 0.0720703 0.0355469
0 0.201953 0.0974365 0.191797 0.156689
0 0.781445 0.225439 0.133984 0.414746
0 0.831641 0.536914 0.0320312 0.0488281
0 0.807031 0.339746 0.101562 0.17207
0 0.764063 0.711914 0.05625 0.0792969
0 0.15498 0.0895264 0.0892578 0.129932
0 0.230811 0.163623 0.255566 0.298535
0 0.294922 0.09729 0.378906 0.152295
0 0.314648 0.106519 0.189453 0.136963
0 0.685742 0.894141 0.0886719 0.0585938
0 0.431445 0.458984 0.0308594 0.0554687
0 0.175049 0.163184 0.15459 0.289258
0 0.816406 0.308398 0.084375 0.117578
0 0.821289 0.340723 0.101172 0.174805
0 0.834766 0.225781 0.236719 0.428906
0 0.312207 0.0880859 0.200586 0.147266
0 0.755664 0.781445 0.229297 0.277734
0 0.962891 0.416113 0.0742188 0.0966797
0 0.772852 0.704883 0.0621094 0.0753906
0 0.236133 0.180273 0.266797 0.326953
0 0.312012 0.607617 0.0623047 0.0402344
0 0.709766 0.861719 0.152344 0.1375
0 0.424414 0.448242 0.0347656 0.0386719
0 0.491602 0.0425293 0.0519531 0.0551758
0 0.494336 0.0358032 0.0503906 0.0477295
0 0.234082 0.0877686 0.238477 0.143799
0 0.769531 0.0986084 0.101562 0.157861
0 0.831641 0.540234 0.0476562 0.0664062
0 0.239844 0.0968994 0.266797 0.155811
0 0.660547 0.885156 0.0460938 0.053125
0 0.482227 0.0780518 0.109766 0.124756
0 0.795117 0.222656 0.151953 0.409375
0 0.819922 0.657031 0.360156 0.61875
0 0.327832 0.0871826 0.174023 0.148682
0 0.508203 0.0783691 0.110937 0.124902
0 0.820703 0.696484 0.358594 0.539844
0 0.281494 0.158545 0.351074 0.291504
0 0.833984 0.533398 0.0460938 0.0605469
0 0.752539 0.139063 0.0746094 0.0921875
0 0.288428 0.0858887 0.355957 0.15459
0 0.769922 0.700195 0.0429688 0.0597656
0 0.769336 0.136841 0.105078 0.157959
0 0.465723 0.226367 0.754492 0.452734
0 0.826953 0.5375 0.0335938 0.046875
0 0.489648 0.0356079 0.0417969 0.0447998
0 0.793164 0.272998 0.152734 0.338379
0 0.140381 0.0929688 0.0651367 0.123438
0 0.218604 0.0868652 0.218262 0.143457
0 0.836133 0.215088 0.237109 0.415137
0 0.930859 0.523242 0.138281 0.283984
0 0.671484 0.878125 0.071875 0.0765625
0 0.554883 0.0789795 0.133203 0.126416
0 0.43125 0.478125 0.0328125 0.0585938
0 0.766992 0.128369 0.0847656 0.0963867
0 0.431836 0.44707 0.0222656 0.0347656
0 0.408398 0.0847412 0.244141 0.147119
0 0.802148 0.748633 0.133203 0.183984
0 0.333301 0.601562 0.0388672 0.0320312
0 0.967969 0.430371 0.0640625 0.116602
0 0.828711 0.745703 0.180078 0.183594
0 0.175098 0.178662 0.163867 0.322363
0 0.206006 0.0847046 0.204395 0.149341
0 0.928516 0.421484 0.0492188 0.053125
0 0.407031 0.449609 0.06875 0.05
0 0.498828 0.0427002 0.0476562 0.0593262
0 0.775 0.697852 0.0546875 0.0621094
0 0.498047 0.0495605 0.0539063 0.074707
0 0.287598 0.180322 0.370898 0.337793
0 0.488672 0.0689209 0.0664062 0.11665
0 0.406641 0.45957 0.0625 0.0605469
0 0.739062 0.816992 0.225 0.222266
0 0.540039 0.079126 0.132422 0.126904
0 0.33125 0.1052 0.167969 0.141943
0 0.827344 0.308008 0.0828125 0.121484
0 0.428125 0.0848145 0.203906 0.142871
0 0.663086 0.879687 0.0550781 0.06875
0 0.821875 0.358105 0.103125 0.163477
0 0.455078 0.395801 0.0289063 0.0451172
0 0.772461 0.112305 0.0597656 0.0455078
0 0.55332 0.0662109 0.137891 0.126953
0 0.763086 0.137305 0.0925781 0.100781
0 0.533594 0.270996 0.0335938 0.0439453
0 0.241211 0.084375 0.266797 0.152148
0 0.827344 0.544336 0.025 0.0402344
0 0.45957 0.0814697 0.124609 0.131592
0 0.316113 0.612695 0.0802734 0.0519531
0 0.47041 0.272266 0.768555 0.544531
0 0.317188 0.605078 0.0644531 0.0359375
0 0.793359 0.693945 0.313281 0.473047
0 0.823047 0.761719 0.161719 0.198437
0 0.325391 0.6125 0.0742188 0.053125
0 0.337891 0.606641 0.0453125 0.0429688
0 0.394727 0.455078 0.0222656 0.0390625
0 0.426563 0.412109 0.084375 0.157031
0 0.323535 0.632031 0.0974609 0.0992187
0 0.683398 0.796484 0.141016 0.257031
0 0.448047 0.381445 0.0367188 0.0613281
0 0.489648 0.048291 0.0597656 0.072168
0 0.499805 0.0715332 0.0550781 0.121387
0 0.955469 0.908203 0.0890625 0.183594
0 0.973437 0.476953 0.053125 0.103906
0 0.446094 0.369336 0.0367188 0.0675781
0 0.826172 0.576563 0.344531 0.796875
0 0.497266 0.0292236 0.059375 0.0556152
0 0.15 0.243457 0.121875 0.191992
0 0.79668 0.646875 0.334766 0.59375
0 0.855469 0.225 0.289062 0.45
0 0.743555 0.132617 0.0542969 0.0851563
0 0.305957 0.608008 0.0404297 0.0371094
0 0.485547 0.0414063 0.04375 0.0485352
0 0.813281 0.293262 0.06875 0.0923828
0 0.975781 0.403516 0.0484375 0.0820312
0 0.826953 0.54668 0.0445313 0.0652344
0 0.762109 0.710156 0.0398437 0.0601563
0 0.833984 0.533789 0.0414063 0.0613281
0 0.532422 0.208496 0.11875 0.15293
0 0.928906 0.412891 0.0625 0.0742188
0 0.922266 0.419727 0.0367188 0.0464844
0 0.236914 0.410742 0.0628906 0.0574219
0 0.408203 0.467969 0.0703125 0.0710938
0 0.952734 0.434766 0.0945313 0.122656
0 0.539453 0.153076 0.0640625 0.0750977
0 0.905859 0.509375 0.188281 0.2375
0 0.500977 0.0356445 0.0464844 0.0490234
0 0.687109 0.899609 0.0953125 0.0835937
0 0.269238 0.357227 0.0466797 0.0480469
0 0.533594 0.0674805 0.15625 0.129492
0 0.751953 0.822266 0.230469 0.208594
0 0.77207 0.712695 0.0699219 0.0980469
0 0.453125 0.383105 0.0367188 0.0626953
0 0.905469 0.51875 0.189063 0.228906
0 0.948828 0.516992 0.102344 0.269141
0 0.52207 0.272559 0.0347656 0.0392578
0 0.486914 0.1625 0.912109 0.325
0 0.805469 0.27998 0.046875 0.0525391
0 0.434375 0.449414 0.0398437 0.0589844
0 0.647461 0.567578 0.0246094 0.0398437
0 0.514453 0.124023 0.932031 0.248047
0 0.675391 0.901172 0.0890625 0.0882813
0 0.549219 0.207666 0.104688 0.15498
0 0.785156 0.111035 0.028125 0.0378906
0 0.80918 0.357031 0.0988281 0.166406
0 0.240332 0.396094 0.0857422 0.0914062
0 0.840234 0.686328 0.319531 0.605469
0 0.508203 0.165234 0.855469 0.330469
0 0.49082 0.0312988 0.0589844 0.0625977
0 0.644531 0.561719 0.021875 0.0335938
0 0.759961 0.718555 0.0394531 0.0558594
0 0.918359 0.413281 0.0351562 0.05
0 0.351172 0.619141 0.147656 0.0851563
0 0.549805 0.152393 0.0691406 0.0889648
0 0.760352 0.132666 0.0839844 0.108887
0 0.531836 0.12207 0.866016 0.244141
0 0.43457 0.078418 0.674609 0.156836
0 0.865234 0.50625 0.269531 0.917188
0 0.358203 0.0853271 0.1125 0.147119
0 0.199756 0.219727 0.196582 0.389453
0 0.54082 0.269238 0.0371094 0.0482422
0 0.812109 0.281055 0.0570313 0.0601563
0 0.788672 0.285645 0.127344 0.233398
0 0.804883 0.0904297 0.174609 0.165039
0 0.953125 0.40752 0.09375 0.14043
0 0.976172 0.933984 0.0476562 0.132031
0 0.779492 0.780078 0.270703 0.289844
0 0.259668 0.358789 0.0373047 0.0433594
0 0.432031 0.466602 0.0492188 0.0800781
0 0.510156 0.214844 0.892188 0.429688
0 0.753711 0.712305 0.237891 0.423828
0 0.433984 0.459766 0.0414063 0.0695313
0 0.528906 0.468359 0.0742188 0.0851563
0 0.352344 0.633008 0.150781 0.111328
0 0.585742 0.47168 0.0238281 0.0347656
0 0.757227 0.126123 0.0777344 0.087207
0 0.781055 0.0796387 0.0738281 0.102832
0 0.76582 0.120898 0.0746094 0.0589844
0 0.769727 0.173633 0.107422 0.189453
0 0.351367 0.0948975 0.505859 0.162549
0 0.525195 0.278711 0.0503906 0.059375
0 0.346973 0.165674 0.49668 0.309277
0 0.131836 0.287207 0.0724609 0.111523
0 0.973828 0.921875 0.0523438 0.132812
0 0.532617 0.23584 0.115234 0.132617
0 0.48125 0.2125 0.940625 0.425
0 0.358887 0.10354 0.11582 0.137256
0 0.128076 0.316016 0.024707 0.0367188
0 0.453711 0.399805 0.0332031 0.0472656
0 0.241895 0.417578 0.0458984 0.0507812
0 0.139307 0.101343 0.0694336 0.114893
0 0.968359 0.908984 0.0632813 0.182031
0 0.758789 0.666211 0.251172 0.531641
0 0.757227 0.857031 0.218359 0.148438
0 0.779102 0.163086 0.130859 0.301172
0 0.295117 0.0880615 0.187891 0.147314
0 0.80293 0.10686 0.175391 0.167529
0 0.959375 0.42832 0.08125 0.108984
0 0.676172 0.772266 0.132031 0.308594
0 0.292578 0.105566 0.101562 0.0972656
0 0.39375 0.449023 0.0234375 0.0417969
0 0.706055 0.877734 0.141016 0.124219
0 0.975 0.465039 0.05 0.0652344
0 0.937891 0.420703 0.0632813 0.0617188
0 0.787109 0.554883 0.341406 0.826172
0 0.782031 0.251367 0.125 0.205078
0 0.549023 0.18291 0.103516 0.128711
0 0.674219 0.224707 0.384375 0.43418
0 0.870313 0.526953 0.259375 0.892969
0 0.952344 0.429297 0.0953125 0.096875
0 0.796484 0.0460205 0.0289063 0.0371582
0 0.346094 0.0850464 0.4875 0.164868
0 0.756641 0.799414 0.249219 0.262109
0 0.478516 0.261523 0.782031 0.519141
0 0.175732 0.0867676 0.130957 0.145996
0 0.666406 0.885156 0.0640625 0.0671875
0 0.665039 0.891406 0.0675781 0.0703125
0 0.472168 0.225781 0.765039 0.451562
0 0.973437 0.419141 0.053125 0.113281
0 0.963672 0.418262 0.0726563 0.111133
0 0.770312 0.798828 0.265625 0.271094
0 0.730469 0.856641 0.190625 0.150781
0 0.481641 0.146484 0.774219 0.292969
0 0.675977 0.89375 0.0871094 0.0734375
0 0.316992 0.608594 0.0828125 0.046875
0 0.175 0.198877 0.163281 0.370996
0 0.470605 0.191406 0.763477 0.382812
0 0.176611 0.0980957 0.136621 0.156152
0 0.659961 0.884766 0.0511719 0.0601563
0 0.764844 0.706445 0.0515625 0.0722656
0 0.827344 0.542578 0.0359375 0.0554687
0 0.759961 0.132861 0.0738281 0.0987305
0 0.713086 0.859375 0.164453 0.145313
0 0.342187 0.245703 0.491406 0.477344
0 0.494727 0.340625 0.813672 0.68125
0 0.174707 0.161279 0.153711 0.29541
0 0.197363 0.204785 0.192383 0.381055
0 0.43125 0.467187 0.0359375 0.0757812
0 0.782422 0.762109 0.116406 0.192969
0 0.770117 0.128809 0.0847656 0.102539
0 0.154248 0.0870117 0.0868164 0.137695
0 0.720898 0.801172 0.198828 0.261719
0 0.754297 0.775195 0.244531 0.310547
0 0.763672 0.713086 0.0585938 0.0878906
0 0.663086 0.879297 0.0597656 0.0773438
0 0.801562 0.762891 0.142188 0.210156
0 0.830469 0.536523 0.0328125 0.0542969
0 0.677734 0.886328 0.0921875 0.0695313
0 0.198584 0.231641 0.19502 0.4375
0 0.488086 0.461719 0.801953 0.923438
0 0.327246 0.607617 0.0658203 0.0457031
0 0.432031 0.457617 0.03125 0.0566406
0 0.714453 0.769727 0.203906 0.326172
0 0.360547 0.607422 0.184375 0.130469
0 0.773828 0.704688 0.0648438 0.084375
0 0.238867 0.411133 0.0683594 0.0675781
0 0.493359 0.0354492 0.053125 0.0544922
0 0.32207 0.60918 0.0855469 0.0527344
0 0.671289 0.875781 0.0738281 0.0875
0 0.832422 0.542578 0.0492188 0.071875
0 0.487695 0.0344482 0.0488281 0.0516113
0 0.975781 0.405176 0.0484375 0.108398
0 0.79375 0.282227 0.171875 0.359766
0 0.826953 0.5375 0.0320312 0.0507812
0 0.773633 0.106812 0.107422 0.171533
0 0.423047 0.466797 0.0507812 0.0828125
0 0.199365 0.0973389 0.185645 0.17915
0 0.192334 0.392969 0.204004 0.782813
0 0.328223 0.617188 0.124023 0.105469
0 0.490625 0.043042 0.05625 0.0605957
0 0.768555 0.699023 0.0425781 0.0636719
0 0.481641 0.0853027 0.774219 0.170605
0 0.815625 0.701758 0.36875 0.558984
0 0.30957 0.608008 0.0789063 0.0441406
0 0.432227 0.44668 0.0230469 0.0378906
0 0.239063 0.417188 0.0585938 0.0632813
0 0.774609 0.110498 0.0570313 0.0518555
0 0.175684 0.107056 0.155664 0.203857
0 0.834766 0.532813 0.0476562 0.0664062
0 0.408887 0.0823242 0.257227 0.155664
0 0.177686 0.228711 0.17041 0.422266
0 0.830078 0.307617 0.0835937 0.124609
0 0.786719 0.109863 0.03125 0.0412109
0 0.752344 0.712891 0.26875 0.457031
0 0.753516 0.894141 0.246094 0.207031
0 0.528125 0.220703 0.94375 0.441406
0 0.789062 0.7 0.334375 0.504687
0 0.689648 0.894531 0.101172 0.0671875
0 0.769922 0.852539 0.264844 0.219922
0 0.708984 0.876953 0.153906 0.155469
0 0.426953 0.457813 0.0328125 0.0570313
0 0.480273 0.0772705 0.117578 0.13999
0 0.236328 0.204688 0.267969 0.3875
0 0.214844 0.0833008 0.207813 0.151758
0 0.132422 0.295117 0.0691406 0.0996094
0 0.139697 0.0951416 0.059082 0.131592
0 0.196289 0.268066 0.197266 0.412305
0 0.521289 0.169238 0.919922 0.338477
0 0.502734 0.170898 0.953906 0.341797
0 0.236084 0.0835205 0.240723 0.148584
0 0.518945 0.137305 0.962109 0.274609
0 0.363867 0.632812 0.192578 0.15
0 0.339648 0.216797 0.483203 0.432813
0 0.317285 0.615234 0.0833984 0.0578125
0 0.346875 0.428516 0.5125 0.857031
0 0.794531 0.233203 0.171875 0.446875
0 0.953906 0.430273 0.0921875 0.103516
0 0.308691 0.0843262 0.223242 0.146973
0 0.84082 0.217969 0.251172 0.435937
0 0.763477 0.107129 0.0949219 0.16543
0 0.83125 0.35957 0.125 0.180078
0 0.814844 0.647266 0.370313 0.674219
0 0.774414 0.69707 0.0558594 0.0675781
0 0.778906 0.412402 0.153125 0.0986328
0 0.707422 0.716797 0.247656 0.444531
0 0.772656 0.134717 0.104688 0.145801
0 0.497461 0.0299072 0.0636719 0.0598145
0 0.733984 0.830273 0.199219 0.192578
0 0.149365 0.246094 0.118066 0.202344
0 0.329102 0.635547 0.124609 0.11875
0 0.760938 0.70957 0.040625 0.0636719
0 0.205957 0.0841309 0.202148 0.16123
0 0.828906 0.295117 0.084375 0.106641
0 0.8375 0.231836 0.242188 0.454297
0 0.83125 0.340039 0.125 0.182422
0 0.498242 0.0433594 0.0519531 0.0640625
0 0.235547 0.094458 0.259766 0.175537
0 0.231445 0.408789 0.0707031 0.0652344
0 0.973047 0.47832 0.0539063 0.110547
0 0.500391 0.221484 0.972656 0.442969
0 0.675 0.803125 0.166406 0.273438
0 0.730078 0.877734 0.191406 0.171094
0 0.326465 0.614648 0.0802734 0.0621094
0 0.826953 0.544531 0.0242188 0.0421875
0 0.228174 0.369824 0.258105 0.690039
0 0.385156 0.606445 0.232031 0.136328
0 0.490234 0.0319824 0.0617188 0.0639648
0 0.134814 0.319336 0.055957 0.0574219
0 0.428613 0.0818359 0.201367 0.154297
0 0.33457 0.603125 0.0488281 0.0398437
0 0.773242 0.763281 0.281641 0.346875
0 0.328711 0.0842529 0.183984 0.149854
0 0.458203 0.0798828 0.126563 0.146094
0 0.973828 0.463281 0.0523438 0.0734375
0 0.953906 0.388086 0.0921875 0.178516
0 0.497461 0.0501465 0.0589844 0.078418
0 0.789258 0.641699 0.362109 0.654102
0 0.541406 0.132812 0.917188 0.265625
0 0.517188 0.0773193 0.158594 0.139502
0 0.852344 0.566016 0.104688 0.108594
0 0.802734 0.743359 0.139844 0.188281
0 0.668164 0.766797 0.158203 0.342969
0 0.675781 0.901172 0.0929688 0.100781
0 0.969922 0.395605 0.0601563 0.189258
0 0.525977 0.181543 0.876172 0.363086
0 0.757812 0.855469 0.175 0.153125
0 0.785742 0.821094 0.0425781 0.0578125
0 0.425977 0.446289 0.0277344 0.0394531
0 0.817187 0.293945 0.075 0.101172
0 0.826563 0.549805 0.04375 0.0699219
0 0.90625 0.504102 0.1875 0.231641
0 0.312305 0.105615 0.213672 0.158301
0 0.535742 0.148438 0.875391 0.296875
0 0.341699 0.0945557 0.483008 0.18667
0 0.818164 0.810156 0.351172 0.307813
0 0.132227 0.319336 0.0445313 0.0496094
0 0.797461 0.219141 0.170703 0.438281
0 0.753516 0.798438 0.249219 0.245312
0 0.965625 0.419727 0.06875 0.105859
0 0.175195 0.0861816 0.127734 0.142871
0 0.316797 0.607813 0.0839844 0.0460938
0 0.32002 0.608008 0.0892578 0.0535156
0 0.727344 0.859375 0.18125 0.139063
0 0.666797 0.885938 0.0640625 0.0625
0 0.974219 0.419434 0.0515625 0.108008
0 0.759961 0.133984 0.0769531 0.0960938
0 0.323242 0.622656 0.1 0.084375
0 0.715625 0.859766 0.165625 0.136719
0 0.767383 0.796094 0.273047 0.254688
0 0.487012 0.160034 0.782227 0.308838
0 0.313574 0.608984 0.0818359 0.0546875
0 0.66543 0.892578 0.0675781 0.0617188
0 0.175977 0.198242 0.159375 0.367578
0 0.140625 0.0942139 0.0585938 0.130322
0 0.30957 0.607227 0.0785156 0.0441406
0 0.492383 0.0356201 0.0589844 0.0550293
0 0.751563 0.776172 0.251563 0.296094
0 0.324805 0.607031 0.0753906 0.0453125
0 0.480664 0.198437 0.779297 0.396875
0 0.709766 0.771094 0.202344 0.310937
0 0.490625 0.0434814 0.059375 0.0603027
0 0.153174 0.0866943 0.0827148 0.132471
0 0.324902 0.635547 0.107227 0.111719
0 0.199219 0.228125 0.192969 0.428125
0 0.718555 0.801172 0.189453 0.242969
0 0.177539 0.0969238 0.133984 0.155762
0 0.196973 0.202197 0.188086 0.374512
0 0.487109 0.0354004 0.0554687 0.0526367
0 0.675391 0.895312 0.0835937 0.0609375
0 0.478418 0.223828 0.774414 0.447656
0 0.175 0.163672 0.150391 0.296484
0 0.769922 0.129883 0.0867188 0.0980469
0 0.358887 0.616797 0.172852 0.105469
0 0.65957 0.884766 0.0496094 0.0570313
0 0.671875 0.876563 0.0726563 0.084375
0 0.309277 0.614453 0.0876953 0.0773438
0 0.826172 0.543164 0.0367188 0.0519531
0 0.364453 0.634766 0.185156 0.130469
0 0.953906 0.433203 0.0921875 0.127344
0 0.764258 0.707812 0.0496094 0.0648438
0 0.535937 0.0649658 0.1625 0.119873
0 0.497852 0.0311401 0.0707031 0.0605713
0 0.133887 0.297852 0.0634766 0.0914062
0 0.13125 0.319238 0.0443359 0.0470703
0 0.326074 0.614453 0.0833984 0.0601563
0 0.316992 0.614844 0.0847656 0.05625
0 0.483105 0.263086 0.790039 0.518359
0 0.420703 0.470313 0.0546875 0.0726563
0 0.235986 0.225098 0.265918 0.419336
0 0.677344 0.8875 0.0914062 0.0640625
0 0.535547 0.046167 0.159375 0.0885254
0 0.835156 0.53418 0.0484375 0.0613281
0 0.75918 0.415918 0.119141 0.100977
0 0.338867 0.241797 0.483203 0.463281
0 0.342969 0.435547 0.510938 0.871094
0 0.829688 0.5375 0.034375 0.053125
0 0.950781 0.390918 0.0984375 0.183008
0 0.778711 0.768164 0.123828 0.199609
0 0.430859 0.470508 0.0335938 0.0675781
0 0.951953 0.401855 0.0960938 0.170508
0 0.483398 0.0412598 0.0582031 0.0555664
0 0.302539 0.607617 0.0652344 0.0402344
0 0.771484 0.835156 0.0804688 0.071875
0 0.954297 0.431445 0.0914062 0.0980469
0 0.308594 0.631055 0.084375 0.100391
0 0.499609 0.0358887 0.059375 0.056543
0 0.134912 0.319531 0.052832 0.0546875
0 0.49043 0.0319824 0.0628906 0.0639648
0 0.423828 0.462109 0.0414063 0.0617188
0 0.826758 0.363379 0.113672 0.170898
0 0.729492 0.838086 0.178516 0.173828
0 0.497656 0.0436279 0.0546875 0.0627441
0 0.2 0.102393 0.184375 0.174121
0 0.198242 0.25625 0.195312 0.432031
0 0.719336 0.839648 0.175391 0.173828
0 0.832031 0.542383 0.0484375 0.0628906
0 0.491699 0.467969 0.811914 0.935938
0 0.431445 0.460352 0.0308594 0.0582031
0 0.663477 0.879297 0.0597656 0.0742188
0 0.148145 0.247461 0.105664 0.202344
0 0.763086 0.714648 0.0566406 0.0777344
0 0.925781 0.420898 0.0484375 0.0566406
0 0.779883 0.832812 0.0621094 0.0640625
0 0.794531 0.268652 0.170313 0.386133
0 0.785156 0.110937 0.03125 0.0390625
0 0.235156 0.202783 0.265625 0.382715
0 0.825391 0.539062 0.0335938 0.0484375
0 0.785156 0.823438 0.04375 0.05625
0 0.951563 0.454688 0.096875 0.157813
0 0.194043 0.408301 0.20918 0.800586
0 0.955859 0.419922 0.0882813 0.1
0 0.760352 0.136816 0.0871094 0.112695
0 0.773438 0.112402 0.0609375 0.0478516
0 0.407227 0.0853271 0.277734 0.160986
0 0.771289 0.138257 0.107422 0.131299
0 0.975391 0.407324 0.0476562 0.110352
0 0.554688 0.0619385 0.160938 0.116553
0 0.328906 0.604102 0.0777344 0.0433594
0 0.215625 0.0819824 0.207813 0.150879
0 0.969141 0.440723 0.0617188 0.169336
0 0.773438 0.108032 0.1125 0.173779
0 0.133252 0.0973877 0.0483398 0.112646
0 0.140967 0.101538 0.0598633 0.118799
0 0.266113 0.358398 0.0615234 0.0566406
0 0.969531 0.406836 0.0609375 0.178516
0 0.761914 0.108569 0.0933594 0.165674
0 0.52207 0.0764648 0.169141 0.133008
0 0.701563 0.711914 0.240625 0.438672
0 0.8125 0.361523 0.1125 0.178516
0 0.382617 0.620117 0.230859 0.166797
0 0.774023 0.826563 0.0707031 0.06875
0 0.17915 0.227441 0.16748 0.416992
0 0.497461 0.0511353 0.0574219 0.0733154
0 0.961719 0.429004 0.0765625 0.109961
0 0.268359 0.345605 0.0582031 0.0712891
0 0.944531 0.433984 0.090625 0.0898438
0 0.431445 0.44707 0.0238281 0.0355469
0 0.804492 0.767969 0.151953 0.210938
0 0.748633 0.705664 0.315234 0.454297
0 0.817187 0.807617 0.360938 0.303516
0 0.804492 0.400488 0.0925781 0.0951172
0 0.550195 0.045105 0.155859 0.0859619
0 0.135205 0.257617 0.0870117 0.180469
0 0.491602 0.0762207 0.143359 0.133496
0 0.228223 0.384668 0.261523 0.737695
0 0.751172 0.896094 0.242969 0.198437
0 0.837109 0.249805 0.258594 0.439453
0 0.728906 0.878516 0.1875 0.171094
0 0.510547 0.0640381 0.128125 0.118018
0 0.969922 0.39668 0.0601563 0.188672
0 0.780078 0.414258 0.155469 0.0925781
0 0.131494 0.311719 0.0493164 0.0574219
0 0.772266 0.707031 0.0601563 0.071875
0 0.176758 0.11001 0.154297 0.194043
0 0.826172 0.545703 0.0242188 0.0398437
0 0.925 0.404785 0.0609375 0.104492
0 0.786328 0.831641 0.0617188 0.0664062
0 0.538281 0.0778564 0.177344 0.143311
0 0.260645 0.359375 0.0556641 0.0523438
0 0.842188 0.233398 0.264062 0.462891
0 0.768555 0.7 0.0410156 0.0578125
0 0.786328 0.644824 0.417969 0.643164
0 0.919922 0.419531 0.0367188 0.0453125
0 0.781641 0.55918 0.414844 0.862891
0 0.481641 0.0334717 0.0414063 0.0503418
0 0.355859 0.668555 0.177344 0.205859
0 0.386328 0.607031 0.232031 0.132031
0 0.974219 0.465039 0.0515625 0.0644531
0 0.33457 0.60625 0.0730469 0.0484375
0 0.507812 0.0293091 0.0859375 0.0556397
0 0.237598 0.0981934 0.262305 0.171582
0 0.485742 0.0866943 0.780078 0.165674
0 0.676172 0.902344 0.0867188 0.084375
0 0.77793 0.839063 0.0800781 0.090625
0 0.380273 0.660547 0.223828 0.207031
0 0.96875 0.409082 0.0625 0.104492
0 0.753516 0.65127 0.350781 0.600586
0 0.294531 0.412207 0.401563 0.772461
0 0.489844 0.0500122 0.0664062 0.0732178
0 0.127393 0.317285 0.025293 0.0400391
0 0.138037 0.311035 0.0610352 0.0623047
0 0.918359 0.412695 0.0351562 0.0511719
0 0.305957 0.608594 0.0724609 0.053125
0 0.681445 0.801562 0.187109 0.253125
0 0.507227 0.0450195 0.141797 0.0900391
0 0.359961 0.547461 0.208203 0.262891
0 0.760742 0.835938 0.0910156 0.075
0 0.756641 0.858594 0.141406 0.139063
0 0.263379 0.347754 0.0599609 0.0818359
0 0.237305 0.0828613 0.25 0.147754
0 0.804297 0.647266 0.391406 0.671094
0 0.340625 0.613477 0.09375 0.0691406
0 0.780078 0.35918 0.149219 0.192578
0 0.354785 0.622656 0.188867 0.157813
0 0.388184 0.545703 0.252539 0.283594
0 0.143555 0.292676 0.078125 0.106836
0 0.424414 0.448438 0.0332031 0.0382813
0 0.774023 0.698242 0.0550781 0.0621094
0 0.969141 0.480664 0.0617188 0.211328
0 0.206055 0.0852539 0.200391 0.146289
0 0.77832 0.384375 0.152734 0.146875
0 0.9375 0.391406 0.120313 0.183594
0 0.801953 0.567773 0.396094 0.836328
0 0.770703 0.841016 0.0867188 0.0929688
0 0.683789 0.896094 0.0808594 0.053125
0 0.714453 0.875781 0.161719 0.154688
0 0.855078 0.312012 0.289844 0.616602
0 0.77207 0.166113 0.112109 0.170898
0 0.791016 0.372266 0.0679687 0.0726563
0 0.296777 0.607813 0.0439453 0.0375
0 0.751563 0.795117 0.240625 0.245703
0 0.177051 0.0886475 0.135352 0.139307
0 0.728906 0.860938 0.190625 0.13125
0 0.758398 0.137891 0.0894531 0.105859
0 0.415039 0.472266 0.0675781 0.0679687
0 0.964063 0.419922 0.071875 0.105469
0 0.757812 0.132812 0.0828125 0.0976562
0 0.150684 0.0883545 0.0837891 0.134033
0 0.717383 0.862109 0.173047 0.130469
0 0.316309 0.607617 0.0837891 0.0449219
0 0.319922 0.616016 0.09375 0.0695313
0 0.668359 0.886328 0.0742188 0.0632813
0 0.183594 0.0955078 0.153906 0.149414
0 0.194727 0.197412 0.189453 0.356738
0 0.667188 0.892578 0.0757812 0.0632813
0 0.674414 0.895312 0.0824219 0.059375
0 0.309668 0.610547 0.0904297 0.0695313
0 0.41582 0.466602 0.0675781 0.0707031
0 0.781445 0.76582 0.119922 0.193359
0 0.132812 0.102905 0.0550781 0.108447
0 0.428516 0.472656 0.0390625 0.0640625
0 0.319336 0.606445 0.090625 0.0503906
0 0.134424 0.300098 0.0704102 0.0833984
0 0.766016 0.141406 0.102344 0.114063
0 0.49043 0.0445557 0.0597656 0.0644043
0 0.139795 0.0937988 0.0647461 0.133105
0 0.132764 0.0968994 0.0575195 0.123389
0 0.973437 0.419238 0.053125 0.107617
0 0.763867 0.707812 0.0519531 0.0664062
0 0.952734 0.432227 0.0945313 0.129297
0 0.267871 0.346582 0.0615234 0.0685547
0 0.506641 0.0744385 0.102344 0.122021
0 0.319922 0.630859 0.0980469 0.105469
0 0.769336 0.793359 0.272266 0.249219
0 0.323926 0.607031 0.0783203 0.0445313
0 0.491992 0.0364502 0.0597656 0.0560059
0 0.74375 0.132715 0.0601563 0.0896484
0 0.358887 0.617188 0.172852 0.0835937
0 0.760156 0.110962 0.0953125 0.162451
0 0.825391 0.542969 0.0429688 0.05625
0 0.766797 0.169678 0.107031 0.173926
0 0.140039 0.10061 0.0666016 0.119482
0 0.758594 0.152393 0.090625 0.12959
0 0.7625 0.714453 0.0578125 0.0804688
0 0.767969 0.128809 0.0890625 0.0970703
0 0.676562 0.889063 0.090625 0.0625
0 0.316406 0.615234 0.0851563 0.059375
0 0.822461 0.364453 0.112891 0.171875
0 0.266113 0.358398 0.0638672 0.0558594
0 0.835156 0.535352 0.053125 0.0582031
0 0.808789 0.364063 0.107422 0.173438
0 0.195898 0.221191 0.194922 0.406836
0 0.951563 0.404297 0.096875 0.167969
0 0.199854 0.102637 0.185449 0.166992
0 0.485156 0.0364258 0.0492188 0.0532227
0 0.131055 0.311816 0.0554687 0.0537109
0 0.309375 0.607227 0.0773438 0.0425781
0 0.52793 0.0657715 0.135547 0.115527
0 0.832812 0.542383 0.0546875 0.0644531
0 0.2104 0.0992432 0.203418 0.156201
0 0.426367 0.465234 0.0878906 0.0875
0 0.483301 0.15415 0.783398 0.287402
0 0.767383 0.109351 0.107422 0.170361
0 0.828906 0.538281 0.040625 0.053125
0 0.325488 0.614453 0.0853516 0.0640625
0 0.729102 0.839063 0.196484 0.173438
0 0.313281 0.607227 0.0824219 0.0519531
0 0.264258 0.348242 0.0644531 0.0777344
0 0.179492 0.199512 0.176563 0.363477
0 0.497656 0.052417 0.0625 0.0797363
0 0.177539 0.164111 0.159766 0.295996
0 0.671875 0.876172 0.0796875 0.0867188
0 0.65957 0.885547 0.0527344 0.0585938
0 0.757812 0.414355 0.123438 0.0962891
0 0.471777 0.198242 0.768945 0.382422
0 0.793359 0.265137 0.164844 0.391602
0 0.361328 0.633008 0.178906 0.119141
0 0.534961 0.0759766 0.150391 0.12832
0 0.485156 0.0744873 0.11875 0.123486
0 0.483008 0.0422607 0.0519531 0.0596191
0 0.960938 0.428516 0.078125 0.110937
0 0.131641 0.318164 0.0492188 0.0460938
0 0.282129 0.205811 0.372461 0.388379
0 0.752539 0.139941 0.0871094 0.106055
0 0.490234 0.0521606 0.0664062 0.0825928
0 0.135645 0.319043 0.0560547 0.0509766
0 0.309863 0.627344 0.0865234 0.0953125
0 0.804297 0.768359 0.146094 0.207031
0 0.951172 0.453613 0.0976562 0.16543
0 0.680469 0.860938 0.096875 0.13125
0 0.308594 0.597266 0.0960938 0.078125
0 0.952734 0.429883 0.0945313 0.102734
0 0.195654 0.162354 0.186035 0.293652
0 0.785937 0.825391 0.0515625 0.0585938
0 0.233203 0.200635 0.267969 0.370605
0 0.411523 0.462305 0.0902344 0.0902344
0 0.497852 0.0444824 0.0582031 0.0641602
0 0.23457 0.222363 0.271875 0.409961
0 0.213623 0.0856934 0.20791 0.142676
0 0.423438 0.479102 0.0828125 0.0949219
0 0.781641 0.360938 0.139844 0.185938
0 0.250488 0.382812 0.0947266 0.119531
0 0.261035 0.35957 0.0580078 0.0496094
0 0.502539 0.0641357 0.0917969 0.113525
0 0.137354 0.312207 0.0637695 0.0533203
0 0.772656 0.707031 0.065625 0.071875
0 0.42793 0.437305 0.0910156 0.138672
0 0.498633 0.0675049 0.0644531 0.1146
0 0.497852 0.0318848 0.0722656 0.0586914
0 0.825 0.545898 0.028125 0.0417969
0 0.800586 0.749219 0.136328 0.182812
0 0.407715 0.464453 0.0689453 0.06875
0 0.674805 0.902344 0.0832031 0.078125
0 0.824219 0.540039 0.0375 0.0503906
0 0.728906 0.797852 0.203125 0.243359
0 0.252734 0.362012 0.090625 0.13457
0 0.938281 0.436133 0.123438 0.124609
0 0.794336 0.24873 0.166016 0.410352
0 0.148779 0.244434 0.118848 0.208008
0 0.967578 0.43457 0.0648438 0.146484
0 0.757227 0.719336 0.0449219 0.0613281
0 0.715625 0.873438 0.165625 0.125
0 0.430664 0.485938 0.0308594 0.0421875
0 0.809766 0.38457 0.108594 0.139453
0 0.721094 0.841992 0.185938 0.170703
0 0.78418 0.112305 0.0332031 0.0398437
0 0.758789 0.765234 0.135547 0.188281
0 0.75 0.783789 0.235938 0.266797
0 0.955078 0.418945 0.0898438 0.101953
0 0.455273 0.396484 0.0285156 0.0429688
0 0.769727 0.190918 0.113672 0.204492
0 0.206152 0.341797 0.183008 0.171094
0 0.971484 0.429883 0.0570313 0.119922
0 0.808398 0.343555 0.109766 0.183984
0 0.380664 0.612891 0.214453 0.0992187
0 0.682813 0.897266 0.075 0.0492188
0 0.735352 0.411719 0.0871094 0.1
0 0.499219 0.0370605 0.0632813 0.0549805
0 0.132031 0.282715 0.0757812 0.128711
0 0.924609 0.420898 0.0523438 0.0597656
0 0.184912 0.34043 0.219629 0.167578
0 0.490039 0.0641846 0.0714844 0.108936
0 0.409277 0.470703 0.0712891 0.0703125
0 0.74375 0.139453 0.0859375 0.119531
0 0.241797 0.0985352 0.274219 0.162305
0 0.774609 0.208643 0.122656 0.19834
0 0.787305 0.832422 0.0644531 0.0648438
0 0.741406 0.140527 0.0585938 0.0923828
0 0.392578 0.457227 0.0257812 0.0433594
0 0.763281 0.138428 0.0984375 0.111035
0 0.772266 0.715039 0.0726563 0.0996094
0 0.189746 0.311523 0.205273 0.130859
0 0.780078 0.832812 0.0617188 0.0609375
0 0.767969 0.215088 0.128125 0.378418
0 0.419531 0.461719 0.0640625 0.0640625
0 0.234375 0.365234 0.119922 0.149219
0 0.775391 0.249414 0.146094 0.409766
0 0.96875 0.406055 0.0625 0.172266
0 0.409277 0.479297 0.0869141 0.0914062
0 0.80293 0.40166 0.0925781 0.0935547
0 0.429688 0.465625 0.0414063 0.0671875
0 0.75918 0.711133 0.0441406 0.0605469
0 0.406934 0.0862549 0.271289 0.157373
0 0.182617 0.362402 0.223047 0.14707
0 0.785742 0.385352 0.0691406 0.0652344
0 0.937109 0.413867 0.125781 0.160547
0 0.728906 0.871484 0.190625 0.147656
0 0.780469 0.244824 0.132812 0.183398
0 0.208887 0.364453 0.170508 0.155469
0 0.320605 0.604492 0.101758 0.0769531
0 0.753906 0.844141 0.157813 0.152344
0 0.466211 0.0793213 0.151953 0.136279
0 0.27373 0.355664 0.0486328 0.0542969
0 0.776563 0.385449 0.153125 0.141602
0 0.14082 0.0887939 0.0710938 0.136475
0 0.79375 0.823828 0.0625 0.0632813
0 0.69668 0.799609 0.200391 0.249219
0 0.775195 0.699023 0.0652344 0.0621094
0 0.802734 0.28252 0.0507812 0.0537109
0 0.555664 0.0626709 0.180859 0.11333
0 0.767188 0.702148 0.0484375 0.0621094
0 0.66543 0.879297 0.0824219 0.0929688
0 0.716211 0.417969 0.0363281 0.0710938
0 0.8375 0.237305 0.254688 0.441797
0 0.937109 0.391699 0.125781 0.183789
0 0.758984 0.183887 0.0945313 0.18418
0 0.133594 0.258496 0.0945313 0.176758
0 0.810547 0.283105 0.0601563 0.0580078
0 0.265234 0.364258 0.0726563 0.0832031
0 0.304004 0.0991211 0.417773 0.159961
0 0.433008 0.0839111 0.214453 0.147998
0 0.126563 0.316406 0.028125 0.0394531
0 0.777344 0.383691 0.040625 0.0466797
0 0.91875 0.421875 0.04375 0.05
0 0.476367 0.223047 0.778516 0.446094
0 0.711914 0.416211 0.0363281 0.0707031
0 0.683789 0.902344 0.0777344 0.06875
0 0.823047 0.341602 0.111719 0.183984
0 0.677539 0.878125 0.0917969 0.1
0 0.286035 0.134619 0.233398 0.130762
0 0.790625 0.371484 0.075 0.0765625
0 0.793555 0.215918 0.159766 0.366602
0 0.144434 0.297852 0.0822266 0.0914062
0 0.35918 0.60293 0.179297 0.0832031
0 0.757031 0.859375 0.15 0.134375
0 0.762109 0.388672 0.136719 0.141406
0 0.667969 0.860547 0.084375 0.135156
0 0.481445 0.0619629 0.0933594 0.107715
0 0.235645 0.384277 0.113477 0.118164
0 0.771484 0.11377 0.0664062 0.0484375
0 0.525781 0.0483887 0.132812 0.084082
0 0.738086 0.182373 0.0457031 0.0532227
0 0.432031 0.104297 0.223438 0.172656
0 0.164185 0.359961 0.185693 0.146484
0 0.715234 0.410742 0.0359375 0.0683594
0 0.1521 0.311719 0.132129 0.129688
0 0.228857 0.169727 0.255566 0.313672
0 0.780273 0.73457 0.100391 0.141797
0 0.40918 0.103906 0.251172 0.160156
0 0.232715 0.341113 0.122852 0.166211
0 0.825 0.751563 0.176563 0.19375
0 0.179785 0.165723 0.169336 0.27207
0 0.743359 0.113867 0.100781 0.169141
0 0.777734 0.808008 0.127344 0.174609
0 0.790625 0.112646 0.0359375 0.0432617
0 0.126514 0.107178 0.0448242 0.0959961
0 0.123926 0.311621 0.0341797 0.0505859
0 0.846484 0.542383 0.0820312 0.106641
0 0.835156 0.256152 0.253125 0.422852
0 0.743945 0.794336 0.193359 0.245703
0 0.175098 0.0879883 0.12832 0.133398
0 0.964063 0.419336 0.071875 0.0957031
0 0.730469 0.858984 0.184375 0.124219
0 0.782617 0.760938 0.108203 0.182812
0 0.664648 0.884375 0.0550781 0.0578125
0 0.674023 0.892188 0.0761719 0.0609375
0 0.31582 0.608008 0.0792969 0.0449219
0 0.177734 0.0937988 0.133984 0.141699
0 0.758984 0.135449 0.0882813 0.100586
0 0.66543 0.889453 0.0621094 0.0601563
0 0.152051 0.0872803 0.0826172 0.128369
0 0.764648 0.707031 0.0472656 0.065625
0 0.75625 0.134229 0.071875 0.0920898
0 0.131885 0.103613 0.0444336 0.103125
0 0.955859 0.430566 0.0882813 0.124023
0 0.132812 0.0973633 0.0488281 0.117969
0 0.430859 0.469336 0.034375 0.0699219
0 0.420898 0.469531 0.0503906 0.0703125
0 0.716797 0.860547 0.161719 0.119531
0 0.762891 0.713672 0.0539063 0.078125
0 0.170898 0.18833 0.150781 0.34209
0 0.657227 0.885156 0.0394531 0.053125
0 0.973828 0.41748 0.0523438 0.0986328
0 0.827344 0.542188 0.0375 0.0546875
0 0.171289 0.163477 0.142969 0.294141
0 0.32041 0.616602 0.0892578 0.0714844
0 0.732227 0.825586 0.180859 0.189453
0 0.139063 0.0940186 0.05625 0.130127
0 0.796484 0.763672 0.116406 0.194531
0 0.672852 0.885547 0.0753906 0.0570313
0 0.138574 0.100122 0.0542969 0.113428
0 0.308398 0.611719 0.0914062 0.0710938
0 0.95625 0.408789 0.0875 0.151172
0 0.760156 0.760156 0.128125 0.178125
0 0.952344 0.429688 0.0890625 0.09375
0 0.830469 0.538086 0.03125 0.0503906
0 0.32002 0.629297 0.0927734 0.101562
0 0.767773 0.138721 0.0972656 0.106543
0 0.422852 0.462305 0.0425781 0.0621094
0 0.192773 0.189258 0.179297 0.341016
0 0.771094 0.705469 0.0546875 0.0703125
0 0.73418 0.797656 0.189453 0.24375
0 0.832031 0.541211 0.046875 0.0636719
0 0.319922 0.606836 0.0855469 0.0480469
0 0.282324 0.195117 0.365039 0.364453
0 0.767578 0.13042 0.0835937 0.093457
0 0.31582 0.616016 0.0808594 0.0617188
0 0.308398 0.627148 0.0886719 0.0941406
0 0.324805 0.607813 0.06875 0.04375
0 0.431445 0.461914 0.0308594 0.0613281
0 0.834375 0.53457 0.04375 0.0574219
0 0.954688 0.420312 0.084375 0.0882813
0 0.768555 0.700586 0.0394531 0.0566406
0 0.30957 0.607227 0.0730469 0.0425781
0 0.760938 0.710547 0.0375 0.0585938
0 0.758789 0.719531 0.0402344 0.0585938
0 0.674414 0.901172 0.0824219 0.0882813
0 0.767578 0.168652 0.102344 0.168945
0 0.78457 0.824219 0.0417969 0.053125
0 0.760156 0.111865 0.09375 0.147363
0 0.758594 0.15127 0.090625 0.12793
0 0.960547 0.426953 0.0789063 0.103906
0 0.357227 0.617578 0.166016 0.0820312
0 0.953906 0.456348 0.0921875 0.174805
0 0.682617 0.893359 0.0746094 0.0539063
0 0.825391 0.538867 0.0335938 0.0472656
0 0.324707 0.615039 0.0787109 0.0636719
0 0.49043 0.0432129 0.0542969 0.0632813
0 0.787305 0.830859 0.0597656 0.0648438
0 0.498242 0.052124 0.0597656 0.0799316
0 0.925391 0.420312 0.0429688 0.0570313
0 0.825781 0.364551 0.114063 0.161523
0 0.233887 0.191357 0.26543 0.35166
0 0.772852 0.698242 0.0480469 0.0605469
0 0.771875 0.714844 0.0640625 0.0945313
0 0.359082 0.631055 0.170898 0.114453
0 0.667578 0.879297 0.059375 0.0632813
0 0.789844 0.822656 0.0515625 0.0609375
0 0.966016 0.434375 0.0679687 0.141406
0 0.784766 0.111963 0.0335938 0.0393555
0 0.799805 0.830469 0.0785156 0.0734375
0 0.49082 0.0361816 0.0519531 0.0542969
0 0.378223 0.611328 0.203711 0.101562
0 0.819141 0.660449 0.361719 0.641602
0 0.768555 0.112427 0.101953 0.149756
0 0.128369 0.311816 0.040918 0.0505859
0 0.743359 0.132471 0.0523438 0.0850586
0 0.810352 0.363086 0.102734 0.166797
0 0.751758 0.140137 0.0730469 0.0947266
0 0.313965 0.607031 0.0791016 0.0492188
0 0.13584 0.311133 0.0566406 0.0527344
0 0.763086 0.138672 0.0925781 0.103906
0 0.74668 0.784375 0.191016 0.259375
0 0.967188 0.409766 0.065625 0.155469
0 0.423242 0.45 0.0355469 0.0398437
0 0.431836 0.485742 0.0292969 0.0441406
0 0.406445 0.0837646 0.246484 0.147314
0 0.483789 0.0361206 0.0394531 0.0506104
0 0.126807 0.107886 0.0368164 0.0885254
0 0.311328 0.11106 0.196875 0.104053
0 0.925 0.413672 0.0453125 0.0570313
0 0.817187 0.817969 0.090625 0.08125
0 0.906641 0.501563 0.186719 0.239063
0 0.308594 0.0873047 0.2 0.126563
0 0.955859 0.512695 0.0882813 0.300391
0 0.762305 0.725586 0.0597656 0.103516
0 0.479688 0.0748291 0.117188 0.126709
0 0.803906 0.821094 0.0796875 0.06875
0 0.755859 0.413477 0.114844 0.0972656
0 0.471387 0.131421 0.746289 0.236377
0 0.191602 0.166895 0.176172 0.300586
0 0.430469 0.458203 0.0789063 0.1
0 0.458398 0.0778564 0.131641 0.132178
0 0.826953 0.545117 0.0273438 0.0410156
0 0.489648 0.050647 0.0613281 0.0809326
0 0.68457 0.9 0.0832031 0.0796875
0 0.780078 0.830859 0.0554687 0.0585938
0 0.499023 0.0695068 0.0621094 0.123096
0 0.194385 0.104712 0.172559 0.168311
0 0.4375 0.0825439 0.170313 0.142334
0 0.756055 0.724219 0.0503906 0.0804688
0 0.305469 0.098999 0.413281 0.156689
0 0.770898 0.190332 0.112891 0.204492
0 0.777148 0.825391 0.0566406 0.0585938
0 0.955469 0.391309 0.0890625 0.186133
0 0.430859 0.448242 0.0234375 0.0347656
0 0.268555 0.344629 0.0507812 0.0607422
0 0.131006 0.302246 0.0555664 0.0724609
0 0.130762 0.121094 0.034375 0.0681641
0 0.782813 0.359961 0.135937 0.181641
0 0.793164 0.751563 0.112109 0.1875
0 0.789648 0.112158 0.0347656 0.0420898
0 0.940625 0.432227 0.0828125 0.0863281
0 0.286475 0.173535 0.366895 0.322461
0 0.919141 0.420703 0.0367188 0.0460938
0 0.771875 0.112549 0.0640625 0.0461914
0 0.717773 0.417188 0.0316406 0.0679687
0 0.130859 0.283984 0.0671875 0.124219
0 0.799023 0.815234 0.0675781 0.0726563
0 0.696289 0.894922 0.0761719 0.0507812
0 0.339551 0.207617 0.486523 0.397266
0 0.827344 0.549609 0.046875 0.0710938
0 0.9375 0.421094 0.0640625 0.06875
0 0.971094 0.425977 0.0578125 0.106641
0 0.712695 0.416211 0.0324219 0.0660156
0 0.657422 0.888281 0.046875 0.05625
0 0.435059 0.18335 0.681445 0.346191
0 0.428906 0.481055 0.071875 0.103516
0 0.498047 0.0434937 0.0546875 0.0645752
0 0.941797 0.43418 0.114844 0.124609
0 0.843359 0.54375 0.0695313 0.0960938
0 0.653711 0.883594 0.0292969 0.05
0 0.140674 0.0883301 0.069043 0.133691
0 0.748828 0.800391 0.211719 0.246094
0 0.174414 0.0876465 0.132422 0.144629
0 0.728125 0.858203 0.176563 0.136719
0 0.779102 0.760938 0.110547 0.182812
0 0.665039 0.889453 0.0597656 0.0664062
0 0.340527 0.440625 0.523633 0.88125
0 0.169482 0.18335 0.149316 0.342676
0 0.962109 0.418652 0.0757812 0.0955078
0 0.336523 0.192139 0.483203 0.37041
0 0.175732 0.0981201 0.140723 0.161572
0 0.673828 0.892578 0.078125 0.0710938
0 0.152539 0.0893555 0.0925781 0.140039
0 0.316309 0.607813 0.0779297 0.0445313
0 0.664258 0.883203 0.0519531 0.0617188
0 0.673633 0.902344 0.0847656 0.0953125
0 0.822461 0.680664 0.355078 0.604297
0 0.170117 0.167432 0.142578 0.304199
0 0.951172 0.43125 0.0882813 0.0945313
0 0.828125 0.541211 0.040625 0.0550781
0 0.486133 0.464063 0.805859 0.928125
0 0.801562 0.762891 0.140625 0.196094
0 0.971875 0.417578 0.05625 0.100781
0 0.958984 0.428906 0.0820312 0.108594
0 0.714063 0.860938 0.154688 0.129688
0 0.765625 0.705664 0.046875 0.0644531
0 0.764453 0.713477 0.0539063 0.0746094
0 0.192676 0.18457 0.191602 0.341016
0 0.760156 0.137109 0.090625 0.116406
0 0.77207 0.801172 0.255859 0.252344
0 0.473145 0.145654 0.753711 0.274707
0 0.420312 0.468164 0.0523438 0.0714844
0 0.721875 0.803516 0.160938 0.247656
0 0.730078 0.817969 0.171094 0.215625
0 0.440918 0.179395 0.699414 0.344336
0 0.138965 0.103003 0.0599609 0.123682
0 0.811328 0.360352 0.108594 0.177734
0 0.658008 0.883984 0.0410156 0.0585938
0 0.754687 0.135107 0.06875 0.0993164
0 0.833594 0.540039 0.0484375 0.0628906
0 0.321582 0.632617 0.0998047 0.103516
0 0.95625 0.435254 0.0875 0.124805
0 0.83125 0.536914 0.0328125 0.0503906
0 0.823633 0.362305 0.105859 0.171484
0 0.341699 0.248535 0.500977 0.491992
0 0.821484 0.666211 0.357031 0.616016
0 0.772266 0.704492 0.0554687 0.0699219
0 0.90625 0.502148 0.184375 0.228516
0 0.769141 0.137524 0.105469 0.131982
0 0.752734 0.821094 0.227344 0.273438
0 0.835547 0.533008 0.0445313 0.0589844
0 0.953516 0.45293 0.0929688 0.161328
0 0.28584 0.185107 0.37832 0.349316
0 0.29873 0.420312 0.42207 0.840625
0 0.470117 0.20293 0.759766 0.405859
0 0.43125 0.467187 0.0351562 0.0703125
0 0.773242 0.829688 0.264453 0.285938
0 0.766016 0.13125 0.0820312 0.0980469
0 0.131982 0.104004 0.0518555 0.113477
0 0.879687 0.485352 0.240625 0.290234
0 0.938672 0.432031 0.0773438 0.084375
0 0.86875 0.680176 0.2625 0.616211
0 0.769531 0.166113 0.109375 0.174805
0 0.925781 0.419922 0.046875 0.0585938
0 0.315723 0.615625 0.0798828 0.0601563
0 0.727734 0.878516 0.180469 0.172656
0 0.325195 0.607422 0.0671875 0.0429688
0 0.933594 0.504102 0.132812 0.242578
0 0.672461 0.883594 0.0746094 0.0640625
0 0.853125 0.233984 0.2875 0.467969
0 0.307324 0.63125 0.0943359 0.0984375
0 0.338281 0.315723 0.508594 0.625586
0 0.341504 0.178418 0.487305 0.340039
0 0.788281 0.766406 0.295312 0.334375
0 0.757227 0.760547 0.121484 0.177344
0 0.337988 0.116943 0.488086 0.211426
0 0.968359 0.431641 0.0632813 0.121875
0 0.684961 0.901172 0.0902344 0.0945313
0 0.755078 0.771094 0.222656 0.298438
0 0.91875 0.420898 0.0421875 0.0496094
0 0.882812 0.539941 0.234375 0.332617
0 0.785547 0.35791 0.147656 0.189648
0 0.770703 0.109375 0.110156 0.178516
0 0.953906 0.512988 0.0921875 0.278711
0 0.657813 0.889063 0.0476562 0.059375
0 0.761523 0.140723 0.0925781 0.108008
0 0.952344 0.419531 0.0796875 0.08125
0 0.826172 0.538086 0.0367188 0.0488281
0 0.822266 0.741797 0.355469 0.463281
0 0.858984 0.111328 0.282031 0.222656
0 0.772461 0.715234 0.0660156 0.0929688
0 0.951172 0.439258 0.0914062 0.101172
0 0.498242 0.0517578 0.0660156 0.0847656
0 0.853125 0.107715 0.285938 0.21543
0 0.424414 0.458789 0.0363281 0.0558594
0 0.324902 0.614844 0.0775391 0.0609375
0 0.929688 0.531055 0.140625 0.317578
0 0.171338 0.113159 0.145605 0.20415
0 0.75918 0.154785 0.0925781 0.138867
0 0.800977 0.655176 0.394922 0.609961
0 0.823047 0.844336 0.353906 0.311328
0 0.769336 0.700195 0.0394531 0.0574219
0 0.859766 0.433594 0.280469 0.867188
0 0.80918 0.66543 0.366016 0.572266
0 0.850391 0.258398 0.288281 0.506641
0 0.490625 0.042041 0.0554687 0.0625977
0 0.198486 0.228418 0.202246 0.433789
0 0.176953 0.136182 0.15 0.231543
0 0.236865 0.185303 0.278613 0.346582
0 0.424414 0.101709 0.213672 0.181738
0 0.810547 0.343457 0.110156 0.191211
0 0.974609 0.464258 0.0507812 0.0714844
0 0.810938 0.383105 0.109375 0.141602
0 0.80625 0.229687 0.189063 0.459375
0 0.172656 0.222461 0.159375 0.412109
0 0.192822 0.431348 0.227637 0.862305
0 0.867773 0.430957 0.264453 0.711523
0 0.136865 0.309375 0.059668 0.0578125
0 0.75918 0.718555 0.0394531 0.0589844
0 0.406055 0.0840088 0.269141 0.156396
0 0.956641 0.405859 0.0867188 0.167187
0 0.491211 0.0351562 0.0519531 0.0553711
0 0.426953 0.0836914 0.203906 0.15293
0 0.858984 0.333008 0.282031 0.666016
0 0.849219 0.408594 0.292188 0.817187
0 0.750781 0.141943 0.075 0.0993164
0 0.477344 0.077832 0.121094 0.138672
0 0.136133 0.317578 0.0546875 0.0558594
0 0.916016 0.429102 0.0585938 0.0683594
0 0.431641 0.458203 0.0296875 0.0554687
0 0.66543 0.9 0.0746094 0.0890625
0 0.860938 0.0848145 0.278125 0.169629
0 0.926172 0.414453 0.0445313 0.053125
0 0.938281 0.440234 0.09375 0.0960938
0 0.763672 0.726953 0.0601563 0.103906
0 0.791406 0.686523 0.345313 0.511328
0 0.84375 0.541992 0.071875 0.0941406
0 0.139209 0.0961426 0.0581055 0.137012
0 0.841797 0.530273 0.313281 0.405078
0 0.131543 0.298926 0.0595703 0.0869141
0 0.30957 0.607227 0.0722656 0.0417969
0 0.861133 0.158594 0.277734 0.317188
0 0.91875 0.414258 0.034375 0.0441406
0 0.174951 0.169922 0.156738 0.283594
0 0.305664 0.10603 0.416016 0.181299
0 0.851562 0.212109 0.292188 0.424219
0 0.801367 0.25 0.183203 0.434375
0 0.761523 0.709766 0.0363281 0.0578125
0 0.926172 0.430273 0.0632813 0.0761719
0 0.774023 0.697266 0.0472656 0.0609375
0 0.30791 0.107397 0.225586 0.140674
0 0.773633 0.188232 0.121484 0.206348
0 0.802344 0.399805 0.090625 0.103516
0 0.824414 0.816406 0.351172 0.290625
0 0.78125 0.383203 0.154688 0.152344
0 0.243359 0.432422 0.317969 0.864844
0 0.724609 0.75625 0.174219 0.345313
0 0.430859 0.448242 0.0226563 0.0347656
0 0.77207 0.729492 0.0714844 0.120703
0 0.9375 0.419922 0.0625 0.0664062
0 0.35791 0.633203 0.17168 0.113281
0 0.769531 0.655469 0.457813 0.607813
0 0.860742 0.242969 0.278516 0.485938
0 0.861523 0.466211 0.276953 0.916016
0 0.458594 0.0817139 0.132031 0.145166
0 0.965625 0.437891 0.06875 0.142188
0 0.304883 0.0851563 0.226172 0.13457
0 0.830469 0.643164 0.339063 0.604297
0 0.791797 0.610352 0.402344 0.654297
0 0.761914 0.4125 0.127734 0.1125
0 0.483984 0.0358154 0.0398437 0.0508301
0 0.955469 0.12168 0.0890625 0.243359
0 0.953125 0.491602 0.09375 0.233984
0 0.761523 0.111035 0.0972656 0.17168
0 0.525391 0.128003 0.949219 0.25415
0 0.149219 0.445312 0.21875 0.890625
0 0.941016 0.439258 0.116406 0.127734
0 0.498437 0.0426147 0.059375 0.0655518
0 0.683984 0.892969 0.0820312 0.065625
0 0.322266 0.62207 0.0976562 0.0792969
0 0.971875 0.453516 0.05625 0.0742188
0 0.860352 0.205664 0.279297 0.411328
0 0.756641 0.724805 0.0507812 0.0800781
0 0.827734 0.548438 0.0507812 0.0703125
0 0.153906 0.0966797 0.0960938 0.148828
0 0.194971 0.266504 0.208105 0.499805
0 0.84668 0.45293 0.305078 0.594141
0 0.13125 0.317969 0.0455078 0.0492188
0 0.827344 0.543945 0.0296875 0.0433594
0 0.489648 0.0495239 0.0652344 0.0798584
0 0.144434 0.102759 0.0802734 0.129248
0 0.424023 0.449023 0.0316406 0.0378906
0 0.129785 0.310937 0.0451172 0.0542969
0 0.905078 0.520312 0.188281 0.235938
0 0.813672 0.294043 0.0617188 0.0884766
0 0.727539 0.894531 0.182422 0.210938
0 0.933984 0.114648 0.132031 0.229297
0 0.799414 0.830469 0.0761719 0.071875
0 0.85625 0.360156 0.146875 0.170313
0 0.321777 0.607813 0.0837891 0.046875
0 0.825195 0.760352 0.166797 0.204297
0 0.853125 0.084082 0.292188 0.168164
0 0.328711 0.655078 0.117578 0.14375
0 0.825391 0.746094 0.174219 0.192188
0 0.837891 0.338867 0.0601563 0.0847656
0 0.787695 0.830078 0.0589844 0.0664062
0 0.458594 0.103516 0.15 0.185938
0 0.757422 0.79707 0.232031 0.251172
0 0.174463 0.0827148 0.135059 0.156055
0 0.196094 0.17959 0.201563 0.34082
0 0.666016 0.888281 0.0617188 0.0671875
0 0.781641 0.763281 0.117969 0.190625
0 0.15293 0.0842041 0.0933594 0.150732
0 0.961719 0.416211 0.0765625 0.101172
0 0.673828 0.891797 0.0820312 0.0726563
0 0.771484 0.109082 0.107031 0.185742
0 0.174512 0.179736 0.161914 0.344434
0 0.284961 0.180371 0.375391 0.349023
0 0.73125 0.850781 0.184375 0.15625
0 0.828125 0.540234 0.040625 0.0546875
0 0.752344 0.132129 0.0671875 0.108789
0 0.972266 0.415527 0.0554687 0.10332
0 0.734766 0.819336 0.180469 0.216016
0 0.317578 0.606836 0.0738281 0.0417969
0 0.237109 0.18042 0.279687 0.344629
0 0.765234 0.704883 0.0445313 0.0636719
0 0.95625 0.432129 0.0875 0.142773
0 0.340137 0.187988 0.485352 0.37168
0 0.854688 0.231641 0.285938 0.463281
0 0.419727 0.467187 0.0511719 0.0695313
0 0.469434 0.113501 0.750195 0.224951
0 0.811328 0.356445 0.103906 0.178516
0 0.83125 0.535937 0.0328125 0.0515625
0 0.835938 0.532031 0.0453125 0.0585938
0 0.673828 0.902734 0.0867188 0.0976562
0 0.762695 0.109741 0.0933594 0.180908
0 0.770508 0.127466 0.104297 0.168896
0 0.664648 0.882422 0.0527344 0.0632813
0 0.173438 0.167676 0.149609 0.323242
0 0.852344 0.214453 0.290625 0.428906
0 0.958984 0.429688 0.0820312 0.117969
0 0.809766 0.341406 0.105469 0.184375
0 0.822266 0.654688 0.355469 0.6125
0 0.771094 0.796094 0.254688 0.253125
0 0.325977 0.60625 0.0640625 0.040625
0 0.760938 0.134619 0.0890625 0.130762
0 0.857617 0.105469 0.284766 0.210938
0 0.801562 0.764063 0.140625 0.20625
0 0.43877 0.176514 0.695898 0.352832
0 0.764258 0.7125 0.0511719 0.0703125
0 0.833984 0.539062 0.0492188 0.0617188
0 0.539062 0.153027 0.059375 0.0673828
0 0.951172 0.430078 0.0914062 0.101562
0 0.490234 0.04104 0.0554687 0.0641113
0 0.822852 0.673828 0.354297 0.585156
0 0.825781 0.358105 0.0921875 0.174414
0 0.917578 0.420312 0.0429688 0.0515625
0 0.771289 0.70332 0.0542969 0.0683594
0 0.925391 0.41875 0.0476562 0.0585938
0 0.177539 0.0981445 0.146875 0.177148
0 0.969531 0.43418 0.0609375 0.129297
0 0.764453 0.128125 0.0820312 0.104297
0 0.497266 0.0508667 0.0695313 0.0883057
0 0.13667 0.31748 0.0571289 0.0552734
0 0.132031 0.296387 0.0609375 0.0955078
0 0.853711 0.104102 0.281641 0.208203
0 0.952734 0.416602 0.0835937 0.0847656
0 0.427539 0.0814697 0.206641 0.161279
0 0.906641 0.502344 0.186719 0.238281
0 0.859766 0.239453 0.280469 0.478906
0 0.430859 0.466211 0.0328125 0.0699219
0 0.837891 0.337695 0.0585938 0.0824219
0 0.825781 0.536914 0.034375 0.0488281
0 0.346387 0.176123 0.490039 0.346973
0 0.742578 0.130908 0.0523438 0.0936523
0 0.956641 0.40625 0.0867188 0.173438
0 0.491016 0.0333984 0.0507812 0.0578125
0 0.131641 0.317773 0.0466797 0.0507812
0 0.858984 0.0917969 0.282031 0.183594
0 0.954297 0.453711 0.0914062 0.177734
0 0.139502 0.0963623 0.0614258 0.143994
0 0.138037 0.308496 0.0614258 0.0611328
0 0.477148 0.0760498 0.119141 0.146338
0 0.406641 0.0824219 0.257031 0.164062
0 0.957031 0.909375 0.0859375 0.179688
0 0.459961 0.0800049 0.131641 0.154443
0 0.873828 0.416504 0.252344 0.529492
0 0.497852 0.0414307 0.0613281 0.0683106
0 0.330762 0.0842041 0.16582 0.163037
0 0.304785 0.0949707 0.40918 0.183496
0 0.673438 0.883203 0.0804688 0.0664062
0 0.769922 0.164062 0.107031 0.186328
0 0.760742 0.140723 0.0925781 0.116992
0 0.813086 0.226953 0.198828 0.453906
0 0.827734 0.310547 0.0773438 0.127734
0 0.825391 0.341992 0.0914062 0.183984
0 0.915625 0.427734 0.059375 0.065625
0 0.824219 0.369629 0.0765625 0.144336
0 0.957031 0.882812 0.0859375 0.175
0 0.310937 0.0848877 0.200781 0.162842
0 0.935156 0.495703 0.129688 0.261719
0 0.806641 0.645606 0.372656 0.602539
0 0.713086 0.857813 0.151953 0.142188
0 0.826953 0.347949 0.0617188 0.0978516
0 0.749414 0.141504 0.0761719 0.108789
0 0.469434 0.0865723 0.748633 0.173145
0 0.425 0.457422 0.0335938 0.0523438
0 0.132031 0.104639 0.0539063 0.122168
0 0.858984 0.210156 0.282031 0.420312
0 0.548242 0.150684 0.0691406 0.0830078
0 0.9375 0.418945 0.065625 0.0652344
0 0.343164 0.0969727 0.488672 0.191992
0 0.779297 0.780273 0.132031 0.217578
0 0.414453 0.829297 0.0578125 0.0632813
0 0.33418 0.103955 0.160547 0.156152
0 0.850391 0.156055 0.280469 0.312109
0 0.48418 0.0345703 0.0394531 0.0541016
0 0.858594 0.434375 0.282813 0.86875
0 0.196973 0.0966064 0.18418 0.190381
0 0.828516 0.621582 0.342969 0.656836
0 0.848437 0.325391 0.05625 0.078125
0 0.769141 0.700195 0.0367188 0.0589844
0 0.975781 0.400195 0.0484375 0.0839844
0 0.841406 0.329102 0.0484375 0.0667969
0 0.956641 0.118164 0.0867188 0.236328
0 0.429883 0.851953 0.100391 0.108594
0 0.804492 0.113477 0.181641 0.226953
0 0.836328 0.355273 0.0664062 0.120703
0 0.855078 0.0929688 0.286719 0.185938
0 0.816797 0.311426 0.0789063 0.128711
0 0.812891 0.293457 0.0601563 0.0849609
0 0.657617 0.883203 0.0394531 0.0585938
0 0.876563 0.50459 0.246875 0.479883
0 0.313965 0.10481 0.17832 0.154443
0 0.794922 0.591895 0.391406 0.716211
0 0.28999 0.175342 0.373926 0.33877
0 0.858008 0.335938 0.283984 0.671875
0 0.85 0.264355 0.285938 0.525195
0 0.938672 0.43125 0.0835937 0.0859375
0 0.85918 0.159375 0.281641 0.31875
0 0.917578 0.413672 0.0367188 0.0484375
0 0.424316 0.0996094 0.220898 0.184766
0 0.141064 0.292676 0.0776367 0.107227
0 0.24165 0.0931885 0.275293 0.183545
0 0.985938 0.0261719 0.028125 0.0523438
0 0.720898 0.80332 0.223828 0.263672
0 0.982813 0.0341797 0.034375 0.0683594
0 0.175342 0.10354 0.153223 0.204248
0 0.935156 0.111719 0.129688 0.223438
0 0.489844 0.0484985 0.0640625 0.0817139
0 0.132227 0.0986572 0.0535156 0.134521
0 0.838672 0.51543 0.321094 0.647266
0 0.796094 0.218359 0.207813 0.436719
0 0.951563 0.439648 0.09375 0.103516
0 0.415625 0.840234 0.0703125 0.0789063
0 0.251074 0.0844238 0.258008 0.168848
0 0.863672 0.460742 0.272656 0.912891
0 0.910547 0.421289 0.0429688 0.0496094
0 0.940234 0.437402 0.117969 0.143945
0 0.845313 0.52832 0.06875 0.0691406
0 0.431445 0.456445 0.0285156 0.0519531
0 0.80332 0.246387 0.183984 0.420508
0 0.543359 0.145313 0.0460938 0.0574219
0 0.522461 0.11875 0.953516 0.2375
0 0.466113 0.207813 0.750586 0.415625
0 0.533789 0.0820312 0.199609 0.162305
0 0.955078 0.507422 0.0898438 0.285938
0 0.550781 0.141992 0.0539063 0.0675781
0 0.773828 0.69668 0.0460938 0.0621094
0 0.788867 0.166406 0.147266 0.332813
0 0.803906 0.670898 0.342187 0.530078
0 0.951172 0.900781 0.0914062 0.0953125
0 0.924219 0.4125 0.05625 0.0648438
0 0.475391 0.0605469 0.110937 0.116406
0 0.357715 0.102734 0.118945 0.149219
0 0.761133 0.709375 0.0339844 0.0554687
0 0.130762 0.309766 0.0476562 0.0597656
0 0.925391 0.428711 0.0648438 0.0738281
0 0.789258 0.356152 0.132422 0.183008
0 0.291309 0.0854248 0.210352 0.165869
0 0.613867 0.102295 0.0558594 0.0786133
0 0.826563 0.543555 0.0296875 0.0425781
0 0.495313 0.0283691 0.0554687 0.0567383
0 0.907422 0.429297 0.0617188 0.059375
0 0.323828 0.631641 0.0992187 0.0984375
0 0.288574 0.105444 0.158008 0.156299
0 0.81582 0.217383 0.204297 0.434766
0 0.685547 0.900391 0.0929688 0.0929688
0 0.714844 0.1104 0.221875 0.183105
0 0.849219 0.430469 0.290625 0.860938
0 0.844531 0.5375 0.075 0.0921875
0 0.807031 0.107715 0.185938 0.21543
0 0.325098 0.612891 0.0779297 0.0570313
0 0.987109 0.0198242 0.0257812 0.0396484
0 0.449219 0.852734 0.135156 0.103906
0 0.84375 0.527539 0.0546875 0.0738281
0 0.533984 0.0619141 0.174219 0.123828
0 0.75918 0.718164 0.0363281 0.0566406
0 0.846094 0.339844 0.0671875 0.115625
0 0.482617 0.0405884 0.0464844 0.0578857
0 0.497656 0.0668457 0.0710938 0.115918
0 0.832422 0.343848 0.0414063 0.0587891
0 0.512109 0.0767334 0.135937 0.148096
0 0.498437 0.0329102 0.0570313 0.0595703
0 0.536328 0.163525 0.0757812 0.0995117
0 0.358105 0.0829834 0.118164 0.160791
0 0.967188 0.40293 0.065625 0.0800781
0 0.533008 0.273047 0.0261719 0.0390625
0 0.137695 0.324316 0.0648438 0.0677734
0 0.783984 0.653613 0.328906 0.583398
0 0.790625 0.0710815 0.0640625 0.0961182
0 0.553711 0.0613281 0.166797 0.122656
0 0.823047 0.832031 0.353906 0.289062
0 0.316113 0.613281 0.0794922 0.05625
0 0.757227 0.800391 0.163672 0.236719
0 0.8125 0.380566 0.0921875 0.136523
0 0.804102 0.106641 0.176172 0.195703
0 0.800781 0.750391 0.135937 0.202344
0 0.152734 0.2375 0.121484 0.216406
0 0.282617 0.498437 0.0257812 0.0453125
0 0.774219 0.597949 0.379688 0.705664
0 0.846484 0.320898 0.0367188 0.0609375
0 0.771875 0.713477 0.065625 0.0878906
0 0.858594 0.465234 0.282813 0.928906
0 0.430664 0.448047 0.0222656 0.0351562
0 0.976953 0.465039 0.0460938 0.0652344
0 0.177539 0.169043 0.164453 0.293555
0 0.229639 0.175 0.259473 0.335938
0 0.824609 0.381934 0.0882813 0.14082
0 0.201758 0.22627 0.211328 0.441992
0 0.294824 0.411719 0.42207 0.823438
0 0.951563 0.890234 0.0921875 0.105469
0 0.823438 0.763281 0.353125 0.357812
0 0.138721 0.104468 0.0635742 0.134424
0 0.757227 0.776172 0.229297 0.289844
0 0.280469 0.505078 0.0335938 0.0554687
0 0.935156 0.505664 0.129688 0.253516
0 0.747461 0.137354 0.0847656 0.146777
0 0.813672 0.369434 0.0664062 0.137695
0 0.807227 0.0947266 0.179297 0.189453
0 0.80957 0.316504 0.104297 0.191992
0 0.991016 0.0192383 0.0179687 0.0384766
0 0.958984 0.898047 0.0820312 0.107031
0 0.529492 0.155957 0.0511719 0.0572266
0 0.144482 0.31709 0.0688477 0.0595703
0 0.77168 0.099707 0.106641 0.191992
0 0.192383 0.170947 0.184766 0.327637
0 0.805469 0.280957 0.0453125 0.0521484
0 0.825586 0.743359 0.176953 0.214844
0 0.893359 0.597852 0.174219 0.222266
0 0.868555 0.675293 0.262891 0.607227
0 0.503711 0.0604248 0.104297 0.118994
0 0.967188 0.435156 0.065625 0.15
0 0.459375 0.0640137 0.125 0.123926
0 0.358203 0.130493 0.138281 0.16167
0 0.802539 0.22793 0.202734 0.448828
0 0.661914 0.11543 0.676172 0.230859
0 0.804688 0.159668 0.178125 0.319336
0 0.812891 0.27998 0.0476562 0.0564453
0 0.728516 0.799609 0.178906 0.249219
0 0.407031 0.821484 0.0375 0.0492188
0 0.666211 0.899219 0.0769531 0.0890625
0 0.741406 0.140039 0.05 0.0914062
0 0.810742 0.382617 0.101953 0.133203
0 0.84375 0.476953 0.310937 0.792969
0 0.787891 0.480078 0.405469 0.771094
0 0.967969 0.911719 0.0640625 0.176563
0 0.959375 0.8875 0.08125 0.109375
0 0.301904 0.0820923 0.402441 0.160229
0 0.825391 0.801953 0.349219 0.272656
0 0.913672 0.438672 0.0773438 0.0921875
0 0.657813 0.888281 0.0460938 0.059375
0 0.89375 0.0680176 0.2125 0.136035
0 0.764063 0.703516 0.265625 0.450781
0 0.910937 0.569141 0.065625 0.0757812
0 0.397363 0.082373 0.217773 0.163379
0 0.407227 0.827734 0.0457031 0.0617188
0 0.955859 0.392676 0.0882813 0.188867
0 0.804492 0.428125 0.197266 0.85625
0 0.938281 0.902734 0.08125 0.0820312
0 0.875586 0.65332 0.248828 0.635547
0 0.549609 0.163965 0.0882813 0.108008
0 0.423438 0.840234 0.0796875 0.0757812
0 0.555859 0.0875977 0.172656 0.175195
0 0.939063 0.456836 0.121875 0.174609
0 0.967578 0.890625 0.0648438 0.184375
0 0.75957 0.149316 0.0886719 0.129883
0 0.424023 0.448633 0.0308594 0.0378906
0 0.136035 0.25752 0.0935547 0.174805
0 0.789844 0.34082 0.134375 0.185547
0 0.581055 0.119141 0.837891 0.238281
0 0.152246 0.254346 0.121289 0.184277
0 0.953906 0.491406 0.0921875 0.260156
0 0.505664 0.0259277 0.0722656 0.0518555
0 0.125439 0.317188 0.0288086 0.04375
0 0.934766 0.0918945 0.130469 0.183789
0 0.982422 0.615625 0.0351562 0.11875
0 0.4875 0.0307129 0.0484375 0.0614258
0 0.95625 0.925781 0.0875 0.148438
0 0.780859 0.774805 0.274219 0.305078
0 0.310449 0.606836 0.0650391 0.0402344
0 0.861328 0.053418 0.277344 0.106836
0 0.783594 0.111572 0.034375 0.0428711
0 0.975391 0.913672 0.0492188 0.110156
0 0.986328 0.0262695 0.0273438 0.0525391
0 0.142676 0.0865723 0.0740234 0.152246
0 0.506641 0.0517334 0.0804688 0.101611
0 0.729102 0.857422 0.177734 0.136719
0 0.417969 0.469336 0.0546875 0.0652344
0 0.765625 0.707031 0.0453125 0.0617188
0 0.828125 0.541992 0.0359375 0.0496094
0 0.763867 0.714258 0.0488281 0.0652344
0 0.735742 0.79707 0.187891 0.246484
0 0.720898 0.799219 0.158203 0.24375
0 0.152637 0.0847412 0.0845703 0.136963
0 0.674414 0.891406 0.0808594 0.0640625
0 0.43125 0.468555 0.0304688 0.0652344
0 0.140967 0.0941162 0.0624023 0.132471
0 0.173242 0.0825684 0.124609 0.148926
0 0.666016 0.888672 0.0601563 0.0601563
0 0.963672 0.416895 0.0726563 0.0896484
0 0.974219 0.41377 0.0515625 0.0904297
0 0.822461 0.362012 0.0957031 0.139258
0 0.664844 0.883203 0.0523438 0.0585938
0 0.8125 0.361426 0.101562 0.149805
0 0.75625 0.132812 0.071875 0.0914062
0 0.825 0.537695 0.034375 0.0472656
0 0.787109 0.242676 0.146094 0.391211
0 0.794531 0.231641 0.157813 0.408594
0 0.717773 0.415625 0.0285156 0.065625
0 0.197021 0.185254 0.200098 0.347461
0 0.830469 0.536719 0.0328125 0.0507812
0 0.835938 0.533594 0.0453125 0.05625
0 0.673633 0.883594 0.0785156 0.059375
0 0.759961 0.136963 0.0863281 0.102246
0 0.771484 0.705078 0.0539063 0.0664062
0 0.231201 0.185742 0.265332 0.351953
0 0.423047 0.459375 0.0398437 0.0546875
0 0.971484 0.428418 0.0570313 0.111133
0 0.133887 0.0965576 0.0541016 0.115674
0 0.782031 0.761719 0.096875 0.171875
0 0.811719 0.34043 0.101562 0.172266
0 0.730859 0.818359 0.171094 0.208594
0 0.834375 0.540039 0.0453125 0.0582031
0 0.771484 0.143799 0.0992187 0.109277
0 0.657617 0.883594 0.0402344 0.0546875
0 0.74375 0.130811 0.0507812 0.081543
0 0.773242 0.10874 0.108203 0.177051
0 0.139355 0.101172 0.0603516 0.119141
0 0.793555 0.25918 0.155078 0.355078
0 0.170703 0.187598 0.153125 0.355273
0 0.132471 0.103955 0.049707 0.102637
0 0.716406 0.40918 0.0273438 0.0613281
0 0.824219 0.341406 0.09375 0.171875
0 0.734961 0.544922 0.0347656 0.0507812
0 0.838672 0.3375 0.0585938 0.0867188
0 0.856836 0.230859 0.286328 0.461719
0 0.827344 0.350977 0.0640625 0.101953
0 0.824609 0.36875 0.0820312 0.135156
0 0.761328 0.711328 0.0367188 0.0554687
0 0.762109 0.138672 0.0898438 0.104688
0 0.844336 0.219434 0.266016 0.438477
0 0.712109 0.405273 0.0242188 0.0496094
0 0.770312 0.166895 0.103125 0.150195
0 0.129541 0.300098 0.0598633 0.0841797
0 0.75918 0.719727 0.0347656 0.0535156
0 0.772266 0.796289 0.258594 0.251172
0 0.171582 0.159521 0.143945 0.30127
0 0.198828 0.0982422 0.183594 0.188672
0 0.752344 0.139941 0.06875 0.0958984
0 0.195898 0.158545 0.185547 0.297754
0 0.712109 0.862109 0.146094 0.124219
0 0.266504 0.339551 0.0529297 0.0724609
0 0.920313 0.419727 0.0375 0.0441406
0 0.825781 0.544141 0.028125 0.0414063
0 0.961328 0.432813 0.0773438 0.123438
0 0.927734 0.420508 0.0398437 0.0503906
0 0.77168 0.712695 0.0628906 0.0753906
0 0.491602 0.0332642 0.0519531 0.0545654
0 0.73418 0.554102 0.0316406 0.0457031
0 0.141406 0.0827637 0.0632813 0.136035
0 0.712695 0.415039 0.0277344 0.0628906
0 0.431641 0.457422 0.0273438 0.05
0 0.759375 0.149707 0.084375 0.114258
0 0.900781 0.583008 0.0375 0.0527344
0 0.130225 0.317773 0.0411133 0.0472656
0 0.143701 0.0872803 0.0739258 0.141846
0 0.821289 0.679297 0.357422 0.594531
0 0.772852 0.383691 0.0292969 0.0388672
0 0.860352 0.679199 0.279297 0.613477
0 0.667578 0.877344 0.0585938 0.06875
0 0.225391 0.16167 0.248047 0.306348
0 0.280566 0.50625 0.0314453 0.0507812
0 0.907031 0.502148 0.185938 0.233984
0 0.777344 0.38252 0.0296875 0.0419922
0 0.837891 0.354785 0.0648438 0.117773
0 0.7625 0.110278 0.090625 0.168506
0 0.281348 0.188184 0.366211 0.362695
0 0.124854 0.31709 0.027832 0.0423828
0 0.540234 0.15498 0.0570313 0.0669922
0 0.769141 0.701172 0.0382813 0.0570313
0 0.842188 0.328906 0.0484375 0.0671875
0 0.913281 0.572656 0.0640625 0.0640625
0 0.689063 0.892188 0.0976562 0.0625
0 0.738672 0.542188 0.0421875 0.0585938
0 0.23252 0.0934326 0.251367 0.174072
0 0.774609 0.698828 0.0460938 0.0554687
0 0.959375 0.124609 0.08125 0.249219
0 0.738086 0.553516 0.0410156 0.0632813
0 0.960156 0.429102 0.0796875 0.107422
0 0.674805 0.901953 0.0863281 0.0914062
0 0.849609 0.326172 0.0507812 0.0734375
0 0.137256 0.30957 0.0604492 0.0570313
0 0.135303 0.317578 0.0518555 0.053125
0 0.282031 0.499023 0.0261719 0.0441406
0 0.959375 0.455762 0.08125 0.16582
0 0.121045 0.310254 0.0288086 0.0529297
0 0.780859 0.559766 0.121094 0.101562
0 0.432031 0.483984 0.0273438 0.0429688
0 0.179199 0.098999 0.139648 0.162939
0 0.128223 0.310742 0.0414063 0.0554687
0 0.734375 0.536328 0.040625 0.0507812
0 0.720703 0.760352 0.155469 0.326172
0 0.815625 0.369238 0.075 0.116211
0 0.300439 0.0938232 0.397559 0.170557
0 0.49668 0.0275635 0.0621094 0.055127
0 0.718945 0.432031 0.0261719 0.04375
0 0.778711 0.374023 0.0300781 0.0519531
0 0.785156 0.821875 0.0359375 0.053125
0 0.78457 0.381836 0.0527344 0.0488281
0 0.74043 0.141162 0.0433594 0.0782227
0 0.740625 0.53457 0.040625 0.0542969
0 0.958594 0.910547 0.0828125 0.178906
0 0.766992 0.129199 0.0816406 0.0847656
0 0.848047 0.341211 0.0617188 0.113672
0 0.484766 0.0343994 0.040625 0.0522949
0 0.797852 0.388574 0.0746094 0.0587891
0 0.967969 0.912109 0.0640625 0.175781
0 0.791211 0.361426 0.120703 0.163867
0 0.533398 0.272559 0.0269531 0.0388672
0 0.279004 0.163672 0.349805 0.3125
0 0.550195 0.153223 0.0597656 0.0771484
0 0.406836 0.821484 0.0347656 0.0445313
0 0.757031 0.724805 0.04375 0.0605469
0 0.848047 0.529297 0.0742188 0.0679687
0 0.806445 0.764258 0.138672 0.193359
0 0.916797 0.428906 0.0554687 0.0609375
0 0.788086 0.271582 0.156641 0.341211
0 0.775977 0.757227 0.266797 0.340234
0 0.709961 0.444922 0.0269531 0.0398437
0 0.966016 0.437793 0.0679687 0.136133
0 0.265723 0.356934 0.0544922 0.0517578
0 0.844141 0.538477 0.0710938 0.0816406
0 0.939063 0.420117 0.053125 0.0605469
0 0.498633 0.0328979 0.0582031 0.0556885
0 0.960156 0.508398 0.0796875 0.270703
0 0.798438 0.399707 0.0703125 0.0630859
0 0.897656 0.58457 0.0296875 0.0464844
0 0.811328 0.379785 0.102344 0.119336
0 0.422852 0.448633 0.0316406 0.0355469
0 0.71875 0.441211 0.025 0.0371094
0 0.430664 0.447852 0.0222656 0.0324219
0 0.782422 0.112256 0.0273438 0.0375977
0 0.261426 0.344531 0.0431641 0.0765625
0 0.725977 0.545703 0.0542969 0.0625
0 0.49082 0.0408813 0.0527344 0.0598389
0 0.404687 0.460742 0.0546875 0.0605469
0 0.954297 0.418945 0.0726563 0.0753906
0 0.783789 0.830859 0.0433594 0.0570313
0 0.917578 0.413281 0.0289063 0.0414063
0 0.728906 0.877344 0.18125 0.170313
0 0.912109 0.420898 0.0445313 0.0472656
0 0.909375 0.580664 0.0578125 0.0597656
0 0.970703 0.125879 0.0585938 0.251758
0 0.985938 0.0261719 0.028125 0.0523438
0 0.7625 0.760742 0.0921875 0.166016
0 0.77168 0.374902 0.0300781 0.0455078
0 0.456055 0.394043 0.0253906 0.0431641
0 0.403125 0.821094 0.0320312 0.0453125
0 0.927344 0.413477 0.034375 0.0527344
0 0.778125 0.823438 0.0484375 0.0640625
0 0.455859 0.384961 0.0257812 0.0488281
0 0.173779 0.105859 0.146191 0.210547
0 0.827734 0.547461 0.0429688 0.0597656
0 0.771875 0.188281 0.1125 0.195312
0 0.446875 0.370703 0.0335938 0.065625
0 0.962891 0.139258 0.0742188 0.278516
0 0.960938 0.4125 0.078125 0.138281
0 0.413867 0.827734 0.0519531 0.0570313
0 0.788867 0.368848 0.0675781 0.0654297
0 0.507031 0.0240479 0.078125 0.047998
0 0.821875 0.357031 0.05 0.0882813
0 0.953125 0.429688 0.0828125 0.0890625
0 0.789453 0.830469 0.0460938 0.0609375
0 0.798242 0.746094 0.120703 0.195312
0 0.679102 0.874219 0.0941406 0.0828125
0 0.792188 0.339648 0.125 0.176172
0 0.774023 0.111279 0.0394531 0.0413086
0 0.783203 0.116553 0.0304688 0.0416992
0 0.713086 0.432422 0.0292969 0.0476562
0 0.822266 0.650293 0.355469 0.641602
0 0.542578 0.269922 0.03125 0.0429688
0 0.772656 0.833203 0.06875 0.0664062
0 0.791016 0.822656 0.0382813 0.05625
0 0.746094 0.244531 0.0265625 0.040625
0 0.489453 0.0302246 0.0539063 0.0604492
0 0.788477 0.118213 0.0355469 0.0487305
0 0.958203 0.885547 0.0835937 0.177344
0 0.710938 0.397852 0.0257812 0.0449219
0 0.739844 0.765625 0.189063 0.304688
0 0.64707 0.567969 0.0261719 0.0421875
0 0.171631 0.0759766 0.12002 0.151953
0 0.972266 0.138477 0.0554687 0.276953
0 0.847656 0.320312 0.0328125 0.0539063
0 0.434375 0.467578 0.040625 0.06875
0 0.687305 0.9 0.0949219 0.078125
0 0.748047 0.140039 0.0757812 0.126172
0 0.773828 0.0987061 0.110156 0.190869
0 0.285254 0.49668 0.0318359 0.0511719
0 0.888281 0.59707 0.15625 0.190234
0 0.984375 0.0347168 0.03125 0.0694336
0 0.780078 0.221924 0.132031 0.414746
0 0.71543 0.397949 0.0246094 0.0494141
0 0.392969 0.456055 0.021875 0.0394531
0 0.813867 0.381641 0.0972656 0.115625
0 0.480273 0.0741699 0.110547 0.130176
0 0.833984 0.532422 0.0429688 0.0648438
0 0.463867 0.117676 0.744141 0.234961
0 0.821875 0.746094 0.35625 0.43125
0 0.691016 0.884375 0.105469 0.0625
0 0.833594 0.344336 0.0390625 0.0554687
0 0.805859 0.281836 0.0429688 0.05
0 0.745508 0.39668 0.0886719 0.0652344
0 0.330078 0.606055 0.0503906 0.0386719
0 0.666602 0.878906 0.0816406 0.103125
0 0.78418 0.705469 0.0722656 0.0648438
0 0.967188 0.416016 0.065625 0.138281
0 0.659961 0.878125 0.0457031 0.0625
0 0.836133 0.246289 0.252734 0.401172
0 0.524805 0.466992 0.0558594 0.0761719
0 0.9375 0.498047 0.125 0.248438
0 0.966797 0.89375 0.0664062 0.190625
0 0.657813 0.888281 0.0460938 0.0546875
0 0.829688 0.31084 0.078125 0.120898
0 0.791016 0.111768 0.0273438 0.0375977
0 0.814063 0.281152 0.04375 0.0513672
0 0.407227 0.826563 0.0433594 0.05625
0 0.233887 0.236816 0.273242 0.469336
0 0.905469 0.577539 0.0375 0.0558594
0 0.518359 0.370801 0.0546875 0.0591797
0 0.14751 0.0799072 0.0725586 0.141943
0 0.845703 0.528125 0.0632813 0.0765625
0 0.497656 0.0416138 0.0578125 0.0642334
0 0.9875 0.0192139 0.025 0.0384277
0 0.746875 0.54043 0.053125 0.0636719
0 0.762891 0.706836 0.0460938 0.0699219
0 0.130176 0.121777 0.0361328 0.0625
0 0.120215 0.301172 0.0431641 0.0765625
0 0.721289 0.407617 0.0394531 0.0667969
0 0.534766 0.356934 0.0289063 0.0384766
0 0.973828 0.511914 0.0523438 0.278516
0 0.319336 0.606445 0.06875 0.0394531
0 0.800195 0.83125 0.0730469 0.0703125
0 0.777734 0.388477 0.0351562 0.0449219
0 0.498047 0.0502441 0.0601563 0.0760742
0 0.780664 0.257129 0.137109 0.28418
0 0.73457 0.132568 0.0308594 0.0666992
0 0.926562 0.581055 0.096875 0.0699219
0 0.72168 0.39707 0.0441406 0.0613281
0 0.975 0.45625 0.05 0.0632813
0 0.756641 0.410449 0.113281 0.0884766
0 0.324512 0.129395 0.0302734 0.0416016
0 0.764258 0.721094 0.0558594 0.0828125
0 0.739453 0.821094 0.199219 0.214062
0 0.653711 0.883203 0.0324219 0.0523438
0 0.747461 0.160205 0.0738281 0.140918
0 0.784375 0.713281 0.0796875 0.0867188
0 0.8375 0.33457 0.0375 0.0585938
0 0.719922 0.415039 0.0421875 0.0675781
0 0.759766 0.176807 0.0882813 0.165137
0 0.692383 0.797656 0.188672 0.254688
0 0.967969 0.928906 0.0640625 0.142188
0 0.774219 0.826172 0.270313 0.219531
0 0.738672 0.406934 0.0742188 0.0697266
0 0.965625 0.473242 0.06875 0.196484
0 0.60625 0.620898 0.0226563 0.0472656
0 0.283203 0.135986 0.117969 0.135059
0 0.782227 0.742578 0.0886719 0.158594
0 0.198877 0.258887 0.206152 0.515039
0 0.483008 0.0403809 0.0449219 0.0540039
0 0.733008 0.173047 0.0261719 0.0433594
0 0.792383 0.0667969 0.0589844 0.0779297
0 0.449023 0.383398 0.0300781 0.0519531
0 0.977734 0.466406 0.0445313 0.0609375
0 0.552734 0.144287 0.0453125 0.0633789
0 0.284375 0.503906 0.0394531 0.059375
0 0.205566 0.0818604 0.198242 0.162451
0 0.752148 0.244922 0.0347656 0.046875
0 0.142676 0.298047 0.0818359 0.09375
0 0.884766 0.505273 0.146094 0.220703
0 0.991406 0.0185059 0.0171875 0.0370117
0 0.783203 0.364551 0.0460938 0.0802734
0 0.730273 0.858594 0.180078 0.134375
0 0.71875 0.79375 0.1625 0.25
0 0.962891 0.418652 0.0742188 0.0931641
0 0.152588 0.0863281 0.0870117 0.142188
0 0.416016 0.469922 0.059375 0.06875
0 0.784961 0.22832 0.148828 0.423828
0 0.76582 0.706641 0.0511719 0.0671875
0 0.175 0.0837646 0.129297 0.150049
0 0.737109 0.794922 0.196094 0.244531
0 0.820703 0.362695 0.100781 0.144922
0 0.718359 0.861719 0.160156 0.123438
0 0.430078 0.469531 0.034375 0.0679687
0 0.973437 0.415918 0.053125 0.0947266
0 0.765039 0.712891 0.0558594 0.0757812
0 0.165771 0.18125 0.14502 0.351562
0 0.828125 0.54082 0.04375 0.0558594
0 0.772461 0.110303 0.109766 0.180176
0 0.674805 0.884375 0.0816406 0.0578125
0 0.794141 0.219531 0.160156 0.439063
0 0.734961 0.822656 0.178516 0.203125
0 0.960938 0.432227 0.078125 0.119922
0 0.419141 0.460547 0.0492188 0.0601563
0 0.140234 0.0937744 0.0642578 0.134717
0 0.757422 0.134619 0.0773438 0.0983398
0 0.665625 0.883594 0.05625 0.0578125
0 0.674414 0.890625 0.0808594 0.059375
0 0.822266 0.67832 0.355469 0.593359
0 0.132812 0.0974365 0.0597656 0.11958
0 0.846094 0.222461 0.273438 0.444922
0 0.85625 0.235938 0.2875 0.471875
0 0.811719 0.340723 0.104688 0.176367
0 0.774414 0.793164 0.263672 0.249609
0 0.167334 0.158398 0.137988 0.310547
0 0.837109 0.532422 0.0507812 0.0625
0 0.82168 0.341797 0.100391 0.177344
0 0.233984 0.181836 0.275 0.351953
0 0.773828 0.705273 0.0632813 0.0714844
0 0.812695 0.362695 0.102734 0.150391
0 0.717969 0.417188 0.0296875 0.0640625
0 0.771094 0.145654 0.103125 0.143848
0 0.820312 0.660449 0.359375 0.611914
0 0.830078 0.536133 0.0398437 0.0558594
0 0.839844 0.679883 0.320312 0.608984
0 0.318359 0.60625 0.0753906 0.040625
0 0.192188 0.181494 0.194922 0.345605
0 0.969922 0.42832 0.0601563 0.111328
0 0.834766 0.540039 0.0507812 0.0613281
0 0.744141 0.132666 0.0570313 0.087793
0 0.959375 0.511523 0.08125 0.280078
0 0.806445 0.744531 0.143359 0.210938
0 0.139307 0.102246 0.062793 0.12207
0 0.66582 0.888281 0.0613281 0.0578125
0 0.825 0.537109 0.0375 0.053125
0 0.90625 0.50625 0.1875 0.242188
0 0.960938 0.415039 0.078125 0.127734
0 0.956641 0.122461 0.0867188 0.244922
0 0.791992 0.252344 0.156641 0.374219
0 0.958594 0.456641 0.0828125 0.167969
0 0.130859 0.3 0.0666016 0.0855469
0 0.965625 0.437109 0.06875 0.133594
0 0.760547 0.137842 0.0867188 0.113379
0 0.283691 0.183398 0.376367 0.364453
0 0.827344 0.354004 0.08125 0.131055
0 0.132227 0.104541 0.0554687 0.106543
0 0.762305 0.139844 0.0941406 0.112109
0 0.43125 0.458398 0.0296875 0.0527344
0 0.525586 0.466406 0.0621094 0.0875
0 0.32793 0.605469 0.0605469 0.040625
0 0.837891 0.338574 0.0742188 0.107227
0 0.770117 0.174707 0.105078 0.18418
0 0.75332 0.141406 0.0730469 0.104688
0 0.927734 0.419727 0.0445313 0.0566406
0 0.788477 0.339355 0.140234 0.181445
0 0.517969 0.370996 0.0625 0.0681641
0 0.716211 0.409961 0.0300781 0.0667969
0 0.266992 0.34082 0.0554687 0.0730469
0 0.735352 0.543945 0.0355469 0.0535156
0 0.919922 0.419336 0.0414063 0.0488281
0 0.406836 0.461133 0.0613281 0.0636719
0 0.738672 0.553516 0.0429688 0.0664062
0 0.77793 0.760156 0.272266 0.329688
0 0.693359 0.891797 0.108594 0.0554687
0 0.734766 0.553906 0.0328125 0.0492188
0 0.763477 0.110693 0.0933594 0.175879
0 0.773438 0.712695 0.071875 0.0917969
0 0.785352 0.269727 0.157422 0.348828
0 0.300098 0.0895996 0.399805 0.170605
0 0.953125 0.429883 0.090625 0.0917969
0 0.712891 0.41543 0.0304688 0.0644531
0 0.785937 0.762109 0.120313 0.194531
0 0.225391 0.16499 0.252344 0.312988
0 0.716992 0.759961 0.151953 0.320703
0 0.822852 0.740625 0.354297 0.426563
0 0.711914 0.40625 0.0277344 0.0546875
0 0.538867 0.155078 0.0628906 0.0699219
0 0.958984 0.428516 0.0820312 0.10625
0 0.139258 0.30918 0.0667969 0.059375
0 0.533789 0.271875 0.0316406 0.0433594
0 0.192334 0.0920898 0.171582 0.18418
0 0.693164 0.885156 0.115234 0.0609375
0 0.789062 0.312793 0.146875 0.206445
0 0.760156 0.158301 0.0859375 0.14043
0 0.266406 0.357227 0.0574219 0.0558594
0 0.738867 0.541992 0.0433594 0.0605469
0 0.788867 0.361914 0.133203 0.165234
0 0.758594 0.719141 0.0421875 0.059375
0 0.740039 0.533789 0.0425781 0.0582031
0 0.967188 0.417969 0.065625 0.129688
0 0.144336 0.299609 0.0890625 0.0921875
0 0.73418 0.535156 0.0417969 0.0539063
0 0.760938 0.710352 0.0421875 0.0628906
0 0.657813 0.883984 0.04375 0.0554687
0 0.192383 0.16167 0.180859 0.304004
0 0.719531 0.433984 0.0257812 0.0390625
0 0.825391 0.368359 0.0992187 0.139844
0 0.825781 0.543359 0.03125 0.0460938
0 0.719531 0.440234 0.025 0.0359375
0 0.710742 0.444531 0.0300781 0.0414063
0 0.973047 0.509961 0.0539063 0.289453
0 0.928125 0.413281 0.040625 0.0523438
0 0.277686 0.164844 0.35166 0.317969
0 0.917969 0.412109 0.03125 0.04375
0 0.955469 0.419531 0.0796875 0.08125
0 0.45625 0.394141 0.0257812 0.04375
0 0.517773 0.46875 0.0597656 0.0765625
0 0.432031 0.484375 0.0289063 0.04375
0 0.306836 0.085376 0.236328 0.157568
0 0.294775 0.0799439 0.383887 0.155151
0 0.801172 0.402246 0.0804688 0.0712891
0 0.667969 0.877734 0.0632813 0.0710938
0 0.961328 0.139063 0.0773438 0.278125
0 0.520508 0.27373 0.0433594 0.0455078
0 0.841016 0.328906 0.0601563 0.0742188
0 0.782422 0.560938 0.128906 0.111719
0 0.40332 0.819531 0.0324219 0.0453125
0 0.776758 0.340234 0.162109 0.185156
0 0.76875 0.700391 0.0453125 0.0632813
0 0.786914 0.382031 0.0636719 0.0507812
0 0.775391 0.69707 0.0554687 0.0621094
0 0.140625 0.0822266 0.0646484 0.138477
0 0.836328 0.356445 0.0773438 0.134766
0 0.326074 0.0862305 0.211914 0.154688
0 0.427246 0.0823975 0.223633 0.149658
0 0.853906 0.658984 0.292188 0.628906
0 0.721875 0.840039 0.167187 0.165234
0 0.970703 0.124609 0.0585938 0.249219
0 0.771094 0.186768 0.110937 0.199121
0 0.916797 0.429688 0.0585938 0.0695313
0 0.53418 0.441797 0.0261719 0.0429688
0 0.393359 0.45625 0.025 0.04375
0 0.434961 0.468359 0.0441406 0.0710938
0 0.680273 0.876172 0.101953 0.0835937
0 0.964453 0.475977 0.0710938 0.202734
0 0.342383 0.199609 0.491016 0.399219
0 0.143945 0.0880127 0.0746094 0.145459
0 0.960938 0.905859 0.078125 0.188281
0 0.423047 0.448242 0.0382813 0.0410156
0 0.725195 0.544922 0.0582031 0.0695313
0 0.939063 0.420117 0.059375 0.0644531
0 0.79043 0.369434 0.0785156 0.0728516
0 0.125391 0.316602 0.0298828 0.0429688
0 0.177051 0.097168 0.133398 0.148242
0 0.772461 0.383105 0.0300781 0.0400391
0 0.776563 0.382227 0.0328125 0.0433594
0 0.971875 0.909375 0.05625 0.18125
0 0.549414 0.153467 0.0644531 0.0797852
0 0.406836 0.819922 0.0371094 0.0445313
0 0.932813 0.507031 0.134375 0.257812
0 0.844922 0.54043 0.0757812 0.100391
0 0.802148 0.390918 0.0910156 0.0869141
0 0.233301 0.0882324 0.258008 0.174316
0 0.262207 0.344922 0.0501953 0.08125
0 0.733789 0.522461 0.0527344 0.0480469
0 0.130322 0.31709 0.0430664 0.0478516
0 0.738281 0.767773 0.192188 0.295703
0 0.530664 0.452148 0.0386719 0.0550781
0 0.836914 0.241406 0.258984 0.432813
0 0.430859 0.447266 0.0234375 0.0335938
0 0.782617 0.739062 0.0972656 0.176563
0 0.958984 0.888672 0.0820312 0.199219
0 0.85 0.528516 0.0828125 0.0734375
0 0.905078 0.518945 0.189844 0.234766
0 0.832422 0.619434 0.335156 0.66582
0 0.407031 0.449414 0.0742188 0.0589844
0 0.429297 0.45918 0.0765625 0.100391
0 0.778906 0.220166 0.135937 0.43623
0 0.81875 0.357812 0.0765625 0.113281
0 0.850391 0.326562 0.0554687 0.0757812
0 0.830469 0.341504 0.0640625 0.0802734
0 0.323438 0.604883 0.0835937 0.0394531
0 0.785156 0.821875 0.0390625 0.05625
0 0.870898 0.50127 0.258203 0.538867
0 0.721289 0.416211 0.0433594 0.0675781
0 0.783594 0.111084 0.0328125 0.0407227
0 0.804688 0.280762 0.0453125 0.0529297
0 0.912109 0.420703 0.0507812 0.0515625
0 0.958203 0.495508 0.0835937 0.249609
0 0.788086 0.27583 0.147266 0.295215
0 0.425391 0.0677734 0.236719 0.130859
0 0.815234 0.369434 0.105469 0.12832
0 0.782422 0.83125 0.0507812 0.0609375
0 0.847656 0.342187 0.0671875 0.120313
0 0.153125 0.242285 0.126953 0.203711
0 0.757031 0.724805 0.0484375 0.0683594
0 0.456055 0.385254 0.0277344 0.0513672
0 0.864648 0.451562 0.270703 0.703125
0 0.740234 0.564063 0.0476562 0.0789063
0 0.771875 0.832812 0.0765625 0.0703125
0 0.742969 0.408496 0.0828125 0.0783203
0 0.696484 0.792969 0.180469 0.25625
0 0.459375 0.078833 0.15 0.146826
0 0.523242 0.48125 0.0613281 0.0617188
0 0.973828 0.140039 0.0523438 0.280078
0 0.345703 0.169238 0.494531 0.338477
0 0.8125 0.280371 0.0484375 0.0552734
0 0.403711 0.06875 0.281641 0.1375
0 0.312109 0.108032 0.214844 0.149561
0 0.832422 0.714063 0.335156 0.55625
0 0.812109 0.761523 0.163281 0.222266
0 0.539258 0.46875 0.0683594 0.0875
0 0.446289 0.371289 0.0363281 0.0683594
0 0.413867 0.416211 0.103516 0.161328
0 0.258398 0.359375 0.0425781 0.0492188
0 0.775195 0.823828 0.0621094 0.0664062
0 0.760547 0.761914 0.114844 0.182422
0 0.747461 0.554102 0.0566406 0.0683594
0 0.54043 0.269922 0.0355469 0.0464844
0 0.237207 0.0781738 0.260352 0.156348
0 0.982813 0.0358887 0.034375 0.0717773
0 0.408594 0.469531 0.0625 0.0679687
0 0.345605 0.0816406 0.492383 0.163281
0 0.848437 0.47998 0.296875 0.640039
0 0.396875 0.0852051 0.0601563 0.072168
0 0.828125 0.548633 0.0484375 0.0691406
0 0.293164 0.0855225 0.226172 0.161377
0 0.744531 0.833398 0.2125 0.180078
0 0.767773 0.129736 0.0863281 0.0944336
0 0.933984 0.117383 0.132031 0.234766
0 0.93125 0.520508 0.1375 0.288672
0 0.741797 0.140869 0.05 0.0858398
0 0.779102 0.841016 0.0699219 0.0789063
0 0.74668 0.243848 0.0277344 0.0416016
0 0.785937 0.664844 0.29375 0.535937
0 0.518945 0.458398 0.0566406 0.0652344
0 0.200293 0.0786621 0.189648 0.157324
0 0.17373 0.0779297 0.125586 0.155859
0 0.168115 0.102734 0.137207 0.205469
0 0.348535 0.0924805 0.50293 0.184961
0 0.747461 0.54082 0.0550781 0.0652344
0 0.854688 0.326172 0.290625 0.652344
0 0.724023 0.330957 0.0582031 0.0642578
0 0.195166 0.25918 0.201074 0.518359
0 0.518164 0.282617 0.0480469 0.0539063
0 0.358984 0.0850098 0.136719 0.148535
0 0.8875 0.506445 0.154688 0.226172
0 0.77793 0.373633 0.0378906 0.0566406
0 0.722852 0.409375 0.0441406 0.0703125
0 0.760938 0.180762 0.0890625 0.179102
0 0.511719 0.376172 0.05 0.0625
0 0.713672 0.433203 0.0320312 0.0460938
0 0.8 0.723828 0.125 0.186719
0 0.777539 0.261377 0.127734 0.272559
0 0.168408 0.238086 0.150684 0.473047
0 0.520508 0.382129 0.0566406 0.0552734
0 0.528125 0.280469 0.04375 0.0550781
0 0.693555 0.875391 0.127734 0.0929688
0 0.430664 0.437695 0.0792969 0.138672
0 0.728711 0.860938 0.173828 0.129688
0 0.722266 0.800977 0.164844 0.246484
0 0.964844 0.420117 0.0703125 0.0863281
0 0.174805 0.0918945 0.128906 0.133398
0 0.821484 0.366895 0.105469 0.149805
0 0.675586 0.891406 0.0800781 0.059375
0 0.828516 0.541016 0.0445313 0.0554687
0 0.197168 0.183105 0.197852 0.32832
0 0.766602 0.707812 0.0511719 0.0648438
0 0.318848 0.605273 0.0755859 0.0441406
0 0.177539 0.0989502 0.135937 0.135107
0 0.764844 0.714063 0.05625 0.0734375
0 0.718164 0.862891 0.160547 0.125781
0 0.416602 0.470703 0.0636719 0.0671875
0 0.974219 0.417969 0.0515625 0.0882813
0 0.772656 0.112085 0.114063 0.175049
0 0.170313 0.182861 0.151562 0.333496
0 0.134326 0.299121 0.0805664 0.0896484
0 0.321875 0.604883 0.084375 0.0488281
0 0.327344 0.604688 0.0664062 0.0445313
0 0.666992 0.885156 0.0605469 0.059375
0 0.971875 0.430957 0.05625 0.113867
0 0.676172 0.885938 0.0828125 0.059375
0 0.431055 0.470508 0.0363281 0.0636719
0 0.830469 0.536914 0.0421875 0.0550781
0 0.77207 0.141235 0.108984 0.147217
0 0.666992 0.889453 0.0652344 0.0585938
0 0.226758 0.181885 0.256641 0.333887
0 0.813086 0.367188 0.108203 0.153906
0 0.139307 0.102368 0.0616211 0.12085
0 0.835547 0.540234 0.0539063 0.0609375
0 0.131836 0.103882 0.0558594 0.108252
0 0.960938 0.435352 0.078125 0.108203
0 0.774023 0.706445 0.0597656 0.0675781
0 0.417188 0.463281 0.0609375 0.0640625
0 0.154004 0.0927002 0.0923828 0.132178
0 0.8375 0.53457 0.053125 0.0582031
0 0.784766 0.770312 0.122656 0.192188
0 0.286523 0.185156 0.373828 0.346875
0 0.824609 0.538086 0.0398437 0.0535156
0 0.795703 0.225391 0.160156 0.446875
0 0.755859 0.133008 0.0757812 0.0980469
0 0.718164 0.417969 0.0316406 0.0648438
0 0.732031 0.799219 0.178125 0.248438
0 0.960547 0.43125 0.0789063 0.10625
0 0.154297 0.242969 0.13125 0.207031
0 0.323438 0.6125 0.0894531 0.06875
0 0.307324 0.0973877 0.410352 0.156396
0 0.144287 0.299023 0.0918945 0.0949219
0 0.693945 0.892188 0.107422 0.0546875
0 0.658594 0.885156 0.0460938 0.0578125
0 0.314941 0.605469 0.0814453 0.0492188
0 0.731836 0.837109 0.169141 0.177344
0 0.324316 0.11521 0.219336 0.124268
0 0.771484 0.173389 0.110156 0.174707
0 0.716602 0.410742 0.0332031 0.0675781
0 0.230859 0.0933838 0.254297 0.140381
0 0.846094 0.227148 0.270313 0.454297
0 0.958203 0.454297 0.0835937 0.144531
0 0.783203 0.230469 0.147656 0.435156
0 0.310352 0.113281 0.223047 0.127344
0 0.772852 0.796094 0.254297 0.251563
0 0.825781 0.543359 0.0328125 0.0460938
0 0.424414 0.0847168 0.230859 0.144629
0 0.761133 0.710742 0.0464844 0.0613281
0 0.323047 0.0960205 0.239063 0.141553
0 0.312305 0.605469 0.0707031 0.0414063
0 0.773633 0.714258 0.0683594 0.0839844
0 0.733789 0.837891 0.185547 0.183594
0 0.967578 0.438281 0.0648438 0.117969
0 0.139648 0.0941406 0.0623047 0.133594
0 0.246338 0.116333 0.209668 0.122803
0 0.201318 0.101611 0.189551 0.160059
0 0.838672 0.337109 0.0757812 0.103906
0 0.532422 0.468555 0.0820312 0.0839844
0 0.751953 0.141602 0.0742188 0.106641
0 0.141992 0.310254 0.0742188 0.0611328
0 0.812109 0.342773 0.110156 0.180078
0 0.195312 0.167529 0.1875 0.290723
0 0.269238 0.342187 0.0525391 0.0671875
0 0.823438 0.343945 0.103125 0.168359
0 0.267871 0.356348 0.0599609 0.0591797
0 0.432422 0.460352 0.0320312 0.0542969
0 0.955078 0.43125 0.0898438 0.0921875
0 0.770117 0.701953 0.0457031 0.059375
0 0.248633 0.0966309 0.258203 0.145605
0 0.856836 0.234766 0.286328 0.469531
0 0.712109 0.408984 0.03125 0.0601563
0 0.131689 0.0973877 0.0584961 0.121045
0 0.131543 0.317383 0.0513672 0.05
0 0.79375 0.2625 0.15625 0.374219
0 0.24502 0.416406 0.0400391 0.0523438
0 0.23877 0.410547 0.0587891 0.0578125
0 0.19834 0.222754 0.204883 0.41543
0 0.283105 0.11228 0.125195 0.126611
0 0.458594 0.0797363 0.140625 0.139746
0 0.813086 0.769922 0.175391 0.214844
0 0.303711 0.0945557 0.251953 0.145264
0 0.758398 0.766406 0.117578 0.179688
0 0.22002 0.165479 0.237695 0.294043
0 0.758398 0.718359 0.0472656 0.0617188
0 0.741992 0.131641 0.0558594 0.0839844
0 0.256934 0.367578 0.0681641 0.0726563
0 0.56582 0.781836 0.0378906 0.0863281
0 0.928125 0.420508 0.046875 0.0558594
0 0.16875 0.17168 0.139844 0.294141
0 0.23125 0.218848 0.264844 0.413867
0 0.241016 0.399219 0.0863281 0.100781
0 0.787891 0.36543 0.142969 0.166797
0 0.762305 0.140137 0.0957031 0.113867
0 0.322754 0.62793 0.0923828 0.0980469
0 0.646875 0.566211 0.0296875 0.0425781
0 0.806641 0.402148 0.0976562 0.0894531
0 0.788477 0.311133 0.155859 0.223047
0 0.966406 0.470703 0.0671875 0.176563
0 0.33623 0.204053 0.477539 0.391113
0 0.253223 0.382715 0.0904297 0.113477
0 0.232324 0.0983398 0.250977 0.154492
0 0.432813 0.481641 0.0320312 0.046875
0 0.777539 0.698828 0.0511719 0.0546875
0 0.760938 0.138379 0.0875 0.117773
0 0.296094 0.093457 0.182812 0.148633
0 0.403906 0.81875 0.0335938 0.0453125
0 0.959766 0.4125 0.0804688 0.142188
0 0.138086 0.317383 0.0640625 0.0542969
0 0.408398 0.819531 0.0410156 0.0453125
0 0.826563 0.353613 0.084375 0.126367
0 0.720117 0.433008 0.0269531 0.0394531
0 0.25332 0.38125 0.0910156 0.120313
0 0.349902 0.616016 0.132227 0.0773438
0 0.28291 0.163965 0.356055 0.298633
0 0.407813 0.4625 0.0703125 0.065625
0 0.845313 0.539648 0.0734375 0.0792969
0 0.262598 0.342969 0.0587891 0.08125
0 0.644922 0.562891 0.0265625 0.0398437
0 0.764258 0.112158 0.0964844 0.17373
0 0.841797 0.329199 0.0648438 0.0763672
0 0.31748 0.614648 0.0810547 0.0613281
0 0.828125 0.548633 0.0515625 0.0691406
0 0.479297 0.0758545 0.119531 0.135791
0 0.810352 0.748828 0.157422 0.185156
0 0.953125 0.119141 0.09375 0.238281
0 0.342187 0.0974121 0.488281 0.166504
0 0.310156 0.610742 0.0878906 0.0753906
0 0.693945 0.886328 0.116016 0.0617188
0 0.400195 0.0875488 0.0675781 0.0772461
0 0.244629 0.381836 0.0974609 0.119141
0 0.713477 0.416406 0.0324219 0.0648438
0 0.419727 0.451172 0.0574219 0.0492188
0 0.339551 0.171094 0.47793 0.316797
0 0.776172 0.223438 0.136719 0.434375
0 0.836328 0.356836 0.0835937 0.136328
0 0.125684 0.31709 0.0363281 0.0455078
0 0.851172 0.327148 0.0585938 0.0769531
0 0.518164 0.470898 0.0628906 0.0746094
0 0.261426 0.358398 0.0548828 0.0550781
0 0.326562 0.613477 0.0792969 0.0644531
0 0.328809 0.601953 0.0783203 0.0414063
0 0.72793 0.869531 0.175391 0.142188
0 0.919531 0.419336 0.0421875 0.0488281
0 0.787305 0.382031 0.0691406 0.059375
0 0.409961 0.815625 0.0417969 0.04375
0 0.181787 0.230029 0.178613 0.237598
0 0.356152 0.111548 0.141602 0.120654
0 0.152783 0.255078 0.125293 0.185156
0 0.719922 0.438281 0.0273438 0.0375
0 0.69082 0.900781 0.101172 0.0671875
0 0.754102 0.410449 0.110547 0.0931641
0 0.266113 0.3625 0.0697266 0.0882813
0 0.436719 0.469922 0.0445313 0.0664062
0 0.675977 0.900781 0.0847656 0.0796875
0 0.787109 0.279053 0.157031 0.309863
0 0.956641 0.420508 0.0773438 0.0769531
0 0.304688 0.60625 0.0550781 0.0390625
0 0.28252 0.131958 0.12168 0.1271
0 0.756445 0.723633 0.0558594 0.0816406
0 0.233203 0.408594 0.0585938 0.059375
0 0.905469 0.50625 0.189063 0.239063
0 0.835547 0.687207 0.328906 0.625586
0 0.404199 0.0873779 0.269727 0.143994
0 0.791211 0.368555 0.0769531 0.0738281
0 0.533203 0.27334 0.0304688 0.0396484
0 0.805078 0.383398 0.100781 0.117578
0 0.720313 0.773438 0.159375 0.301563
0 0.72168 0.416602 0.0457031 0.0683594
0 0.52793 0.480469 0.0800781 0.0625
0 0.823047 0.691406 0.353906 0.617188
0 0.968359 0.415234 0.0632813 0.141406
0 0.960156 0.516016 0.0796875 0.274219
0 0.404883 0.817187 0.0480469 0.0546875
0 0.545898 0.470703 0.100391 0.0835937
0 0.742578 0.409375 0.0851563 0.0820312
0 0.235938 0.365234 0.112891 0.141406
0 0.834375 0.533008 0.0484375 0.0652344
0 0.567773 0.797461 0.0292969 0.0644531
0 0.458203 0.0651123 0.135156 0.12251
0 0.235645 0.374023 0.0853516 0.116016
0 0.519141 0.371289 0.0632813 0.0660156
0 0.820703 0.663379 0.358594 0.637305
0 0.847266 0.340234 0.0726563 0.116406
0 0.447656 0.10127 0.704688 0.187305
0 0.122803 0.300195 0.0579102 0.0820312
0 0.562305 0.781641 0.0355469 0.0835937
0 0.231836 0.10896 0.244141 0.13208
0 0.131689 0.31084 0.0610352 0.0615234
0 0.790625 0.832812 0.05 0.0625
0 0.848047 0.532617 0.0742188 0.0636719
0 0.764648 0.725 0.0644531 0.103125
0 0.782617 0.832422 0.0503906 0.0617188
0 0.377051 0.608594 0.187305 0.107031
0 0.830859 0.341309 0.0632813 0.0767578
0 0.739453 0.554883 0.046875 0.0605469
0 0.818164 0.403711 0.108984 0.0933594
0 0.393945 0.456836 0.0277344 0.0441406
0 0.477539 0.0631836 0.114453 0.120508
0 0.339551 0.254297 0.488867 0.504687
0 0.338672 0.603711 0.0589844 0.0457031
0 0.653711 0.835156 0.228516 0.198437
0 0.409375 0.0872559 0.0546875 0.0641602
0 0.221777 0.0885254 0.230664 0.141113
0 0.789062 0.339746 0.148438 0.196289
0 0.760352 0.156641 0.0855469 0.128906
0 0.254395 0.364551 0.0912109 0.133398
0 0.183008 0.759375 0.0285156 0.0453125
0 0.423828 0.0702881 0.239844 0.130127
0 0.456445 0.39248 0.0285156 0.0447266
0 0.869922 0.684375 0.0507812 0.0585938
0 0.70918 0.554297 0.148828 0.124219
0 0.295703 0.241797 0.399219 0.475781
0 0.280176 0.352148 0.0357422 0.0496094
0 0.353125 0.0915283 0.171094 0.1396
0 0.775391 0.781055 0.260156 0.291016
0 0.720703 0.823047 0.177344 0.216406
0 0.131934 0.284766 0.0859375 0.126953
0 0.810352 0.313086 0.115234 0.213672
0 0.723633 0.410059 0.0472656 0.0720703
0 0.941016 0.421484 0.0632813 0.0648438
0 0.777539 0.381641 0.0386719 0.0460938
0 0.783594 0.111816 0.0328125 0.0392578
0 0.45625 0.385156 0.0296875 0.0515625
0 0.633398 0.71582 0.0261719 0.0457031
0 0.202148 0.338574 0.2125 0.192383
0 0.774805 0.832812 0.261328 0.192188
0 0.222754 0.087915 0.0439453 0.0515137
0 0.407617 0.450977 0.0847656 0.0644531
0 0.916406 0.430664 0.059375 0.0722656
0 0.712695 0.442578 0.0300781 0.0414063
0 0.30752 0.60625 0.0736328 0.0515625
0 0.310547 0.62832 0.0839844 0.0972656
0 0.928516 0.414453 0.0617188 0.0648438
0 0.560938 0.470313 0.0867188 0.0828125
0 0.351758 0.604492 0.0621094 0.0488281
0 0.233887 0.403125 0.0740234 0.065625
0 0.328125 0.13457 0.203906 0.145313
0 0.426758 0.460938 0.0816406 0.0945313
0 0.773828 0.191699 0.116406 0.202148
0 0.414648 0.820703 0.0535156 0.0476562
0 0.932031 0.114063 0.135937 0.228125
0 0.405273 0.0957275 0.0566406 0.0560059
0 0.837695 0.252637 0.255859 0.410352
0 0.12373 0.31084 0.0445313 0.0599609
0 0.435547 0.47832 0.0453125 0.0582031
0 0.426172 0.829297 0.0765625 0.0585938
0 0.446484 0.374023 0.040625 0.0667969
0 0.569336 0.756055 0.0199219 0.0371094
0 0.317383 0.132666 0.189453 0.131543
0 0.904297 0.520703 0.191406 0.230469
0 0.492383 0.0337036 0.0574219 0.0591553
0 0.709766 0.894141 0.130469 0.0507812
0 0.14873 0.292871 0.106836 0.101758
0 0.928906 0.524414 0.142188 0.295703
0 0.52207 0.274512 0.0386719 0.0404297
0 0.932031 0.511133 0.135937 0.253516
0 0.763086 0.70625 0.0566406 0.0710938
0 0.569727 0.808594 0.0214844 0.040625
0 0.249902 0.418359 0.0373047 0.0476562
0 0.957031 0.499219 0.0859375 0.230469
0 0.826367 0.36875 0.105078 0.140625
0 0.416016 0.0959229 0.05625 0.0562012
0 0.251074 0.401367 0.0970703 0.130078
0 0.820117 0.380664 0.122266 0.128516
0 0.847656 0.220117 0.276563 0.440234
0 0.878516 0.68457 0.0507812 0.0613281
0 0.785742 0.824219 0.0410156 0.05625
0 0.857422 0.363574 0.157031 0.154883
0 0.772852 0.103955 0.112109 0.16084
0 0.747266 0.244727 0.0296875 0.0425781
0 0.367578 0.604883 0.0414063 0.0457031
0 0.204492 0.0859985 0.202344 0.146558
0 0.408984 0.470117 0.0679687 0.0683594
0 0.983203 0.0365234 0.0335938 0.0730469
0 0.505664 0.464258 0.154297 0.0902344
0 0.77207 0.833984 0.0761719 0.0695313
0 0.779297 0.841797 0.0695313 0.0757812
0 0.782031 0.384082 0.153125 0.13418
0 0.431641 0.447656 0.0257812 0.034375
0 0.136377 0.664062 0.0936523 0.147656
0 0.739062 0.554688 0.179688 0.121875
0 0.568555 0.763086 0.0277344 0.0503906
0 0.74043 0.140723 0.0503906 0.0845703
0 0.729883 0.859766 0.177734 0.138281
0 0.675781 0.89375 0.0796875 0.0640625
0 0.667969 0.891797 0.0703125 0.0664062
0 0.965234 0.417383 0.0695313 0.0902344
0 0.175879 0.0905518 0.135742 0.136865
0 0.827344 0.541211 0.046875 0.0582031
0 0.764258 0.712305 0.0589844 0.0792969
0 0.765625 0.707227 0.0515625 0.0667969
0 0.197021 0.184814 0.19502 0.32959
0 0.66875 0.886328 0.0695313 0.0648438
0 0.182227 0.0983643 0.152734 0.141162
0 0.974609 0.414746 0.0507812 0.0908203
0 0.130664 0.10271 0.0623047 0.115479
0 0.736523 0.849414 0.191016 0.171484
0 0.720117 0.801953 0.164453 0.252344
0 0.659961 0.885938 0.0527344 0.0609375
0 0.200488 0.0999023 0.189648 0.158789
0 0.194531 0.164062 0.186719 0.285547
0 0.318945 0.605664 0.0734375 0.0441406
0 0.829297 0.537305 0.0445313 0.0566406
0 0.228369 0.185498 0.258105 0.338379
0 0.733594 0.800586 0.184375 0.253516
0 0.675391 0.900391 0.0820312 0.0804688
0 0.716211 0.862109 0.159766 0.135156
0 0.13125 0.0959473 0.0613281 0.122559
0 0.15166 0.0924805 0.0927734 0.136328
0 0.960156 0.43457 0.0796875 0.112891
0 0.835547 0.54043 0.0585938 0.0644531
0 0.773633 0.110034 0.119922 0.170947
0 0.417188 0.470508 0.0640625 0.0691406
0 0.823828 0.544141 0.0335938 0.0476562
0 0.971875 0.429492 0.05625 0.115234
0 0.773047 0.79707 0.257031 0.257422
0 0.774023 0.706055 0.0613281 0.0699219
0 0.760156 0.709961 0.046875 0.0628906
0 0.133008 0.298145 0.0851563 0.0923828
0 0.139502 0.0935303 0.065918 0.132861
0 0.774414 0.847852 0.260547 0.176172
0 0.329492 0.604688 0.0589844 0.0453125
0 0.309473 0.0962158 0.416992 0.155615
0 0.138965 0.102588 0.0712891 0.12627
0 0.823828 0.538672 0.0382813 0.0546875
0 0.430859 0.470117 0.0382813 0.0652344
0 0.677148 0.8875 0.0863281 0.0640625
0 0.28623 0.189209 0.372852 0.354004
0 0.220215 0.161621 0.238477 0.286914
0 0.823633 0.361328 0.105859 0.15
0 0.757617 0.716992 0.0503906 0.0644531
0 0.321973 0.605664 0.0826172 0.0480469
0 0.6875 0.900781 0.0898438 0.06875
0 0.772852 0.1375 0.116797 0.159375
0 0.234082 0.0968262 0.256055 0.152832
0 0.8375 0.534375 0.0578125 0.0609375
0 0.773633 0.713086 0.0714844 0.0894531
0 0.960938 0.42998 0.078125 0.113477
0 0.230762 0.0912354 0.250195 0.13667
0 0.826563 0.547852 0.0546875 0.0753906
0 0.769336 0.701367 0.0425781 0.0589844
0 0.810938 0.363281 0.115625 0.154688
0 0.75625 0.129492 0.08125 0.102734
0 0.173047 0.185986 0.157422 0.338574
0 0.691406 0.893359 0.0984375 0.0585938
0 0.249902 0.0946533 0.249414 0.138818
0 0.420117 0.462695 0.0535156 0.0621094
0 0.955078 0.430273 0.0882813 0.100391
0 0.762109 0.110742 0.103906 0.170703
0 0.285254 0.154492 0.36543 0.280078
0 0.242969 0.417188 0.0464844 0.0570313
0 0.324023 0.094458 0.249609 0.135693
0 0.220996 0.0887207 0.230664 0.138184
0 0.28877 0.110474 0.156445 0.129443
0 0.306445 0.111768 0.237891 0.12959
0 0.238867 0.410742 0.0628906 0.0613281
0 0.967188 0.437305 0.065625 0.123047
0 0.32373 0.612109 0.0927734 0.0734375
0 0.786523 0.772852 0.126953 0.198047
0 0.325098 0.113745 0.231055 0.126416
0 0.958984 0.411133 0.0820312 0.144141
0 0.302295 0.0924805 0.25791 0.137695
0 0.464551 0.0996582 0.742773 0.181934
0 0.249268 0.112061 0.208496 0.132129
0 0.810156 0.340039 0.115625 0.162891
0 0.728516 0.871484 0.180469 0.152344
0 0.432617 0.458984 0.0316406 0.0507812
0 0.733203 0.840625 0.174219 0.170313
0 0.760156 0.138574 0.0921875 0.125977
0 0.845313 0.210938 0.28125 0.421875
0 0.957031 0.454883 0.0859375 0.152734
0 0.424219 0.0854736 0.234375 0.147021
0 0.758789 0.766211 0.113672 0.180078
0 0.755273 0.721875 0.0597656 0.0875
0 0.658789 0.889453 0.0542969 0.0585938
0 0.825391 0.337012 0.0992187 0.149414
0 0.763672 0.724414 0.0679687 0.107422
0 0.29541 0.0909668 0.199805 0.139355
0 0.957031 0.41875 0.078125 0.0828125
0 0.252344 0.382227 0.0910156 0.119922
0 0.268262 0.355566 0.0580078 0.0599609
0 0.775 0.170605 0.121875 0.171289
0 0.928125 0.420117 0.0484375 0.0589844
0 0.256738 0.364941 0.0685547 0.0779297
0 0.838672 0.335742 0.0773438 0.102734
0 0.27041 0.342871 0.0490234 0.0642578
0 0.14375 0.297754 0.0929688 0.0966797
0 0.125 0.316797 0.0384766 0.0453125
0 0.702734 0.905469 0.1 0.0640625
0 0.352441 0.614648 0.14043 0.0824219
0 0.777148 0.698828 0.0503906 0.05625
0 0.266113 0.360938 0.0701172 0.0921875
0 0.810938 0.746484 0.1625 0.180469
0 0.171094 0.170313 0.144531 0.29375
0 0.203711 0.0866943 0.205859 0.140674
0 0.653906 0.885156 0.0390625 0.059375
0 0.458008 0.0810303 0.141016 0.141455
0 0.375391 0.609961 0.176563 0.102734
0 0.232715 0.408984 0.0623047 0.0617188
0 0.7125 0.880469 0.15 0.120313
0 0.851562 0.325488 0.0609375 0.0818359
0 0.644336 0.562109 0.0253906 0.0382813
0 0.131152 0.317285 0.0541016 0.0498047
0 0.668945 0.900781 0.0769531 0.0875
0 0.432813 0.480469 0.034375 0.0523438
0 0.331445 0.601953 0.0601563 0.040625
0 0.355078 0.110669 0.164844 0.125146
0 0.349023 0.0961914 0.505859 0.161914
0 0.773242 0.0969727 0.116016 0.147852
0 0.137549 0.317578 0.0643555 0.053125
0 0.341992 0.168896 0.486328 0.313379
0 0.878516 0.68457 0.0554687 0.0652344
0 0.795313 0.225781 0.1625 0.451562
0 0.846875 0.234766 0.271875 0.469531
0 0.308398 0.610547 0.0925781 0.0773438
0 0.762109 0.705273 0.0523438 0.0699219
0 0.841797 0.327734 0.0664062 0.0800781
0 0.1979 0.235645 0.202246 0.449023
0 0.833203 0.533203 0.0476562 0.0664062
0 0.403125 0.0878174 0.275 0.145264
0 0.730664 0.884375 0.190234 0.18125
0 0.985938 0.0264648 0.028125 0.0529297
0 0.967969 0.413477 0.0640625 0.145703
0 0.782227 0.832422 0.0542969 0.0648438
0 0.479688 0.0769531 0.121875 0.134766
0 0.124121 0.104956 0.0476562 0.101025
0 0.260645 0.357812 0.0576172 0.0585938
0 0.666602 0.881641 0.0808594 0.107031
0 0.720703 0.837305 0.177344 0.198828
0 0.339844 0.20791 0.485938 0.400586
0 0.822852 0.68584 0.354297 0.62832
0 0.793359 0.253613 0.158594 0.395117
0 0.833984 0.680957 0.332031 0.638086
0 0.233252 0.225488 0.269043 0.433398
0 0.123047 0.300195 0.0636719 0.0832031
0 0.240723 0.394434 0.0900391 0.118945
0 0.134668 0.245117 0.0955078 0.197656
0 0.776953 0.781055 0.267969 0.309766
0 0.742188 0.131299 0.0632813 0.087793
0 0.422266 0.450781 0.0421875 0.0414063
0 0.261914 0.343066 0.0597656 0.0787109
0 0.846875 0.538086 0.0765625 0.0832031
0 0.778516 0.739844 0.0976562 0.145313
0 0.790625 0.832422 0.0546875 0.0664062
0 0.130273 0.31084 0.065625 0.0603516
0 0.646289 0.565625 0.0308594 0.0445313
0 0.782227 0.112354 0.0308594 0.0383789
0 0.312109 0.606055 0.0714844 0.0410156
0 0.869531 0.684375 0.05625 0.0632813
0 0.966016 0.469922 0.0679687 0.182031
0 0.826563 0.347949 0.0796875 0.106445
0 0.941797 0.420898 0.0679687 0.0683594
0 0.779102 0.840234 0.0730469 0.0804688
0 0.919141 0.418945 0.0429688 0.0519531
0 0.811328 0.774805 0.177344 0.223828
0 0.662305 0.880078 0.0582031 0.0742188
0 0.354102 0.0911865 0.198828 0.136182
0 0.476562 0.0622314 0.113281 0.11499
0 0.288281 0.133569 0.157422 0.134814
0 0.751367 0.140186 0.0847656 0.109082
0 0.231445 0.10564 0.241016 0.141064
0 0.43877 0.176563 0.691211 0.3375
0 0.315234 0.606836 0.0808594 0.0488281
0 0.808594 0.316211 0.120313 0.185547
0 0.717188 0.775391 0.157813 0.308594
0 0.352148 0.604492 0.0613281 0.0527344
0 0.991797 0.0166016 0.0164063 0.0332031
0 0.15625 0.243555 0.134375 0.207422
0 0.323828 0.62793 0.0953125 0.101172
0 0.773828 0.216895 0.155469 0.424023
0 0.823828 0.749219 0.352344 0.45625
0 0.79668 0.214844 0.166016 0.423438
0 0.231641 0.416211 0.0664062 0.0652344
0 0.821875 0.548047 0.0375 0.0484375
0 0.738867 0.555078 0.0464844 0.0570313
0 0.366211 0.605469 0.0480469 0.05
0 0.233594 0.404687 0.0804688 0.0757812
0 0.317285 0.614062 0.0794922 0.0625
0 0.219434 0.101538 0.22832 0.144775
0 0.774219 0.111621 0.0359375 0.0412109
0 0.339453 0.603125 0.05 0.046875
0 0.970313 0.912891 0.059375 0.174219
0 0.782813 0.117578 0.034375 0.0433594
0 0.734961 0.553711 0.0308594 0.0402344
0 0.783789 0.807031 0.154297 0.170313
0 0.140625 0.31084 0.0765625 0.0591797
0 0.836328 0.553711 0.0679687 0.101172
0 0.2979 0.0878296 0.389355 0.140747
0 0.80332 0.832422 0.0777344 0.0726563
0 0.457813 0.063208 0.132812 0.115967
0 0.235059 0.365234 0.116211 0.142188
0 0.982813 0.0356934 0.034375 0.0713867
0 0.958984 0.912109 0.0820312 0.175781
0 0.787695 0.363672 0.148047 0.167187
0 0.755469 0.710938 0.053125 0.06875
0 0.254102 0.363574 0.0894531 0.130664
0 0.408105 0.462695 0.0736328 0.0667969
0 0.743359 0.798828 0.200781 0.255469
0 0.667383 0.889453 0.0683594 0.0617188
0 0.674805 0.892188 0.0746094 0.0625
0 0.175195 0.0884766 0.134375 0.142383
0 0.666992 0.885547 0.0628906 0.0601563
0 0.658203 0.885547 0.0453125 0.0554687
0 0.764648 0.704102 0.0519531 0.0699219
0 0.826172 0.540625 0.0445313 0.0585938
0 0.732422 0.858594 0.185156 0.142188
0 0.15127 0.0906738 0.0916016 0.140918
0 0.131348 0.102246 0.0591797 0.112695
0 0.963672 0.415723 0.0726563 0.0982422
0 0.973047 0.412891 0.0539063 0.0945313
0 0.178906 0.0966064 0.145313 0.149756
0 0.77168 0.797266 0.250391 0.255469
0 0.773828 0.112817 0.122656 0.18374
0 0.131494 0.0963867 0.059668 0.123242
0 0.192334 0.186279 0.188379 0.338379
0 0.828125 0.536523 0.0421875 0.0558594
0 0.416016 0.467578 0.0671875 0.0742188
0 0.764063 0.709375 0.059375 0.0835937
0 0.236182 0.190674 0.277637 0.355762
0 0.674805 0.897266 0.0785156 0.0742188
0 0.677539 0.886719 0.0824219 0.0828125
0 0.684375 0.899219 0.071875 0.0640625
0 0.761523 0.111816 0.100391 0.182227
0 0.823438 0.544336 0.0296875 0.0457031
0 0.772461 0.135376 0.117578 0.170264
0 0.317676 0.606445 0.0751953 0.0417969
0 0.773828 0.703711 0.0632813 0.0738281
0 0.82168 0.360547 0.109766 0.148438
0 0.307422 0.0944092 0.416406 0.151807
0 0.191553 0.158008 0.181348 0.283203
0 0.429688 0.467187 0.040625 0.0710938
0 0.420312 0.45918 0.0507812 0.0582031
0 0.309277 0.108813 0.223633 0.122021
0 0.309473 0.088623 0.220117 0.136035
0 0.811523 0.362207 0.111328 0.149805
0 0.325391 0.0897705 0.221875 0.136084
0 0.767773 0.699609 0.0394531 0.059375
0 0.834375 0.539062 0.05625 0.0664062
0 0.823438 0.538477 0.034375 0.0519531
0 0.796484 0.223242 0.166406 0.446484
0 0.170703 0.185742 0.153516 0.342578
0 0.846289 0.209375 0.282422 0.41875
0 0.284863 0.193408 0.375586 0.369434
0 0.708203 0.887891 0.141406 0.0976562
0 0.291699 0.109253 0.216602 0.118994
0 0.774805 0.215283 0.147266 0.422559
0 0.68418 0.893359 0.0714844 0.0570313
0 0.75957 0.708203 0.0433594 0.0617188
0 0.675391 0.887109 0.0773438 0.0617188
0 0.676367 0.900781 0.0839844 0.0875
0 0.835547 0.533203 0.0539063 0.0609375
0 0.139014 0.0943604 0.0645508 0.134912
0 0.75918 0.139844 0.0894531 0.127344
0 0.771094 0.84043 0.251563 0.186328
0 0.194141 0.0974609 0.177734 0.15625
0 0.658008 0.887891 0.0496094 0.0554687
0 0.326367 0.109668 0.217578 0.121484
0 0.124268 0.31543 0.0282227 0.0398437
0 0.224268 0.162012 0.249512 0.293945
0 0.823047 0.337305 0.107031 0.149609
0 0.431836 0.455859 0.0300781 0.0484375
0 0.730469 0.871484 0.184375 0.144531
0 0.28877 0.0890137 0.22793 0.136035
0 0.955469 0.432813 0.0890625 0.121094
0 0.779883 0.738867 0.0964844 0.148828
0 0.653125 0.883984 0.0320312 0.0523438
0 0.374707 0.607422 0.17168 0.116406
0 0.757617 0.71543 0.0457031 0.0621094
0 0.251855 0.383008 0.0927734 0.112109
0 0.698633 0.903516 0.0769531 0.0648438
0 0.665234 0.885156 0.0789063 0.0921875
0 0.752734 0.844922 0.196094 0.155469
0 0.138672 0.102002 0.0689453 0.124512
0 0.357422 0.108325 0.153125 0.119287
0 0.79707 0.21377 0.166797 0.422461
0 0.232275 0.0884033 0.253418 0.138623
0 0.480273 0.077417 0.123047 0.133838
0 0.811523 0.339063 0.112891 0.161719
0 0.846484 0.229102 0.274219 0.458203
0 0.268555 0.355566 0.0574219 0.0560547
0 0.660547 0.88125 0.0492188 0.0625
0 0.422656 0.448633 0.0367188 0.0410156
0 0.330371 0.604883 0.0537109 0.0433594
0 0.130908 0.299609 0.0745117 0.084375
0 0.955469 0.411523 0.0890625 0.126953
0 0.255225 0.109692 0.269238 0.120654
0 0.32334 0.604688 0.0794922 0.0398437
0 0.276563 0.156445 0.352344 0.287109
0 0.838672 0.336035 0.0789063 0.102148
0 0.253662 0.0908447 0.284863 0.135303
0 0.469043 0.0998047 0.750977 0.175391
0 0.808008 0.748047 0.151172 0.182031
0 0.827344 0.347852 0.08125 0.102734
0 0.131592 0.243555 0.0854492 0.187109
0 0.793555 0.243262 0.162891 0.399414
0 0.773438 0.170361 0.120313 0.174512
0 0.841406 0.327051 0.06875 0.0802734
0 0.459766 0.0813477 0.138281 0.141211
0 0.270508 0.342676 0.0503906 0.0626953
0 0.826172 0.546484 0.0539063 0.0789063
0 0.773828 0.697266 0.0507812 0.0609375
0 0.749609 0.841406 0.214844 0.182812
0 0.927734 0.418359 0.0429688 0.053125
0 0.773438 0.712891 0.0765625 0.100781
0 0.140186 0.0911621 0.069043 0.144238
0 0.713477 0.861719 0.154297 0.135937
0 0.345117 0.209668 0.501172 0.410352
0 0.851172 0.324414 0.0648438 0.084375
0 0.779688 0.841211 0.151562 0.148828
0 0.393945 0.455664 0.0269531 0.0425781
0 0.355859 0.088623 0.160938 0.135059
0 0.35918 0.614062 0.166016 0.0953125
0 0.7375 0.839453 0.185938 0.177344
0 0.424805 0.0848633 0.234766 0.145117
0 0.430664 0.447852 0.0230469 0.0339844
0 0.405957 0.45957 0.0654297 0.0628906
0 0.829688 0.341406 0.059375 0.0742188
0 0.121094 0.310645 0.0294922 0.0509766
0 0.706836 0.916016 0.139453 0.122656
0 0.854688 0.210547 0.290625 0.421094
0 0.722656 0.800195 0.171875 0.252734
0 0.360059 0.0952637 0.532227 0.156543
0 0.755273 0.129785 0.0785156 0.107617
0 0.260645 0.35752 0.0529297 0.0505859
0 0.140137 0.0955078 0.0689453 0.136914
0 0.285449 0.0873657 0.363477 0.135815
0 0.758008 0.765039 0.127734 0.188672
0 0.266504 0.361328 0.0693359 0.0859375
0 0.787891 0.77168 0.128906 0.205078
0 0.404297 0.60332 0.110937 0.123828
0 0.407031 0.448828 0.0726563 0.0554687
0 0.971094 0.425781 0.0578125 0.107031
0 0.771289 0.159717 0.132422 0.30166
0 0.198633 0.271875 0.0332031 0.040625
0 0.342871 0.168213 0.49082 0.313574
0 0.119043 0.301563 0.0470703 0.075
0 0.169824 0.161426 0.143164 0.284961
0 0.782031 0.111963 0.03125 0.0383789
0 0.257031 0.364551 0.0664062 0.0685547
0 0.920703 0.417773 0.0382813 0.0480469
0 0.823047 0.684473 0.353906 0.631055
0 0.781055 0.805078 0.153516 0.182031
0 0.500195 0.0687012 0.0589844 0.118848
0 0.143018 0.298145 0.0854492 0.0884766
0 0.127197 0.310742 0.0508789 0.0542969
0 0.782227 0.226367 0.155859 0.441016
0 0.991797 0.0164063 0.0164063 0.0328125
0 0.525977 0.463477 0.0628906 0.0917969
0 0.332813 0.601172 0.0429688 0.0359375
0 0.817578 0.814258 0.0835937 0.0933594
0 0.761328 0.703906 0.0445313 0.0648438
0 0.83418 0.678613 0.331641 0.642773
0 0.838672 0.159277 0.263281 0.317383
0 0.955859 0.415625 0.0804688 0.0898438
0 0.835938 0.24834 0.259375 0.458789
0 0.490234 0.0666504 0.0679687 0.116309
0 0.427734 0.563086 0.0476562 0.0753906
0 0.954297 0.42832 0.0898438 0.0996094
0 0.814258 0.825 0.0839844 0.0890625
0 0.194043 0.241113 0.19707 0.477148
0 0.137988 0.309863 0.0679687 0.0564453
0 0.985938 0.0260742 0.028125 0.0521484
0 0.532422 0.271875 0.0289063 0.0386719
0 0.424414 0.571875 0.0589844 0.0859375
0 0.774023 0.111279 0.0332031 0.040918
0 0.402734 0.0865723 0.274219 0.143262
0 0.408301 0.482031 0.0919922 0.103125
0 0.80625 0.811719 0.148438 0.135937
0 0.288867 0.137646 0.220703 0.153223
0 0.741602 0.131543 0.0605469 0.0982422
0 0.789258 0.829688 0.0605469 0.0671875
0 0.832031 0.533984 0.040625 0.0617188
0 0.643945 0.561328 0.0253906 0.0382813
0 0.476758 0.0625732 0.114453 0.111377
0 0.426172 0.464453 0.0859375 0.0882813
0 0.406836 0.583398 0.102734 0.112891
0 0.53457 0.441992 0.0285156 0.0457031
0 0.853906 0.253906 0.292188 0.507812
0 0.124463 0.103784 0.0446289 0.0990723
0 0.519336 0.273926 0.0386719 0.0396484
0 0.280859 0.351172 0.03125 0.0460938
0 0.80293 0.828906 0.0800781 0.0765625
0 0.409961 0.463086 0.0964844 0.0902344
0 0.203027 0.270313 0.0353516 0.0441406
0 0.960938 0.42793 0.078125 0.110547
0 0.701563 0.894922 0.0882813 0.0554687
0 0.825 0.843945 0.346875 0.210547
0 0.928125 0.411133 0.05625 0.0597656
0 0.781836 0.116211 0.0347656 0.0429688
0 0.254004 0.364258 0.0916016 0.123047
0 0.243506 0.0940918 0.278613 0.149707
0 0.841602 0.104102 0.266797 0.208203
0 0.262695 0.344141 0.0574219 0.0734375
0 0.793164 0.155469 0.160547 0.299609
0 0.804883 0.835938 0.160547 0.146875
0 0.424609 0.482617 0.08125 0.105078
0 0.757812 0.155469 0.0875 0.128906
0 0.750586 0.857031 0.194141 0.146875
0 0.653516 0.880078 0.046875 0.0632813
0 0.325 0.614844 0.103906 0.0789063
0 0.324805 0.629687 0.105078 0.100781
0 0.817969 0.352051 0.0578125 0.0802734
0 0.741797 0.780664 0.194531 0.282422
0 0.308398 0.139624 0.229297 0.165283
0 0.78125 0.830469 0.0546875 0.0625
0 0.375879 0.586133 0.167773 0.113672
0 0.237695 0.40957 0.0585938 0.0566406
0 0.785547 0.822656 0.0398437 0.0546875
0 0.504492 0.0633301 0.118359 0.114355
0 0.751563 0.140039 0.0828125 0.108984
0 0.242871 0.415625 0.0439453 0.0546875
0 0.82168 0.654688 0.356641 0.690625
0 0.966797 0.435547 0.0664062 0.130469
0 0.755469 0.720703 0.05625 0.0867188
0 0.803906 0.27959 0.05 0.0564453
0 0.237988 0.228809 0.283398 0.454883
0 0.936719 0.415039 0.126563 0.146484
0 0.871484 0.674609 0.0414063 0.0507812
0 0.776953 0.779688 0.263281 0.298438
0 0.392188 0.0866943 0.225781 0.140479
0 0.135303 0.316406 0.0571289 0.053125
0 0.425293 0.104858 0.244727 0.172705
0 0.788672 0.362695 0.142969 0.164453
0 0.504883 0.461523 0.115234 0.0957031
0 0.668164 0.898438 0.0753906 0.0828125
0 0.236816 0.36543 0.113867 0.139453
0 0.822266 0.546094 0.0320312 0.0460938
0 0.531641 0.0645752 0.172656 0.115771
0 0.730273 0.896875 0.183203 0.20625
0 0.44834 0.176318 0.712695 0.337207
0 0.230176 0.0946289 0.0365234 0.05
0 0.94375 0.408008 0.06875 0.0652344
0 0.531641 0.451172 0.0398437 0.05625
0 0.489844 0.0482666 0.0625 0.0815918
0 0.869141 0.682813 0.0523438 0.0585938
0 0.458398 0.0632324 0.130078 0.112598
0 0.669727 0.882812 0.0675781 0.065625
0 0.392578 0.106226 0.183594 0.126611
0 0.878125 0.683008 0.0515625 0.0621094
0 0.511719 0.0772949 0.132031 0.13252
0 0.749805 0.181982 0.0644531 0.0606445
0 0.792969 0.822266 0.0515625 0.0617188
0 0.665625 0.903906 0.0742188 0.0953125
0 0.9875 0.0184326 0.025 0.0368652
0 0.829492 0.832422 0.158203 0.149219
0 0.199805 0.0849243 0.198828 0.139136
0 0.786523 0.381055 0.0660156 0.0558594
0 0.310645 0.606641 0.0708984 0.0398437
0 0.716016 0.41543 0.0382813 0.0753906
0 0.939453 0.419141 0.0632813 0.0664062
0 0.530078 0.462305 0.0914062 0.0949219
0 0.832812 0.811523 0.14375 0.131641
0 0.773438 0.102368 0.121875 0.171045
0 0.414844 0.598437 0.0625 0.0875
0 0.778125 0.8375 0.078125 0.0890625
0 0.846484 0.0837402 0.277344 0.16748
0 0.145313 0.567187 0.0240234 0.0335938
0 0.432227 0.475391 0.0355469 0.0648438
0 0.393164 0.45 0.0261719 0.0460938
0 0.786523 0.703906 0.0753906 0.0734375
0 0.788867 0.111621 0.0363281 0.0376953
0 0.736914 0.801562 0.191797 0.25625
0 0.730469 0.859375 0.18125 0.142188
0 0.674805 0.891406 0.0761719 0.065625
0 0.667578 0.888672 0.0664062 0.0648438
0 0.17627 0.0893799 0.135742 0.145264
0 0.667188 0.885156 0.0609375 0.0609375
0 0.964063 0.417188 0.071875 0.0960938
0 0.765625 0.704688 0.053125 0.06875
0 0.826953 0.541406 0.0445313 0.0578125
0 0.178516 0.0983887 0.142969 0.141504
0 0.658594 0.885156 0.0445313 0.05625
0 0.154834 0.0918945 0.0981445 0.143359
0 0.775391 0.114893 0.124219 0.18623
0 0.132422 0.296973 0.0712891 0.0916016
0 0.973437 0.414453 0.053125 0.0929688
0 0.192969 0.18667 0.19375 0.338379
0 0.764844 0.70957 0.0578125 0.0824219
0 0.41582 0.468555 0.0675781 0.0738281
0 0.820312 0.33877 0.109375 0.174805
0 0.954688 0.432813 0.090625 0.116406
0 0.132324 0.10293 0.0566406 0.109766
0 0.795117 0.218457 0.158203 0.43418
0 0.131006 0.31709 0.0483398 0.0494141
0 0.819141 0.360547 0.111719 0.153906
0 0.318164 0.607031 0.0789063 0.040625
0 0.773242 0.800195 0.253516 0.255859
0 0.232324 0.190527 0.27207 0.354883
0 0.170947 0.183984 0.156543 0.3375
0 0.775 0.703125 0.0671875 0.0742188
0 0.122412 0.299609 0.0547852 0.0839844
0 0.28252 0.112158 0.127539 0.108496
0 0.811914 0.33877 0.112109 0.178711
0 0.774023 0.132495 0.117578 0.177979
0 0.780273 0.217285 0.147266 0.418555
0 0.828906 0.536719 0.0421875 0.05625
0 0.136377 0.316406 0.0604492 0.0554687
0 0.268652 0.355859 0.0580078 0.0554687
0 0.139404 0.102173 0.0645508 0.121826
0 0.823438 0.545313 0.0296875 0.0460938
0 0.812109 0.361328 0.110156 0.15625
0 0.126025 0.316797 0.0313477 0.0425781
0 0.430078 0.468359 0.040625 0.0703125
0 0.27041 0.343457 0.0517578 0.0646484
0 0.248535 0.11499 0.199805 0.105371
0 0.12373 0.312109 0.0361328 0.0535156
0 0.834766 0.539062 0.0570313 0.0679687
0 0.674609 0.898438 0.0804688 0.084375
0 0.785742 0.770703 0.120703 0.205469
0 0.716797 0.8625 0.160156 0.1375
0 0.954297 0.414453 0.0914062 0.122656
0 0.683984 0.898438 0.0765625 0.071875
0 0.763477 0.113354 0.101172 0.184619
0 0.724219 0.803516 0.178125 0.250781
0 0.78125 0.830859 0.059375 0.0679687
0 0.795508 0.262793 0.155859 0.343164
0 0.528711 0.46582 0.0714844 0.0933594
0 0.788867 0.829297 0.0597656 0.0695313
0 0.142871 0.294824 0.0830078 0.0986328
0 0.780078 0.737109 0.0960938 0.147656
0 0.191846 0.164551 0.18584 0.291992
0 0.229687 0.0897217 0.244531 0.13833
0 0.246094 0.0930664 0.228516 0.133984
0 0.759961 0.70918 0.0441406 0.0613281
0 0.840625 0.220703 0.257812 0.441406
0 0.767969 0.701172 0.04375 0.0632813
0 0.193945 0.209766 0.2 0.371094
0 0.133838 0.24585 0.090918 0.198535
0 0.827344 0.349609 0.078125 0.110937
0 0.138672 0.309375 0.0667969 0.0601563
0 0.760547 0.138501 0.0898438 0.137061
0 0.284766 0.131323 0.138281 0.12251
0 0.22251 0.165967 0.246387 0.296191
0 0.773633 0.712891 0.0777344 0.100781
0 0.758594 0.716797 0.0453125 0.0601563
0 0.836328 0.532227 0.0539063 0.0636719
0 0.676172 0.886328 0.0796875 0.0632813
0 0.823828 0.539062 0.0351562 0.0539063
0 0.7875 0.226074 0.157813 0.427539
0 0.314941 0.112744 0.178711 0.111621
0 0.733203 0.831055 0.178906 0.198828
0 0.197168 0.0958252 0.18457 0.153271
0 0.149121 0.307422 0.104492 0.0910156
0 0.329297 0.606055 0.0585938 0.0417969
0 0.952344 0.512891 0.0953125 0.266406
0 0.54707 0.480273 0.123047 0.108203
0 0.795508 0.214648 0.158984 0.417578
0 0.417383 0.461914 0.0605469 0.0652344
0 0.283887 0.0899902 0.136914 0.136816
0 0.298438 0.0947021 0.399219 0.152588
0 0.756641 0.763672 0.128906 0.186719
0 0.548242 0.466406 0.116797 0.090625
0 0.970313 0.427734 0.059375 0.110937
0 0.785156 0.822656 0.0421875 0.059375
0 0.313672 0.0898926 0.196875 0.139746
0 0.32832 0.1146 0.193359 0.110254
0 0.68418 0.892578 0.0761719 0.0617188
0 0.951563 0.454883 0.096875 0.162109
0 0.154492 0.246191 0.128516 0.206055
0 0.756055 0.13125 0.0769531 0.107031
0 0.827344 0.547656 0.0515625 0.0789063
0 0.838672 0.336523 0.0742188 0.100391
0 0.801562 0.399414 0.0828125 0.0800781
0 0.187061 0.30918 0.177441 0.104297
0 0.842188 0.210156 0.2625 0.420312
0 0.233594 0.210742 0.275781 0.394141
0 0.532422 0.482422 0.110937 0.1125
0 0.773438 0.168848 0.115625 0.163867
0 0.926953 0.419141 0.0476562 0.0585938
0 0.541797 0.467187 0.0859375 0.09375
0 0.282129 0.191504 0.37793 0.368555
0 0.130664 0.311426 0.053125 0.0568359
0 0.964844 0.434766 0.0703125 0.125
0 0.807227 0.751172 0.149609 0.191406
0 0.326074 0.0909668 0.216602 0.140527
0 0.262793 0.357715 0.0552734 0.0501953
0 0.777148 0.158789 0.134766 0.291016
0 0.788867 0.382324 0.0738281 0.0666016
0 0.13418 0.302734 0.0835937 0.084375
0 0.75293 0.140625 0.0769531 0.105078
0 0.374414 0.608789 0.173828 0.101172
0 0.821484 0.687012 0.357031 0.625977
0 0.776953 0.837109 0.0789063 0.0945313
0 0.498828 0.0700439 0.0703125 0.124951
0 0.953516 0.428711 0.0914062 0.0996094
0 0.919531 0.41875 0.0421875 0.0523438
0 0.252734 0.383594 0.0929688 0.107031
0 0.189844 0.34082 0.185547 0.164453
0 0.771875 0.831641 0.08125 0.0757812
0 0.937891 0.436523 0.124219 0.123047
0 0.35957 0.113257 0.139453 0.108643
0 0.263477 0.343848 0.0613281 0.0802734
0 0.762305 0.139648 0.0925781 0.108203
0 0.775781 0.697656 0.0578125 0.0632813
0 0.800391 0.828906 0.0773438 0.078125
0 0.878125 0.683594 0.0578125 0.0632813
0 0.680664 0.883594 0.0863281 0.0921875
0 0.356836 0.613086 0.157422 0.0847656
0 0.697461 0.903125 0.0785156 0.0703125
0 0.869531 0.683398 0.05625 0.0613281
0 0.427148 0.464844 0.0871094 0.0867188
0 0.776758 0.382715 0.0433594 0.0501953
0 0.793945 0.15293 0.157422 0.288672
0 0.482812 0.0745361 0.115625 0.127686
0 0.132471 0.0977539 0.0579102 0.123438
0 0.202246 0.34248 0.204883 0.171289
0 0.873047 0.675391 0.0492188 0.059375
0 0.266309 0.360645 0.0693359 0.0833984
0 0.962891 0.472949 0.0742188 0.196289
0 0.139697 0.0953125 0.0625977 0.134961
0 0.780859 0.806836 0.133594 0.176953
0 0.712891 0.882812 0.149219 0.110937
0 0.202441 0.0831543 0.20293 0.14541
0 0.935938 0.417383 0.128125 0.142578
0 0.850391 0.324609 0.0601563 0.0808594
0 0.1354 0.254004 0.0920898 0.186523
0 0.269531 0.334473 0.0507812 0.0728516
0 0.394141 0.456836 0.0257812 0.0449219
0 0.819141 0.653613 0.361719 0.677148
0 0.782227 0.112207 0.0308594 0.0384766
0 0.281445 0.352051 0.0308594 0.0466797
0 0.742578 0.838672 0.202344 0.185156
0 0.257812 0.363672 0.0671875 0.0648438
0 0.792578 0.369531 0.0804688 0.0804688
0 0.237109 0.365332 0.116406 0.138086
0 0.130225 0.285352 0.0762695 0.127344
0 0.772656 0.38418 0.0328125 0.0441406
0 0.316211 0.131958 0.178516 0.125146
0 0.960938 0.42832 0.078125 0.108984
0 0.791992 0.821875 0.0488281 0.0640625
0 0.830078 0.83125 0.149219 0.139063
0 0.77207 0.834766 0.254297 0.189844
0 0.743164 0.13999 0.0550781 0.0950195
0 0.432227 0.458984 0.0316406 0.0554687
0 0.254492 0.13335 0.196094 0.123535
0 0.782617 0.116602 0.0332031 0.0416016
0 0.841406 0.327734 0.0625 0.0761719
0 0.189063 0.360449 0.189844 0.14707
0 0.658594 0.888281 0.0484375 0.05625
0 0.824609 0.367969 0.0976562 0.132812
0 0.323242 0.606445 0.0855469 0.0410156
0 0.729492 0.870313 0.181641 0.146875
0 0.915625 0.570312 0.084375 0.0828125
0 0.14707 0.315918 0.0757812 0.0615234
0 0.653906 0.883984 0.0320312 0.0539063
0 0.324902 0.613281 0.0982422 0.06875
0 0.830273 0.682129 0.339453 0.635742
0 0.534961 0.465039 0.108203 0.0933594
0 0.855859 0.243945 0.288281 0.487891
0 0.800977 0.383496 0.0855469 0.100195
0 0.41582 0.599219 0.0589844 0.0835937
0 0.506836 0.0740723 0.104297 0.12627
0 0.254395 0.364941 0.0916016 0.122461
0 0.150195 0.295801 0.108984 0.0978516
0 0.966797 0.414062 0.0664062 0.129688
0 0.424805 0.479883 0.0816406 0.0980469
0 0.889063 0.560156 0.164062 0.132812
0 0.830859 0.34082 0.0554687 0.0753906
0 0.802148 0.71543 0.133203 0.131641
0 0.778711 0.840234 0.120703 0.133594
0 0.742773 0.133008 0.0574219 0.0980469
0 0.804688 0.27998 0.05 0.0560547
0 0.808203 0.811328 0.153906 0.146094
0 0.238281 0.384277 0.108984 0.105664
0 0.134668 0.288184 0.0861328 0.105273
0 0.528711 0.0639404 0.137891 0.118213
0 0.129297 0.319824 0.0632813 0.0673828
0 0.42207 0.448633 0.0386719 0.0425781
0 0.776758 0.824219 0.0621094 0.06875
0 0.935156 0.507031 0.129688 0.246094
0 0.775 0.111475 0.0359375 0.0418945
0 0.785742 0.712305 0.0878906 0.104297
0 0.272363 0.151465 0.348242 0.270508
0 0.787305 0.703125 0.0800781 0.0757812
0 0.532617 0.271875 0.0378906 0.0476562
0 0.810938 0.773828 0.167187 0.222656
0 0.764453 0.724805 0.0648438 0.106641
0 0.557422 0.466211 0.0914062 0.0964844
0 0.759766 0.154932 0.0867188 0.122949
0 0.775 0.188867 0.120313 0.191016
0 0.85625 0.214453 0.2875 0.428906
0 0.740039 0.180078 0.0457031 0.053125
0 0.786328 0.836328 0.0757812 0.0914062
0 0.721484 0.777148 0.171094 0.301953
0 0.136719 0.321777 0.0703125 0.0775391
0 0.935938 0.516406 0.128125 0.223438
0 0.750781 0.182129 0.0671875 0.0623047
0 0.789844 0.396484 0.075 0.0734375
0 0.777344 0.219336 0.121875 0.190234
0 0.985938 0.0265137 0.028125 0.0530273
0 0.49043 0.0682861 0.0707031 0.121045
0 0.234668 0.342285 0.127539 0.169336
0 0.8125 0.27998 0.053125 0.0580078
0 0.836719 0.352051 0.08125 0.118555
0 0.756641 0.721484 0.0554687 0.0851563
0 0.425195 0.572852 0.0550781 0.0839844
0 0.793555 0.110596 0.159766 0.215527
0 0.503906 0.0629639 0.0953125 0.114502
0 0.234668 0.0833496 0.258008 0.145605
0 0.225098 0.315527 0.260742 0.194727
0 0.779492 0.373535 0.0457031 0.0615234
0 0.769922 0.838281 0.0867188 0.0953125
0 0.67832 0.899219 0.0863281 0.0859375
0 0.430859 0.44707 0.0234375 0.0324219
0 0.903906 0.504687 0.192188 0.240625
0 0.991406 0.0174805 0.0171875 0.0349609
0 0.526758 0.47793 0.0777344 0.0746094
0 0.835547 0.678125 0.199219 0.129688
0 0.40625 0.460938 0.0648438 0.0671875
0 0.20415 0.310254 0.213184 0.124805
0 0.773438 0.726562 0.0828125 0.11875
0 0.775586 0.113452 0.137891 0.219971
0 0.836133 0.157178 0.248047 0.308691
0 0.407617 0.46875 0.0691406 0.071875
0 0.766602 0.127344 0.0808594 0.0925781
0 0.234668 0.0931641 0.260352 0.149023
0 0.736523 0.782422 0.187891 0.280469
0 0.820312 0.35293 0.0578125 0.0925781
0 0.412305 0.463867 0.0964844 0.0886719
0 0.832812 0.255078 0.24375 0.38125
0 0.503711 0.507812 0.0527344 0.0585938
0 0.323633 0.62832 0.0996094 0.0957031
0 0.932031 0.659766 0.135937 0.153125
0 0.534375 0.442188 0.0289063 0.0460938
0 0.823047 0.548047 0.0304688 0.0421875
0 0.431738 0.0841553 0.217773 0.145361
0 0.807422 0.835156 0.161719 0.134375
0 0.644336 0.561914 0.0261719 0.0386719
0 0.420117 0.593164 0.0394531 0.0558594
0 0.519141 0.274512 0.0445313 0.0455078
0 0.877344 0.688867 0.065625 0.0753906
0 0.204492 0.271094 0.0347656 0.0441406
0 0.464258 0.080127 0.142578 0.140137
0 0.49043 0.0412598 0.0589844 0.0629883
0 0.455273 0.394336 0.0300781 0.0480469
0 0.953516 0.883594 0.0929688 0.16875
0 0.513086 0.482227 0.0980469 0.116016
0 0.585156 0.479102 0.0273438 0.0371094
0 0.125586 0.105176 0.04375 0.096875
0 0.429297 0.564063 0.0445313 0.0726563
0 0.813086 0.826563 0.0863281 0.0859375
0 0.970313 0.516406 0.059375 0.285938
0 0.360352 0.0896729 0.172266 0.140576
0 0.432422 0.47793 0.0351562 0.0589844
0 0.780078 0.709961 0.0914062 0.106641
0 0.660937 0.880469 0.0492188 0.0640625
0 0.311719 0.607031 0.0714844 0.0390625
0 0.754492 0.802539 0.161328 0.229297
0 0.8125 0.291016 0.065625 0.0902344
0 0.230664 0.109277 0.235938 0.118945
0 0.783594 0.787109 0.1375 0.235156
0 0.880078 0.491504 0.239844 0.289648
0 0.933594 0.633789 0.132812 0.182422
0 0.832617 0.811328 0.142578 0.136719
0 0.170605 0.167236 0.14707 0.29248
0 0.19375 0.316797 0.199609 0.209375
0 0.812695 0.366211 0.0855469 0.117578
0 0.915234 0.426172 0.0632813 0.0859375
0 0.805078 0.272168 0.0398437 0.0474609
0 0.795508 0.327148 0.157422 0.229297
0 0.332031 0.602148 0.053125 0.0347656
0 0.727148 0.858984 0.169141 0.141406
0 0.674805 0.891797 0.0753906 0.0648438
0 0.192725 0.19541 0.18291 0.356055
0 0.13291 0.296094 0.0695313 0.0953125
0 0.666797 0.888672 0.0632813 0.0617188
0 0.666797 0.884766 0.0585938 0.0601563
0 0.966406 0.418652 0.0671875 0.0908203
0 0.155078 0.0926758 0.0960938 0.141992
0 0.775586 0.114624 0.116016 0.184814
0 0.717383 0.862109 0.157422 0.136719
0 0.131152 0.317578 0.0488281 0.0507812
0 0.177539 0.0991211 0.137109 0.143164
0 0.175781 0.0885498 0.13125 0.146533
0 0.819922 0.362305 0.110156 0.163672
0 0.811523 0.36084 0.109766 0.167383
0 0.957031 0.43418 0.0859375 0.110547
0 0.737305 0.851953 0.186328 0.161719
0 0.764648 0.706055 0.0457031 0.0628906
0 0.826953 0.541797 0.0398437 0.0570313
0 0.17334 0.190918 0.154883 0.349414
0 0.136377 0.316895 0.0592773 0.0564453
0 0.799414 0.225 0.158984 0.445312
0 0.722266 0.803125 0.171094 0.246875
0 0.658789 0.885156 0.0425781 0.0546875
0 0.318262 0.606445 0.0744141 0.0394531
0 0.975 0.415234 0.05 0.0859375
0 0.774609 0.802148 0.257031 0.247266
0 0.821289 0.691406 0.357422 0.6125
0 0.142334 0.293848 0.0817383 0.103711
0 0.139697 0.102881 0.0604492 0.121973
0 0.27959 0.201611 0.36582 0.388965
0 0.136084 0.286816 0.0833008 0.111133
0 0.416602 0.468945 0.0628906 0.0699219
0 0.781445 0.83125 0.0511719 0.065625
0 0.763867 0.711133 0.0519531 0.0761719
0 0.755273 0.133008 0.0707031 0.105078
0 0.233057 0.199268 0.268652 0.37334
0 0.736523 0.803906 0.191016 0.24375
0 0.952344 0.452734 0.0953125 0.148438
0 0.847461 0.226953 0.261328 0.453906
0 0.194238 0.220996 0.191211 0.422852
0 0.971484 0.429883 0.0570313 0.112891
0 0.764258 0.113184 0.0949219 0.183008
0 0.775 0.130322 0.110937 0.187012
0 0.148828 0.309473 0.1 0.102539
0 0.676367 0.885938 0.0792969 0.0625
0 0.268652 0.355859 0.0521484 0.0539063
0 0.762109 0.132031 0.0867188 0.150781
0 0.1354 0.302051 0.0811523 0.0927734
0 0.820703 0.342383 0.108594 0.186328
0 0.788281 0.830469 0.0546875 0.0703125
0 0.132568 0.103662 0.0543945 0.109082
0 0.798047 0.257422 0.153906 0.375781
0 0.284961 0.110669 0.119141 0.118115
0 0.329785 0.605859 0.0533203 0.0398437
0 0.271484 0.344531 0.0453125 0.059375
0 0.136377 0.322363 0.0672852 0.0787109
0 0.77207 0.704492 0.0574219 0.0683594
0 0.772656 0.850977 0.251563 0.165234
0 0.683789 0.898438 0.0769531 0.0765625
0 0.138623 0.308984 0.0657227 0.0640625
0 0.195117 0.102661 0.177734 0.168896
0 0.233936 0.22041 0.27002 0.427148
0 0.780469 0.221191 0.1375 0.42793
0 0.810938 0.341602 0.110937 0.189453
0 0.674414 0.898828 0.0808594 0.0867188
0 0.13667 0.251904 0.0911133 0.193066
0 0.535352 0.0598145 0.152734 0.113965
0 0.431055 0.468945 0.0363281 0.0667969
0 0.768945 0.700781 0.0355469 0.0554687
0 0.895312 0.493652 0.209375 0.271289
0 0.251855 0.112744 0.193164 0.116699
0 0.154102 0.0998047 0.0925781 0.137109
0 0.188379 0.360547 0.186523 0.15
0 0.829297 0.536719 0.0382813 0.0554687
0 0.291309 0.0970215 0.381445 0.161816
0 0.124072 0.297852 0.059082 0.090625
0 0.534766 0.470117 0.0828125 0.0855469
0 0.849219 0.216406 0.265625 0.432813
0 0.961328 0.429492 0.0773438 0.108203
0 0.955078 0.911328 0.0898438 0.172656
0 0.126074 0.317578 0.0320312 0.0449219
0 0.28623 0.133276 0.129102 0.135791
0 0.824219 0.545508 0.028125 0.0449219
0 0.335547 0.111865 0.144531 0.119238
0 0.834375 0.540234 0.053125 0.0679687
0 0.953516 0.883984 0.0929688 0.172656
0 0.125391 0.312207 0.0414063 0.0572266
0 0.77168 0.832031 0.0753906 0.075
0 0.762891 0.139551 0.0898438 0.107227
0 0.1896 0.341016 0.180566 0.180469
0 0.785156 0.823047 0.0390625 0.0570313
0 0.800781 0.220654 0.159375 0.429004
0 0.31748 0.111523 0.161914 0.120117
0 0.952344 0.516797 0.0953125 0.271094
0 0.80293 0.398242 0.0847656 0.0925781
0 0.787891 0.228613 0.147656 0.438867
0 0.877734 0.683984 0.0570313 0.0648438
0 0.954297 0.429883 0.0882813 0.0988281
0 0.322949 0.604492 0.0833984 0.0378906
0 0.187891 0.312695 0.175 0.135547
0 0.683789 0.892578 0.0753906 0.0632813
0 0.822266 0.705859 0.355469 0.557031
0 0.150586 0.291895 0.104297 0.108789
0 0.820703 0.668457 0.358594 0.638086
0 0.776563 0.160889 0.123438 0.298145
0 0.776367 0.837109 0.0738281 0.0914062
0 0.546484 0.471484 0.090625 0.0851563
0 0.158691 0.242236 0.133789 0.22334
0 0.130371 0.286133 0.0755859 0.129297
0 0.760742 0.709766 0.0363281 0.0554687
0 0.838672 0.337695 0.0679687 0.102734
0 0.358789 0.110425 0.109766 0.11626
0 0.836719 0.531836 0.0515625 0.0644531
0 0.86875 0.683789 0.0578125 0.0636719
0 0.729102 0.843359 0.166797 0.166406
0 0.719922 0.754687 0.169531 0.353125
0 0.170313 0.173486 0.141406 0.308496
0 0.759375 0.718164 0.0375 0.0558594
0 0.858984 0.238281 0.282031 0.476562
0 0.933203 0.660742 0.133594 0.158203
0 0.317578 0.133057 0.157813 0.134668
0 0.192676 0.173584 0.179102 0.315332
0 0.783984 0.744922 0.289844 0.397656
0 0.262402 0.358301 0.0486328 0.0498047
0 0.95625 0.413965 0.0875 0.12207
0 0.897656 0.553516 0.204688 0.3375
0 0.845703 0.109961 0.261719 0.219922
0 0.977344 0.464453 0.0453125 0.0695313
0 0.181445 0.138623 0.151172 0.216113
0 0.926562 0.419727 0.0453125 0.0597656
0 0.939844 0.437695 0.120313 0.118359
0 0.776172 0.114697 0.128906 0.221777
0 0.131396 0.311328 0.0536133 0.0597656
0 0.236914 0.364063 0.112109 0.146094
0 0.753711 0.141113 0.0691406 0.10293
0 0.146875 0.316016 0.0757812 0.0636719
0 0.35957 0.131567 0.125391 0.129834
0 0.965625 0.437109 0.06875 0.121094
0 0.129688 0.320898 0.0615234 0.0679687
0 0.776953 0.824609 0.0554687 0.0695313
0 0.336914 0.132788 0.144922 0.134814
0 0.418945 0.462891 0.0550781 0.0695313
0 0.843164 0.155908 0.252734 0.302246
0 0.826172 0.352734 0.0695313 0.121875
0 0.528711 0.0430298 0.137891 0.0842529
0 0.824609 0.538477 0.0335938 0.0527344
0 0.928125 0.554102 0.14375 0.347266
0 0.491211 0.0331055 0.0558594 0.0579102
0 0.785742 0.837109 0.0707031 0.0914062
0 0.730469 0.886328 0.185938 0.189844
0 0.258398 0.364453 0.0570313 0.0640625
0 0.232959 0.0965332 0.252051 0.159277
0 0.919531 0.418555 0.0390625 0.0519531
0 0.316992 0.0886719 0.183203 0.145703
0 0.45498 0.119409 0.719727 0.227588
0 0.915625 0.569141 0.078125 0.0820312
0 0.26377 0.345508 0.0568359 0.0769531
0 0.257715 0.135254 0.183789 0.146289
0 0.249365 0.0910156 0.234082 0.141016
0 0.789453 0.385352 0.0773438 0.0855469
0 0.832031 0.634961 0.335938 0.598828
0 0.481641 0.0718994 0.109375 0.126123
0 0.937109 0.506055 0.125781 0.243359
0 0.743945 0.133789 0.0542969 0.0957031
0 0.801953 0.382422 0.0867188 0.121094
0 0.201855 0.338867 0.199414 0.189453
0 0.827344 0.550391 0.046875 0.08125
0 0.935938 0.115039 0.128125 0.228516
0 0.251953 0.38418 0.0898438 0.109766
0 0.266309 0.360645 0.0650391 0.0833984
0 0.139893 0.0960938 0.0594727 0.135937
0 0.237305 0.383984 0.104297 0.108594
0 0.796289 0.359277 0.112109 0.176758
0 0.872266 0.674805 0.0523438 0.0644531
0 0.231396 0.0882813 0.249707 0.141016
0 0.876563 0.689453 0.0625 0.075
0 0.546875 0.0570068 0.157031 0.109814
0 0.760938 0.15459 0.0828125 0.124023
0 0.205713 0.362012 0.172168 0.151758
0 0.498242 0.0683106 0.0730469 0.121973
0 0.858398 0.111719 0.283203 0.223438
0 0.79707 0.154395 0.154297 0.293164
0 0.489844 0.0403442 0.0578125 0.0638428
0 0.864453 0.69082 0.271094 0.618359
0 0.35127 0.211377 0.514648 0.414746
0 0.963672 0.466992 0.0726563 0.175391
0 0.837109 0.355273 0.0773438 0.128516
0 0.824219 0.369336 0.0921875 0.140234
0 0.245898 0.417188 0.0355469 0.0539063
0 0.792773 0.370703 0.0816406 0.0953125
0 0.774414 0.698047 0.0449219 0.05625
0 0.269824 0.335254 0.0486328 0.0740234
0 0.772461 0.714453 0.0675781 0.0960938
0 0.330078 0.0880127 0.170313 0.149756
0 0.142529 0.100024 0.0700195 0.133154
0 0.769141 0.838281 0.0820312 0.09375
0 0.287891 0.0887695 0.132031 0.141016
0 0.766406 0.127637 0.0796875 0.0929688
0 0.774609 0.166992 0.110156 0.166406
0 0.239551 0.410156 0.0533203 0.0578125
0 0.69707 0.903125 0.0785156 0.075
0 0.976562 0.910156 0.046875 0.0984375
0 0.776563 0.381836 0.0421875 0.0542969
0 0.795898 0.339063 0.155078 0.453125
0 0.222314 0.176123 0.239746 0.321973
0 0.280957 0.351465 0.0291016 0.0458984
0 0.740625 0.755664 0.198437 0.338672
0 0.849609 0.324902 0.0539063 0.0783203
0 0.195166 0.336914 0.18623 0.204297
0 0.584375 0.47793 0.0265625 0.0402344
0 0.155566 0.252734 0.122461 0.19375
0 0.355859 0.120215 0.0929688 0.0728516
0 0.743555 0.140039 0.0519531 0.0925781
0 0.764063 0.725977 0.059375 0.105859
0 0.503516 0.0592285 0.0929688 0.11084
0 0.955469 0.929297 0.0890625 0.141406
0 0.253223 0.364844 0.0900391 0.136719
0 0.312695 0.60625 0.0683594 0.0382813
0 0.134326 0.330566 0.0821289 0.123242
0 0.950781 0.495898 0.0984375 0.235547
0 0.887891 0.536719 0.157031 0.157813
0 0.798047 0.683203 0.344531 0.592969
0 0.976562 0.473047 0.046875 0.0921875
0 0.282715 0.223828 0.37207 0.447656
0 0.858789 0.216211 0.282422 0.432422
0 0.84082 0.255762 0.248047 0.441602
0 0.497852 0.0499023 0.0683594 0.0921875
0 0.799219 0.111426 0.164062 0.216602
0 0.782031 0.111963 0.028125 0.0374023
0 0.772852 0.383301 0.0324219 0.0451172
0 0.455273 0.393945 0.0285156 0.0488281
0 0.791016 0.822656 0.0429688 0.0609375
0 0.966797 0.888281 0.0664062 0.18125
0 0.28457 0.158984 0.136328 0.166406
0 0.180176 0.186426 0.17207 0.332617
0 0.85918 0.158203 0.281641 0.316406
0 0.905469 0.501953 0.189063 0.235156
0 0.48418 0.0343384 0.0441406 0.0563232
0 0.8125 0.128271 0.189063 0.205957
0 0.180518 0.160986 0.16084 0.25459
0 0.330469 0.601367 0.0523438 0.0332031
0 0.799219 0.830859 0.0703125 0.0773438
0 0.815625 0.400098 0.09375 0.0966797
0 0.183496 0.223926 0.182227 0.26543
0 0.780859 0.737109 0.0960938 0.152344
0 0.227441 0.319727 0.258008 0.225391
0 0.508203 0.0721924 0.10625 0.1271
0 0.316895 0.605273 0.0763672 0.0386719
0 0.848047 0.339648 0.0679687 0.112109
0 0.432422 0.461719 0.03125 0.0625
0 0.930469 0.497949 0.139063 0.269727
0 0.976953 0.455664 0.0460938 0.0660156
0 0.914453 0.426758 0.0585938 0.0839844
0 0.933203 0.62168 0.133594 0.217578
0 0.195703 0.310547 0.191016 0.241406
0 0.812109 0.114233 0.189844 0.190283
0 0.440332 0.0832275 0.188867 0.149951
0 0.202344 0.0823608 0.196484 0.151685
0 0.15 0.340527 0.103906 0.15332
0 0.547266 0.481055 0.110156 0.0949219
0 0.564258 0.167773 0.0746094 0.101953
0 0.739844 0.180371 0.04375 0.0544922
0 0.482031 0.0594238 0.0953125 0.110059
0 0.231641 0.108081 0.239844 0.125244
0 0.842188 0.328223 0.053125 0.0712891
0 0.814648 0.380762 0.0988281 0.127539
0 0.887891 0.594922 0.224219 0.444531
0 0.240234 0.397168 0.084375 0.105664
0 0.498828 0.0408813 0.0617188 0.0660889
0 0.779492 0.372559 0.0441406 0.0634766
0 0.903906 0.518359 0.192188 0.202344
0 0.482617 0.0401001 0.0472656 0.0572998
0 0.967578 0.9125 0.0648438 0.175
0 0.783008 0.116455 0.0292969 0.0391602
0 0.8 0.653223 0.39375 0.64668
0 0.499414 0.0311768 0.0746094 0.0623535
0 0.761523 0.833594 0.0894531 0.078125
0 0.75 0.166504 0.0734375 0.154492
0 0.954688 0.438281 0.090625 0.103125
0 0.948828 0.121484 0.102344 0.242969
0 0.312109 0.158594 0.154688 0.165234
0 0.545898 0.0430664 0.151172 0.0833984
0 0.356445 0.0994385 0.521484 0.174561
0 0.13291 0.0989746 0.0537109 0.124707
0 0.958984 0.657617 0.0820312 0.158984
0 0.720703 0.847656 0.178906 0.173438
0 0.341309 0.122656 0.0876953 0.0671875
0 0.814453 0.154199 0.194531 0.197852
0 0.937109 0.513281 0.125781 0.254688
0 0.807617 0.7125 0.142578 0.139063
0 0.136182 0.34043 0.0807617 0.114453
0 0.917188 0.662695 0.1625 0.140234
0 0.707422 0.707031 0.186719 0.464063
0 0.490039 0.0487061 0.0644531 0.0891113
0 0.560156 0.471289 0.0859375 0.0863281
0 0.820117 0.380762 0.108203 0.136914
0 0.932422 0.683789 0.135156 0.166797
0 0.644141 0.562109 0.025 0.0382813
0 0.890234 0.504883 0.161719 0.221484
0 0.742578 0.799805 0.196094 0.237891
0 0.150098 0.090332 0.0892578 0.138477
0 0.730469 0.855078 0.178125 0.139844
0 0.276953 0.18252 0.365625 0.347852
0 0.675781 0.891016 0.078125 0.0617188
0 0.202246 0.185059 0.201758 0.341602
0 0.775195 0.109668 0.115234 0.172852
0 0.66582 0.884375 0.0566406 0.0578125
0 0.132666 0.298438 0.0666992 0.0890625
0 0.964453 0.416895 0.0710938 0.0912109
0 0.71875 0.858984 0.160938 0.133594
0 0.171094 0.185596 0.150781 0.345215
0 0.775195 0.798828 0.254297 0.242969
0 0.764844 0.109448 0.096875 0.17251
0 0.284961 0.0977783 0.374609 0.163037
0 0.244482 0.184863 0.293848 0.34707
0 0.666016 0.888281 0.0617188 0.059375
0 0.823438 0.689258 0.353125 0.601172
0 0.725586 0.799805 0.176953 0.242578
0 0.138721 0.103247 0.065332 0.126123
0 0.676953 0.885156 0.0804688 0.0609375
0 0.973828 0.413379 0.0523438 0.0857422
0 0.315918 0.0870361 0.185352 0.138232
0 0.33125 0.0870361 0.163281 0.13999
0 0.723437 0.761133 0.18125 0.329297
0 0.85293 0.209375 0.272266 0.404687
0 0.142725 0.295801 0.0801758 0.0978516
0 0.658789 0.884766 0.0417969 0.0523438
0 0.131689 0.103711 0.0575195 0.109766
0 0.131299 0.31748 0.0479492 0.0482422
0 0.826953 0.541602 0.0382813 0.0550781
0 0.764844 0.705859 0.0453125 0.0617188
0 0.179883 0.0981201 0.144922 0.148682
0 0.957422 0.433789 0.0851563 0.111328
0 0.176953 0.0862549 0.135156 0.145068
0 0.136133 0.285938 0.0839844 0.108594
0 0.317383 0.105737 0.183203 0.1229
0 0.138184 0.308594 0.0646484 0.0617188
0 0.733203 0.843359 0.175781 0.160156
0 0.136035 0.316797 0.0580078 0.0539063
0 0.823438 0.724805 0.353125 0.494141
0 0.357812 0.0859131 0.113281 0.140283
0 0.755273 0.133105 0.0722656 0.108789
0 0.357617 0.105347 0.113672 0.115674
0 0.789062 0.755664 0.29375 0.354297
0 0.851758 0.109424 0.268359 0.210449
0 0.275293 0.0848145 0.344727 0.141699
0 0.812305 0.360352 0.112891 0.171484
0 0.336328 0.105493 0.151562 0.121826
0 0.853516 0.232227 0.269531 0.457422
0 0.824609 0.361035 0.103906 0.16543
0 0.75 0.762305 0.20625 0.314453
0 0.776758 0.117651 0.132422 0.214697
0 0.848242 0.157129 0.259766 0.295117
0 0.684961 0.891797 0.0792969 0.0601563
0 0.773828 0.162891 0.121094 0.299219
0 0.363867 0.100317 0.537891 0.170068
0 0.805664 0.21543 0.171484 0.411328
0 0.779297 0.217725 0.146094 0.414551
0 0.769141 0.699219 0.0335938 0.053125
0 0.331934 0.605664 0.0458984 0.0371094
0 0.829688 0.536523 0.0359375 0.0542969
0 0.823047 0.673926 0.353906 0.613086
0 0.294238 0.10603 0.143555 0.121729
0 0.951563 0.884375 0.096875 0.182812
0 0.670117 0.877734 0.0644531 0.0742188
0 0.268164 0.176025 0.337891 0.325293
0 0.887109 0.545703 0.225781 0.325
0 0.319531 0.606055 0.071875 0.0378906
0 0.835547 0.531836 0.0476562 0.0628906
0 0.134717 0.302246 0.0829102 0.0966797
0 0.805859 0.230566 0.175781 0.44668
0 0.123291 0.300098 0.055957 0.0837891
0 0.460449 0.11416 0.732227 0.210742
0 0.77207 0.704688 0.0558594 0.0671875
0 0.764063 0.711914 0.0515625 0.0761719
0 0.785742 0.767188 0.126953 0.198437
0 0.142627 0.0906006 0.0725586 0.142627
0 0.165234 0.176709 0.130469 0.321973
0 0.953516 0.453125 0.0929688 0.148438
0 0.927344 0.419531 0.0421875 0.0554687
0 0.139648 0.0956055 0.0628906 0.138477
0 0.775 0.129004 0.1125 0.186133
0 0.137109 0.253662 0.0917969 0.184082
0 0.124854 0.31123 0.0407227 0.0572266
0 0.969922 0.428125 0.0601563 0.110156
0 0.142383 0.0981201 0.071875 0.133447
0 0.788086 0.830078 0.0566406 0.0679687
0 0.294824 0.0867676 0.149414 0.138379
0 0.685156 0.898047 0.084375 0.0789063
0 0.15 0.0984619 0.0890625 0.139209
0 0.699023 0.709766 0.228516 0.442969
0 0.430859 0.466992 0.0351562 0.0675781
0 0.77168 0.845313 0.253516 0.173438
0 0.883203 0.49082 0.233594 0.271484
0 0.150391 0.290723 0.105469 0.108789
0 0.746875 0.844727 0.203125 0.168359
0 0.960547 0.428516 0.0789063 0.110937
0 0.953906 0.90625 0.0921875 0.184375
0 0.858008 0.108691 0.283984 0.217383
0 0.130908 0.31084 0.0532227 0.0587891
0 0.833984 0.539648 0.0507812 0.0636719
0 0.784375 0.822656 0.04375 0.059375
0 0.954688 0.429688 0.0875 0.0992187
0 0.801953 0.253711 0.171094 0.433203
0 0.830664 0.652734 0.338672 0.597656
0 0.417773 0.467187 0.0597656 0.0703125
0 0.148242 0.310156 0.101172 0.110937
0 0.201172 0.106519 0.191797 0.17915
0 0.232227 0.0866699 0.253516 0.13877
0 0.953516 0.517188 0.0929688 0.26875
0 0.766016 0.699805 0.325781 0.469141
0 0.780469 0.830469 0.0578125 0.065625
0 0.235352 0.179688 0.269922 0.332031
0 0.125879 0.31748 0.0314453 0.0419922
0 0.675586 0.9 0.0839844 0.090625
0 0.786523 0.231152 0.159766 0.44082
0 0.811523 0.340723 0.114453 0.179492
0 0.774609 0.697266 0.0429688 0.0554687
0 0.248242 0.0991699 0.287891 0.166895
0 0.824219 0.339941 0.104688 0.175586
0 0.801562 0.678906 0.371875 0.560938
0 0.433398 0.082251 0.203516 0.145068
0 0.742578 0.891797 0.210156 0.203906
0 0.920313 0.418359 0.0375 0.0484375
0 0.132275 0.098877 0.0555664 0.124707
0 0.825977 0.802344 0.348047 0.267188
0 0.743359 0.134229 0.0554687 0.0959961
0 0.68125 0.873438 0.0953125 0.0890625
0 0.858984 0.201172 0.282031 0.402344
0 0.848633 0.283887 0.262109 0.530664
0 0.782422 0.746484 0.103906 0.185156
0 0.837891 0.336914 0.0695313 0.104297
0 0.130859 0.287012 0.0720703 0.127539
0 0.254541 0.0881348 0.245605 0.137793
0 0.462891 0.0783447 0.129688 0.137646
0 0.877734 0.683398 0.0554687 0.0628906
0 0.196191 0.17832 0.187695 0.330078
0 0.950781 0.857813 0.0984375 0.170313
0 0.136523 0.32207 0.0652344 0.075
0 0.956641 0.413672 0.0867188 0.114063
0 0.7625 0.139648 0.0859375 0.10625
0 0.255664 0.107837 0.212891 0.122803
0 0.85918 0.157568 0.281641 0.303613
0 0.824609 0.545313 0.0273438 0.0429688
0 0.146094 0.316113 0.0730469 0.0611328
0 0.482031 0.0743652 0.125781 0.12998
0 0.858594 0.23916 0.282813 0.476367
0 0.324805 0.60293 0.0789063 0.0324219
0 0.268945 0.355566 0.0496094 0.0498047
0 0.331055 0.601172 0.0390625 0.0304688
0 0.688086 0.885547 0.0894531 0.0648438
0 0.764648 0.727148 0.0582031 0.109766
0 0.431836 0.458594 0.0292969 0.05625
0 0.825 0.538086 0.0328125 0.0511719
0 0.791211 0.822266 0.0457031 0.0617188
0 0.853125 0.089502 0.275 0.176074
0 0.270996 0.34502 0.0458984 0.0556641
0 0.860547 0.689844 0.278906 0.614062
0 0.775781 0.823047 0.065625 0.0695313
0 0.80293 0.114917 0.173828 0.206885
0 0.34541 0.188232 0.501367 0.36416
0 0.7625 0.127832 0.0875 0.147461
0 0.76582 0.127246 0.0777344 0.0955078
0 0.759961 0.764453 0.123828 0.189844
0 0.155078 0.254834 0.121094 0.184863
0 0.965625 0.436914 0.06875 0.122266
0 0.130664 0.115991 0.0515625 0.0854004
0 0.533008 0.0604248 0.180859 0.114307
0 0.800195 0.830469 0.0714844 0.075
0 0.813281 0.752539 0.164062 0.210547
0 0.939844 0.437305 0.120313 0.117578
0 0.843945 0.539258 0.312109 0.373047
0 0.870313 0.673633 0.053125 0.0613281
0 0.926562 0.547266 0.146875 0.342969
0 0.835938 0.35625 0.078125 0.133594
0 0.532813 0.47207 0.0726563 0.0800781
0 0.387012 0.0840088 0.131445 0.144092
0 0.799023 0.157715 0.162891 0.292383
0 0.761328 0.709766 0.0335938 0.053125
0 0.867578 0.683008 0.0585938 0.0621094
0 0.293555 0.134595 0.157422 0.151123
0 0.824609 0.351855 0.0648438 0.118945
0 0.421289 0.458984 0.0449219 0.0585938
0 0.182031 0.140332 0.157031 0.225586
0 0.775 0.67002 0.409375 0.591211
0 0.455664 0.394141 0.0277344 0.0476562
0 0.314648 0.134985 0.191016 0.153857
0 0.430273 0.446289 0.0214844 0.0324219
0 0.125098 0.1073 0.0431641 0.0953613
0 0.858398 0.440625 0.283203 0.88125
0 0.358008 0.110962 0.104297 0.0907715
0 0.753125 0.141602 0.0703125 0.101172
0 0.849609 0.324609 0.0554687 0.0789063
0 0.824609 0.858789 0.350781 0.218359
0 0.440527 0.0860107 0.692383 0.148682
0 0.796289 0.424316 0.173047 0.831055
0 0.294238 0.10752 0.0943359 0.0931641
0 0.7875 0.66377 0.425 0.605273
0 0.826953 0.548828 0.0476562 0.0789063
0 0.357324 0.133472 0.129102 0.1479
0 0.937891 0.508008 0.124219 0.242578
0 0.383887 0.104858 0.119727 0.11958
0 0.786523 0.836719 0.0722656 0.0890625
0 0.74082 0.797656 0.198047 0.253125
0 0.149512 0.0885742 0.0900391 0.141992
0 0.730273 0.855859 0.175391 0.141406
0 0.709375 0.762109 0.215625 0.335156
0 0.665039 0.884375 0.0558594 0.059375
0 0.694336 0.709766 0.248828 0.442969
0 0.168555 0.18833 0.145703 0.355371
0 0.199072 0.187695 0.197168 0.352734
0 0.319531 0.606445 0.0730469 0.0386719
0 0.674414 0.892188 0.0753906 0.0640625
0 0.131445 0.298633 0.0644531 0.0886719
0 0.746875 0.768945 0.221875 0.310547
0 0.665039 0.889063 0.0613281 0.0609375
0 0.282617 0.185205 0.376953 0.359277
0 0.332031 0.606055 0.0464844 0.0378906
0 0.658789 0.884766 0.0433594 0.0554687
0 0.974219 0.412793 0.0515625 0.0798828
0 0.339648 0.189795 0.486328 0.371973
0 0.130469 0.10354 0.0611328 0.113037
0 0.964453 0.416406 0.0710938 0.0828125
0 0.724219 0.799609 0.185938 0.252344
0 0.720117 0.859375 0.162891 0.135937
0 0.131104 0.317871 0.0479492 0.0478516
0 0.732031 0.839648 0.171875 0.169141
0 0.775977 0.109766 0.118359 0.173047
0 0.324805 0.604688 0.0796875 0.0367188
0 0.137402 0.102905 0.0693359 0.128564
0 0.141797 0.295703 0.078125 0.0976562
0 0.826563 0.541406 0.0390625 0.05625
0 0.783594 0.769141 0.129688 0.205469
0 0.13584 0.31709 0.0576172 0.0537109
0 0.754297 0.131543 0.0742188 0.107617
0 0.763672 0.109277 0.0992187 0.168945
0 0.764648 0.706055 0.0457031 0.0636719
0 0.138721 0.094873 0.0665039 0.140723
0 0.674805 0.885156 0.0761719 0.0625
0 0.772656 0.794336 0.25625 0.261328
0 0.142676 0.0891602 0.0751953 0.145508
0 0.137549 0.308594 0.0633789 0.0632813
0 0.177246 0.0851074 0.138086 0.148145
0 0.131592 0.098291 0.0594727 0.126855
0 0.314063 0.0855713 0.192188 0.140576
0 0.759375 0.705664 0.389062 0.451172
0 0.785937 0.760938 0.30625 0.346875
0 0.829297 0.536328 0.0351562 0.0554687
0 0.328809 0.0860596 0.17207 0.143311
0 0.12207 0.299609 0.05625 0.0855469
0 0.136182 0.286816 0.0858398 0.114648
0 0.788477 0.688281 0.419922 0.520312
0 0.180078 0.098584 0.149219 0.157129
0 0.757812 0.766406 0.123438 0.19375
0 0.787891 0.83125 0.0570313 0.06875
0 0.780078 0.831641 0.0601563 0.0679687
0 0.818359 0.685352 0.363281 0.594922
0 0.297559 0.0994873 0.402539 0.1729
0 0.15918 0.178027 0.119141 0.330273
0 0.137256 0.25498 0.0938477 0.18457
0 0.243066 0.187451 0.291992 0.35752
0 0.313281 0.107031 0.196094 0.129102
0 0.695703 0.68457 0.247656 0.493359
0 0.926953 0.419922 0.0460938 0.05625
0 0.764063 0.712305 0.053125 0.0824219
0 0.769141 0.699023 0.0335938 0.0558594
0 0.742188 0.133496 0.0578125 0.0955078
0 0.461426 0.123364 0.722461 0.234521
0 0.530664 0.471094 0.0699219 0.0820312
0 0.835156 0.531641 0.046875 0.0640625
0 0.854102 0.238281 0.279297 0.467187
0 0.772266 0.705273 0.0554687 0.0691406
0 0.668359 0.875781 0.0617188 0.0796875
0 0.782422 0.65918 0.435156 0.600391
0 0.536914 0.0609131 0.161328 0.114502
0 0.124268 0.311621 0.0416992 0.0580078
0 0.314063 0.605859 0.0714844 0.0375
0 0.674609 0.900391 0.0835937 0.0929688
0 0.350684 0.102759 0.508789 0.185107
0 0.775195 0.133154 0.115234 0.181738
0 0.126074 0.318066 0.0330078 0.0427734
0 0.152637 0.290527 0.10957 0.114258
0 0.683984 0.892969 0.0773438 0.0625
0 0.810547 0.666113 0.378906 0.617773
0 0.490625 0.0333496 0.0539063 0.0573242
0 0.134668 0.303613 0.0845703 0.101758
0 0.331152 0.601562 0.0376953 0.03125
0 0.548633 0.0586914 0.153516 0.110352
0 0.268652 0.356641 0.0505859 0.0515625
0 0.876172 0.683789 0.0585938 0.0652344
0 0.782617 0.616797 0.430078 0.688281
0 0.77168 0.672656 0.412891 0.548438
0 0.684766 0.899219 0.084375 0.084375
0 0.416992 0.467773 0.0613281 0.0730469
0 0.836914 0.362695 0.129297 0.183984
0 0.151465 0.309961 0.106445 0.112891
0 0.358691 0.0848145 0.116992 0.144824
0 0.821094 0.748047 0.357812 0.438281
0 0.130469 0.311328 0.0525391 0.059375
0 0.783594 0.823047 0.046875 0.0632813
0 0.32334 0.631055 0.0927734 0.0972656
0 0.358984 0.105469 0.119531 0.124219
0 0.429688 0.467578 0.0375 0.0703125
0 0.955859 0.435742 0.0882813 0.114453
0 0.317578 0.605273 0.0753906 0.0386719
0 0.483984 0.0344238 0.0414063 0.0557617
0 0.970313 0.427344 0.059375 0.107813
0 0.761914 0.132812 0.0902344 0.137109
0 0.858594 0.437891 0.282813 0.875781
0 0.833203 0.540039 0.0507812 0.0644531
0 0.480664 0.0756348 0.125391 0.135059
0 0.773633 0.822656 0.0746094 0.0765625
0 0.866797 0.683398 0.0585938 0.0628906
0 0.129297 0.286621 0.06875 0.129492
0 0.136279 0.322852 0.065918 0.0738281
0 0.332617 0.106567 0.165234 0.128271
0 0.950391 0.882812 0.0992187 0.167187
0 0.806445 0.235645 0.187109 0.456836
0 0.810547 0.637793 0.378906 0.641602
0 0.299609 0.08479 0.196094 0.139404
0 0.919531 0.419531 0.0421875 0.0515625
0 0.767773 0.631738 0.398828 0.633398
0 0.953516 0.429102 0.0851563 0.100391
0 0.960156 0.42832 0.0796875 0.112109
0 0.825 0.537695 0.0328125 0.0519531
0 0.776758 0.837891 0.0777344 0.0929688
0 0.744727 0.896094 0.218359 0.207813
0 0.813086 0.360547 0.114453 0.184375
0 0.774219 0.697266 0.0421875 0.0585938
0 0.309375 0.631055 0.0898438 0.0972656
0 0.661133 0.878516 0.0496094 0.0679687
0 0.672266 0.716211 0.219531 0.442578
0 0.530078 0.0433716 0.141406 0.0769287
0 0.489258 0.0407959 0.0566406 0.0621582
0 0.851172 0.109937 0.277344 0.216064
0 0.879687 0.536328 0.240625 0.350781
0 0.771484 0.832031 0.0835937 0.078125
0 0.270605 0.345703 0.0470703 0.0582031
0 0.157031 0.255469 0.124219 0.186328
0 0.953516 0.417969 0.0710938 0.078125
0 0.325879 0.613086 0.0716797 0.0542969
0 0.798828 0.831641 0.0695313 0.0726563
0 0.145605 0.316113 0.0728516 0.0623047
0 0.142188 0.0978272 0.0746094 0.139111
0 0.851562 0.210059 0.282813 0.40957
0 0.785742 0.837109 0.0722656 0.0882813
0 0.482031 0.0402954 0.0460938 0.0561279
0 0.299707 0.106982 0.192773 0.128418
0 0.937891 0.438477 0.124219 0.130078
0 0.852734 0.436719 0.289844 0.8625
0 0.427734 0.0821777 0.217188 0.148926
0 0.680469 0.873047 0.0921875 0.0914062
0 0.812305 0.767969 0.184766 0.223438
0 0.498633 0.0281982 0.0675781 0.0563965
0 0.784766 0.512305 0.428906 0.769141
0 0.875391 0.690039 0.0648438 0.0777344
0 0.876953 0.460156 0.246094 0.350781
0 0.825 0.544922 0.028125 0.0445313
0 0.202344 0.232031 0.207031 0.445312
0 0.188623 0.309082 0.179004 0.132617
0 0.952734 0.455469 0.0945313 0.150781
0 0.802734 0.261719 0.192969 0.472656
0 0.819531 0.532031 0.360938 0.557813
0 0.463086 0.0793701 0.130078 0.143604
0 0.78125 0.783008 0.129688 0.212109
0 0.761328 0.708984 0.0351562 0.0570313
0 0.256397 0.0849854 0.28877 0.140381
0 0.933984 0.658984 0.132031 0.169531
0 0.538477 0.152197 0.0582031 0.0749023
0 0.821484 0.802734 0.346094 0.302344
0 0.938672 0.420508 0.0617188 0.0652344
0 0.868359 0.673438 0.0523438 0.0632813
0 0.547266 0.0434082 0.147656 0.0766602
0 0.323242 0.618359 0.090625 0.0734375
0 0.287109 0.42998 0.396875 0.849414
0 0.763281 0.727148 0.059375 0.114453
0 0.12959 0.322363 0.0626953 0.0615234
0 0.851758 0.279102 0.279297 0.526172
0 0.262109 0.35918 0.0503906 0.0503906
0 0.664844 0.696484 0.19375 0.469531
0 0.806055 0.210596 0.178516 0.405371
0 0.756445 0.784375 0.127734 0.214062
0 0.95 0.857031 0.1 0.159375
0 0.543945 0.472266 0.0832031 0.0828125
0 0.722656 0.844922 0.165625 0.160156
0 0.951953 0.908594 0.0960938 0.179688
0 0.8375 0.33623 0.06875 0.0994141
0 0.860742 0.479883 0.278516 0.937109
0 0.475781 0.0598633 0.110156 0.108008
0 0.498242 0.0414551 0.0597656 0.0654297
0 0.776367 0.165234 0.117578 0.169922
0 0.799219 0.437207 0.228125 0.870898
0 0.914062 0.402832 0.0625 0.0818359
0 0.499219 0.0330933 0.0609375 0.0568604
0 0.49668 0.0687012 0.0730469 0.127246
0 0.139697 0.082959 0.0631836 0.143457
0 0.790625 0.822656 0.0484375 0.065625
0 0.935547 0.409668 0.128906 0.152539
0 0.308789 0.615039 0.0925781 0.0785156
0 0.46709 0.197559 0.74707 0.394727
0 0.124268 0.107227 0.0489258 0.0988281
0 0.285254 0.177051 0.376367 0.337305
0 0.923438 0.403223 0.071875 0.0982422
0 0.407227 0.0833984 0.253516 0.15
0 0.849219 0.325586 0.0546875 0.0800781
0 0.933594 0.628125 0.132812 0.194531
0 0.497266 0.0490967 0.0664062 0.0885254
0 0.262891 0.346582 0.0605469 0.0779297
0 0.338965 0.605078 0.0369141 0.0398437
0 0.858008 0.241992 0.283984 0.478516
0 0.826563 0.548633 0.0484375 0.0800781
0 0.233105 0.0841553 0.258008 0.143408
0 0.772461 0.528125 0.401953 0.78125
0 0.317773 0.613867 0.0785156 0.0542969
0 0.489063 0.0308594 0.053125 0.0617188
0 0.29082 0.083667 0.387891 0.136963
0 0.764844 0.126758 0.0765625 0.0914062
0 0.427637 0.176758 0.66582 0.348047
0 0.502539 0.0596191 0.107422 0.11084
0 0.687891 0.884375 0.090625 0.06875
0 0.35 0.435937 0.5125 0.871875
0 0.915234 0.426563 0.0632813 0.084375
0 0.195752 0.430176 0.208105 0.855273
0 0.129834 0.116699 0.0540039 0.0861328
0 0.354102 0.118701 0.0972656 0.069043
0 0.745508 0.842773 0.205859 0.197266
0 0.419336 0.45957 0.0488281 0.0597656
0 0.857813 0.335547 0.284375 0.650781
0 0.953125 0.514844 0.09375 0.264062
0 0.544922 0.475781 0.910156 0.951563
0 0.160059 0.239746 0.131445 0.219727
0 0.548633 0.362402 0.902734 0.711133
0 0.150391 0.0976807 0.0921875 0.145654
0 0.305371 0.606055 0.0486328 0.0355469
0 0.47793 0.0334473 0.0425781 0.0567383
0 0.655273 0.883594 0.0355469 0.0546875
0 0.181201 0.140283 0.158301 0.23623
0 0.536328 0.0809814 0.182031 0.147803
0 0.933203 0.591406 0.133594 0.265625
0 0.455469 0.394922 0.028125 0.0507812
0 0.977344 0.464648 0.0453125 0.0644531
0 0.870313 0.470898 0.259375 0.895703
0 0.8125 0.342773 0.117188 0.185547
0 0.75957 0.718555 0.0386719 0.0597656
0 0.520898 0.0764893 0.163672 0.135693
0 0.196387 0.110449 0.186133 0.195117
0 0.770117 0.163867 0.128516 0.308594
0 0.848633 0.1625 0.271484 0.310937
0 0.356738 0.111865 0.106055 0.0926758
0 0.933594 0.68125 0.132812 0.189063
0 0.77168 0.210205 0.172266 0.40459
0 0.74082 0.140771 0.0566406 0.0926758
0 0.460352 0.0606934 0.123047 0.109082
0 0.832031 0.343164 0.11875 0.185547
0 0.934375 0.533984 0.13125 0.326562
0 0.658984 0.459375 0.682031 0.91875
0 0.749805 0.796289 0.225391 0.265234
0 0.73125 0.857031 0.179688 0.146875
0 0.155664 0.0879883 0.0957031 0.148633
0 0.528906 0.46875 0.0695313 0.084375
0 0.964453 0.416699 0.0710938 0.0876953
0 0.974219 0.413184 0.0515625 0.0845703
0 0.177539 0.08479 0.135937 0.153076
0 0.665039 0.884375 0.0558594 0.0625
0 0.673828 0.891797 0.075 0.0679687
0 0.665234 0.889063 0.0617188 0.0640625
0 0.340918 0.201318 0.483789 0.400488
0 0.77207 0.794141 0.265234 0.277344
0 0.199951 0.193896 0.19541 0.369238
0 0.72168 0.797266 0.175391 0.264844
0 0.716797 0.765625 0.171094 0.334375
0 0.287549 0.193408 0.374902 0.380371
0 0.142285 0.296582 0.0794922 0.0943359
0 0.319336 0.606641 0.0734375 0.040625
0 0.131689 0.299121 0.0661133 0.0869141
0 0.786328 0.767383 0.128906 0.208984
0 0.658789 0.884766 0.0449219 0.0585938
0 0.719141 0.861328 0.161719 0.138281
0 0.764844 0.705859 0.0484375 0.0679687
0 0.826953 0.541406 0.0429688 0.059375
0 0.746094 0.770898 0.223438 0.316016
0 0.753516 0.130957 0.0742188 0.111523
0 0.415625 0.467969 0.065625 0.075
0 0.330859 0.606055 0.0503906 0.0402344
0 0.819727 0.683594 0.360547 0.598437
0 0.93125 0.657617 0.1375 0.176953
0 0.138867 0.0950195 0.0634766 0.140039
0 0.826563 0.359473 0.115625 0.182617
0 0.811914 0.359375 0.115234 0.18125
0 0.137891 0.308203 0.0644531 0.0640625
0 0.308105 0.0855957 0.211133 0.14834
0 0.790039 0.7625 0.315234 0.353125
0 0.173242 0.192383 0.154297 0.366797
0 0.29668 0.0962402 0.391016 0.173926
0 0.674219 0.884766 0.0757812 0.0648438
0 0.324121 0.605078 0.0798828 0.0414063
0 0.345605 0.25293 0.494727 0.505859
0 0.786914 0.83125 0.0605469 0.071875
0 0.820898 0.75 0.358203 0.434375
0 0.779102 0.831641 0.0636719 0.0726563
0 0.817187 0.66543 0.365625 0.609766
0 0.812695 0.766797 0.174609 0.225781
0 0.429102 0.468359 0.0394531 0.071875
0 0.132031 0.0984131 0.0585938 0.127393
0 0.777148 0.137549 0.117578 0.188965
0 0.77832 0.116675 0.121484 0.192041
0 0.763672 0.712695 0.0554687 0.0894531
0 0.732422 0.830078 0.175781 0.194531
0 0.95625 0.435547 0.0875 0.122656
0 0.130615 0.317188 0.0481445 0.0488281
0 0.952344 0.428906 0.084375 0.100781
0 0.180371 0.0990723 0.145508 0.164355
0 0.741602 0.134375 0.0566406 0.0992187
0 0.80625 0.684375 0.382812 0.528125
0 0.137744 0.103589 0.0647461 0.12915
0 0.308203 0.107227 0.213281 0.138672
0 0.776172 0.707617 0.316406 0.459766
0 0.925 0.420117 0.0515625 0.0628906
0 0.327344 0.0861084 0.178125 0.152002
0 0.762891 0.138184 0.0914062 0.14668
0 0.835156 0.53125 0.05 0.0679687
0 0.828906 0.535547 0.0390625 0.059375
0 0.49668 0.0703613 0.0707031 0.131152
0 0.712695 0.711719 0.196484 0.45
0 0.970703 0.42666 0.0585938 0.107617
0 0.488867 0.0419922 0.0550781 0.0675781
0 0.135986 0.316309 0.0594727 0.0552734
0 0.772266 0.704688 0.0570313 0.0734375
0 0.344922 0.0978516 0.485156 0.180469
0 0.794922 0.657617 0.410156 0.595703
0 0.131201 0.104614 0.0588867 0.115381
0 0.959766 0.42793 0.0804688 0.112891
0 0.244092 0.196289 0.286816 0.377734
0 0.953906 0.514063 0.0921875 0.274219
0 0.855078 0.2375 0.277344 0.473438
0 0.788477 0.66543 0.385547 0.562891
0 0.85957 0.430469 0.280859 0.860938
0 0.953516 0.41875 0.0726563 0.0820312
0 0.538672 0.152686 0.0601563 0.0813477
0 0.481445 0.0767578 0.121484 0.139063
0 0.811133 0.341309 0.116797 0.189258
0 0.122119 0.299902 0.0577148 0.0841797
0 0.955859 0.409961 0.0882813 0.132422
0 0.88125 0.540234 0.2375 0.349219
0 0.799609 0.264062 0.167969 0.408594
0 0.417188 0.461133 0.059375 0.0699219
0 0.549805 0.0598633 0.163672 0.114258
0 0.54043 0.469922 0.0753906 0.084375
0 0.674023 0.901172 0.0839844 0.0960938
0 0.450586 0.115869 0.689453 0.221387
0 0.932813 0.591602 0.134375 0.275391
0 0.802344 0.230957 0.171875 0.453711
0 0.549609 0.154199 0.0679687 0.0998047
0 0.360352 0.0850586 0.122266 0.151758
0 0.684961 0.900391 0.0878906 0.0945313
0 0.953516 0.454102 0.0929688 0.158984
0 0.916797 0.419922 0.0476562 0.0578125
0 0.533008 0.0626709 0.144141 0.118408
0 0.777344 0.164453 0.11875 0.171875
0 0.235791 0.0843018 0.259668 0.148779
0 0.451465 0.257812 0.71582 0.515625
0 0.822266 0.646973 0.355469 0.601367
0 0.953125 0.882812 0.09375 0.170313
0 0.762695 0.159912 0.0902344 0.140723
0 0.482031 0.0414551 0.0460938 0.0610352
0 0.775781 0.837109 0.0796875 0.0960938
0 0.169385 0.175098 0.137793 0.331836
0 0.771289 0.83125 0.0839844 0.08125
0 0.826172 0.341113 0.111719 0.185742
0 0.915234 0.660352 0.169531 0.153516
0 0.189502 0.312305 0.180762 0.153516
0 0.833984 0.539453 0.0539063 0.071875
0 0.519336 0.470313 0.0621094 0.0828125
0 0.768164 0.698633 0.0386719 0.0628906
0 0.875 0.68418 0.065625 0.0714844
0 0.126025 0.317578 0.0333008 0.04375
0 0.778516 0.183398 0.122656 0.179688
0 0.154785 0.289844 0.113086 0.117969
0 0.360645 0.104907 0.127148 0.137256
0 0.93125 0.678516 0.1375 0.188281
0 0.875781 0.46582 0.248438 0.337109
0 0.939453 0.439648 0.121094 0.139453
0 0.936719 0.529492 0.126563 0.326172
0 0.331055 0.601758 0.0429688 0.0347656
0 0.283447 0.0851074 0.270605 0.147363
0 0.129688 0.286914 0.0707031 0.125391
0 0.783984 0.782031 0.136719 0.215625
0 0.490234 0.034668 0.0523438 0.0616211
0 0.789648 0.624414 0.417578 0.641797
0 0.684375 0.892969 0.0804688 0.0671875
0 0.865234 0.683398 0.0601563 0.0683594
0 0.931641 0.625781 0.136719 0.209375
0 0.791406 0.35918 0.142188 0.183203
0 0.874609 0.690039 0.0679687 0.0816406
0 0.488672 0.0482178 0.0617188 0.086377
0 0.43125 0.461719 0.0335938 0.0671875
0 0.483789 0.0356689 0.0433594 0.060498
0 0.773438 0.822656 0.075 0.0796875
0 0.799609 0.832031 0.0742188 0.075
0 0.770117 0.84707 0.259766 0.208984
0 0.203125 0.338477 0.200781 0.179297
0 0.290479 0.0823853 0.376074 0.142065
0 0.8375 0.336133 0.071875 0.102734
0 0.785547 0.837109 0.0757812 0.0914062
0 0.756445 0.843359 0.235547 0.203906
0 0.756055 0.894531 0.242578 0.207813
0 0.32627 0.630078 0.0970703 0.0976562
0 0.202637 0.232227 0.20332 0.452734
0 0.939844 0.420898 0.0671875 0.0699219
0 0.773438 0.626465 0.39375 0.631445
0 0.427539 0.082959 0.229297 0.150684
0 0.782617 0.823047 0.0488281 0.0679687
0 0.138623 0.256445 0.0954102 0.180859
0 0.541406 0.0821533 0.165625 0.1521
0 0.760547 0.708984 0.0398437 0.0625
0 0.158643 0.256543 0.125684 0.183789
0 0.497461 0.0425049 0.0582031 0.0696777
0 0.938281 0.412305 0.123438 0.158984
0 0.760352 0.766602 0.126172 0.201172
0 0.825 0.537109 0.0359375 0.05625
0 0.412891 0.414648 0.108594 0.155078
0 0.496875 0.0502686 0.0648438 0.0908691
0 0.190283 0.338574 0.184668 0.174414
0 0.1375 0.287012 0.0878906 0.116211
0 0.325586 0.616602 0.0949219 0.0769531
0 0.859375 0.467676 0.28125 0.920898
0 0.488672 0.0686768 0.071875 0.123584
0 0.143652 0.089502 0.0759766 0.151855
0 0.444531 0.210742 0.692187 0.421484
0 0.952734 0.491016 0.0945313 0.230469
0 0.313184 0.60625 0.0708984 0.0390625
0 0.330078 0.105859 0.174219 0.141406
0 0.788086 0.278125 0.161328 0.307031
0 0.796484 0.426172 0.175781 0.839844
0 0.823438 0.803711 0.353125 0.312891
0 0.19873 0.103979 0.186914 0.192822
0 0.954688 0.909375 0.090625 0.178125
0 0.40752 0.0841309 0.262305 0.15166
0 0.781641 0.20918 0.127344 0.178906
0 0.764844 0.11228 0.0984375 0.18208
0 0.375781 0.610938 0.166406 0.104688
0 0.935938 0.109814 0.128125 0.217871
0 0.851562 0.274609 0.273438 0.516406
0 0.667773 0.875 0.0621094 0.0828125
0 0.154932 0.311523 0.112012 0.122266
0 0.952344 0.857422 0.0953125 0.169531
0 0.146387 0.31543 0.0759766 0.0648438
0 0.782227 0.809961 0.130859 0.166016
0 0.784766 0.232324 0.161719 0.447852
0 0.162646 0.24043 0.134082 0.216016
0 0.716016 0.676953 0.210156 0.516406
0 0.505078 0.460938 0.146094 0.101562
0 0.933203 0.581836 0.133594 0.340234
0 0.85 0.326172 0.0546875 0.0804688
0 0.504102 0.138965 0.194141 0.277539
0 0.919531 0.537109 0.160938 0.380469
0 0.535352 0.20625 0.125391 0.157813
0 0.938281 0.506641 0.123438 0.261719
0 0.492773 0.28291 0.798828 0.56543
0 0.914062 0.426172 0.0640625 0.0914062
0 0.257227 0.084668 0.305859 0.149414
0 0.487305 0.460547 0.157422 0.107031
0 0.123975 0.311621 0.0416992 0.0576172
0 0.913281 0.401465 0.0640625 0.0900391
0 0.790625 0.340039 0.151562 0.192578
0 0.859375 0.350098 0.28125 0.691992
0 0.325781 0.613477 0.0734375 0.0582031
0 0.75 0.166064 0.0921875 0.16084
0 0.758984 0.717773 0.0429688 0.0667969
0 0.535156 0.463281 0.0976562 0.0929688
0 0.267383 0.356348 0.0554687 0.0560547
0 0.763477 0.181055 0.0933594 0.148828
0 0.976172 0.472266 0.0476562 0.090625
0 0.129883 0.31123 0.0521484 0.0595703
0 0.85957 0.251953 0.280859 0.503906
0 0.838281 0.520898 0.323438 0.462109
0 0.526563 0.481055 0.0765625 0.0613281
0 0.289502 0.107739 0.259277 0.138037
0 0.517773 0.0767822 0.125391 0.138818
0 0.825 0.543945 0.0296875 0.0488281
0 0.464063 0.0803955 0.135156 0.147803
0 0.865039 0.483789 0.269922 0.919922
0 0.309863 0.629687 0.0927734 0.0976562
0 0.941016 0.430273 0.0820312 0.0910156
0 0.661133 0.878516 0.0503906 0.0710938
0 0.774609 0.69668 0.0445313 0.0644531
0 0.851562 0.42207 0.28125 0.833984
0 0.957812 0.532617 0.084375 0.301172
0 0.317578 0.614453 0.0792969 0.0570313
0 0.435156 0.466797 0.0484375 0.0773438
0 0.316895 0.605859 0.0744141 0.04375
0 0.7625 0.726367 0.0625 0.114453
0 0.903906 0.517188 0.192188 0.227344
0 0.737891 0.180957 0.0460938 0.0626953
0 0.356543 0.111792 0.107227 0.0934082
0 0.413379 0.435742 0.106836 0.144922
0 0.674805 0.717969 0.194922 0.442188
0 0.740625 0.141602 0.0546875 0.0953125
0 0.853906 0.219531 0.282813 0.439063
0 0.772656 0.714258 0.06875 0.104297
0 0.9125 0.682617 0.175 0.156641
0 0.852344 0.116602 0.279687 0.233203
0 0.136523 0.30498 0.0867188 0.107227
0 0.826172 0.549219 0.0523438 0.0882813
0 0.761523 0.138672 0.0910156 0.113281
0 0.976562 0.464453 0.046875 0.06875
0 0.841797 0.329688 0.0554687 0.0734375
0 0.923828 0.402539 0.0789063 0.111328
0 0.354199 0.119336 0.0994141 0.0703125
0 0.343359 0.289062 0.492969 0.563281
0 0.813672 0.830859 0.0835937 0.0773438
0 0.30957 0.612891 0.0941406 0.0835937
0 0.535156 0.186426 0.122656 0.147461
0 0.150244 0.306152 0.084668 0.0685547
0 0.478516 0.0609375 0.102344 0.112305
0 0.905469 0.499805 0.189063 0.243359
0 0.680078 0.873047 0.0921875 0.0929688
0 0.395703 0.0842041 0.221094 0.152686
0 0.873047 0.683008 0.253906 0.621484
0 0.810156 0.313477 0.11875 0.209766
0 0.494922 0.212695 0.869531 0.425391
0 0.797266 0.838281 0.0789063 0.0875
0 0.189453 0.35957 0.189063 0.151172
0 0.980859 0.0331177 0.0367188 0.0657959
0 0.504297 0.0609619 0.0945313 0.114014
0 0.5625 0.166162 0.0796875 0.105566
0 0.823828 0.351953 0.0726563 0.125
0 0.835352 0.831836 0.124609 0.148828
0 0.758008 0.783984 0.132422 0.219531
0 0.526953 0.0427979 0.133594 0.0778809
0 0.815039 0.133936 0.198047 0.222754
0 0.776953 0.220801 0.160156 0.433398
0 0.469141 0.214551 0.921094 0.428711
0 0.54707 0.0427368 0.151953 0.077417
0 0.813281 0.749609 0.167187 0.202344
0 0.768359 0.837891 0.0914062 0.0992187
0 0.129053 0.320996 0.0629883 0.0630859
0 0.7625 0.192725 0.084375 0.0868164
0 0.96875 0.888672 0.0625 0.175781
0 0.757812 0.806836 0.134375 0.203516
0 0.905078 0.586914 0.189844 0.313672
0 0.822852 0.766406 0.171484 0.242188
0 0.655664 0.878125 0.0550781 0.075
0 0.200293 0.290332 0.200195 0.452148
0 0.979297 0.611523 0.0398437 0.102734
0 0.308203 0.135645 0.221094 0.168164
0 0.136279 0.32207 0.0686523 0.0777344
0 0.342578 0.114209 0.114844 0.087207
0 0.877344 0.644727 0.245312 0.573047
0 0.683789 0.762109 0.181641 0.347656
0 0.734375 0.799609 0.198437 0.258594
0 0.153125 0.0897949 0.0972656 0.151465
0 0.730469 0.857031 0.189063 0.148438
0 0.72168 0.800781 0.181641 0.25625
0 0.66543 0.883203 0.0597656 0.0632813
0 0.963281 0.417969 0.0734375 0.0945313
0 0.176074 0.0856201 0.141992 0.155713
0 0.674219 0.891016 0.08125 0.0726563
0 0.66543 0.887891 0.0667969 0.0679687
0 0.765039 0.705664 0.0511719 0.0683594
0 0.718945 0.860938 0.169922 0.139063
0 0.784766 0.768555 0.124219 0.208203
0 0.658789 0.883594 0.0464844 0.0578125
0 0.718359 0.775391 0.174219 0.303906
0 0.973828 0.413672 0.0523438 0.0882813
0 0.287695 0.196191 0.380859 0.384961
0 0.771484 0.794922 0.264844 0.267969
0 0.826563 0.540234 0.0453125 0.0601563
0 0.131836 0.299512 0.06875 0.0865234
0 0.131201 0.0971191 0.062793 0.128418
0 0.178906 0.0988525 0.151562 0.162451
0 0.297754 0.0928223 0.398242 0.166309
0 0.811914 0.359961 0.116797 0.176953
0 0.195752 0.19834 0.19209 0.373633
0 0.1375 0.0941406 0.0703125 0.140234
0 0.732422 0.830859 0.185156 0.192969
0 0.416016 0.468359 0.0671875 0.0734375
0 0.43125 0.468555 0.034375 0.0675781
0 0.141553 0.0906982 0.0786133 0.152588
0 0.824609 0.359277 0.116406 0.17832
0 0.828125 0.535156 0.0421875 0.059375
0 0.306934 0.0860352 0.21582 0.150195
0 0.416992 0.461719 0.0636719 0.0703125
0 0.763672 0.712305 0.0601563 0.0933594
0 0.675 0.883984 0.0820312 0.0664062
0 0.754687 0.129565 0.084375 0.1229
0 0.794531 0.301221 0.157813 0.295996
0 0.169531 0.19502 0.151562 0.367773
0 0.951953 0.429492 0.0835937 0.0988281
0 0.530273 0.469141 0.0753906 0.0875
0 0.782617 0.782031 0.130078 0.207813
0 0.957031 0.434961 0.0859375 0.117578
0 0.19502 0.0964844 0.182617 0.175
0 0.142383 0.296582 0.0820312 0.0947266
0 0.432031 0.461719 0.0320312 0.065625
0 0.811523 0.340918 0.117578 0.18457
0 0.772461 0.704297 0.0597656 0.075
0 0.835156 0.531055 0.053125 0.0675781
0 0.73125 0.776953 0.192188 0.297656
0 0.8125 0.767383 0.176563 0.224609
0 0.1375 0.308203 0.0671875 0.0632813
0 0.130469 0.316016 0.0484375 0.0496094
0 0.489258 0.041687 0.0566406 0.0681885
0 0.130127 0.104053 0.0633789 0.118262
0 0.307227 0.108887 0.215234 0.133008
0 0.776953 0.11355 0.125781 0.189697
0 0.787109 0.830078 0.0679687 0.0773438
0 0.136035 0.103638 0.0724609 0.132568
0 0.325879 0.0865723 0.182617 0.153809
0 0.532813 0.0622803 0.15 0.119189
0 0.768164 0.699023 0.0417969 0.0644531
0 0.775391 0.140503 0.122656 0.174072
0 0.340625 0.206641 0.489063 0.413281
0 0.291406 0.0833618 0.385156 0.145386
0 0.319238 0.605859 0.0763672 0.0398437
0 0.24126 0.200293 0.28623 0.382227
0 0.164648 0.169043 0.133203 0.31582
0 0.233789 0.0845947 0.269531 0.150928
0 0.480859 0.0758789 0.117969 0.136914
0 0.820703 0.758984 0.358594 0.377344
0 0.819922 0.683984 0.360156 0.582031
0 0.759766 0.708594 0.0445313 0.0632813
0 0.848047 0.22793 0.272656 0.453516
0 0.496875 0.0704346 0.075 0.134912
0 0.122119 0.300488 0.0600586 0.0830078
0 0.778516 0.830078 0.0742188 0.0789063
0 0.135693 0.31582 0.0614258 0.05625
0 0.926172 0.420117 0.0507812 0.0636719
0 0.344824 0.0928955 0.491602 0.171631
0 0.550781 0.0594238 0.169531 0.115137
0 0.825 0.34082 0.1125 0.183984
0 0.761719 0.767578 0.123438 0.200781
0 0.785937 0.232813 0.160938 0.415625
0 0.778125 0.769531 0.284375 0.323438
0 0.674219 0.901563 0.0890625 0.101562
0 0.959375 0.427637 0.08125 0.111914
0 0.284619 0.166162 0.369043 0.318066
0 0.795703 0.225293 0.163281 0.432227
0 0.953906 0.419727 0.0734375 0.0863281
0 0.443945 0.101831 0.680859 0.197119
0 0.833984 0.538281 0.0585938 0.0773438
0 0.930469 0.656836 0.139063 0.172266
0 0.792383 0.359961 0.137109 0.178516
0 0.824609 0.536719 0.0367188 0.0554687
0 0.770312 0.829688 0.0890625 0.0890625
0 0.780859 0.812109 0.127344 0.157031
0 0.817773 0.662598 0.364453 0.60918
0 0.126025 0.316016 0.0334961 0.04375
0 0.786328 0.30835 0.166406 0.289551
0 0.758203 0.71582 0.0492188 0.0691406
0 0.969531 0.426563 0.0609375 0.108594
0 0.49668 0.0499756 0.0691406 0.0961426
0 0.741992 0.134668 0.0621094 0.106836
0 0.824609 0.543359 0.0320312 0.0484375
0 0.955078 0.454688 0.0898438 0.154688
0 0.797266 0.694531 0.333594 0.482812
0 0.761328 0.139551 0.0945313 0.135742
0 0.194287 0.170313 0.184863 0.320312
0 0.667969 0.875 0.065625 0.0828125
0 0.497656 0.0421875 0.0609375 0.0699219
0 0.488672 0.047876 0.0648438 0.0890137
0 0.71543 0.717383 0.180078 0.429297
0 0.49082 0.0345825 0.0535156 0.062085
0 0.801172 0.830469 0.0820312 0.0796875
0 0.740625 0.842773 0.210938 0.183203
0 0.482422 0.040979 0.0476562 0.0610107
0 0.769336 0.842773 0.266016 0.186328
0 0.281152 0.0858887 0.281445 0.149121
0 0.85 0.222266 0.284375 0.444531
0 0.69375 0.774219 0.18125 0.310937
0 0.686328 0.900781 0.0960938 0.101562
0 0.956641 0.411816 0.0867188 0.126367
0 0.789453 0.280029 0.158594 0.291504
0 0.776172 0.836328 0.0882813 0.103906
0 0.153271 0.290625 0.119238 0.115625
0 0.75918 0.783008 0.133203 0.212109
0 0.129736 0.311035 0.052832 0.0583984
0 0.776172 0.165186 0.124219 0.179785
0 0.435156 0.466797 0.046875 0.0757812
0 0.483984 0.035498 0.0445313 0.0603516
0 0.763281 0.112231 0.101562 0.179443
0 0.77207 0.713867 0.0730469 0.107422
0 0.772266 0.821875 0.0804688 0.0828125
0 0.661133 0.878125 0.0511719 0.0703125
0 0.413086 0.416406 0.107422 0.160938
0 0.687109 0.863281 0.103125 0.135937
0 0.758789 0.808789 0.137109 0.193359
0 0.917969 0.419336 0.0453125 0.0574219
0 0.721875 0.839844 0.175 0.179688
0 0.527734 0.0418091 0.139844 0.0788818
0 0.940625 0.421289 0.0671875 0.0714844
0 0.941406 0.430664 0.08125 0.0902344
0 0.696484 0.801562 0.188281 0.257812
0 0.130078 0.28584 0.0748047 0.126367
0 0.134863 0.286719 0.0908203 0.111719
0 0.451758 0.216211 0.712109 0.432422
0 0.875 0.683398 0.065625 0.0722656
0 0.539453 0.0807373 0.167969 0.151221
0 0.50332 0.0607178 0.0957031 0.114502
0 0.741602 0.882031 0.218359 0.173438
0 0.7375 0.713086 0.2125 0.433203
0 0.6875 0.892188 0.09375 0.0734375
0 0.360254 0.0855713 0.124023 0.153076
0 0.777734 0.184961 0.127344 0.188281
0 0.33125 0.605273 0.0519531 0.0402344
0 0.428027 0.0830322 0.236133 0.150342
0 0.738086 0.179248 0.0472656 0.0625977
0 0.548242 0.041687 0.158984 0.07854
0 0.479492 0.0607666 0.101953 0.113623
0 0.730469 0.876172 0.190625 0.161719
0 0.324219 0.603711 0.0800781 0.0378906
0 0.791602 0.340625 0.148047 0.185938
0 0.966406 0.437891 0.0671875 0.126563
0 0.430762 0.0850464 0.660352 0.152368
0 0.504102 0.462109 0.162109 0.0976562
0 0.929688 0.678711 0.140625 0.195703
0 0.197021 0.241406 0.200488 0.476562
0 0.935938 0.519727 0.128125 0.286328
0 0.7625 0.726367 0.0703125 0.116016
0 0.488477 0.0693604 0.0738281 0.128076
0 0.422461 0.449219 0.0503906 0.0640625
0 0.181494 0.136182 0.159668 0.226074
0 0.776758 0.221289 0.168359 0.441016
0 0.154102 0.311816 0.117969 0.12168
0 0.825781 0.548828 0.05625 0.090625
0 0.429688 0.456445 0.08125 0.103516
0 0.875 0.689063 0.0703125 0.0859375
0 0.124414 0.311133 0.0417969 0.0558594
0 0.804492 0.656445 0.362891 0.580859
0 0.242578 0.417188 0.0429688 0.0578125
0 0.655664 0.878125 0.0535156 0.071875
0 0.783203 0.822266 0.0507812 0.0679687
0 0.141504 0.10105 0.0759766 0.138135
0 0.857227 0.242969 0.285547 0.485938
0 0.337598 0.0842896 0.476367 0.148804
0 0.839258 0.279102 0.257422 0.373828
0 0.821484 0.797266 0.357031 0.286719
0 0.813281 0.752148 0.173438 0.212891
0 0.761328 0.70332 0.0507812 0.0730469
0 0.256348 0.0853271 0.310742 0.151807
0 0.723242 0.805859 0.187891 0.261719
0 0.726953 0.803906 0.183594 0.264062
0 0.728906 0.858594 0.184375 0.154688
0 0.153027 0.0896729 0.0978516 0.162451
0 0.66582 0.889844 0.0667969 0.0734375
0 0.719336 0.862891 0.172266 0.147656
0 0.66582 0.883594 0.0605469 0.0671875
0 0.720898 0.775781 0.184766 0.315625
0 0.674219 0.892578 0.0820312 0.0773438
0 0.658789 0.883984 0.0472656 0.0617188
0 0.167676 0.19668 0.15293 0.373828
0 0.176123 0.0862549 0.14502 0.163428
0 0.9625 0.416895 0.075 0.0998047
0 0.141162 0.0905273 0.080957 0.161133
0 0.191016 0.202295 0.1875 0.385254
0 0.728516 0.848633 0.186719 0.180859
0 0.782031 0.771484 0.128125 0.219531
0 0.288867 0.204395 0.386328 0.408398
0 0.973828 0.412988 0.0523438 0.0912109
0 0.76543 0.705469 0.0519531 0.06875
0 0.674023 0.900781 0.0871094 0.103125
0 0.754102 0.129053 0.0839844 0.125098
0 0.178906 0.100317 0.154688 0.173975
0 0.766602 0.798633 0.255859 0.273047
0 0.73125 0.832031 0.179688 0.201563
0 0.163574 0.16582 0.133398 0.317578
0 0.717188 0.71582 0.192188 0.444922
0 0.131006 0.316699 0.0510742 0.0533203
0 0.232861 0.205225 0.272559 0.395801
0 0.299316 0.0927979 0.403711 0.173779
0 0.132422 0.298047 0.0714844 0.0921875
0 0.826563 0.541016 0.0453125 0.0609375
0 0.775977 0.111011 0.124609 0.189307
0 0.136523 0.316992 0.0623047 0.0585938
0 0.722461 0.8375 0.186328 0.20625
0 0.138281 0.308496 0.0691406 0.0666016
0 0.793359 0.294922 0.158594 0.310156
0 0.758398 0.770703 0.122266 0.211719
0 0.489258 0.0419556 0.0574219 0.071167
0 0.482422 0.0766357 0.117188 0.142041
0 0.129395 0.104614 0.0669922 0.126709
0 0.675586 0.884375 0.0855469 0.071875
0 0.72832 0.874219 0.187109 0.159375
0 0.845898 0.227539 0.269141 0.452734
0 0.532422 0.0630859 0.150781 0.122852
0 0.780469 0.786328 0.132812 0.222656
0 0.140723 0.101416 0.0783203 0.144824
0 0.764258 0.712305 0.0621094 0.0972656
0 0.775 0.137524 0.121875 0.182764
0 0.189355 0.100146 0.174414 0.18916
0 0.1354 0.10481 0.0764648 0.140771
0 0.772852 0.703906 0.0621094 0.0765625
0 0.319531 0.606641 0.075 0.0421875
0 0.726172 0.779688 0.185156 0.304688
0 0.69043 0.865234 0.112109 0.142969
0 0.130664 0.0971924 0.0642578 0.135693
0 0.794727 0.222656 0.162109 0.432031
0 0.775977 0.836328 0.0839844 0.103906
0 0.811719 0.358496 0.114063 0.179102
0 0.685547 0.900391 0.09375 0.102344
0 0.341016 0.213281 0.491406 0.426563
0 0.847266 0.219727 0.280469 0.439453
0 0.136719 0.0944824 0.0730469 0.145801
0 0.954688 0.434277 0.090625 0.119727
0 0.550195 0.0605713 0.167578 0.118701
0 0.787695 0.830078 0.0652344 0.0773438
0 0.653516 0.72168 0.308594 0.441016
0 0.130859 0.310742 0.0556641 0.0621094
0 0.688086 0.775977 0.233203 0.321484
0 0.307715 0.0852051 0.223633 0.159863
0 0.49707 0.070874 0.0761719 0.140283
0 0.416602 0.46875 0.0667969 0.071875
0 0.431641 0.468945 0.0335938 0.0652344
0 0.163867 0.113208 0.133984 0.218896
0 0.422754 0.110278 0.635742 0.218506
0 0.756445 0.787305 0.129297 0.225391
0 0.951563 0.428516 0.0859375 0.102344
0 0.779102 0.830078 0.0683594 0.0789063
0 0.727148 0.881641 0.189453 0.175781
0 0.811914 0.76875 0.187109 0.234375
0 0.729688 0.708984 0.2 0.455469
0 0.142285 0.294629 0.0818359 0.102148
0 0.756055 0.80918 0.131641 0.206641
0 0.287305 0.168115 0.376953 0.330176
0 0.926172 0.420508 0.0554687 0.0652344
0 0.539258 0.0796631 0.169141 0.152393
0 0.761328 0.138208 0.0960938 0.136865
0 0.764453 0.846094 0.252344 0.185938
0 0.770703 0.829297 0.0851563 0.0898438
0 0.834766 0.532031 0.0507812 0.065625
0 0.782227 0.226367 0.168359 0.426172
0 0.810547 0.337793 0.116406 0.179102
0 0.125781 0.316504 0.0351562 0.0478516
0 0.658008 0.888672 0.0527344 0.0601563
0 0.768359 0.698633 0.0429688 0.0652344
0 0.488477 0.0488037 0.0652344 0.095166
0 0.771289 0.216992 0.179297 0.433984
0 0.782227 0.694727 0.305859 0.493359
0 0.342285 0.0947998 0.488867 0.183838
0 0.232764 0.0847656 0.269238 0.157031
0 0.828516 0.535547 0.0414063 0.059375
0 0.767578 0.772656 0.263281 0.325
0 0.763672 0.110986 0.103906 0.182715
0 0.430859 0.216016 0.669531 0.432031
0 0.742188 0.134082 0.0632813 0.109961
0 0.833984 0.539258 0.0570313 0.0761719
0 0.766992 0.837109 0.0925781 0.105469
0 0.655469 0.883203 0.0375 0.0585938
0 0.231104 0.0924805 0.260449 0.173633
0 0.691016 0.805859 0.225781 0.263281
0 0.329102 0.0859131 0.208203 0.162939
0 0.953125 0.418164 0.075 0.0894531
0 0.660937 0.878125 0.0515625 0.0734375
0 0.717773 0.876563 0.169141 0.148438
0 0.42832 0.0831543 0.232422 0.155371
0 0.665039 0.900391 0.0800781 0.0976562
0 0.50957 0.0758545 0.108984 0.14126
0 0.668359 0.873828 0.0664062 0.0882813
0 0.417578 0.461328 0.0617188 0.0679687
0 0.721484 0.838672 0.175781 0.199219
0 0.137109 0.324219 0.0705078 0.0921875
0 0.738086 0.769141 0.159766 0.255469
0 0.917188 0.420117 0.053125 0.0621094
0 0.775586 0.166479 0.123828 0.195166
0 0.192725 0.236328 0.197363 0.469531
0 0.734375 0.799609 0.189063 0.260156
0 0.730469 0.855469 0.182812 0.151562
0 0.725391 0.801562 0.186719 0.257812
0 0.155713 0.085791 0.0963867 0.158301
0 0.66543 0.889063 0.0621094 0.0640625
0 0.177051 0.0840088 0.138086 0.159912
0 0.192236 0.196191 0.186621 0.379492
0 0.723047 0.77793 0.182031 0.301953
0 0.720313 0.860156 0.167187 0.140625
0 0.665234 0.883984 0.05625 0.0648438
0 0.17373 0.190771 0.163477 0.367676
0 0.658594 0.884766 0.0445313 0.0585938
0 0.673828 0.892188 0.0789063 0.0671875
0 0.783398 0.769531 0.126953 0.214062
0 0.284961 0.201563 0.376953 0.403125
0 0.973437 0.411914 0.053125 0.0925781
0 0.9625 0.41582 0.075 0.101172
0 0.76543 0.705664 0.0503906 0.0667969
0 0.754492 0.129199 0.0785156 0.120117
0 0.849414 0.225684 0.269922 0.450195
0 0.767578 0.796484 0.250781 0.266406
0 0.812695 0.35625 0.108984 0.189844
0 0.131201 0.316992 0.0483398 0.0511719
0 0.794531 0.294092 0.15625 0.31416
0 0.231982 0.200488 0.268066 0.391992
0 0.797852 0.22373 0.163672 0.440039
0 0.732813 0.831641 0.178125 0.197656
0 0.775781 0.10957 0.120313 0.186328
0 0.826172 0.541016 0.0414063 0.0601563
0 0.319922 0.606445 0.0707031 0.0410156
0 0.132422 0.298535 0.0679687 0.0896484
0 0.13667 0.316797 0.0592773 0.0566406
0 0.138574 0.308691 0.0650391 0.0646484
0 0.673828 0.900781 0.0835937 0.096875
0 0.716602 0.711328 0.193359 0.435156
0 0.170801 0.165918 0.145898 0.323633
0 0.730078 0.781641 0.183594 0.292969
0 0.532227 0.0640381 0.145703 0.125244
0 0.292871 0.0909912 0.386914 0.173486
0 0.813086 0.766211 0.176953 0.222266
0 0.772656 0.704102 0.059375 0.0738281
0 0.142578 0.295117 0.0789063 0.0988281
0 0.78125 0.783008 0.13125 0.216797
0 0.342383 0.210742 0.492578 0.421484
0 0.540234 0.0777588 0.164062 0.14917
0 0.675 0.884375 0.0820312 0.0671875
0 0.549219 0.0613281 0.167969 0.120703
0 0.306055 0.0841797 0.240234 0.161719
0 0.137598 0.0950195 0.0662109 0.148242
0 0.810938 0.340234 0.1125 0.188281
0 0.489063 0.0417725 0.0554687 0.0695801
0 0.658398 0.888672 0.0480469 0.0554687
0 0.774414 0.135522 0.116797 0.168799
0 0.331836 0.0849854 0.239453 0.163623
0 0.764063 0.711914 0.0578125 0.0910156
0 0.485156 0.0765137 0.114063 0.142285
0 0.268848 0.355957 0.0560547 0.0560547
0 0.840234 0.276758 0.253906 0.371484
0 0.784961 0.22666 0.162891 0.438086
0 0.234131 0.0833496 0.248145 0.156738
0 0.333105 0.605469 0.0451172 0.0414063
0 0.179688 0.0989258 0.147656 0.175195
0 0.761328 0.13606 0.0914062 0.130225
0 0.770898 0.828906 0.0847656 0.0890625
0 0.759375 0.770508 0.126563 0.212109
0 0.850391 0.220703 0.282031 0.441406
0 0.131201 0.311035 0.0530273 0.0611328
0 0.776172 0.836328 0.0835937 0.100781
0 0.125684 0.31709 0.0332031 0.0466797
0 0.19043 0.0987305 0.172266 0.19082
0 0.427441 0.214258 0.663867 0.428516
0 0.768164 0.699023 0.0417969 0.0636719
0 0.926172 0.419922 0.0523438 0.0625
0 0.50918 0.0743408 0.102734 0.138818
0 0.416113 0.111768 0.623242 0.220215
0 0.825 0.339844 0.103125 0.185156
0 0.779688 0.830469 0.0671875 0.0765625
0 0.659375 0.716797 0.2875 0.435156
0 0.824805 0.356641 0.105078 0.190625
0 0.203418 0.338965 0.187695 0.177539
0 0.764063 0.109717 0.1 0.181738
0 0.496875 0.0714111 0.075 0.141943
0 0.788672 0.830078 0.0617188 0.0742188
0 0.135498 0.285645 0.090332 0.111523
0 0.691797 0.773633 0.214844 0.315234
0 0.194238 0.224219 0.195117 0.446094
0 0.828516 0.535937 0.0382813 0.0585938
0 0.858203 0.230469 0.283594 0.460938
0 0.684766 0.9 0.0882813 0.0921875
0 0.834766 0.532031 0.0476562 0.0640625
0 0.145947 0.316016 0.0729492 0.0648438
0 0.430469 0.0824707 0.2375 0.154199
0 0.206738 0.358789 0.174023 0.155859
0 0.733398 0.708203 0.205078 0.436719
0 0.757031 0.808008 0.1375 0.210547
0 0.783203 0.698438 0.307031 0.465625
0 0.226807 0.0913818 0.247168 0.175049
0 0.917969 0.419727 0.0484375 0.0582031
0 0.789258 0.356836 0.144922 0.191797
0 0.133887 0.304688 0.0904297 0.102344
0 0.742188 0.133496 0.059375 0.10293
0 0.779492 0.810547 0.126953 0.174219
0 0.954297 0.432813 0.0914062 0.123438
0 0.137012 0.322461 0.0675781 0.0832031
0 0.767188 0.836719 0.0921875 0.104688
0 0.976172 0.402246 0.0476562 0.0751953
0 0.417383 0.468555 0.0644531 0.0714844
0 0.482227 0.041272 0.0433594 0.0610107
0 0.142676 0.0878906 0.0767578 0.159375
0 0.915234 0.424609 0.0679687 0.0960938
0 0.784375 0.301514 0.170313 0.311816
0 0.153223 0.290723 0.11543 0.110742
0 0.256934 0.364453 0.0681641 0.0765625
0 0.488867 0.0709961 0.0707031 0.134375
0 0.131201 0.0977783 0.0581055 0.135303
0 0.666016 0.899219 0.075 0.090625
0 0.363477 0.0846436 0.234766 0.161182
0 0.488672 0.0488525 0.0617188 0.0933105
0 0.775195 0.219922 0.171484 0.439844
0 0.953125 0.407324 0.09375 0.132227
0 0.952344 0.427734 0.0875 0.104688
0 0.833594 0.539648 0.053125 0.0714844
0 0.34541 0.0931152 0.491992 0.181348
0 0.130713 0.104272 0.0600586 0.12251
0 0.757227 0.785352 0.133984 0.224609
0 0.130469 0.320801 0.059375 0.0666016
0 0.952734 0.416504 0.0757812 0.0880859
0 0.18877 0.31084 0.183008 0.141602
0 0.684766 0.893359 0.0851563 0.0648438
0 0.230811 0.221484 0.264551 0.442969
0 0.739844 0.839648 0.203125 0.192578
0 0.43125 0.468359 0.0351562 0.0664062
0 0.327148 0.604102 0.0671875 0.0371094
0 0.654883 0.883594 0.0339844 0.0578125
0 0.817187 0.656055 0.365625 0.612891
0 0.136426 0.104834 0.0689453 0.141504
0 0.435156 0.247266 0.692187 0.494531
0 0.192676 0.303711 0.194727 0.255078
0 0.170068 0.112012 0.143066 0.218164
0 0.74082 0.883984 0.210547 0.166406
0 0.827734 0.30957 0.0820312 0.131641
0 0.408203 0.0830322 0.260156 0.156201
0 0.716992 0.689844 0.191016 0.470313
0 0.680664 0.69668 0.216797 0.464453
0 0.265723 0.360547 0.0701172 0.09375
0 0.811719 0.292383 0.0671875 0.100391
0 0.137109 0.258594 0.0953125 0.178516
0 0.270605 0.345313 0.0498047 0.0601563
0 0.387402 0.170898 0.581445 0.341797
0 0.256299 0.0837891 0.284277 0.160547
0 0.773828 0.820703 0.0742188 0.0851563
0 0.800391 0.830078 0.0742188 0.0789063
0 0.331641 0.600977 0.0304688 0.0324219
0 0.261719 0.357324 0.0523438 0.0541016
0 0.801562 0.219922 0.167187 0.439844
0 0.693164 0.801172 0.218359 0.260156
0 0.283545 0.0837646 0.26416 0.159619
0 0.722656 0.8375 0.170313 0.185938
0 0.152344 0.30957 0.111328 0.1125
0 0.309082 0.105981 0.230273 0.150537
0 0.775391 0.163232 0.119531 0.179004
0 0.729688 0.873047 0.184375 0.157031
0 0.290234 0.0794067 0.380469 0.144507
0 0.184863 0.35791 0.20293 0.154492
0 0.49082 0.0343384 0.0519531 0.0623779
0 0.55 0.153955 0.071875 0.106934
0 0.234668 0.361621 0.118945 0.146289
0 0.768164 0.776758 0.255859 0.308984
0 0.532422 0.470898 0.0789063 0.0839844
0 0.160645 0.240771 0.136133 0.216113
0 0.74375 0.67793 0.23125 0.501953
0 0.819531 0.685938 0.360938 0.553125
0 0.157617 0.258008 0.129297 0.183203
0 0.760352 0.708789 0.0402344 0.0605469
0 0.667188 0.874219 0.0609375 0.0859375
0 0.483594 0.0355835 0.0421875 0.0606689
0 0.629297 0.767383 0.369531 0.333984
0 0.796484 0.65918 0.353906 0.566016
0 0.835938 0.335742 0.075 0.111328
0 0.412891 0.413574 0.107031 0.146289
0 0.939453 0.419922 0.0664062 0.06875
0 0.6 0.715234 0.43125 0.441406
0 0.187207 0.338477 0.193555 0.173828
0 0.736133 0.797656 0.194922 0.265625
0 0.730078 0.855859 0.186719 0.153906
0 0.726953 0.798438 0.189844 0.267188
0 0.169873 0.187451 0.160254 0.360254
0 0.191064 0.189111 0.19209 0.363965
0 0.664648 0.889063 0.0644531 0.0734375
0 0.156152 0.0850586 0.101367 0.158203
0 0.782422 0.769727 0.136719 0.213672
0 0.797266 0.22627 0.161719 0.44043
0 0.17793 0.0833984 0.144141 0.160156
0 0.8125 0.355469 0.114063 0.191406
0 0.849609 0.226172 0.274219 0.447656
0 0.795313 0.286377 0.15625 0.334277
0 0.233301 0.18999 0.280273 0.369629
0 0.973047 0.411914 0.0539063 0.0980469
0 0.753516 0.128564 0.0789063 0.121387
0 0.720313 0.859766 0.171875 0.144531
0 0.664258 0.882812 0.0574219 0.06875
0 0.823242 0.355664 0.108203 0.190234
0 0.285254 0.189404 0.388086 0.377441
0 0.674023 0.891797 0.0832031 0.0757812
0 0.789453 0.230078 0.161719 0.4375
0 0.725195 0.779297 0.182422 0.307031
0 0.961328 0.414648 0.0773438 0.108203
0 0.766406 0.79375 0.251563 0.275
0 0.658203 0.883984 0.0460938 0.0632813
0 0.826172 0.541211 0.0445313 0.0628906
0 0.13042 0.317285 0.0512695 0.0548828
0 0.76582 0.705273 0.0511719 0.0675781
0 0.135791 0.316992 0.0614258 0.059375
0 0.733203 0.833203 0.182031 0.192969
0 0.75918 0.771484 0.136328 0.211719
0 0.775781 0.109985 0.123438 0.190967
0 0.823633 0.342383 0.105859 0.193359
0 0.773438 0.703125 0.0609375 0.0765625
0 0.810742 0.34209 0.116016 0.19707
0 0.130859 0.295703 0.0714844 0.096875
0 0.340332 0.20083 0.495117 0.401465
0 0.8125 0.766211 0.18125 0.220703
0 0.136865 0.0943604 0.0698242 0.14624
0 0.165039 0.17002 0.137891 0.331836
0 0.319727 0.606641 0.0707031 0.04375
0 0.673633 0.9 0.0863281 0.104688
0 0.741406 0.132324 0.0617188 0.106836
0 0.760938 0.136841 0.0921875 0.132178
0 0.839648 0.27334 0.255078 0.375195
0 0.29541 0.0945557 0.399805 0.178467
0 0.764063 0.712695 0.059375 0.0941406
0 0.975781 0.401074 0.0484375 0.0822266
0 0.774805 0.133911 0.120703 0.168896
0 0.48457 0.0770996 0.121484 0.146191
0 0.781055 0.783203 0.137891 0.219531
0 0.137256 0.30791 0.0682617 0.0681641
0 0.789453 0.296582 0.167969 0.32168
0 0.675781 0.883594 0.0867188 0.0734375
0 0.181152 0.0989258 0.155664 0.177148
0 0.791016 0.356055 0.144531 0.194922
0 0.430566 0.081665 0.241992 0.153271
0 0.857227 0.227539 0.285547 0.455078
0 0.692383 0.773047 0.221484 0.324219
0 0.134766 0.28584 0.0921875 0.112695
0 0.7875 0.828516 0.0671875 0.0804688
0 0.50918 0.0750732 0.106641 0.143213
0 0.718555 0.717188 0.197266 0.4375
0 0.141797 0.292188 0.0832031 0.10625
0 0.414648 0.205273 0.645703 0.410547
0 0.657813 0.888672 0.05 0.0601563
0 0.926172 0.419727 0.0523438 0.0636719
0 0.408398 0.115771 0.611328 0.22627
0 0.13623 0.32373 0.0705078 0.0943359
0 0.779297 0.828906 0.0726563 0.0828125
0 0.776563 0.836328 0.084375 0.105469
0 0.488867 0.0412964 0.0582031 0.0732666
0 0.332324 0.084082 0.254883 0.161914
0 0.835938 0.337109 0.075 0.117969
0 0.729492 0.873828 0.189453 0.160156
0 0.733203 0.782813 0.188281 0.296875
0 0.819727 0.655176 0.360547 0.627148
0 0.332617 0.605664 0.0464844 0.0441406
0 0.15293 0.29043 0.120703 0.112109
0 0.697266 0.801953 0.216406 0.272656
0 0.233301 0.0825439 0.247461 0.156396
0 0.741797 0.892969 0.216406 0.195312
0 0.529492 0.0634277 0.143359 0.124316
0 0.129492 0.103296 0.0621094 0.121143
0 0.129785 0.320508 0.0634766 0.0746094
0 0.133008 0.30459 0.0917969 0.105273
0 0.12998 0.310254 0.0560547 0.0646484
0 0.819922 0.690039 0.360156 0.562109
0 0.49668 0.0716797 0.0785156 0.143359
0 0.30625 0.0834717 0.250781 0.161572
0 0.656641 0.722266 0.302344 0.435156
0 0.1354 0.104004 0.0727539 0.14043
0 0.76875 0.698242 0.04375 0.0652344
0 0.827734 0.535156 0.0398437 0.0601563
0 0.756445 0.806641 0.148047 0.211719
0 0.951953 0.427148 0.0898438 0.108984
0 0.953125 0.415234 0.08125 0.096875
0 0.800391 0.827734 0.0804688 0.0867188
0 0.537695 0.078125 0.162891 0.151562
0 0.779688 0.810156 0.132812 0.170313
0 0.664648 0.9 0.0777344 0.0984375
0 0.200586 0.336914 0.202344 0.170703
0 0.255859 0.363086 0.0738281 0.0886719
0 0.460645 0.0804688 0.17168 0.153516
0 0.776367 0.158789 0.123828 0.168359
0 0.145215 0.315723 0.0736328 0.0685547
0 0.341406 0.0995117 0.492188 0.191602
0 0.918359 0.419727 0.0492188 0.0589844
0 0.268359 0.355859 0.0570313 0.0578125
0 0.130566 0.0969238 0.0583984 0.132715
0 0.226807 0.096875 0.254199 0.184766
0 0.74082 0.845508 0.208984 0.194922
0 0.763867 0.12417 0.0832031 0.112598
0 0.124658 0.317676 0.0370117 0.0509766
0 0.757422 0.786523 0.144531 0.230078
0 0.794141 0.343555 0.160156 0.242578
0 0.915234 0.425 0.0679687 0.0953125
0 0.626172 0.766016 0.385156 0.346094
0 0.833594 0.540234 0.0546875 0.075
0 0.763477 0.109253 0.101172 0.18501
0 0.685547 0.899219 0.0929688 0.101562
0 0.78125 0.224121 0.157813 0.44082
0 0.850781 0.22168 0.285938 0.443359
0 0.153418 0.308691 0.118945 0.116211
0 0.935156 0.502734 0.129688 0.272656
0 0.358789 0.0834717 0.253516 0.159229
0 0.791406 0.701953 0.325 0.467969
0 0.934766 0.528125 0.130469 0.323438
0 0.136523 0.259082 0.0976562 0.17793
0 0.187793 0.306348 0.19082 0.136523
0 0.530273 0.469336 0.0722656 0.0855469
0 0.955078 0.407031 0.0898438 0.13125
0 0.764453 0.845703 0.250781 0.199219
0 0.760156 0.15459 0.090625 0.138477
0 0.488281 0.0500977 0.0648438 0.100195
0 0.848828 0.322656 0.0617188 0.0964844
0 0.264844 0.359766 0.0722656 0.0992187
0 0.408398 0.0822266 0.262891 0.154102
0 0.834766 0.532031 0.0476562 0.0648438
0 0.771094 0.828516 0.0859375 0.0914062
0 0.603125 0.721875 0.429688 0.4375
0 0.165625 0.117041 0.137109 0.227246
0 0.772266 0.713672 0.0710938 0.113281
0 0.550391 0.0613037 0.171094 0.121143
0 0.934375 0.105664 0.13125 0.211328
0 0.775391 0.695898 0.0492188 0.0667969
0 0.192383 0.226562 0.200391 0.446875
0 0.488281 0.0709961 0.0734375 0.136719
0 0.812109 0.292871 0.0664062 0.103711
0 0.742383 0.713477 0.218359 0.435547
0 0.185693 0.335742 0.202832 0.168359
0 0.156641 0.257764 0.132812 0.183691
0 0.778125 0.357031 0.164062 0.199219
0 0.953516 0.510254 0.0929688 0.278711
0 0.955078 0.432324 0.0898438 0.133008
0 0.786523 0.835938 0.0816406 0.1
0 0.256104 0.0829102 0.275293 0.160352
0 0.550195 0.154102 0.0738281 0.110547
0 0.18335 0.356934 0.210645 0.155664
0 0.827734 0.308789 0.0820312 0.132422
0 0.189453 0.301367 0.198047 0.260547
0 0.939453 0.419531 0.0679687 0.0710938
0 0.376074 0.167871 0.561914 0.33457
0 0.7625 0.674609 0.270313 0.532031
0 0.739258 0.796094 0.204297 0.259375
0 0.730273 0.855078 0.187891 0.147656
0 0.168555 0.18042 0.150781 0.344629
0 0.177148 0.0826172 0.138281 0.155469
0 0.724414 0.795508 0.183984 0.263672
0 0.192773 0.180127 0.190625 0.344434
0 0.155566 0.0842773 0.0966797 0.149609
0 0.754492 0.130176 0.0753906 0.107227
0 0.972266 0.411719 0.0554687 0.096875
0 0.775195 0.107935 0.119922 0.180225
0 0.800586 0.224414 0.166016 0.433984
0 0.961328 0.414258 0.0773438 0.104297
0 0.664844 0.889063 0.0632813 0.06875
0 0.852734 0.224316 0.278906 0.443555
0 0.826563 0.541016 0.040625 0.0601563
0 0.812109 0.354199 0.114844 0.180664
0 0.138428 0.0936279 0.0670898 0.138525
0 0.237695 0.179248 0.290234 0.346973
0 0.821875 0.3375 0.104688 0.175781
0 0.674805 0.891797 0.0839844 0.0726563
0 0.783203 0.770117 0.144531 0.211328
0 0.796094 0.273486 0.157813 0.342871
0 0.789648 0.228809 0.159766 0.42832
0 0.722266 0.771094 0.177344 0.314063
0 0.742383 0.132715 0.0589844 0.0947266
0 0.721094 0.858984 0.173438 0.138281
0 0.283203 0.176025 0.385938 0.346387
0 0.810352 0.338379 0.115234 0.181055
0 0.163818 0.171875 0.130176 0.332813
0 0.664062 0.882812 0.05625 0.0671875
0 0.768359 0.792969 0.260156 0.26875
0 0.130664 0.317676 0.0488281 0.0529297
0 0.773242 0.704102 0.0566406 0.0707031
0 0.76582 0.705664 0.0480469 0.0644531
0 0.975391 0.401563 0.0492188 0.0835937
0 0.135547 0.317188 0.0585938 0.0582031
0 0.12959 0.29668 0.0673828 0.0921875
0 0.319727 0.607227 0.0707031 0.0433594
0 0.926562 0.419531 0.046875 0.0617188
0 0.952344 0.509961 0.0953125 0.275391
0 0.765039 0.711719 0.0558594 0.08125
0 0.821289 0.35293 0.107422 0.180859
0 0.774414 0.132861 0.116797 0.155371
0 0.733203 0.838086 0.183594 0.176953
0 0.332422 0.606055 0.046875 0.0433594
0 0.676172 0.883203 0.0875 0.0710938
0 0.952344 0.427539 0.0875 0.105078
0 0.33623 0.184473 0.486914 0.365039
0 0.658203 0.884375 0.0453125 0.0609375
0 0.84375 0.255957 0.2625 0.419336
0 0.764063 0.108716 0.0984375 0.1771
0 0.919531 0.419922 0.04375 0.0554687
0 0.828125 0.535937 0.0375 0.0578125
0 0.764258 0.12522 0.0824219 0.105811
0 0.836328 0.336719 0.0742188 0.114063
0 0.744922 0.890625 0.222656 0.198437
0 0.428516 0.08125 0.230469 0.146875
0 0.674219 0.900391 0.0875 0.103906
0 0.85293 0.217578 0.287891 0.433594
0 0.953906 0.416211 0.08125 0.0902344
0 0.482812 0.0746582 0.117188 0.135449
0 0.136621 0.307715 0.0658203 0.0673828
0 0.758594 0.77207 0.140625 0.208984
0 0.497266 0.0703369 0.0765625 0.137842
0 0.827734 0.308789 0.0804688 0.130469
0 0.131738 0.0966309 0.0556641 0.119238
0 0.833594 0.540234 0.05 0.0671875
0 0.788281 0.829297 0.065625 0.0773438
0 0.136865 0.102002 0.0696289 0.130371
0 0.761719 0.135181 0.0890625 0.121436
0 0.817969 0.65918 0.364063 0.625391
0 0.141309 0.293164 0.0826172 0.102344
0 0.136475 0.323438 0.0672852 0.0867188
0 0.800977 0.828516 0.0777344 0.0835937
0 0.550391 0.154395 0.0695313 0.10293
0 0.736914 0.776367 0.201172 0.301953
0 0.935547 0.521094 0.128906 0.298438
0 0.819141 0.688867 0.361719 0.586328
0 0.8125 0.766211 0.185938 0.220703
0 0.956641 0.432129 0.0867188 0.128711
0 0.788672 0.290186 0.166406 0.327441
0 0.460742 0.0789307 0.153516 0.144678
0 0.695703 0.766016 0.221094 0.327344
0 0.765625 0.848437 0.257812 0.184375
0 0.939063 0.419922 0.0625 0.0679687
0 0.295703 0.0945557 0.400781 0.173389
0 0.417773 0.467383 0.0613281 0.0730469
0 0.331445 0.0831787 0.235547 0.155127
0 0.743945 0.847266 0.215234 0.177344
0 0.782422 0.223633 0.149219 0.426953
0 0.916797 0.425977 0.0617188 0.0839844
0 0.849219 0.322852 0.0625 0.0949219
0 0.180176 0.097998 0.149023 0.172754
0 0.305273 0.0827637 0.246484 0.155176
0 0.788281 0.355664 0.15 0.188672
0 0.43418 0.195117 0.691016 0.390234
0 0.834375 0.532031 0.0453125 0.0632813
0 0.777148 0.76875 0.283203 0.325
0 0.717188 0.712109 0.20625 0.438281
0 0.52793 0.469141 0.0644531 0.0828125
0 0.935156 0.502148 0.129688 0.259766
0 0.428516 0.466797 0.040625 0.0710938
0 0.957031 0.407813 0.0859375 0.127344
0 0.933594 0.106543 0.132812 0.213086
0 0.780078 0.830078 0.0726563 0.0789063
0 0.136816 0.257617 0.0962891 0.175781
0 0.130273 0.103247 0.0583984 0.110693
0 0.957812 0.880078 0.084375 0.182031
0 0.130615 0.32207 0.0604492 0.0671875
0 0.432031 0.111621 0.664844 0.21582
0 0.768945 0.699414 0.0402344 0.0628906
0 0.812891 0.293555 0.0617188 0.0945313
0 0.775781 0.696484 0.046875 0.065625
0 0.144873 0.316211 0.0723633 0.0660156
0 0.361816 0.0827637 0.217773 0.15166
0 0.823828 0.350684 0.0773438 0.126758
0 0.940234 0.430078 0.0773438 0.0898438
0 0.96875 0.405469 0.0625 0.08125
0 0.824219 0.543945 0.0296875 0.0496094
0 0.958594 0.426465 0.0828125 0.120508
0 0.777734 0.837109 0.0820312 0.102344
0 0.857422 0.226562 0.285156 0.453125
0 0.139355 0.0821533 0.0632813 0.143506
0 0.539453 0.153955 0.0601563 0.0811523
0 0.150488 0.291699 0.11543 0.105664
0 0.826953 0.549219 0.0492188 0.0835937
0 0.488867 0.0693848 0.0730469 0.129199
0 0.508594 0.0735596 0.107813 0.133545
0 0.794531 0.334082 0.160938 0.261523
0 0.959375 0.907422 0.08125 0.180469
0 0.135156 0.286035 0.0890625 0.108789
0 0.969141 0.887109 0.0617188 0.174219
0 0.121045 0.297754 0.0573242 0.0892578
0 0.813086 0.825781 0.0847656 0.0921875
0 0.764648 0.893359 0.251953 0.208594
0 0.129443 0.310254 0.0543945 0.0638672
0 0.840625 0.328027 0.059375 0.0783203
0 0.227637 0.0978516 0.255273 0.183984
0 0.819922 0.757422 0.360156 0.380469
0 0.153955 0.242578 0.126855 0.209375
0 0.846094 0.338672 0.0765625 0.126563
0 0.33125 0.600977 0.0300781 0.0339844
0 0.530469 0.0640137 0.147656 0.123145
0 0.776172 0.159033 0.121094 0.160059
0 0.562891 0.154395 0.075 0.113867
0 0.773438 0.714063 0.0671875 0.105469
0 0.973828 0.462109 0.0523438 0.0789063
0 0.653516 0.717773 0.310156 0.433203
0 0.773242 0.160498 0.122266 0.299707
0 0.785156 0.70332 0.0703125 0.0777344
0 0.686328 0.898828 0.0953125 0.100781
0 0.133496 0.302637 0.0876953 0.0970703
0 0.760156 0.137695 0.0921875 0.117188
0 0.730078 0.874219 0.189844 0.1625
0 0.488672 0.0496826 0.0640625 0.0963379
0 0.803516 0.689453 0.360156 0.494531
0 0.801562 0.65166 0.396875 0.60293
0 0.781641 0.784961 0.144531 0.220703
0 0.967578 0.428418 0.0648438 0.120508
0 0.816797 0.309863 0.0867188 0.131836
0 0.488672 0.0415039 0.05625 0.0681641
0 0.125342 0.318457 0.0348633 0.0482422
0 0.954688 0.451562 0.090625 0.167187
0 0.688477 0.892969 0.0972656 0.0671875
0 0.699805 0.798242 0.223828 0.266016
0 0.851953 0.107056 0.280469 0.21167
0 0.162842 0.118213 0.127051 0.227637
0 0.926562 0.429492 0.0625 0.0839844
0 0.3625 0.105786 0.21875 0.141943
0 0.408594 0.0821289 0.257812 0.147852
0 0.788867 0.338965 0.151953 0.186914
0 0.80332 0.221387 0.166797 0.427539
0 0.233447 0.0816162 0.246387 0.153174
0 0.824609 0.537695 0.0351562 0.0550781
0 0.66543 0.9 0.0769531 0.0953125
0 0.787305 0.836328 0.0800781 0.0976562
0 0.834766 0.353809 0.0835937 0.133789
0 0.794336 0.156982 0.150391 0.298535
0 0.980078 0.0341553 0.0398437 0.0683106
0 0.26748 0.356152 0.0568359 0.0564453
0 0.154199 0.257031 0.127539 0.18125
0 0.144922 0.0811035 0.0757812 0.15127
0 0.680078 0.871094 0.101562 0.096875
0 0.340918 0.0975342 0.491602 0.184619
0 0.766211 0.707422 0.278516 0.441406
0 0.870508 0.444336 0.258984 0.486328
0 0.18418 0.108447 0.157422 0.205762
0 0.970313 0.913672 0.059375 0.172656
0 0.829297 0.341016 0.0554687 0.0796875
0 0.814258 0.125928 0.198047 0.202051
0 0.77168 0.117554 0.128516 0.22583
0 0.905078 0.501953 0.189844 0.24375
0 0.819922 0.617676 0.360156 0.677148
0 0.136279 0.339551 0.0782227 0.117773
0 0.658398 0.889063 0.0488281 0.0578125
0 0.421289 0.459766 0.0464844 0.0617188
0 0.907031 0.426367 0.0734375 0.0871094
0 0.776563 0.357031 0.165625 0.194531
0 0.780469 0.810547 0.1375 0.164844
0 0.715039 0.416992 0.0425781 0.0761719
0 0.151562 0.307324 0.113672 0.107227
0 0.693359 0.882812 0.117188 0.075
0 0.969531 0.513574 0.0609375 0.283008
0 0.283105 0.0824463 0.269727 0.154639
0 0.761328 0.708398 0.0382813 0.0589844
0 0.763281 0.727734 0.0640625 0.116406
0 0.966016 0.434863 0.0679687 0.135742
0 0.148438 0.305176 0.0835937 0.0716797
0 0.186865 0.305762 0.186035 0.127539
0 0.953516 0.490332 0.0929688 0.242773
0 0.624609 0.758398 0.400781 0.350391
0 0.788086 0.27251 0.158203 0.312793
0 0.54043 0.469531 0.0722656 0.084375
0 0.278125 0.506641 0.0390625 0.0601563
0 0.326367 0.6125 0.0726563 0.0601563
0 0.794727 0.66582 0.394922 0.552734
0 0.985156 0.0268555 0.0296875 0.0537109
0 0.412207 0.408984 0.111523 0.135937
0 0.925 0.406055 0.065625 0.0941406
0 0.79043 0.067041 0.0691406 0.0922852
0 0.255469 0.364453 0.06875 0.0757812
0 0.816211 0.156836 0.205078 0.182422
0 0.291406 0.0790527 0.389062 0.138184
0 0.850586 0.166846 0.273828 0.326465
0 0.601953 0.718359 0.435156 0.435156
0 0.200781 0.334766 0.208984 0.159375
0 0.728906 0.857422 0.18125 0.147656
0 0.168262 0.184277 0.14668 0.346289
0 0.722656 0.799805 0.182812 0.266016
0 0.193213 0.184277 0.189355 0.347852
0 0.176611 0.0838623 0.13623 0.154932
0 0.730469 0.800391 0.189063 0.260156
0 0.154004 0.0864502 0.0935547 0.148389
0 0.66582 0.889844 0.0644531 0.0671875
0 0.801172 0.223242 0.166406 0.420703
0 0.754297 0.130762 0.0742188 0.106055
0 0.973047 0.412207 0.0539063 0.0974609
0 0.853125 0.222168 0.278125 0.432227
0 0.674609 0.892969 0.08125 0.06875
0 0.730859 0.854688 0.188281 0.173438
0 0.775781 0.108203 0.120313 0.176953
0 0.720703 0.758398 0.183594 0.353516
0 0.721289 0.860547 0.173047 0.141406
0 0.282617 0.181836 0.379297 0.353125
0 0.332227 0.60625 0.0484375 0.0429688
0 0.788281 0.226562 0.159375 0.417969
0 0.13877 0.0944824 0.0652344 0.141699
0 0.319336 0.607227 0.0722656 0.0425781
0 0.129736 0.296387 0.065918 0.0947266
0 0.131152 0.318652 0.0478516 0.0513672
0 0.135449 0.317773 0.0570313 0.0566406
0 0.826953 0.54043 0.0367188 0.0582031
0 0.729492 0.892969 0.191016 0.209375
0 0.961719 0.414355 0.0765625 0.105664
0 0.821875 0.333691 0.101562 0.163867
0 0.809766 0.334863 0.114844 0.168555
0 0.665039 0.883594 0.0582031 0.0671875
0 0.797266 0.261523 0.160156 0.361328
0 0.234619 0.183105 0.280762 0.350195
0 0.137695 0.102954 0.0671875 0.132373
0 0.674414 0.901172 0.0839844 0.0992187
0 0.767969 0.796484 0.260938 0.272656
0 0.926953 0.418945 0.0429688 0.0582031
0 0.722461 0.851172 0.183203 0.189844
0 0.975781 0.400977 0.0484375 0.0785156
0 0.920703 0.419727 0.0398437 0.0527344
0 0.158643 0.175879 0.118262 0.335352
0 0.742188 0.133057 0.0570313 0.0924805
0 0.774609 0.135669 0.116406 0.143115
0 0.810938 0.354492 0.110937 0.166797
0 0.676172 0.884375 0.0859375 0.071875
0 0.852734 0.213232 0.285156 0.418848
0 0.136621 0.324023 0.0650391 0.0765625
0 0.84668 0.259277 0.266016 0.44082
0 0.766016 0.856445 0.255469 0.180859
0 0.772461 0.704297 0.0535156 0.0679687
0 0.716211 0.711719 0.195703 0.457813
0 0.137305 0.254932 0.0945313 0.185449
0 0.658789 0.884375 0.0457031 0.0609375
0 0.935938 0.526953 0.128125 0.308594
0 0.776953 0.762695 0.288281 0.358984
0 0.766016 0.705664 0.0460938 0.0628906
0 0.764844 0.712109 0.053125 0.0757812
0 0.180078 0.0974609 0.148047 0.166016
0 0.764258 0.125732 0.0808594 0.105176
0 0.957031 0.880469 0.0859375 0.184375
0 0.33623 0.18623 0.480664 0.364258
0 0.789258 0.830469 0.0589844 0.071875
0 0.132178 0.0980713 0.0557617 0.123584
0 0.267285 0.356152 0.0568359 0.0556641
0 0.131006 0.103906 0.0583008 0.113281
0 0.828906 0.536328 0.034375 0.0546875
0 0.761133 0.135645 0.0886719 0.119336
0 0.96875 0.8875 0.0625 0.176563
0 0.685547 0.899609 0.0882813 0.0914062
0 0.152344 0.244531 0.120703 0.208984
0 0.684766 0.757617 0.255469 0.366016
0 0.958594 0.906641 0.0828125 0.185156
0 0.417383 0.467383 0.0605469 0.0707031
0 0.531055 0.0646973 0.148828 0.12373
0 0.437598 0.116846 0.672461 0.22334
0 0.717578 0.89375 0.191406 0.2125
0 0.131348 0.324219 0.0583984 0.0605469
0 0.953125 0.428125 0.0859375 0.104688
0 0.496875 0.0706543 0.0742188 0.138379
0 0.731641 0.844141 0.175781 0.166406
0 0.657031 0.716016 0.310937 0.455469
0 0.141309 0.293359 0.0806641 0.104688
0 0.787109 0.278027 0.167969 0.352539
0 0.136914 0.308105 0.065625 0.0681641
0 0.785742 0.775781 0.148828 0.221875
0 0.780664 0.218555 0.148047 0.412891
0 0.818164 0.692383 0.363672 0.596484
0 0.832812 0.540039 0.046875 0.0636719
0 0.917188 0.426172 0.059375 0.0789063
0 0.731836 0.768164 0.198828 0.329297
0 0.950391 0.511914 0.0992187 0.269141
0 0.441992 0.195361 0.700391 0.388965
0 0.144482 0.316895 0.0696289 0.0630859
0 0.483984 0.0746094 0.110937 0.135547
0 0.816602 0.663281 0.366797 0.639063
0 0.77793 0.8375 0.0785156 0.1
0 0.780664 0.830859 0.0667969 0.0742188
0 0.95625 0.433203 0.0875 0.128906
0 0.827734 0.309277 0.0789063 0.12832
0 0.331348 0.600977 0.0314453 0.0332031
0 0.763867 0.10979 0.0988281 0.173389
0 0.430176 0.0822998 0.234961 0.150244
0 0.9375 0.419531 0.0578125 0.0648438
0 0.135742 0.286328 0.0871094 0.113672
0 0.150488 0.291406 0.111523 0.110937
0 0.428516 0.466992 0.0390625 0.0691406
0 0.538281 0.0749512 0.165625 0.141113
0 0.757227 0.775391 0.129297 0.214844
0 0.952734 0.416016 0.0757812 0.0851563
0 0.325977 0.611719 0.0742188 0.059375
0 0.8 0.830469 0.0703125 0.0765625
0 0.548242 0.0627441 0.165234 0.120605
0 0.134229 0.302441 0.0842773 0.0974609
0 0.835938 0.336133 0.071875 0.110547
0 0.970313 0.911719 0.059375 0.176563
0 0.488867 0.0695313 0.0714844 0.128906
0 0.321875 0.626953 0.0914062 0.0953125
0 0.802734 0.216699 0.164844 0.411914
0 0.153809 0.256055 0.123633 0.1875
0 0.818945 0.757031 0.362109 0.428125
0 0.823438 0.347559 0.0734375 0.111914
0 0.509766 0.0734619 0.108594 0.133545
0 0.834766 0.532422 0.0429688 0.0609375
0 0.685742 0.89375 0.0871094 0.0640625
0 0.975391 0.462695 0.0492188 0.0746094
0 0.953516 0.451562 0.0929688 0.1625
0 0.935547 0.504883 0.128906 0.251953
0 0.772852 0.160059 0.123047 0.298633
0 0.787109 0.837109 0.0742188 0.0929688
0 0.795117 0.318066 0.162891 0.385742
0 0.187793 0.306738 0.184961 0.122461
0 0.775977 0.159082 0.119922 0.156836
0 0.12207 0.297363 0.0568359 0.0916016
0 0.793555 0.15752 0.148828 0.297461
0 0.933203 0.106934 0.133594 0.213867
0 0.200244 0.332617 0.208105 0.149609
0 0.762109 0.892188 0.244531 0.215625
0 0.136523 0.339355 0.0773438 0.114258
0 0.120703 0.1875 0.140625 0.347656
0 0.958984 0.427051 0.0820312 0.122461
0 0.849219 0.323438 0.0609375 0.0941406
0 0.826953 0.548633 0.0445313 0.0753906
0 0.363574 0.11084 0.208008 0.120508
0 0.801367 0.692578 0.353516 0.524219
0 0.805469 0.65498 0.3875 0.622852
0 0.488477 0.0493896 0.0621094 0.0936035
0 0.666797 0.900391 0.0757812 0.0929688
0 0.395117 0.174268 0.600391 0.344043
0 0.130078 0.31084 0.0546875 0.0646484
0 0.881055 0.468945 0.237891 0.388672
0 0.95625 0.404492 0.0875 0.141016
0 0.96875 0.860938 0.0625 0.16875
0 0.858203 0.224023 0.283594 0.443359
0 0.15127 0.307129 0.10957 0.106445
0 0.851953 0.107983 0.278906 0.210986
0 0.488281 0.040979 0.0546875 0.0665772
0 0.463867 0.0799072 0.145703 0.147998
0 0.608105 0.218164 0.560352 0.432422
0 0.769531 0.7 0.0375 0.0601563
0 0.759961 0.138477 0.0910156 0.118359
0 0.125635 0.319531 0.0342773 0.0464844
0 0.338086 0.604297 0.0421875 0.0476562
0 0.426563 0.381836 0.084375 0.104297
0 0.772461 0.118213 0.136328 0.224902
0 0.926953 0.429492 0.0601563 0.0792969
0 0.939844 0.430664 0.0734375 0.0871094
0 0.824609 0.544531 0.0289063 0.046875
0 0.143164 0.0884766 0.075 0.151562
0 0.755273 0.707617 0.258203 0.466016
0 0.316895 0.613867 0.0779297 0.0574219
0 0.970313 0.430566 0.059375 0.124805
0 0.268066 0.344727 0.0544922 0.0644531
0 0.96875 0.405664 0.0625 0.0753906
0 0.975781 0.471289 0.0484375 0.0925781
0 0.550195 0.15459 0.0660156 0.0978516
0 0.326758 0.605859 0.0746094 0.0414063
0 0.813281 0.294043 0.0609375 0.0908203
0 0.957422 0.930859 0.0851563 0.138281
0 0.19126 0.371387 0.195605 0.724414
0 0.929688 0.535352 0.140625 0.381641
0 0.850391 0.166699 0.272656 0.32207
0 0.599609 0.715625 0.438281 0.459375
0 0.930078 0.490234 0.139844 0.323438
0 0.925 0.410352 0.0546875 0.0753906
0 0.821289 0.353125 0.101172 0.170313
0 0.265137 0.359961 0.0697266 0.0878906
0 0.306055 0.0830322 0.237109 0.151123
0 0.80918 0.770703 0.201953 0.239844
0 0.331445 0.0833984 0.233203 0.149609
0 0.361914 0.13501 0.217578 0.143262
0 0.453516 0.393652 0.03125 0.0556641
0 0.739844 0.795508 0.210938 0.263672
0 0.729297 0.855078 0.186719 0.152344
0 0.167871 0.184277 0.158398 0.350195
0 0.197168 0.184229 0.206445 0.351855
0 0.721484 0.795508 0.182031 0.266797
0 0.719336 0.761719 0.181641 0.3375
0 0.15542 0.0844971 0.106348 0.15542
0 0.239307 0.183496 0.294824 0.354102
0 0.28252 0.182373 0.385742 0.358691
0 0.175781 0.0828613 0.144141 0.158105
0 0.754102 0.129443 0.0808594 0.114941
0 0.720898 0.858203 0.178516 0.146094
0 0.769141 0.791016 0.266406 0.278906
0 0.855078 0.220605 0.285156 0.43457
0 0.666211 0.891016 0.0699219 0.0742188
0 0.775781 0.106641 0.125 0.175781
0 0.674805 0.892969 0.0832031 0.071875
0 0.973437 0.413672 0.053125 0.103906
0 0.747266 0.894531 0.230469 0.210938
0 0.805273 0.21709 0.178516 0.419727
0 0.736328 0.77207 0.208594 0.313672
0 0.318262 0.607227 0.0767578 0.0449219
0 0.716211 0.708984 0.197266 0.450781
0 0.161572 0.173877 0.133887 0.339746
0 0.732617 0.837695 0.181641 0.182422
0 0.853125 0.207471 0.292188 0.41084
0 0.745703 0.847266 0.222656 0.191406
0 0.330957 0.606055 0.0541016 0.0457031
0 0.66582 0.883594 0.0636719 0.0703125
0 0.340234 0.187695 0.497656 0.372266
0 0.975781 0.400488 0.0484375 0.0833984
0 0.776172 0.765039 0.288281 0.338672
0 0.787695 0.218848 0.168359 0.413867
0 0.767969 0.851953 0.267188 0.208594
0 0.809375 0.334082 0.115625 0.159961
0 0.447363 0.119873 0.702148 0.233691
0 0.130322 0.295117 0.0700195 0.0996094
0 0.676367 0.884766 0.0886719 0.0757812
0 0.955078 0.880469 0.0898438 0.18125
0 0.816406 0.659082 0.367188 0.636523
0 0.674609 0.901172 0.084375 0.102344
0 0.824023 0.332227 0.101953 0.158203
0 0.135107 0.317969 0.0600586 0.0585938
0 0.951172 0.510547 0.0976562 0.279687
0 0.7875 0.770703 0.160938 0.221094
0 0.96875 0.887109 0.0625 0.174219
0 0.673828 0.711719 0.260156 0.451562
0 0.532422 0.064624 0.158594 0.124658
0 0.9375 0.526758 0.125 0.316797
0 0.957031 0.905859 0.0859375 0.186719
0 0.453809 0.197656 0.73457 0.395313
0 0.817578 0.697266 0.364844 0.571094
0 0.138184 0.0945068 0.0703125 0.147314
0 0.767383 0.894922 0.260547 0.210156
0 0.130811 0.318555 0.0514648 0.0542969
0 0.802148 0.698047 0.355078 0.488281
0 0.775 0.133618 0.121875 0.148779
0 0.779102 0.210449 0.168359 0.405664
0 0.961719 0.414648 0.0765625 0.112891
0 0.7625 0.109766 0.101562 0.16875
0 0.817969 0.764063 0.364063 0.4
0 0.701367 0.754883 0.208203 0.354297
0 0.722656 0.836328 0.184375 0.225781
0 0.741797 0.132422 0.0617188 0.0960938
0 0.321191 0.626172 0.0951172 0.0960938
0 0.135986 0.256641 0.101465 0.182422
0 0.800391 0.250977 0.171094 0.379297
0 0.755859 0.707227 0.260156 0.451172
0 0.807031 0.655176 0.385938 0.599023
0 0.970313 0.911328 0.059375 0.177344
0 0.136523 0.324707 0.0679687 0.0841797
0 0.548438 0.062793 0.165625 0.121289
0 0.321191 0.614453 0.0916016 0.0726563
0 0.968359 0.860547 0.0632813 0.166406
0 0.926562 0.419336 0.0453125 0.0621094
0 0.826953 0.540625 0.0382813 0.059375
0 0.180078 0.0991699 0.158594 0.177832
0 0.851367 0.283887 0.278516 0.529102
0 0.764258 0.124585 0.0855469 0.113721
0 0.130762 0.323633 0.0636719 0.0683594
0 0.718359 0.888281 0.207031 0.223438
0 0.810742 0.356934 0.112891 0.151758
0 0.807617 0.209717 0.181641 0.405566
0 0.760742 0.134961 0.0925781 0.124219
0 0.407324 0.177051 0.636914 0.354102
0 0.609766 0.712305 0.411719 0.456641
0 0.57832 0.2125 0.643359 0.425
0 0.124951 0.187256 0.141504 0.352051
0 0.26709 0.356055 0.0591797 0.0582031
0 0.758984 0.770898 0.139844 0.216016
0 0.136572 0.104199 0.0745117 0.140625
0 0.819531 0.799023 0.360938 0.319141
0 0.953906 0.855859 0.0921875 0.172656
0 0.192969 0.372168 0.208203 0.736914
0 0.685352 0.899219 0.0863281 0.0921875
0 0.772852 0.703125 0.0589844 0.0742188
0 0.929688 0.478027 0.140625 0.363477
0 0.810938 0.764844 0.2 0.229687
0 0.854688 0.415625 0.290625 0.828125
0 0.819727 0.852539 0.360547 0.268359
0 0.231592 0.0817383 0.259082 0.15332
0 0.852344 0.102783 0.284375 0.20459
0 0.920313 0.419531 0.0421875 0.05625
0 0.325293 0.611719 0.0767578 0.0640625
0 0.142432 0.0865479 0.0807617 0.157373
0 0.417188 0.467773 0.0617188 0.0722656
0 0.163477 0.123315 0.135547 0.239697
0 0.932422 0.106348 0.135156 0.212695
0 0.485156 0.0752441 0.11875 0.141504
0 0.155664 0.242871 0.134375 0.212695
0 0.936328 0.502344 0.127344 0.275
0 0.776172 0.162256 0.133594 0.312598
0 0.824219 0.347852 0.078125 0.116797
0 0.764453 0.7125 0.0570313 0.0890625
0 0.155176 0.256445 0.133398 0.186719
0 0.129688 0.104248 0.0662109 0.125098
0 0.537891 0.0757324 0.172656 0.145215
0 0.954688 0.432813 0.090625 0.146094
0 0.783398 0.674219 0.339453 0.532813
0 0.795898 0.396875 0.170703 0.754687
0 0.813281 0.75 0.196875 0.204688
0 0.76582 0.704883 0.0496094 0.0660156
0 0.957422 0.53125 0.0851563 0.304688
0 0.798242 0.592285 0.401953 0.723242
0 0.928906 0.527637 0.142188 0.45332
0 0.781445 0.115942 0.162109 0.226709
0 0.858203 0.227344 0.283594 0.453125
0 0.717969 0.687109 0.20625 0.488281
0 0.78418 0.265527 0.178516 0.373633
0 0.306055 0.0834229 0.225391 0.156787
0 0.195508 0.288965 0.207422 0.535352
0 0.722461 0.843359 0.178516 0.171094
0 0.789062 0.277344 0.157813 0.274219
0 0.308398 0.612305 0.0914062 0.0785156
0 0.955859 0.930859 0.0882813 0.138281
0 0.316504 0.614648 0.0798828 0.0605469
0 0.431641 0.0817627 0.249219 0.153467
0 0.756055 0.786328 0.233203 0.261719
0 0.197998 0.182227 0.200098 0.347266
0 0.172266 0.182227 0.157813 0.345703
0 0.176123 0.0828125 0.138379 0.155469
0 0.284082 0.181348 0.381055 0.356055
0 0.755273 0.131152 0.0785156 0.110352
0 0.736133 0.831445 0.191797 0.187109
0 0.239063 0.182324 0.2875 0.350977
0 0.771094 0.785547 0.260938 0.267969
0 0.774805 0.10708 0.120703 0.174902
0 0.973437 0.414355 0.053125 0.10332
0 0.802539 0.219336 0.171484 0.415234
0 0.955859 0.509863 0.0882813 0.281836
0 0.854883 0.217871 0.279297 0.427539
0 0.157031 0.0837891 0.104688 0.151953
0 0.78457 0.764453 0.146484 0.208594
0 0.822461 0.334863 0.101953 0.156836
0 0.810547 0.335645 0.114844 0.159961
0 0.750195 0.773438 0.224609 0.290625
0 0.72168 0.785937 0.176953 0.26875
0 0.732031 0.852734 0.190625 0.150781
0 0.674805 0.892969 0.0800781 0.0640625
0 0.820312 0.660059 0.359375 0.592383
0 0.79043 0.225098 0.156641 0.40293
0 0.820312 0.686133 0.359375 0.540234
0 0.168457 0.172314 0.14043 0.334277
0 0.675586 0.885156 0.0839844 0.065625
0 0.961719 0.416016 0.0765625 0.110156
0 0.719141 0.770312 0.166406 0.298438
0 0.667188 0.889844 0.06875 0.0640625
0 0.666211 0.883984 0.0613281 0.0632813
0 0.814063 0.762109 0.178125 0.213281
0 0.854297 0.210059 0.285156 0.412695
0 0.303027 0.0842285 0.225195 0.156934
0 0.139404 0.0946777 0.0665039 0.145996
0 0.338965 0.189502 0.487695 0.375684
0 0.130859 0.297559 0.0667969 0.0900391
0 0.778516 0.767773 0.280469 0.309766
0 0.763281 0.109692 0.0984375 0.168896
0 0.233154 0.0821533 0.252441 0.1521
0 0.330762 0.605859 0.0517578 0.0421875
0 0.790234 0.280273 0.152344 0.255078
0 0.722656 0.840625 0.173438 0.165625
0 0.325781 0.0845215 0.19375 0.158105
0 0.317871 0.607031 0.0751953 0.0414063
0 0.453906 0.102954 0.710938 0.197607
0 0.80957 0.653809 0.377734 0.562695
0 0.812109 0.35791 0.113281 0.150586
0 0.798242 0.28042 0.164453 0.30166
0 0.765625 0.704492 0.05 0.0675781
0 0.774414 0.137012 0.118359 0.135352
0 0.798242 0.670703 0.359766 0.514844
0 0.826563 0.540234 0.0375 0.0585938
0 0.781445 0.780273 0.146484 0.205078
0 0.804688 0.697461 0.346875 0.455078
0 0.757812 0.894141 0.245312 0.196094
0 0.459766 0.202148 0.739844 0.404297
0 0.78418 0.215137 0.147266 0.407227
0 0.939063 0.518555 0.121875 0.292578
0 0.703906 0.767188 0.176563 0.310937
0 0.816406 0.750781 0.18125 0.204688
0 0.926172 0.418945 0.0429688 0.0621094
0 0.142383 0.294629 0.0824219 0.100195
0 0.13457 0.317188 0.0578125 0.0566406
0 0.773438 0.702539 0.0625 0.0785156
0 0.835938 0.337207 0.08125 0.123242
0 0.675 0.900781 0.0828125 0.09375
0 0.764844 0.125684 0.0859375 0.111914
0 0.294141 0.093457 0.392969 0.170117
0 0.13667 0.308594 0.0672852 0.0652344
0 0.763281 0.766016 0.159375 0.207031
0 0.820703 0.757812 0.358594 0.346875
0 0.26709 0.355957 0.0583984 0.0568359
0 0.825 0.349512 0.084375 0.122852
0 0.828125 0.310254 0.08125 0.130273
0 0.417188 0.467578 0.0625 0.071875
0 0.781641 0.813086 0.144531 0.167578
0 0.975391 0.401563 0.0492188 0.0882813
0 0.431055 0.0810791 0.249609 0.148975
0 0.960156 0.528125 0.0796875 0.292969
0 0.231738 0.0962402 0.262305 0.180566
0 0.255713 0.0830811 0.291699 0.156104
0 0.769336 0.900391 0.259766 0.199219
0 0.530078 0.0652344 0.149219 0.124609
0 0.953125 0.427832 0.0890625 0.108398
0 0.822656 0.357422 0.103125 0.148438
0 0.743164 0.133301 0.0597656 0.0935547
0 0.957422 0.407813 0.0851563 0.132812
0 0.969531 0.510254 0.0609375 0.280273
0 0.77793 0.112915 0.134766 0.218701
0 0.955859 0.880859 0.0882813 0.178906
0 0.959766 0.598242 0.0804688 0.248047
0 0.130811 0.317969 0.0479492 0.0503906
0 0.808594 0.319824 0.117188 0.166602
0 0.957031 0.43252 0.0859375 0.134961
0 0.138184 0.103296 0.0689453 0.135596
0 0.288965 0.0796509 0.379883 0.138745
0 0.283105 0.0839111 0.264258 0.155225
0 0.156152 0.258203 0.132227 0.175781
0 0.775781 0.162402 0.123438 0.307617
0 0.361523 0.0832764 0.151953 0.15376
0 0.683398 0.89375 0.0785156 0.0578125
0 0.933594 0.104688 0.132812 0.209375
0 0.720703 0.857031 0.171094 0.139063
0 0.764844 0.712695 0.05625 0.0894531
0 0.9375 0.502148 0.125 0.271484
0 0.8 0.629883 0.389062 0.593359
0 0.679688 0.873438 0.0960938 0.090625
0 0.485352 0.0755127 0.126953 0.138232
0 0.757031 0.807227 0.179688 0.215234
0 0.920703 0.419141 0.0382813 0.053125
0 0.49707 0.0717773 0.0761719 0.143555
0 0.936328 0.594531 0.127344 0.271875
0 0.453516 0.394141 0.0296875 0.053125
0 0.788672 0.296582 0.163281 0.291211
0 0.971875 0.430664 0.05625 0.123047
0 0.761328 0.134912 0.0898438 0.118066
0 0.795898 0.327539 0.166016 0.291797
0 0.804883 0.278467 0.127734 0.247754
0 0.132959 0.0980469 0.0588867 0.129102
0 0.805273 0.213379 0.173828 0.40918
0 0.718164 0.790625 0.207422 0.265625
0 0.429492 0.467187 0.0363281 0.0679687
0 0.190137 0.308496 0.191602 0.129492
0 0.970313 0.887891 0.059375 0.174219
0 0.157324 0.242529 0.134961 0.207129
0 0.34375 0.0929688 0.49375 0.174219
0 0.814453 0.124463 0.200781 0.178027
0 0.137598 0.25791 0.0990234 0.173242
0 0.873828 0.496094 0.252344 0.309375
0 0.765625 0.710547 0.265625 0.417969
0 0.814063 0.106372 0.2 0.185693
0 0.858789 0.222461 0.282422 0.442578
0 0.268457 0.345703 0.0541016 0.0632813
0 0.954688 0.493359 0.090625 0.255469
0 0.825781 0.642578 0.348438 0.589844
0 0.685156 0.898828 0.0828125 0.0789063
0 0.790039 0.336914 0.144922 0.169141
0 0.965625 0.435352 0.06875 0.140234
0 0.779883 0.637891 0.396484 0.569531
0 0.168408 0.116455 0.139355 0.225293
0 0.954297 0.855664 0.0914062 0.166797
0 0.191699 0.105615 0.174414 0.200488
0 0.723437 0.7125 0.195312 0.420312
0 0.362695 0.108813 0.162109 0.127295
0 0.958203 0.905469 0.0835937 0.1875
0 0.853516 0.0999268 0.278906 0.197021
0 0.969922 0.859766 0.0601563 0.163281
0 0.199805 0.333203 0.202344 0.145313
0 0.450195 0.400195 0.0410156 0.0589844
0 0.959375 0.624805 0.08125 0.201953
0 0.448242 0.396387 0.0316406 0.0494141
0 0.860156 0.421875 0.279687 0.590625
0 0.964844 0.493555 0.0703125 0.260547
0 0.153516 0.290723 0.120313 0.109961
0 0.967578 0.412305 0.0648438 0.132422
0 0.971875 0.911328 0.05625 0.177344
0 0.446094 0.384375 0.0414063 0.071875
0 0.927344 0.538281 0.145313 0.385938
0 0.758789 0.785547 0.235547 0.267969
0 0.176318 0.0840088 0.134863 0.155225
0 0.198877 0.184766 0.197168 0.351953
0 0.174512 0.184326 0.158789 0.349316
0 0.285352 0.185986 0.377734 0.363965
0 0.784375 0.763477 0.134375 0.205859
0 0.75625 0.132031 0.078125 0.10625
0 0.772461 0.78418 0.259766 0.273828
0 0.731055 0.853516 0.186328 0.149219
0 0.674609 0.892578 0.0789063 0.0664062
0 0.734766 0.826563 0.186719 0.198437
0 0.814453 0.762109 0.175781 0.213281
0 0.973437 0.414453 0.053125 0.102344
0 0.240039 0.185645 0.283984 0.356836
0 0.775195 0.108496 0.119922 0.17207
0 0.957812 0.511328 0.084375 0.282031
0 0.962109 0.416406 0.0757812 0.107813
0 0.667578 0.889844 0.0679687 0.065625
0 0.666602 0.884375 0.0605469 0.0640625
0 0.821484 0.68125 0.357031 0.55625
0 0.822852 0.336719 0.101172 0.160938
0 0.675 0.885547 0.0820312 0.0664062
0 0.803711 0.223926 0.173828 0.425586
0 0.821094 0.661133 0.357812 0.590234
0 0.855469 0.222168 0.279687 0.439258
0 0.766211 0.705078 0.0503906 0.06875
0 0.811133 0.3375 0.113672 0.165625
0 0.158984 0.0855957 0.104688 0.152051
0 0.774609 0.702734 0.0648438 0.0796875
0 0.130908 0.297852 0.065332 0.0894531
0 0.72168 0.785352 0.173828 0.273047
0 0.855078 0.211816 0.285156 0.416992
0 0.233838 0.0831299 0.25498 0.15249
0 0.302246 0.0851807 0.227539 0.155615
0 0.797656 0.297607 0.164062 0.289941
0 0.171484 0.173486 0.142969 0.334277
0 0.331445 0.60625 0.0503906 0.040625
0 0.826953 0.54082 0.0367188 0.0582031
0 0.1396 0.0953613 0.0631836 0.147168
0 0.325 0.0854004 0.190625 0.156152
0 0.317676 0.607031 0.0759766 0.040625
0 0.813281 0.358887 0.1125 0.160352
0 0.790234 0.231152 0.153906 0.412695
0 0.674414 0.900781 0.0824219 0.0953125
0 0.823242 0.358887 0.101953 0.150977
0 0.751563 0.775781 0.223438 0.2875
0 0.417773 0.468555 0.0613281 0.0714844
0 0.339453 0.194629 0.485156 0.384961
0 0.290186 0.0928467 0.378223 0.16665
0 0.267676 0.355957 0.0572266 0.0568359
0 0.953125 0.42832 0.0875 0.106641
0 0.765625 0.712109 0.05625 0.0882813
0 0.82168 0.761328 0.356641 0.339844
0 0.79043 0.282959 0.151953 0.252832
0 0.452734 0.0979492 0.703906 0.185742
0 0.528516 0.468555 0.0695313 0.0886719
0 0.14209 0.294727 0.0802734 0.0996094
0 0.926562 0.419727 0.0421875 0.0628906
0 0.134424 0.31709 0.0571289 0.0560547
0 0.136572 0.308691 0.0655273 0.0654297
0 0.960938 0.530273 0.078125 0.301172
0 0.304102 0.11123 0.227734 0.129492
0 0.722852 0.841797 0.171484 0.164844
0 0.774609 0.138306 0.116406 0.129248
0 0.718164 0.774219 0.160547 0.292188
0 0.430078 0.468359 0.0359375 0.0671875
0 0.453125 0.394922 0.0304688 0.0539063
0 0.836719 0.337402 0.078125 0.120508
0 0.828125 0.310156 0.08125 0.128906
0 0.781055 0.777344 0.139453 0.207813
0 0.284033 0.0816773 0.360059 0.143091
0 0.816211 0.750391 0.173828 0.199219
0 0.234033 0.0936768 0.260059 0.173584
0 0.970703 0.42998 0.0585938 0.12207
0 0.765625 0.126172 0.0859375 0.109375
0 0.138867 0.103882 0.0652344 0.135986
0 0.967188 0.5125 0.065625 0.28125
0 0.447852 0.39668 0.0316406 0.0496094
0 0.763281 0.110937 0.096875 0.167969
0 0.760547 0.764453 0.147656 0.203906
0 0.780469 0.772461 0.279687 0.303516
0 0.497656 0.0712646 0.0773438 0.142236
0 0.788281 0.829297 0.071875 0.0789063
0 0.45 0.400684 0.040625 0.0580078
0 0.280176 0.0849121 0.276367 0.154004
0 0.779492 0.829297 0.0769531 0.0820312
0 0.683789 0.89375 0.0792969 0.059375
0 0.453809 0.204297 0.723633 0.408594
0 0.429688 0.0815674 0.247656 0.147021
0 0.269043 0.345898 0.0521484 0.0628906
0 0.685156 0.899219 0.084375 0.0828125
0 0.19502 0.0991699 0.175977 0.186426
0 0.360254 0.109692 0.148242 0.123193
0 0.939453 0.523633 0.121094 0.307422
0 0.131006 0.317969 0.0469727 0.0492188
0 0.658984 0.883984 0.0453125 0.0585938
0 0.25498 0.0841797 0.300977 0.155664
0 0.720508 0.858203 0.168359 0.136719
0 0.958203 0.432715 0.0835937 0.12832
0 0.359277 0.08396 0.14082 0.15083
0 0.780664 0.809766 0.138672 0.169531
0 0.343262 0.0922119 0.48457 0.170264
0 0.190332 0.309375 0.188867 0.125
0 0.814063 0.125244 0.198437 0.168262
0 0.200293 0.333301 0.199414 0.147461
0 0.446094 0.386035 0.0414063 0.0716797
0 0.864453 0.682422 0.271094 0.599219
0 0.825391 0.350195 0.0820312 0.123047
0 0.921094 0.41875 0.0359375 0.0515625
0 0.833203 0.540625 0.0476562 0.065625
0 0.875 0.504297 0.25 0.283594
0 0.326172 0.110889 0.19375 0.129785
0 0.959375 0.427148 0.08125 0.119922
0 0.775391 0.695898 0.0523438 0.0675781
0 0.814063 0.106543 0.198437 0.181836
0 0.320703 0.613867 0.0867188 0.0714844
0 0.330469 0.600781 0.0363281 0.0320312
0 0.960156 0.597656 0.0796875 0.257812
0 0.7625 0.138086 0.0921875 0.116406
0 0.963672 0.435937 0.0726563 0.138281
0 0.679492 0.873438 0.0941406 0.090625
0 0.958594 0.652734 0.0828125 0.178906
0 0.801562 0.670703 0.364063 0.521094
0 0.933984 0.104297 0.132031 0.208594
0 0.828516 0.536328 0.0351562 0.05625
0 0.788086 0.308838 0.159766 0.285449
0 0.818359 0.310352 0.0898438 0.130078
0 0.804297 0.280469 0.127344 0.246094
0 0.795703 0.344922 0.166406 0.205469
0 0.48418 0.0754395 0.124609 0.135254
0 0.958203 0.40918 0.0835937 0.125391
0 0.816016 0.156152 0.203906 0.160742
0 0.744141 0.134131 0.0585938 0.0911133
0 0.802148 0.828516 0.0878906 0.0867188
0 0.776953 0.836719 0.0867188 0.109375
0 0.808789 0.320215 0.116797 0.167383
0 0.756445 0.804297 0.166797 0.221094
0 0.768555 0.699219 0.0441406 0.0671875
0 0.759766 0.890625 0.246094 0.190625
0 0.201367 0.310937 0.20625 0.129688
0 0.78457 0.219531 0.144922 0.415625
0 0.771289 0.829688 0.0886719 0.0875
0 0.668945 0.875 0.0660156 0.0828125
0 0.929297 0.545508 0.141406 0.357422
0 0.773633 0.821484 0.0792969 0.0804688
0 0.776563 0.159668 0.120313 0.301367
0 0.811328 0.654297 0.375781 0.564844
0 0.807617 0.69375 0.348828 0.465625
0 0.807813 0.216992 0.176563 0.416016
0 0.712109 0.790234 0.189844 0.267969
0 0.13252 0.104224 0.0589844 0.119092
0 0.956641 0.492676 0.0867188 0.249023
0 0.488867 0.0700928 0.0738281 0.134814
0 0.157178 0.24248 0.131738 0.208789
0 0.854883 0.100732 0.279297 0.200098
0 0.45957 0.0790771 0.168359 0.144189
0 0.859766 0.226367 0.280469 0.452734
0 0.133447 0.0983643 0.0573242 0.131006
0 0.903906 0.510938 0.192188 0.23125
0 0.936328 0.595703 0.127344 0.288281
0 0.444727 0.0856934 0.693359 0.151855
0 0.974609 0.463086 0.0507812 0.0855469
0 0.770508 0.899609 0.258984 0.200781
0 0.822266 0.786914 0.355469 0.280859
0 0.784766 0.821875 0.0492188 0.0671875
0 0.43125 0.459766 0.0304688 0.0578125
0 0.853516 0.158252 0.275781 0.308887
0 0.975781 0.474219 0.0484375 0.103906
0 0.846875 0.340234 0.0796875 0.132031
0 0.955469 0.417578 0.0828125 0.0984375
0 0.69043 0.886328 0.101172 0.0664062
0 0.959375 0.623047 0.08125 0.208594
0 0.153076 0.291895 0.116504 0.107227
0 0.834766 0.531641 0.0445313 0.0632813
0 0.783008 0.112402 0.138672 0.218945
0 0.874609 0.547266 0.250781 0.349219
0 0.761133 0.134961 0.0886719 0.116016
0 0.179395 0.0968506 0.145117 0.166455
0 0.966406 0.41377 0.0671875 0.129492
0 0.488672 0.0484863 0.0632813 0.0944336
0 0.156348 0.259082 0.129492 0.175586
0 0.291992 0.10791 0.0992187 0.0998047
0 0.529102 0.0653564 0.144922 0.124756
0 0.755859 0.7875 0.232031 0.26875
0 0.199756 0.185498 0.202832 0.350098
0 0.176074 0.0852295 0.136133 0.154932
0 0.783398 0.764453 0.131641 0.205469
0 0.729492 0.854688 0.184766 0.146875
0 0.756445 0.131836 0.0792969 0.107031
0 0.28584 0.18584 0.381445 0.359961
0 0.173438 0.184863 0.158594 0.347461
0 0.674219 0.892969 0.0796875 0.0671875
0 0.667383 0.890234 0.0691406 0.0679687
0 0.240479 0.185938 0.287012 0.354688
0 0.961719 0.416016 0.0765625 0.109375
0 0.774219 0.109204 0.11875 0.168311
0 0.731836 0.825977 0.181641 0.201172
0 0.666602 0.884766 0.0613281 0.0648438
0 0.772266 0.785352 0.260156 0.274609
0 0.973437 0.414258 0.053125 0.102734
0 0.155859 0.0876953 0.0992187 0.151172
0 0.813867 0.763086 0.180078 0.214453
0 0.721094 0.787109 0.173438 0.272656
0 0.675 0.885938 0.0828125 0.0671875
0 0.766406 0.705664 0.05 0.0675781
0 0.821094 0.682031 0.357812 0.548438
0 0.528516 0.469336 0.0710938 0.0878906
0 0.774414 0.70332 0.0636719 0.0769531
0 0.821484 0.660156 0.357031 0.589063
0 0.958594 0.51084 0.0828125 0.27832
0 0.232764 0.084082 0.265332 0.151172
0 0.130713 0.297852 0.0657227 0.0894531
0 0.801172 0.227734 0.172656 0.430469
0 0.854102 0.225098 0.282422 0.445117
0 0.813086 0.360645 0.112891 0.162305
0 0.795508 0.305273 0.163672 0.288672
0 0.823047 0.338184 0.0976562 0.161914
0 0.810938 0.339453 0.114063 0.167969
0 0.139355 0.0955566 0.0642578 0.14834
0 0.138672 0.104321 0.0671875 0.137842
0 0.674414 0.900781 0.0832031 0.096875
0 0.853711 0.213867 0.287891 0.419141
0 0.291211 0.0945068 0.383203 0.166455
0 0.304297 0.114233 0.228906 0.122705
0 0.168848 0.175 0.139648 0.333984
0 0.765625 0.712305 0.05625 0.0886719
0 0.823633 0.360742 0.0980469 0.151953
0 0.302441 0.086499 0.233398 0.151611
0 0.317188 0.607227 0.0773438 0.0402344
0 0.757617 0.765039 0.136328 0.202734
0 0.826953 0.541211 0.0367188 0.0574219
0 0.718164 0.776563 0.160547 0.292188
0 0.332129 0.60625 0.0482422 0.0398437
0 0.953125 0.42832 0.0875 0.107422
0 0.325586 0.0864746 0.205078 0.150488
0 0.341992 0.193262 0.494141 0.37832
0 0.267871 0.356055 0.0568359 0.0566406
0 0.72207 0.841016 0.173047 0.167969
0 0.762695 0.111743 0.0964844 0.163623
0 0.719922 0.859766 0.169531 0.136719
0 0.418164 0.469336 0.0605469 0.0707031
0 0.65918 0.884766 0.0464844 0.0601563
0 0.448047 0.0986084 0.697656 0.185596
0 0.325977 0.114258 0.201172 0.121484
0 0.132129 0.104102 0.0615234 0.121875
0 0.134229 0.316992 0.0569336 0.0558594
0 0.927344 0.419922 0.0421875 0.0625
0 0.235547 0.095459 0.265234 0.172754
0 0.778906 0.829688 0.0734375 0.0796875
0 0.7875 0.829688 0.06875 0.078125
0 0.136084 0.308887 0.0657227 0.0650391
0 0.428125 0.0825684 0.242969 0.145801
0 0.359082 0.112085 0.156836 0.116846
0 0.788281 0.235059 0.154688 0.41582
0 0.776563 0.836719 0.0859375 0.109375
0 0.497656 0.0714355 0.078125 0.141895
0 0.773438 0.138037 0.115625 0.129004
0 0.746875 0.777344 0.215625 0.2875
0 0.789258 0.282373 0.152734 0.260254
0 0.815234 0.750195 0.175781 0.196484
0 0.254395 0.0855469 0.30918 0.152734
0 0.765625 0.125635 0.0859375 0.110449
0 0.45293 0.39502 0.0308594 0.0537109
0 0.141797 0.294141 0.0808594 0.101562
0 0.430273 0.469336 0.0363281 0.0667969
0 0.131055 0.318066 0.046875 0.0486328
0 0.342871 0.0936768 0.487695 0.17124
0 0.958203 0.432617 0.0835937 0.127734
0 0.285938 0.0827881 0.369531 0.142822
0 0.770898 0.829688 0.0863281 0.0875
0 0.82168 0.762891 0.356641 0.336719
0 0.684961 0.899219 0.0855469 0.0859375
0 0.836719 0.337207 0.0765625 0.118555
0 0.278906 0.086084 0.282813 0.150488
0 0.197461 0.101074 0.183594 0.186133
0 0.269336 0.345898 0.0511719 0.0621094
0 0.450391 0.400977 0.040625 0.0574219
0 0.743945 0.13457 0.0589844 0.0902344
0 0.133154 0.0982422 0.059082 0.133789
0 0.445117 0.20083 0.709766 0.401465
0 0.285693 0.113184 0.264551 0.12168
0 0.447852 0.396484 0.0316406 0.0492188
0 0.683789 0.89375 0.0800781 0.0609375
0 0.95625 0.451953 0.0875 0.1625
0 0.970313 0.430078 0.059375 0.123438
0 0.200391 0.33418 0.198828 0.144922
0 0.458398 0.079541 0.162109 0.142871
0 0.154688 0.242725 0.128906 0.210254
0 0.7625 0.138086 0.0921875 0.116406
0 0.773438 0.822266 0.0765625 0.0789063
0 0.66875 0.875 0.0671875 0.084375
0 0.483398 0.0756836 0.123047 0.13418
0 0.787109 0.311963 0.161719 0.28623
0 0.825781 0.350977 0.0796875 0.124609
0 0.488477 0.0703125 0.0753906 0.136133
0 0.785742 0.360742 0.155078 0.180078
0 0.963672 0.435937 0.0726563 0.1375
0 0.961719 0.530078 0.0765625 0.300781
0 0.320117 0.615234 0.0863281 0.0726563
0 0.958984 0.427051 0.0820312 0.12168
0 0.832812 0.541016 0.0484375 0.0648438
0 0.955078 0.417383 0.0820312 0.0988281
0 0.330762 0.600781 0.0333984 0.03125
0 0.921484 0.418945 0.0351562 0.0503906
0 0.801758 0.829297 0.0855469 0.0851563
0 0.957031 0.489453 0.0859375 0.239844
0 0.774414 0.713477 0.0746094 0.116016
0 0.679297 0.873047 0.0953125 0.0929688
0 0.179492 0.0972412 0.148047 0.163721
0 0.775586 0.696094 0.0488281 0.065625
0 0.799414 0.673438 0.371484 0.515625
0 0.523438 0.483789 0.0726563 0.0574219
0 0.794141 0.35127 0.166406 0.203711
0 0.777344 0.775 0.273438 0.303125
0 0.957812 0.408887 0.084375 0.126758
0 0.358496 0.0849121 0.164258 0.144629
0 0.257861 0.112622 0.295996 0.122412
0 0.813477 0.125757 0.198047 0.165674
0 0.768945 0.699414 0.0417969 0.0644531
0 0.823047 0.368359 0.0929688 0.145313
0 0.828125 0.310059 0.08125 0.128711
0 0.967969 0.513281 0.0640625 0.279687
0 0.779688 0.809375 0.132812 0.16875
0 0.939063 0.525586 0.121875 0.312891
0 0.780469 0.778125 0.1375 0.209375
0 0.806055 0.219824 0.175391 0.418945
0 0.693164 0.771875 0.162109 0.30625
0 0.933594 0.105469 0.132812 0.210938
0 0.805469 0.696875 0.348438 0.459375
0 0.917578 0.427344 0.0554687 0.0796875
0 0.136328 0.257422 0.0953125 0.176953
0 0.814063 0.106958 0.2 0.179053
0 0.446094 0.386719 0.0414063 0.0695313
0 0.541992 0.469727 0.0925781 0.0902344
0 0.784766 0.821875 0.0460938 0.0640625
0 0.758594 0.886328 0.245312 0.175781
0 0.80918 0.65625 0.381641 0.560938
0 0.959375 0.65293 0.08125 0.180078
0 0.787305 0.837109 0.0863281 0.105469
0 0.666797 0.900391 0.078125 0.0945313
0 0.201367 0.310352 0.207422 0.130859
0 0.875 0.504199 0.25 0.28457
0 0.76543 0.727344 0.0628906 0.11875
0 0.755078 0.806055 0.147656 0.216016
0 0.864648 0.682227 0.270703 0.596484
0 0.975781 0.401855 0.0484375 0.0861328
0 0.190039 0.308984 0.191016 0.125391
0 0.846875 0.340137 0.0765625 0.130664
0 0.443848 0.0874634 0.695117 0.155542
0 0.960938 0.597852 0.078125 0.272266
0 0.75625 0.788477 0.232813 0.263672
0 0.201611 0.185596 0.20459 0.349512
0 0.17666 0.0855957 0.134961 0.154199
0 0.782031 0.765039 0.129688 0.202734
0 0.756641 0.131592 0.0789063 0.105566
0 0.772852 0.108203 0.113672 0.164062
0 0.286914 0.1854 0.379297 0.359277
0 0.239746 0.185889 0.283008 0.354004
0 0.729688 0.855859 0.184375 0.142969
0 0.674414 0.892969 0.0800781 0.065625
0 0.731836 0.825195 0.181641 0.201172
0 0.961328 0.414844 0.0773438 0.107813
0 0.667188 0.889844 0.06875 0.0640625
0 0.173145 0.184961 0.154883 0.346484
0 0.973047 0.412598 0.0539063 0.0998047
0 0.151855 0.0882813 0.0876953 0.148438
0 0.666406 0.884766 0.0609375 0.0632813
0 0.528125 0.469336 0.0695313 0.0871094
0 0.813477 0.762695 0.179297 0.210547
0 0.771484 0.787305 0.258594 0.269141
0 0.139941 0.0957275 0.0642578 0.146436
0 0.766406 0.705664 0.0484375 0.0660156
0 0.675 0.885938 0.0835937 0.065625
0 0.821875 0.657324 0.35625 0.588477
0 0.722266 0.787891 0.175781 0.267969
0 0.774219 0.703711 0.0609375 0.0738281
0 0.139111 0.104248 0.0665039 0.13623
0 0.810938 0.338086 0.1125 0.161328
0 0.957422 0.510352 0.0851563 0.278516
0 0.854688 0.210645 0.2875 0.416992
0 0.763281 0.11001 0.0953125 0.159668
0 0.233252 0.0849854 0.265527 0.150732
0 0.325977 0.115601 0.201953 0.117627
0 0.305371 0.115723 0.225195 0.118555
0 0.822656 0.337012 0.09375 0.156445
0 0.821484 0.67832 0.357031 0.546484
0 0.130713 0.298633 0.0635742 0.0875
0 0.854688 0.220508 0.28125 0.440234
0 0.756641 0.766211 0.136719 0.200391
0 0.76582 0.712109 0.0558594 0.084375
0 0.356641 0.113062 0.155469 0.114111
0 0.289014 0.0947998 0.375098 0.165479
0 0.325977 0.0883057 0.209766 0.145459
0 0.134375 0.316895 0.0554687 0.0548828
0 0.721875 0.840234 0.171875 0.169531
0 0.345703 0.190088 0.497656 0.372949
0 0.267383 0.355859 0.0574219 0.05625
0 0.674414 0.900781 0.0832031 0.09375
0 0.132666 0.104053 0.0604492 0.119824
0 0.151318 0.244434 0.119629 0.205664
0 0.719922 0.776758 0.164844 0.288672
0 0.927344 0.419727 0.0421875 0.0613281
0 0.418945 0.469336 0.0582031 0.0699219
0 0.80332 0.220801 0.173047 0.428711
0 0.304297 0.0883057 0.230469 0.147998
0 0.427539 0.0834961 0.240234 0.144336
0 0.74375 0.134277 0.0570313 0.0876953
0 0.433496 0.0991943 0.661133 0.185205
0 0.136133 0.309082 0.0636719 0.0638672
0 0.268555 0.345801 0.0527344 0.0630859
0 0.827344 0.541211 0.0359375 0.0558594
0 0.796094 0.305322 0.160938 0.26748
0 0.254736 0.0872314 0.30459 0.153467
0 0.789062 0.278223 0.151562 0.260742
0 0.812695 0.359766 0.110547 0.153906
0 0.457422 0.079834 0.160156 0.141113
0 0.131445 0.318066 0.0462891 0.0478516
0 0.317383 0.607031 0.0769531 0.0398437
0 0.412695 0.19668 0.635547 0.391016
0 0.33252 0.60625 0.0470703 0.0390625
0 0.564453 0.166406 0.0789063 0.10625
0 0.953516 0.428027 0.0882813 0.106445
0 0.430664 0.469141 0.0355469 0.0664062
0 0.766016 0.125171 0.0867188 0.108252
0 0.748047 0.777734 0.219531 0.283594
0 0.220752 0.0842041 0.22959 0.154639
0 0.235986 0.0957031 0.263184 0.169922
0 0.497656 0.0716797 0.0765625 0.139453
0 0.133691 0.0985107 0.0583984 0.131885
0 0.283398 0.0838013 0.359766 0.143921
0 0.776953 0.8375 0.0835937 0.10625
0 0.165137 0.175537 0.129492 0.330957
0 0.141797 0.294922 0.0789063 0.0992187
0 0.826172 0.349414 0.0804688 0.118359
0 0.290381 0.114185 0.241113 0.11792
0 0.345703 0.0938477 0.4875 0.170898
0 0.65918 0.884375 0.0457031 0.0578125
0 0.975781 0.401563 0.0484375 0.0859375
0 0.787891 0.830078 0.0664062 0.0757812
0 0.957812 0.431836 0.084375 0.128516
0 0.483594 0.0756104 0.123438 0.132764
0 0.921484 0.419141 0.0351562 0.05
0 0.200488 0.101562 0.188086 0.182812
0 0.807617 0.654199 0.384766 0.560352
0 0.523047 0.483398 0.0703125 0.0582031
0 0.779688 0.830469 0.06875 0.0765625
0 0.81543 0.749805 0.175391 0.192578
0 0.45332 0.395117 0.0300781 0.0527344
0 0.823438 0.359766 0.09375 0.145313
0 0.836719 0.336719 0.0765625 0.116406
0 0.488672 0.0702881 0.075 0.134424
0 0.679102 0.873438 0.0949219 0.0921875
0 0.685156 0.898828 0.0859375 0.0820312
0 0.683789 0.89375 0.0800781 0.059375
0 0.281299 0.0877686 0.272559 0.149854
0 0.201025 0.333594 0.195996 0.1375
0 0.933594 0.106934 0.132812 0.213867
0 0.800195 0.670898 0.382422 0.517578
0 0.13667 0.255371 0.0938477 0.179883
0 0.918359 0.427148 0.0554687 0.0761719
0 0.758008 0.12146 0.0824219 0.114893
0 0.355273 0.0867188 0.169141 0.139258
0 0.955859 0.451367 0.0882813 0.162891
0 0.720313 0.859766 0.16875 0.133594
0 0.763281 0.137842 0.0921875 0.115723
0 0.450781 0.400781 0.0390625 0.0554687
0 0.775781 0.696484 0.046875 0.0648438
0 0.774414 0.713672 0.0730469 0.1125
0 0.823047 0.367676 0.0914062 0.141211
0 0.955078 0.416895 0.0820312 0.0958984
0 0.259229 0.114917 0.277637 0.11626
0 0.77207 0.136011 0.110547 0.134619
0 0.789062 0.225488 0.153125 0.420117
0 0.36123 0.132935 0.182227 0.139209
0 0.769141 0.699609 0.0398437 0.0625
0 0.448242 0.396777 0.0308594 0.0486328
0 0.961328 0.530273 0.0773438 0.300391
0 0.808008 0.216797 0.177734 0.417969
0 0.938281 0.525684 0.123438 0.30957
0 0.833203 0.540625 0.0476562 0.0632813
0 0.805859 0.695703 0.350781 0.460156
0 0.771289 0.830078 0.0855469 0.0851563
0 0.95625 0.488672 0.0875 0.239844
0 0.66875 0.875 0.0664062 0.0828125
0 0.958203 0.408789 0.0835937 0.123828
0 0.802344 0.829688 0.0859375 0.084375
0 0.519336 0.472656 0.0605469 0.08125
0 0.858203 0.10332 0.283594 0.206641
0 0.330859 0.600586 0.0324219 0.0308594
0 0.30791 0.133398 0.220898 0.127734
0 0.143896 0.316797 0.0704102 0.0621094
0 0.540234 0.469922 0.0796875 0.0882813
0 0.854883 0.100928 0.282422 0.20127
0 0.263281 0.347168 0.0613281 0.0806641
0 0.855664 0.086377 0.288672 0.172754
0 0.828125 0.310547 0.08125 0.128906
0 0.969922 0.428809 0.0601563 0.120508
0 0.551953 0.178906 0.0960938 0.116797
0 0.852734 0.153906 0.278906 0.299609
0 0.964063 0.435156 0.071875 0.136719
0 0.694922 0.77207 0.171094 0.304297
0 0.76543 0.726758 0.0628906 0.116797
0 0.774805 0.822266 0.0722656 0.0757812
0 0.329297 0.133398 0.205469 0.135156
0 0.405469 0.085376 0.269531 0.14292
0 0.961328 0.599023 0.0773438 0.276953
0 0.136133 0.32334 0.0648438 0.0720703
0 0.787891 0.8375 0.0851563 0.103125
0 0.775781 0.15791 0.120313 0.29668
0 0.808398 0.320117 0.114453 0.169922
0 0.690625 0.886719 0.102344 0.065625
0 0.960156 0.65293 0.0796875 0.181641
0 0.201611 0.311328 0.203027 0.132031
0 0.292188 0.108398 0.0988281 0.103516
0 0.552539 0.165625 0.0917969 0.108594
0 0.828906 0.536523 0.034375 0.0550781
0 0.774609 0.730078 0.0757812 0.136719
0 0.780078 0.109131 0.133594 0.212207
0 0.551562 0.156738 0.071875 0.104492
0 0.433203 0.0883545 0.665625 0.156885
0 0.835156 0.532227 0.0453125 0.0613281
0 0.928125 0.430469 0.059375 0.0804688
0 0.775195 0.775391 0.269922 0.297656
0 0.835938 0.352832 0.0875 0.131836
0 0.958984 0.426758 0.0820312 0.122266
0 0.755273 0.805078 0.147266 0.221094
0 0.931641 0.545703 0.136719 0.363281
0 0.446484 0.386719 0.040625 0.0695313
0 0.535937 0.483789 0.0835937 0.0582031
0 0.391309 0.111157 0.17832 0.113623
0 0.824609 0.759961 0.169531 0.212891
0 0.532617 0.205176 0.127734 0.155273
0 0.846875 0.339648 0.0765625 0.128516
0 0.666992 0.900391 0.0792969 0.0914062
0 0.293848 0.132666 0.21543 0.124512
0 0.779102 0.777539 0.135547 0.210547
0 0.783203 0.218994 0.146094 0.41748
0 0.858984 0.198047 0.282031 0.396094
0 0.812891 0.106616 0.196094 0.173486
0 0.935938 0.598437 0.128125 0.308594
0 0.940234 0.420312 0.0648438 0.0703125
0 0.14292 0.0896729 0.0731445 0.152686
0 0.81875 0.310449 0.090625 0.130664
0 0.78457 0.821484 0.0433594 0.0617188
0 0.794727 0.34707 0.163672 0.201953
0 0.818359 0.35625 0.0664062 0.084375
0 0.197949 0.177441 0.193945 0.337305
0 0.866016 0.680078 0.267969 0.599219
0 0.532031 0.272852 0.0304688 0.0421875
0 0.789062 0.31084 0.15 0.199414
0 0.754492 0.789258 0.230078 0.262109
0 0.200977 0.187158 0.199609 0.350293
0 0.756836 0.132129 0.0785156 0.0998047
0 0.177148 0.0858643 0.133984 0.152686
0 0.729688 0.856641 0.182812 0.141406
0 0.783398 0.763477 0.126953 0.196484
0 0.674414 0.892578 0.0792969 0.0664062
0 0.772656 0.107056 0.110937 0.156201
0 0.288281 0.187158 0.378125 0.362402
0 0.667188 0.889453 0.0679687 0.0648438
0 0.731836 0.826953 0.180078 0.197656
0 0.973047 0.411328 0.0539063 0.0960938
0 0.140625 0.0958496 0.0648438 0.144434
0 0.766211 0.706055 0.0472656 0.0652344
0 0.149805 0.0886719 0.0804688 0.144531
0 0.527734 0.470313 0.0679687 0.084375
0 0.961328 0.41416 0.0773438 0.104492
0 0.666406 0.884766 0.059375 0.0632813
0 0.774219 0.704297 0.0609375 0.0726563
0 0.139551 0.10376 0.0662109 0.133496
0 0.771094 0.788086 0.25625 0.267578
0 0.811523 0.336328 0.109766 0.155469
0 0.236621 0.187207 0.273633 0.355273
0 0.957812 0.509961 0.084375 0.273828
0 0.813867 0.761914 0.176953 0.205859
0 0.172803 0.186377 0.150879 0.346777
0 0.674805 0.885938 0.0824219 0.065625
0 0.721484 0.788867 0.174219 0.266016
0 0.326367 0.116187 0.198828 0.114111
0 0.822656 0.335254 0.0921875 0.149805
0 0.130811 0.298926 0.0616211 0.0861328
0 0.765625 0.711914 0.0546875 0.0792969
0 0.855078 0.207959 0.285156 0.414551
0 0.820703 0.658984 0.358594 0.591406
0 0.763086 0.108276 0.0941406 0.152197
0 0.267188 0.355762 0.0574219 0.0556641
0 0.134717 0.316797 0.0549805 0.0542969
0 0.307031 0.116064 0.219531 0.115137
0 0.674609 0.901172 0.0835937 0.0929688
0 0.150391 0.245996 0.114453 0.201758
0 0.821484 0.679297 0.357031 0.560156
0 0.927344 0.419922 0.0421875 0.0601563
0 0.131738 0.317969 0.0460938 0.0472656
0 0.756836 0.764648 0.133203 0.194141
0 0.356445 0.113599 0.156641 0.111084
0 0.234131 0.0852539 0.262988 0.149414
0 0.133057 0.103979 0.0594727 0.11665
0 0.268457 0.345703 0.0525391 0.0632813
0 0.419531 0.469141 0.05625 0.0695313
0 0.975781 0.401563 0.0484375 0.084375
0 0.827344 0.541602 0.0359375 0.0542969
0 0.136475 0.308984 0.0620117 0.0632813
0 0.332715 0.606445 0.0462891 0.0386719
0 0.430469 0.46875 0.0351562 0.0664062
0 0.564844 0.166406 0.0789063 0.105469
0 0.718945 0.776172 0.162109 0.289844
0 0.758203 0.122949 0.0820312 0.106445
0 0.291309 0.0955566 0.376758 0.163574
0 0.326758 0.088916 0.208984 0.138184
0 0.426953 0.0839844 0.236719 0.142969
0 0.766406 0.126172 0.0859375 0.0996094
0 0.65918 0.884766 0.0457031 0.0570313
0 0.74375 0.133594 0.05625 0.0835937
0 0.458789 0.0800293 0.151953 0.13916
0 0.426367 0.100049 0.639453 0.184668
0 0.346973 0.191064 0.495117 0.374902
0 0.855078 0.217188 0.278906 0.434375
0 0.775391 0.696484 0.0460938 0.0640625
0 0.400195 0.197363 0.602734 0.389648
0 0.141797 0.295605 0.0765625 0.0966797
0 0.722461 0.842578 0.170703 0.164844
0 0.134229 0.0986816 0.0581055 0.129004
0 0.317969 0.607227 0.0761719 0.0394531
0 0.221533 0.0839844 0.22959 0.154297
0 0.482812 0.0754639 0.119531 0.129932
0 0.922266 0.419336 0.0351562 0.0496094
0 0.685742 0.899219 0.0878906 0.0828125
0 0.498047 0.0719238 0.0757812 0.137207
0 0.361523 0.131836 0.180859 0.133984
0 0.777148 0.837891 0.0832031 0.103906
0 0.775 0.713867 0.0734375 0.107422
0 0.306934 0.0888672 0.22207 0.143359
0 0.769336 0.699805 0.0394531 0.0613281
0 0.201758 0.333203 0.194141 0.136719
0 0.255225 0.0877686 0.299707 0.152002
0 0.953516 0.42832 0.0867188 0.105078
0 0.918359 0.427148 0.0554687 0.0738281
0 0.136963 0.255029 0.0924805 0.179785
0 0.816016 0.748633 0.171094 0.190234
0 0.720313 0.860156 0.167187 0.132812
0 0.45332 0.395313 0.0300781 0.0523438
0 0.826172 0.348828 0.0804688 0.113281
0 0.684961 0.893359 0.0832031 0.0601563
0 0.450977 0.400781 0.0386719 0.0546875
0 0.488867 0.0703613 0.0746094 0.132324
0 0.788477 0.829688 0.0636719 0.0734375
0 0.522852 0.483789 0.0691406 0.0550781
0 0.346777 0.0945068 0.483008 0.169971
0 0.330078 0.132739 0.199219 0.131396
0 0.803906 0.216602 0.170313 0.422266
0 0.310742 0.132544 0.211328 0.125537
0 0.789258 0.276221 0.151172 0.257715
0 0.294141 0.114063 0.215625 0.114453
0 0.143311 0.0897949 0.0719727 0.149902
0 0.954688 0.416504 0.0796875 0.0896484
0 0.746875 0.777539 0.217188 0.282422
0 0.679297 0.873047 0.09375 0.0914062
0 0.79668 0.307813 0.158203 0.244531
0 0.200098 0.102173 0.184961 0.178467
0 0.810742 0.653613 0.378516 0.564648
0 0.136475 0.323145 0.065332 0.0716797
0 0.780273 0.830078 0.0660156 0.0742188
0 0.833203 0.540234 0.0476562 0.0617188
0 0.144238 0.316602 0.0705078 0.0617188
0 0.829297 0.536914 0.0335938 0.0542969
0 0.934375 0.106836 0.13125 0.213672
0 0.232959 0.0960938 0.253613 0.166406
0 0.448438 0.396777 0.0304688 0.0478516
0 0.263379 0.347168 0.0611328 0.0806641
0 0.540039 0.470898 0.0785156 0.0855469
0 0.285791 0.0841675 0.359668 0.143579
0 0.837109 0.336719 0.0773438 0.114063
0 0.55293 0.178125 0.0941406 0.114453
0 0.801172 0.669531 0.366406 0.520312
0 0.330859 0.600781 0.03125 0.0304688
0 0.763281 0.137598 0.090625 0.112695
0 0.813086 0.357812 0.108203 0.146875
0 0.835156 0.532227 0.0453125 0.0605469
0 0.802539 0.829688 0.0839844 0.0828125
0 0.771484 0.830469 0.0851563 0.084375
0 0.938281 0.522461 0.123438 0.294922
0 0.828125 0.311133 0.08125 0.128516
0 0.958594 0.432031 0.0828125 0.126563
0 0.294336 0.131689 0.192578 0.122559
0 0.668164 0.875391 0.0644531 0.0820312
0 0.551953 0.156934 0.0726563 0.102539
0 0.259668 0.115454 0.26582 0.112451
0 0.939844 0.420117 0.0609375 0.0675781
0 0.535156 0.483789 0.0804688 0.0558594
0 0.355664 0.0873047 0.177734 0.131641
0 0.222461 0.099707 0.230859 0.158398
0 0.960938 0.530078 0.078125 0.295312
0 0.771875 0.138086 0.107813 0.122266
0 0.803906 0.692773 0.342187 0.467578
0 0.519531 0.473047 0.059375 0.0789063
0 0.141016 0.0841309 0.0626953 0.147754
0 0.691016 0.886719 0.103125 0.065625
0 0.956641 0.450977 0.0867188 0.158984
0 0.956641 0.488867 0.0867188 0.237891
0 0.286914 0.0880371 0.254297 0.147363
0 0.202393 0.312305 0.199121 0.128516
0 0.928125 0.429883 0.0578125 0.0777344
0 0.161084 0.176514 0.118066 0.328613
0 0.130811 0.311523 0.0516602 0.059375
0 0.765234 0.726172 0.0632813 0.113281
0 0.823047 0.366504 0.0929688 0.135742
0 0.968359 0.405566 0.0632813 0.0833984
0 0.9375 0.504297 0.125 0.252344
0 0.961328 0.599609 0.0773438 0.272656
0 0.775 0.729688 0.0765625 0.134375
0 0.746875 0.128125 0.0625 0.0927734
0 0.817969 0.357227 0.06875 0.0824219
0 0.824805 0.758984 0.166016 0.208594
0 0.431836 0.458984 0.0300781 0.053125
0 0.391602 0.111768 0.185547 0.111621
0 0.131787 0.322559 0.0584961 0.0607422
0 0.775 0.823047 0.0703125 0.0726563
0 0.80957 0.213135 0.177734 0.414355
0 0.960547 0.653906 0.0789063 0.178125
0 0.788281 0.837891 0.084375 0.100781
0 0.858398 0.10293 0.283203 0.205859
0 0.55293 0.165771 0.0917969 0.10752
0 0.789258 0.338672 0.146484 0.163281
0 0.405273 0.0859619 0.272266 0.140967
0 0.666992 0.900391 0.0785156 0.0914062
0 0.933203 0.547363 0.133594 0.356836
0 0.926953 0.40752 0.0507812 0.0951172
0 0.969922 0.426758 0.0601563 0.115234
0 0.853125 0.156104 0.278125 0.30498
0 0.818945 0.310742 0.0886719 0.128516
0 0.787109 0.704883 0.0773438 0.0738281
0 0.13667 0.24502 0.0915039 0.198633
0 0.855859 0.0853027 0.288281 0.170605
0 0.824414 0.743359 0.173047 0.185156
0 0.958203 0.408594 0.0835937 0.121875
0 0.784961 0.820703 0.0394531 0.0570313
0 0.809961 0.321875 0.111328 0.159375
0 0.791797 0.0714111 0.0695313 0.0856934
0 0.855078 0.098999 0.282031 0.197314
0 0.694727 0.770703 0.163672 0.305469
0 0.847266 0.339063 0.0789063 0.125
0 0.446484 0.386523 0.0398437 0.0699219
0 0.79082 0.220508 0.152734 0.413672
0 0.755078 0.805273 0.147656 0.220703
0 0.799805 0.636719 0.400391 0.565625
0 0.761914 0.710156 0.0355469 0.0570313
0 0.958203 0.881641 0.0835937 0.171094
0 0.532031 0.272559 0.0304688 0.0416016
0 0.130713 0.286816 0.069043 0.125586
0 0.940625 0.43125 0.075 0.0867188
0 0.692187 0.872266 0.117188 0.0960938
0 0.778906 0.808789 0.132812 0.176172
0 0.823047 0.358496 0.0929688 0.137695
0 0.774219 0.775781 0.267188 0.296875
0 0.292285 0.108691 0.0974609 0.10332
0 0.905859 0.501758 0.188281 0.241016
0 0.85957 0.196875 0.280859 0.39375
0 0.827148 0.645801 0.345703 0.574023
0 0.863672 0.68125 0.272656 0.603125
0 0.964063 0.435449 0.071875 0.135352
0 0.427051 0.0888794 0.645117 0.157007
0 0.149902 0.306055 0.0865234 0.0714844
0 0.836328 0.351855 0.0882813 0.12832
0 0.967969 0.5125 0.0640625 0.277344
0 0.936719 0.596875 0.126563 0.299219
0 0.795508 0.34541 0.160547 0.199805
0 0.530664 0.065332 0.159766 0.123242
0 0.878711 0.55 0.242578 0.353125
0 0.539844 0.27002 0.0398437 0.0474609
0 0.151953 0.257324 0.116797 0.180664
0 0.881641 0.508008 0.236719 0.282422
0 0.554492 0.163135 0.0917969 0.103418
0 0.859961 0.0854004 0.280078 0.170801
0 0.197461 0.178564 0.190234 0.336621
0 0.757031 0.790234 0.2375 0.264844
0 0.198828 0.188428 0.198047 0.353223
0 0.730078 0.857031 0.185156 0.142188
0 0.756836 0.131738 0.0800781 0.101367
0 0.783789 0.762891 0.129297 0.197656
0 0.674414 0.892578 0.0808594 0.0679687
0 0.766016 0.706055 0.0492188 0.0667969
0 0.772266 0.10686 0.111719 0.158154
0 0.149219 0.0884766 0.0816406 0.146094
0 0.288477 0.188916 0.381641 0.36748
0 0.667188 0.890234 0.0695313 0.0679687
0 0.176807 0.0855469 0.135059 0.154297
0 0.775 0.704297 0.065625 0.0742188
0 0.732617 0.825781 0.183203 0.203125
0 0.973047 0.410938 0.0539063 0.0953125
0 0.527734 0.469531 0.0695313 0.0859375
0 0.14043 0.0956543 0.0681641 0.146973
0 0.770312 0.788477 0.257812 0.269922
0 0.811328 0.335059 0.110156 0.158789
0 0.961328 0.413574 0.0773438 0.104883
0 0.666406 0.885156 0.0609375 0.0640625
0 0.172314 0.187402 0.151465 0.349023
0 0.236816 0.188574 0.277148 0.358789
0 0.267383 0.355957 0.0578125 0.0568359
0 0.813672 0.761719 0.177344 0.207813
0 0.765625 0.711719 0.05625 0.0804688
0 0.957031 0.509766 0.0859375 0.272656
0 0.675 0.886328 0.0835937 0.0664062
0 0.821484 0.334082 0.0945313 0.15293
0 0.13916 0.104102 0.0701172 0.137109
0 0.134717 0.316797 0.0569336 0.0554687
0 0.130713 0.29834 0.0629883 0.0880859
0 0.418945 0.468945 0.0582031 0.0699219
0 0.763086 0.108252 0.0957031 0.153809
0 0.326953 0.116455 0.201563 0.112012
0 0.674414 0.901563 0.0839844 0.096875
0 0.975781 0.401465 0.0484375 0.0837891
0 0.827344 0.541406 0.0375 0.0554687
0 0.131641 0.317871 0.0476562 0.0486328
0 0.820312 0.658496 0.359375 0.595508
0 0.757227 0.763867 0.135547 0.194141
0 0.26875 0.345996 0.0523438 0.0642578
0 0.132227 0.104053 0.0619141 0.119629
0 0.927344 0.419922 0.04375 0.0609375
0 0.429883 0.468555 0.0371094 0.0675781
0 0.854297 0.20918 0.286719 0.417578
0 0.346289 0.194385 0.496484 0.382324
0 0.721289 0.789648 0.176172 0.269141
0 0.775391 0.69668 0.0507812 0.0660156
0 0.720313 0.860938 0.16875 0.134375
0 0.307422 0.116016 0.220313 0.113086
0 0.136328 0.308789 0.0636719 0.0648438
0 0.357812 0.113965 0.171094 0.110352
0 0.33252 0.606641 0.0474609 0.0390625
0 0.426758 0.0838135 0.235547 0.144678
0 0.820703 0.68125 0.358594 0.5625
0 0.152051 0.245605 0.120117 0.20332
0 0.45918 0.0800049 0.153516 0.140771
0 0.758398 0.122705 0.0832031 0.106934
0 0.201465 0.333594 0.193945 0.14375
0 0.658984 0.884766 0.046875 0.0585938
0 0.775195 0.713477 0.0777344 0.108984
0 0.295312 0.0956543 0.388281 0.164941
0 0.426563 0.101611 0.642969 0.188574
0 0.768555 0.700391 0.0410156 0.0632813
0 0.815625 0.747852 0.170313 0.190234
0 0.853906 0.219141 0.279687 0.438281
0 0.483398 0.0755127 0.123047 0.131592
0 0.133594 0.0986572 0.0605469 0.132764
0 0.317871 0.607227 0.0771484 0.0394531
0 0.766406 0.125928 0.0859375 0.100488
0 0.406445 0.199219 0.618359 0.394531
0 0.497852 0.0719238 0.0769531 0.138965
0 0.141699 0.294922 0.0775391 0.0988281
0 0.921875 0.419531 0.0375 0.0515625
0 0.23291 0.0847168 0.270898 0.150293
0 0.685938 0.899219 0.0898438 0.0875
0 0.744141 0.133252 0.0585938 0.084668
0 0.361719 0.131738 0.189063 0.133008
0 0.918359 0.427344 0.0585938 0.0773438
0 0.802148 0.217676 0.169141 0.427148
0 0.328125 0.0885742 0.214062 0.133398
0 0.828906 0.536914 0.0359375 0.0550781
0 0.450781 0.400879 0.0390625 0.0544922
0 0.311328 0.132666 0.210156 0.126074
0 0.564648 0.16626 0.0800781 0.106543
0 0.143066 0.0897705 0.0732422 0.150537
0 0.136572 0.323242 0.0676758 0.075
0 0.344629 0.0949219 0.484961 0.172266
0 0.330273 0.132788 0.201172 0.130908
0 0.523047 0.483594 0.0703125 0.05625
0 0.777539 0.837891 0.0855469 0.105469
0 0.722461 0.842969 0.172266 0.167187
0 0.718164 0.776758 0.163672 0.291797
0 0.795508 0.30625 0.158984 0.257031
0 0.453125 0.395508 0.0304688 0.0519531
0 0.685742 0.893359 0.0871094 0.0617188
0 0.832812 0.540039 0.0484375 0.0628906
0 0.488672 0.0704346 0.075 0.13335
0 0.954688 0.416016 0.08125 0.090625
0 0.834766 0.532422 0.0460938 0.0617188
0 0.826172 0.34873 0.0835937 0.114258
0 0.827734 0.310937 0.0820312 0.128906
0 0.263184 0.346973 0.0619141 0.0826172
0 0.202051 0.312305 0.199414 0.126953
0 0.953125 0.42793 0.0875 0.105078
0 0.539648 0.470508 0.0785156 0.0871094
0 0.306836 0.0880127 0.225391 0.140186
0 0.788477 0.829688 0.0667969 0.075
0 0.144434 0.316699 0.0716797 0.0626953
0 0.254883 0.0869873 0.309766 0.15083
0 0.448047 0.39707 0.03125 0.0480469
0 0.13667 0.256641 0.0938477 0.178516
0 0.939453 0.419922 0.0617188 0.0679687
0 0.293262 0.132153 0.204102 0.123584
0 0.812109 0.653711 0.374219 0.567578
0 0.131738 0.322266 0.0615234 0.0636719
0 0.292285 0.114014 0.230273 0.112402
0 0.779883 0.829688 0.0699219 0.0765625
0 0.160645 0.17666 0.119336 0.330273
0 0.141357 0.0838379 0.0651367 0.149121
0 0.967578 0.405078 0.0648438 0.0835937
0 0.330859 0.600781 0.0316406 0.0304688
0 0.534961 0.483594 0.0808594 0.0570313
0 0.691797 0.886719 0.10625 0.0671875
0 0.431445 0.458594 0.0300781 0.0523438
0 0.130762 0.311426 0.0529297 0.0599609
0 0.771094 0.139063 0.107813 0.119531
0 0.937891 0.517969 0.124219 0.280469
0 0.812891 0.356836 0.108594 0.155078
0 0.679297 0.873047 0.0960938 0.0914062
0 0.934375 0.106641 0.13125 0.213281
0 0.197656 0.102466 0.182031 0.180225
0 0.232471 0.0962158 0.255762 0.168115
0 0.763086 0.137598 0.0910156 0.113477
0 0.789258 0.275928 0.152734 0.259082
0 0.551758 0.156055 0.0738281 0.104297
0 0.803125 0.829297 0.0875 0.0851563
0 0.936719 0.503906 0.126563 0.251563
0 0.927734 0.429688 0.0601563 0.0789063
0 0.818359 0.310645 0.0882813 0.127539
0 0.55293 0.178418 0.0957031 0.11543
0 0.794531 0.671484 0.342187 0.517969
0 0.958594 0.432031 0.0828125 0.127344
0 0.836719 0.336426 0.0796875 0.113867
0 0.761328 0.710352 0.0367188 0.0582031
0 0.771094 0.830078 0.0859375 0.0867188
0 0.789844 0.221777 0.154688 0.420508
0 0.262402 0.358691 0.0591797 0.0568359
0 0.788281 0.338086 0.148438 0.167578
0 0.519141 0.472852 0.0601563 0.0800781
0 0.290234 0.0833374 0.375781 0.142896
0 0.817187 0.356641 0.0734375 0.0851563
0 0.960547 0.600195 0.0789063 0.265234
0 0.787695 0.704492 0.0808594 0.0753906
0 0.95625 0.489844 0.0875 0.240625
0 0.824219 0.742969 0.173438 0.185938
0 0.188379 0.310352 0.179102 0.114453
0 0.220898 0.0837646 0.230859 0.155518
0 0.258838 0.115454 0.285449 0.110498
0 0.905469 0.502344 0.189063 0.242188
0 0.747266 0.12793 0.0648438 0.0935547
0 0.807813 0.214404 0.175 0.418066
0 0.748047 0.779102 0.222656 0.282422
0 0.775391 0.728516 0.0804688 0.132031
0 0.800977 0.69375 0.335547 0.467187
0 0.956641 0.451074 0.0867188 0.160352
0 0.666797 0.900781 0.0796875 0.09375
0 0.153027 0.258398 0.120898 0.180078
0 0.926562 0.406836 0.0578125 0.0980469
0 0.764844 0.725391 0.065625 0.111719
0 0.404297 0.0858154 0.276563 0.142432
0 0.823047 0.366602 0.0960938 0.136328
0 0.960547 0.528516 0.0789063 0.288281
0 0.531836 0.27207 0.0316406 0.0433594
0 0.760547 0.718555 0.0367188 0.0558594
0 0.824414 0.759375 0.166797 0.210938
0 0.283838 0.0869385 0.266699 0.145068
0 0.960156 0.654102 0.0796875 0.176953
0 0.802344 0.630371 0.392188 0.579883
0 0.958203 0.408203 0.0835937 0.122656
0 0.264746 0.35957 0.0728516 0.0894531
0 0.774609 0.822656 0.0726563 0.0734375
0 0.826172 0.643066 0.347656 0.585742
0 0.35918 0.0867676 0.208984 0.128809
0 0.855469 0.0850586 0.289062 0.170117
0 0.826953 0.547266 0.0445313 0.06875
0 0.794531 0.347656 0.160938 0.203906
0 0.435937 0.467969 0.0453125 0.0726563
0 0.754883 0.804688 0.157422 0.226562
0 0.422461 0.460352 0.0425781 0.0589844
0 0.390527 0.112183 0.218164 0.113135
0 0.278418 0.351758 0.0337891 0.0511719
0 0.668164 0.875391 0.0660156 0.0820312
0 0.970313 0.425781 0.059375 0.113281
0 0.432227 0.481445 0.0308594 0.0488281
0 0.791406 0.0702881 0.06875 0.085791
0 0.852539 0.158936 0.279297 0.311035
0 0.530859 0.0655029 0.154688 0.123291
0 0.135107 0.28623 0.0864258 0.10957
0 0.20332 0.360352 0.188281 0.143359
0 0.957422 0.88125 0.0851563 0.167187
0 0.940625 0.430664 0.075 0.0871094
0 0.42793 0.10293 0.245703 0.153906
0 0.936328 0.596484 0.127344 0.289844
0 0.446875 0.403711 0.034375 0.0496094
0 0.787305 0.711914 0.0863281 0.108984
0 0.13623 0.244922 0.0935547 0.199609
0 0.903906 0.512891 0.192188 0.228125
0 0.854688 0.0983643 0.282813 0.19585
0 0.857813 0.102148 0.284375 0.204297
0 0.133789 0.301953 0.0828125 0.0925781
0 0.150098 0.305859 0.0880859 0.0734375
0 0.717969 0.442578 0.0304688 0.0476562
0 0.788672 0.837891 0.0867188 0.102344
0 0.779297 0.808984 0.138281 0.185156
0 0.814844 0.826563 0.090625 0.0953125
0 0.692969 0.871875 0.122656 0.096875
0 0.693359 0.771484 0.153125 0.307031
0 0.201465 0.276172 0.0501953 0.0621094
0 0.780469 0.778711 0.142188 0.212891
0 0.785156 0.821094 0.040625 0.0578125
0 0.810352 0.322949 0.110547 0.154102
0 0.539648 0.155078 0.0621094 0.0820312
0 0.446094 0.386621 0.0414063 0.0705078
0 0.13042 0.286523 0.0696289 0.127734
0 0.964453 0.435547 0.0710938 0.135156
0 0.847266 0.33877 0.0820312 0.124805
0 0.136523 0.340039 0.0804688 0.113672
0 0.51543 0.483984 0.0542969 0.0523438
0 0.319824 0.615234 0.0845703 0.06875
0 0.877344 0.505273 0.245312 0.286328
0 0.960547 0.626563 0.0789063 0.207813
0 0.757617 0.790039 0.239453 0.265234
0 0.1979 0.186182 0.196387 0.347559
0 0.729883 0.856641 0.185547 0.142969
0 0.783984 0.764453 0.132031 0.199219
0 0.756836 0.131836 0.0800781 0.100781
0 0.76582 0.706055 0.0480469 0.0660156
0 0.148828 0.0881592 0.0816406 0.145947
0 0.674414 0.892578 0.0808594 0.0679687
0 0.287695 0.185938 0.380859 0.360938
0 0.667188 0.890234 0.06875 0.0664062
0 0.733008 0.826758 0.183984 0.201172
0 0.176758 0.0851563 0.135547 0.154688
0 0.771875 0.107544 0.1125 0.15835
0 0.973437 0.410547 0.053125 0.0945313
0 0.774414 0.704297 0.0636719 0.0734375
0 0.172168 0.185742 0.151758 0.344922
0 0.770117 0.788281 0.258203 0.270313
0 0.666211 0.884766 0.0605469 0.0632813
0 0.140186 0.0955078 0.0688477 0.148047
0 0.23667 0.186084 0.277441 0.353613
0 0.527539 0.469727 0.0691406 0.0855469
0 0.811523 0.334668 0.109766 0.158789
0 0.961328 0.413574 0.0773438 0.104883
0 0.814063 0.7625 0.178125 0.207813
0 0.267285 0.356055 0.0572266 0.0558594
0 0.957031 0.509961 0.0859375 0.270703
0 0.674805 0.886328 0.0832031 0.0648438
0 0.76543 0.711719 0.0550781 0.0773438
0 0.821094 0.333789 0.0953125 0.152734
0 0.418359 0.469141 0.0585938 0.06875
0 0.138818 0.103906 0.0706055 0.1375
0 0.674414 0.901563 0.0839844 0.0953125
0 0.975781 0.401172 0.0484375 0.0828125
0 0.130322 0.29873 0.062207 0.0865234
0 0.342871 0.192383 0.490039 0.377734
0 0.853906 0.208447 0.2875 0.415918
0 0.927344 0.419922 0.04375 0.0601563
0 0.134473 0.316699 0.0574219 0.0552734
0 0.327344 0.116406 0.201563 0.111328
0 0.429883 0.468555 0.0363281 0.0667969
0 0.826953 0.541406 0.0367188 0.0546875
0 0.268652 0.345703 0.0517578 0.0625
0 0.757812 0.764844 0.1375 0.195312
0 0.132031 0.104004 0.0613281 0.118164
0 0.820312 0.659375 0.359375 0.592188
0 0.136035 0.308691 0.0636719 0.0642578
0 0.131445 0.317773 0.0476562 0.0480469
0 0.775 0.696484 0.05 0.0648438
0 0.658984 0.885156 0.046875 0.0578125
0 0.820898 0.681641 0.358203 0.555469
0 0.762305 0.109033 0.0957031 0.154199
0 0.721484 0.788672 0.177344 0.269531
0 0.76875 0.7 0.040625 0.0617188
0 0.332129 0.606836 0.0482422 0.0386719
0 0.426563 0.0837158 0.235156 0.145068
0 0.317676 0.607227 0.0775391 0.0394531
0 0.45957 0.0799805 0.152734 0.141016
0 0.430371 0.10061 0.650195 0.187061
0 0.483203 0.0758301 0.123438 0.132324
0 0.30752 0.115991 0.219336 0.112549
0 0.133301 0.0987305 0.0605469 0.132617
0 0.497656 0.0721924 0.0765625 0.13999
0 0.297559 0.0958496 0.393945 0.165723
0 0.35957 0.113965 0.180859 0.110156
0 0.141455 0.295508 0.0768555 0.096875
0 0.815625 0.749023 0.171875 0.192578
0 0.853711 0.220313 0.280078 0.440625
0 0.921875 0.419727 0.0375 0.0511719
0 0.722461 0.842969 0.172266 0.165625
0 0.418262 0.198682 0.643164 0.393262
0 0.153223 0.244824 0.123633 0.20332
0 0.450391 0.400684 0.0390625 0.0541016
0 0.340918 0.0951904 0.479102 0.1729
0 0.758008 0.12373 0.0824219 0.10293
0 0.143018 0.0893799 0.0737305 0.150146
0 0.719922 0.860547 0.167969 0.135156
0 0.685742 0.899609 0.0894531 0.0867188
0 0.766211 0.12627 0.0847656 0.0978516
0 0.775 0.713672 0.0765625 0.107031
0 0.828516 0.536914 0.0351562 0.0550781
0 0.523047 0.48418 0.0695313 0.0550781
0 0.91875 0.427539 0.059375 0.0761719
0 0.802734 0.218945 0.171094 0.429297
0 0.311523 0.13269 0.208984 0.126807
0 0.447656 0.397266 0.0320312 0.0476562
0 0.362402 0.131616 0.197852 0.132861
0 0.453125 0.395703 0.0296875 0.0507812
0 0.717969 0.775781 0.164062 0.29375
0 0.954688 0.416016 0.08125 0.090625
0 0.328711 0.0884277 0.214453 0.131738
0 0.201416 0.333691 0.196387 0.144336
0 0.488672 0.0706787 0.0742188 0.133643
0 0.74375 0.13335 0.0585938 0.084082
0 0.232373 0.0842529 0.274316 0.149854
0 0.795313 0.306836 0.159375 0.258984
0 0.777344 0.8375 0.0859375 0.10625
0 0.685547 0.893359 0.0859375 0.0617188
0 0.330664 0.132739 0.202734 0.131396
0 0.16167 0.176318 0.121973 0.329395
0 0.939453 0.419727 0.0617188 0.0675781
0 0.834375 0.532227 0.0453125 0.0613281
0 0.136475 0.323145 0.068457 0.0740234
0 0.14126 0.0836914 0.065332 0.150195
0 0.832812 0.539844 0.0484375 0.0625
0 0.291992 0.132373 0.209766 0.124316
0 0.827734 0.31084 0.0820312 0.12832
0 0.263281 0.347656 0.0609375 0.0804688
0 0.306641 0.087793 0.224219 0.138867
0 0.953516 0.428125 0.0867188 0.104688
0 0.779883 0.830078 0.0714844 0.0773438
0 0.431445 0.458008 0.0292969 0.0496094
0 0.771289 0.140283 0.108984 0.115527
0 0.788281 0.829688 0.0671875 0.075
0 0.967578 0.405176 0.0648438 0.0833984
0 0.811719 0.65498 0.370313 0.563477
0 0.29082 0.113916 0.236328 0.111426
0 0.254639 0.0865723 0.314941 0.149121
0 0.330469 0.600586 0.0320312 0.0300781
0 0.144336 0.316602 0.071875 0.0628906
0 0.131592 0.322363 0.0618164 0.0626953
0 0.691602 0.886719 0.105859 0.065625
0 0.938281 0.519922 0.123438 0.283594
0 0.791602 0.673047 0.332422 0.513281
0 0.679297 0.873438 0.0960938 0.090625
0 0.130469 0.311328 0.0525391 0.059375
0 0.749414 0.77832 0.226172 0.283984
0 0.825391 0.348633 0.0820312 0.111328
0 0.136572 0.258008 0.0944336 0.175
0 0.960156 0.599609 0.0796875 0.263281
0 0.539648 0.470703 0.0777344 0.0859375
0 0.534766 0.483984 0.0789063 0.0554687
0 0.446289 0.403516 0.0355469 0.05
0 0.202393 0.31123 0.201465 0.125195
0 0.927734 0.429688 0.0601563 0.078125
0 0.960156 0.52832 0.0796875 0.285547
0 0.232178 0.0967285 0.256348 0.169043
0 0.934766 0.105957 0.130469 0.211914
0 0.762891 0.137793 0.0898438 0.112695
0 0.666797 0.901172 0.0789063 0.0929688
0 0.771094 0.830078 0.0875 0.0867188
0 0.780859 0.779297 0.142969 0.210156
0 0.19585 0.104224 0.179395 0.18374
0 0.959375 0.654883 0.08125 0.172266
0 0.802344 0.829297 0.0875 0.0851563
0 0.800781 0.695312 0.334375 0.464063
0 0.818359 0.310645 0.0882813 0.127148
0 0.958203 0.431934 0.0835937 0.126758
0 0.761133 0.710742 0.0355469 0.0566406
0 0.422266 0.460156 0.0429688 0.0578125
0 0.153418 0.259668 0.122461 0.176367
0 0.788281 0.337988 0.148438 0.167773
0 0.813086 0.356641 0.108203 0.158594
0 0.262402 0.358789 0.0580078 0.0550781
0 0.789453 0.223145 0.155469 0.422461
0 0.936328 0.595313 0.127344 0.2875
0 0.852148 0.157031 0.280078 0.307031
0 0.186816 0.309766 0.175586 0.1125
0 0.937109 0.505078 0.125781 0.250781
0 0.926953 0.407813 0.0554687 0.0945313
0 0.292871 0.082666 0.383008 0.142676
0 0.53125 0.271973 0.0304688 0.0427734
0 0.667969 0.875391 0.0648438 0.0804688
0 0.808594 0.213525 0.178125 0.416699
0 0.403711 0.0857666 0.279297 0.142529
0 0.95625 0.49043 0.0875 0.240234
0 0.717969 0.442773 0.0296875 0.0464844
0 0.759961 0.718555 0.0347656 0.0542969
0 0.773828 0.823047 0.0742188 0.0742188
0 0.802734 0.632812 0.386719 0.56875
0 0.258057 0.115308 0.293262 0.109229
0 0.854492 0.098584 0.283203 0.196582
0 0.755273 0.805469 0.161328 0.223438
0 0.432227 0.48125 0.0308594 0.0484375
0 0.134863 0.286719 0.0865234 0.108203
0 0.794141 0.348828 0.161719 0.203906
0 0.519141 0.473047 0.0601563 0.0789063
0 0.95625 0.451074 0.0875 0.15957
0 0.789062 0.275928 0.153125 0.259863
0 0.824219 0.743945 0.173438 0.187109
0 0.854883 0.0852051 0.290234 0.17041
0 0.836328 0.336719 0.0789063 0.1125
0 0.150293 0.293457 0.108789 0.102539
0 0.825977 0.644824 0.348047 0.579102
0 0.787305 0.704688 0.0800781 0.0742188
0 0.427832 0.102808 0.245898 0.154932
0 0.779297 0.810352 0.138281 0.179297
0 0.278613 0.351562 0.0326172 0.05
0 0.692773 0.770898 0.150391 0.308203
0 0.957031 0.880859 0.0859375 0.160156
0 0.970313 0.425488 0.059375 0.112305
0 0.529883 0.0659912 0.144141 0.123682
0 0.774805 0.728906 0.0785156 0.13125
0 0.957812 0.408789 0.084375 0.119922
0 0.28208 0.0864258 0.272559 0.143164
0 0.825 0.759375 0.165625 0.209375
0 0.857617 0.102344 0.284766 0.204688
0 0.488867 0.048291 0.0621094 0.0889648
0 0.959766 0.627539 0.0804688 0.202734
0 0.936328 0.657227 0.127344 0.183203
0 0.940234 0.430859 0.0742188 0.0867188
0 0.764844 0.725195 0.0640625 0.108984
0 0.264844 0.359668 0.071875 0.0869141
0 0.746875 0.12832 0.0640625 0.0929688
0 0.905078 0.50293 0.189844 0.241797
0 0.130176 0.286816 0.0689453 0.125977
0 0.435742 0.467969 0.0449219 0.071875
0 0.826953 0.547266 0.0429688 0.0671875
0 0.858594 0.196875 0.282813 0.39375
0 0.360645 0.086499 0.226367 0.127588
0 0.816797 0.356738 0.0695313 0.0810547
0 0.445703 0.387695 0.0414063 0.0683594
0 0.813086 0.127173 0.195703 0.152686
0 0.930469 0.546875 0.139063 0.357812
0 0.784961 0.821094 0.0410156 0.0578125
0 0.346191 0.172754 0.49043 0.336523
0 0.964453 0.435449 0.0710938 0.13457
0 0.756055 0.789453 0.236328 0.264844
0 0.197949 0.185547 0.194727 0.345313
0 0.729883 0.85625 0.185547 0.14375
0 0.76543 0.706055 0.0472656 0.0660156
0 0.757031 0.132275 0.0796875 0.0987305
0 0.784375 0.764453 0.132812 0.199219
0 0.674609 0.892578 0.0804688 0.0664062
0 0.287109 0.184668 0.378906 0.356445
0 0.148926 0.0883789 0.0814453 0.146289
0 0.733008 0.827734 0.183984 0.199219
0 0.666992 0.889844 0.0675781 0.065625
0 0.176904 0.0853027 0.135254 0.155176
0 0.774219 0.704297 0.0640625 0.0734375
0 0.772266 0.107983 0.113281 0.156689
0 0.666016 0.884766 0.059375 0.0617188
0 0.171973 0.185352 0.150977 0.343359
0 0.973437 0.410645 0.053125 0.0943359
0 0.236426 0.185498 0.276367 0.35166
0 0.140137 0.0956055 0.0681641 0.148242
0 0.527539 0.469922 0.0683594 0.0851563
0 0.960938 0.41377 0.078125 0.105273
0 0.770117 0.787891 0.258203 0.269531
0 0.26709 0.356152 0.0572266 0.0548828
0 0.811523 0.334766 0.109766 0.157813
0 0.674805 0.885938 0.0824219 0.0640625
0 0.956641 0.510547 0.0867188 0.267969
0 0.418359 0.469336 0.0585938 0.0683594
0 0.813672 0.7625 0.177344 0.207813
0 0.765234 0.711914 0.0539063 0.0761719
0 0.138867 0.103906 0.0691406 0.137109
0 0.429688 0.468359 0.0359375 0.0664062
0 0.820898 0.333789 0.0957031 0.151953
0 0.326953 0.116382 0.200781 0.112158
0 0.130127 0.299219 0.0610352 0.0847656
0 0.268457 0.345898 0.0521484 0.0621094
0 0.928125 0.419922 0.04375 0.059375
0 0.674609 0.901563 0.084375 0.0953125
0 0.136035 0.308496 0.0636719 0.0634766
0 0.774609 0.696484 0.0507812 0.0648438
0 0.976172 0.401172 0.0476562 0.0820312
0 0.721289 0.788672 0.176172 0.269531
0 0.31748 0.607031 0.0787109 0.0390625
0 0.827344 0.541602 0.0359375 0.0542969
0 0.658984 0.884766 0.0460938 0.0570313
0 0.132178 0.104175 0.0600586 0.116846
0 0.757617 0.764844 0.136328 0.195312
0 0.134375 0.316699 0.0574219 0.0544922
0 0.343359 0.191113 0.491406 0.372461
0 0.820117 0.659766 0.359766 0.589844
0 0.768359 0.700195 0.0398437 0.0613281
0 0.332031 0.606641 0.0488281 0.0382813
0 0.450195 0.400586 0.0394531 0.0542969
0 0.853711 0.207764 0.286328 0.412598
0 0.131445 0.317773 0.0472656 0.0472656
0 0.820703 0.681055 0.358594 0.553516
0 0.294971 0.0958496 0.388184 0.16416
0 0.307422 0.115967 0.219531 0.113379
0 0.431348 0.100146 0.65293 0.184863
0 0.447656 0.397363 0.0320312 0.0474609
0 0.141406 0.296289 0.0761719 0.0949219
0 0.133398 0.0989258 0.0597656 0.131445
0 0.358203 0.114063 0.173438 0.109961
0 0.761914 0.109155 0.0949219 0.152783
0 0.722266 0.844141 0.171094 0.163281
0 0.427148 0.0838379 0.239453 0.144043
0 0.45918 0.080127 0.155859 0.140137
0 0.81582 0.748828 0.171484 0.192969
0 0.453125 0.395703 0.0296875 0.05
0 0.922266 0.419727 0.0367188 0.0503906
0 0.483984 0.0761231 0.125 0.131738
0 0.522656 0.48457 0.06875 0.0535156
0 0.758203 0.124756 0.0820312 0.099707
0 0.341602 0.0952637 0.479297 0.171191
0 0.153223 0.245215 0.122852 0.201758
0 0.497656 0.0725586 0.075 0.139844
0 0.143066 0.0894287 0.0736328 0.150244
0 0.361816 0.131421 0.19668 0.133252
0 0.775 0.713672 0.0765625 0.10625
0 0.76582 0.126904 0.0839844 0.0950195
0 0.685938 0.899219 0.0890625 0.0859375
0 0.685547 0.892969 0.0859375 0.0609375
0 0.311035 0.13252 0.211523 0.12793
0 0.954297 0.416113 0.0804688 0.0912109
0 0.421875 0.198242 0.651563 0.388672
0 0.828906 0.536914 0.034375 0.0542969
0 0.32832 0.0891602 0.211328 0.129883
0 0.919141 0.427539 0.0585938 0.0738281
0 0.717578 0.775977 0.163281 0.291797
0 0.719727 0.860547 0.166797 0.135156
0 0.446094 0.403516 0.0359375 0.05
0 0.330566 0.132568 0.204492 0.13252
0 0.85332 0.220996 0.279297 0.441602
0 0.777539 0.837891 0.0855469 0.105469
0 0.74375 0.133301 0.0578125 0.0826172
0 0.801953 0.220703 0.169531 0.428906
0 0.162354 0.176172 0.122949 0.328125
0 0.488672 0.0708984 0.0734375 0.133594
0 0.939453 0.419922 0.0601563 0.0671875
0 0.795117 0.309863 0.159766 0.254492
0 0.431641 0.457617 0.0289063 0.0488281
0 0.141064 0.0836914 0.0647461 0.150977
0 0.953125 0.42832 0.0859375 0.104297
0 0.291992 0.132105 0.214453 0.124854
0 0.263379 0.348438 0.0603516 0.0789063
0 0.834375 0.532227 0.0453125 0.0613281
0 0.232422 0.0844482 0.274609 0.149854
0 0.832812 0.540039 0.046875 0.0621094
0 0.779688 0.830078 0.06875 0.0757812
0 0.679297 0.873828 0.0953125 0.0882813
0 0.691406 0.886719 0.104688 0.065625
0 0.28999 0.113965 0.240332 0.111523
0 0.306934 0.0883789 0.222852 0.137695
0 0.788281 0.830078 0.065625 0.0742188
0 0.330371 0.600586 0.0322266 0.0292969
0 0.827734 0.311133 0.0820312 0.127734
0 0.928125 0.429492 0.059375 0.0769531
0 0.771094 0.14082 0.109375 0.113281
0 0.960156 0.528906 0.0796875 0.284375
0 0.195801 0.102734 0.178711 0.180469
0 0.53418 0.48418 0.0769531 0.0542969
0 0.232617 0.0965088 0.256641 0.167529
0 0.967188 0.405078 0.065625 0.0835937
0 0.201855 0.332813 0.198633 0.142188
0 0.136572 0.322852 0.0682617 0.0726563
0 0.770898 0.830469 0.0863281 0.0859375
0 0.811328 0.655664 0.367969 0.560547
0 0.421875 0.460156 0.04375 0.0578125
0 0.938281 0.520898 0.123438 0.283203
0 0.130322 0.31123 0.0520508 0.0587891
0 0.254248 0.0869141 0.317285 0.148047
0 0.959766 0.600391 0.0804688 0.260156
0 0.788867 0.673828 0.323828 0.511719
0 0.825391 0.348828 0.0804688 0.109375
0 0.539844 0.471289 0.0773438 0.0847656
0 0.667969 0.876172 0.0640625 0.0789063
0 0.762891 0.138037 0.0898438 0.111816
0 0.666992 0.900781 0.0785156 0.0921875
0 0.144287 0.316504 0.0719727 0.0626953
0 0.748047 0.77832 0.222656 0.283984
0 0.432031 0.481445 0.0304688 0.0480469
0 0.761133 0.710742 0.0355469 0.0558594
0 0.958203 0.431641 0.0835937 0.125
0 0.136621 0.258447 0.0939453 0.17373
0 0.926953 0.409082 0.0523438 0.0904297
0 0.718164 0.442578 0.0285156 0.0453125
0 0.959375 0.655469 0.08125 0.170313
0 0.781055 0.779492 0.144141 0.209766
0 0.445703 0.387988 0.0414063 0.0677734
0 0.802344 0.830078 0.0859375 0.0835937
0 0.290381 0.0831421 0.377051 0.143677
0 0.53125 0.271875 0.0304688 0.0421875
0 0.135156 0.286914 0.0863281 0.106641
0 0.131689 0.322266 0.0614258 0.0613281
0 0.774023 0.823047 0.0738281 0.0742188
0 0.262207 0.358984 0.0568359 0.0539063
0 0.153516 0.260742 0.121484 0.173438
0 0.759766 0.718945 0.0335938 0.0527344
0 0.799023 0.694531 0.330078 0.464063
0 0.25791 0.115503 0.295117 0.108057
0 0.150342 0.294043 0.10752 0.0998047
0 0.518945 0.473438 0.0597656 0.078125
0 0.788086 0.338086 0.148828 0.167578
0 0.203223 0.31084 0.20293 0.123242
0 0.95625 0.450977 0.0875 0.157422
0 0.935938 0.595313 0.128125 0.285938
0 0.934766 0.106055 0.130469 0.212109
0 0.81875 0.310742 0.0890625 0.126172
0 0.319727 0.614648 0.0863281 0.0660156
0 0.278613 0.351367 0.0326172 0.0488281
0 0.403711 0.0859375 0.276953 0.141016
0 0.806641 0.212695 0.174219 0.412109
0 0.955859 0.490039 0.0882813 0.236328
0 0.802344 0.634863 0.382812 0.555273
0 0.813086 0.356836 0.108203 0.158203
0 0.184961 0.309375 0.169922 0.110156
0 0.435742 0.467969 0.0449219 0.071875
0 0.940234 0.430859 0.0742188 0.0859375
0 0.787305 0.704883 0.0800781 0.0738281
0 0.794141 0.349805 0.161719 0.204297
0 0.788867 0.224902 0.156641 0.421289
0 0.428516 0.103125 0.249219 0.151953
0 0.389258 0.112549 0.221484 0.112207
0 0.286377 0.171875 0.370996 0.328125
0 0.755078 0.805859 0.161719 0.222656
0 0.51543 0.484375 0.0535156 0.05
0 0.130078 0.287305 0.0675781 0.123438
0 0.937109 0.506055 0.125781 0.248047
0 0.851367 0.153955 0.278516 0.29873
0 0.69043 0.77168 0.147266 0.306641
0 0.710547 0.446289 0.0328125 0.0449219
0 0.854297 0.0993408 0.282031 0.197412
0 0.836328 0.337012 0.0789063 0.111914
0 0.932031 0.548633 0.135937 0.353516
0 0.785156 0.820703 0.040625 0.0570313
0 0.824219 0.744141 0.173438 0.188281
0 0.787109 0.711914 0.0851563 0.106641
0 0.359473 0.0875244 0.212305 0.124365
0 0.779688 0.810938 0.140625 0.178125
0 0.825391 0.645898 0.349219 0.570703
0 0.959766 0.628125 0.0804688 0.2
0 0.936328 0.658008 0.127344 0.180859
0 0.758008 0.723047 0.0417969 0.0679687
0 0.529883 0.451367 0.0441406 0.0667969
0 0.346387 0.171973 0.490039 0.331836
0 0.813086 0.128467 0.195703 0.146973
0 0.785352 0.743945 0.110547 0.176172
0 0.774609 0.728711 0.0773438 0.130078
0 0.91875 0.4125 0.034375 0.0554687
0 0.264941 0.360059 0.0708984 0.0830078
0 0.747266 0.128516 0.0648438 0.0910156
0 0.957812 0.40918 0.084375 0.117578
0 0.970313 0.425684 0.059375 0.112695
0 0.764844 0.724805 0.0625 0.106641
0 0.854688 0.0850586 0.290625 0.170117
0 0.817187 0.357129 0.065625 0.0787109
0 0.964063 0.435449 0.071875 0.133789
0 0.392578 0.171875 0.586719 0.329688
0 0.728906 0.857422 0.18125 0.147656
0 0.168359 0.184277 0.146875 0.346289
0 0.722656 0.799805 0.182812 0.266016
0 0.193262 0.184326 0.189258 0.347754
0 0.176709 0.0838867 0.136426 0.154883
0 0.730469 0.800391 0.189063 0.260156
0 0.153857 0.0864014 0.093457 0.148291
0 0.66582 0.889844 0.0644531 0.0671875
0 0.800781 0.223242 0.165625 0.420703
0 0.754297 0.130762 0.0742188 0.106055
0 0.973047 0.412207 0.0539063 0.0974609
0 0.853125 0.221973 0.278125 0.431836
0 0.674609 0.892969 0.08125 0.06875
0 0.730859 0.854492 0.188281 0.173828
0 0.720703 0.758398 0.183594 0.353516
0 0.775781 0.108228 0.120313 0.176904
0 0.721289 0.860547 0.173047 0.141406
0 0.282715 0.181738 0.379102 0.35293
0 0.788281 0.226562 0.159375 0.417188
0 0.332227 0.606055 0.0484375 0.0433594
0 0.13877 0.0944824 0.0652344 0.141699
0 0.319336 0.607227 0.0722656 0.0425781
0 0.129736 0.296387 0.065918 0.0947266
0 0.131152 0.31875 0.0478516 0.0511719
0 0.135449 0.317773 0.0570313 0.0566406
0 0.826953 0.54043 0.0367188 0.0582031
0 0.729492 0.892969 0.191016 0.209375
0 0.821875 0.333496 0.101562 0.163477
0 0.961719 0.414453 0.0765625 0.105469
0 0.809766 0.334863 0.114844 0.168555
0 0.665039 0.883594 0.0582031 0.0671875
0 0.797266 0.261719 0.160156 0.360938
0 0.234619 0.183105 0.280762 0.350195
0 0.137695 0.102979 0.0671875 0.132324
0 0.674414 0.901172 0.0839844 0.0992187
0 0.767969 0.796484 0.260938 0.272656
0 0.926953 0.418945 0.0429688 0.0582031
0 0.975781 0.400977 0.0484375 0.0785156
0 0.920703 0.419727 0.0398437 0.0527344
0 0.72207 0.851172 0.182422 0.189844
0 0.158545 0.17583 0.118066 0.335059
0 0.742188 0.132959 0.0570313 0.0922852
0 0.774609 0.135718 0.116406 0.143018
0 0.676172 0.884375 0.0859375 0.071875
0 0.810938 0.35459 0.110937 0.166602
0 0.852344 0.21333 0.284375 0.418652
0 0.136621 0.324023 0.0650391 0.0765625
0 0.846094 0.259082 0.265625 0.439648
0 0.766016 0.856836 0.255469 0.181641
0 0.772461 0.704297 0.0535156 0.0679687
0 0.716406 0.711719 0.195312 0.457813
0 0.137354 0.254932 0.0944336 0.185449
0 0.658789 0.884375 0.0457031 0.0609375
0 0.766016 0.705664 0.0460938 0.0628906
0 0.935938 0.52666 0.128125 0.307617
0 0.776953 0.762891 0.288281 0.358594
0 0.764844 0.712109 0.053125 0.0757812
0 0.180078 0.0973389 0.148047 0.165869
0 0.957031 0.880078 0.0859375 0.183594
0 0.764258 0.125635 0.0808594 0.10498
0 0.132178 0.0980713 0.0557617 0.123584
0 0.336328 0.186182 0.480469 0.364355
0 0.789258 0.830469 0.0589844 0.071875
0 0.267285 0.356152 0.0568359 0.0556641
0 0.131055 0.103906 0.0583984 0.113281
0 0.828516 0.536328 0.0351562 0.0546875
0 0.761133 0.135645 0.0886719 0.119336
0 0.96875 0.8875 0.0625 0.176563
0 0.685547 0.899609 0.0882813 0.0914062
0 0.958594 0.906641 0.0828125 0.185156
0 0.152344 0.244629 0.120703 0.20918
0 0.684766 0.757617 0.255469 0.366016
0 0.417383 0.467383 0.0605469 0.0707031
0 0.437695 0.116968 0.672266 0.223486
0 0.531055 0.0646973 0.148828 0.12373
0 0.131299 0.324219 0.0583008 0.0605469
0 0.141309 0.293359 0.0806641 0.104688
0 0.953125 0.428125 0.0859375 0.104688
0 0.717578 0.89375 0.191406 0.2125
0 0.731641 0.844141 0.175781 0.166406
0 0.786914 0.278027 0.166797 0.351758
0 0.657031 0.716016 0.310937 0.455469
0 0.496875 0.0706787 0.0742188 0.13833
0 0.785352 0.775781 0.148047 0.221875
0 0.136914 0.308105 0.065625 0.0681641
0 0.780859 0.218604 0.147656 0.412793
0 0.817969 0.692383 0.364063 0.596484
0 0.832812 0.540039 0.046875 0.0636719
0 0.917188 0.426172 0.059375 0.0789063
0 0.731445 0.768359 0.198047 0.328906
0 0.950391 0.511719 0.0992187 0.26875
0 0.441895 0.19541 0.700586 0.388867
0 0.144482 0.316895 0.0696289 0.0630859
0 0.816602 0.663281 0.366797 0.639063
0 0.777539 0.8375 0.0777344 0.1
0 0.780859 0.83125 0.0664062 0.0734375
0 0.483984 0.0746094 0.110937 0.135547
0 0.95625 0.433203 0.0875 0.128906
0 0.827734 0.309277 0.0789063 0.12832
0 0.331348 0.600977 0.0314453 0.0332031
0 0.9375 0.419531 0.0578125 0.0648438
0 0.763867 0.10979 0.0988281 0.173389
0 0.430176 0.0822998 0.234961 0.150244
0 0.135791 0.286328 0.0870117 0.113672
0 0.757227 0.775391 0.129297 0.214844
0 0.150391 0.291504 0.111328 0.110742
0 0.428516 0.466797 0.0390625 0.0695313
0 0.952734 0.416113 0.0757812 0.0849609
0 0.538281 0.0749512 0.165625 0.141113
0 0.325977 0.611719 0.0742188 0.059375
0 0.835938 0.336133 0.071875 0.110547
0 0.548242 0.0627441 0.165234 0.120605
0 0.134229 0.302441 0.0842773 0.0974609
0 0.8 0.830469 0.0703125 0.0765625
0 0.970313 0.912109 0.059375 0.175781
0 0.321777 0.626953 0.0916016 0.0953125
0 0.488867 0.0695068 0.0714844 0.12876
0 0.823438 0.347461 0.0734375 0.111328
0 0.802539 0.216699 0.165234 0.411914
0 0.153809 0.256055 0.123633 0.1875
0 0.818945 0.756836 0.362109 0.426953
0 0.834766 0.532422 0.0429688 0.0609375
0 0.685742 0.89375 0.0871094 0.0640625
0 0.509766 0.0734619 0.108594 0.133545
0 0.975391 0.462695 0.0492188 0.0746094
0 0.953516 0.451562 0.0929688 0.1625
0 0.935547 0.504687 0.128906 0.251563
0 0.772852 0.160059 0.123047 0.298633
0 0.787109 0.837109 0.0742188 0.0929688
0 0.794727 0.317871 0.162109 0.383789
0 0.775977 0.158984 0.119922 0.156641
0 0.187695 0.306836 0.184766 0.122266
0 0.12207 0.297363 0.0568359 0.0916016
0 0.933203 0.106934 0.133594 0.213867
0 0.79375 0.157471 0.148438 0.297559
0 0.200195 0.332617 0.208203 0.149609
0 0.136523 0.33916 0.0773438 0.113867
0 0.762109 0.892188 0.244531 0.215625
0 0.958984 0.427051 0.0820312 0.122461
0 0.849219 0.323438 0.0609375 0.0941406
0 0.120654 0.1875 0.140723 0.347656
0 0.363574 0.110889 0.208789 0.12041
0 0.826953 0.548633 0.0445313 0.0753906
0 0.801367 0.692578 0.353516 0.524219
0 0.805859 0.65498 0.388281 0.622852
0 0.666797 0.900391 0.0757812 0.0929688
0 0.488477 0.0493896 0.0621094 0.0936035
0 0.395117 0.174268 0.600391 0.344043
0 0.130127 0.31084 0.0547852 0.0646484
0 0.95625 0.404492 0.0875 0.141016
0 0.151318 0.307227 0.109473 0.10625
0 0.881055 0.469043 0.237891 0.389258
0 0.96875 0.860938 0.0625 0.16875
0 0.858203 0.223828 0.283594 0.442969
0 0.851953 0.107983 0.278906 0.210986
0 0.769531 0.7 0.0375 0.0601563
0 0.488281 0.0409912 0.0546875 0.0665527
0 0.463867 0.0799316 0.145703 0.147949
0 0.608496 0.217969 0.55957 0.432031
0 0.426367 0.381836 0.0847656 0.104297
0 0.125684 0.319531 0.034375 0.0464844
0 0.338086 0.604297 0.0421875 0.0476562
0 0.759961 0.138477 0.0910156 0.118359
0 0.926953 0.429492 0.0601563 0.0792969
0 0.939844 0.430664 0.0734375 0.0871094
0 0.824609 0.544531 0.0289063 0.046875
0 0.316895 0.613867 0.0779297 0.0574219
0 0.143213 0.0884766 0.0749023 0.151562
0 0.755273 0.707617 0.258203 0.466016
0 0.970313 0.430566 0.059375 0.124805
0 0.772461 0.118213 0.136328 0.224902
0 0.96875 0.405664 0.0625 0.0753906
0 0.268066 0.344824 0.0544922 0.0642578
0 0.32666 0.605859 0.0748047 0.0414063
0 0.550195 0.15459 0.0660156 0.0978516
0 0.813281 0.294141 0.0609375 0.0910156
0 0.975391 0.471094 0.0492188 0.0921875
0 0.957422 0.930859 0.0851563 0.138281
0 0.19126 0.371875 0.195605 0.725
0 0.850391 0.166895 0.272656 0.322461
0 0.929688 0.535156 0.140625 0.382031
0 0.599609 0.715625 0.438281 0.459375
0 0.925 0.410254 0.0546875 0.0755859
0 0.930078 0.490039 0.139844 0.323047
0 0.361719 0.134912 0.217969 0.143066
0 0.80918 0.770703 0.201953 0.239844
0 0.265137 0.359961 0.0697266 0.0878906
0 0.788281 0.274268 0.15625 0.295215
0 0.453516 0.393652 0.03125 0.0556641
0 0.788477 0.336719 0.149609 0.176563
