0 0.286328 0.147461 0.536719 0.292578
0 0.602246 0.188867 0.481445 0.373828
0 0.691016 0.201172 0.561719 0.392969
0 0.675781 0.451562 0.545313 0.89375
0 0.187891 0.316602 0.375781 0.362109
0 0.271094 0.747656 0.542188 0.504687
0 0.192773 0.776367 0.385547 0.425391
0 0.463965 0.805469 0.620508 0.389062
0 0.136523 0.139453 0.273047 0.278906
0 0.365234 0.384766 0.614844 0.760156
0 0.686719 0.312695 0.5375 0.601953
0 0.20625 0.363281 0.4125 0.647656
0 0.773047 0.470313 0.453906 0.934375
0 0.162207 0.365625 0.324414 0.411719
0 0.312695 0.564063 0.625391 0.821875
0 0.462891 0.6375 0.905469 0.725
0 0.308008 0.808594 0.602734 0.379688
0 0.191455 0.149414 0.371777 0.298828
0 0.24043 0.219531 0.479297 0.432031
0 0.412109 0.176563 0.4875 0.348828
0 0.524219 0.182422 0.44375 0.362109
0 0.766797 0.189258 0.466406 0.362891
0 0.64375 0.251172 0.532813 0.4875
0 0.266406 0.475391 0.532813 0.822656
0 0.514063 0.444141 0.725 0.869531
0 0.676172 0.661719 0.647656 0.676562
0 0.785937 0.653906 0.428125 0.692187
0 0.480469 0.649219 0.698438 0.701563
0 0.440234 0.149023 0.391406 0.298047
0 0.525391 0.152734 0.369531 0.305469
0 0.254883 0.311133 0.509766 0.618359
0 0.461328 0.330273 0.623438 0.641797
0 0.536816 0.28125 0.531055 0.546875
0 0.767969 0.25625 0.464063 0.410938
0 0.617969 0.471094 0.764063 0.926562
0 0.180957 0.492578 0.361914 0.555469
0 0.643359 0.637598 0.713281 0.724805
0 0.255859 0.708594 0.511719 0.582812
0 0.760156 0.692578 0.479688 0.614844
0 0.373828 0.841406 0.663281 0.3125
0 0.156445 0.0744141 0.312891 0.148828
0 0.285156 0.0496094 0.528125 0.0992187
0 0.795117 0.142578 0.381641 0.282031
0 0.834961 0.199609 0.330078 0.397656
0 0.81543 0.45625 0.369141 0.9
0 0.478125 0.558594 0.829688 0.821875
0 0.530859 0.631738 0.669531 0.736523
0 0.84375 0.554297 0.3125 0.505469
0 0.189063 0.608887 0.378125 0.782227
0 0.849023 0.52334 0.301953 0.375195
0 0.826367 0.648828 0.347266 0.657031
0 0.173242 0.698438 0.346484 0.603125
0 0.358984 0.764063 0.66875 0.471875
0 0.452344 0.755273 0.846875 0.489453
0 0.61875 0.782813 0.7625 0.434375
0 0.541016 0.077002 0.471094 0.154004
0 0.614453 0.0958008 0.608594 0.191602
0 0.808398 0.276758 0.383203 0.527734
0 0.187012 0.292188 0.374023 0.489844
0 0.13584 0.288477 0.27168 0.312109
0 0.181445 0.447266 0.362891 0.428125
0 0.676172 0.572656 0.647656 0.854688
0 0.195117 0.564063 0.390234 0.603125
0 0.293945 0.642969 0.587891 0.714063
0 0.496094 0.658984 0.489063 0.682031
0 0.366797 0.725 0.707031 0.55
0 0.172852 0.717188 0.345703 0.39375
0 0.581934 0.685938 0.592383 0.628125
0 0.846289 0.703516 0.307422 0.589844
0 0.707422 0.742578 0.585156 0.514844
0 0.507422 0.839844 0.807031 0.320312
0 0.15918 0.822656 0.318359 0.348438
0 0.4625 0.0889648 0.514844 0.17793
0 0.195508 0.138477 0.391016 0.276953
0 0.195508 0.659375 0.391016 0.492188
0 0.5375 0.75625 0.554688 0.41875
0 0.860938 0.816016 0.278125 0.367969
0 0.347656 0.0637695 0.590625 0.127539
0 0.661719 0.0634766 0.610938 0.126953
0 0.896094 0.185156 0.207813 0.357031
0 0.180371 0.262695 0.360742 0.380078
0 0.841211 0.495313 0.317578 0.6625
0 0.86582 0.588281 0.268359 0.364063
0 0.190625 0.737891 0.38125 0.436719
0 0.857422 0.786719 0.285156 0.401563
0 0.762109 0.805859 0.475781 0.388281
0 0.106348 0.10166 0.212695 0.20332
0 0.766797 0.059375 0.466406 0.11875
0 0.803516 0.125 0.392969 0.25
0 0.853906 0.152734 0.292188 0.305469
0 0.249219 0.185645 0.498437 0.371289
0 0.838086 0.338281 0.323828 0.423438
0 0.862695 0.668359 0.274609 0.444531
0 0.220117 0.0060791 0.440234 0.0121582
0 0.371289 0.0111328 0.680859 0.0222656
0 0.51084 0.0118164 0.65332 0.0236328
0 0.630371 0.00974121 0.648633 0.0194824
0 0.763672 0.0106445 0.472656 0.0212891
0 0.0672852 0.101074 0.13457 0.202148
0 0.869141 0.276758 0.261719 0.398047
0 0.215625 0.919531 0.43125 0.160938
0 0.100488 0.0296387 0.200977 0.0592773
0 0.131348 0.0107178 0.262695 0.0214355
0 0.149805 0.00671387 0.299609 0.0134277
0 0.258203 0.00446777 0.516406 0.00893555
0 0.714844 0.00769043 0.570312 0.0153809
0 0.780273 0.0249512 0.439453 0.0499023
0 0.499219 0.883594 0.871875 0.232813
0 0.779297 0.878125 0.441406 0.24375
0 0.374219 0.939844 0.735156 0.120313
0 0.747656 0.936719 0.504687 0.126563
0 0.675098 0.896875 0.649805 0.20625
0 0.248242 0.903906 0.496484 0.192188
0 0.4375 0.927344 0.875 0.145313
0 0.821484 0.899219 0.357031 0.2
0 0.241992 0.990625 0.483984 0.01875
0 0.753516 0.993359 0.492969 0.0132813
0 0.569531 0.905469 0.835938 0.189063
0 0.282227 0.996094 0.564453 0.0078125
0 0.313086 0.997656 0.626172 0.0046875
0 0.351562 0.998438 0.703125 0.003125
0 0.452734 0.998438 0.905469 0.003125
0 0.696484 0.996875 0.607031 0.00625
0 0.561719 0.997656 0.870313 0.0046875
0 0.591797 0.997266 0.767969 0.00546875
0 0.975781 0.707812 0.0484375 0.0953125
0 0.748047 0.764063 0.100781 0.115625
0 0.00666504 0.0899414 0.0133301 0.179883
0 0.231982 0.0477539 0.219629 0.0955078
0 0.396094 0.0403442 0.232813 0.0796631
0 0.6625 0.0629883 0.132812 0.125977
0 0.807617 0.0429688 0.384766 0.0849609
0 0.909375 0.0408691 0.18125 0.0793945
0 0.941406 0.0425781 0.117188 0.0832031
0 0.237305 0.0698242 0.130859 0.139648
0 0.273828 0.0751953 0.108594 0.150391
0 0.806445 0.065332 0.299609 0.130664
0 0.776563 0.255469 0.115625 0.242188
0 0.873438 0.366211 0.0734375 0.165234
0 0.758984 0.747656 0.0789063 0.101562
0 0.203516 0.917188 0.214062 0.164062
0 0.178809 0.978906 0.357617 0.0421875
0 0.844336 1 0.311328 0
0 0.200781 0.0203613 0.320703 0.0360352
0 0.270703 0.0267578 0.391406 0.0515625
0 0.425 0.0216797 0.376563 0.0384766
0 0.884766 0.0232666 0.230469 0.0418457
0 0.106665 0.0355469 0.192139 0.0689453
0 0.134277 0.0381958 0.268555 0.0749756
0 0.207031 0.0386841 0.192969 0.0765381
0 0.458691 0.0417969 0.341992 0.0832031
0 0.572266 0.0473633 0.275781 0.0947266
0 0.636719 0.0459473 0.184375 0.0918945
0 0.742578 0.0447266 0.327344 0.0886719
0 0.623438 0.0790039 0.207813 0.158008
0 0.9125 0.0587402 0.175 0.116699
0 0.795117 0.272656 0.0785156 0.201953
0 0.80293 0.284766 0.0597656 0.174219
0 0.127344 0.321484 0.158203 0.0917969
0 0.962891 0.478809 0.0742188 0.237695
0 0.579297 0.506641 0.128906 0.414062
0 0.890625 0.553516 0.096875 0.167969
0 0.955078 0.762891 0.0898438 0.205469
0 0.667188 0.764844 0.267188 0.134375
0 0.203174 0.765625 0.28584 0.182812
0 0.723047 0.825195 0.221094 0.246484
0 0.773438 0.904688 0.16875 0.184375
0 0.878906 0.903125 0.2375 0.1875
0 0.758594 0.915625 0.226562 0.167187
0 0.127148 0.942187 0.238281 0.115625
0 0.732031 0.935938 0.321875 0.128125
0 0.875977 0.980078 0.248047 0.0398437
0 0.760742 1 0.478516 0
0 0.0158203 0.0640137 0.0316406 0.128027
0 0.185742 0.017041 0.371484 0.0324219
0 0.574219 0.0211426 0.401563 0.0422852
0 0.651172 0.0299805 0.158594 0.0570313
0 0.679297 0.0239258 0.235156 0.0449219
0 0.859375 0.0179687 0.28125 0.0319336
0 0.0370117 0.0411133 0.0740234 0.0810547
0 0.306445 0.0399414 0.0472656 0.0794922
0 0.35 0.0375977 0.114844 0.0737305
0 0.521094 0.0440918 0.159375 0.0881836
0 0.0998291 0.0848633 0.160498 0.169141
0 0.187158 0.0734863 0.227246 0.146973
0 0.374023 0.0736328 0.152734 0.146484
0 0.476953 0.0889648 0.217188 0.17793
0 0.535937 0.0900391 0.151562 0.180078
0 0.880469 0.0706055 0.235938 0.141211
0 0.926172 0.0733398 0.147656 0.145117
0 0.950781 0.0808594 0.0984375 0.155469
0 0.653125 0.114063 0.148438 0.228125
0 0.799805 0.09375 0.228516 0.1875
0 0.875 0.191406 0.10625 0.366016
0 0.0130127 0.273779 0.0260254 0.263379
0 0.0389648 0.282422 0.0779297 0.201563
0 0.867188 0.242578 0.09375 0.335156
0 0.298242 0.307227 0.359766 0.114844
0 0.497656 0.311719 0.214062 0.171875
0 0.0492676 0.30542 0.0985352 0.264941
0 0.31333 0.32793 0.34834 0.134766
0 0.753125 0.326123 0.16875 0.309473
0 0.101465 0.345313 0.15957 0.135156
0 0.133398 0.341016 0.190234 0.126563
0 0.870313 0.325586 0.06875 0.236328
0 0.328906 0.416504 0.433594 0.193555
0 0.0657227 0.419922 0.131445 0.303906
0 0.0868896 0.411621 0.158252 0.250195
0 0.22832 0.418848 0.199219 0.25293
0 0.850195 0.434766 0.299609 0.248438
0 0.89375 0.419141 0.14375 0.267969
0 0.087207 0.456348 0.174414 0.343555
0 0.530859 0.422559 0.184375 0.24707
0 0.558594 0.414453 0.125 0.266406
0 0.84668 0.471094 0.272266 0.189063
0 0.175391 0.470703 0.341406 0.275781
0 0.5375 0.469434 0.228125 0.287695
0 0.845508 0.508984 0.249609 0.192188
0 0.907813 0.484375 0.184375 0.253906
0 0.169043 0.522656 0.336133 0.177344
0 0.782031 0.493652 0.182812 0.361133
0 0.876758 0.519531 0.246484 0.191406
0 0.938281 0.504297 0.123438 0.292969
0 0.961719 0.532031 0.0765625 0.225
0 0.151465 0.555469 0.30293 0.15625
0 0.461816 0.535156 0.174805 0.221875
0 0.892188 0.596875 0.078125 0.154688
0 0.605859 0.561719 0.191406 0.390625
0 0.639063 0.578906 0.125 0.329688
0 0.530469 0.608594 0.18125 0.182812
0 0.329883 0.696875 0.319141 0.203125
0 0.455078 0.658203 0.232813 0.210156
0 0.259766 0.732422 0.179688 0.207031
0 0.295508 0.741016 0.194141 0.196094
0 0.465723 0.726562 0.249805 0.296875
0 0.908594 0.751953 0.182812 0.233594
0 0.81875 0.755469 0.251563 0.170313
0 0.0382813 0.805664 0.0765625 0.388672
0 0.716016 0.778125 0.166406 0.148438
0 0.937109 0.774609 0.125781 0.216406
0 0.00841064 0.84668 0.0168213 0.287891
0 0.204297 0.79668 0.280469 0.266016
0 0.479297 0.793945 0.169531 0.174609
0 0.688281 0.800781 0.265625 0.192188
0 0.917188 0.813867 0.165625 0.297266
0 0.929688 0.806055 0.140625 0.244141
0 0.0315918 0.85625 0.0631836 0.271875
0 0.677344 0.863867 0.295312 0.241016
0 0.828906 0.867969 0.145313 0.232813
0 0.928125 0.879687 0.14375 0.1875
0 0.928125 0.870313 0.14375 0.209375
0 0.0103638 0.866602 0.0207275 0.266797
0 0.204346 0.84375 0.291309 0.270313
0 0.322607 0.857813 0.300098 0.270313
0 0.379785 0.865625 0.199805 0.254688
0 0.478027 0.854883 0.27207 0.258984
0 0.609375 0.883008 0.14375 0.233984
0 0.728516 0.875781 0.246094 0.2375
0 0.760938 0.881445 0.239063 0.215234
0 0.835938 0.895312 0.134375 0.178125
0 0.909375 0.89375 0.18125 0.210938
0 0.94375 0.895312 0.1125 0.192188
0 0.00581055 0.915625 0.0116211 0.16875
0 0.0647461 0.867969 0.129492 0.260938
0 0.38291 0.917188 0.176367 0.1625
0 0.448828 0.907813 0.277344 0.184375
0 0.555469 0.885742 0.210938 0.228516
0 0.680078 0.924219 0.297656 0.151562
0 0.00311279 0.939063 0.00622559 0.121875
0 0.577344 0.918359 0.1625 0.163281
0 0.722656 0.926562 0.24375 0.14375
0 0.00375977 0.952344 0.00751953 0.09375
0 0.663281 0.95625 0.26875 0.0875
0 0.695312 0.945312 0.29375 0.109375
0 0.0143555 0.977344 0.0287109 0.0453125
0 0.186621 0.959375 0.373242 0.08125
0 0.2875 0.975 0.457813 0.05
0 0.503125 0.974609 0.479688 0.0507812
0 0.674609 0.978125 0.402344 0.04375
0 0.705469 0.982813 0.417188 0.034375
0 0.770117 0.973047 0.459766 0.0539063
0 0.539062 1 0.559375 0
0 0.879297 0.999219 0.241406 0.0015625
0 0.0854492 0.0186035 0.170898 0.034082
0 0.33457 0.0197021 0.236328 0.0356934
0 0.7375 0.0201172 0.373437 0.0375
0 0.805273 0.0224609 0.389453 0.0400391
0 0.880273 0.0349121 0.239453 0.0657227
0 0.981641 0.0140625 0.0367188 0.0242188
0 0.0631348 0.038269 0.122949 0.0742432
0 0.974219 0.0407104 0.0515625 0.0787354
0 0.294922 0.075293 0.0734375 0.150586
0 0.346289 0.0734863 0.110547 0.145605
0 0.410547 0.0557617 0.179688 0.111523
0 0.726172 0.0771484 0.216406 0.154297
0 0.7625 0.0743164 0.314063 0.148633
0 0.00810547 0.13291 0.0162109 0.26582
0 0.375391 0.134766 0.157813 0.26875
0 0.679688 0.0787109 0.107813 0.157422
0 0.874219 0.114453 0.129688 0.228906
0 0.0904297 0.119531 0.180859 0.239063
0 0.265625 0.775977 0.53125 0.448047
0 0.0964844 0.6875 0.192969 0.147656
0 0.140137 0.689844 0.280273 0.185938
0 0.691406 0.261914 0.265625 0.523828
0 0.201953 0.628125 0.403906 0.3125
0 0.478516 0.531641 0.427344 0.578906
0 0.426953 0.616406 0.258594 0.359375
0 0.413281 0.567187 0.303125 0.490625
0 0.269531 0.705469 0.539062 0.432813
0 0.547559 0.547266 0.400195 0.553906
0 0.195703 0.739062 0.391406 0.240625
0 0.198828 0.799219 0.397656 0.401563
0 0.586621 0.259961 0.483008 0.519922
0 0.721875 0.315234 0.20625 0.450781
0 0.51875 0.4875 0.438281 0.759375
0 0.280859 0.640234 0.561719 0.322656
0 0.193945 0.754687 0.387891 0.345313
0 0.429688 0.7 0.266406 0.23125
0 0.555859 0.260547 0.678906 0.521094
0 0.682031 0.341797 0.285938 0.554688
0 0.231055 0.0996094 0.458203 0.199219
0 0.418359 0.0551758 0.249219 0.110352
0 0.0839356 0.158301 0.167871 0.145117
0 0.505469 0.435059 0.657813 0.79707
0 0.340039 0.624219 0.448828 0.33125
0 0.0959961 0.8375 0.191992 0.325
0 0.616797 0.348242 0.432031 0.680078
0 0.633984 0.553027 0.638281 0.54082
0 0.484473 0.66875 0.426367 0.6625
0 0.150977 0.108594 0.301953 0.217188
0 0.472266 0.414062 0.375781 0.828125
0 0.677344 0.385156 0.304688 0.770312
0 0.0929688 0.904688 0.185938 0.190625
0 0.302148 0.458594 0.604297 0.651563
0 0.510938 0.0486328 0.4125 0.0972656
0 0.446875 0.0496094 0.29375 0.0992187
0 0.211328 0.893359 0.422656 0.213281
0 0.735156 0.283398 0.203125 0.566797
0 0.0828613 0.670313 0.165723 0.139844
0 0.0827148 0.354297 0.16543 0.708594
0 0.0970703 0.740625 0.194141 0.101562
0 0.612109 0.471875 0.433594 0.6875
0 0.904688 0.050293 0.190625 0.100586
0 0.455371 0.14668 0.206445 0.293359
0 0.422754 0.0966797 0.281055 0.193359
0 0.536719 0.205273 0.336719 0.410547
0 0.734375 0.193359 0.196875 0.386719
0 0.084668 0.950781 0.169336 0.0984375
0 0.284766 0.708594 0.569531 0.582812
0 0.194922 0.944531 0.389844 0.110937
0 0.529297 0.0616699 0.378125 0.12334
0 0.609473 0.0826172 0.50918 0.165234
0 0.408594 0.779297 0.314063 0.441406
0 0.561328 0.158984 0.616406 0.317969
0 0.385352 0.399316 0.770703 0.779492
0 0.0956055 0.664844 0.191211 0.229687
0 0.487109 0.768359 0.430469 0.463281
0 0.073584 0.0986328 0.147168 0.197266
0 0.283594 0.0801758 0.414062 0.160352
0 0.925781 0.0855957 0.148438 0.171191
0 0.083252 0.186914 0.166504 0.084375
0 0.488965 0.26582 0.423633 0.531641
0 0.272852 0.118652 0.545703 0.237305
0 0.415625 0.3125 0.607813 0.625
0 0.0839844 0.873828 0.167969 0.252344
0 0.0440918 0.975 0.0881836 0.05
0 0.730859 0.0651367 0.267969 0.130273
0 0.869727 0.0613281 0.260547 0.122656
0 0.513184 0.144141 0.379883 0.288281
0 0.084082 0.20918 0.168164 0.418359
0 0.307422 0.297266 0.614844 0.594531
0 0.708984 0.397656 0.222656 0.45625
0 0.331445 0.79082 0.542578 0.418359
0 0.358643 0.139063 0.393652 0.278125
0 0.79375 0.189063 0.303125 0.378125
0 0.167969 0.168652 0.335938 0.336914
0 0.264844 0.568652 0.529688 0.426758
0 0.62002 0.663281 0.759961 0.667188
0 0.455566 0.824609 0.373242 0.350781
0 0.108203 0.95 0.216406 0.1
0 0.434277 0.194531 0.437695 0.389062
0 0.254102 0.387891 0.508203 0.765625
0 0.567285 0.819922 0.52793 0.360156
0 0.83457 0.0497559 0.330859 0.0995117
0 0.325781 0.875195 0.409375 0.249609
0 0.121875 0.974219 0.24375 0.0515625
0 0.923438 0.057959 0.153125 0.115918
0 0.281445 0.212109 0.562891 0.424219
0 0.0868164 0.9125 0.173633 0.129688
0 0.438379 0.88418 0.331055 0.231641
0 0.958594 0.272852 0.0828125 0.177344
0 0.822266 0.299219 0.355469 0.489844
0 0.580566 0.833203 0.757617 0.333594
0 0.18125 0.341211 0.3625 0.677734
0 0.638281 0.639063 0.723437 0.467187
0 0.590234 0.0438965 0.542969 0.087793
0 0.391504 0.0479492 0.218555 0.0958984
0 0.828516 0.155371 0.342969 0.310742
0 0.169922 0.0733398 0.302734 0.14668
0 0.0762207 0.642188 0.152441 0.285938
0 0.0856445 0.563281 0.171289 0.370313
0 0.964453 0.533984 0.0710938 0.128906
0 0.487109 0.975781 0.314063 0.0484375
0 0.951563 0.129199 0.096875 0.139648
0 0.957812 0.120898 0.084375 0.241797
0 0.9625 0.204883 0.075 0.369922
0 0.964063 0.494531 0.071875 0.0921875
0 0.641016 0.746875 0.717969 0.50625
0 0.546777 0.889453 0.433008 0.221094
0 0.960156 0.321875 0.0796875 0.144531
0 0.961328 0.509375 0.0773438 0.117188
0 0.836328 0.698047 0.327344 0.410156
0 0.685156 0.0438477 0.376563 0.0876953
0 0.733594 0.0475098 0.259375 0.0950195
0 0.954688 0.182227 0.090625 0.144922
0 0.802344 0.352539 0.395313 0.346484
0 0.9625 0.596875 0.075 0.1375
0 0.332227 0.0460449 0.305078 0.0920898
0 0.847656 0.902734 0.304688 0.194531
0 0.0842773 0.232813 0.168555 0.0851563
0 0.070459 0.44375 0.140918 0.5375
0 0.9625 0.465625 0.075 0.13125
0 0.847266 0.0874023 0.305469 0.174805
0 0.946094 0.748828 0.107813 0.249219
0 0.225 0.952344 0.342187 0.0953125
0 0.17832 0.971094 0.296484 0.0578125
0 0.846094 0.793945 0.307813 0.240234
0 0.952344 0.829688 0.0953125 0.2125
0 0.963281 0.272656 0.0734375 0.369531
0 0.9625 0.359961 0.075 0.116016
0 0.750781 0.417578 0.498437 0.246094
0 0.0736328 0.564063 0.147266 0.2375
0 0.972656 0.707031 0.0546875 0.26875
0 0.681641 0.977344 0.278906 0.0453125
0 0.783789 0.249609 0.432422 0.446094
0 0.9625 0.422656 0.075 0.144531
0 0.716797 0.558203 0.566406 0.288281
0 0.964844 0.563672 0.0703125 0.148438
0 0.958594 0.687891 0.0828125 0.328906
0 0.940625 0.831445 0.11875 0.252734
0 0.878906 0.879687 0.242188 0.15625
0 0.871875 0.913281 0.25625 0.173438
0 0.705859 0.497656 0.588281 0.208594
0 0.864062 0.850781 0.271875 0.295312
0 0.658203 0.887109 0.383594 0.225781
0 0.424609 0.976172 0.275781 0.0476562
0 0.0762207 0.832031 0.152441 0.16875
0 0.735547 0.8375 0.528906 0.325
0 0.778125 0.886328 0.417188 0.227344
0 0.773438 0.048877 0.232813 0.0977539
0 0.840234 0.622656 0.319531 0.417188
0 0.306689 0.960938 0.292871 0.078125
0 0.967969 0.741406 0.0640625 0.215625
0 0.406641 0.953125 0.277344 0.09375
0 0.291748 0.975781 0.282129 0.0484375
0 0.761719 0.0523438 0.229687 0.104688
0 0.729297 0.455859 0.541406 0.175
0 0.738672 0.552734 0.522656 0.561719
0 0.802734 0.776563 0.394531 0.446875
0 0.620703 0.045166 0.324219 0.090332
0 0.733594 0.472559 0.532813 0.286133
0 0.780469 0.874609 0.439063 0.250781
0 0.250195 0.975 0.262891 0.05
0 0.872852 0.980078 0.254297 0.0398437
0 0.397266 0.0515625 0.207813 0.103125
0 0.076416 0.698438 0.152832 0.0992187
0 0.581641 0.975781 0.297656 0.0484375
0 0.316846 0.0469238 0.345996 0.0938477
0 0.544531 0.957031 0.307813 0.0859375
0 0.924609 0.977734 0.150781 0.0445313
0 0.909375 0.892188 0.18125 0.184375
0 0.491016 0.953516 0.31875 0.0929688
0 0.902344 0.0723145 0.195312 0.144629
0 0.737891 0.311133 0.524219 0.363672
0 0.600781 0.9625 0.342187 0.075
0 0.790625 0.978906 0.303125 0.0421875
0 0.7375 0.416309 0.525 0.176758
0 0.0560059 0.461328 0.112012 0.210156
0 0.773047 0.711328 0.453906 0.439844
0 0.841211 0.837109 0.317578 0.325781
0 0.0361572 0.980469 0.0723145 0.0390625
0 0.655469 0.9625 0.289062 0.075
0 0.863281 0.955078 0.273438 0.0898438
0 0.0751465 0.882812 0.150293 0.15625
0 0.163281 0.0878906 0.249609 0.175781
0 0.920703 0.955859 0.158594 0.0882813
0 0.124414 0.0988281 0.239453 0.197656
0 0.701563 0.964063 0.3 0.071875
0 0.785156 0.960156 0.417188 0.0796875
0 0.0753906 0.608594 0.150781 0.115625
0 0.0757812 0.653125 0.151562 0.10625
0 0.073877 0.551953 0.147754 0.105469
0 0.0564453 0.45625 0.112891 0.109375
0 0.0685547 0.500781 0.137109 0.103125
0 0.179492 0.725 0.0707031 0.0828125
0 0.739062 0.275391 0.173438 0.225
0 0.672266 0.423047 0.144531 0.201563
0 0.505469 0.717969 0.13125 0.145313
0 0.0444824 0.964844 0.0665039 0.0703125
0 0.405859 0.700781 0.207031 0.160938
0 0.0373047 0.914062 0.0746094 0.171875
0 0.181445 0.709375 0.0722656 0.0921875
0 0.644531 0.423438 0.217188 0.205469
0 0.0614136 0.90625 0.0775635 0.1875
0 0.0369385 0.955469 0.073877 0.0890625
0 0.0480469 0.939844 0.0619141 0.120313
0 0.660156 0.466016 0.129688 0.117969
0 0.0479492 0.905469 0.0605469 0.189063
0 0.0506348 0.178857 0.10127 0.20166
0 0.406152 0.0505371 0.143945 0.101074
0 0.651563 0.495703 0.101562 0.154688
0 0.703516 0.409766 0.0765625 0.201563
0 0.689063 0.494531 0.107813 0.214844
0 0.673828 0.524219 0.0757812 0.16875
0 0.35625 0.586328 0.0976562 0.184375
0 0.517188 0.714063 0.115625 0.120313
0 0.0239258 0.34043 0.0478516 0.158203
0 0.975391 0.975391 0.0492188 0.0492188
0 0.0943359 0.0862793 0.188672 0.172559
0 0.0527344 0.131055 0.105469 0.229687
0 0.459375 0.457813 0.084375 0.1
0 0.050293 0.697656 0.100586 0.210938
0 0.691406 0.0381836 0.123438 0.0763672
0 0.0242188 0.296875 0.0484375 0.240625
0 0.683594 0.47041 0.140625 0.212305
0 0.170898 0.730469 0.0851563 0.096875
0 0.436328 0.719141 0.175781 0.163281
0 0.0481567 0.835352 0.0591553 0.329297
0 0.985547 0.967578 0.0289063 0.0648438
0 0.368945 0.544922 0.168359 0.269531
0 0.37666 0.648438 0.0544922 0.0703125
0 0.105078 0.702344 0.210156 0.210938
0 0.374609 0.0507812 0.169531 0.101562
0 0.363281 0.0489746 0.1 0.0979492
0 0.385938 0.0493164 0.0875 0.0986328
0 0.0471191 0.236133 0.0942383 0.326953
0 0.710547 0.419141 0.103125 0.197656
0 0.466797 0.670313 0.207031 0.21875
0 0.516016 0.687891 0.116406 0.165625
0 0.476562 0.706641 0.184375 0.135156
0 0.468652 0.728125 0.218945 0.165625
0 0.0571289 0.808789 0.0619141 0.382422
0 0.957812 0.0591309 0.084375 0.118262
0 0.0982422 0.0738281 0.158984 0.147656
0 0.121191 0.077832 0.137305 0.155664
0 0.384473 0.067627 0.193555 0.135254
0 0.703125 0.339453 0.071875 0.108594
0 0.533984 0.697656 0.08125 0.107813
0 0.0375 0.851367 0.075 0.297266
0 0.0260254 0.971875 0.0520508 0.05625
0 0.949609 0.0498047 0.100781 0.0996094
0 0.0353027 0.20918 0.0706055 0.135937
0 0.37207 0.585156 0.155078 0.18125
0 0.974219 0.970703 0.0515625 0.0585938
0 0.0262207 0.2125 0.0524414 0.135156
0 0.723437 0.335352 0.109375 0.112891
0 0.723437 0.391797 0.109375 0.202344
0 0.741406 0.344922 0.167187 0.349219
0 0.353906 0.636719 0.0921875 0.135937
0 0.421875 0.695312 0.16875 0.135937
0 0.107813 0.725 0.215625 0.140625
0 0.541406 0.735938 0.303125 0.148438
0 0.498437 0.741016 0.15 0.196094
0 0.0619141 0.93125 0.0835937 0.1375
0 0.459766 0.977344 0.0929688 0.0453125
0 0.761719 0.051123 0.176563 0.102246
0 0.803125 0.0582031 0.276563 0.116406
0 0.0478516 0.180127 0.0957031 0.163184
0 0.0842773 0.144141 0.168555 0.264062
0 0.0239502 0.373437 0.0479004 0.134375
0 0.968359 0.531641 0.0632813 0.1875
0 0.0533203 0.544531 0.106641 0.33125
0 0.442188 0.715625 0.245312 0.167187
0 0.0651855 0.732813 0.130371 0.275
0 0.373437 0.287109 0.0367188 0.0597656
0 0.30625 0.528516 0.175 0.09375
0 0.0428711 0.547656 0.0857422 0.203125
0 0.567578 0.701563 0.09375 0.125
0 0.208008 0.710156 0.114453 0.0890625
0 0.216357 0.734766 0.133691 0.103906
0 0.731641 0.053418 0.124219 0.106836
0 0.118848 0.067041 0.109375 0.134082
0 0.962891 0.0880859 0.0742188 0.176172
0 0.0220459 0.344531 0.0440918 0.15625
0 0.658203 0.404687 0.145313 0.2125
0 0.464844 0.447266 0.08125 0.127344
0 0.482812 0.457422 0.10625 0.102344
0 0.694531 0.524219 0.0914062 0.1625
0 0.777344 0.0708008 0.229687 0.141602
0 0.0308838 0.24707 0.0617676 0.196094
0 0.739844 0.355078 0.179688 0.0851563
0 0.570312 0.461328 0.2625 0.124219
0 0.0490723 0.662891 0.0981445 0.161719
0 0.41084 0.979688 0.106445 0.040625
0 0.471094 0.976562 0.0570313 0.046875
0 0.646875 0.0350098 0.135156 0.0700195
0 0.063916 0.192773 0.127832 0.285547
0 0.390723 0.28125 0.0498047 0.0734375
0 0.426465 0.534766 0.258008 0.294531
0 0.29668 0.721875 0.508984 0.55625
0 0.45625 0.738672 0.259375 0.522656
0 0.523535 0.339063 0.54668 0.657813
0 0.449219 0.368945 0.589063 0.737891
0 0.604297 0.343945 0.632031 0.687891
0 0.339063 0.683594 0.510938 0.632812
0 0.246875 0.751563 0.40625 0.496875
0 0.36875 0.727344 0.44375 0.545313
0 0.275195 0.640723 0.550391 0.718555
0 0.361328 0.610938 0.488281 0.503125
0 0.505566 0.481641 0.588867 0.864844
0 0.669531 0.401563 0.623438 0.803125
0 0.23457 0.696484 0.450391 0.503906
0 0.463672 0.642188 0.528906 0.715625
0 0.461719 0.35 0.375 0.692187
0 0.699609 0.546875 0.482031 0.48125
0 0.647266 0.516797 0.597656 0.717969
0 0.408594 0.660547 0.592188 0.647656
0 0.696094 0.499219 0.489063 0.254688
0 0.577734 0.603125 0.653906 0.79375
0 0.408203 0.510938 0.586719 0.875
0 0.476953 0.605078 0.551562 0.553906
0 0.357227 0.405469 0.584766 0.810938
0 0.529688 0.533203 0.571875 0.447656
0 0.725781 0.899219 0.445312 0.201563
0 0.692969 0.283008 0.520312 0.563672
0 0.455078 0.6625 0.272656 0.625
0 0.655859 0.411035 0.538281 0.366992
0 0.588672 0.654297 0.478906 0.691406
0 0.447754 0.578125 0.301367 0.834375
0 0.745313 0.532031 0.485938 0.582812
0 0.709766 0.726562 0.517969 0.546875
0 0.298828 0.476562 0.597656 0.94375
0 0.678906 0.725391 0.559375 0.549219
0 0.765625 0.504004 0.46875 0.332617
0 0.224023 0.599609 0.431641 0.800781
0 0.423047 0.345313 0.446094 0.690625
0 0.748438 0.833594 0.4875 0.332813
0 0.699219 0.797656 0.490625 0.404687
0 0.710156 0.153613 0.454688 0.30332
0 0.583203 0.29707 0.340625 0.593359
0 0.238281 0.726953 0.476562 0.546094
0 0.441406 0.638281 0.471875 0.410938
0 0.315234 0.669922 0.529688 0.439844
0 0.750977 0.415625 0.498047 0.83125
0 0.73125 0.427344 0.46875 0.39375
0 0.553223 0.707031 0.60918 0.585938
0 0.775781 0.456641 0.448438 0.486719
0 0.229687 0.794531 0.389062 0.404687
0 0.576172 0.750391 0.644531 0.499219
0 0.53125 0.7 0.65 0.4625
0 0.333008 0.750781 0.566016 0.495313
0 0.667969 0.658984 0.53125 0.641406
0 0.780469 0.924219 0.226562 0.151562
0 0.808008 0.836914 0.383984 0.326172
0 0.578125 0.915234 0.642188 0.169531
0 0.820312 0.921484 0.176563 0.157031
0 0.809375 0.197656 0.248438 0.395313
0 0.421191 0.24707 0.435742 0.440234
0 0.796094 0.389453 0.407813 0.772656
0 0.769141 0.779883 0.461719 0.393359
0 0.767188 0.224219 0.465625 0.413281
0 0.517969 0.273828 0.623438 0.547656
0 0.4 0.448145 0.408594 0.678711
0 0.424219 0.753516 0.470313 0.489844
0 0.701563 0.924219 0.38125 0.151562
0 0.602734 0.919531 0.577344 0.160938
0 0.547656 0.785156 0.667188 0.429688
0 0.766016 0.666406 0.467969 0.55625
0 0.365625 0.812891 0.550781 0.374219
0 0.279297 0.510156 0.558594 0.757812
0 0.244922 0.925 0.420312 0.15
0 0.860156 0.135645 0.189063 0.271289
0 0.796094 0.914844 0.407813 0.170313
0 0.206201 0.841406 0.371973 0.317188
0 0.310352 0.917969 0.521484 0.164062
0 0.351172 0.213867 0.311719 0.376172
0 0.133594 0.33667 0.266406 0.367285
0 0.265625 0.563184 0.463281 0.561133
0 0.0882813 0.359375 0.176563 0.396094
0 0.878906 0.9375 0.226562 0.125
0 0.152441 0.850781 0.304883 0.298438
0 0.175586 0.654688 0.339844 0.370313
0 0.98125 0.903906 0.0375 0.192188
0 0.903906 0.142285 0.182812 0.28457
0 0.132324 0.429297 0.264648 0.211719
0 0.807227 0.377246 0.385547 0.564258
0 0.0845703 0.442578 0.169141 0.265625
0 0.276172 0.922656 0.259375 0.154688
0 0.278906 0.223047 0.367188 0.375781
0 0.175391 0.412402 0.350781 0.276758
0 0.156445 0.247705 0.291406 0.32959
0 0.357812 0.207861 0.338281 0.194434
0 0.078125 0.451172 0.155078 0.205469
0 0.0882813 0.535156 0.176563 0.220313
0 0.202686 0.910547 0.38916 0.178906
0 0.080127 0.409766 0.160254 0.200781
0 0.761719 0.939844 0.217188 0.120313
0 0.206836 0.652734 0.341016 0.682031
0 0.949219 0.959375 0.101562 0.08125
0 0.087793 0.492188 0.175586 0.220313
0 0.797656 0.940625 0.184375 0.11875
0 0.924219 0.274609 0.146875 0.549219
0 0.185156 0.899219 0.35625 0.201563
0 0.0825195 0.930469 0.165039 0.139063
0 0.103906 0.96875 0.207813 0.0625
0 0.812695 0.247266 0.374609 0.494531
0 0.182422 0.172852 0.333594 0.340625
0 0.832812 0.932813 0.145313 0.134375
0 0.683594 0.947656 0.40625 0.104688
0 0.110937 0.886719 0.213281 0.226562
0 0.221094 0.0570313 0.351562 0.114063
0 0.945312 0.203516 0.09375 0.407031
0 0.208398 0.296875 0.408203 0.345313
0 0.167578 0.928906 0.335156 0.142188
0 0.870313 0.177832 0.1625 0.355664
0 0.980469 0.961719 0.0390625 0.0765625
0 0.920313 0.192188 0.132812 0.384375
0 0.0822754 0.604688 0.164551 0.403125
0 0.170898 0.746484 0.341797 0.453906
0 0.0873047 0.889844 0.174609 0.220313
0 0.793555 0.317578 0.412891 0.635156
0 0.850781 0.915625 0.1625 0.16875
0 0.982031 0.132617 0.0359375 0.230859
0 0.210547 0.203516 0.310937 0.407031
0 0.0690918 0.183594 0.138184 0.367188
0 0.456641 0.839844 0.517969 0.320312
0 0.254248 0.158203 0.317285 0.316406
0 0.101562 0.550879 0.203125 0.451367
0 0.946875 0.247266 0.10625 0.494531
0 0.0804199 0.908594 0.16084 0.182812
0 0.378027 0.375 0.373633 0.442969
0 0.0651855 0.146484 0.130371 0.292969
0 0.199023 0.378418 0.392578 0.465039
0 0.116895 0.95 0.231836 0.1
0 0.983984 0.191797 0.0320312 0.338281
0 0.920703 0.917188 0.158594 0.165625
0 0.0755371 0.226953 0.151074 0.403125
0 0.188086 0.256836 0.253906 0.513672
0 0.984375 0.231641 0.03125 0.463281
0 0.563965 0.854688 0.679883 0.290625
0 0.10791 0.381934 0.21582 0.395508
0 0.0912109 0.28042 0.182422 0.361035
0 0.303711 0.420312 0.305078 0.43125
0 0.0798828 0.967969 0.159766 0.0640625
0 0.29375 0.238281 0.226562 0.476562
0 0.0704102 0.876172 0.14082 0.247656
0 0.0654297 0.691016 0.130859 0.405469
0 0.170605 0.0453125 0.341211 0.090625
0 0.26875 0.226123 0.328125 0.154785
0 0.123535 0.742969 0.24707 0.45
0 0.219336 0.396094 0.207031 0.503125
0 0.107617 0.846484 0.215234 0.307031
0 0.0756836 0.951563 0.151367 0.096875
0 0.264648 0.359766 0.230078 0.413281
0 0.289062 0.219531 0.284375 0.238281
0 0.325 0.156836 0.0960938 0.291797
0 0.342578 0.163379 0.115625 0.289648
0 0.925781 0.223828 0.103125 0.419531
0 0.315039 0.172754 0.171484 0.32793
0 0.129102 0.945312 0.258203 0.109375
0 0.161426 0.231689 0.102148 0.176465
0 0.1625 0.219727 0.101562 0.296875
0 0.333984 0.204639 0.125781 0.354004
0 0.0264648 0.873047 0.0529297 0.253906
0 0.978906 0.966797 0.0421875 0.0664062
0 0.180469 0.226953 0.104688 0.1625
0 0.901563 0.225391 0.184375 0.424219
0 0.909375 0.199609 0.103125 0.316016
0 0.042334 0.299023 0.0749023 0.278516
0 0.978906 0.961328 0.0421875 0.0773438
0 0.274219 0.958984 0.199609 0.0820312
0 0.954688 0.954688 0.090625 0.090625
0 0.0275391 0.248828 0.0550781 0.416406
0 0.147949 0.252539 0.0822266 0.241016
0 0.897656 0.185352 0.08125 0.237891
0 0.0819336 0.689844 0.114648 0.4375
0 0.000402832 0.876953 0.000805664 0.246094
0 0.044043 0.275586 0.0865234 0.388672
0 0.156641 0.959375 0.269531 0.08125
0 0.954688 0.975781 0.090625 0.0484375
0 0.0650391 0.3 0.128516 0.246875
0 0.335156 0.13457 0.0921875 0.245312
0 0.932813 0.947656 0.134375 0.104688
0 0.186914 0.181055 0.0921875 0.301172
0 0.0407227 0.967969 0.0814453 0.0640625
0 0.941406 0.928906 0.117188 0.142188
0 0.0286133 0.201758 0.0572266 0.403516
0 0.917969 0.917188 0.164062 0.165625
0 0.275391 0.143262 0.115625 0.261914
0 0.0424316 0.207227 0.0776367 0.401172
0 0.46875 0.653516 0.202344 0.436719
0 0.272461 0.957031 0.237891 0.0859375
0 0.378809 0.158887 0.200195 0.275977
0 0.0705078 0.307227 0.135156 0.401172
0 0.0246582 0.421875 0.0493164 0.382031
0 0.63125 0.957812 0.214062 0.084375
0 0.315039 0.125781 0.078125 0.241797
0 0.490625 0.696875 0.16875 0.421875
0 0.217383 0.964844 0.233594 0.0703125
0 0.671875 0.95625 0.192188 0.0875
0 0.0159424 0.894531 0.0318848 0.210938
0 0.632812 0.167969 0.24375 0.334766
0 0.194922 0.610156 0.180078 0.277344
0 0.521094 0.761719 0.220313 0.398438
0 0.927344 0.977734 0.120313 0.0445313
0 0.249219 0.626563 0.274219 0.3125
0 0.0755859 0.369141 0.132422 0.435156
0 0.907031 0.953125 0.178125 0.09375
0 0.0337402 0.900781 0.0674805 0.198437
0 0.189258 0.964844 0.252734 0.0703125
0 0.162012 0.630469 0.238867 0.304688
0 0.239258 0.965625 0.243359 0.06875
0 0.974609 0.957812 0.0507812 0.084375
0 0.971875 0.102148 0.05625 0.204297
0 0.9625 0.921875 0.075 0.15625
0 0.553906 0.796875 0.174219 0.40625
0 0.566406 0.925 0.164062 0.15
0 0.829688 0.951563 0.135937 0.096875
0 0.980469 0.0876953 0.0390625 0.175391
0 0.00444336 0.455469 0.00888672 0.392969
0 0.965625 0.15498 0.06875 0.309961
0 0.213086 0.202539 0.0804688 0.246484
0 0.0717773 0.6625 0.0880859 0.420312
0 0.860156 0.953125 0.19375 0.09375
0 0.302539 0.370508 0.165234 0.429297
0 0.0258301 0.48584 0.0516602 0.417383
0 0.00158691 0.849609 0.00317383 0.300781
0 0.594922 0.960156 0.171875 0.0796875
0 0.32793 0.400098 0.162109 0.431055
0 0.00395508 0.392578 0.00791016 0.371094
0 0.0976807 0.647656 0.128076 0.426563
0 0.917188 0.177539 0.078125 0.288281
0 0.882812 0.188477 0.107813 0.260547
0 0.341406 0.207617 0.194531 0.344141
0 0.980078 0.0695313 0.0398437 0.139063
0 0.00129395 0.768359 0.00258789 0.388281
0 0.345508 0.219336 0.129297 0.438672
0 0.0260254 0.591797 0.0520508 0.438281
0 0.113379 0.231592 0.211523 0.375098
0 0.00522461 0.548438 0.0104492 0.404687
0 0.0964844 0.723047 0.129883 0.430469
0 0.0723633 0.978906 0.130469 0.0421875
0 0.886719 0.957422 0.1 0.0851563
0 0.0205811 0.536816 0.0411621 0.438867
0 0.05 0.978125 0.1 0.04375
0 0.121582 0.253711 0.0751953 0.296484
0 0.886719 0.323047 0.226562 0.440625
0 0.0259033 0.356445 0.0518066 0.372266
0 0.978125 0.0611328 0.04375 0.122266
0 0.357227 0.14541 0.155859 0.244336
0 0.838281 0.566504 0.203125 0.399805
0 0.955469 0.0852539 0.0890625 0.163086
0 0.233789 0.140039 0.184766 0.257422
0 0.258203 0.137305 0.11875 0.223047
0 0.895312 0.151733 0.078125 0.178564
0 0.287891 0.321289 0.196094 0.444141
0 0.941797 0.207422 0.116406 0.414844
0 0.205859 0.642969 0.235938 0.335938
0 0.00446777 0.619531 0.00893555 0.382812
0 0.162891 0.710156 0.247656 0.342187
0 0.505469 0.794727 0.170313 0.410547
0 0.136621 0.941406 0.273242 0.117188
0 0.35 0.425781 0.110937 0.451562
0 0.199219 0.602344 0.124609 0.247656
0 0.206445 0.219189 0.0792969 0.171777
0 0.335547 0.299219 0.100781 0.451562
0 0.0844727 0.821289 0.103906 0.357422
0 0.831055 0.950781 0.147266 0.0984375
0 0.0246582 0.165625 0.0493164 0.33125
0 0.562891 0.959375 0.174219 0.08125
0 0.970313 0.0696777 0.059375 0.139355
0 0.21875 0.203076 0.06875 0.319629
0 0.00324707 0.821875 0.00649414 0.342187
0 0.119043 0.932031 0.238086 0.135937
0 0.796875 0.967188 0.078125 0.065625
0 0.641797 0.959375 0.235938 0.08125
0 0.657422 0.201514 0.221875 0.38916
0 0.0999023 0.420703 0.111719 0.449219
0 0.167578 0.592188 0.179688 0.232813
0 0.00296631 0.695703 0.00593262 0.391406
0 0.50625 0.829883 0.221875 0.340234
0 0.291797 0.938672 0.246094 0.122656
0 0.195264 0.216602 0.0696289 0.343359
0 0.0278076 0.769141 0.0556152 0.402344
0 0.0266113 0.164453 0.0532227 0.328906
0 0.953125 0.169824 0.09375 0.339648
0 0.197852 0.20293 0.102734 0.180859
0 0.0787109 0.60625 0.117383 0.410938
0 0.111914 0.639844 0.179688 0.3375
0 0.000952148 0.173633 0.0019043 0.347266
0 0.0803711 0.27417 0.156836 0.31416
0 0.894531 0.400684 0.210938 0.431445
0 0.96875 0.807813 0.0625 0.384375
0 0.694141 0.967188 0.164844 0.065625
0 0.144824 0.2875 0.0955078 0.301563
0 0.361328 0.335742 0.209375 0.339453
0 0.232227 0.586719 0.0933594 0.23125
0 0 0.0687012 0 0.137402
0 0.261523 0.132593 0.0953125 0.18208
0 0.0318848 0.566016 0.0637695 0.307031
0 0.0438477 0.546973 0.0876953 0.379492
0 0.0339111 0.09375 0.0678223 0.1875
0 0.0313721 0.08125 0.0627441 0.1625
0 0.04375 0.0819336 0.0875 0.163867
0 0.0332031 0.637109 0.0664062 0.300781
0 0.0427734 0.661719 0.0855469 0.301563
0 0.0437988 0.751953 0.0875977 0.327344
0 0.0438477 0.105664 0.0876953 0.211328
0 0.8125 0.06875 0.1 0.1375
0 0.7875 0.0687012 0.1 0.137402
0 0.0625977 0.481641 0.100195 0.378906
0 0.8375 0.0687988 0.1 0.137598
0 0.8125 0.08125 0.1 0.1625
0 0.0625488 0.566504 0.100098 0.388867
0 0.787305 0.08125 0.100391 0.1625
0 0.8375 0.0812988 0.1 0.162598
0 0.04375 0.118555 0.0875 0.237109
0 0.0323975 0.505371 0.0647949 0.29082
0 0.0625488 0.764063 0.100098 0.395313
0 0.7625 0.0687012 0.1 0.137402
0 0.0437988 0.85957 0.0875977 0.280859
0 0.0429688 0.810938 0.0859375 0.303125
0 0.054248 0.08125 0.108496 0.1625
0 0.8625 0.0687988 0.1 0.137598
0 0.0625 0.6875 0.1 0.396875
0 0.0625977 0.848633 0.100195 0.302734
0 0.0875 0.511035 0.100195 0.385742
0 0.764063 0.0812012 0.103125 0.162402
0 0.0445801 0.464063 0.0891602 0.346094
0 0.8625 0.0816406 0.1 0.163281
0 0.0437988 0.892969 0.0875977 0.214062
0 0.0312744 0.50625 0.0625488 0.2375
0 0.738281 0.0686523 0.1 0.137305
0 0.825 0.105859 0.125 0.211719
0 0.8875 0.0689941 0.1 0.137988
0 0.03125 0.588281 0.0625 0.298438
0 0.0874756 0.580859 0.100049 0.382031
0 0.0317871 0.0688477 0.0635742 0.137695
0 0.0625 0.891406 0.1 0.217188
0 0.8 0.101562 0.125 0.203125
0 0.8625 0.10625 0.1 0.2125
0 0.5875 0.0687012 0.0992187 0.137402
0 0.637109 0.0686523 0.0992187 0.137305
0 0.9125 0.0694336 0.1 0.138867
0 0.95625 0.580469 0.0875 0.295312
0 0.611328 0.0687012 0.0976562 0.137402
0 0.0563965 0.4 0.112793 0.344531
0 0.0313721 0.419629 0.0627441 0.291992
0 0.561719 0.0685059 0.0984375 0.137012
0 0.661719 0.0686523 0.0984375 0.137305
0 0.8875 0.0831055 0.1 0.166211
0 0.713281 0.0686523 0.101562 0.137305
0 0.9375 0.0697266 0.1 0.139453
0 0.75 0.663281 0.125 0.298438
0 0.95625 0.740234 0.0875 0.294531
0 0.95625 0.0695313 0.0875 0.139063
0 0.865625 0.551562 0.10625 0.276563
0 0.03125 0.6625 0.0625 0.3
0 0.917188 0.614062 0.109375 0.198437
0 0.535547 0.0682617 0.0960938 0.136523
0 0.0568359 0.0686523 0.113672 0.137305
0 0.774219 0.09375 0.123438 0.1875
0 0.100879 0.55 0.127148 0.326562
0 0.0767822 0.637109 0.122217 0.397656
0 0.940625 0.588281 0.10625 0.254688
0 0.725 0.809375 0.125 0.264062
0 0.6875 0.0687012 0.1 0.137402
0 0.915625 0.575781 0.10625 0.232813
0 0.0750977 0.818945 0.125 0.362109
0 0.747656 0.826563 0.120313 0.271875
0 0.95625 0.662891 0.0875 0.300781
0 0.03125 0.764063 0.0625 0.296875
0 0.510156 0.0681152 0.0953125 0.13623
0 0.745703 0.770312 0.116406 0.2875
0 0.714063 0.625 0.096875 0.225
0 0.8625 0.499219 0.1 0.248438
0 0.0756836 0.875781 0.124023 0.248438
0 0.0768555 0.4375 0.116602 0.397656
0 0.7625 0.738281 0.1 0.301563
0 0.842188 0.468848 0.109375 0.30293
0 0.792383 0.651172 0.108984 0.278906
0 0.725 0.673438 0.125 0.285938
0 0.894531 0.561719 0.114063 0.275
0 0.0430664 0.184326 0.0861328 0.356348
0 0.7 0.832031 0.125 0.260938
0 0.825781 0.448535 0.121875 0.279492
0 0.889063 0.507031 0.103125 0.257812
0 0.725 0.743359 0.125 0.288281
0 0.0441406 0.153809 0.0882813 0.307617
0 0.957031 0.792383 0.0859375 0.290234
0 0.827344 0.513672 0.120313 0.25
0 0.846094 0.519531 0.117188 0.242188
0 0.0207031 0.0754883 0.0414063 0.150977
0 0.96875 0.353906 0.0625 0.300781
0 0.486719 0.0675293 0.0921875 0.135059
0 0.746875 0.621875 0.11875 0.23125
0 0.532715 0.676562 0.32832 0.546875
0 0.766016 0.648828 0.107031 0.272656
0 0.94375 0.639453 0.1125 0.253125
0 0.925 0.638281 0.125 0.25
0 0.96875 0.760938 0.0625 0.30625
0 0.675 0.846875 0.125 0.28125
0 0.0313721 0.876367 0.0627441 0.247266
0 0.9125 0.0859375 0.1 0.171875
0 0.925 0.523828 0.125 0.274219
0 0.765625 0.798242 0.10625 0.309766
0 0.96875 0.664062 0.0625 0.303125
0 0.612109 0.0762207 0.0984375 0.152441
0 0.96875 0.575 0.0625 0.353125
0 0.848437 0.56875 0.121875 0.289062
0 0.772266 0.608203 0.119531 0.267969
0 0.96875 0.0702148 0.0625 0.14043
0 0.638281 0.0601563 0.101562 0.120313
0 0.825 0.575781 0.125 0.276563
0 0.0312988 0.84043 0.0625977 0.294141
0 0.942187 0.728906 0.109375 0.267188
0 0.594531 0.0770508 0.0875 0.154102
0 0.0361572 0.207031 0.0723145 0.326562
0 0.8 0.712109 0.125 0.253906
0 0.800195 0.829688 0.124609 0.265625
0 0.825 0.635938 0.125 0.265625
0 0.9 0.602344 0.125 0.273438
0 0.15 0.432129 0.3 0.660742
0 0.75 0.0933594 0.125 0.186719
0 0.867969 0.598828 0.110937 0.278906
0 0.662891 0.0601563 0.100781 0.120313
0 0.718359 0.0807617 0.111719 0.161523
0 0.0314209 0.130859 0.0628418 0.261719
0 0.512109 0.0435547 0.0992187 0.0871094
0 0.702734 0.812305 0.102344 0.200391
0 0.53125 0.0482422 0.109375 0.0964844
0 0.742969 0.605469 0.1125 0.165625
0 0.96875 0.390527 0.0625 0.298633
0 0.839063 0.41709 0.103125 0.30957
0 0.95625 0.517871 0.0875 0.30332
0 0.0318604 0.365625 0.0637207 0.342187
0 0.675 0.841992 0.124219 0.191016
0 0.963672 0.436719 0.0726563 0.303125
0 0.721484 0.867188 0.117969 0.265625
0 0.246289 0.06875 0.0839844 0.1375
0 0.791406 0.595313 0.107813 0.301563
0 0.846094 0.647656 0.117188 0.282813
0 0.05625 0.131152 0.1125 0.262305
0 0.940625 0.542188 0.10625 0.25
0 0.03125 0.269727 0.0625 0.287109
0 0.0315918 0.903125 0.0631836 0.19375
0 0.8625 0.440625 0.1 0.250781
0 0.9375 0.0894531 0.1 0.178906
0 0.475 0.617578 0.35 0.664844
0 0.512109 0.941406 0.0992187 0.117188
0 0.94375 0.770312 0.1125 0.284375
0 0.7 0.890625 0.125 0.21875
0 0.875 0.652344 0.125 0.273438
0 0.96875 0.333789 0.0625 0.323828
0 0.824219 0.826563 0.123438 0.273438
0 0.0698242 0.0771484 0.12168 0.154297
0 0.888281 0.118945 0.104688 0.237891
0 0.96875 0.510254 0.0625 0.337305
0 0.95625 0.0620117 0.0875 0.124023
0 0.1 0.353516 0.2 0.592188
0 0.149609 0.525 0.299219 0.25
0 0.799219 0.774805 0.123438 0.275391
0 0.923438 0.497656 0.121875 0.184375
0 0.461719 0.0330078 0.0890625 0.0660156
0 0.112695 0.65791 0.225391 0.61543
0 0.526953 0.181836 0.346094 0.363672
0 0.0994385 0.4625 0.124561 0.357812
0 0.925 0.705078 0.125 0.264844
0 0.70625 0.620313 0.0703125 0.209375
0 0.970313 0.839063 0.059375 0.298438
0 0.842188 0.71875 0.109375 0.290625
0 0.447754 0.643066 0.304492 0.548242
0 0.361719 0.855469 0.0984375 0.264062
0 0.823242 0.711719 0.122266 0.253125
0 0.773828 0.604688 0.122656 0.164844
0 0.112915 0.608203 0.101123 0.317188
0 0.677344 0.89375 0.120313 0.2125
0 0.696875 0.910937 0.10625 0.178125
0 0.213477 0.0688477 0.0996094 0.137695
0 0.1 0.149805 0.2 0.299609
0 0.701172 0.665625 0.122656 0.30625
0 0.051709 0.218311 0.103418 0.332129
0 0.662109 0.875 0.0992187 0.175
0 0.94375 0.487109 0.1125 0.278906
0 0.198242 0.318945 0.116016 0.237109
0 0.849219 0.131055 0.123438 0.262109
0 0.446191 0.338672 0.307617 0.574219
0 0.8875 0.463672 0.109375 0.207031
0 0.749219 0.870703 0.123438 0.258594
0 0.125 0.2 0.25 0.4
0 0.919531 0.107227 0.114063 0.214453
0 0.9 0.653906 0.125 0.270313
0 0.96875 0.300391 0.0625 0.277344
0 0.700391 0.566016 0.0757812 0.282813
0 0.774609 0.838281 0.124219 0.298438
0 0.327344 0.829492 0.117969 0.294141
0 0.492969 0.032373 0.096875 0.0647461
0 0.1 0.526563 0.2 0.553125
0 0.7125 0.899219 0.1 0.201563
0 0.925391 0.0998047 0.149219 0.199609
0 0.9 0.706641 0.125 0.261719
0 0.980469 0.879687 0.0390625 0.240625
0 0.466016 0.343359 0.367969 0.442188
0 0.444531 0.525781 0.307813 0.75
0 0.375391 0.358203 0.249219 0.576563
0 0.96875 0.902344 0.0625 0.195312
0 0.624219 0.451465 0.0796875 0.27207
0 0.419531 0.178125 0.278125 0.35625
0 0.488281 0.935156 0.101562 0.129688
0 0.704297 0.249805 0.307031 0.499609
0 0.239648 0.268701 0.0988281 0.238379
0 0.96875 0.0629395 0.0625 0.125879
0 0.1 0.724219 0.2 0.251563
0 0.316016 0.796875 0.105469 0.265625
0 0.34707 0.850195 0.0824219 0.274609
0 0.111719 0.819336 0.101562 0.361328
0 0.873438 0.722266 0.121875 0.280469
0 0.240234 0.330078 0.105469 0.266406
0 0.81543 0.410938 0.0972656 0.310937
0 0.840625 0.798633 0.10625 0.293359
0 0.220361 0.300977 0.115527 0.273828
0 0.825195 0.777344 0.124609 0.270313
0 0.362109 0.796094 0.0976562 0.271875
0 0.939063 0.0970703 0.103125 0.194141
0 0.810938 0.463379 0.096875 0.298242
0 0.798633 0.578125 0.121484 0.220313
0 0.774609 0.880078 0.124219 0.239844
0 0.0975586 0.625 0.195117 0.25
0 0.68125 0.814063 0.10625 0.196875
0 0.113306 0.511035 0.150732 0.35918
0 0.345898 0.878906 0.0855469 0.242188
0 0.742188 0.9 0.109375 0.2
0 0.0536133 0.917578 0.107227 0.164844
0 0.0689453 0.917578 0.117188 0.164844
0 0.100781 0.655469 0.125586 0.382812
0 0.925 0.776367 0.125 0.272266
0 0.106445 0.746875 0.212891 0.50625
0 0.216211 0.348633 0.107422 0.277734
0 0.702734 0.720703 0.119531 0.288281
0 0.188623 0.0689453 0.100098 0.137891
0 0.439844 0.180078 0.320312 0.360156
0 0.133008 0.607031 0.109375 0.297656
0 0.538281 0.941406 0.101562 0.117188
0 0.315039 0.0686035 0.0875 0.137207
0 0.0995117 0.750781 0.125781 0.375
0 0.398828 0.587109 0.3 0.625781
0 0.95625 0.364258 0.0875 0.287109
0 0.5375 0.903906 0.1 0.192188
0 0.10166 0.0987305 0.20332 0.197461
0 0.348047 0.466309 0.30625 0.664258
0 0.652734 0.85625 0.114063 0.1625
0 0.616016 0.419922 0.0953125 0.285938
0 0.0251465 0.267627 0.050293 0.291309
0 0.467969 0.928125 0.0875 0.14375
0 0.433594 0.031665 0.090625 0.0633301
0 0.96875 0.277295 0.0625 0.296191
0 0.969141 0.10625 0.0617188 0.2125
0 0.0750977 0.149805 0.150195 0.299609
0 0.613281 0.877344 0.101562 0.173438
0 0.364453 0.889844 0.101562 0.220313
0 0.0438477 0.308008 0.0876953 0.325391
0 0.0998047 0.675 0.199609 0.25
0 0.5625 0.934375 0.1 0.13125
0 0.693359 0.141797 0.213281 0.283594
0 0.0728516 0.11709 0.130859 0.23418
0 0.593359 0.170117 0.313281 0.340234
0 0.800195 0.880469 0.124609 0.239063
0 0.807617 0.725 0.384766 0.55
0 0.284766 0.0686523 0.0945313 0.137305
0 0.19707 0.263477 0.112109 0.244922
0 0.337891 0.795313 0.100781 0.278125
0 0.602344 0.456934 0.0765625 0.273633
0 0.967969 0.249023 0.0640625 0.276953
0 0.823242 0.880469 0.122266 0.239063
0 0.471094 0.0312988 0.104688 0.0625977
0 0.960156 0.8625 0.0796875 0.275
0 0.727734 0.693359 0.339844 0.613281
0 0.722656 0.924219 0.120313 0.151562
0 0.112695 0.88125 0.100391 0.2375
0 0.175195 0.325 0.0769531 0.225
0 0.228125 0.456641 0.453906 0.613281
0 0.0697266 0.0859375 0.114648 0.171875
0 0.162891 0.601562 0.100781 0.304688
0 0.970313 0.143164 0.059375 0.286328
0 0.95625 0.0955078 0.0875 0.191016
0 0.925 0.372461 0.123438 0.291797
0 0.80293 0.41875 0.0722656 0.3375
0 0.646875 0.0924805 0.117188 0.184961
0 0.215674 0.0811523 0.103809 0.162305
0 0.666406 0.104102 0.107813 0.208203
0 0.311719 0.754297 0.0976562 0.266406
0 0.725391 0.100977 0.125781 0.201953
0 0.128223 0.476465 0.256445 0.24707
0 0.250195 0.0810547 0.0773438 0.162109
0 0.7875 0.558984 0.1 0.15625
0 0.412891 0.85332 0.100781 0.268359
0 0.497656 0.935156 0.10625 0.129688
0 0.144238 0.332031 0.105664 0.211719
0 0.870313 0.15 0.115625 0.275
0 0.120313 0.95 0.240625 0.1
0 0.075 0.747656 0.15 0.09375
0 0.0823242 0.954688 0.164648 0.090625
0 0.049707 0.59375 0.0994141 0.179688
0 0.0564453 0.589063 0.112891 0.226562
0 0.132031 0.832031 0.191406 0.335938
0 0.0724609 0.551562 0.113672 0.23125
0 0.151465 0.87207 0.30293 0.255859
0 0.179492 0.805664 0.339453 0.388672
0 0.148438 0.95 0.296875 0.1
0 0.0498047 0.6375 0.0996094 0.154688
0 0.0557617 0.615625 0.111523 0.101562
0 0.120996 0.915625 0.241992 0.16875
0 0.0810303 0.559375 0.130908 0.157813
0 0.149902 0.915625 0.299805 0.16875
0 0.148828 0.857031 0.297656 0.285938
0 0.0579102 0.664453 0.11582 0.200781
0 0.165039 0.880078 0.330078 0.239844
0 0.0892578 0.760156 0.158594 0.120313
0 0.172754 0.936719 0.345508 0.126563
0 0.0601074 0.928125 0.120215 0.132812
0 0.0612793 0.565625 0.122559 0.199219
0 0.0578125 0.938281 0.114063 0.123438
0 0.201953 0.999219 0.340625 0.0015625
0 0.0523438 0.936719 0.104688 0.126563
0 0.0855225 0.9375 0.128955 0.125
0 0.0902344 0.767578 0.180469 0.169531
0 0.0870117 0.671875 0.174023 0.15625
0 0.0511719 0.751563 0.102344 0.1
0 0.0822266 0.998438 0.164453 0.003125
0 0.347266 0.532813 0.146875 0.154688
0 0.282813 0.711719 0.232031 0.115625
0 0.14043 0.85957 0.280859 0.280859
0 0.0820801 0.957422 0.16416 0.0851563
0 0.0977539 0.998828 0.195508 0.00234375
0 0.0518066 0.610156 0.103613 0.159375
0 0.0705566 0.936719 0.141113 0.126563
0 0.326953 0.998828 0.35 0.00234375
0 0.0491211 0.664844 0.0982422 0.195312
0 0.14375 1 0.2875 0
0 0.350977 0.664844 0.158984 0.102344
0 0.0560059 0.9375 0.112012 0.125
0 0.13291 0.751563 0.134961 0.090625
0 0.0911133 0.775781 0.182227 0.114063
0 0.0515625 0.572656 0.103125 0.159375
0 0.320508 0.5375 0.143359 0.213281
0 0.302734 0.672266 0.1375 0.155469
0 0.333984 0.640625 0.128906 0.179688
0 0.104883 0.966797 0.198047 0.0664062
0 0.1 0.971875 0.2 0.05625
0 0.26958 0.999219 0.300684 0.0015625
0 0.0804688 0.745313 0.160938 0.204688
0 0.140845 0.741797 0.148389 0.116406
0 0.0857422 0.942187 0.171484 0.109375
0 0.0779297 0.791406 0.155859 0.142188
0 0.0798828 0.60625 0.153125 0.2
0 0.0887695 0.758594 0.177539 0.167187
0 0.321875 0.662109 0.136719 0.184375
0 0.136523 0.971875 0.273047 0.05625
0 0.343945 0.609375 0.211328 0.05625
0 0.288281 0.479688 0.161719 0.173438
0 0.11875 0.744922 0.180078 0.0882813
0 0.366406 0.532031 0.140625 0.0734375
0 0.282813 0.675 0.289844 0.103125
0 0.289893 0.694531 0.24834 0.0890625
0 0.358203 0.642188 0.121875 0.105469
0 0.310352 0.748438 0.166016 0.251563
0 0.129492 0.751953 0.257031 0.166406
0 0.0823242 0.565625 0.164648 0.185938
0 0.298828 0.694922 0.153906 0.103125
0 0.33457 0.932813 0.178516 0.129688
0 0.226514 0.974219 0.186816 0.0515625
0 0.379688 0.517188 0.166406 0.15625
0 0.229297 0.960938 0.203125 0.06875
0 0.353711 0.9125 0.166797 0.171875
0 0.287305 0.672656 0.272266 0.146875
0 0.0566895 0.96875 0.113379 0.0625
0 0.090625 0.515625 0.137109 0.227344
0 0.209961 0.662109 0.339453 0.151562
0 0.110449 0.939453 0.187695 0.121094
0 0.253955 0.974219 0.17959 0.0515625
0 0.0596191 0.763281 0.119238 0.132812
0 0.308203 0.957031 0.180469 0.0859375
0 0.0816406 0.712891 0.163281 0.146094
0 0.11875 0.687109 0.213281 0.0546875
0 0.315234 0.710547 0.149219 0.228906
0 0.309766 0.571875 0.195312 0.239844
0 0.358594 0.632031 0.125 0.157813
0 0.380078 0.950781 0.167969 0.09375
0 0.139453 0.496484 0.182422 0.255469
0 0.0919922 0.719531 0.183984 0.14375
0 0.360938 0.633594 0.207813 0.128125
0 0.302734 0.80625 0.189844 0.129688
0 0.232373 0.666406 0.337598 0.104688
0 0.365234 0.796094 0.104688 0.103125
0 0.157227 0.921484 0.216797 0.157031
0 0.18418 0.482812 0.1125 0.2125
0 0.34375 0.628906 0.210156 0.03125
0 0.281445 0.6625 0.206641 0.0578125
0 0.362109 0.785156 0.103125 0.159375
0 0.402344 0.79375 0.160156 0.126563
0 0.110767 0.932031 0.176123 0.132812
0 0.194775 0.966406 0.258105 0.0578125
0 0.11377 0.507031 0.187305 0.220313
0 0.269336 0.961719 0.173047 0.0765625
0 0.324219 0.682031 0.21875 0.122656
0 0.127319 0.914062 0.198486 0.084375
0 0.299219 0.896875 0.175 0.20625
0 0.100391 0.639063 0.200781 0.15
0 0.286328 0.707812 0.174219 0.15625
0 0.251367 0.741406 0.273047 0.10625
0 0.343359 0.482812 0.142188 0.230469
0 0.306055 0.476953 0.135156 0.223438
0 0.108789 0.775 0.217578 0.176563
0 0.0751953 0.932813 0.150391 0.134375
0 0.253174 0.754687 0.206934 0.114063
0 0.303125 0.634375 0.229687 0.123438
0 0.173633 0.914062 0.151172 0.084375
0 0.209326 0.459375 0.109473 0.171094
0 0.247656 0.621875 0.297656 0.105469
0 0.174805 0.759375 0.236328 0.15
0 0.381641 0.972266 0.2 0.0554687
0 0.15957 0.6625 0.209766 0.0609375
0 0.374219 0.804688 0.146094 0.096875
0 0.0729492 0.438281 0.145898 0.0632813
0 0.347656 0.925781 0.150781 0.148438
0 0.128711 0.975 0.257422 0.05
0 0.0617676 0.978125 0.123535 0.04375
0 0.120801 0.575 0.199805 0.270313
0 0.077832 0.838281 0.155664 0.0953125
0 0.195312 0.975 0.275 0.05
0 0.177148 0.684766 0.354297 0.142969
0 0.366016 0.877344 0.330469 0.096875
0 0.0949219 0.546094 0.164062 0.153125
0 0.150781 0.765234 0.160156 0.0539063
0 0.0646484 0.891406 0.129297 0.175
0 0.0599609 0.998438 0.119922 0.003125
0 0.373828 0.908594 0.153125 0.182812
0 0.225781 0.982813 0.216406 0.034375
0 0.269922 0.453809 0.161719 0.176758
0 0.162207 0.777344 0.195117 0.090625
0 0.157129 0.607031 0.254883 0.226562
0 0.0626953 0.929688 0.125391 0.128125
0 0.292578 0.536328 0.210156 0.059375
0 0.268164 0.522656 0.180078 0.21875
0 0.0638184 0.990625 0.127637 0.01875
0 0.0833008 0.583203 0.132227 0.266406
0 0.161621 0.745313 0.195508 0.0890625
0 0.373633 0.914062 0.147266 0.11875
0 0.186719 0.920703 0.195312 0.158594
0 0.192383 0.930469 0.139844 0.1125
0 0.307764 0.871875 0.350098 0.0734375
0 0.339844 0.899219 0.141406 0.201563
0 0.282422 0.973047 0.246875 0.0539063
0 0.222461 0.704297 0.312891 0.109375
0 0.0950195 0.624609 0.163867 0.253125
0 0.340625 0.958594 0.235938 0.0828125
0 0.588672 0.442969 0.336719 0.084375
0 0.310547 0.80625 0.227344 0.103125
0 0.15957 0.688281 0.208203 0.0578125
0 0.110718 0.708594 0.167627 0.040625
0 0.16084 0.567969 0.269336 0.259375
0 0.105664 0.719531 0.206641 0.04375
0 0.329492 0.600781 0.205078 0.0578125
0 0.264795 0.560156 0.225879 0.25
0 0.301563 0.7625 0.160156 0.15625
0 0.162012 0.778906 0.202539 0.145313
0 0.41709 0.360156 0.208008 0.0546875
0 0.305078 0.548438 0.203906 0.0578125
0 0.607813 0.390625 0.323438 0.15625
0 0.175391 0.804688 0.201563 0.1875
0 0.155176 0.975 0.310352 0.05
0 0.147461 0.676172 0.211719 0.0570313
0 0.357031 0.746875 0.207031 0.05625
0 0.407813 0.960938 0.175 0.075
0 0.238086 0.476172 0.135547 0.163281
0 0.36875 0.655859 0.135937 0.114063
0 0.155762 0.774805 0.17832 0.0535156
0 0.398535 0.808008 0.157617 0.174609
0 0.21543 0.75625 0.301563 0.11875
0 0.365039 0.982031 0.215234 0.0296875
0 0.351172 0.721094 0.1375 0.25625
0 0.151367 0.932813 0.214453 0.134375
0 0.319336 0.360156 0.209766 0.0546875
0 0.388281 0.489844 0.194531 0.15625
0 0.063623 0.811719 0.127246 0.1125
0 0.354102 0.558594 0.169141 0.225
0 0.367188 0.9 0.269531 0.1
0 0.332617 0.587109 0.209766 0.0546875
0 0.237842 0.502734 0.179785 0.175781
0 0.24375 0.901563 0.14375 0.096875
0 0.228516 0.553906 0.264844 0.215625
0 0.0470703 0.860938 0.0941406 0.1125
0 0.0556152 0.840625 0.11123 0.090625
0 0.391016 0.872656 0.242969 0.142188
0 0.120996 0.612109 0.214258 0.0492188
0 0.307617 0.685156 0.211328 0.0578125
0 0.291797 0.751563 0.160938 0.0984375
0 0.282031 0.678125 0.209375 0.053125
0 0.369336 0.473438 0.166016 0.182812
0 0.307227 0.966797 0.266797 0.0664062
0 0.208594 0.640625 0.292188 0.15625
0 0.292969 0.794531 0.154688 0.135937
0 0.210938 0.480469 0.125 0.172656
0 0.370703 0.409375 0.207813 0.0554687
0 0.0941406 0.835938 0.188281 0.117188
0 0.130664 0.598437 0.216016 0.059375
0 0.358203 0.953125 0.208594 0.053125
0 0.106543 0.735547 0.168945 0.034375
0 0.232422 0.990625 0.211328 0.01875
0 0.0868164 0.822656 0.173633 0.2
0 0.266748 0.542188 0.214941 0.046875
0 0.417285 0.939063 0.223242 0.05
0 0.267578 0.766406 0.128906 0.128125
0 0.274219 0.807031 0.125781 0.204688
0 0.192188 0.933203 0.154297 0.133594
0 0.159668 0.651563 0.208008 0.0570313
0 0.299414 0.921094 0.181641 0.157813
0 0.539062 0.437109 0.358594 0.0820312
0 0.248438 0.802344 0.108984 0.210938
0 0.10564 0.747656 0.162549 0.0359375
0 0.344727 0.945312 0.202734 0.0453125
0 0.386621 0.642969 0.175195 0.151562
0 0.146387 0.702344 0.208008 0.053125
0 0.289062 0.822656 0.214062 0.135937
0 0.129102 0.586719 0.220703 0.059375
0 0.445312 0.935938 0.214062 0.059375
0 0.345117 0.864062 0.294922 0.11875
0 0.266992 0.882812 0.158203 0.13125
0 0.35332 0.6625 0.137891 0.184375
0 0.200586 0.719531 0.309766 0.140625
0 0.0917969 0.816406 0.183594 0.2375
0 0.228467 0.850195 0.157129 0.174609
0 0.263672 0.533984 0.203516 0.0398437
0 0.433203 0.499219 0.223438 0.142188
0 0.953516 0.417969 0.0929688 0.0265625
0 0.380566 0.799805 0.210742 0.0566406
0 0.372266 0.929688 0.208594 0.046875
0 0.309766 0.833594 0.310156 0.0609375
0 0.120117 0.758984 0.189063 0.0367188
0 0.252734 0.979688 0.214844 0.040625
0 0.291797 0.841406 0.169531 0.1625
0 0.318359 0.576563 0.202344 0.05625
0 0.361133 0.751563 0.165234 0.0484375
0 0.153711 0.658594 0.307422 0.207813
0 0.138867 0.672656 0.25 0.179688
0 0.411816 0.947656 0.188867 0.104688
0 0.139551 0.714063 0.200586 0.0484375
0 0.199609 0.561719 0.246094 0.1875
0 0.281055 0.8875 0.230078 0.134375
0 0.320898 0.708984 0.204297 0.0515625
0 0.25625 0.625781 0.205078 0.059375
0 0.316992 0.631641 0.216797 0.0257812
0 0.391797 0.759375 0.160156 0.215625
0 0.203174 0.9125 0.146777 0.171875
0 0.093457 0.982813 0.186914 0.028125
0 0.0658203 0.583203 0.131641 0.0773438
0 0.232617 0.875781 0.164453 0.142188
0 0.355469 0.35957 0.213281 0.0558594
0 0.257471 0.682813 0.208496 0.0398437
0 0.079834 0.978906 0.159668 0.0359375
0 0.1875 0.533203 0.185938 0.235156
0 0.319727 0.562109 0.203516 0.0585938
0 0.252393 0.692969 0.201465 0.046875
0 0.207031 0.98125 0.215625 0.0265625
0 0.382031 0.574219 0.16875 0.260156
0 0.304883 0.851562 0.246484 0.1
0 0.229736 0.930469 0.17959 0.139063
0 0.964844 0.405469 0.0703125 0.0265625
0 0.0755371 0.466016 0.151074 0.0382813
0 0.143164 0.641797 0.203125 0.0492188
0 0.579297 0.460156 0.264844 0.114063
0 0.134766 0.719531 0.257812 0.14375
0 0.067627 0.421875 0.135254 0.0359375
0 0.206982 0.50625 0.174316 0.180469
0 0.235156 0.785156 0.124219 0.164062
0 0.24375 0.634375 0.210938 0.05625
0 0.14502 0.80918 0.216211 0.209766
0 0.0651367 0.527734 0.130273 0.0671875
0 0.314453 0.614844 0.210938 0.0453125
0 0.34375 0.738281 0.205469 0.0625
0 0.283203 0.8625 0.199219 0.15625
0 0.291797 0.64375 0.208594 0.0296875
0 0.108008 0.772656 0.158203 0.034375
0 0.925 0.417969 0.15 0.028125
0 0.252734 0.934766 0.200391 0.130469
0 0.495313 0.527344 0.225 0.151562
0 0.797656 0.41875 0.226562 0.025
0 0.266016 0.654297 0.200781 0.05
0 0.314063 0.876563 0.273438 0.09375
0 0.924609 0.404687 0.150781 0.0296875
0 0.939453 0.413672 0.121094 0.0367188
0 0.346289 0.595313 0.209766 0.0398437
0 0.184766 0.6375 0.208203 0.0609375
0 0.105469 0.74375 0.205078 0.0453125
0 0.355469 0.990625 0.178125 0.01875
0 0.606641 0.414844 0.232031 0.04375
0 0.0982422 0.750781 0.196484 0.0625
0 0.0978516 0.7625 0.195703 0.0625
0 0.801367 0.40625 0.219141 0.0265625
0 0.301758 0.717969 0.603516 0.564063
0 0.348047 0.723437 0.597656 0.553125
0 0.271875 0.832031 0.489844 0.335938
0 0.299609 0.671875 0.599219 0.454688
0 0.366406 0.831445 0.642188 0.337109
0 0.717578 0.353516 0.260156 0.700781
0 0.47959 0.375391 0.68457 0.750781
0 0.634766 0.278516 0.275781 0.551562
0 0.163477 0.848047 0.265234 0.303906
0 0.755469 0.38125 0.257812 0.760156
0 0.382715 0.684766 0.433008 0.527344
0 0.619922 0.098999 0.215625 0.173877
0 0.219922 0.725391 0.377344 0.549219
0 0.582812 0.333984 0.56875 0.667969
0 0.391797 0.705078 0.495313 0.589844
0 0.402734 0.8 0.428125 0.353125
0 0.642578 0.0977539 0.305469 0.175195
0 0.683984 0.163574 0.239844 0.323633
0 0.225586 0.322656 0.427734 0.55
0 0.647656 0.108618 0.160938 0.192529
0 0.304297 0.687109 0.608594 0.485156
0 0.40625 0.305469 0.80625 0.610938
0 0.558203 0.280078 0.39375 0.560156
0 0.618359 0.189844 0.265625 0.379688
0 0.494531 0.625 0.754687 0.75
0 0.392871 0.823047 0.54082 0.353906
0 0.658203 0.198486 0.185938 0.390527
0 0.273438 0.395313 0.520312 0.546094
0 0.351562 0.595703 0.492969 0.697656
0 0.156055 0.738281 0.260938 0.523438
0 0.316406 0.907031 0.614062 0.185938
0 0.80293 0.350781 0.281641 0.699219
0 0.423438 0.505566 0.846875 0.541992
0 0.180859 0.384375 0.326172 0.439063
0 0.374609 0.821484 0.616406 0.357031
0 0.267188 0.304688 0.514063 0.609375
0 0.161523 0.797656 0.260547 0.25
0 0.654688 0.386035 0.5125 0.77168
0 0.293945 0.498437 0.544922 0.432813
0 0.21582 0.477246 0.398047 0.433008
0 0.318555 0.330469 0.637109 0.634375
0 0.498437 0.314453 0.552344 0.533594
0 0.504687 0.419922 0.85 0.341406
0 0.162012 0.290234 0.279883 0.580469
0 0.550879 0.625781 0.529492 0.748438
0 0.251563 0.5625 0.46875 0.484375
0 0.144238 0.85957 0.236523 0.280859
0 0.728125 0.164844 0.253125 0.320312
0 0.457813 0.621094 0.510938 0.739062
0 0.319141 0.438672 0.638281 0.535156
0 0.814844 0.164062 0.321875 0.328125
0 0.172949 0.88457 0.300586 0.230859
0 0.464746 0.414062 0.561133 0.297656
0 0.119531 0.269336 0.23125 0.538672
0 0.314063 0.309766 0.628125 0.619531
0 0.162891 0.925 0.325781 0.15
0 0.143945 0.29668 0.280859 0.530859
0 0.624902 0.539062 0.51582 0.845313
0 0.102051 0.2375 0.204102 0.475
0 0.64375 0.128125 0.189063 0.247656
0 0.729297 0.345313 0.541406 0.690625
0 0.812695 0.242578 0.374609 0.485156
0 0.457129 0.386621 0.354492 0.325195
0 0.265234 0.249609 0.424219 0.499219
0 0.83457 0.202734 0.299609 0.405469
0 0.375 0.246875 0.75 0.49375
0 0.518359 0.259375 0.380469 0.51875
0 0.157324 0.489063 0.298633 0.497656
0 0.128613 0.763672 0.203711 0.185156
0 0.149121 0.662109 0.274805 0.439844
0 0.79707 0.292578 0.405859 0.585156
0 0.50791 0.811719 0.524805 0.376563
0 0.93125 0.673828 0.1375 0.652344
0 0.935156 0.204688 0.129688 0.409375
0 0.927344 0.429004 0.145313 0.538867
0 0.7625 0.164648 0.321875 0.329297
0 0.388281 0.653906 0.776563 0.473438
0 0.661719 0.802539 0.240625 0.394922
0 0.857031 0.669531 0.285938 0.660937
0 0.885742 0.775391 0.228516 0.449219
0 0.96875 0.413281 0.059375 0.16875
0 0.504297 0.699219 0.532813 0.601562
0 0.948438 0.0428711 0.101562 0.0857422
0 0.682031 0.800781 0.279687 0.398438
0 0.763281 0.467969 0.473438 0.645312
0 0.254688 0.690625 0.423438 0.4625
0 0.907813 0.65 0.184375 0.696875
0 0.445312 0.579297 0.288281 0.263281
0 0.872656 0.718359 0.167187 0.563281
0 0.774609 0.623828 0.450781 0.752344
0 0.60625 0.687109 0.492188 0.625781
0 0.717969 0.744531 0.176563 0.510938
0 0.735156 0.706641 0.217188 0.586719
0 0.82832 0.396484 0.343359 0.601562
0 0.761719 0.250391 0.332813 0.500781
0 0.88125 0.665625 0.189063 0.66875
0 0.83125 0.379688 0.257812 0.579688
0 0.214648 0.657813 0.376172 0.390625
0 0.944531 0.0578125 0.104688 0.115625
0 0.493652 0.429297 0.350195 0.394531
0 0.666797 0.824219 0.210938 0.351562
0 0.90625 0.332031 0.1875 0.560938
0 0.939063 0.177148 0.121875 0.354297
0 0.323242 0.621875 0.552734 0.395313
0 0.76875 0.743359 0.146875 0.513281
0 0.471484 0.740234 0.26875 0.186719
0 0.786719 0.6875 0.25 0.625
0 0.612109 0.0762695 0.242969 0.13418
0 0.914844 0.750391 0.170313 0.499219
0 0.0915039 0.173145 0.183008 0.346289
0 0.817969 0.773438 0.13125 0.453125
0 0.46875 0.824023 0.477344 0.351953
0 0.0634766 0.164648 0.126953 0.329297
0 0.934375 0.0666992 0.128125 0.133398
0 0.188477 0.924219 0.213672 0.146875
0 0.561328 0.144141 0.385938 0.288281
0 0.495703 0.757031 0.207813 0.23125
0 0.0900391 0.244531 0.180078 0.489063
0 0.571094 0.437598 0.5375 0.437305
0 0.765625 0.773438 0.125 0.453125
0 0.69375 0.824414 0.204688 0.351172
0 0.821875 0.714453 0.154688 0.571094
0 0.599219 0.801172 0.354688 0.397656
0 0.0624023 0.665625 0.124805 0.45625
0 0.296094 0.935938 0.297656 0.128125
0 0.104688 0.703125 0.209375 0.489063
0 0.770703 0.800586 0.200781 0.398828
0 0.401172 0.187402 0.242969 0.374805
0 0.0844727 0.135352 0.168945 0.270703
0 0.453516 0.635547 0.26875 0.225781
0 0.939844 0.146094 0.120313 0.292188
0 0.165137 0.137109 0.263867 0.274219
0 0.130957 0.291797 0.261914 0.499219
0 0.964063 0.032251 0.071875 0.064502
0 0.880664 0.17627 0.238672 0.352539
0 0.871875 0.798242 0.2125 0.403516
0 0.492285 0.261328 0.304492 0.517969
0 0.128906 0.165723 0.2125 0.331445
0 0.29082 0.9375 0.202734 0.125
0 0.60625 0.138867 0.264062 0.277734
0 0.158398 0.839453 0.316797 0.321094
0 0.155273 0.766406 0.310547 0.467187
0 0.502441 0.218359 0.487305 0.436719
0 0.15 0.376465 0.3 0.44082
0 0.973437 0.418359 0.053125 0.139844
0 0.189648 0.557031 0.296484 0.1625
0 0.739062 0.825 0.292188 0.35
0 0.281641 0.580469 0.334375 0.259375
0 0.319141 0.0487305 0.0328125 0.0732422
0 0.973047 0.269922 0.0539063 0.447656
0 0.471094 0.383203 0.261719 0.204688
0 0.198828 0.260938 0.303906 0.521875
0 0.121582 0.411621 0.243164 0.45957
0 0.208594 0.127539 0.282031 0.255078
0 0.979688 0.611621 0.040625 0.481445
0 0.859766 0.826953 0.280469 0.346094
0 0.16582 0.544531 0.331641 0.507812
0 0.44375 0.721094 0.292188 0.159375
0 0.776563 0.741406 0.0625 0.075
0 0.681641 0.121289 0.0953125 0.217578
0 0.0890625 0.44375 0.178125 0.507812
0 0.175391 0.888672 0.350781 0.222656
0 0.599609 0.037085 0.263281 0.0741699
0 0.952734 0.510156 0.0945313 0.475781
0 0.346484 0.585156 0.692969 0.770312
0 0.206641 0.585156 0.307813 0.207813
0 0.13125 0.846094 0.202344 0.176563
0 0.56875 0.218359 0.371875 0.436719
0 0.965625 0.408496 0.06875 0.218945
0 0.964063 0.0648438 0.071875 0.129688
0 0.717578 0.150586 0.266406 0.301172
0 0.346094 0.146875 0.253125 0.29375
0 0.932813 0.0949219 0.13125 0.189844
0 0.0404297 0.270313 0.0669922 0.178125
0 0.934766 0.125977 0.130469 0.251953
0 0.196484 0.898438 0.35625 0.175
0 0.524219 0.757422 0.140625 0.230469
0 0.137598 0.928906 0.275195 0.142188
0 0.600781 0.129785 0.285938 0.25957
0 0.140625 0.934375 0.268359 0.13125
0 0.0380371 0.251172 0.0741211 0.249219
0 0.835156 0.799805 0.160938 0.400391
0 0.607031 0.369531 0.299219 0.186719
0 0.983594 0.0314453 0.0328125 0.0628906
0 0.924219 0.861719 0.151562 0.276563
0 0.488281 0.73125 0.184375 0.176563
0 0.456934 0.360742 0.267383 0.151953
0 0.950391 0.0259033 0.0992187 0.0518066
0 0.375 0.475 0.378125 0.173438
0 0.89375 0.181641 0.05 0.107422
0 0.323828 0.607422 0.647656 0.785156
0 0.616797 0.0276367 0.0570313 0.0495117
0 0.314063 0.560938 0.273438 0.25
0 0.974219 0.350781 0.0515625 0.564063
0 0.644531 0.0807617 0.170313 0.137305
0 0.448535 0.314258 0.32168 0.185547
0 0.123242 0.816992 0.225391 0.200391
0 0.895312 0.158203 0.053125 0.131641
0 0.603906 0.158789 0.26875 0.277344
0 0.425098 0.520312 0.27793 0.167187
0 0.105762 0.88125 0.211523 0.2375
0 0.971484 0.576953 0.0570313 0.463281
0 0.989844 0.0226807 0.0203125 0.0453613
0 0.125293 0.134766 0.164648 0.269531
0 0.702734 0.430469 0.292969 0.203906
0 0.25625 0.574219 0.336719 0.204688
0 0.152051 0.716406 0.304102 0.567187
0 0.957812 0.435156 0.084375 0.192188
0 0.945312 0.461719 0.1 0.225
0 0.546094 0.758594 0.201563 0.23125
0 0.325 0.540234 0.65 0.585156
0 0.559375 0.675 0.0421875 0.0578125
0 0.56875 0.298438 0.059375 0.071875
0 0.702344 0.463672 0.28125 0.155469
0 0.505859 0.383594 0.175781 0.207031
0 0.663672 0.4125 0.264844 0.19375
0 0.111426 0.884766 0.166211 0.230469
0 0.443066 0.772656 0.291992 0.248438
0 0.126367 0.94375 0.252734 0.1125
0 0.0747559 0.874219 0.109863 0.25
0 0.0231934 0.259375 0.0446289 0.182422
0 0.993359 0.957031 0.0132813 0.0859375
0 0.321875 0.0611816 0.0390625 0.111621
0 0.779492 0.738281 0.100391 0.075
0 0.320508 0.433984 0.307422 0.228125
0 0.175391 0.830469 0.325781 0.223438
0 0.782813 0.748438 0.046875 0.06875
0 0.504687 0.406152 0.277344 0.24707
0 0.0834961 0.844531 0.113281 0.179688
0 0.347656 0.93125 0.376563 0.1375
0 0.95625 0.0424805 0.0875 0.0849609
0 0.220264 0.842969 0.366504 0.214062
0 0.0978516 0.908594 0.195703 0.182812
0 0.951563 0.0738281 0.09375 0.147656
0 0.0259644 0.252002 0.0490479 0.244434
0 0.960156 0.753906 0.0796875 0.492188
0 0.9625 0.464453 0.075 0.1125
0 0.945703 0.392871 0.108594 0.57832
0 0.0485352 0.847852 0.04375 0.304297
0 0.0795898 0.899219 0.146875 0.201563
0 0.167285 0.566406 0.20918 0.164062
0 0.964063 0.439844 0.071875 0.109375
0 0.042627 0.278467 0.0852539 0.26416
0 0.0944336 0.873438 0.13457 0.228125
0 0.0591797 0.876953 0.0625 0.246094
0 0.0898438 0.919141 0.170117 0.161719
0 0.526563 0.507812 0.295312 0.183594
0 0.251953 0.932813 0.167187 0.134375
0 0.594531 0.026709 0.26875 0.053418
0 0.882812 0.143945 0.071875 0.161719
0 0.412891 0.320703 0.235938 0.189844
0 0.420312 0.640234 0.333594 0.174219
0 0.163672 0.599219 0.198437 0.173438
0 0.994141 0.978516 0.0117188 0.0429688
0 0.941406 0.776367 0.117188 0.447266
0 0.209961 0.808594 0.339453 0.248438
0 0.677734 0.137891 0.128906 0.254688
0 0.91875 0.0296387 0.1625 0.0592773
0 0.976562 0.689844 0.046875 0.515625
0 0.964453 0.0849365 0.0710938 0.167236
0 0.198389 0.425 0.321973 0.197656
0 0.987109 0.017627 0.0257812 0.0352539
0 0.182422 0.590234 0.230469 0.229687
0 0.426563 0.695312 0.326562 0.122656
0 0.0455078 0.80625 0.0398437 0.348438
0 0.896875 0.139233 0.0625 0.169189
0 0.95 0.382031 0.096875 0.225781
0 0.220703 0.157813 0.113281 0.114844
0 0.395313 0.559766 0.299219 0.220313
0 0.398535 0.346875 0.270117 0.232813
0 0.773438 0.722266 0.0921875 0.103125
0 0.442969 0.172852 0.201563 0.345703
0 0.137109 0.353125 0.274219 0.135156
0 0.563281 0.038623 0.310937 0.0772461
0 0.0290527 0.953906 0.0581055 0.0921875
0 0.210986 0.132593 0.133496 0.125439
0 0.114063 0.936719 0.226562 0.126563
0 0.773438 0.753906 0.107813 0.1125
0 0.895312 0.188281 0.065625 0.0941406
0 0.882812 0.168555 0.06875 0.141797
0 0.241406 0.135181 0.121875 0.121436
0 0.9625 0.484375 0.075 0.0953125
0 0.316797 0.0879639 0.0390625 0.137354
0 0.954688 0.0892822 0.090625 0.0507324
0 0.341016 0.0418945 0.117969 0.0837891
0 0.12666 0.545313 0.25332 0.164062
0 0.580078 0.027832 0.344531 0.0556641
0 0.0421387 0.249609 0.0571289 0.140625
0 0.197266 0.379688 0.324609 0.190625
0 0.134863 0.735156 0.185742 0.123438
0 0.167676 0.757031 0.121289 0.170313
0 0.960156 0.96875 0.0796875 0.0625
0 0.946875 0.0306885 0.10625 0.061377
0 0.28125 0.0972656 0.0859375 0.194531
0 0.218555 0.178467 0.115625 0.115723
0 0.326367 0.602344 0.371484 0.25625
0 0.122949 0.046875 0.208008 0.09375
0 0.195508 0.15459 0.116797 0.110352
0 0.439453 0.823438 0.366406 0.184375
0 0.401563 0.138257 0.0742188 0.160205
0 0.399121 0.596875 0.398633 0.39375
0 0.35 0.669531 0.5 0.260938
0 0.467285 0.585156 0.43418 0.364063
0 0.472559 0.671875 0.22832 0.267188
0 0.448535 0.543652 0.49668 0.512695
0 0.35957 0.689453 0.483984 0.378906
0 0.366797 0.534277 0.433594 0.52832
0 0.512109 0.625 0.528906 0.448438
0 0.529785 0.603516 0.443555 0.361719
0 0.621875 0.272461 0.214062 0.467578
0 0.450879 0.649219 0.22793 0.221875
0 0.609375 0.508594 0.528125 0.523438
0 0.588184 0.538281 0.487695 0.375781
0 0.464453 0.688281 0.528906 0.389062
0 0.676953 0.0728516 0.101562 0.134375
0 0.655469 0.423047 0.155469 0.186719
0 0.501563 0.504687 0.167187 0.204688
0 0.632812 0.0757568 0.192188 0.13208
0 0.496094 0.642188 0.223438 0.205469
0 0.584473 0.595313 0.47793 0.629687
0 0.669141 0.582715 0.661719 0.67207
0 0.521094 0.663281 0.235938 0.248438
0 0.363086 0.364453 0.0917969 0.172656
0 0.511719 0.555469 0.192188 0.3
0 0.707031 0.317188 0.0796875 0.141406
0 0.543066 0.480371 0.399805 0.523633
0 0.624609 0.423438 0.188281 0.196875
0 0.708984 0.351172 0.0429688 0.0515625
0 0.523828 0.474316 0.194531 0.274805
0 0.669531 0.423535 0.101562 0.195117
0 0.689063 0.209326 0.467187 0.336035
0 0.712109 0.35293 0.0328125 0.0457031
0 0.188232 0.717969 0.0813477 0.0671875
0 0.667188 0.0959229 0.117188 0.177295
0 0.676562 0.315625 0.11875 0.147656
0 0.692187 0.0373901 0.0484375 0.0554932
0 0.642969 0.119141 0.167187 0.234375
0 0.469141 0.564063 0.258594 0.328125
0 0.371289 0.688672 0.366016 0.277344
0 0.530859 0.524121 0.216406 0.37207
0 0.362109 0.393652 0.0898438 0.12832
0 0.70625 0.350781 0.0398437 0.0664062
0 0.636719 0.029187 0.0296875 0.0474854
0 0.646484 0.362109 0.210156 0.219531
0 0.183984 0.678906 0.0878906 0.167969
0 0.594531 0.0729492 0.254688 0.133203
0 0.114551 0.478906 0.0716797 0.110937
0 0.552344 0.6375 0.209375 0.19375
0 0.613281 0.255859 0.21875 0.511719
0 0.677344 0.0459473 0.0859375 0.0772461
0 0.719531 0.367773 0.0921875 0.0863281
0 0.633594 0.031543 0.040625 0.0548828
0 0.614062 0.394141 0.214062 0.249219
0 0.705078 0.346875 0.053125 0.059375
0 0.539062 0.444531 0.0492188 0.0875
0 0.746875 0.355078 0.14375 0.0601563
0 0.673438 0.235352 0.135937 0.319922
0 0.6625 0.0448242 0.090625 0.078125
0 0.487109 0.275781 0.0265625 0.065625
0 0.6875 0.0425293 0.0648438 0.0666992
0 0.435156 0.710156 0.197656 0.18125
0 0.637891 0.189453 0.177344 0.378906
0 0.562891 0.389062 0.328906 0.635938
0 0.611328 0.20957 0.224219 0.362109
0 0.150195 0.571875 0.0570313 0.06875
0 0.721094 0.350391 0.090625 0.065625
0 0.527344 0.620313 0.223438 0.232813
0 0.390723 0.715625 0.343555 0.182812
0 0.719531 0.29668 0.110937 0.181641
0 0.587891 0.322656 0.274219 0.427344
0 0.477344 0.266406 0.0546875 0.0515625
0 0.491797 0.482812 0.150781 0.129688
0 0.20542 0.507422 0.254004 0.188281
0 0.472656 0.258984 0.059375 0.0632813
0 0.661719 0.126367 0.122656 0.223828
0 0.489844 0.275586 0.025 0.0527344
0 0.624219 0.0411621 0.367188 0.065332
0 0.711719 0.369531 0.0554687 0.0898438
0 0.265039 0.573828 0.352734 0.417969
0 0.694922 0.418359 0.140625 0.185156
0 0.380469 0.697266 0.215625 0.153906
0 0.624609 0.0296875 0.0570313 0.0567383
0 0.156152 0.566016 0.0505859 0.084375
0 0.622656 0.321484 0.196875 0.148438
0 0.380371 0.65 0.0611328 0.0585938
0 0.625 0.140918 0.1875 0.281836
0 0.683594 0.23418 0.38125 0.405078
0 0.618359 0.0368652 0.071875 0.0663086
0 0.667188 0.95 0.0382813 0.04375
0 0.714063 0.366016 0.0453125 0.0765625
0 0.390234 0.358203 0.0601563 0.0601563
0 0.463281 0.460156 0.0820312 0.0734375
0 0.591406 0.0959961 0.251563 0.191992
0 0.503125 0.268164 0.06875 0.0613281
0 0.714844 0.243408 0.178125 0.297559
0 0.537109 0.682813 0.0773438 0.04375
0 0.491797 0.457031 0.146875 0.110937
0 0.710547 0.342578 0.0585938 0.0710938
0 0.160645 0.563281 0.21543 0.126563
0 0.698828 0.0374023 0.0476562 0.0480469
0 0.705078 0.419531 0.0726563 0.196875
0 0.689063 0.120313 0.0726563 0.0660156
0 0.484375 0.268555 0.0390625 0.053125
0 0.158398 0.578906 0.0472656 0.065625
0 0.649219 0.240039 0.15625 0.313672
0 0.340625 0.661719 0.301563 0.191406
0 0.705469 0.115723 0.04375 0.0544922
0 0.479688 0.459766 0.0515625 0.0710938
0 0.706641 0.390527 0.333594 0.342383
0 0.686328 0.129199 0.344531 0.258398
0 0.404687 0.51416 0.353125 0.401367
0 0.442188 0.458594 0.046875 0.0734375
0 0.655469 0.0367065 0.090625 0.0705322
0 0.332031 0.703906 0.263281 0.16875
0 0.545313 0.680078 0.0765625 0.0515625
0 0.168262 0.689844 0.120117 0.179688
0 0.195752 0.704688 0.0686523 0.0734375
0 0.750391 0.243359 0.335156 0.283594
0 0.286719 0.639453 0.2875 0.308594
0 0.657031 0.472656 0.0453125 0.0578125
0 0.485156 0.2625 0.0546875 0.0664062
0 0.156836 0.596875 0.313672 0.0632813
0 0.904688 0.580469 0.046875 0.05
0 0.194141 0.712109 0.110156 0.078125
0 0.541016 0.438281 0.05 0.0632813
0 0.178516 0.715234 0.0757812 0.0828125
0 0.5625 0.521973 0.34375 0.374805
0 0.50791 0.677051 0.585742 0.645898
0 0.95625 0.471094 0.034375 0.0570313
0 0.512891 0.283984 0.0632813 0.0789063
0 0.738281 0.292578 0.154688 0.1875
0 0.171875 0.520703 0.215625 0.191406
0 0.158789 0.720313 0.0429688 0.0703125
0 0.845313 0.850781 0.028125 0.0421875
0 0.504687 0.464844 0.173438 0.0828125
0 0.46875 0.250195 0.0640625 0.0675781
0 0.715625 0.113867 0.0242188 0.046875
0 0.167969 0.579688 0.232031 0.065625
0 0.664844 0.48125 0.03125 0.0695313
0 0.480469 0.253516 0.065625 0.0804688
0 0.513281 0.279297 0.046875 0.0476562
0 0.339063 0.426563 0.0335938 0.05
0 0.142188 0.576563 0.0726563 0.0757812
0 0.925781 0.135937 0.0375 0.0644531
0 0.37168 0.651953 0.0535156 0.0625
0 0.471094 0.451953 0.06875 0.0914062
0 0.659375 0.477734 0.0359375 0.0679687
0 0.206641 0.709375 0.0402344 0.0726563
0 0.361914 0.710547 0.171484 0.174219
0 0.668359 0.949219 0.0265625 0.04375
0 0.630469 0.031543 0.046875 0.0630859
0 0.904688 0.114868 0.059375 0.082373
0 0.351953 0.427344 0.0632813 0.0625
0 0.546094 0.433594 0.0609375 0.0984375
0 0.479688 0.471094 0.0523438 0.0515625
0 0.133008 0.466797 0.0367188 0.0757812
0 0.510156 0.273047 0.071875 0.0820312
0 0.909375 0.125781 0.0640625 0.08125
0 0.44375 0.467969 0.0421875 0.0578125
0 0.905469 0.567969 0.0453125 0.0796875
0 0.287891 0.364063 0.274219 0.178906
0 0.503125 0.445215 0.175 0.168945
0 0.16377 0.711719 0.122461 0.0804688
0 0.850781 0.849219 0.034375 0.053125
0 0.717969 0.340234 0.0773438 0.0820312
0 0.154883 0.485156 0.270313 0.24375
0 0.336719 0.61875 0.245312 0.145313
0 0.131152 0.691406 0.211133 0.176563
0 0.536328 0.0654297 0.217969 0.107813
0 0.303516 0.571875 0.482031 0.439063
0 0.923438 0.147266 0.034375 0.0625
0 0.698438 0.114258 0.059375 0.0705078
0 0.917188 0.148242 0.05 0.0714844
0 0.380859 0.356641 0.0601563 0.0539063
0 0.361279 0.504297 0.396973 0.290625
0 0.304297 0.393359 0.220313 0.128125
0 0.131445 0.98125 0.0375 0.0375
0 0.675781 0.123242 0.0953125 0.0859375
0 0.432422 0.623438 0.185156 0.154688
0 0.589844 0.601172 0.198437 0.252344
0 0.14209 0.469531 0.0328125 0.0828125
0 0.388379 0.621484 0.113867 0.149219
0 0.551172 0.976953 0.0460938 0.0460938
0 0.700781 0.353516 0.0570313 0.0578125
0 0.522656 0.446875 0.0734375 0.0890625
0 0.954688 0.471875 0.05 0.065625
0 0.0237793 0.212109 0.0319336 0.05
0 0.154272 0.546875 0.198486 0.176563
0 0.391406 0.655078 0.078125 0.0789063
0 0.316406 0.667578 0.289062 0.239844
0 0.225781 0.546875 0.296875 0.120313
0 0.241211 0.508984 0.228906 0.113281
0 0.300977 0.191406 0.0355469 0.0667969
0 0.139355 0.582812 0.278711 0.075
0 0.439063 0.445312 0.053125 0.0953125
0 0.581641 0.630469 0.192188 0.176563
0 0.214062 0.711328 0.0304688 0.0710938
0 0.465625 0.259766 0.059375 0.0546875
0 0.149219 0.590625 0.0578125 0.08125
0 0.542578 0.982422 0.0296875 0.0351562
0 0.155176 0.565625 0.0701172 0.0890625
0 0.0979492 0.426953 0.195898 0.199219
0 0.584375 0.148438 0.279687 0.296875
0 0.510156 0.284766 0.196875 0.0632813
0 0.905469 0.548438 0.0296875 0.040625
0 0.733203 0.329297 0.113281 0.121875
0 0.796094 0.9 0.407813 0.2
0 0.539844 0.635938 0.0828125 0.15625
0 0.725 0.351172 0.0882813 0.0914062
0 0.150586 0.733984 0.0601563 0.0898438
0 0.801367 0.370703 0.341016 0.673438
0 0.550781 0.6625 0.059375 0.0875
0 0.543359 0.0737793 0.210938 0.147559
0 0.561719 0.969531 0.046875 0.0609375
0 0.120703 0.576563 0.241406 0.132812
0 0.964844 0.466406 0.040625 0.053125
0 0.557813 0.975781 0.0507812 0.0484375
0 0.0978516 0.507812 0.195703 0.239063
0 0.350586 0.401172 0.0636719 0.115625
0 0.717188 0.415723 0.121875 0.19668
0 0.309766 0.683203 0.195312 0.200781
0 0.0366211 0.230859 0.0603516 0.0929688
0 0.703125 0.0740234 0.05 0.129102
0 0.525781 0.277344 0.04375 0.0671875
0 0.378027 0.625781 0.0673828 0.117188
0 0.79375 0.275195 0.320312 0.205078
0 0.557031 0.675 0.0554687 0.0625
0 0.675391 0.0388672 0.100781 0.0605469
0 0.748438 0.0839844 0.201563 0.167969
0 0.664844 0.0541504 0.107813 0.108301
0 0.123926 0.921875 0.247852 0.15625
0 0.467187 0.471094 0.0765625 0.0546875
0 0.622656 0.252002 0.201563 0.189746
0 0.45 0.517188 0.267188 0.246875
0 0.728906 0.3 0.282813 0.451562
0 0.440234 0.603125 0.285156 0.2375
0 0.689063 0.068457 0.071875 0.136914
0 0.105859 0.441406 0.111328 0.175
0 0.614844 0.55625 0.1125 0.3
0 0.187109 0.273438 0.374219 0.546875
0 0.524219 0.397754 0.202344 0.223242
0 0.71875 0.414062 0.207813 0.178906
0 0.69375 0.0776367 0.15 0.155273
0 0.659375 0.932813 0.05 0.096875
0 0.467969 0.250391 0.174219 0.194922
0 0.528906 0.571484 0.0492188 0.0515625
0 0.129492 0.325195 0.258984 0.283984
0 0.127832 0.563281 0.192773 0.179688
0 0.36875 0.655469 0.040625 0.0570313
0 0.714844 0.111133 0.0296875 0.0589844
0 0.341797 0.43125 0.0453125 0.0546875
0 0.460156 0.447656 0.084375 0.096875
0 0.125586 0.975391 0.0472656 0.0492188
0 0.186914 0.183398 0.373828 0.366797
0 0.0265625 0.212891 0.0363281 0.0632813
0 0.36582 0.613672 0.137891 0.128906
0 0.168262 0.611719 0.123242 0.278125
0 0.905469 0.553906 0.0390625 0.05
0 0.726562 0.364453 0.1625 0.296094
0 0.10791 0.482812 0.21582 0.260156
0 0.95 0.478906 0.05 0.0703125
0 0.551953 0.970703 0.0476562 0.0585938
0 0.111816 0.0393555 0.223633 0.0787109
0 0.8875 0.100781 0.034375 0.0609375
0 0.592969 0.0345215 0.34375 0.0678711
0 0.501953 0.25625 0.0507812 0.0789063
0 0.357422 0.892188 0.0328125 0.046875
0 0.161523 0.714063 0.0371094 0.053125
0 0.0982178 0.39209 0.184424 0.29707
0 0.279687 0.516797 0.0953125 0.0625
0 0.517578 0.273047 0.0992187 0.0609375
0 0.207031 0.842969 0.382031 0.314063
0 0.374902 0.640234 0.0673828 0.0820312
0 0.0986328 0.41875 0.155078 0.214844
0 0.5875 0.526953 0.175 0.169531
0 0.594141 0.555859 0.174219 0.342969
0 0.338867 0.434375 0.0386719 0.0421875
0 0.547656 0.978125 0.0421875 0.04375
0 0.345313 0.379297 0.253125 0.2
0 0.207422 0.693359 0.0421875 0.0898438
0 0.905469 0.103613 0.0453125 0.0746094
0 0.463281 0.241016 0.0421875 0.075
0 0.166602 0.560156 0.0625 0.0859375
0 0.151758 0.0336914 0.255859 0.0673828
0 0.846875 0.870313 0.034375 0.040625
0 0.0542969 0.128149 0.108594 0.160107
0 0.74375 0.244141 0.142188 0.285156
0 0.653125 0.940625 0.0703125 0.10625
0 0.647656 0.471094 0.0625 0.157813
0 0.235547 0.50625 0.0390625 0.0515625
0 0.549219 0.703516 0.06875 0.103125
0 0.509375 0.279883 0.0296875 0.0503906
0 0.300195 0.168164 0.0351562 0.0621094
0 0.666016 0.965625 0.0484375 0.028125
0 0.295898 0.186279 0.0285156 0.0602539
0 0.875 0.8375 0.040625 0.06875
0 0.183789 0.153906 0.367578 0.307813
0 0.852344 0.863281 0.034375 0.05
0 0.660156 0.948438 0.065625 0.103125
0 0.171875 0.855859 0.34375 0.288281
0 0.646094 0.0751953 0.147656 0.125781
0 0.0119629 0.866797 0.0239258 0.266406
0 0.698438 0.0769775 0.0546875 0.119873
0 0.972656 0.431934 0.0546875 0.495508
0 0.980469 0.416016 0.0390625 0.316406
0 0.0433594 0.335352 0.0867188 0.298047
0 0.470703 0.628906 0.274219 0.464063
0 0.983203 0.378125 0.0335938 0.246875
0 0.897656 0.935938 0.204688 0.128125
0 0.982813 0.311328 0.034375 0.307031
0 0.985547 0.803906 0.0289063 0.392188
0 0.0157715 0.390234 0.031543 0.399219
0 0.293945 0.124023 0.107813 0.221484
0 0.0123657 0.389844 0.0247314 0.514063
0 0.602344 0.0691406 0.2375 0.138281
0 0.311914 0.096582 0.0507812 0.162305
0 0.985938 0.905859 0.028125 0.188281
0 0.50625 0.278125 0.507812 0.55625
0 0.299609 0.0939453 0.0773438 0.153125
0 0.0432617 0.256445 0.0865234 0.296484
0 0.0337891 0.29375 0.0675781 0.317188
0 0.942969 0.451562 0.114063 0.710938
0 0.0379883 0.280273 0.0759766 0.211328
0 0.956641 0.414062 0.0867188 0.389844
0 0.982031 0.0727051 0.0359375 0.14541
0 0.019043 0.339453 0.0380859 0.3
0 0.0100952 0.90625 0.0201904 0.1875
0 0.303516 0.125781 0.0710938 0.214062
0 0.0355713 0.241846 0.0711426 0.231152
0 0.346875 0.232031 0.220313 0.454688
0 0.966016 0.0729492 0.0679687 0.145898
0 0.964844 0.853125 0.0703125 0.29375
0 0.542969 0.430469 0.403125 0.860938
0 0.973437 0.349023 0.053125 0.523828
0 0.369922 0.158398 0.1625 0.283203
0 0.0130859 0.447656 0.0261719 0.365625
0 0.0577148 0.885938 0.11543 0.226562
0 0.664453 0.0904053 0.128906 0.156689
0 0.979297 0.663672 0.0414063 0.410156
0 0.980469 0.501563 0.0390625 0.339063
0 0.689844 0.0700195 0.078125 0.12168
0 0.445703 0.741211 0.255469 0.517578
0 0.967969 0.923828 0.0640625 0.152344
0 0.973437 0.512891 0.053125 0.507031
0 0.984766 0.0734375 0.0304688 0.146875
0 0.970313 0.333203 0.059375 0.373437
0 0.471777 0.667969 0.211133 0.279687
0 0.149707 0.217188 0.299414 0.426563
0 0.969141 0.798633 0.0617188 0.402734
0 0.982031 0.268359 0.0359375 0.239063
0 0.50791 0.195264 0.556055 0.373535
0 0.013208 0.533984 0.026416 0.503906
0 0.189063 0.649219 0.0695313 0.184375
0 0.0148437 0.496973 0.0296875 0.279492
0 0.879687 0.958594 0.240625 0.0828125
0 0.617969 0.452344 0.342187 0.904688
0 0.043457 0.183203 0.0869141 0.308984
0 0.0914062 0.3 0.182812 0.6
0 0.189502 0.691406 0.0756836 0.105469
0 0.0126465 0.806055 0.025293 0.278516
0 0.949219 0.679199 0.101562 0.641602
0 0.457129 0.689844 0.24668 0.620313
0 0.023291 0.917969 0.046582 0.164062
0 0.94375 0.072998 0.1125 0.145996
0 0.588281 0.0759766 0.114844 0.128906
0 0.927344 0.752344 0.145313 0.495313
0 0.985938 0.928906 0.028125 0.139063
0 0.705469 0.08125 0.040625 0.113281
0 0.0520508 0.93125 0.104102 0.1375
0 0.950781 0.362305 0.0984375 0.700391
0 0.573535 0.520996 0.49043 0.512695
0 0.814063 0.428125 0.371875 0.05625
0 0.971094 0.798828 0.0578125 0.402344
0 0.814258 0.403906 0.371484 0.0578125
0 0.669531 0.0784912 0.117188 0.118799
0 0.236914 0.11582 0.209766 0.210156
0 0.925781 0.82832 0.148438 0.343359
0 0.0132324 0.542969 0.0264648 0.332031
0 0.986719 0.44541 0.0265625 0.273242
0 0.586719 0.114844 0.128125 0.214062
0 0.682422 0.0833008 0.0929688 0.105078
0 0.0711426 0.323828 0.142285 0.271094
0 0.0168457 0.455371 0.0336914 0.286133
0 0.414062 0.160645 0.0929688 0.274023
0 0.986719 0.350391 0.0265625 0.259375
0 0.982031 0.546094 0.0359375 0.309375
0 0.0174072 0.402344 0.0348145 0.297656
0 0.96875 0.642188 0.0625 0.365625
0 0.203906 0.700781 0.0539063 0.1625
0 0.0653809 0.804297 0.130762 0.391406
0 0.317188 0.698438 0.464063 0.33125
0 0.622656 0.286914 0.225 0.166016
0 0.818164 0.452344 0.363672 0.0546875
0 0.95625 0.475781 0.0875 0.327344
0 0.988281 0.866992 0.0234375 0.262891
0 0.428906 0.647656 0.317969 0.615625
0 0.0752441 0.735547 0.150488 0.528906
0 0.152246 0.729688 0.287305 0.38125
0 0.613281 0.375098 0.244531 0.335742
0 0.623047 0.259766 0.208594 0.246875
0 0.0137207 0.824219 0.0274414 0.351562
0 0.95 0.196094 0.1 0.392188
0 0.306641 0.0921875 0.0738281 0.184375
0 0.311328 0.149023 0.0789063 0.266797
0 0.501563 0.502734 0.125 0.252344
0 0.0557617 0.218945 0.111523 0.260547
0 0.0345703 0.387402 0.0691406 0.289258
0 0.658594 0.517188 0.246875 0.559375
0 0.985156 0.946094 0.0296875 0.107813
0 0.69375 0.125 0.3 0.221094
0 0.0357422 0.253516 0.0714844 0.125
0 0.177686 0.64375 0.0993164 0.19375
0 0.0585938 0.815625 0.117188 0.2125
0 0.539453 0.665625 0.0820312 0.264062
0 0.646094 0.183398 0.148438 0.362891
0 0.0314209 0.225 0.0628418 0.417969
0 0.982813 0.78457 0.034375 0.271484
0 0.0129883 0.749609 0.0259766 0.283594
0 0.567578 0.0790039 0.121875 0.137305
0 0.243311 0.714844 0.27041 0.570312
0 0.935156 0.915625 0.129688 0.16875
0 0.573828 0.577344 0.399219 0.564063
0 0.980469 0.723437 0.0390625 0.148438
0 0.387402 0.667188 0.508008 0.49375
0 0.0124023 0.839063 0.0248047 0.321875
0 0.20625 0.660156 0.059375 0.172656
0 0.425391 0.214111 0.109375 0.167871
0 0.0131348 0.633984 0.0262695 0.553906
0 0.972656 0.82207 0.0546875 0.355859
0 0.06875 0.944531 0.1375 0.110937
0 0.816992 0.378516 0.366016 0.0570313
0 0.0943359 0.694531 0.188672 0.610938
0 0.0263428 0.429297 0.0526855 0.203125
0 0.955469 0.397559 0.0890625 0.25957
0 0.626172 0.218408 0.213281 0.343652
0 0.457129 0.750781 0.22793 0.220313
0 0.769531 0.127637 0.1375 0.255273
0 0.367383 0.101855 0.166797 0.175977
0 0.688281 0.10752 0.075 0.19082
0 0.955078 0.660156 0.0898438 0.260938
0 0.984766 0.622656 0.0304688 0.317188
0 0.811133 0.979688 0.340234 0.040625
0 0.625781 0.0647461 0.186719 0.112695
0 0.243018 0.210156 0.22959 0.420312
0 0.475781 0.478125 0.270313 0.211719
0 0.970313 0.683594 0.059375 0.215625
0 0.0141113 0.839844 0.0282227 0.203125
0 0.708594 0.903125 0.439063 0.0515625
0 0.514844 0.544531 0.101562 0.3125
0 0.855469 0.975781 0.289062 0.0484375
0 0.7 0.315625 0.0625 0.11875
0 0.307813 0.929688 0.469531 0.053125
0 0.0828613 0.272461 0.165723 0.198828
0 0.594531 0.0927734 0.267188 0.185547
0 0.031543 0.207422 0.0630859 0.0816406
0 0.953906 0.109375 0.0921875 0.21875
0 0.448828 0.208789 0.165625 0.182031
0 0.501563 0.535547 0.14375 0.302344
0 0.0397461 0.135352 0.0794922 0.270703
0 0.314453 0.0596802 0.034375 0.0769287
0 0.0615723 0.764063 0.123145 0.201563
0 0.955469 0.525781 0.0890625 0.11875
0 0.780469 0.903125 0.314063 0.0515625
0 0.942578 0.199805 0.114844 0.399609
0 0.0173828 0.769336 0.0347656 0.461328
0 0.0768066 0.839453 0.153613 0.321094
0 0.480859 0.247656 0.227344 0.251953
0 0.946094 0.251953 0.107813 0.503906
0 0.407813 0.215039 0.084375 0.163672
0 0.42959 0.608984 0.425195 0.578906
0 0.567578 0.145703 0.127344 0.271875
0 0.657813 0.0684082 0.109375 0.122559
0 0.0385742 0.348438 0.0771484 0.564063
0 0.200391 0.692578 0.0523438 0.0835937
0 0.791406 0.448438 0.38125 0.0484375
0 0.441797 0.505078 0.267188 0.278906
0 0.296484 0.903125 0.424219 0.053125
0 0.0128906 0.343555 0.0257812 0.156641
0 0.713281 0.0742188 0.09375 0.125391
0 0.363477 0.0813477 0.383984 0.160742
0 0.844141 0.478516 0.311719 0.0554687
0 0.548828 0.644531 0.0617188 0.123438
0 0.0125732 0.616406 0.0251465 0.384375
0 0.633594 0.105371 0.184375 0.210742
0 0.0410645 0.715625 0.0821289 0.559375
0 0.239893 0.0886719 0.200684 0.148047
0 0.703906 0.069043 0.05 0.138086
0 0.0770508 0.903906 0.154102 0.173438
0 0.0787109 0.980469 0.157422 0.0390625
0 0.0173096 0.849219 0.0346191 0.301563
0 0.012207 0.924219 0.0244141 0.151562
0 0.56875 0.298047 0.36875 0.596094
0 0.623047 0.165332 0.204688 0.30918
0 0.497266 0.440625 0.135156 0.121875
0 0.95 0.299805 0.1 0.599609
0 0.821875 0.973047 0.35625 0.0539063
0 0.749219 0.98125 0.29375 0.0375
0 0.140039 0.714453 0.21875 0.571094
0 0.907422 0.0708984 0.185156 0.141797
0 0.014917 0.904688 0.029834 0.15
0 0.678906 0.0667969 0.071875 0.112891
0 0.667188 0.394922 0.146875 0.285156
0 0.20293 0.649219 0.0789063 0.195312
0 0.0856445 0.233203 0.171289 0.234375
0 0.575391 0.660547 0.142969 0.228906
0 0.894531 0.959375 0.210938 0.08125
0 0.0291504 0.189795 0.0583008 0.109473
0 0.0150391 0.957812 0.0300781 0.084375
0 0.954688 0.898438 0.090625 0.190625
0 0.206641 0.694531 0.0367188 0.084375
0 0.954688 0.713281 0.090625 0.209375
0 0.0830078 0.867188 0.166016 0.1375
0 0.713281 0.879687 0.38125 0.053125
0 0.317969 0.0618042 0.0421875 0.0990479
0 0.703125 0.229297 0.0578125 0.3125
0 0.632812 0.381934 0.21875 0.273633
0 0.664844 0.104468 0.119531 0.0680176
0 0.855469 0.940625 0.289062 0.11875
0 0.339258 0.0924805 0.108984 0.184961
0 0.607813 0.228906 0.234375 0.45625
0 0.323242 0.61875 0.603516 0.2375
0 0.710156 0.0708008 0.0578125 0.120508
0 0.876758 0.578516 0.246484 0.0546875
0 0.275 0.224609 0.182812 0.445312
0 0.963281 0.742969 0.0734375 0.185938
0 0.480469 0.757812 0.167969 0.2
0 0.925781 0.932813 0.148438 0.134375
0 0.557031 0.649219 0.0546875 0.114063
0 0.864258 0.603125 0.271484 0.0546875
0 0.0152344 0.935938 0.0304688 0.128125
0 0.458203 0.544531 0.230469 0.339063
0 0.583594 0.167773 0.125 0.315234
0 0.0232178 0.19917 0.0464355 0.127441
0 0.710156 0.113574 0.03125 0.0587891
0 0.0144775 0.817969 0.0289551 0.175
0 0.987109 0.689063 0.0257812 0.367188
0 0.678125 0.982813 0.203125 0.034375
0 0.621875 0.982813 0.220313 0.034375
0 0.0134521 0.296094 0.0269043 0.208594
0 0.978906 0.940625 0.0421875 0.115625
0 0.0256836 0.472266 0.0513672 0.220313
0 0.967969 0.548828 0.0640625 0.328125
0 0.0168701 0.342969 0.0337402 0.144531
0 0.686719 0.440625 0.159375 0.2625
0 0.0992187 0.205078 0.198437 0.410156
0 0.463281 0.633594 0.241406 0.298438
0 0.221826 0.663281 0.103223 0.165625
0 0.207422 0.709766 0.0558594 0.125781
0 0.0824707 0.926562 0.164941 0.146875
0 0.953906 0.555469 0.0921875 0.0835937
0 0.855469 0.628125 0.289062 0.0546875
0 0.627344 0.0628418 0.123438 0.106348
0 0.0152832 0.870313 0.0305664 0.171875
0 0.121191 0.0050293 0.242383 0.0100586
0 0.655078 0.878125 0.366406 0.053125
0 0.371875 0.00415039 0.35 0.00830078
0 0.0362305 0.234375 0.0724609 0.1
0 0.751172 0.879687 0.233594 0.053125
0 0.747656 0.196875 0.260938 0.382031
0 0.94375 0.764844 0.1125 0.470313
0 0.0336914 0.2625 0.0673828 0.182422
0 0.898438 0.553516 0.203125 0.0539063
0 0.129297 0.974219 0.258594 0.0515625
0 0.940625 0.0964844 0.11875 0.192969
0 0.710156 0.456934 0.115625 0.251758
0 0.651953 0.0567261 0.153125 0.094165
0 0.675 0.0589355 0.1125 0.0973633
0 0.0296875 0.135937 0.059375 0.271875
0 0.014209 0.367969 0.028418 0.14375
0 0.0130371 0.380859 0.0260742 0.148438
0 0.102246 0.983594 0.204492 0.0328125
0 0.615234 0.311328 0.307031 0.528125
0 0.549609 0.667188 0.385156 0.415625
0 0.0558105 0.0754883 0.111621 0.150977
0 0.0669922 0.171094 0.133984 0.286719
0 0.308398 0.0523438 0.0371094 0.0800781
0 0.736719 0.752344 0.304688 0.053125
0 0.0670898 0.199219 0.13418 0.398438
0 0.100684 0.564063 0.201367 0.704688
0 0.635547 0.311133 0.209375 0.133203
0 0.550781 0.661719 0.0632813 0.0921875
0 0.978906 0.444141 0.0421875 0.163281
0 0.189844 0.698438 0.0917969 0.084375
0 0.528906 0.539062 0.071875 0.301563
0 0.785937 1 0.351562 0
0 0.957031 0.323047 0.0859375 0.289844
0 0.86875 0.985156 0.2625 0.0296875
0 0.0575684 0.609766 0.115137 0.572656
0 0.701953 0.110962 0.0476562 0.196045
0 0.400781 0.233984 0.0601563 0.115625
0 0.167676 0.198437 0.335352 0.046875
0 0.95625 0.295312 0.0875 0.158594
0 0.0185059 0.663281 0.0370117 0.4
0 0.854102 0.992188 0.291797 0.015625
0 0.752344 0.0730957 0.220313 0.0768555
0 0.983984 0.411816 0.0320312 0.131055
0 0.734375 0.306641 0.154688 0.146094
0 0.953125 0.712109 0.09375 0.136719
0 0.879102 0.453906 0.241797 0.05625
0 0.895312 0.651953 0.209375 0.0539063
0 0.114746 0.751563 0.229492 0.496875
0 0.150977 0.71875 0.301953 0.5625
0 0.184766 0.680859 0.354688 0.638281
0 0.226611 0.706641 0.363184 0.586719
0 0.29707 0.674219 0.360547 0.651563
0 0.421875 0.667578 0.342187 0.664844
0 0.0818848 0.7125 0.16377 0.575
0 0.168164 0.730859 0.336328 0.538281
0 0.380078 0.694531 0.335156 0.610938
0 0.277344 0.722656 0.31875 0.554688
0 0.617969 0.677734 0.3125 0.644531
0 0.465234 0.695312 0.33125 0.609375
0 0.421875 0.72168 0.314063 0.556641
0 0.71875 0.768945 0.29375 0.462109
0 0.661328 0.767188 0.285156 0.465625
0 0.671094 0.674316 0.290625 0.651367
0 0.0682617 0.787305 0.136523 0.425391
0 0.107422 0.792773 0.214844 0.414453
0 0.61875 0.733984 0.29375 0.532031
0 0.15166 0.819531 0.289648 0.360938
0 0.203467 0.818164 0.287598 0.363672
0 0.572266 0.717578 0.297656 0.564844
0 0.876563 0.839648 0.246875 0.320703
0 0.515625 0.76543 0.280469 0.469141
0 0.464844 0.770312 0.2875 0.459375
0 0.125195 0.829688 0.250391 0.340625
0 0.217188 0.739453 0.311328 0.521094
0 0.173828 0.768164 0.266406 0.463672
0 0.502246 0.828125 0.29082 0.34375
0 0.861914 0.660156 0.276172 0.679688
0 0.368359 0.774609 0.285156 0.450781
0 0.553125 0.830273 0.285938 0.339453
0 0.254883 0.820703 0.287109 0.358594
0 0.766016 0.670215 0.292969 0.65957
0 0.319336 0.737891 0.308203 0.524219
0 0.305127 0.823047 0.288184 0.353906
0 0.653906 0.833203 0.2875 0.333594
0 0.709375 0.838867 0.295312 0.322266
0 0.889063 0.655566 0.221875 0.688867
0 0.811719 0.774023 0.276563 0.451953
0 0.721875 0.690625 0.289062 0.61875
0 0.0714844 0.818164 0.142969 0.363672
0 0.356445 0.827344 0.291797 0.345313
0 0.801562 0.841602 0.282813 0.316797
0 0.605469 0.834766 0.2875 0.330469
0 0.751563 0.837695 0.2875 0.324609
0 0.407129 0.83125 0.295117 0.3375
0 0.137891 0.7625 0.275781 0.475
0 0.82207 0.687012 0.299609 0.625977
0 0.922656 0.533203 0.154688 0.671094
0 0.778125 0.724609 0.2625 0.550781
0 0.85957 0.781641 0.280859 0.436719
0 0.763672 0.0371582 0.163281 0.0700195
0 0.708984 0.0436523 0.188281 0.0873047
0 0.885156 0.765039 0.229687 0.469922
0 0.717969 0.0567871 0.165625 0.106152
0 0.9125 0.683496 0.175 0.633008
0 0.0587891 0.0343262 0.103125 0.0686523
0 0.859375 0.972656 0.10625 0.0546875
0 0.0405273 0.0225098 0.0810547 0.0450195
0 0.923438 0.2375 0.153125 0.475
0 0.848437 0.942187 0.134375 0.040625
0 0.0638672 0.0262695 0.113281 0.0525391
0 0.829688 0.0393555 0.15 0.0712891
0 0.914453 0.444141 0.171094 0.619531
0 0.835156 0.973047 0.110937 0.0539063
0 0.884375 0.972656 0.10625 0.0546875
0 0.879687 0.91875 0.146875 0.0546875
0 0.86875 0.970313 0.18125 0.0421875
0 0.989062 0.034668 0.021875 0.0693359
0 0.832812 0.025769 0.273438 0.0426025
0 0.758203 0.110742 0.116406 0.0445313
0 0.0388184 0.0360352 0.0776367 0.0540039
0 0.814063 0.917969 0.16875 0.046875
0 0.926562 0.639453 0.146875 0.721094
0 0.0323242 0.00622559 0.0646484 0.0124512
0 0.910937 0.920313 0.1625 0.05
0 0.0574707 0.0810547 0.103027 0.0589844
0 0.0606445 0.00869141 0.109766 0.0173828
0 0.821875 0.969531 0.190625 0.0421875
0 0.80625 0.941406 0.153125 0.0421875
0 0.811719 0.973437 0.115625 0.053125
0 0.9125 0.974219 0.1125 0.0515625
0 0.0563599 0.0629395 0.0993896 0.0444336
0 0.923438 0.342187 0.153125 0.625
0 0.860938 0.891406 0.1625 0.0453125
0 0.907813 0.967188 0.157813 0.05
0 0.953125 0.917969 0.09375 0.0453125
0 0.939063 0.977344 0.115625 0.0453125
0 0.852344 0.0380371 0.14375 0.0760742
0 0.927344 0.920313 0.145313 0.05
0 0.890625 0.00541992 0.126563 0.0108398
0 0.865625 0.00544434 0.121875 0.0108887
0 0.764844 0.0048584 0.134375 0.0097168
0 0.791406 0.976172 0.123438 0.0476562
0 0.939453 0.96875 0.121094 0.04375
0 0.964453 0.969531 0.0710938 0.0421875
0 0.932031 0.154297 0.135937 0.308594
0 0.839063 0.00531006 0.11875 0.0106201
0 0.987891 0.0452271 0.0242188 0.0753662
0 0.953125 0.977734 0.09375 0.0445313
0 0.915625 0.00537109 0.13125 0.0107422
0 0.897656 0.940625 0.134375 0.04375
0 0.86875 0.942187 0.125 0.04375
0 0.926562 0.967188 0.146875 0.046875
0 0.990234 0.0349121 0.0195312 0.0698242
0 0.80332 0.039148 0.152734 0.0676025
0 0.0395508 0.0612305 0.0791016 0.0419922
0 0.961719 0.00544434 0.0765625 0.0108887
0 0.940234 0.939844 0.119531 0.04375
0 0.952734 0.940625 0.0945313 0.04375
0 0.989844 0.978906 0.0203125 0.0421875
0 0.0498047 0.964453 0.0996094 0.0710938
0 0.98125 0.0516479 0.0375 0.066626
0 0.985938 0.00684814 0.028125 0.0136963
0 0.927344 0.115039 0.145313 0.0414063
0 0.9375 0.00517578 0.125 0.0103516
0 0.977344 0.967188 0.0453125 0.04375
0 0.973047 0.00557861 0.0539063 0.0111572
0 0.964844 0.892188 0.0703125 0.046875
0 0.820508 0.892188 0.180859 0.04375
0 0.927344 0.939844 0.145313 0.0453125
0 0.965625 0.978516 0.06875 0.0429688
0 0.864062 0.995313 0.128125 0.009375
0 0.9875 0.997656 0.025 0.0046875
0 0.914844 0.141797 0.170313 0.04375
0 0.988281 0.965625 0.0234375 0.05
0 0.814258 0.00510254 0.118359 0.0102051
0 0.914844 0.892969 0.170313 0.0453125
0 0.939844 0.894531 0.120313 0.04375
0 0.866406 0.0875977 0.123438 0.0439453
0 0.891406 0.0874023 0.125 0.0439453
0 0.878906 0.115918 0.148438 0.0400391
0 0.988281 0.865625 0.0234375 0.046875
0 0.779883 0.0624512 0.115234 0.0936523
0 0.79043 0.110449 0.122266 0.0458984
0 0.814063 0.085376 0.123438 0.0487793
0 0.0339355 0.908594 0.0678711 0.182812
0 0.769531 0.917188 0.176563 0.04375
0 0.714063 1 0.171875 0
0 0.895312 0.0380371 0.134375 0.0760742
0 0.989062 0.021875 0.021875 0.04375
0 0.0758789 0.973437 0.110352 0.053125
0 0.789062 0.00487061 0.121875 0.00974121
0 0.978125 0.979688 0.04375 0.040625
0 0.987891 0.889844 0.0242188 0.0484375
0 0.915625 0.0842773 0.125 0.0490234
0 0.988281 0.839063 0.0234375 0.04375
0 0.9875 0.111328 0.025 0.0480469
0 0.991016 0.995313 0.0179687 0.009375
0 0.728906 0.0587891 0.0546875 0.1125
0 0.864844 0.0253906 0.270313 0.0359375
0 0.895312 0.998438 0.1375 0.003125
0 0.860938 0.14209 0.1625 0.0435547
0 0.939063 0.141602 0.121875 0.0462891
0 0.989844 0.977344 0.0203125 0.0453125
0 0.817383 0.141895 0.174609 0.0396484
0 0.765234 0.978516 0.119531 0.0429688
0 0.851562 0.115039 0.14375 0.0402344
0 0.964844 0.866406 0.0703125 0.046875
0 0.977734 0.939844 0.0445313 0.0421875
0 0.921875 0.0375488 0.1375 0.0750977
0 0.984375 0.738281 0.03125 0.053125
0 0.9875 0.135937 0.025 0.0521484
0 0.983594 0.889844 0.0328125 0.053125
0 0.982813 0.00810547 0.034375 0.0162109
0 0.84082 0.994531 0.133984 0.0109375
0 0.938281 0.0835937 0.123438 0.0494141
0 0.0470703 0.928906 0.0941406 0.142188
0 0.9875 0.839063 0.025 0.05
0 0.784375 0.141211 0.164062 0.0382813
0 0.914844 0.166211 0.170313 0.0433594
0 0.978906 0.161133 0.0421875 0.05625
0 0.842188 0.0866211 0.128125 0.0458984
0 0.0599609 0.110645 0.108984 0.0464844
0 0.976562 0.0233887 0.046875 0.0442383
0 0.964844 0.0354736 0.0703125 0.0709473
0 0.951563 0.114453 0.096875 0.0417969
0 0.983594 0.714453 0.0328125 0.053125
0 0.977344 0.915625 0.0453125 0.046875
0 0.987891 0.0856445 0.0242188 0.05
0 0.988281 0.814063 0.0234375 0.046875
0 0.988672 0.914844 0.0226563 0.046875
0 0.964063 0.998828 0.071875 0.00234375
0 0.988281 0.788281 0.0234375 0.046875
0 0.927344 0.866406 0.145313 0.0453125
0 0.938672 1 0.122656 0
0 0.953125 0.767188 0.09375 0.04375
0 0.770703 0.892188 0.178906 0.040625
0 0.983594 0.690625 0.0328125 0.0515625
0 0.982813 0.763281 0.034375 0.053125
0 0.925781 0.999219 0.148438 0.0015625
0 0.820117 0.997656 0.141016 0.0046875
0 0.780469 0.0421387 0.110937 0.0842773
0 0.740625 0.667188 0.16875 0.0421875
0 0.951563 0.0348633 0.096875 0.0697266
0 0.978516 0.186719 0.0429688 0.0542969
0 0.952734 0.743359 0.0945313 0.0445313
0 0.982031 0.787305 0.0359375 0.0535156
0 0.902734 0.0246094 0.194531 0.0419922
0 0.982031 0.084375 0.0359375 0.0574219
0 0.0491699 0.948438 0.0983398 0.103125
0 0.592578 1 0.179688 0
0 0.988281 0.211328 0.0234375 0.05
0 0.980469 0.235742 0.0390625 0.0554687
0 0.982813 0.285156 0.034375 0.05625
0 0.984766 0.663281 0.0304688 0.053125
0 0.300195 1 0.192578 0
0 0.795313 0.167969 0.184375 0.0417969
0 0.560938 0.4625 0.159375 0.0453125
0 0.5875 0.463281 0.160938 0.04375
0 0.798242 0.667188 0.184766 0.0429688
0 0.953125 0.791406 0.09375 0.04375
0 0.520312 0.982813 0.126563 0.034375
0 0.951563 0.0865234 0.096875 0.0445313
0 0.818945 0.112988 0.127734 0.0427734
0 0.889063 0.166406 0.167187 0.0441406
0 0.9875 0.1875 0.025 0.0484375
0 0.952344 0.839063 0.0953125 0.046875
0 0.764844 0.942187 0.170313 0.040625
0 0.66875 1 0.184375 0
0 0.719531 0.0917725 0.090625 0.0828613
0 0.885156 0.866406 0.160938 0.046875
0 0.741406 0.980078 0.120313 0.0398437
0 0.98125 0.261719 0.0375 0.0539063
0 0.986719 0.939063 0.0265625 0.05
0 0.742188 0.692969 0.171875 0.0421875
0 0.952344 0.717578 0.0953125 0.0453125
0 0.771875 0.96875 0.185938 0.040625
0 0.270703 0.490625 0.178516 0.0421875
0 0.0283691 0.945312 0.0567383 0.109375
0 0.965234 0.767578 0.0695313 0.0445313
0 0.520312 0.464844 0.175 0.0414063
0 0.939844 0.165039 0.120313 0.0449219
0 0.976953 0.162891 0.0460938 0.0488281
0 0.911719 0.865625 0.164062 0.046875
0 0.721094 0.96875 0.182812 0.046875
0 0.110522 0.980859 0.110596 0.0382813
0 0.194873 1 0.183691 0
0 0.752344 0.998438 0.148438 0.003125
0 0.982813 0.110742 0.034375 0.0539063
0 0.785742 0.191211 0.162891 0.0449219
0 0.193359 0.464844 0.174609 0.0421875
0 0.927734 0.767188 0.144531 0.0421875
0 0.964844 0.790625 0.0703125 0.0453125
0 0.823242 0.867969 0.184766 0.0453125
0 0.492188 0.982813 0.121875 0.034375
0 0.242969 0.514844 0.173438 0.040625
0 0.248242 1 0.189063 0
0 0.416504 1 0.17793 0
0 0.503906 0.840625 0.19375 0.040625
0 0.0324219 0.0115845 0.0648438 0.0231689
0 0.977344 0.0875 0.0453125 0.0464844
0 0.982031 0.30918 0.0359375 0.0566406
0 0.618359 0.464063 0.173438 0.0421875
0 0.797656 0.641406 0.182812 0.0421875
0 0.953125 0.815625 0.09375 0.04375
0 0.270508 0.465625 0.178516 0.040625
0 0.951563 0.0237793 0.096875 0.0411133
0 0.927734 0.190625 0.144531 0.0421875
0 0.717969 0.982031 0.121875 0.0359375
0 0.983984 0.585938 0.0320312 0.0570313
0 0.927344 0.791406 0.145313 0.0421875
0 0.640625 1 0.177344 0
0 0.750781 0.00230713 0.140625 0.00461426
0 0.789844 0.00303955 0.139063 0.0060791
0 0.964844 0.051416 0.0703125 0.0661133
0 0.964063 0.114258 0.071875 0.0441406
0 0.569531 0.489844 0.175 0.0414063
0 0.741406 0.642188 0.16875 0.0421875
0 0.741406 0.716797 0.16875 0.040625
0 0.983594 0.914844 0.0328125 0.05
0 0.570703 0.982422 0.127344 0.0351562
0 0.964844 0.815625 0.0703125 0.046875
0 0.417188 0.982031 0.121875 0.0359375
0 0.910937 0.0423828 0.121875 0.0847656
0 0.983594 0.535937 0.0328125 0.053125
0 0.983203 0.5625 0.0335938 0.0546875
0 0.145679 0.971875 0.189893 0.053125
0 0.542578 1 0.18125 0
0 0.0399414 0.0807617 0.0798828 0.0564453
0 0.964063 0.163672 0.071875 0.0484375
0 0.797656 0.69375 0.182812 0.0421875
0 0.939844 0.867188 0.120313 0.0421875
0 0.977344 0.0538086 0.0453125 0.0601563
0 0.325 0.491016 0.186719 0.0414063
0 0.983594 0.610938 0.0328125 0.05625
0 0.323438 0.466406 0.184375 0.040625
0 0.191211 0.489844 0.170313 0.0421875
0 0.984375 0.6375 0.03125 0.0546875
0 0.595313 0.840625 0.179688 0.0421875
0 0.167773 1 0.181641 0
0 0.964063 0.139258 0.071875 0.0507812
0 0.8375 0.167285 0.164062 0.0423828
0 0.984766 0.434375 0.0304688 0.0578125
0 0.702344 0.466406 0.192188 0.040625
0 0.168164 0.914062 0.175391 0.040625
0 0.964063 0.0882813 0.071875 0.0439453
0 0.980469 0.333984 0.0390625 0.059375
0 0.250781 0.541016 0.188672 0.0398437
0 0.449609 0.631934 0.502344 0.704883
0 0.384473 0.548535 0.562305 0.754492
0 0.502344 0.514453 0.508594 0.752344
0 0.330664 0.647266 0.545703 0.705469
0 0.444629 0.755859 0.491992 0.488281
0 0.294922 0.48584 0.552344 0.756445
0 0.317773 0.738672 0.580078 0.522656
0 0.240039 0.47666 0.480078 0.257617
0 0.254297 0.608984 0.508594 0.707031
0 0.555469 0.351172 0.510938 0.702344
0 0.529688 0.749219 0.474219 0.395313
0 0.632031 0.810938 0.253125 0.207813
0 0.587891 0.475391 0.491406 0.557031
0 0.247266 0.660156 0.494531 0.342187
0 0.680469 0.81875 0.253125 0.13125
0 0.698438 0.707031 0.171875 0.215625
0 0.235156 0.548438 0.470313 0.2125
0 0.639941 0.282422 0.61543 0.564844
0 0.635938 0.760547 0.246875 0.214844
0 0.677344 0.785156 0.257812 0.14375
0 0.43584 0.448535 0.54707 0.756055
0 0.720313 0.714063 0.221875 0.153125
0 0.603516 0.641406 0.261719 0.207813
0 0.6875 0.717969 0.239063 0.190625
0 0.630078 0.862695 0.253125 0.202734
0 0.782813 0.434473 0.246875 0.207617
0 0.661719 0.785156 0.245312 0.223438
0 0.678906 0.756641 0.254688 0.149219
0 0.266797 0.700781 0.533594 0.4875
0 0.720313 0.682422 0.223438 0.184375
0 0.739062 0.836133 0.18125 0.137109
0 0.818555 0.476562 0.219141 0.132812
0 0.810156 0.394629 0.0734375 0.101367
0 0.723828 0.744531 0.213281 0.120313
0 0.70625 0.658203 0.2 0.194531
0 0.728516 0.767188 0.200781 0.125
0 0.743359 0.898438 0.164844 0.179688
0 0.587891 0.589063 0.482031 0.398438
0 0.738672 0.806055 0.180469 0.147266
0 0.81543 0.453125 0.225391 0.151562
0 0.68125 0.842969 0.248438 0.125
0 0.740625 0.739062 0.23125 0.165625
0 0.815625 0.5 0.229687 0.134375
0 0.480859 0.331641 0.525781 0.663281
0 0.738672 0.437891 0.242969 0.2125
0 0.661719 0.741016 0.195312 0.194531
0 0.685156 0.876563 0.232813 0.178125
0 0.317969 0.369531 0.635938 0.739062
0 0.855469 0.510156 0.195312 0.151562
0 0.611719 0.6875 0.25 0.214062
0 0.739062 0.854688 0.242188 0.173438
0 0.761719 0.718359 0.245312 0.194531
0 0.740625 0.639844 0.234375 0.164062
0 0.823438 0.396777 0.075 0.104883
0 0.864844 0.523438 0.2375 0.178125
0 0.739062 0.901563 0.251563 0.196875
0 0.71875 0.865625 0.214062 0.1375
0 0.660937 0.832031 0.245312 0.201563
0 0.760547 0.505469 0.246094 0.1875
0 0.784375 0.5875 0.25625 0.1875
0 0.808594 0.527344 0.246875 0.148438
0 0.741406 0.782617 0.234375 0.159766
0 0.89375 0.610156 0.2125 0.1625
0 0.845313 0.464844 0.210938 0.167187
0 0.739844 0.672656 0.235938 0.146875
0 0.222266 0.628125 0.444531 0.33125
0 0.861719 0.5875 0.246875 0.173438
0 0.704688 0.612891 0.20625 0.207031
0 0.834375 0.553516 0.24375 0.15
0 0.616406 0.266406 0.535937 0.532813
0 0.692187 0.909375 0.214062 0.167187
0 0.835156 0.432422 0.234375 0.152344
0 0.0221436 0.0121582 0.0442871 0.0243164
0 0.748047 0.930469 0.157031 0.139063
0 0.0650391 0.0634277 0.130078 0.126855
0 0.760547 0.55 0.247656 0.159375
0 0.798633 0.382031 0.0683594 0.0734375
0 0.892578 0.785742 0.214844 0.134766
0 0.829492 0.608984 0.262891 0.192188
0 0.967969 0.603516 0.0640625 0.132031
0 0.810938 0.382031 0.0671875 0.0757812
0 0.900781 0.758984 0.196875 0.158594
0 0.845117 0.39375 0.212891 0.148438
0 0.946875 0.798438 0.10625 0.148438
0 0.885742 0.627734 0.228516 0.136719
0 0.875781 0.315625 0.14375 0.119531
0 0.701563 0.567969 0.209375 0.196875
0 0.804492 0.639844 0.269141 0.210938
0 0.890625 0.566016 0.21875 0.175781
0 0.914062 0.623047 0.171875 0.117188
0 0.875195 0.452734 0.212109 0.175
0 0.610156 0.889063 0.25 0.220313
0 0.482129 0.817773 0.476367 0.364453
0 0.758203 0.823438 0.258594 0.195312
0 0.853906 0.63125 0.265625 0.178125
0 0.859375 0.80293 0.254688 0.178516
0 0.692578 0.232813 0.614844 0.465625
0 0.721875 0.498437 0.221875 0.226562
0 0.885547 0.725391 0.228906 0.150781
0 0.891406 0.664062 0.217188 0.160938
0 0.8625 0.344336 0.175 0.126953
0 0.786133 0.871875 0.258984 0.184375
0 0.908594 0.396484 0.139063 0.148438
0 0.742188 0.361523 0.239063 0.209766
0 0.736719 0.577734 0.242188 0.149219
0 0.876563 0.828906 0.246875 0.160938
0 0.587891 0.861133 0.249219 0.208984
0 0.785937 0.416309 0.239063 0.136133
0 0.879883 0.502344 0.240234 0.167969
0 0.939844 0.768359 0.120313 0.171094
0 0.928125 0.585938 0.14375 0.153906
0 0.945312 0.701953 0.109375 0.158594
0 0.122949 0.293945 0.206836 0.141406
0 0.742188 0.402344 0.2375 0.18125
0 0.971484 0.628906 0.0570313 0.125
0 0.825 0.380469 0.06875 0.084375
0 0.725 0.767188 0.06875 0.107813
0 0.0943359 0.0719727 0.188672 0.143945
0 0.104712 0.23457 0.196826 0.135547
0 0.0623535 0.0375 0.124707 0.075
0 0.904688 0.425 0.15 0.157031
0 0.76875 0.33125 0.229687 0.176563
0 0.939844 0.216797 0.120313 0.129688
0 0.663281 0.925781 0.226562 0.148438
0 0.900391 0.835156 0.199219 0.171875
0 0.94375 0.657422 0.1125 0.139063
0 0.932813 0.179883 0.13125 0.117969
0 0.886133 0.257471 0.227734 0.166309
0 0.808594 0.717969 0.259375 0.1875
0 0.858594 0.767578 0.257812 0.194531
0 0.892578 0.219531 0.214844 0.140625
0 0.101758 0.276563 0.203516 0.157813
0 0.282813 0.870313 0.530469 0.259375
0 0.786719 0.911719 0.2375 0.176563
0 0.889063 0.696094 0.221875 0.15625
0 0.786719 0.354102 0.242188 0.190234
0 0.691797 0.310937 0.616406 0.4125
0 0.881641 0.544531 0.236719 0.178125
0 0.785937 0.747656 0.253125 0.190625
0 0.121582 0.266797 0.212305 0.135547
0 0.782617 0.795313 0.256641 0.178125
0 0.805469 0.842969 0.26875 0.184375
0 0.575781 0.82793 0.2125 0.212891
0 0.794531 0.389941 0.08125 0.0919922
0 0.93125 0.566797 0.1375 0.194531
0 0.882812 0.297656 0.234375 0.158594
0 0.907031 0.281641 0.185938 0.127344
0 0.764063 0.392188 0.240625 0.145313
0 0.786719 0.694531 0.25 0.184375
0 0.90625 0.798438 0.1875 0.15625
0 0.725 0.789844 0.06875 0.103125
0 0.938672 0.247266 0.122656 0.136719
0 0.0923828 0.120117 0.184766 0.180078
0 0.916406 0.19668 0.164062 0.118359
0 0.948047 0.200195 0.103906 0.114844
0 0.695703 0.941406 0.203906 0.117188
0 0.747656 0.435937 0.16875 0.215625
0 0.807031 0.673828 0.265625 0.191406
0 0.0632324 0.820312 0.126465 0.153125
0 0.158496 0.236523 0.143164 0.128906
0 0.185156 0.235156 0.122656 0.124609
0 0.728125 0.753516 0.078125 0.110156
0 0.773047 0.634375 0.0742188 0.1125
0 0.712109 0.780469 0.0671875 0.107813
0 0.103711 0.305469 0.207422 0.175781
0 0.7375 0.8 0.0703125 0.101562
0 0.903906 0.323047 0.146875 0.128906
0 0.811719 0.404785 0.234375 0.12793
0 0.744531 0.632812 0.084375 0.1125
0 0.741797 0.741797 0.0820312 0.110156
0 0.911719 0.728125 0.176563 0.15625
0 0.807031 0.771094 0.260938 0.189063
0 0.961719 0.250391 0.0765625 0.121484
0 0.907031 0.355664 0.142188 0.137109
0 0.8625 0.398535 0.06875 0.0904297
0 0.8375 0.381641 0.06875 0.0953125
0 0.0922852 0.412109 0.18457 0.179688
0 0.83418 0.738281 0.256641 0.182812
0 0.745313 0.607813 0.0875 0.119531
0 0.159961 0.0795898 0.243359 0.15918
0 0.835156 0.81875 0.248438 0.165625
0 0.879687 0.471875 0.240625 0.167187
0 0.836719 0.395313 0.0765625 0.10625
0 0.774219 0.578125 0.0703125 0.103125
0 0.959375 0.221484 0.08125 0.123828
0 0.753125 0.816406 0.078125 0.10625
0 0.716797 0.742188 0.0804688 0.110937
0 0.138965 0.213867 0.182227 0.169531
0 0.82168 0.347461 0.216016 0.140234
0 0.0791016 0.0939453 0.158203 0.177734
0 0.757031 0.551953 0.0828125 0.103906
0 0.705859 0.767969 0.0820312 0.1125
0 0.102344 0.216797 0.204688 0.182812
0 0.729688 0.942969 0.19375 0.114063
0 0.0291016 0.0121826 0.0582031 0.0243652
0 0.955469 0.485156 0.0890625 0.0765625
0 0.903906 0.535156 0.192188 0.170313
0 0.872656 0.370898 0.0703125 0.0910156
0 0.8625 0.414453 0.071875 0.103125
0 0.752344 0.736719 0.0765625 0.0984375
0 0.754297 0.645312 0.0835937 0.115625
0 0.753125 0.700391 0.0765625 0.103906
0 0.381348 0.323047 0.593555 0.646094
0 0.754687 0.536328 0.078125 0.0804688
0 0.922656 0.545313 0.154688 0.192188
0 0.761719 0.607031 0.071875 0.114063
0 0.785742 0.634375 0.0722656 0.109375
0 0.934375 0.156836 0.128125 0.152734
0 0.851562 0.389844 0.075 0.103906
0 0.162207 0.169727 0.174023 0.135547
0 0.14668 0.325977 0.153906 0.110547
0 0.858594 0.862695 0.246875 0.177734
0 0.709375 0.807813 0.0945313 0.123438
0 0.85293 0.666797 0.266016 0.186719
0 0.0532227 0.0541992 0.106445 0.108398
0 0.139453 0.14397 0.230859 0.160107
0 0.753125 0.580469 0.0765625 0.103125
0 0.773828 0.73125 0.0742188 0.084375
0 0.181836 0.202734 0.13125 0.141016
0 0.9625 0.280859 0.075 0.115625
0 0.741406 0.579688 0.0765625 0.0953125
0 0.131543 0.0899414 0.254883 0.176367
0 0.441406 0.678125 0.226562 0.260938
0 0.957812 0.485938 0.04375 0.075
0 0.0830078 0.249658 0.166016 0.193652
0 0.881641 0.325977 0.236719 0.153516
0 0.604297 0.602344 0.264844 0.229687
0 0.636719 0.903125 0.239063 0.19375
0 0.95 0.483594 0.06875 0.0640625
0 0.860938 0.337305 0.071875 0.0972656
0 0.799805 0.633203 0.0722656 0.107031
0 0.740625 0.691406 0.0765625 0.110937
0 0.95 0.648438 0.1 0.1125
0 0.753906 0.620313 0.0796875 0.115625
0 0.585547 0.667578 0.474219 0.336719
0 0.79043 0.550391 0.0816406 0.0992187
0 0.713672 0.685547 0.0710938 0.0914062
0 0.728125 0.730469 0.08125 0.114063
0 0.684375 0.641406 0.146875 0.2
0 0.773828 0.604297 0.0726563 0.108594
0 0.104492 0.324609 0.208984 0.119531
0 0.583594 0.785156 0.196094 0.229687
0 0.093457 0.158691 0.186914 0.164258
0 0.0780273 0.4125 0.155273 0.178906
0 0.775781 0.539453 0.0734375 0.0882813
0 0.188086 0.0937744 0.229297 0.16167
0 0.177344 0.119922 0.20625 0.173438
0 0.879687 0.295898 0.1375 0.119141
0 0.559766 0.891406 0.245312 0.217188
0 0.0740723 0.460156 0.148145 0.153125
0 0.0430176 0.0108398 0.0819336 0.0216797
0 0.725391 0.817969 0.0726563 0.1125
0 0.955469 0.201758 0.0890625 0.180859
0 0.788281 0.372266 0.065625 0.059375
0 0.0917969 0.450391 0.183594 0.199219
0 0.959375 0.690625 0.071875 0.090625
0 0.714453 0.701172 0.0742188 0.102344
0 0.740234 0.716797 0.0773438 0.109375
0 0.760156 0.834375 0.06875 0.109375
0 0.932031 0.231641 0.135937 0.155078
0 0.713281 0.833594 0.0742188 0.117188
0 0.196289 0.145801 0.164844 0.154492
0 0.950781 0.353906 0.0984375 0.146875
0 0.853125 0.364063 0.075 0.102344
0 0.7625 0.710938 0.0671875 0.090625
0 0.134961 0.0670898 0.241016 0.13418
0 0.9625 0.505469 0.075 0.157813
0 0.882812 0.416504 0.234375 0.14668
0 0.854688 0.789844 0.090625 0.09375
0 0.833594 0.697656 0.259375 0.185938
0 0.853125 0.430859 0.0828125 0.114844
0 0.735156 0.619531 0.090625 0.117188
0 0.209326 0.207227 0.119629 0.130078
0 0.773828 0.657422 0.0742188 0.117969
0 0.208936 0.0845215 0.246191 0.169043
0 0.0935547 0.20957 0.187109 0.205078
0 0.539062 0.885938 0.249219 0.18125
0 0.73125 0.593359 0.0859375 0.105469
0 0.192969 0.139673 0.221094 0.149561
0 0.764844 0.567187 0.071875 0.10625
0 0.788281 0.299219 0.240625 0.188281
0 0.744531 0.657422 0.0859375 0.120313
0 0.703906 0.670703 0.071875 0.0710938
0 0.752344 0.800195 0.071875 0.102734
0 0.184814 0.0695801 0.243652 0.13916
0 0.538281 0.910156 0.246875 0.179688
0 0.923438 0.660937 0.06875 0.078125
0 0.0465332 0.0283691 0.0930664 0.0567383
0 0.920313 0.380469 0.159375 0.142969
0 0.920313 0.641406 0.0625 0.075
0 0.0661133 0.169824 0.132227 0.15918
0 0.208545 0.249268 0.117285 0.149902
0 0.7875 0.617188 0.0734375 0.109375
0 0.737109 0.644531 0.0960938 0.117188
0 0.726562 0.691406 0.071875 0.107031
0 0.0683106 0.224805 0.136621 0.201172
0 0.9625 0.300781 0.075 0.113281
0 0.774609 0.708984 0.0695313 0.0867188
0 0.208936 0.172461 0.132129 0.130469
0 0.900781 0.292578 0.148438 0.14375
0 0.659375 0.301367 0.68125 0.602734
0 0.432129 0.602734 0.63418 0.700781
0 0.397266 0.499316 0.744531 0.704492
0 0.688281 0.327734 0.623438 0.655469
0 0.382031 0.663281 0.348438 0.6625
0 0.526172 0.549902 0.947656 0.70332
0 0.325 0.548535 0.65 0.707617
0 0.512598 0.450098 0.735742 0.706055
0 0.552734 0.332422 0.694531 0.664844
0 0.642969 0.618066 0.714063 0.745117
0 0.677734 0.276563 0.644531 0.553125
0 0.33125 0.498437 0.6625 0.709375
0 0.60625 0.277344 0.684375 0.554688
0 0.332422 0.605078 0.447656 0.689844
0 0.662305 0.40625 0.675391 0.8125
0 0.651172 0.405371 0.697656 0.72207
0 0.412109 0.394531 0.824219 0.789062
0 0.477246 0.663281 0.358008 0.673438
0 0.604688 0.502441 0.790625 0.71543
0 0.87793 0.842188 0.244141 0.315625
0 0.430078 0.304297 0.739844 0.608594
0 0.321484 0.711328 0.4 0.577344
0 0.920703 0.911719 0.158594 0.176563
0 0.235156 0.703906 0.470313 0.559375
0 0.891797 0.87168 0.216406 0.256641
0 0.882812 0.904688 0.215625 0.190625
0 0.951563 0.879687 0.059375 0.115625
0 0.375391 0.727344 0.316406 0.545313
0 0.323828 0.282422 0.647656 0.564844
0 0.960938 0.890625 0.046875 0.06875
0 0.857813 0.841406 0.06875 0.0671875
0 0.442578 0.701953 0.282813 0.596094
0 0.948438 0.914062 0.103125 0.171875
0 0.882227 0.767188 0.235547 0.465625
0 0.832812 0.848437 0.334375 0.3
0 0.761914 0.455859 0.476172 0.853906
0 0.897656 0.799609 0.190625 0.400781
0 0.965625 0.8875 0.0390625 0.059375
0 0.945312 0.888281 0.08125 0.115625
0 0.799219 0.879297 0.401563 0.241406
0 0.959375 0.872656 0.059375 0.103125
0 0.942969 0.872656 0.071875 0.109375
0 0.928125 0.903125 0.11875 0.19375
0 0.9625 0.90625 0.053125 0.115625
0 0.778125 0.383984 0.334375 0.714844
0 0.861719 0.849219 0.078125 0.046875
0 0.953125 0.90625 0.06875 0.125
0 0.867969 0.878125 0.240625 0.15625
0 0.601562 0.94375 0.0953125 0.1125
0 0.936719 0.83418 0.126563 0.331641
0 0.939453 0.926953 0.121094 0.146094
0 0.339648 0.751953 0.503516 0.496094
0 0.710156 0.564063 0.579688 0.657813
0 0.9625 0.927344 0.075 0.145313
0 0.792969 0.809375 0.414062 0.38125
0 0.944531 0.779688 0.110937 0.440625
0 0.363086 0.403027 0.726172 0.731445
0 0.8625 0.839844 0.0484375 0.06875
0 0.967188 0.9125 0.0375 0.109375
0 0.96875 0.894531 0.0375 0.0640625
0 0.859375 0.853125 0.059375 0.0375
0 0.94375 0.857813 0.078125 0.090625
0 0.599609 0.88125 0.435156 0.2375
0 0.842969 0.909375 0.267188 0.18125
0 0.808594 0.414062 0.382812 0.7
0 0.861719 0.859375 0.0640625 0.0375
0 0.582812 0.939844 0.142188 0.120313
0 0.946875 0.90625 0.103125 0.117188
0 0.866406 0.859375 0.0359375 0.0390625
0 0.538672 0.6125 0.307031 0.651563
0 0.840625 0.657813 0.31875 0.684375
0 0.871875 0.85 0.0328125 0.0421875
0 0.85 0.859375 0.053125 0.040625
0 0.938281 0.698438 0.1 0.107813
0 0.771094 0.963281 0.053125 0.0703125
0 0.929688 0.861719 0.06875 0.0734375
0 0.766797 0.971875 0.0335938 0.053125
0 0.28125 0.377344 0.5625 0.754687
0 0.891406 0.845313 0.2 0.103125
0 0.19375 0.565527 0.3875 0.506445
0 0.256836 0.719922 0.513672 0.516406
0 0.900781 0.852344 0.090625 0.059375
0 0.967188 0.925 0.040625 0.15
0 0.946875 0.8625 0.059375 0.1125
0 0.875 0.859375 0.0453125 0.046875
0 0.765234 0.980469 0.0289063 0.0390625
0 0.700781 0.592188 0.598437 0.815625
0 0.973047 0.930469 0.0539063 0.139063
0 0.909375 0.873438 0.11875 0.1125
0 0.9375 0.911719 0.09375 0.0609375
0 0.491016 0.696094 0.290625 0.592188
0 0.910937 0.862695 0.151562 0.271484
0 0.769141 0.924219 0.228906 0.151562
0 0.950391 0.873828 0.0992187 0.252344
0 0.860156 0.875 0.0765625 0.0671875
0 0.882812 0.845313 0.109375 0.0625
0 0.63125 0.939844 0.0484375 0.101562
0 0.96875 0.667969 0.025 0.0421875
0 0.229492 0.623828 0.220703 0.282031
0 0.978906 0.940625 0.0421875 0.11875
0 0.740625 0.317529 0.175 0.304785
0 0.756641 0.927344 0.260156 0.145313
0 0.753906 0.948438 0.18125 0.103125
0 0.4125 0.652344 0.250781 0.251563
0 0.685156 0.905859 0.629687 0.188281
0 0.976562 0.930469 0.040625 0.139063
0 0.767188 0.978125 0.040625 0.04375
0 0.782031 0.970313 0.1125 0.059375
0 0.967969 0.896094 0.0515625 0.08125
0 0.8875 0.85957 0.210938 0.205859
0 0.963281 0.927344 0.0625 0.145313
0 0.929688 0.853125 0.053125 0.059375
0 0.965625 0.670313 0.034375 0.05
0 0.544531 0.938281 0.229687 0.123438
0 0.627734 0.941797 0.0609375 0.116406
0 0.91875 0.854688 0.040625 0.05625
0 0.94375 0.923438 0.0953125 0.075
0 0.985156 0.945703 0.0296875 0.108594
0 0.967969 0.682031 0.034375 0.0671875
0 0.951563 0.96875 0.096875 0.05625
0 0.924219 0.969531 0.071875 0.05625
0 0.790625 0.978125 0.153125 0.04375
0 0.210938 0.673438 0.421875 0.495313
0 0.989062 0.975 0.021875 0.05
0 0.560156 0.439941 0.201563 0.316992
0 0.541406 0.516504 0.251563 0.287305
0 0.423438 0.759375 0.717188 0.48125
0 0.802344 0.942187 0.128125 0.115625
0 0.625 0.9375 0.09375 0.125
0 0.889063 0.91875 0.221875 0.1625
0 0.907813 0.925 0.0296875 0.046875
0 0.901563 0.690625 0.19375 0.145313
0 0.939063 0.838281 0.0953125 0.314063
0 0.6375 0.939844 0.0484375 0.0890625
0 0.891406 0.674219 0.217188 0.651563
0 0.907813 0.865625 0.103125 0.084375
0 0.631641 0.928906 0.0375 0.0578125
0 0.98125 0.921875 0.0375 0.15625
0 0.922656 0.902344 0.0921875 0.0828125
0 0.644531 0.9375 0.096875 0.125
0 0.973437 0.671094 0.0375 0.046875
0 0.960156 0.942187 0.0796875 0.115625
0 0.562109 0.545703 0.25 0.2625
0 0.9125 0.960156 0.071875 0.0796875
0 0.94375 0.964063 0.065625 0.071875
0 0.96875 0.6875 0.04375 0.0742188
0 0.506152 0.254102 0.68457 0.508203
0 0.922656 0.962891 0.0578125 0.0742188
0 0.632422 0.940625 0.04375 0.071875
0 0.260156 0.597266 0.182031 0.228906
0 0.990234 0.952344 0.0195312 0.0953125
0 0.595313 0.552344 0.198437 0.242188
0 0.614844 0.920313 0.0609375 0.0625
0 0.78125 0.957031 0.075 0.0859375
0 0.967188 0.876563 0.059375 0.13125
0 0.960156 0.696875 0.0671875 0.104688
0 0.82793 0.83125 0.231641 0.09375
0 0.685156 0.926562 0.204688 0.146875
0 0.948438 0.944141 0.08125 0.111719
0 0.984766 0.970703 0.0304688 0.0585938
0 0.416016 0.551562 0.188281 0.320312
0 0.946094 0.969531 0.107813 0.0609375
0 0.278516 0.205859 0.557031 0.411719
0 0.375781 0.129297 0.751563 0.258594
0 0.330859 0.0718262 0.661719 0.143652
0 0.6375 0.945312 0.0640625 0.109375
0 0.347852 0.209375 0.194922 0.284375
0 0.896875 0.961328 0.0828125 0.0773438
0 0.705469 0.315625 0.214062 0.315625
0 0.49375 0.521094 0.177344 0.283594
0 0.899219 0.971875 0.0875 0.053125
0 0.398438 0.343555 0.232813 0.305859
0 0.35 0.703516 0.214844 0.311719
0 0.994922 0.889063 0.0101563 0.221875
0 0.975 0.967578 0.05 0.0648438
0 0.264844 0.660937 0.194141 0.340625
0 0.982031 0.932813 0.0359375 0.134375
0 0.903125 0.953125 0.065625 0.09375
0 0.807617 0.884375 0.266016 0.190625
0 0.216406 0.223633 0.432813 0.447266
0 0.65 0.951172 0.078125 0.0976562
0 0.732031 0.483594 0.34375 0.839063
0 0.702734 0.338281 0.122656 0.296875
0 0.266406 0.587891 0.532813 0.708594
0 0.283398 0.61875 0.191797 0.273438
0 0.942969 0.846875 0.0328125 0.075
0 0.917188 0.698047 0.160938 0.115625
0 0.630469 0.923438 0.0453125 0.065625
0 0.760938 0.963281 0.046875 0.0734375
0 0.795508 0.982031 0.0871094 0.0359375
0 0.793945 0.971875 0.108984 0.053125
0 0.457422 0.628906 0.234375 0.26875
0 0.907031 0.915625 0.0515625 0.05625
0 0.642188 0.935938 0.145313 0.128125
0 0.323438 0.210352 0.121094 0.2875
0 0.308789 0.310547 0.190234 0.360938
0 0.717578 0.350195 0.180469 0.274609
0 0.896875 0.548438 0.20625 0.203125
0 0.847656 0.839063 0.05 0.071875
0 0.751953 0.292188 0.166406 0.235156
0 0.903125 0.926562 0.040625 0.053125
0 0.907031 0.0896484 0.185938 0.179297
0 0.934375 0.846875 0.05625 0.05625
0 0.522559 0.770312 0.476758 0.3875
0 0.927734 0.0849609 0.144531 0.169922
0 0.800195 0.978125 0.115234 0.04375
0 0.8875 0.576563 0.196875 0.209375
0 0.391309 0.680469 0.254883 0.2375
0 0.708984 0.913281 0.224219 0.173438
0 0.967188 0.696875 0.034375 0.0921875
0 0.529297 0.478125 0.213281 0.31875
0 0.905859 0.519531 0.188281 0.214062
0 0.596484 0.38916 0.242188 0.241992
0 0.884375 0.971875 0.078125 0.0515625
0 0.313672 0.664062 0.174219 0.35
0 0.927344 0.975 0.145313 0.05
0 0.763281 0.982813 0.0265625 0.034375
0 0.0257324 0.44375 0.0514648 0.214062
0 0.729688 0.942187 0.240625 0.115625
0 0.871875 0.971875 0.065625 0.053125
0 0.430078 0.586719 0.223438 0.310937
0 0.85625 0.971875 0.071875 0.053125
0 0.781055 0.978906 0.0816406 0.0421875
0 0.763281 0.335352 0.15625 0.296484
0 0.896875 0.654688 0.18125 0.215625
0 0.507422 0.43125 0.2 0.345313
0 0.495313 0.266064 0.234375 0.285059
0 0.657422 0.302295 0.200781 0.299316
0 0.514453 0.458984 0.152344 0.325781
0 0.050293 0.445703 0.100586 0.214844
0 0.88125 0.964063 0.071875 0.071875
0 0.355273 0.32793 0.222266 0.308203
0 0.0291504 0.496094 0.0583008 0.217188
0 0.36875 0.646875 0.225781 0.296875
0 0.443359 0.220313 0.222656 0.284766
0 0.63125 0.152344 0.223438 0.266406
0 0.739062 0.771484 0.2125 0.214844
0 0.588281 0.16543 0.223438 0.319141
0 0.698438 0.631641 0.54375 0.391406
0 0.310352 0.24082 0.215234 0.287891
0 0.882812 0.0921875 0.179688 0.184375
0 0.329102 0.742578 0.198828 0.342969
0 0.533984 0.302539 0.191406 0.341797
0 0.682031 0.358594 0.117188 0.273438
0 0.908594 0.976562 0.132812 0.04375
0 0.926172 0.46084 0.147656 0.231445
0 0.389844 0.507129 0.185938 0.331055
0 0.220361 0.0737305 0.231934 0.147461
0 0.96875 0.70625 0.0625 0.117188
0 0.813281 0.976562 0.153125 0.046875
0 0.358789 0.400781 0.168359 0.307813
0 0.970313 0.704297 0.04375 0.114063
0 0.549219 0.143262 0.190625 0.283398
0 0.265625 0.490625 0.186719 0.376563
0 0.363086 0.505859 0.201953 0.360938
0 0.917969 0.0966797 0.164062 0.193359
0 0.626563 0.249609 0.204688 0.291406
0 0.0588867 0.114453 0.117773 0.20625
0 0.232861 0.478906 0.201465 0.369531
0 0.905469 0.80957 0.16875 0.312109
0 0.973437 0.917188 0.034375 0.1125
0 0.8875 0.952344 0.075 0.084375
0 0.605078 0.792188 0.461719 0.39375
0 0.0527344 0.517969 0.105469 0.2125
0 0.27207 0.276563 0.138672 0.2875
0 0.866406 0.935156 0.25 0.129688
0 0.903125 0.907813 0.084375 0.065625
0 0.828906 0.973437 0.08125 0.05
0 0.8 0.820508 0.257812 0.118359
0 0.932813 0.709375 0.13125 0.128906
0 0.915625 0.513281 0.1625 0.203125
0 0.0297852 0.395996 0.0595703 0.21582
0 0.8625 0.798242 0.15625 0.150391
0 0.960938 0.661719 0.05 0.0539063
0 0.867188 0.965625 0.0375 0.06875
0 0.890625 0.928125 0.06875 0.059375
0 0.793555 0.960938 0.0785156 0.078125
0 0.814258 0.292383 0.183984 0.245703
0 0.314844 0.511328 0.185156 0.364844
0 0.0274902 0.564844 0.0549805 0.209375
0 0.453125 0.399219 0.2125 0.320312
0 0.0572754 0.853906 0.114551 0.292188
0 0.187305 0.6375 0.148047 0.323438
0 0.607031 0.279687 0.207813 0.300781
0 0.858594 0.965625 0.05 0.06875
0 0.118945 0.0710938 0.237891 0.142188
0 0.712891 0.927344 0.232031 0.145313
0 0.274805 0.0727539 0.236328 0.145508
0 0.89375 0.917188 0.0625 0.059375
0 0.917969 0.482812 0.164062 0.214062
0 0.720703 0.572656 0.558594 0.523438
0 0.936328 0.806445 0.127344 0.346484
0 0.289258 0.0951172 0.578516 0.190234
0 0.80625 0.412891 0.3875 0.449219
0 0.7875 0.938281 0.0375 0.059375
0 0.920313 0.0675781 0.159375 0.135156
0 0.438281 0.672656 0.259375 0.225
0 0.988281 0.982813 0.0234375 0.034375
0 0.289648 0.361328 0.175391 0.357812
0 0.814258 0.786719 0.162109 0.173438
0 0.598047 0.460156 0.491406 0.920313
0 0.504687 0.457813 0.526563 0.915625
0 0.708594 0.441406 0.528125 0.882812
0 0.407129 0.453125 0.541992 0.871875
0 0.527344 0.635938 0.465625 0.728125
0 0.223047 0.636328 0.446094 0.686719
0 0.332227 0.665918 0.664453 0.668164
0 0.276758 0.646484 0.553516 0.707031
0 0.406348 0.649219 0.535742 0.701563
0 0.801758 0.386523 0.396484 0.773047
0 0.599219 0.603906 0.532813 0.792188
0 0.464746 0.613281 0.506445 0.773438
0 0.285742 0.487109 0.571484 0.877344
0 0.965625 0.044812 0.065625 0.0480713
0 0.215234 0.436328 0.430469 0.872656
0 0.585254 0.675391 0.456055 0.649219
0 0.662891 0.6375 0.610156 0.725
0 0.929688 0.0876709 0.140625 0.157861
0 0.875 0.892969 0.25 0.185938
0 0.970313 0.0578125 0.059375 0.0849609
0 0.807813 0.873438 0.384375 0.2125
0 0.916406 0.907813 0.167187 0.184375
0 0.978125 0.682813 0.040625 0.05
0 0.970313 0.0356934 0.059375 0.0602539
0 0.801562 0.803125 0.396875 0.354688
0 0.704688 0.549219 0.590625 0.901563
0 0.969531 0.0339355 0.0609375 0.0678711
0 0.225977 0.41875 0.451953 0.8375
0 0.257812 0.568066 0.515625 0.660742
0 0.650781 0.598828 0.698438 0.802344
0 0.95 0.0828369 0.1 0.159326
0 0.432813 0.676172 0.865625 0.647656
0 0.895312 0.845313 0.209375 0.3
0 0.874023 0.414844 0.251953 0.829688
0 0.944531 0.910937 0.110937 0.175
0 0.857813 0.814258 0.284375 0.371484
0 0.941406 0.863281 0.0859375 0.084375
0 0.610547 0.929688 0.05625 0.053125
0 0.95625 0.870313 0.0703125 0.090625
0 0.9 0.414062 0.2 0.828125
0 0.3375 0.573047 0.578125 0.853906
0 0.629297 0.9375 0.1 0.078125
0 0.953906 0.0644531 0.0921875 0.128906
0 0.766797 0.480469 0.466406 0.898438
0 0.939063 0.854688 0.078125 0.0625
0 0.772266 0.802344 0.455469 0.276563
0 0.925 0.117578 0.15 0.219141
0 0.934375 0.697656 0.13125 0.107813
0 0.965625 0.93125 0.06875 0.1375
0 0.694531 0.045459 0.06875 0.0594727
0 0.654688 0.975 0.06875 0.05
0 0.973828 0.68125 0.0523438 0.05625
0 0.609766 0.950781 0.1625 0.0984375
0 0.174219 0.706641 0.348438 0.427344
0 0.990625 0.969531 0.01875 0.0609375
0 0.959375 0.889844 0.053125 0.0625
0 0.957812 0.0506836 0.084375 0.0632813
0 0.959375 0.9125 0.08125 0.171875
0 0.870508 0.88125 0.227734 0.14375
0 0.88125 0.8375 0.078125 0.071875
0 0.984375 0.0822266 0.03125 0.0652344
0 0.839844 0.892969 0.320312 0.214062
0 0.9625 0.0446289 0.075 0.0892578
0 0.377246 0.759766 0.61582 0.480469
0 0.567871 0.649609 0.573633 0.555469
0 0.986328 0.967969 0.0273438 0.0640625
0 0.826953 0.783594 0.346094 0.332813
0 0.975781 0.702344 0.0484375 0.0890625
0 0.89375 0.692187 0.1 0.121094
0 0.889063 0.9 0.221875 0.2
0 0.946875 0.0570801 0.10625 0.075293
0 0.942578 0.859961 0.114844 0.280078
0 0.624316 0.932813 0.551367 0.134375
0 0.902344 0.651563 0.034375 0.040625
0 0.286914 0.739844 0.570703 0.503125
0 0.890625 0.119141 0.21875 0.238281
0 0.162402 0.640625 0.324805 0.71875
0 0.630078 0.953906 0.0945313 0.0921875
0 0.899219 0.0859375 0.198437 0.146484
0 0.967188 0.895312 0.065625 0.096875
0 0.982031 0.964453 0.0359375 0.0710938
0 0.922656 0.0836426 0.154688 0.167285
0 0.904688 0.65625 0.0421875 0.0484375
0 0.930469 0.0731445 0.139063 0.113477
0 0.617969 0.932813 0.0546875 0.0609375
0 0.978906 0.69375 0.0421875 0.0671875
0 0.897656 0.589453 0.05 0.0507812
0 0.3125 0.853516 0.517188 0.292969
0 0.873438 0.828125 0.040625 0.053125
0 0.89375 0.835938 0.090625 0.065625
0 0.6 0.042041 0.0546875 0.0522461
0 0.695703 0.0581055 0.0734375 0.0820312
0 0.534375 0.950781 0.259375 0.0984375
0 0.416406 0.889453 0.654688 0.221094
0 0.965234 0.0377808 0.0695313 0.044751
0 0.980469 0.0318115 0.0390625 0.063623
0 0.939063 0.877344 0.096875 0.101562
0 0.973437 0.921094 0.053125 0.129688
0 0.975781 0.0659668 0.0484375 0.115723
0 0.640625 0.967188 0.078125 0.0578125
0 0.534375 0.728516 0.121875 0.144531
0 0.208594 0.867188 0.401563 0.264062
0 0.954688 0.896875 0.059375 0.05
0 0.610156 0.115454 0.215625 0.188623
0 0.642188 0.0463013 0.096875 0.0599365
0 0.90625 0.663281 0.046875 0.0679687
0 0.921094 0.811914 0.157813 0.376172
0 0.773438 0.765625 0.0515625 0.0625
0 0.678125 0.759766 0.64375 0.267969
0 0.614844 0.926562 0.0382813 0.046875
0 0.980469 0.678906 0.028125 0.0453125
0 0.496094 0.928906 0.48125 0.142188
0 0.695312 0.0539917 0.0882813 0.0588135
0 0.986719 0.965234 0.0265625 0.0695313
0 0.928125 0.851562 0.0625 0.05
0 0.94375 0.860938 0.0625 0.090625
0 0.902344 0.842188 0.11875 0.06875
0 0.184668 0.499609 0.369336 0.819531
0 0.976562 0.939063 0.046875 0.121875
0 0.895312 0.85 0.11875 0.0890625
0 0.985156 0.0272949 0.0296875 0.0545898
0 0.697266 0.0717285 0.06875 0.111621
0 0.979688 0.0700195 0.0375 0.0882813
0 0.840625 0.760938 0.31875 0.296875
0 0.984375 0.0918945 0.028125 0.0412109
0 0.989844 0.977344 0.0203125 0.0453125
0 0.953125 0.890625 0.0703125 0.053125
0 0.953906 0.89375 0.078125 0.115625
0 0.873828 0.0976318 0.252344 0.183252
0 0.50625 0.730078 0.83125 0.539844
0 0.951953 0.7 0.0960938 0.0953125
0 0.128516 0.389746 0.252344 0.17832
0 0.218359 0.392969 0.436719 0.785937
0 0.765234 0.764453 0.0757812 0.0617188
0 0.88125 0.848437 0.090625 0.08125
0 0.941797 0.898438 0.116406 0.203125
0 0.701563 0.0493286 0.0515625 0.0622803
0 0.979688 0.210742 0.0375 0.0804688
0 0.937109 0.671484 0.125781 0.0804688
0 0.687109 0.0507324 0.125781 0.0672852
0 0.366211 0.164258 0.158203 0.198828
0 0.901563 0.64375 0.040625 0.0453125
0 0.965625 0.898438 0.0484375 0.046875
0 0.342969 0.158789 0.210156 0.215625
0 0.9 0.5875 0.034375 0.040625
0 0.973437 0.0303223 0.053125 0.0606445
0 0.630469 0.039148 0.107813 0.0482666
0 0.162109 0.829688 0.324219 0.279687
0 0.714063 0.0977539 0.0359375 0.0669922
0 0.977344 0.670313 0.0453125 0.0484375
0 0.561719 0.121289 0.198437 0.219531
0 0.581641 0.0916016 0.214844 0.160156
0 0.89375 0.682422 0.075 0.105469
0 0.475098 0.922656 0.654492 0.154688
0 0.902344 0.673438 0.059375 0.0890625
0 0.48125 0.723047 0.24375 0.155469
0 0.64375 0.127441 0.225 0.206836
0 0.963281 0.911719 0.0734375 0.128125
0 0.917969 0.667969 0.0859375 0.0710938
0 0.901563 0.579688 0.0390625 0.0515625
0 0.9 0.628906 0.0515625 0.065625
0 0.605469 0.0374512 0.0515625 0.0454102
0 0.895312 0.667188 0.053125 0.084375
0 0.603906 0.934375 0.0984375 0.0703125
0 0.0359131 0.267188 0.0718262 0.128125
0 0.95 0.103223 0.1 0.204883
0 0.102734 0.804492 0.205469 0.266016
0 0.971875 0.689063 0.05625 0.0609375
0 0.924219 0.865625 0.0921875 0.096875
0 0.0657227 0.258789 0.131445 0.105859
0 0.879687 0.826563 0.025 0.046875
0 0.539062 0.684375 0.0640625 0.05
0 0.78125 0.758984 0.0421875 0.0539063
0 0.870313 0.8375 0.071875 0.078125
0 0.982813 0.951953 0.034375 0.0960938
0 0.528906 0.728906 0.0984375 0.125
0 0.964063 0.4625 0.071875 0.120313
0 0.510938 0.725 0.127344 0.1375
0 0.975781 0.0577148 0.0484375 0.11543
0 0.136426 0.357422 0.226367 0.107813
0 0.9375 0.0699341 0.125 0.0939209
0 0.655469 0.969531 0.0484375 0.046875
0 0.980469 0.088501 0.0375 0.0620605
0 0.168848 0.370508 0.170508 0.149609
0 0.603906 0.384766 0.392188 0.740625
0 0.895312 0.605469 0.046875 0.0921875
0 0.835938 0.867188 0.307813 0.134375
0 0.601953 0.917969 0.678906 0.164062
0 0.947656 0.0321533 0.104688 0.0643066
0 0.156836 0.560938 0.262109 0.197656
0 0.220703 0.566406 0.233203 0.195312
0 0.845508 0.869531 0.227734 0.11875
0 0.567187 0.729297 0.109375 0.146094
0 0.725781 0.854492 0.548438 0.241016
0 0.989062 0.95625 0.021875 0.0875
0 0.717773 0.435254 0.564453 0.763867
0 0.984375 0.191797 0.028125 0.0496094
0 0.984375 0.186328 0.03125 0.05
0 0.132422 0.532813 0.25625 0.220313
0 0.675781 0.974609 0.0953125 0.0507812
0 0.95 0.904688 0.096875 0.1375
0 0.374609 0.212305 0.157031 0.201172
0 0.891406 0.840625 0.0609375 0.05625
0 0.938672 0.145996 0.122656 0.286523
0 0.923438 0.672656 0.1 0.0875
0 0.231445 0.944531 0.100391 0.110937
0 0.854297 0.728125 0.291406 0.2375
0 0.683594 0.896875 0.632812 0.20625
0 0.971875 0.567969 0.0375 0.071875
0 0.865625 0.859375 0.090625 0.0828125
0 0.9875 0.942187 0.025 0.115625
0 0.927344 0.695312 0.145313 0.114063
0 0.0138672 0.926562 0.0277344 0.146875
0 0.985938 0.0879883 0.028125 0.0416016
0 0.0651855 0.333594 0.0674805 0.0484375
0 0.884375 0.724609 0.034375 0.0515625
0 0.926562 0.884375 0.09375 0.13125
0 0.979688 0.0984375 0.040625 0.0900391
0 0.90625 0.575 0.053125 0.065625
0 0.909375 0.863281 0.114063 0.114063
0 0.0977539 0.334961 0.133398 0.0507812
0 0.973437 0.584375 0.03125 0.0421875
0 0.9625 0.0309082 0.075 0.0469727
0 0.905469 0.694531 0.170313 0.11875
0 0.705078 0.0568481 0.0507812 0.0788818
0 0.0524414 0.388672 0.104883 0.164062
0 0.873438 0.817187 0.0375 0.053125
0 0.864844 0.0794922 0.270313 0.128516
0 0.0367188 0.25625 0.0723633 0.101953
0 0.90625 0.282422 0.1875 0.564844
0 0.396094 0.792969 0.0984375 0.1
0 0.984375 0.180273 0.03125 0.05
0 0.232813 0.217773 0.171875 0.164844
0 0.184766 0.385059 0.125 0.17207
0 0.0842773 0.984766 0.0564453 0.0304688
0 0.699219 0.0356934 0.0390625 0.0411133
0 0.229736 0.396191 0.199902 0.210742
0 0.598437 0.0476562 0.0851563 0.0736328
0 0.782813 0.760156 0.028125 0.0546875
0 0.404004 0.760547 0.0732422 0.0492188
0 0.895312 0.0942383 0.059375 0.0888672
0 0.934375 0.223096 0.128125 0.132715
0 0.977344 0.968359 0.0453125 0.0632813
0 0.0548828 0.268555 0.109766 0.128906
0 0.445703 0.629687 0.211719 0.23125
0 0.0373047 0.258203 0.0607422 0.0625
0 0.394434 0.0849609 0.0580078 0.0478516
0 0.883594 0.736328 0.0328125 0.0625
0 0.592188 0.947656 0.111719 0.0875
0 0.0668945 0.580859 0.132812 0.177344
0 0.958594 0.695312 0.0828125 0.0554687
0 0.873438 0.227344 0.0953125 0.103906
0 0.967969 0.213867 0.0625 0.0898438
0 0.571484 0.542969 0.221094 0.2
0 0.83125 0.325977 0.3375 0.611328
0 0.133691 0.848437 0.267383 0.290625
0 0.00787354 0.907031 0.0157471 0.185938
0 0.964063 0.886133 0.071875 0.227734
0 0.557813 0.948438 0.242188 0.103125
0 0.669922 0.536328 0.660156 0.927344
0 0.95 0.485938 0.034375 0.046875
0 0.657031 0.160352 0.199219 0.287891
0 0.641406 0.963281 0.0898438 0.0734375
0 0.658203 0.072168 0.0992187 0.108008
0 0.0224609 0.982031 0.0449219 0.0359375
0 0.127637 0.746875 0.255273 0.35
0 0.516797 0.957812 0.374219 0.084375
0 0.108594 0.564453 0.211328 0.215625
0 0.489844 0.735156 0.192188 0.16875
0 0.908594 0.661719 0.065625 0.06875
0 0.00258789 0.0535645 0.00517578 0.107129
0 0.90625 0.225391 0.1875 0.108594
0 0.972656 0.0384766 0.0546875 0.0769531
0 0.714453 0.112305 0.0328125 0.0496094
0 0.958594 0.678516 0.0828125 0.0695313
0 0.472656 0.642969 0.182812 0.21875
0 0.867773 0.915625 0.264453 0.16875
0 0.590625 0.0568359 0.125781 0.0816406
0 0.396484 0.0888672 0.065625 0.0638672
0 0.879492 0.789062 0.241016 0.3125
0 0.510547 0.125 0.255469 0.25
0 0.466016 0.717578 0.246875 0.224219
0 0.977344 0.20625 0.0453125 0.0964844
0 0.960156 0.133203 0.0796875 0.266406
0 0.703125 0.557031 0.59375 0.325
0 0.892188 0.707031 0.071875 0.148438
0 0.714844 0.116602 0.040625 0.0558594
0 0.978906 0.919531 0.0421875 0.160938
0 0.279492 0.417969 0.263672 0.169531
0 0.658594 0.483594 0.0453125 0.0625
0 0.55625 0.977344 0.0734375 0.0453125
0 0.664844 0.0563965 0.115625 0.062793
0 0.984375 0.108496 0.03125 0.0970703
0 0.967969 0.143457 0.0640625 0.278711
0 0.799219 0.235156 0.040625 0.0671875
0 0.88125 0.715625 0.03125 0.0546875
0 0.908984 0.149707 0.182031 0.258398
0 0.260352 0.449902 0.188672 0.304883
0 0.256445 0.575 0.179297 0.216406
0 0.0283203 0.980859 0.0566406 0.0382813
0 0.813672 0.779492 0.372656 0.441016
0 0.23125 0.575 0.4625 0.85
0 0.296094 0.613281 0.592188 0.771875
0 0.352734 0.717578 0.705469 0.564844
0 0.965625 0.430859 0.06875 0.153125
0 0.666797 0.778125 0.666406 0.44375
0 0.566406 0.946094 0.15 0.107813
0 0.3 0.599219 0.6 0.801562
0 0.544531 0.942187 0.1875 0.115625
0 0.410547 0.791211 0.821094 0.417578
0 0.354883 0.575 0.709766 0.85
0 0.891406 0.573438 0.05 0.0671875
0 0.283984 0.842188 0.567969 0.315625
0 0.17832 0.573828 0.356641 0.728906
0 0.989844 0.9625 0.0203125 0.075
0 0.436328 0.68291 0.872656 0.63418
0 0.521875 0.824609 0.878125 0.350781
0 0.594922 0.480859 0.569531 0.653906
0 0.592969 0.923438 0.075 0.065625
0 0.0312012 0.308984 0.0624023 0.232031
0 0.136035 0.564453 0.27207 0.714844
0 0.832031 0.653516 0.18125 0.230469
0 0.937891 0.478027 0.124219 0.239258
0 0.909375 0.223877 0.18125 0.16084
0 0.377344 0.60625 0.754687 0.7875
0 0.0328369 0.241406 0.0656738 0.100781
0 0.510547 0.258594 0.664844 0.517188
0 0.283203 0.785352 0.566406 0.429297
0 0.574609 0.565234 0.630469 0.869531
0 0.772656 0.749219 0.040625 0.0703125
0 0.651563 0.0767334 0.15625 0.134033
0 0.846875 0.635938 0.14375 0.19375
0 0.896875 0.436719 0.20625 0.547656
0 0.582031 0.769922 0.835938 0.460156
0 0.853906 0.6 0.126563 0.121875
0 0.86875 0.576563 0.0953125 0.0742188
0 0.655469 0.477734 0.0507812 0.0726563
0 0.248828 0.629687 0.497656 0.740625
0 0.907031 0.726562 0.185938 0.182812
0 0.660937 0.355859 0.4375 0.3125
0 0.965625 0.472656 0.06875 0.08125
0 0.678125 0.0763916 0.103125 0.121045
0 0.908984 0.260547 0.182031 0.229687
0 0.230469 0.851953 0.460938 0.296094
0 0.896875 0.571875 0.065625 0.0765625
0 0.816406 0.488184 0.1875 0.24082
0 0.305859 0.664062 0.611719 0.671875
0 0.868555 0.641406 0.256641 0.20625
0 0.159863 0.851758 0.319727 0.296484
0 0.870898 0.69375 0.258203 0.153906
0 0.258594 0.51709 0.517188 0.58457
0 0.816406 0.231836 0.184375 0.132031
0 0.823242 0.600781 0.187891 0.132031
0 0.890625 0.589844 0.0625 0.0921875
0 0.503125 0.725 0.139063 0.159375
0 0.399219 0.807227 0.798438 0.385547
0 0.829102 0.86875 0.341797 0.2625
0 0.542285 0.852734 0.57793 0.294531
0 0.674219 0.935938 0.379688 0.090625
0 0.739062 0.221533 0.148438 0.121777
0 0.967969 0.383984 0.0640625 0.248438
0 0.712891 0.246143 0.207031 0.185059
0 0.717578 0.802344 0.158594 0.176563
0 0.990234 0.944141 0.0195312 0.111719
0 0.906641 0.487598 0.186719 0.24043
0 0.845313 0.696875 0.192188 0.1625
0 0.860938 0.490723 0.109375 0.235742
0 0.520312 0.956641 0.25625 0.0867188
0 0.472754 0.608691 0.657617 0.738867
0 0.921094 0.204492 0.157813 0.135156
0 0.950781 0.430859 0.0984375 0.172656
0 0.597266 0.308984 0.477344 0.4
0 0.892969 0.366406 0.214062 0.392188
0 0.34375 0.777539 0.6875 0.444922
0 0.904688 0.643359 0.190625 0.205469
0 0.598437 0.848047 0.803125 0.303906
0 0.667578 0.087207 0.1125 0.145508
0 0.50625 0.761328 0.134375 0.228906
0 0.773828 0.748438 0.0539063 0.0796875
0 0.955469 0.365625 0.0890625 0.29375
0 0.86875 0.595313 0.09375 0.109375
0 0.659766 0.270703 0.414844 0.213281
0 0.957422 0.458691 0.0851563 0.213867
0 0.648047 0.946094 0.266406 0.107813
0 0.859375 0.574219 0.115625 0.0890625
0 0.88125 0.672656 0.2375 0.148438
0 0.838672 0.268555 0.322656 0.216797
0 0.510938 0.711719 0.120313 0.120313
0 0.828906 0.74375 0.164062 0.0625
0 0.644922 0.402637 0.458594 0.486914
0 0.982031 0.936328 0.0359375 0.127344
0 0.735547 0.266748 0.167969 0.203223
0 0.584766 0.661328 0.830469 0.677344
0 0.885938 0.579688 0.05625 0.0625
0 0.780469 0.221484 0.170313 0.110937
0 0.517188 0.583594 0.803125 0.832812
0 0.695312 0.113281 0.0640625 0.0572266
0 0.696875 0.594141 0.60625 0.492969
0 0.958594 0.935938 0.0828125 0.128125
0 0.427344 0.332813 0.767188 0.665625
0 0.904688 0.6375 0.146875 0.203125
0 0.70625 0.113477 0.040625 0.053125
0 0.815625 0.575391 0.196875 0.127344
0 0.611719 0.95 0.18125 0.096875
0 0.177148 0.83418 0.230859 0.319141
0 0.821094 0.753125 0.154688 0.0671875
0 0.0333008 0.274219 0.0666016 0.157813
0 0.817187 0.617578 0.201563 0.196094
0 0.892188 0.58125 0.134375 0.078125
0 0.391797 0.826367 0.71875 0.347266
0 0.715625 0.45 0.2375 0.121875
0 0.704688 0.466406 0.160938 0.102344
0 0.737891 0.792188 0.113281 0.15
0 0.982031 0.899219 0.0359375 0.201563
0 0.583594 0.932813 0.08125 0.0890625
0 0.889844 0.526953 0.220313 0.747656
0 0.934375 0.734375 0.13125 0.167187
0 0.544141 0.950391 0.361719 0.0992187
0 0.589063 0.889844 0.55 0.220313
0 0.578906 0.888281 0.114063 0.15625
0 0.764844 0.244531 0.13125 0.154688
0 0.878125 0.732813 0.24375 0.21875
0 0.849609 0.365625 0.300781 0.405469
0 0.85332 0.564063 0.293359 0.359375
0 0.682813 0.594531 0.55 0.689063
0 0.828125 0.257031 0.153125 0.173438
0 0.771094 0.764844 0.0546875 0.1
0 0.761328 0.772656 0.0648438 0.107813
0 0.966406 0.453125 0.0671875 0.14375
0 0.707031 0.0886719 0.04375 0.0943359
0 0.701172 0.0813477 0.05625 0.110352
0 0.778125 0.727344 0.05 0.1
0 0.765625 0.760156 0.0609375 0.08125
0 0.988672 0.955469 0.0226563 0.0890625
0 0.537891 0.712109 0.071875 0.135156
0 0.878906 0.944922 0.242188 0.110156
0 0.346484 0.75 0.692969 0.5
0 0.983594 0.963281 0.0328125 0.0734375
0 0.895312 0.22168 0.209375 0.116797
0 0.293359 0.841797 0.586719 0.316406
0 0.992969 0.876953 0.0140625 0.246094
0 0.600781 0.928125 0.0875 0.090625
0 0.675781 0.115625 0.109375 0.0630859
0 0.38125 0.734375 0.7625 0.53125
0 0.920313 0.942578 0.159375 0.114844
0 0.804688 0.213477 0.240625 0.10625
0 0.035083 0.233008 0.070166 0.0710938
0 0.884375 0.5625 0.065625 0.0921875
0 0.210156 0.447656 0.420312 0.485938
0 0.773438 0.739844 0.0359375 0.046875
0 0.601562 0.576563 0.796875 0.814063
0 0.692578 0.267969 0.271094 0.219531
0 0.870313 0.246289 0.146875 0.152734
0 0.560547 0.209766 0.519531 0.419531
0 0.882422 0.916406 0.235156 0.167187
0 0.991406 0.911328 0.0171875 0.177344
0 0.845313 0.752344 0.125 0.184375
0 0.9125 0.796875 0.175 0.289062
0 0.726562 0.832031 0.146875 0.2375
0 0.839844 0.810938 0.320312 0.378125
0 0.685547 0.597754 0.438281 0.574805
0 0.160156 0.355273 0.157813 0.150391
0 0.776563 0.748828 0.08125 0.0539063
0 0.439844 0.494531 0.879687 0.551562
0 0.882031 0.608984 0.104688 0.128906
0 0.719141 0.214111 0.191406 0.172559
0 0.652734 0.479688 0.0695313 0.075
0 0.0255371 0.227734 0.0510742 0.0671875
0 0.830469 0.504687 0.339063 0.257812
0 0.0254883 0.865625 0.0509766 0.265625
0 0.770312 0.734375 0.04375 0.0609375
0 0.131226 0.823438 0.146143 0.273438
0 0.348438 0.303516 0.696875 0.607031
0 0.724609 0.339111 0.550781 0.345996
0 0.71875 0.179639 0.190625 0.191504
0 0.980469 0.860938 0.0390625 0.278125
0 0.696484 0.100562 0.065625 0.0734863
0 0.539844 0.686328 0.0703125 0.0679687
0 0.180664 0.331641 0.134766 0.114844
0 0.914062 0.391406 0.171875 0.464063
0 0.813281 0.769531 0.178125 0.235938
0 0.657813 0.901953 0.684375 0.196094
0 0.920313 0.0654785 0.159375 0.130957
0 0.518652 0.414062 0.712695 0.828125
0 0.955469 0.476172 0.0484375 0.0734375
0 0.911719 0.592188 0.176563 0.150781
0 0.773438 0.733594 0.034375 0.0820312
0 0.749609 0.205811 0.188281 0.138379
0 0.814453 0.441797 0.371094 0.310937
0 0.124219 0.343359 0.231641 0.128125
0 0.828906 0.730859 0.154688 0.200781
0 0.034082 0.880078 0.0681641 0.239844
0 0.714453 0.169336 0.205469 0.290234
0 0.544922 0.898438 0.185156 0.203125
0 0.783594 0.728125 0.08125 0.115625
0 0.786719 0.717188 0.1125 0.121875
0 0.873438 0.84375 0.13125 0.096875
0 0.658203 0.474609 0.0375 0.0648438
0 0.7875 0.435156 0.226562 0.139844
0 0.975781 0.923438 0.0484375 0.129688
0 0.914844 0.685547 0.170313 0.125
0 0.879687 0.544141 0.071875 0.135937
0 0.866016 0.41875 0.267969 0.389844
0 0.921094 0.7625 0.157813 0.207813
0 0.871875 0.783008 0.1125 0.193359
0 0.914062 0.84375 0.171875 0.13125
0 0.46416 0.720313 0.218555 0.160938
0 0.921875 0.0923828 0.15625 0.183203
0 0.89375 0.567187 0.03125 0.0492188
0 0.695312 0.342969 0.0546875 0.0664062
0 0.0193359 0.225781 0.0386719 0.0632813
0 0.564844 0.945312 0.0859375 0.090625
0 0.154517 0.3875 0.169873 0.210156
0 0.867188 0.264453 0.114063 0.184766
0 0.655469 0.486328 0.04375 0.075
0 0.627344 0.312305 0.210938 0.273047
0 0.707422 0.124414 0.0679687 0.0832031
0 0.705078 0.398535 0.153906 0.229492
0 0.676953 0.105664 0.100781 0.0673828
0 0.709375 0.120508 0.1875 0.221484
0 0.767969 0.56875 0.109375 0.107813
0 0.580469 0.94375 0.101562 0.109375
0 0.848437 0.291992 0.15 0.216016
0 0.974609 0.9125 0.0507812 0.09375
0 0.660937 0.11582 0.134375 0.215234
0 0.736328 0.515625 0.527344 0.260938
0 0.302734 0.932813 0.210938 0.128125
0 0.905469 0.9 0.189063 0.2
0 0.824023 0.248486 0.351953 0.153809
0 0.459766 0.761328 0.225 0.236719
0 0.463672 0.2 0.642969 0.4
0 0.199414 0.322656 0.0988281 0.0992187
0 0.682422 0.802344 0.238281 0.185938
0 0.872656 0.839844 0.0640625 0.06875
0 0.692969 0.462891 0.228125 0.096875
0 0.360938 0.932813 0.101562 0.128125
0 0.879492 0.659375 0.241016 0.403125
0 0.0338379 0.257422 0.0676758 0.103125
0 0.959375 0.212061 0.08125 0.155566
0 0.720313 0.462109 0.154688 0.127344
0 0.603906 0.892188 0.159375 0.15
0 0.826367 0.433691 0.137891 0.132617
0 0.979688 0.957812 0.040625 0.084375
0 0.863281 0.538672 0.103125 0.138281
0 0.879687 0.579688 0.071875 0.090625
0 0.0171387 0.327393 0.0342773 0.305371
0 0.873828 0.9625 0.252344 0.075
0 0.904688 0.373633 0.190625 0.246484
0 0.801562 0.236133 0.2875 0.174609
0 0.772266 0.514063 0.111719 0.207031
0 0.94375 0.132617 0.1125 0.265234
0 0.980469 0.349219 0.0390625 0.311719
0 0.0238525 0.902344 0.0477051 0.190625
0 0.528516 0.945703 0.24375 0.108594
0 0.679688 0.416504 0.189063 0.19668
0 0.335156 0.935938 0.165625 0.128125
0 0.802539 0.224219 0.394922 0.448438
0 0.671875 0.229687 0.278125 0.245312
0 0.934375 0.318311 0.13125 0.388379
0 0.984375 0.960938 0.03125 0.078125
0 0.920703 0.35625 0.158594 0.313281
0 0.908594 0.519531 0.182812 0.171875
0 0.966406 0.206445 0.0671875 0.0972656
0 0.439844 0.271875 0.151562 0.121875
0 0.532422 0.714844 0.1 0.125
0 0.811719 0.273828 0.15625 0.180469
0 0.744531 0.484375 0.0375 0.059375
0 0.635938 0.1 0.185938 0.182812
0 0.890625 0.416309 0.184375 0.29082
0 0.760938 0.448438 0.239063 0.117188
0 0.771875 0.471094 0.251563 0.203125
0 0.778125 0.219336 0.0765625 0.0929688
0 0.870313 0.232813 0.084375 0.102344
0 0.971094 0.850781 0.0578125 0.290625
0 0.764844 0.270313 0.115625 0.175781
0 0.898438 0.567969 0.0890625 0.0875
0 0.783594 0.232031 0.0734375 0.0957031
0 0.212109 0.316211 0.118359 0.0765625
0 0.765234 0.738281 0.0585938 0.0921875
0 0.951563 0.894531 0.096875 0.210938
0 0.769531 0.206592 0.0828125 0.0922852
0 0.853906 0.369531 0.178125 0.169531
0 0.785937 0.306055 0.428125 0.285547
0 0.548438 0.679297 0.059375 0.0648438
0 0.750391 0.778125 0.100781 0.123438
0 0.0576172 0.84375 0.115234 0.310937
0 0.990234 0.15166 0.0195312 0.0869141
0 0.966797 0.235107 0.0664062 0.179004
0 0.399219 0.547266 0.798438 0.689844
0 0.96875 0.0773682 0.0625 0.150732
0 0.985938 0.127832 0.028125 0.255664
0 0.649219 0.427734 0.251563 0.16875
0 0.890234 0.868945 0.219531 0.262109
0 0.0905273 0.817187 0.181055 0.284375
0 0.414453 0.131738 0.666406 0.263477
0 0.913672 0.621875 0.172656 0.160938
0 0.784375 0.717578 0.0609375 0.133594
0 0.757031 0.796094 0.0921875 0.1625
0 0.971094 0.903906 0.0578125 0.096875
0 0.8875 0.5125 0.225 0.253125
0 0.0365723 0.289062 0.0731445 0.154688
0 0.486719 0.828516 0.336719 0.342969
0 0.0346191 0.260547 0.0692383 0.123438
0 0.412891 0.535937 0.310156 0.571875
0 0.370508 0.619434 0.447266 0.761133
0 0.221094 0.425781 0.442188 0.4375
0 0.445215 0.853516 0.420508 0.292969
0 0.483984 0.465527 0.644531 0.42832
0 0.332617 0.817969 0.665234 0.364063
0 0.300781 0.478125 0.601562 0.429688
0 0.460938 0.465234 0.445312 0.414062
0 0.531152 0.462109 0.431445 0.43125
0 0.456152 0.892188 0.401758 0.215625
0 0.38584 0.489063 0.551758 0.479688
0 0.584375 0.948047 0.129688 0.103906
0 0.478125 0.607031 0.529688 0.717188
0 0.466406 0.319531 0.115625 0.159375
0 0.166895 0.886328 0.331836 0.227344
0 0.419922 0.723828 0.328125 0.552344
0 0.409375 0.444629 0.81875 0.40918
0 0.339453 0.797656 0.678906 0.404687
0 0.294141 0.609766 0.588281 0.705469
0 0.0606934 0.330469 0.118848 0.225
0 0.585156 0.433984 0.365625 0.385938
0 0.298047 0.867773 0.580469 0.264453
0 0.898438 0.582812 0.06875 0.0828125
0 0.965625 0.459473 0.06875 0.174805
0 0.297656 0.606641 0.595313 0.786719
0 0.489063 0.369727 0.157813 0.248047
0 0.710938 0.247656 0.178125 0.478125
0 0.348438 0.681543 0.696875 0.636914
0 0.483203 0.763281 0.260938 0.473438
0 0.652344 0.143359 0.196875 0.279297
0 0.457031 0.305664 0.11875 0.123828
0 0.383594 0.767773 0.552344 0.464453
0 0.342969 0.760547 0.685938 0.478906
0 0.896094 0.604688 0.0609375 0.123438
0 0.479297 0.915625 0.3375 0.16875
0 0.701953 0.0710938 0.0679687 0.111914
0 0.653516 0.0800537 0.152344 0.135205
0 0.654297 0.264453 0.186719 0.513281
0 0.238867 0.935938 0.123047 0.128125
0 0.9125 0.571094 0.090625 0.0703125
0 0.454688 0.695312 0.24375 0.489063
0 0.0322266 0.907813 0.0507812 0.184375
0 0.0541016 0.337891 0.108203 0.289844
0 0.0342285 0.250781 0.0463867 0.0859375
0 0.4875 0.402344 0.130469 0.195312
0 0.565625 0.300781 0.323438 0.601562
0 0.691797 0.146875 0.191406 0.278906
0 0.0352539 0.266992 0.0443359 0.075
0 0.238672 0.641895 0.477344 0.716211
0 0.553516 0.946875 0.18125 0.10625
0 0.483984 0.328906 0.14375 0.178906
0 0.68125 0.0726563 0.101562 0.120117
0 0.703906 0.108594 0.034375 0.0447266
0 0.0353271 0.335156 0.0706543 0.257812
0 0.955469 0.471875 0.0890625 0.176563
0 0.075293 0.355273 0.145117 0.287109
0 0.383203 0.673047 0.58125 0.653906
0 0.210547 0.93125 0.164062 0.1375
0 0.134375 0.391309 0.247266 0.208008
0 0.710938 0.103809 0.0328125 0.0453125
0 0.935938 0.484375 0.125 0.239063
0 0.0319458 0.240625 0.0616943 0.0960938
0 0.660937 0.786328 0.314063 0.427344
0 0.589746 0.808203 0.445508 0.383594
0 0.520215 0.726172 0.423633 0.547656
0 0.703125 0.102344 0.04375 0.0527344
0 0.892188 0.577344 0.046875 0.0734375
0 0.0770508 0.406641 0.134961 0.194531
0 0.5875 0.910937 0.120313 0.178125
0 0.671094 0.0962891 0.113281 0.169141
0 0.373437 0.809766 0.746875 0.380469
0 0.614844 0.306445 0.260938 0.601172
0 0.93125 0.553906 0.125 0.1125
0 0.895312 0.570312 0.0640625 0.0789063
0 0.404297 0.947656 0.164062 0.104688
0 0.9375 0.489063 0.125 0.378906
0 0.475781 0.453906 0.148438 0.13125
0 0.577734 0.176611 0.340625 0.352246
0 0.702344 0.0861328 0.053125 0.10332
0 0.0428223 0.257422 0.0478516 0.0746094
0 0.233008 0.957812 0.110547 0.084375
0 0.229687 0.967969 0.103125 0.0640625
0 0.24043 0.972656 0.0765625 0.0546875
0 0.451172 0.688281 0.392969 0.623438
0 0.229639 0.868359 0.13916 0.263281
0 0.55625 0.768359 0.154688 0.238281
0 0.329688 0.327734 0.659375 0.655469
0 0.508594 0.446875 0.0953125 0.09375
0 0.126953 0.342578 0.242969 0.242969
0 0.508691 0.804688 0.798242 0.390625
0 0.367578 0.888672 0.644531 0.222656
0 0.464453 0.727734 0.196875 0.166406
0 0.255469 0.946484 0.0859375 0.107031
0 0.533594 0.714063 0.0640625 0.113281
0 0.0356934 0.365234 0.0713867 0.361719
0 0.596484 0.882812 0.0992187 0.15
0 0.179736 0.403516 0.296777 0.229687
0 0.189063 0.897656 0.214062 0.204688
0 0.46709 0.670313 0.204883 0.223438
0 0.652344 0.482031 0.0421875 0.0671875
0 0.702344 0.0936523 0.0578125 0.166992
0 0.606641 0.947656 0.096875 0.104688
0 0.500391 0.632812 0.669531 0.734375
0 0.503906 0.410156 0.145313 0.166406
0 0.264453 0.954688 0.0476562 0.090625
0 0.0729004 0.303125 0.132715 0.172656
0 0.225439 0.868359 0.226465 0.263281
0 0.653906 0.150195 0.139063 0.283984
0 0.406152 0.710938 0.0908203 0.167187
0 0.0400879 0.246094 0.0475586 0.0742188
0 0.437109 0.376465 0.238281 0.248633
0 0.5125 0.411621 0.0921875 0.187695
0 0.460547 0.416504 0.178125 0.185742
0 0.0318115 0.272656 0.063623 0.15625
0 0.394531 0.932422 0.177344 0.135156
0 0.890625 0.646094 0.075 0.209375
0 0.517969 0.466406 0.0820312 0.0632813
0 0.0701172 0.928906 0.124609 0.142188
0 0.467187 0.769531 0.189063 0.259375
0 0.0280762 0.879687 0.0561523 0.228125
0 0.898438 0.573438 0.040625 0.0664062
0 0.492969 0.426953 0.123438 0.139844
0 0.263281 0.429297 0.127344 0.185156
0 0.0261719 0.227344 0.0523438 0.0867188
0 0.45 0.463281 0.2 0.157813
0 0.526563 0.451172 0.0460938 0.0765625
0 0.529297 0.727344 0.0890625 0.146875
0 0.699609 0.109961 0.0453125 0.0496094
0 0.450879 0.55625 0.204492 0.2375
0 0.659375 0.481641 0.0328125 0.0539063
0 0.671875 0.161523 0.110937 0.158594
0 0.530469 0.460938 0.0398437 0.0625
0 0.964844 0.487891 0.0703125 0.389844
0 0.206836 0.36875 0.188672 0.171094
0 0.579688 0.842188 0.109375 0.08125
0 0.659375 0.416016 0.0546875 0.215625
0 0.766016 0.761328 0.0726563 0.0914062
0 0.651563 0.469531 0.0515625 0.096875
0 0.290039 0.428027 0.115625 0.192383
0 0.448535 0.48916 0.199805 0.245117
0 0.667188 0.426563 0.0875 0.182031
0 0.283398 0.475781 0.0613281 0.101562
0 0.273828 0.95 0.0460938 0.096875
0 0.776563 0.758594 0.0546875 0.0796875
0 0.459766 0.626172 0.21875 0.289062
0 0.0256592 0.874609 0.0513184 0.250781
0 0.252344 0.975781 0.0433594 0.0484375
0 0.4625 0.604688 0.210938 0.19375
0 0.0516113 0.28125 0.0932617 0.167187
0 0.539062 0.740625 0.0390625 0.0570313
0 0.283594 0.494141 0.0476562 0.0734375
0 0.496875 0.454297 0.114063 0.084375
0 0.324219 0.436328 0.135937 0.201563
0 0.544434 0.539062 0.601758 0.582812
0 0.860742 0.545703 0.250391 0.325781
0 0.178516 0.372852 0.146094 0.173828
0 0.274023 0.484375 0.0699219 0.109375
0 0.170313 0.763672 0.338672 0.472656
0 0.287891 0.498828 0.0359375 0.0484375
0 0.413379 0.754297 0.10293 0.272656
0 0.816406 0.77793 0.185938 0.419141
0 0.774219 0.753906 0.040625 0.0625
0 0.550879 0.308594 0.507617 0.617188
0 0.0254395 0.942969 0.0364258 0.0859375
0 0.455469 0.357031 0.129688 0.221875
0 0.547266 0.81543 0.163281 0.147266
0 0.0915039 0.512891 0.170117 0.225781
0 0.0380371 0.912891 0.0760742 0.174219
0 0.0326172 0.263477 0.0652344 0.183203
0 0.419629 0.960938 0.143555 0.078125
0 0.0804688 0.455469 0.136328 0.3
0 0.498047 0.70625 0.15 0.146875
0 0.542969 0.728906 0.040625 0.0703125
0 0.246484 0.369922 0.163672 0.172656
0 0.757031 0.769141 0.084375 0.0960938
0 0.288867 0.482031 0.0421875 0.0734375
0 0.186279 0.348438 0.216504 0.147656
0 0.74375 0.23418 0.176563 0.451953
0 0.665625 0.482031 0.028125 0.0546875
0 0.508203 0.769531 0.144531 0.253125
0 0.261328 0.974219 0.0324219 0.0515625
0 0.280078 0.504297 0.0378906 0.0539063
0 0.173145 0.612012 0.346289 0.775977
0 0.601562 0.923438 0.0882813 0.071875
0 0.258789 0.472656 0.112891 0.117188
0 0.266406 0.935938 0.0796875 0.128125
0 0.9375 0.525 0.121875 0.154688
0 0.629687 0.101562 0.110937 0.18125
0 0.398828 0.608203 0.116406 0.176563
0 0.511719 0.339063 0.182812 0.173438
0 0.242188 0.888281 0.120313 0.223438
0 0.522656 0.451562 0.065625 0.23125
0 0.516406 0.364063 0.167969 0.233594
0 0.276172 0.503906 0.0539063 0.0789063
0 0.65625 0.412891 0.129688 0.194531
0 0.530469 0.748438 0.0390625 0.0546875
0 0.407031 0.43584 0.292188 0.239258
0 0.139063 0.354688 0.260938 0.151562
0 0.297266 0.339063 0.594531 0.678125
0 0.0419434 0.27168 0.0494141 0.0804688
0 0.546094 0.738672 0.034375 0.053125
0 0.393066 0.714453 0.10918 0.188281
0 0.521094 0.71875 0.071875 0.114063
0 0.705469 0.0731445 0.084375 0.130469
0 0.185889 0.528906 0.26416 0.146875
0 0.497656 0.485938 0.108594 0.203125
0 0.597656 0.851562 0.090625 0.084375
0 0.473047 0.474609 0.0695313 0.0507812
0 0.391016 0.771875 0.140625 0.275
0 0.557422 0.899219 0.158594 0.201563
0 0.273633 0.920313 0.0480469 0.109375
0 0.149219 0.312695 0.298438 0.625391
0 0.810156 0.674609 0.2875 0.480469
0 0.418359 0.593359 0.123438 0.203906
0 0.0487793 0.262891 0.0602539 0.08125
0 0.876563 0.649609 0.096875 0.204688
0 0.536328 0.461719 0.0375 0.046875
0 0.492969 0.452344 0.121875 0.115625
0 0.0459961 0.890234 0.0890625 0.219531
0 0.0827881 0.893359 0.145361 0.213281
0 0.59375 0.85 0.06875 0.065625
0 0.196875 0.316992 0.39375 0.633984
0 0.442188 0.783594 0.0375 0.084375
0 0.367383 0.458496 0.211328 0.198633
0 0.526563 0.741016 0.05625 0.0773438
0 0.538281 0.657031 0.078125 0.219531
0 0.193945 0.483203 0.270703 0.233594
0 0.0376953 0.241211 0.0679687 0.241016
0 0.0327637 0.233203 0.0655273 0.364844
0 0.478906 0.439844 0.107813 0.114063
0 0.711719 0.0764648 0.0390625 0.0982422
0 0.692578 0.747656 0.613281 0.504687
0 0.455859 0.965625 0.065625 0.06875
0 0.540625 0.701953 0.078125 0.129688
0 0.145801 0.576563 0.0490234 0.0703125
0 0.085498 0.55 0.170996 0.178125
0 0.241357 0.778125 0.186816 0.157813
0 0.9375 0.567969 0.125 0.383594
0 0.447656 0.960938 0.090625 0.078125
0 0.385938 0.867383 0.196094 0.265234
0 0.203125 0.325 0.0867188 0.0828125
0 0.525 0.921875 0.25625 0.15625
0 0.63125 0.368555 0.217188 0.325391
0 0.603125 0.433691 0.15625 0.279492
0 0.9625 0.477344 0.0640625 0.0765625
0 0.229639 0.40459 0.193066 0.237695
0 0.255078 0.868359 0.146875 0.263281
0 0.678125 0.412402 0.090625 0.192383
0 0.464063 0.826367 0.157813 0.181641
0 0.0229492 0.380078 0.0458984 0.379688
0 0.0317261 0.940625 0.0435791 0.09375
0 0.704297 0.165039 0.0695313 0.162109
0 0.513281 0.962891 0.257812 0.0742188
0 0.423047 0.79375 0.0984375 0.2125
0 0.45 0.475781 0.028125 0.0453125
0 0.271875 0.508203 0.0484375 0.0617188
0 0.192188 0.345898 0.138281 0.120703
0 0.201123 0.317578 0.0696289 0.08125
0 0.471875 0.458594 0.08125 0.075
0 0.528906 0.692969 0.071875 0.078125
0 0.0204102 0.95625 0.0408203 0.0875
0 0.8625 0.614062 0.123438 0.145313
0 0.551953 0.675781 0.0375 0.0445313
0 0.0196289 0.951563 0.0345703 0.096875
0 0.627344 0.944531 0.121094 0.110937
0 0.386621 0.374609 0.267383 0.259375
0 0.573828 0.813281 0.117969 0.135937
0 0.365625 0.936719 0.160156 0.126563
0 0.621875 0.414062 0.195312 0.192188
0 0.5375 0.75 0.034375 0.0445313
0 0.0236816 0.197266 0.0473633 0.383594
0 0.322461 0.480469 0.126953 0.295312
0 0.111133 0.289062 0.222266 0.578125
0 0.530859 0.406152 0.4 0.331445
0 0.485156 0.817969 0.129688 0.184375
0 0.390723 0.648828 0.113867 0.134375
0 0.683984 0.0874023 0.0882813 0.125
0 0.6375 0.0656738 0.146875 0.11709
0 0.741016 0.78125 0.277344 0.4375
0 0.688281 0.325 0.0765625 0.10625
0 0.0856445 0.95 0.140039 0.1
0 0.0854492 0.578906 0.170898 0.14375
0 0.374219 0.82832 0.177344 0.187109
0 0.249219 0.5 0.114063 0.0992187
0 0.281641 0.932031 0.0382813 0.08125
0 0.141211 0.578906 0.0621094 0.084375
0 0.952344 0.613672 0.0953125 0.483594
0 0.451562 0.79375 0.0296875 0.053125
0 0.442969 0.8 0.03125 0.046875
0 0.627344 0.468359 0.096875 0.171094
0 0.376465 0.6 0.13457 0.2125
0 0.682813 0.0159424 0.138281 0.0318848
0 0.544922 0.766406 0.0867188 0.226562
0 0.0234375 0.957031 0.0328125 0.0703125
0 0.608496 0.622656 0.623633 0.754687
0 0.533203 0.68125 0.0695313 0.0585938
0 0.436719 0.785156 0.053125 0.117188
0 0.382422 0.514844 0.347656 0.364063
0 0.419141 0.569531 0.485156 0.45
0 0.393359 0.409375 0.339063 0.549219
0 0.473047 0.466406 0.157031 0.178125
0 0.380859 0.417188 0.182812 0.160156
0 0.415723 0.422754 0.241992 0.174805
0 0.469531 0.509375 0.1625 0.260938
0 0.928125 0.648438 0.121875 0.05
0 0.36582 0.0881836 0.118359 0.0576172
0 0.419531 0.375684 0.253125 0.256445
0 0.389941 0.725391 0.52793 0.549219
0 0.472559 0.667969 0.37832 0.664062
0 0.68125 0.0717773 0.1125 0.117773
0 0.228857 0.83457 0.174316 0.330859
0 0.431641 0.789844 0.235156 0.420312
0 0.360742 0.444922 0.455078 0.471875
0 0.701563 0.0733398 0.078125 0.114258
0 0.366406 0.402246 0.150781 0.120508
0 0.464063 0.367969 0.399219 0.460938
0 0.366211 0.0758789 0.122266 0.0566406
0 0.497266 0.749219 0.324219 0.501563
0 0.176611 0.737109 0.26084 0.525781
0 0.914062 0.710938 0.125 0.0546875
0 0.413281 0.75 0.290625 0.5
0 0.0344238 0.227734 0.0688477 0.06875
0 0.913281 0.699219 0.128125 0.0546875
0 0.930469 0.640625 0.128125 0.0453125
0 0.942969 0.691406 0.075 0.0484375
0 0.942187 0.699219 0.1125 0.05
0 0.329688 0.405469 0.0601563 0.110937
0 0.281055 0.739453 0.451953 0.521094
0 0.914062 0.659375 0.120313 0.05625
0 0.910937 0.735547 0.134375 0.0523438
0 0.409375 0.5 0.502344 0.3625
0 0.188672 0.740234 0.169531 0.139844
0 0.458984 0.13457 0.105469 0.0542969
0 0.0345215 0.245703 0.069043 0.0898438
0 0.946875 0.701953 0.084375 0.0476562
0 0.390625 0.0876709 0.122656 0.055127
0 0.65625 0.0665039 0.170313 0.121875
0 0.455859 0.122266 0.114844 0.0550781
0 0.385156 0.63125 0.496875 0.395313
0 0.9125 0.723437 0.128125 0.0554687
0 0.377344 0.445312 0.242969 0.217188
0 0.94375 0.689453 0.10625 0.0476562
0 0.254883 0.935156 0.124219 0.129688
0 0.905469 0.649219 0.120313 0.0515625
0 0.913281 0.688672 0.125 0.05625
0 0.215674 0.741406 0.117871 0.148438
0 0.0373047 0.259766 0.0746094 0.1375
0 0.163477 0.838281 0.296094 0.323438
0 0.505469 0.11084 0.107813 0.0537109
0 0.94375 0.676953 0.103125 0.0476562
0 0.453906 0.111328 0.11875 0.0558594
0 0.55625 0.185156 0.110937 0.0539063
0 0.507031 0.618652 0.332813 0.52832
0 0.914062 0.10332 0.125 0.0583984
0 0.448828 0.44541 0.479688 0.510742
0 0.377734 0.0969727 0.122656 0.0574219
0 0.942969 0.679688 0.0765625 0.0484375
0 0.913281 0.672656 0.121875 0.0609375
0 0.396484 0.932813 0.186719 0.134375
0 0.331055 0.525 0.370703 0.425
0 0.305859 0.933594 0.183594 0.132812
0 0.441797 0.0986328 0.11875 0.0552734
0 0.345703 0.933594 0.119531 0.132812
0 0.911719 0.582422 0.0984375 0.046875
0 0.0339111 0.253125 0.0678223 0.113281
0 0.263672 0.107422 0.122656 0.0519531
0 0.904688 0.586719 0.078125 0.0507812
0 0.235547 0.761719 0.078125 0.0875
0 0.285742 0.650781 0.364453 0.354688
0 0.616797 0.197607 0.117188 0.0508789
0 0.633984 0.046582 0.179688 0.0828125
0 0.25957 0.4125 0.201563 0.267969
0 0.940625 0.662109 0.109375 0.0507812
0 0.23418 0.735547 0.273828 0.528906
0 0.0261719 0.220313 0.0523438 0.0578125
0 0.89375 0.6625 0.117188 0.05625
0 0.951563 0.714063 0.084375 0.0460938
0 0.355078 0.0641602 0.121094 0.0542969
0 0.416016 0.0788818 0.119531 0.0562988
0 0.220752 0.933594 0.168652 0.132812
0 0.675391 0.0933838 0.135156 0.165576
0 0.416406 0.0649414 0.120313 0.0556641
0 0.45166 0.433203 0.207617 0.171094
0 0.942187 0.710938 0.109375 0.05
0 0.305469 0.0992432 0.117188 0.0522949
0 0.386328 0.466797 0.307031 0.271875
0 0.892188 0.689844 0.11875 0.059375
0 0.396094 0.891797 0.19375 0.216406
0 0.515625 0.1375 0.114844 0.0605469
0 0.514844 0.124121 0.114063 0.0591797
0 0.517188 0.148242 0.117188 0.0539063
0 0.505469 0.099585 0.110937 0.0543457
0 0.95 0.739844 0.0875 0.04375
0 0.339453 0.452734 0.6625 0.458594
0 0.925781 0.150391 0.134375 0.0816406
0 0.616016 0.188232 0.117969 0.0540039
0 0.261719 0.915625 0.109375 0.16875
0 0.915625 0.17168 0.14375 0.0519531
0 0.414844 0.0532104 0.114844 0.063501
0 0.440625 0.822461 0.3 0.355078
0 0.921094 0.181299 0.128125 0.0577148
0 0.0343262 0.199609 0.0686523 0.102734
0 0.94375 0.665625 0.0875 0.046875
0 0.160449 0.707422 0.320898 0.585156
0 0.460938 0.14668 0.1 0.0556641
0 0.239063 0.866797 0.127344 0.266406
0 0.205664 0.886719 0.202344 0.226562
0 0.4125 0.133398 0.13125 0.0556641
0 0.9 0.641016 0.1375 0.0445313
0 0.0936523 0.466504 0.183398 0.335742
0 0.37666 0.106836 0.12168 0.0537109
0 0.190283 0.707812 0.111621 0.084375
0 0.928125 0.664062 0.125 0.06875
0 0.923438 0.109375 0.134375 0.104297
0 0.91875 0.209766 0.13125 0.0539063
0 0.487891 0.496094 0.13125 0.229687
0 0.032959 0.232031 0.065918 0.0878906
0 0.475781 0.155859 0.117969 0.0539063
0 0.499219 0.821094 0.08125 0.10625
0 0.449902 0.536035 0.20332 0.326367
0 0.199414 0.824023 0.225391 0.351953
0 0.062793 0.278906 0.125586 0.174219
0 0.302344 0.0775391 0.121094 0.059375
0 0.174121 0.691406 0.192383 0.228125
0 0.925781 0.134766 0.132812 0.0859375
0 0.427246 0.0895508 0.114258 0.0595703
0 0.926562 0.114258 0.134375 0.0742188
0 0.614062 0.164844 0.114844 0.0644531
0 0.555469 0.170898 0.114063 0.0554687
0 0.948438 0.727344 0.075 0.0453125
0 0.313086 0.391016 0.212891 0.151562
0 0.614062 0.152539 0.115625 0.0625
0 0.615234 0.176172 0.117969 0.0605469
0 0.346289 0.400098 0.0996094 0.11543
0 0.405859 0.117676 0.107813 0.0626953
0 0.871094 0.582812 0.159375 0.0539063
0 0.305469 0.108203 0.114063 0.046875
0 0.516797 0.158203 0.114844 0.053125
0 0.43584 0.30625 0.168945 0.271875
0 0.541797 0.158984 0.116406 0.0535156
0 0.40625 0.10791 0.110937 0.0509766
0 0.16709 0.644922 0.233008 0.327344
0 0.0925537 0.985547 0.126611 0.0289063
0 0.885938 0.589063 0.11875 0.05
0 0.910156 0.118359 0.125 0.06875
0 0.744531 0.106836 0.151562 0.184766
0 0.264062 0.0896484 0.11875 0.0628906
0 0.173828 0.715625 0.0871094 0.0734375
0 0.282031 0.643359 0.542188 0.527344
0 0.230078 0.746094 0.0664062 0.096875
0 0.919531 0.196094 0.132812 0.05625
0 0.407813 0.332813 0.226562 0.322656
0 0.892188 0.702344 0.121875 0.0609375
0 0.511719 0.344727 0.164062 0.236328
0 0.473438 0.0610352 0.0828125 0.0677734
0 0.513281 0.181982 0.124219 0.0563477
0 0.4875 0.0610352 0.084375 0.0697266
0 0.939844 0.632031 0.120313 0.0484375
0 0.392285 0.0549805 0.14668 0.0763672
0 0.477344 0.111523 0.121875 0.0539063
0 0.714844 0.0978272 0.09375 0.170752
0 0.89375 0.675 0.117188 0.059375
0 0.392285 0.755469 0.413867 0.489063
0 0.589844 0.152734 0.114844 0.0574219
0 0.91875 0.275586 0.13125 0.0542969
0 0.503906 0.448438 0.109375 0.08125
0 0.914844 0.239844 0.15 0.084375
0 0.34668 0.0541504 0.107422 0.0540039
0 0.503516 0.0898438 0.111719 0.0560547
0 0.476562 0.122461 0.120313 0.0539063
0 0.465625 0.099585 0.121875 0.0578613
0 0.923438 0.577344 0.1375 0.0765625
0 0.326758 0.427344 0.653516 0.728125
0 0.405859 0.0976562 0.116406 0.05625
0 0.189258 0.929297 0.222266 0.141406
0 0.303906 0.0883057 0.114063 0.0608887
0 0.541406 0.148828 0.123438 0.053125
0 0.399902 0.854688 0.223633 0.290625
0 0.247656 0.622656 0.495313 0.754687
0 0.954688 0.276367 0.084375 0.0492188
0 0.0477539 0.225586 0.0769531 0.0761719
0 0.357422 0.0988525 0.114844 0.0534668
0 0.429297 0.439063 0.071875 0.110937
0 0.380371 0.836719 0.575195 0.326562
0 0.921875 0.115234 0.1375 0.153906
0 0.616016 0.20625 0.113281 0.0535156
0 0.542188 0.304688 0.115625 0.0648438
0 0.513281 0.821094 0.0632813 0.090625
0 0.408691 0.230469 0.0888672 0.107031
0 0.507812 0.4625 0.114063 0.090625
0 0.653906 0.0404785 0.175 0.0791992
0 0.526953 0.111426 0.117188 0.0576172
0 0.33457 0.350781 0.353516 0.642188
0 0.913281 0.746094 0.129688 0.0523438
0 0.48125 0.318359 0.109375 0.205469
0 0.465625 0.0890869 0.120313 0.060498
0 0.449219 0.0283203 0.145313 0.0444336
0 0.946875 0.654688 0.096875 0.0476562
0 0.412109 0.145801 0.129688 0.0490234
0 0.590234 0.0470581 0.122656 0.0855713
0 0.565234 0.161426 0.116406 0.0548828
0 0.448438 0.057019 0.110937 0.0765869
0 0.94375 0.285547 0.06875 0.0492188
0 0.139063 0.388965 0.250391 0.451758
0 0.942187 0.277344 0.0625 0.0507812
0 0.502734 0.0559082 0.0992187 0.0811523
0 0.930469 0.685547 0.132812 0.0570313
0 0.253906 0.0986084 0.119141 0.0539551
0 0.911719 0.233984 0.14375 0.0597656
0 0.589453 0.16416 0.111719 0.0580078
0 0.44375 0.446484 0.0914062 0.130469
0 0.4875 0.395313 0.175 0.308594
0 0.832812 0.632031 0.109375 0.0546875
0 0.920313 0.679688 0.14375 0.0835937
0 0.917188 0.286328 0.139063 0.0507812
0 0.624219 0.237891 0.121875 0.0589844
0 0.926562 0.616797 0.128125 0.103125
0 0.415723 0.0277832 0.137305 0.0445313
0 0.428223 0.108496 0.116992 0.0523438
0 0.533594 0.0770508 0.142969 0.0833984
0 0.528125 0.100024 0.119531 0.0554199
0 0.533594 0.30957 0.104688 0.101172
0 0.405078 0.0376099 0.115625 0.0616943
0 0.478125 0.0285156 0.135937 0.0464844
0 0.514844 0.170313 0.115625 0.0582031
0 0.381641 0.816992 0.321094 0.366016
0 0.383984 0.409375 0.192188 0.0945313
0 0.490625 0.180127 0.126563 0.0592773
0 0.522656 0.444141 0.0703125 0.08125
0 0.0801025 0.431641 0.133936 0.257812
0 0.363672 0.0557617 0.121094 0.0585938
0 0.859375 0.597656 0.1625 0.059375
0 0.69375 0.0484863 0.06875 0.0674805
0 0.586719 0.0765625 0.120313 0.0599609
0 0.483984 0.511719 0.108594 0.160938
0 0.564844 0.196436 0.117188 0.0555664
0 0.94375 0.155078 0.0625 0.053125
0 0.865625 0.698438 0.115625 0.0515625
0 0.614062 0.138086 0.117188 0.0582031
0 0.576563 0.185547 0.121875 0.0550781
0 0.0494141 0.2375 0.0638672 0.0839844
0 0.9125 0.248047 0.1375 0.0609375
0 0.877344 0.734766 0.1625 0.0515625
0 0.36875 0.503125 0.25 0.373437
0 0.94375 0.166309 0.0625 0.0470703
0 0.566406 0.150098 0.117188 0.0544922
0 0.860938 0.651563 0.16875 0.0523438
0 0.8625 0.580469 0.209375 0.126563
0 0.589063 0.944531 0.173438 0.110937
0 0.926562 0.0968506 0.13125 0.0684082
0 0.891406 0.560547 0.185938 0.142969
0 0.700781 0.0427612 0.0546875 0.0549072
0 0.0959229 0.985938 0.111279 0.028125
0 0.922656 0.079126 0.135937 0.115967
0 0.353125 0.042627 0.117969 0.065918
0 0.941406 0.727734 0.0625 0.0546875
0 0.196875 0.898438 0.310156 0.203125
0 0.277734 0.0794922 0.125781 0.0628906
0 0.344922 0.076001 0.114844 0.0585449
0 0.942187 0.100195 0.059375 0.0546875
0 0.889844 0.714844 0.123438 0.0625
0 0.0580078 0.983594 0.116016 0.0328125
0 0.625 0.12793 0.121875 0.0730469
0 0.940625 0.117773 0.078125 0.0613281
0 0.514844 0.548828 0.06875 0.0921875
0 0.466016 0.0761963 0.120313 0.0581543
0 0.491016 0.147852 0.122656 0.0539063
0 0.625391 0.255469 0.117969 0.0539063
0 0.620313 0.0633789 0.153125 0.115625
0 0.514063 0.193555 0.120313 0.0546875
0 0.515625 0.539453 0.0609375 0.0648438
0 0.31543 0.577344 0.230078 0.207813
0 0.917969 0.263672 0.129688 0.0648438
0 0.19082 0.0884766 0.116406 0.0621094
0 0.216016 0.509375 0.167969 0.192188
0 0.134766 0.310498 0.269531 0.343066
0 0.426172 0.119727 0.120313 0.0597656
0 0.523047 0.557031 0.0585938 0.096875
0 0.529688 0.36582 0.134375 0.249609
0 0.452441 0.759375 0.19043 0.290625
0 0.117676 0.980859 0.140039 0.0382813
0 0.908594 0.236133 0.154688 0.112109
0 0.870313 0.664062 0.192188 0.065625
0 0.95 0.751563 0.08125 0.04375
0 0.555078 0.0653809 0.138281 0.0969727
0 0.4875 0.813281 0.1125 0.167187
0 0.165137 0.302344 0.305664 0.439063
0 0.368945 0.13457 0.187891 0.05625
0 0.489453 0.165039 0.117969 0.0640625
0 0.284375 0.9125 0.0507812 0.0875
0 0.395996 0.0798584 0.14707 0.0598145
0 0.946875 0.758984 0.090625 0.0429688
0 0.527344 0.820312 0.065625 0.090625
0 0.842969 0.565625 0.196875 0.139844
0 0.923438 0.049231 0.140625 0.0788818
0 0.352148 0.919531 0.248047 0.160938
0 0.523438 0.0296753 0.110937 0.05354
0 0.156641 0.836133 0.312109 0.327734
0 0.391406 0.816992 0.46875 0.366016
0 0.692969 0.0722656 0.0835937 0.106445
0 0.383984 0.706641 0.446094 0.586719
0 0.728125 0.142188 0.142188 0.258984
0 0.332813 0.461328 0.448438 0.467969
0 0.652344 0.0686523 0.157813 0.12207
0 0.419531 0.762695 0.422656 0.474609
0 0.364063 0.583984 0.424219 0.671094
0 0.719531 0.0959229 0.132812 0.167529
0 0.682813 0.0726563 0.109375 0.122852
0 0.601172 0.735938 0.207031 0.24375
0 0.290625 0.557813 0.58125 0.4875
0 0.441016 0.66709 0.435937 0.66582
0 0.636719 0.0578125 0.19375 0.111914
0 0.783594 0.10603 0.253125 0.192627
0 0.316016 0.631641 0.557031 0.667969
0 0.208984 0.82793 0.417969 0.344141
0 0.160059 0.760938 0.320117 0.478125
0 0.207617 0.566406 0.415234 0.370313
0 0.698438 0.0717773 0.0625 0.116992
0 0.13623 0.910937 0.254883 0.178125
0 0.175488 0.600391 0.350977 0.297656
0 0.357812 0.959375 0.546875 0.08125
0 0.707422 0.077832 0.105469 0.125
0 0.299609 0.829297 0.527344 0.341406
0 0.889844 0.610547 0.220313 0.288281
0 0.746875 0.104297 0.19375 0.177344
0 0.863281 0.163672 0.273438 0.261328
0 0.135156 0.939453 0.253906 0.121094
0 0.475781 0.735938 0.235156 0.228125
0 0.165039 0.233203 0.330078 0.352344
0 0.650781 0.524609 0.38125 0.442969
0 0.749219 0.173633 0.139063 0.297266
0 0.328906 0.770117 0.585938 0.459766
0 0.167773 0.536328 0.335547 0.425781
0 0.469531 0.660937 0.228906 0.229687
0 0.565234 0.776563 0.155469 0.1875
0 0.652344 0.358984 0.3125 0.300781
0 0.0898193 0.939453 0.16958 0.121094
0 0.609375 0.0435425 0.235938 0.0797119
0 0.657422 0.437402 0.332031 0.214258
0 0.757031 0.204688 0.121875 0.248438
0 0.20918 0.339648 0.418359 0.667578
0 0.250977 0.197656 0.501953 0.316406
0 0.305273 0.946094 0.337891 0.107813
0 0.709375 0.116895 0.15625 0.213086
0 0.304102 0.974609 0.471484 0.0507812
0 0.25957 0.716016 0.519141 0.567969
0 0.172461 0.941406 0.344922 0.117188
0 0.750781 0.122266 0.157813 0.208594
0 0.394922 0.969531 0.380469 0.0609375
0 0.456641 0.9625 0.546094 0.075
0 0.839648 0.639844 0.320703 0.36875
0 0.807617 0.46416 0.337891 0.299805
0 0.859766 0.0990234 0.280469 0.198047
0 0.0315918 0.21582 0.0563477 0.0867188
0 0.0735352 0.948438 0.14707 0.103125
0 0.484375 0.695703 0.2125 0.294531
0 0.336523 0.961719 0.413672 0.0765625
0 0.466406 0.948438 0.348438 0.103125
0 0.589844 0.782422 0.498437 0.435156
0 0.546094 0.779688 0.0921875 0.15625
0 0.823438 0.195508 0.196875 0.235547
0 0.188086 0.965625 0.376172 0.06875
0 0.411621 0.553125 0.301758 0.245312
0 0.326758 0.971094 0.358984 0.0578125
0 0.533691 0.563281 0.463867 0.626563
0 0.186133 0.294141 0.372266 0.501563
0 0.17168 0.892969 0.343359 0.214062
0 0.667188 0.0817383 0.134375 0.159961
0 0.152148 0.639453 0.304297 0.414844
0 0.527246 0.816602 0.483008 0.366797
0 0.537891 0.779688 0.111719 0.209375
0 0.747656 0.236914 0.142188 0.185547
0 0.124609 0.453516 0.249219 0.661719
0 0.463281 0.96875 0.379688 0.0625
0 0.56875 0.740625 0.148438 0.23125
0 0.873438 0.314111 0.220313 0.381152
0 0.125293 0.340625 0.250586 0.526563
0 0.74375 0.210986 0.110937 0.140527
0 0.748438 0.667188 0.367188 0.204688
0 0.467578 0.896875 0.560156 0.20625
0 0.527344 0.810938 0.101562 0.1
0 0.207227 0.892188 0.216016 0.215625
0 0.455566 0.559375 0.216992 0.240625
0 0.773438 0.184961 0.115625 0.268359
0 0.201953 0.957812 0.403906 0.084375
0 0.0424316 0.216406 0.0725586 0.109375
0 0.275781 0.380078 0.551562 0.758594
0 0.266602 0.967969 0.102734 0.0640625
0 0.876563 0.684375 0.246875 0.375
0 0.247656 0.96875 0.0828125 0.0625
0 0.222852 0.874805 0.445703 0.250391
0 0.211328 0.933594 0.213281 0.132812
0 0.225195 0.966406 0.102734 0.0671875
0 0.448535 0.350391 0.17793 0.225
0 0.401563 0.949219 0.317188 0.101562
0 0.460254 0.453516 0.204492 0.203125
0 0.236768 0.5375 0.22959 0.125
0 0.701172 0.238281 0.244531 0.317188
0 0.555859 0.767188 0.0882813 0.159375
0 0.675781 0.103931 0.104688 0.0769043
0 0.333008 0.888281 0.574609 0.223438
0 0.443066 0.375098 0.22168 0.285742
0 0.0429199 0.299219 0.0858398 0.246875
0 0.878906 0.542969 0.242188 0.328125
0 0.228906 0.909375 0.198437 0.18125
0 0.928125 0.0425293 0.14375 0.0850586
0 0.705469 0.167578 0.470313 0.299219
0 0.0369629 0.231641 0.0662109 0.103125
0 0.464844 0.335156 0.123438 0.186719
0 0.565234 0.298047 0.0632813 0.0710938
0 0.116406 0.129883 0.232813 0.259766
0 0.293359 0.888281 0.303906 0.223438
0 0.810938 0.813281 0.326562 0.3125
0 0.415527 0.966797 0.137695 0.0664062
0 0.218359 0.975781 0.436719 0.0484375
0 0.351953 0.444922 0.328906 0.217188
0 0.250342 0.94375 0.317285 0.1125
0 0.272461 0.957422 0.102734 0.0851563
0 0.790625 0.563281 0.075 0.0734375
0 0.0533203 0.948047 0.0931641 0.103906
0 0.796875 0.571094 0.0546875 0.078125
0 0.783594 0.522656 0.115625 0.182812
0 0.290625 0.3875 0.58125 0.557813
0 0.830469 0.759375 0.2875 0.3125
0 0.673438 0.331641 0.279687 0.410938
0 0.255078 0.964063 0.510156 0.071875
0 0.233984 0.958203 0.0953125 0.0835937
0 0.493359 0.370703 0.151562 0.273438
0 0.126953 0.616797 0.252344 0.236719
0 0.557031 0.769531 0.100781 0.225
0 0.162695 0.337891 0.323047 0.641406
0 0.424219 0.760156 0.304688 0.278125
0 0.539844 0.823633 0.113281 0.108984
0 0.631641 0.0621094 0.110156 0.103906
0 0.567578 0.0406372 0.321094 0.0812256
0 0.139453 0.516797 0.255469 0.214844
0 0.484766 0.340234 0.132031 0.232031
0 0.776367 0.205078 0.0566406 0.121875
0 0.239404 0.440234 0.223535 0.228125
0 0.75 0.532813 0.239063 0.451562
0 0.0538086 0.251221 0.107617 0.381934
0 0.526953 0.799219 0.107031 0.164062
0 0.0345947 0.326758 0.0691895 0.292578
0 0.7625 0.253906 0.109375 0.155469
0 0.523828 0.407129 0.434375 0.251367
0 0.0673828 0.278516 0.134766 0.201563
0 0.116992 0.271094 0.233984 0.216406
0 0.583594 0.666406 0.473438 0.417188
0 0.682031 0.110547 0.152344 0.210156
0 0.133789 0.870313 0.258594 0.257812
0 0.779688 0.573047 0.08125 0.0804688
0 0.659375 0.924219 0.46875 0.151562
0 0.878906 0.850781 0.242188 0.28125
0 0.499316 0.667188 0.42168 0.520312
0 0.131152 0.190039 0.262305 0.228516
0 0.418652 0.387109 0.286133 0.317969
0 0.534375 0.765625 0.078125 0.125
0 0.200049 0.552344 0.122559 0.139063
0 0.648047 0.178467 0.310156 0.304004
0 0.571875 0.0693359 0.114063 0.0748047
0 0.0698242 0.232031 0.139648 0.407813
0 0.260156 0.952344 0.0960938 0.0953125
0 0.277148 0.930469 0.277734 0.139063
0 0.0664062 0.936719 0.113672 0.126563
0 0.0620117 0.226758 0.104492 0.117188
0 0.538281 0.0782227 0.096875 0.0566406
0 0.6625 0.518359 0.354688 0.327344
0 0.832227 0.128711 0.335547 0.229297
0 0.775 0.524219 0.103125 0.132812
0 0.546875 0.760547 0.08125 0.125781
0 0.380859 0.082251 0.0960938 0.0476074
0 0.858008 0.504687 0.262109 0.245312
0 0.709766 0.0744141 0.0625 0.105469
0 0.79375 0.226367 0.140625 0.198047
0 0.75625 0.225391 0.10625 0.169922
0 0.0659668 0.235352 0.131934 0.290234
0 0.577344 0.699219 0.149219 0.310937
0 0.365234 0.936328 0.350781 0.127344
0 0.8375 0.0744141 0.325 0.148828
0 0.195117 0.85625 0.214844 0.260938
0 0.269727 0.427441 0.311328 0.232617
0 0.436719 0.0818604 0.101562 0.0507324
0 0.613281 0.0497192 0.09375 0.0792725
0 0.780469 0.222656 0.0640625 0.142969
0 0.489844 0.209766 0.209375 0.255859
0 0.144727 0.14541 0.289453 0.29082
0 0.0302612 0.232031 0.0465088 0.100781
0 0.402734 0.960156 0.121875 0.0796875
0 0.570312 0.0465698 0.203125 0.07229
0 0.323047 0.0830078 0.078125 0.0474609
0 0.507812 0.535156 0.123438 0.315625
0 0.514063 0.820312 0.0703125 0.0875
0 0.479785 0.598535 0.473242 0.531055
0 0.623828 0.739844 0.477344 0.292188
0 0.297852 0.0828125 0.0792969 0.0474609
0 0.826367 0.210547 0.200391 0.146094
0 0.821094 0.0969727 0.214062 0.167383
0 0.880469 0.257861 0.239063 0.372559
0 0.346484 0.0828369 0.0796875 0.047998
0 0.81875 0.528516 0.190625 0.188281
0 0.525781 0.705078 0.135937 0.299219
0 0.512891 0.942187 0.342969 0.115625
0 0.572656 0.303906 0.0625 0.0648438
0 0.273828 0.0826172 0.0835937 0.0464844
0 0.256641 0.541406 0.353906 0.132031
0 0.420703 0.0811523 0.0875 0.0490234
0 0.205908 0.55 0.334277 0.151562
0 0.785156 0.546094 0.125 0.101562
0 0.166113 0.610156 0.26543 0.254688
0 0.771875 0.191992 0.0609375 0.0894531
0 0.726562 0.733203 0.426563 0.183594
0 0.224609 0.0819336 0.107031 0.0460938
0 0.508594 0.108789 0.0703125 0.05
0 0.288086 0.507031 0.328516 0.0953125
0 0.174219 0.120898 0.315234 0.241797
0 0.0445801 0.363477 0.0891602 0.376172
0 0.552344 0.298828 0.0921875 0.0710938
0 0.771094 0.141797 0.078125 0.114453
0 0.4875 0.108398 0.0796875 0.0507812
0 0.413184 0.970703 0.195508 0.0585938
0 0.283594 0.95 0.09375 0.1
0 0.549219 0.528125 0.151562 0.328125
0 0.780469 0.191602 0.0390625 0.0644531
0 0.746484 0.19043 0.0960938 0.0933594
0 0.101074 0.510938 0.19043 0.229687
0 0.895312 0.105078 0.209375 0.210156
0 0.0271362 0.214453 0.0390869 0.0734375
0 0.510547 0.08125 0.0859375 0.0505859
0 0.443066 0.940234 0.304492 0.119531
0 0.778125 0.558594 0.096875 0.0671875
0 0.463672 0.0828125 0.0960938 0.0501953
0 0.920313 0.865234 0.159375 0.269531
0 0.49375 0.0830078 0.090625 0.0496094
0 0.4625 0.128809 0.0726563 0.0583984
0 0.219189 0.954688 0.11709 0.090625
0 0.533594 0.946875 0.213281 0.10625
0 0.185986 0.562891 0.121777 0.142969
0 0.559375 0.855078 0.164844 0.289844
0 0.578125 0.292969 0.0796875 0.0804688
0 0.660547 0.069043 0.121875 0.109961
0 0.0743652 0.929688 0.14873 0.140625
0 0.594141 0.0442871 0.0515625 0.0694336
0 0.201758 0.0808594 0.113672 0.0470703
0 0.596484 0.66875 0.188281 0.403125
0 0.214062 0.537109 0.130469 0.122656
0 0.241016 0.515625 0.233984 0.113281
0 0.234766 0.141406 0.153906 0.0757812
0 0.0796875 0.967969 0.108984 0.0640625
0 0.0969727 0.543066 0.193945 0.418555
0 0.881641 0.222314 0.236719 0.26084
0 0.519531 0.24668 0.148438 0.173047
0 0.804883 0.566406 0.0621094 0.0828125
0 0.100391 0.455859 0.200781 0.585156
0 0.194336 0.449121 0.287891 0.251758
0 0.0854004 0.147559 0.170801 0.295117
0 0.805469 0.125293 0.176563 0.186133
0 0.422656 0.445703 0.282031 0.211719
0 0.309375 0.94375 0.405469 0.1125
0 0.248633 0.0822022 0.09375 0.0461426
0 0.601953 0.914844 0.560156 0.170313
0 0.4625 0.107715 0.08125 0.0503906
0 0.626563 0.142871 0.420312 0.270508
0 0.0317383 0.246875 0.0552734 0.120313
0 0.436328 0.130176 0.090625 0.0570313
0 0.5375 0.792383 0.190625 0.183984
0 0.279297 0.879883 0.207813 0.233984
0 0.133789 0.557031 0.253516 0.146094
0 0.447656 0.214502 0.170313 0.262402
0 0.783594 0.200439 0.0390625 0.0624023
0 0.405469 0.0816162 0.0945313 0.0473145
0 0.642578 0.163672 0.352344 0.327344
0 0.382812 0.966406 0.122656 0.0671875
0 0.510156 0.129492 0.0609375 0.0601563
0 0.809375 0.579688 0.0625 0.0953125
0 0.658594 0.101001 0.157813 0.190967
0 0.503125 0.249414 0.184375 0.201563
0 0.810938 0.898438 0.326562 0.203125
0 0.790625 0.575 0.117188 0.107813
0 0.571094 0.291016 0.121875 0.08125
0 0.318945 0.206445 0.423047 0.299609
0 0.463281 0.297607 0.126563 0.346973
0 0.775781 0.493359 0.110937 0.196094
0 0.187061 0.933594 0.364941 0.132812
0 0.712109 0.0741211 0.119531 0.148242
0 0.215234 0.146875 0.234766 0.0777344
0 0.91875 0.050293 0.1625 0.100586
0 0.120117 0.216357 0.240234 0.379785
0 0.5 0.302734 0.065625 0.10625
0 0.591797 0.448828 0.357031 0.20625
0 0.789062 0.225195 0.053125 0.110156
0 0.490625 0.274023 0.0703125 0.0683594
0 0.582422 0.538281 0.185938 0.323438
0 0.563281 0.946484 0.314844 0.107031
0 0.0613281 0.351562 0.122656 0.345313
0 0.0586426 0.964453 0.0920898 0.0710938
0 0.475 0.242383 0.173438 0.301953
0 0.476562 0.383203 0.201563 0.301563
0 0.290625 0.694141 0.58125 0.542969
0 0.34375 0.782227 0.579688 0.435547
0 0.268164 0.771094 0.412109 0.457813
0 0.583594 0.269531 0.421875 0.539062
0 0.399219 0.811328 0.442969 0.377344
0 0.330078 0.651563 0.478125 0.546875
0 0.582715 0.388281 0.426758 0.776563
0 0.561816 0.594922 0.399805 0.447656
0 0.349219 0.650391 0.546875 0.699219
0 0.664453 0.200195 0.346094 0.400391
0 0.171484 0.743359 0.342969 0.513281
0 0.606641 0.555469 0.407031 0.53125
0 0.104297 0.735938 0.208594 0.528125
0 0.495996 0.591016 0.306445 0.424219
0 0.510156 0.228906 0.486719 0.457813
0 0.485938 0.301758 0.521875 0.603516
0 0.160547 0.909375 0.221094 0.18125
0 0.426953 0.666797 0.363281 0.666406
0 0.696484 0.0739258 0.0789063 0.119727
0 0.695312 0.618359 0.442188 0.405469
0 0.231641 0.954297 0.4 0.0914062
0 0.264062 0.884375 0.438281 0.23125
0 0.707422 0.0743164 0.0570313 0.114453
0 0.3875 0.890625 0.471875 0.21875
0 0.25708 0.9625 0.31084 0.075
0 0.324609 0.580469 0.50625 0.379688
0 0.652344 0.0684082 0.159375 0.124902
0 0.161133 0.95625 0.322266 0.0875
0 0.259375 0.835156 0.407813 0.329688
0 0.188672 0.783789 0.273438 0.432422
0 0.204297 0.691016 0.408594 0.430469
0 0.565234 0.148438 0.421094 0.296875
0 0.466016 0.958594 0.328906 0.0828125
0 0.709375 0.0782959 0.0828125 0.110596
0 0.264453 0.652344 0.528906 0.35625
0 0.773047 0.0754883 0.232031 0.118945
0 0.508203 0.953906 0.239844 0.0921875
0 0.0435425 0.246094 0.0718994 0.114063
0 0.494141 0.14082 0.559375 0.281641
0 0.107813 0.901563 0.215625 0.196875
0 0.546484 0.63291 0.485156 0.55918
0 0.0751465 0.900781 0.150293 0.198437
0 0.205664 0.9 0.3375 0.2
0 0.199561 0.96875 0.35791 0.0625
0 0.415234 0.964844 0.390625 0.0703125
0 0.155762 0.572266 0.0955078 0.153906
0 0.324219 0.854102 0.6 0.291797
0 0.321094 0.553125 0.495313 0.6
0 0.0970703 0.244141 0.189453 0.115625
0 0.464453 0.383398 0.627344 0.766797
0 0.218604 0.863477 0.32998 0.273047
0 0.198633 0.160352 0.397266 0.320703
0 0.499609 0.959375 0.592969 0.08125
0 0.170898 0.933594 0.222266 0.132812
0 0.714844 0.0841553 0.0390625 0.0871582
0 0.138672 0.963281 0.277344 0.0734375
0 0.797461 0.865039 0.405078 0.269922
0 0.533203 0.709766 0.522656 0.580469
0 0.335938 0.965625 0.314063 0.06875
0 0.967969 0.500391 0.0640625 0.102344
0 0.0425781 0.247266 0.0851563 0.136719
0 0.130493 0.901953 0.157764 0.196094
0 0.0800293 0.958594 0.160059 0.0828125
0 0.498535 0.805664 0.526367 0.388672
0 0.545313 0.953125 0.198437 0.09375
0 0.300781 0.467285 0.559375 0.723242
0 0.825781 0.722656 0.15 0.210938
0 0.356445 0.480859 0.562891 0.567187
0 0.0364136 0.260742 0.05354 0.117188
0 0.706641 0.760156 0.441406 0.325
0 0.692969 0.256055 0.501563 0.512109
0 0.879687 0.766406 0.05 0.11875
0 0.773047 0.820312 0.453906 0.359375
0 0.0714355 0.250586 0.139551 0.143359
0 0.7125 0.084375 0.05625 0.0871094
0 0.0573242 0.243359 0.103711 0.134766
0 0.927344 0.926562 0.145313 0.146875
0 0.59375 0.467578 0.4 0.403906
0 0.878125 0.733594 0.0609375 0.201563
0 0.111816 0.227344 0.220898 0.157422
0 0.517578 0.940625 0.248438 0.11875
0 0.953906 0.49375 0.0921875 0.0875
0 0.195117 0.139453 0.390234 0.278906
0 0.162402 0.161816 0.314258 0.323633
0 0.553906 0.960547 0.101562 0.0789063
0 0.171289 0.575 0.105469 0.142969
0 0.9625 0.528906 0.075 0.159375
0 0.967188 0.4875 0.065625 0.071875
0 0.694141 0.687109 0.421094 0.289844
0 0.750781 0.0804443 0.159375 0.113721
0 0.781445 0.050293 0.215234 0.0896484
0 0.0444824 0.369092 0.0889648 0.389941
0 0.145508 0.149219 0.291016 0.298438
0 0.260156 0.5125 0.313281 0.682813
0 0.035376 0.239111 0.070752 0.138965
0 0.190234 0.539062 0.35625 0.595313
0 0.53125 0.980469 0.04375 0.0390625
0 0.163086 0.240234 0.326172 0.11875
0 0.729297 0.0761475 0.171094 0.137158
0 0.21875 0.549219 0.237891 0.20625
0 0.738281 0.669531 0.523438 0.334375
0 0.0352539 0.207422 0.0705078 0.200391
0 0.625781 0.0734375 0.225 0.146875
0 0.5875 0.951563 0.046875 0.096875
0 0.530469 0.907422 0.198437 0.185156
0 0.2 0.929688 0.309766 0.140625
0 0.596094 0.949219 0.0625 0.101562
0 0.133228 0.551562 0.185889 0.207813
0 0.843359 0.659766 0.313281 0.435156
0 0.860156 0.729297 0.096875 0.214844
0 0.156836 0.560547 0.121484 0.186719
0 0.130078 0.246094 0.254297 0.10625
0 0.106055 0.900781 0.096875 0.198437
0 0.555078 0.94375 0.566406 0.1125
0 0.835742 0.0420898 0.169141 0.0705078
0 0.690625 0.160547 0.354688 0.321094
0 0.463379 0.647656 0.224805 0.265625
0 0.56875 0.95 0.2625 0.1
0 0.479297 0.856055 0.476562 0.287891
0 0.0434082 0.292578 0.0868164 0.234375
0 0.37959 0.960156 0.50332 0.0796875
0 0.491504 0.921094 0.51543 0.157813
0 0.183984 0.564453 0.108203 0.136719
0 0.224023 0.280078 0.448047 0.390625
0 0.479785 0.932813 0.307617 0.134375
0 0.879687 0.770312 0.075 0.176563
0 0.746094 0.84375 0.507812 0.3125
0 0.609375 0.150781 0.263281 0.301563
0 0.864062 0.055127 0.0328125 0.0522461
0 0.582031 0.95 0.165625 0.1
0 0.148438 0.889063 0.296875 0.221875
0 0.90625 0.583594 0.1875 0.31875
0 0.195117 0.335547 0.390234 0.486719
0 0.073877 0.895312 0.132324 0.19375
0 0.419531 0.791992 0.260938 0.391016
0 0.723828 0.0754883 0.0679687 0.109961
0 0.297461 0.609375 0.422266 0.289062
0 0.571875 0.955469 0.0953125 0.0890625
0 0.876563 0.806445 0.046875 0.0777344
0 0.608984 0.942969 0.505469 0.114063
0 0.370508 0.965625 0.105859 0.06875
0 0.639453 0.477734 0.430469 0.325
0 0.117578 0.476953 0.235156 0.808594
0 0.0635254 0.940625 0.127051 0.11875
0 0.776758 0.713672 0.396484 0.250781
0 0.185938 0.439063 0.371875 0.785937
0 0.779688 0.810938 0.3875 0.35
0 0.882812 0.829688 0.03125 0.046875
0 0.0366211 0.236719 0.0564453 0.075
0 0.455469 0.550781 0.21875 0.284375
0 0.0472778 0.2625 0.0829834 0.0992187
0 0.608594 0.946875 0.0867188 0.10625
0 0.137891 0.345898 0.275781 0.417578
0 0.0638672 0.749219 0.127734 0.425
0 0.594531 0.0626953 0.290625 0.125391
0 0.0629883 0.882812 0.125977 0.19375
0 0.670313 0.924219 0.50625 0.151562
0 0.555469 0.974219 0.102344 0.0515625
0 0.0575195 0.865625 0.115039 0.245312
0 0.0770996 0.707031 0.154199 0.585938
0 0.160742 0.520703 0.166797 0.255469
0 0.0334961 0.226611 0.0535156 0.10459
0 0.111523 0.529297 0.219141 0.25
0 0.296289 0.958984 0.394922 0.0820312
0 0.0586914 0.218555 0.117383 0.202734
0 0.155371 0.858008 0.203711 0.283984
0 0.958594 0.432129 0.0828125 0.20918
0 0.31543 0.923047 0.287891 0.153906
0 0.589063 0.951563 0.0882813 0.096875
0 0.90625 0.722656 0.159375 0.215625
0 0.891406 0.539941 0.217188 0.38418
0 0.646875 0.423438 0.446875 0.29375
0 0.963281 0.482031 0.0546875 0.059375
0 0.685938 0.710938 0.478125 0.532813
0 0.965234 0.580859 0.0695313 0.253906
0 0.494531 0.979688 0.114063 0.040625
0 0.524609 0.858203 0.216406 0.283594
0 0.336914 0.0773193 0.108203 0.0543457
0 0.0716797 0.264844 0.113477 0.09375
0 0.8875 0.727344 0.0953125 0.207813
0 0.945312 0.507812 0.109375 0.115625
0 0.110156 0.566406 0.197656 0.160938
0 0.864844 0.606641 0.270313 0.408594
0 0.128516 0.971094 0.257031 0.0578125
0 0.592969 0.932813 0.040625 0.0625
0 0.73125 0.0750488 0.267188 0.150098
0 0.159375 0.594531 0.115625 0.14375
0 0.0758789 0.817187 0.151758 0.30625
0 0.605469 0.936719 0.075 0.078125
0 0.364648 0.946094 0.109766 0.107813
0 0.685156 0.0703613 0.100781 0.138574
0 0.600781 0.624609 0.1625 0.371094
0 0.236768 0.920313 0.19209 0.159375
0 0.597656 0.929688 0.0546875 0.059375
0 0.030835 0.166016 0.0616699 0.271094
0 0.0720215 0.166113 0.144043 0.332227
0 0.86875 0.0601074 0.04375 0.0454102
0 0.551562 0.837695 0.159375 0.324609
0 0.738281 0.201123 0.20625 0.342285
0 0.286914 0.360352 0.555859 0.460547
0 0.307227 0.965625 0.147266 0.06875
0 0.144922 0.253906 0.289844 0.0945313
0 0.223047 0.9625 0.0996094 0.075
0 0.989062 0.955469 0.021875 0.0890625
0 0.168164 0.589844 0.127344 0.18125
0 0.923438 0.835156 0.15 0.284375
0 0.133887 0.212305 0.267773 0.183984
0 0.239063 0.521094 0.28125 0.239063
0 0.7125 0.130273 0.053125 0.211328
0 0.0685059 0.218408 0.128418 0.185059
0 0.60625 0.823047 0.446875 0.353906
0 0.0381348 0.267969 0.0762695 0.185156
0 0.459766 0.782617 0.319531 0.347266
0 0.466797 0.95 0.464844 0.1
0 0.909375 0.809375 0.14375 0.24375
0 0.875 0.776758 0.0453125 0.102734
0 0.382422 0.289258 0.563281 0.385547
0 0.741797 0.0708496 0.108594 0.110254
0 0.202783 0.552344 0.128809 0.1375
0 0.874219 0.772266 0.034375 0.0960938
0 0.539062 0.978125 0.059375 0.04375
0 0.557031 0.899219 0.142188 0.201563
0 0.873438 0.794531 0.0375 0.0609375
0 0.953125 0.927344 0.09375 0.145313
0 0.650781 0.159375 0.207813 0.31875
0 0.963672 0.617188 0.0726563 0.339063
0 0.580469 0.945703 0.0671875 0.108594
0 0.27207 0.917969 0.212109 0.164062
0 0.128613 0.81582 0.15293 0.368359
0 0.330859 0.134375 0.480469 0.26875
0 0.672266 0.0759766 0.14375 0.151953
0 0.690625 0.184766 0.229687 0.369531
0 0.788867 0.570312 0.0660156 0.078125
0 0.0717773 0.611328 0.143555 0.650781
0 0.879687 0.0430664 0.1625 0.0728516
0 0.871094 0.0493164 0.05 0.0597656
0 0.100391 0.563965 0.200781 0.676758
0 0.782813 0.56875 0.0953125 0.09375
0 0.991406 0.958203 0.0171875 0.0835937
0 0.800781 0.531348 0.398438 0.36543
0 0.528906 0.976953 0.0546875 0.0460938
0 0.861719 0.0779053 0.0546875 0.0539551
0 0.0317383 0.236328 0.0427734 0.0976562
0 0.108398 0.832617 0.111133 0.309766
0 0.351172 0.964844 0.0757812 0.0703125
0 0.273096 0.936328 0.378809 0.127344
0 0.195312 0.923047 0.216406 0.153906
0 0.0413574 0.384277 0.0827148 0.47832
0 0.601562 0.955469 0.223438 0.0890625
0 0.440625 0.94375 0.307031 0.1125
0 0.85 0.107129 0.071875 0.0587891
0 0.0741699 0.972656 0.14834 0.0546875
0 0.967969 0.517188 0.0640625 0.125781
0 0.171289 0.390234 0.342578 0.489844
0 0.347461 0.953125 0.0769531 0.09375
0 0.210547 0.961719 0.0710938 0.0765625
0 0.371484 0.928906 0.203125 0.142188
0 0.764844 0.620215 0.470313 0.498633
0 0.175586 0.308252 0.341016 0.320996
0 0.464063 0.684375 0.221094 0.185938
0 0.829688 0.669141 0.15 0.328906
0 0.052002 0.275586 0.0977539 0.117969
0 0.110547 0.885156 0.110156 0.126563
0 0.361328 0.952344 0.08125 0.09375
0 0.830469 0.0717285 0.103125 0.0696289
0 0.613281 0.944531 0.19375 0.101562
0 0.885156 0.728125 0.0375 0.059375
0 0.769922 0.220313 0.255469 0.251563
0 0.164941 0.449121 0.329883 0.776758
0 0.769922 0.754687 0.0398437 0.053125
0 0.85625 0.0726563 0.11875 0.0689453
0 0.188477 0.570312 0.127734 0.167969
0 0.594531 0.0411621 0.0507812 0.0586914
0 0.541406 0.945312 0.160938 0.109375
0 0.456934 0.520312 0.637695 0.659375
0 0.12168 0.698438 0.243359 0.39375
0 0.879687 0.714063 0.0375 0.0640625
0 0.30332 0.433984 0.523047 0.4125
0 0.339063 0.959375 0.0804688 0.08125
0 0.487891 0.537402 0.15 0.32832
0 0.0592773 0.279492 0.117383 0.195703
0 0.119531 0.118945 0.239063 0.237891
0 0.884375 0.749219 0.0421875 0.0765625
0 0.0705566 0.851562 0.0586914 0.115625
0 0.8875 0.736328 0.034375 0.0585938
0 0.0767578 0.85625 0.0335938 0.090625
0 0.921094 0.869922 0.157813 0.260156
0 0.101367 0.154688 0.202734 0.309375
0 0.497266 0.821484 0.267969 0.357031
0 0.687109 0.0708496 0.192969 0.141699
0 0.103418 0.942969 0.0679687 0.114063
0 0.86875 0.110937 0.046875 0.0578125
0 0.322852 0.951953 0.126953 0.0960938
0 0.965625 0.530859 0.06875 0.400781
0 0.608984 0.683594 0.185156 0.257812
0 0.40625 0.595313 0.305469 0.257812
0 0.35918 0.788867 0.309766 0.394141
0 0.873438 0.697266 0.0421875 0.08125
0 0.029541 0.209766 0.0461914 0.0675781
0 0.100391 0.932031 0.0570313 0.096875
0 0.620703 0.537109 0.394531 0.586719
0 0.604297 0.360156 0.425781 0.720313
0 0.700391 0.0735352 0.0578125 0.11582
0 0.31875 0.643066 0.626563 0.713867
0 0.540234 0.530859 0.569531 0.607031
0 0.5875 0.157031 0.328125 0.314063
0 0.688281 0.0662109 0.09375 0.127734
0 0.475391 0.605859 0.303125 0.516406
0 0.451953 0.69375 0.346875 0.58125
0 0.603906 0.275586 0.376563 0.551172
0 0.708984 0.0700195 0.0460938 0.121094
0 0.510156 0.555078 0.370313 0.572656
0 0.50625 0.658984 0.383594 0.469531
0 0.657031 0.0664062 0.151562 0.132812
0 0.567578 0.596875 0.421094 0.476562
0 0.467969 0.779883 0.317969 0.440234
0 0.289258 0.508984 0.578516 0.666406
0 0.360156 0.742578 0.523438 0.514844
0 0.379297 0.561816 0.380469 0.548242
0 0.236523 0.673828 0.437891 0.649219
0 0.646094 0.589453 0.329688 0.477344
0 0.471191 0.797266 0.443555 0.405469
0 0.24043 0.754687 0.358984 0.490625
0 0.552441 0.774219 0.562305 0.451562
0 0.397266 0.804688 0.446875 0.390625
0 0.199219 0.588281 0.350781 0.804688
0 0.527734 0.137891 0.423438 0.275781
0 0.152539 0.875391 0.245312 0.249219
0 0.464746 0.675781 0.20957 0.375
0 0.472266 0.409375 0.605469 0.81875
0 0.15498 0.921875 0.263086 0.15625
0 0.265625 0.808203 0.4375 0.383594
0 0.540234 0.863672 0.566406 0.272656
0 0.775781 0.0666992 0.20625 0.133203
0 0.710938 0.0677734 0.103125 0.125
0 0.640234 0.068457 0.1875 0.136914
0 0.461816 0.508594 0.193555 0.357812
0 0.0341309 0.243945 0.0682617 0.128125
0 0.0744629 0.983984 0.0272461 0.0320312
0 0.03396 0.200391 0.0679199 0.217188
0 0.229346 0.953906 0.12334 0.0921875
0 0.0990234 0.98125 0.112109 0.0375
0 0.052002 0.979688 0.0819336 0.040625
0 0.532813 0.0827637 0.411719 0.165527
0 0.225 0.874805 0.376563 0.250391
0 0.696094 0.05 0.0640625 0.0699219
0 0.45625 0.878711 0.464063 0.242578
0 0.107422 0.959375 0.214844 0.08125
0 0.129785 0.949219 0.25957 0.101562
0 0.077832 0.948438 0.155664 0.103125
0 0.160156 0.830859 0.217188 0.338281
0 0.0717773 0.920313 0.143555 0.159375
0 0.155469 0.436816 0.296875 0.51543
0 0.617969 0.666797 0.175 0.332031
0 0.0368652 0.225781 0.0555664 0.0710938
0 0.0510742 0.900781 0.102148 0.198437
0 0.134863 0.962109 0.269727 0.0757812
0 0.638672 0.660937 0.342969 0.3375
0 0.213086 0.601172 0.230078 0.352344
0 0.116016 0.862109 0.204688 0.275781
0 0.0561523 0.87207 0.112305 0.255859
0 0.913672 0.928125 0.172656 0.14375
0 0.288672 0.953125 0.335156 0.09375
0 0.0379883 0.239453 0.0683594 0.110156
0 0.113086 0.907031 0.226172 0.185938
0 0.116016 0.648047 0.216406 0.349219
0 0.0617676 0.249609 0.111621 0.133594
0 0.0493286 0.966016 0.0911865 0.0679687
0 0.0454102 0.253125 0.0806641 0.129688
0 0.154785 0.553516 0.274805 0.746094
0 0.0395508 0.862695 0.0791016 0.274609
0 0.136304 0.80332 0.167627 0.393359
0 0.167285 0.668652 0.30918 0.662695
0 0.306055 0.874805 0.559766 0.250391
0 0.507031 0.658203 0.146875 0.361719
0 0.104102 0.942969 0.208203 0.114063
0 0.742188 0.0713867 0.171875 0.11875
0 0.0730957 0.978906 0.0405273 0.0421875
0 0.33125 0.947656 0.269531 0.104688
0 0.580566 0.929688 0.568555 0.140625
0 0.40625 0.935938 0.278125 0.128125
0 0.0473633 0.954297 0.0947266 0.0914062
0 0.431641 0.472266 0.511719 0.483594
0 0.0962891 0.977344 0.0863281 0.0453125
0 0.685156 0.204297 0.345313 0.408594
0 0.589844 0.0780762 0.307813 0.156152
0 0.047168 0.971094 0.0943359 0.0578125
0 0.484766 0.500781 0.139063 0.382031
0 0.1125 0.823047 0.147656 0.353906
0 0.89375 0.914844 0.210938 0.170313
0 0.815625 0.0452148 0.164062 0.0892578
0 0.0339355 0.167383 0.0678711 0.334766
0 0.160156 0.280078 0.302344 0.177344
0 0.248828 0.310156 0.151562 0.117188
0 0.7125 0.0729004 0.0328125 0.109277
0 0.109082 0.254492 0.189648 0.142188
0 0.034082 0.839063 0.0681641 0.285938
0 0.0384766 0.907031 0.0769531 0.185938
0 0.711719 0.0755859 0.0625 0.123828
0 0.24668 0.598437 0.221875 0.320312
0 0.382129 0.505371 0.762305 0.59082
0 0.653125 0.178906 0.198437 0.357812
0 0.529297 0.905859 0.524219 0.188281
0 0.0818115 0.84668 0.132861 0.306641
0 0.941016 0.934766 0.117969 0.130469
0 0.914844 0.0419434 0.170313 0.0838867
0 0.0738281 0.388672 0.147656 0.472656
0 0.0721191 0.95625 0.105371 0.0875
0 0.391016 0.923438 0.325 0.153125
0 0.381152 0.948828 0.264258 0.102344
0 0.654688 0.0428223 0.149219 0.0760742
0 0.669141 0.951563 0.040625 0.0515625
0 0.188477 0.270703 0.335156 0.213281
0 0.0987305 0.63125 0.192383 0.7375
0 0.195312 0.862695 0.272266 0.274609
0 0.204736 0.477344 0.39834 0.585156
0 0.499219 0.173047 0.457813 0.346094
0 0.094043 0.962109 0.120898 0.0757812
0 0.460938 0.619531 0.198437 0.320312
0 0.239063 0.291406 0.173438 0.15625
0 0.234375 0.962891 0.101172 0.0742188
0 0.229639 0.934375 0.161816 0.11875
0 0.146289 0.929688 0.287109 0.140625
0 0.420996 0.504297 0.25332 0.364844
0 0.426563 0.384375 0.81875 0.76875
0 0.333594 0.961719 0.120313 0.0765625
0 0.283594 0.952734 0.210938 0.0945313
0 0.0907227 0.983594 0.0857422 0.0328125
0 0.442188 0.9625 0.325 0.075
0 0.933594 0.916406 0.132812 0.167187
0 0.590625 0.649609 0.220313 0.360156
0 0.263281 0.321484 0.139063 0.0929688
0 0.142188 0.25 0.284375 0.15625
0 0.871875 0.946875 0.25625 0.10625
0 0.686328 0.0634766 0.0742188 0.104297
0 0.455859 0.723047 0.205469 0.303906
0 0.619531 0.158789 0.228906 0.317578
0 0.691406 0.0381348 0.0734375 0.0581055
0 0.699609 0.0390625 0.0484375 0.0507812
0 0.0889648 0.328174 0.17793 0.324902
0 0.166895 0.369336 0.300195 0.398828
0 0.111035 0.727734 0.191211 0.455469
0 0.720703 0.0655762 0.353906 0.131152
0 0.0400879 0.9375 0.0801758 0.125
0 0.6875 0.071582 0.121875 0.143164
0 0.156641 0.603906 0.271094 0.354688
0 0.0814941 0.00550537 0.162988 0.0110107
0 0.417969 0.00541992 0.233594 0.0108398
0 0.24375 0.946094 0.129688 0.107813
0 0.297266 0.9375 0.242969 0.125
0 0.217188 0.00546875 0.227344 0.0109375
0 0.725391 0.0775635 0.100781 0.12417
0 0.0474609 0.239844 0.0949219 0.102344
0 0.0985352 0.534375 0.172461 0.19375
0 0.0999023 0.466504 0.18457 0.32793
0 0.126953 0.232031 0.253906 0.170313
0 0.676953 0.0506836 0.09375 0.075
0 0.0492676 0.299609 0.0985352 0.230469
0 0.0366211 0.332813 0.0732422 0.292969
0 0.704297 0.0450195 0.046875 0.0583984
0 0.351367 0.0777344 0.108984 0.110547
0 0.769141 0.948438 0.342969 0.103125
0 0.171289 0.949219 0.219531 0.101562
0 0.789062 0.0592773 0.395313 0.118555
0 0.310156 0.957812 0.154688 0.084375
0 0.212305 0.546875 0.237891 0.307813
0 0.0331787 0.813281 0.0663574 0.353125
0 0.182617 0.920313 0.214453 0.159375
0 0.223047 0.296484 0.198437 0.209375
0 0.168359 0.00559082 0.236719 0.0111816
0 0.860938 0.0552246 0.034375 0.0485352
0 0.516016 0.804688 0.230469 0.367188
0 0.640625 0.138672 0.19375 0.277344
0 0.354688 0.957812 0.271094 0.084375
0 0.498828 0.948438 0.377344 0.103125
0 0.388281 0.134473 0.66875 0.268945
0 0.868555 0.0378906 0.262891 0.0757812
0 0.884375 0.0505859 0.0875 0.0703125
0 0.314648 0.966016 0.133203 0.0679687
0 0.307813 0.287305 0.615625 0.204297
0 0.587891 0.732031 0.563281 0.284375
0 0.692969 0.9625 0.10625 0.075
0 0.723828 0.935938 0.316406 0.128125
0 0.120215 0.00571289 0.24043 0.0114258
0 0.572656 0.953906 0.244531 0.0921875
0 0.6875 0.192529 0.196875 0.354785
0 0.583594 0.922656 0.223438 0.154688
0 0.636719 0.048291 0.175 0.096582
0 0.386621 0.0779297 0.162695 0.155859
0 0.550781 0.823047 0.204688 0.353906
0 0.663672 0.954688 0.0390625 0.05625
0 0.780469 0.896094 0.428125 0.207813
0 0.739062 0.959766 0.515625 0.0804688
0 0.323828 0.923438 0.267188 0.153125
0 0.372266 0.95625 0.135156 0.0875
0 0.752344 0.0725098 0.240625 0.14502
0 0.279102 0.615234 0.227734 0.332031
0 0.701563 0.0533203 0.071875 0.0859375
0 0.510156 0.625781 0.109375 0.373437
0 0.503027 0.936719 0.325195 0.126563
0 0.623047 0.9625 0.357031 0.075
0 0.220313 0.434766 0.201172 0.346094
0 0.480859 0.957812 0.441406 0.084375
0 0.0921631 0.535937 0.160986 0.714063
0 0.694531 0.077832 0.075 0.131445
0 0.175391 0.892578 0.310547 0.214844
0 0.609375 0.0643066 0.24375 0.128613
0 0.349609 0.955078 0.129688 0.0898438
0 0.6 0.595313 0.164062 0.510938
0 0.511328 0.312305 0.461719 0.624609
0 0.747656 0.930859 0.503125 0.138281
0 0.356641 0.0586426 0.11875 0.0854492
0 0.193555 0.0597656 0.233203 0.119531
0 0.042981 0.247852 0.0540771 0.114453
0 0.0607422 0.374219 0.121484 0.403125
0 0.0317383 0.220703 0.0517578 0.0585938
0 0.00913086 0.892969 0.0182617 0.214062
0 0.368359 0.00554199 0.242969 0.011084
0 0.660547 0.165527 0.497656 0.300977
0 0.0342285 0.744922 0.068457 0.382031
0 0.469531 0.00539551 0.228906 0.010791
0 0.0391113 0.231836 0.0782227 0.205078
0 0.0134766 0.856836 0.0269531 0.286328
0 0.104883 0.835352 0.209766 0.329297
0 0.374023 0.964063 0.116016 0.071875
0 0.233203 0.330078 0.191406 0.302344
0 0.628906 0.936719 0.29375 0.126563
0 0.385156 0.197656 0.673438 0.395313
0 0.525781 0.688672 0.19375 0.335156
0 0.162305 0.0623047 0.319922 0.124609
0 0.436328 0.441016 0.135156 0.164062
0 0.243164 0.318164 0.114453 0.0960938
0 0.683594 0.969141 0.3875 0.0617188
0 0.650781 0.0298828 0.139063 0.0597656
0 0.520312 0.836719 0.295312 0.326562
0 0.822656 0.0451172 0.354688 0.0902344
0 0.428906 0.732422 0.174219 0.282031
0 0.633594 0.0346191 0.146875 0.0641602
0 0.247656 0.966797 0.0796875 0.0664062
0 0.0309814 0.294336 0.0619629 0.317578
0 0.960938 0.934375 0.078125 0.13125
0 0.899609 0.00583496 0.200781 0.0116699
0 0.0990234 0.280859 0.198047 0.207031
0 0.0105591 0.157422 0.0211182 0.314844
0 0.566406 0.883203 0.238281 0.233594
0 0.364063 0.940625 0.135937 0.11875
0 0.590625 0.0485352 0.29375 0.0970703
0 0.221533 0.0500977 0.181152 0.100195
0 0.0649414 0.33125 0.129883 0.285156
0 0.0793945 0.767969 0.112305 0.389062
0 0.261719 0.953906 0.123438 0.0921875
0 0.664062 0.944531 0.0515625 0.065625
0 0.371484 0.105444 0.125781 0.109814
0 0.6875 0.178516 0.14375 0.355859
0 0.315039 0.975781 0.134766 0.0484375
0 0.394434 0.806055 0.250195 0.387891
0 0.699219 0.067041 0.532813 0.134082
0 0.392871 0.847656 0.301758 0.303125
0 0.260205 0.917969 0.19834 0.164062
0 0.288281 0.924219 0.290625 0.151562
0 0.264648 0.333008 0.109375 0.071875
0 0.0878906 0.636328 0.175781 0.419531
0 0.351953 0.957812 0.380469 0.084375
0 0.215625 0 0.140625 0
0 0.769922 0.00610352 0.247656 0.012207
0 0.054248 0.272461 0.108496 0.429297
0 0.304297 0.379785 0.603906 0.388867
0 0.589063 0.0380859 0.358594 0.0761719
0 0.265234 0.294141 0.114063 0.150781
0 0.819531 0.95 0.360938 0.1
0 0.477441 0.934766 0.276367 0.130469
0 0.585547 0.827734 0.616406 0.344531
0 0.864844 0.838281 0.0734375 0.071875
0 0.229639 0.415527 0.199316 0.256445
0 0.829492 0.0392578 0.153516 0.0785156
0 0.0791992 0.255469 0.150977 0.124219
0 0.915625 0.9 0.16875 0.2
0 0.270508 0.00546875 0.233203 0.0109375
0 0.520996 0.960156 0.326758 0.0796875
0 0.200977 0.301172 0.247266 0.263281
0 0.196484 0.404297 0.223438 0.336719
0 0.567187 0.685156 0.205469 0.30625
0 0.402441 0.927344 0.232617 0.145313
0 0.610938 0.346094 0.220313 0.313281
0 0.401172 0.903125 0.533594 0.19375
0 0.104688 0.922656 0.209375 0.154688
0 0.898438 0.0471191 0.11875 0.0688477
0 0.105957 0.75625 0.146289 0.434375
0 0.210547 0.960938 0.0679687 0.071875
0 0.0689453 0.983984 0.0488281 0.0320312
0 0.169629 0.229248 0.339258 0.157129
0 0.0621094 0.607031 0.124219 0.739062
0 0.553906 0.0323364 0.160938 0.0556397
0 0.0453613 0.98125 0.0907227 0.0375
0 0.00731201 0.736719 0.014624 0.348438
0 0.505469 0.259375 0.151562 0.111719
0 0.0424805 0.373828 0.0849609 0.460156
0 0.178516 0 0.141797 0
0 0.262109 0.965625 0.0914062 0.06875
0 0.110156 0.56875 0.139844 0.115625
0 0.695312 0.0675781 0.0695313 0.108984
0 0.464063 0.825391 0.310156 0.349219
0 0.458203 0.611328 0.322656 0.514844
0 0.547266 0.432813 0.503906 0.865625
0 0.872461 0.910937 0.255078 0.178125
0 0.365234 0.62334 0.523438 0.733008
0 0.658594 0.407813 0.479688 0.815625
0 0.429688 0.745703 0.244531 0.249219
0 0.663281 0.0642578 0.126563 0.119141
0 0.419141 0.552734 0.434375 0.638281
0 0.602734 0.50625 0.580469 0.714063
0 0.3375 0.524902 0.510938 0.662695
0 0.397656 0.789648 0.432813 0.420703
0 0.186914 0.738281 0.304297 0.523438
0 0.68125 0.285156 0.476562 0.570312
0 0.644531 0.0652344 0.163281 0.130469
0 0.558594 0.751953 0.140625 0.211719
0 0.711719 0.0667969 0.040625 0.119922
0 0.870117 0.842578 0.259766 0.314844
0 0.321094 0.727734 0.603125 0.544531
0 0.908984 0.903906 0.182031 0.192188
0 0.225977 0.6375 0.242969 0.323438
0 0.537891 0.566309 0.502344 0.611133
0 0.332422 0.656641 0.442188 0.378906
0 0.892969 0.925781 0.214062 0.148438
0 0.246484 0.678125 0.23125 0.2625
0 0.564063 0.779883 0.1375 0.152734
0 0.507812 0.0818848 0.421875 0.16377
0 0.407422 0.455469 0.616406 0.826563
0 0.619531 0.0621094 0.203125 0.124219
0 0.201563 0.612891 0.2125 0.292969
0 0.222461 0.728125 0.426953 0.54375
0 0.8125 0.0727539 0.342187 0.145508
0 0.705859 0.535547 0.497656 0.657031
0 0.861719 0.835938 0.0765625 0.08125
0 0.870313 0.826563 0.0984375 0.1
0 0.333203 0.389062 0.6375 0.778125
0 0.297852 0.285547 0.237109 0.346094
0 0.617578 0.0788086 0.213281 0.157617
0 0.485938 0.896875 0.304688 0.20625
0 0.880469 0.819531 0.15 0.114063
0 0.327344 0.389746 0.071875 0.123633
0 0.486719 0.388672 0.45 0.777344
0 0.178516 0.858984 0.240625 0.282031
0 0.539844 0.689844 0.084375 0.109375
0 0.0360352 0.245312 0.0602539 0.124219
0 0.258984 0.646094 0.351562 0.365625
0 0.326953 0.438672 0.177344 0.23125
0 0.399609 0.751563 0.185156 0.225
0 0.853125 0.941406 0.217188 0.117188
0 0.904688 0.0694336 0.126563 0.128125
0 0.244141 0.466016 0.439063 0.824219
0 0.354492 0.422656 0.123828 0.189844
0 0.860156 0.814844 0.10625 0.128125
0 0.327148 0.0774414 0.0578125 0.127148
0 0.590625 0.724609 0.210938 0.235156
0 0.501563 0.751953 0.257812 0.217969
0 0.859375 0.844531 0.06875 0.0609375
0 0.351172 0.0773193 0.0945313 0.131299
0 0.210742 0.892188 0.320703 0.215625
0 0.303906 0.517188 0.509375 0.85625
0 0.400098 0.787305 0.18418 0.156641
0 0.16709 0.892188 0.226758 0.215625
0 0.222461 0.7125 0.183984 0.19375
0 0.710938 0.0693359 0.0578125 0.110742
0 0.31875 0.394141 0.0585938 0.10625
0 0.603516 0.773828 0.636719 0.452344
0 0.351172 0.379297 0.104688 0.142969
0 0.125391 0.295312 0.221484 0.221875
0 0.336523 0.380859 0.0847656 0.13125
0 0.771094 0.064502 0.214062 0.129004
0 0.323047 0.0954834 0.075 0.168408
0 0.703906 0.278125 0.310937 0.55625
0 0.516406 0.775391 0.432813 0.449219
0 0.5375 0.75 0.0875 0.139063
0 0.574609 0.905469 0.589844 0.189063
0 0.211279 0.541406 0.221191 0.145313
0 0.789844 0.904688 0.407813 0.190625
0 0.875781 0.0675781 0.0796875 0.125586
0 0.125195 0.400781 0.205078 0.517188
0 0.165039 0.625781 0.226172 0.326562
0 0.711719 0.0620117 0.1 0.124023
0 0.649219 0.673926 0.701563 0.652148
0 0.0378906 0.254883 0.0757812 0.15
0 0.553906 0.738281 0.096875 0.148438
0 0.313672 0.140918 0.065625 0.239648
0 0.703906 0.0614746 0.05 0.094043
0 0.914062 0.0688477 0.165625 0.137695
0 0.32207 0.0651367 0.0460938 0.108203
0 0.3375 0.0731445 0.0757812 0.132617
0 0.833594 0.887109 0.18125 0.225781
0 0.675391 0.0949219 0.107031 0.189844
0 0.385156 0.890625 0.439844 0.21875
0 0.850781 0.842969 0.05 0.0546875
0 0.441504 0.783594 0.245117 0.173438
0 0.503906 0.254297 0.075 0.107031
0 0.783008 0.841602 0.421484 0.316797
0 0.491016 0.27207 0.05 0.0527344
0 0.523828 0.574609 0.0578125 0.0648438
0 0.394141 0.430469 0.191406 0.228125
0 0.427734 0.326953 0.425781 0.653906
0 0.7125 0.0795166 0.0335938 0.102295
0 0.523438 0.583984 0.0734375 0.110937
0 0.647656 0.319141 0.351562 0.638281
0 0.471484 0.473438 0.0851563 0.110937
0 0.191602 0.503516 0.334766 0.655469
0 0.344531 0.133301 0.124219 0.229492
0 0.225195 0.5875 0.385547 0.825
0 0.730078 0.0638672 0.142969 0.127734
0 0.152734 0.960156 0.275 0.0796875
0 0.83125 0.825781 0.176563 0.195312
0 0.514844 0.258008 0.0945313 0.125781
0 0.368359 0.0825928 0.111719 0.124658
0 0.315234 0.402344 0.046875 0.0953125
0 0.335156 0.0975586 0.0945313 0.195117
0 0.357422 0.0771484 0.121875 0.154297
0 0.830469 0.928906 0.176563 0.142188
0 0.575 0.80957 0.128125 0.0808594
0 0.193311 0.582812 0.185254 0.221875
0 0.341797 0.395703 0.113281 0.171094
0 0.467578 0.477734 0.0742188 0.0882813
0 0.181055 0.698438 0.0960938 0.129688
0 0.920313 0.0790771 0.146875 0.11958
0 0.443359 0.701953 0.264844 0.317969
0 0.443359 0.438281 0.114844 0.138281
0 0.188623 0.729688 0.10166 0.103125
0 0.686719 0.0598145 0.06875 0.0942383
0 0.858594 0.821094 0.0703125 0.109375
0 0.819531 0.945312 0.154688 0.109375
0 0.103809 0.694141 0.207617 0.396094
0 0.0340088 0.244336 0.0680176 0.146875
0 0.525 0.572656 0.0484375 0.046875
0 0.0348633 0.228516 0.0630859 0.08125
0 0.383984 0.392578 0.178125 0.220313
0 0.341797 0.751563 0.059375 0.096875
0 0.697656 0.0542969 0.0546875 0.0820312
0 0.848437 0.796094 0.13125 0.16875
0 0.232617 0.961719 0.108984 0.0765625
0 0.0463867 0.25 0.0648438 0.11875
0 0.533984 0.779883 0.207031 0.152734
0 0.152832 0.555469 0.0666016 0.109375
0 0.232422 0.653906 0.410156 0.523438
0 0.266602 0.343555 0.181641 0.356641
0 0.264453 0.381152 0.170313 0.243945
0 0.209375 0.734766 0.158203 0.158594
0 0.291016 0.505469 0.0867188 0.078125
0 0.506641 0.649219 0.117969 0.08125
0 0.375391 0.450391 0.257031 0.246875
0 0.164062 0.94375 0.226562 0.1125
0 0.298828 0.180664 0.0367188 0.0792969
0 0.5625 0.688281 0.0953125 0.138281
0 0.595313 0.0452637 0.284375 0.0905273
0 0.404687 0.77832 0.096875 0.127734
0 0.224658 0.747656 0.193652 0.189063
0 0.614844 0.752344 0.770312 0.495313
0 0.291016 0.508984 0.0953125 0.107031
0 0.433984 0.420312 0.0953125 0.129688
0 0.143945 0.561719 0.0683594 0.110937
0 0.180078 0.741797 0.155469 0.196094
0 0.483594 0.273047 0.0296875 0.04375
0 0.645312 0.513965 0.323438 0.686133
0 0.552734 0.701563 0.0828125 0.15
0 0.842188 0.84375 0.034375 0.053125
0 0.848437 0.84375 0.053125 0.071875
0 0.842188 0.0658203 0.126563 0.131641
0 0.817187 0.960547 0.203125 0.0789063
0 0.495313 0.288477 0.065625 0.0894531
0 0.378125 0.777344 0.178125 0.275
0 0.335352 0.750391 0.0429688 0.0898438
0 0.459375 0.929688 0.279687 0.140625
0 0.435254 0.552344 0.235742 0.28125
0 0.7 0.0832031 0.0835937 0.166406
0 0.78125 0.0802734 0.240625 0.160547
0 0.50625 0.619531 0.11875 0.136719
0 0.167187 0.542578 0.0511719 0.0914062
0 0.573047 0.754687 0.126563 0.15
0 0.564453 0.801562 0.13125 0.110937
0 0.709375 0.0816406 0.046875 0.115234
0 0.0435059 0.240039 0.0723633 0.0867188
0 0.378516 0.180078 0.203906 0.316406
0 0.146973 0.83457 0.183008 0.330859
0 0.305469 0.169141 0.0570313 0.0976562
0 0.24668 0.397656 0.447266 0.471875
0 0.322852 0.819531 0.254297 0.360938
0 0.907031 0.820312 0.185938 0.1625
0 0.324609 0.0848633 0.0390625 0.115234
0 0.482031 0.24707 0.0773438 0.102734
0 0.876563 0.0693359 0.1125 0.138672
0 0.71875 0.496875 0.173438 0.200781
0 0.337305 0.169531 0.120703 0.314453
0 0.616406 0.0328247 0.0765625 0.0603271
0 0.653125 0.463281 0.0476562 0.06875
0 0.04375 0.220313 0.0761719 0.0835937
0 0.763672 0.960938 0.0335938 0.06875
0 0.709375 0.0951172 0.05625 0.110547
0 0.86875 0.832812 0.084375 0.126563
0 0.635156 0.958594 0.284375 0.0828125
0 0.113184 0.638672 0.226367 0.349219
0 0.0598145 0.240625 0.100293 0.121875
0 0.470996 0.655078 0.20332 0.255469
0 0.160938 0.545703 0.0683594 0.114063
0 0.655469 0.464063 0.05625 0.09375
0 0.546094 0.691406 0.0625 0.0921875
0 0.617188 0.0742188 0.265625 0.148438
0 0.7 0.0803711 0.0695313 0.139453
0 0.526953 0.761719 0.08125 0.135937
0 0.158203 0.728125 0.0589844 0.09375
0 0.0405151 0.312305 0.0724854 0.258203
0 0.692187 0.16543 0.223438 0.330859
0 0.505469 0.295312 0.0703125 0.100391
0 0.535156 0.302734 0.09375 0.100781
0 0.166992 0.718359 0.0664062 0.103906
0 0.168848 0.698438 0.0728516 0.116406
0 0.187109 0.714453 0.126172 0.180469
0 0.454297 0.84082 0.275781 0.277734
0 0.823438 0.789844 0.16875 0.1875
0 0.413184 0.460059 0.251758 0.268945
0 0.055957 0.228906 0.106641 0.0851563
0 0.417871 0.784375 0.131445 0.134375
0 0.0634766 0.332422 0.0652344 0.0664062
0 0.322266 0.156055 0.09375 0.281641
0 0.197266 0.523438 0.104297 0.129688
0 0.596484 0.0260864 0.0328125 0.0443115
0 0.552344 0.842578 0.190625 0.314844
0 0.158691 0.778711 0.242773 0.442578
0 0.0636841 0.251563 0.0786865 0.103906
0 0.870313 0.0713379 0.0625 0.103027
0 0.850781 0.957812 0.220313 0.084375
0 0.815625 0.123242 0.315625 0.246484
0 0.370508 0.748438 0.131641 0.228125
0 0.153906 0.722656 0.0425781 0.0671875
0 0.569531 0.411035 0.15 0.14668
0 0.277148 0.949609 0.198828 0.100781
0 0.449219 0.455469 0.101562 0.126563
0 0.154883 0.709766 0.0433594 0.0757812
0 0.605469 0.141406 0.246875 0.277344
0 0.575781 0.339063 0.221875 0.282813
0 0.892188 0.073877 0.0671875 0.104199
0 0.528125 0.695312 0.0828125 0.0984375
0 0.575781 0.488281 0.19375 0.240625
0 0.509375 0.60625 0.096875 0.146875
0 0.161328 0.549609 0.0488281 0.0914062
0 0.174902 0.533594 0.0666016 0.10625
0 0.159766 0.789844 0.209766 0.325
0 0.877344 0.0802734 0.059375 0.0884766
0 0.357422 0.74375 0.0875 0.114063
0 0.0939453 0.532422 0.159375 0.184375
0 0.697656 0.335547 0.05625 0.0695313
0 0.565625 0.717969 0.096875 0.167187
0 0.188867 0.237305 0.363672 0.464453
0 0.653906 0.473438 0.046875 0.0515625
0 0.911719 0.838281 0.176563 0.240625
0 0.194922 0.767578 0.209375 0.246094
0 0.276563 0.872461 0.207813 0.255078
0 0.330469 0.746094 0.046875 0.104688
0 0.261523 0.413672 0.222266 0.272656
0 0.258008 0.766406 0.0867188 0.0875
0 0.401172 0.771094 0.0867188 0.0984375
0 0.505078 0.296484 0.0507812 0.0867188
0 0.559766 0.293359 0.210938 0.325781
0 0.116431 0.571094 0.186279 0.798438
0 0.6375 0.0495117 0.09375 0.0990234
0 0.201953 0.320117 0.046875 0.0738281
0 0.971094 0.929688 0.0578125 0.140625
0 0.592969 0.0957031 0.277344 0.191406
0 0.875391 0.94375 0.249219 0.1125
0 0.317188 0.0617676 0.0367188 0.0920898
0 0.540625 0.725391 0.0703125 0.153906
0 0.565625 0.0330322 0.323438 0.0660645
0 0.690625 0.649609 0.49375 0.700781
0 0.717188 0.905078 0.565625 0.189844
0 0.526172 0.563281 0.0570313 0.0921875
0 0.84375 0.848437 0.04375 0.059375
0 0.207813 0.807031 0.246094 0.315625
0 0.301563 0.144531 0.0707031 0.267578
0 0.104004 0.313281 0.178711 0.267188
0 0.49375 0.679688 0.176563 0.296875
0 0.661328 0.944531 0.302344 0.110937
0 0.135449 0.963281 0.270898 0.0734375
0 0.354297 0.131934 0.160938 0.263867
0 0.8625 0.0556152 0.0578125 0.0838867
0 0.871094 0.782813 0.0984375 0.198437
0 0.649219 0.450391 0.0546875 0.090625
0 0.087793 0.291406 0.158203 0.213281
0 0.510156 0.779883 0.292188 0.193359
0 0.903125 0.0826172 0.078125 0.104883
0 0.419531 0.860938 0.203906 0.278125
0 0.0344238 0.255859 0.0688477 0.267188
0 0.529688 0.483691 0.278125 0.24668
0 0.592188 0.030127 0.0390625 0.0514648
0 0.77793 0.0524902 0.253516 0.10498
0 0.0898193 0.255078 0.162939 0.145313
0 0.560938 0.683594 0.078125 0.109375
0 0.466406 0.954688 0.295312 0.090625
0 0.549609 0.682813 0.197656 0.298438
0 0.480469 0.270703 0.0398437 0.0464844
0 0.408984 0.37207 0.241406 0.249609
0 0.13291 0.864844 0.159961 0.270313
0 0.891406 0.0848633 0.0546875 0.0974609
0 0.253516 0.739844 0.231641 0.159375
0 0.274219 0.562402 0.514063 0.60957
0 0.407813 0.544922 0.61875 0.663281
0 0.530078 0.54375 0.491406 0.657813
0 0.475684 0.432813 0.681445 0.865625
0 0.241016 0.62959 0.482031 0.74082
0 0.322266 0.612598 0.564063 0.774805
0 0.587891 0.420312 0.472656 0.809375
0 0.272461 0.51875 0.525391 0.91875
0 0.229297 0.742188 0.416406 0.515625
0 0.282227 0.692969 0.527734 0.614062
0 0.397559 0.527734 0.661133 0.944531
0 0.691406 0.0735352 0.0890625 0.122852
0 0.434375 0.655859 0.599219 0.424219
0 0.276563 0.363281 0.553125 0.726562
0 0.541406 0.517188 0.585938 0.81875
0 0.213477 0.821094 0.376172 0.357812
0 0.472754 0.682422 0.479492 0.371094
0 0.366406 0.717578 0.660156 0.564844
0 0.703125 0.0688965 0.0632813 0.107324
0 0.398047 0.386914 0.703906 0.773828
0 0.356445 0.358594 0.712891 0.717188
0 0.378027 0.740234 0.693945 0.391406
0 0.81875 0.845703 0.3625 0.308594
0 0.875781 0.894531 0.248438 0.210938
0 0.244727 0.420312 0.489453 0.840625
0 0.655859 0.0792969 0.157031 0.135742
0 0.652246 0.735547 0.695508 0.528906
0 0.216602 0.29082 0.433203 0.581641
0 0.411621 0.771875 0.64082 0.242188
0 0.344336 0.805859 0.688672 0.388281
0 0.617188 0.298828 0.421875 0.561719
0 0.220313 0.512109 0.440625 0.675781
0 0.185938 0.595703 0.371875 0.808594
0 0.717188 0.822266 0.565625 0.355469
0 0.679688 0.10166 0.114063 0.179492
0 0.910156 0.915625 0.179688 0.16875
0 0.498437 0.331055 0.6375 0.651172
0 0.415234 0.297266 0.707031 0.594531
0 0.656641 0.109863 0.158594 0.19707
0 0.429785 0.83125 0.69043 0.3375
0 0.606641 0.805078 0.767969 0.389844
0 0.710156 0.0767578 0.04375 0.0972656
0 0.196875 0.846875 0.29375 0.30625
0 0.227686 0.585156 0.382129 0.201563
0 0.187842 0.722656 0.10791 0.104688
0 0.660937 0.141602 0.175 0.270703
0 0.694531 0.0589355 0.075 0.0864258
0 0.163379 0.445703 0.312305 0.517188
0 0.495215 0.218555 0.51582 0.437109
0 0.633691 0.658496 0.70293 0.629883
0 0.0401367 0.261133 0.0802734 0.142578
0 0.551172 0.622656 0.580469 0.45625
0 0.680078 0.274609 0.278906 0.510156
0 0.924219 0.888281 0.151562 0.223438
0 0.249023 0.612109 0.385547 0.266406
0 0.708594 0.0744141 0.104688 0.126953
0 0.0605469 0.273047 0.121094 0.165625
0 0.674219 0.156445 0.248438 0.283203
0 0.229687 0.785156 0.346094 0.20625
0 0.703125 0.0554687 0.0578125 0.0773438
0 0.238672 0.955859 0.096875 0.0882813
0 0.225586 0.764453 0.301172 0.167969
0 0.897656 0.848633 0.204688 0.302734
0 0.710938 0.100195 0.110937 0.173438
0 0.646094 0.0618164 0.18125 0.114648
0 0.591406 0.597754 0.578125 0.651367
0 0.75625 0.900781 0.4875 0.198437
0 0.173047 0.344141 0.346094 0.614844
0 0.717578 0.176953 0.211719 0.298438
0 0.179346 0.779492 0.245215 0.194141
0 0.151172 0.577734 0.276953 0.797656
0 0.350586 0.29375 0.701172 0.5875
0 0.532129 0.102637 0.451367 0.19707
0 0.601953 0.0615234 0.272656 0.117969
0 0.216797 0.574219 0.327344 0.157813
0 0.947656 0.921094 0.104688 0.157813
0 0.873438 0.923047 0.253125 0.153906
0 0.218018 0.422656 0.291309 0.3
0 0.633203 0.134961 0.291406 0.269922
0 0.95625 0.881836 0.0875 0.236328
0 0.510938 0.80625 0.584375 0.303125
0 0.614844 0.523828 0.439063 0.675781
0 0.232227 0.966406 0.0964844 0.0671875
0 0.0794922 0.285938 0.158984 0.191406
0 0.0351562 0.226172 0.0703125 0.0796875
0 0.414453 0.890625 0.585938 0.21875
0 0.0340088 0.250391 0.0680176 0.117188
0 0.672656 0.161914 0.321875 0.316797
0 0.263232 0.384766 0.33291 0.241406
0 0.239453 0.739453 0.263281 0.127344
0 0.0448242 0.287891 0.0896484 0.199219
0 0.248828 0.291406 0.497656 0.582812
0 0.137891 0.847656 0.195312 0.304688
0 0.193164 0.739062 0.16875 0.121875
0 0.849219 0.847656 0.190625 0.304688
0 0.600781 0.155469 0.325 0.310937
0 0.252148 0.887109 0.466016 0.225781
0 0.596875 0.0492188 0.328125 0.0984375
0 0.227344 0.5375 0.275 0.176563
0 0.614453 0.108008 0.284375 0.2
0 0.16709 0.766406 0.176758 0.173438
0 0.172266 0.736719 0.153906 0.1375
0 0.266406 0.952344 0.0609375 0.0953125
0 0.842969 0.903906 0.18125 0.192188
0 0.117578 0.415625 0.203125 0.470313
0 0.190039 0.865625 0.23125 0.26875
0 0.140039 0.49375 0.242969 0.646875
0 0.206055 0.389453 0.337109 0.233594
0 0.697656 0.0483887 0.0734375 0.0645508
0 0.241211 0.8375 0.309766 0.30625
0 0.565527 0.0643555 0.39082 0.119727
0 0.239063 0.362109 0.307813 0.192969
0 0.317578 0.870313 0.635156 0.259375
0 0.256055 0.959766 0.071875 0.0804688
0 0.104712 0.597656 0.105811 0.075
0 0.728906 0.123535 0.153125 0.219336
0 0.645312 0.863477 0.709375 0.273047
0 0.202393 0.564063 0.245215 0.1375
0 0.253125 0.469922 0.348438 0.302344
0 0.529785 0.89375 0.612305 0.2125
0 0.70625 0.0931641 0.05625 0.0955078
0 0.255469 0.969922 0.065625 0.0601563
0 0.579004 0.0483398 0.463867 0.0966797
0 0.254297 0.944531 0.0800781 0.110937
0 0.147656 0.456641 0.295312 0.372656
0 0.374219 0.279687 0.748438 0.559375
0 0.245312 0.550781 0.3625 0.132812
0 0.724219 0.274219 0.19375 0.196875
0 0.703125 0.108691 0.0703125 0.096875
0 0.0945557 0.605469 0.0987793 0.0671875
0 0.0554687 0.332031 0.110937 0.285938
0 0.960156 0.932031 0.0796875 0.135937
0 0.6625 0.0451294 0.11875 0.0763428
0 0.0337402 0.235938 0.0642578 0.0933594
0 0.590234 0.563281 0.205469 0.260938
0 0.171289 0.731641 0.096875 0.111719
0 0.703125 0.143457 0.145313 0.268555
0 0.728516 0.223633 0.188281 0.281641
0 0.932031 0.932031 0.135937 0.135937
0 0.20708 0.458203 0.209277 0.348438
0 0.680859 0.0736328 0.103125 0.116016
0 0.655469 0.0771484 0.160938 0.12793
0 0.455566 0.736719 0.19668 0.285938
0 0.291016 0.54834 0.582031 0.667383
0 0.536621 0.55791 0.362695 0.65293
0 0.156055 0.505371 0.312109 0.64082
0 0.478906 0.546973 0.258594 0.663867
0 0.701563 0.0722656 0.0625 0.110352
0 0.469922 0.659766 0.249219 0.439844
0 0.978906 0.924609 0.0421875 0.150781
0 0.678125 0.0939209 0.109375 0.159033
0 0.969531 0.905469 0.0609375 0.189063
0 0.337891 0.627734 0.469531 0.508594
0 0.225391 0.480078 0.450781 0.663281
0 0.0921875 0.498047 0.184375 0.669531
0 0.700586 0.439844 0.598828 0.879687
0 0.663281 0.10498 0.151562 0.185352
0 0.378125 0.569531 0.576563 0.635938
0 0.187451 0.640625 0.187598 0.328125
0 0.989453 0.910937 0.0210938 0.178125
0 0.989453 0.957031 0.0210938 0.0859375
0 0.652734 0.581641 0.694531 0.717969
0 0.445215 0.692578 0.18457 0.341406
0 0.399609 0.792188 0.0835937 0.148438
0 0.492188 0.765625 0.282813 0.220313
0 0.724219 0.415234 0.551562 0.825781
0 0.0935547 0.713281 0.187109 0.317188
0 0.498535 0.362305 0.482617 0.724609
0 0.30918 0.662793 0.618359 0.674414
0 0.226221 0.636328 0.270996 0.355469
0 0.988281 0.936719 0.0234375 0.126563
0 0.646094 0.753906 0.707812 0.492188
0 0.669141 0.0521362 0.116406 0.0793213
0 0.392969 0.740625 0.214062 0.290625
0 0.9625 0.872656 0.075 0.254688
0 0.658594 0.287891 0.682813 0.575781
0 0.982813 0.155469 0.034375 0.310937
0 0.321484 0.835742 0.642969 0.328516
0 0.982031 0.959375 0.0359375 0.08125
0 0.696875 0.338672 0.0578125 0.0640625
0 0.703906 0.078418 0.10625 0.123047
0 0.508203 0.846484 0.342969 0.307031
0 0.717188 0.317578 0.298438 0.621094
0 0.655859 0.482031 0.0585938 0.06875
0 0.847656 0.860938 0.304688 0.278125
0 0.0769531 0.4625 0.153906 0.359375
0 0.9625 0.93125 0.075 0.1375
0 0.695312 0.0521973 0.071875 0.071582
0 0.334766 0.390723 0.0765625 0.141992
0 0.992188 0.885352 0.015625 0.229297
0 0.632812 0.259766 0.0257812 0.0390625
0 0.627246 0.845313 0.614258 0.309375
0 0.414941 0.395313 0.23418 0.324219
0 0.457031 0.792383 0.227344 0.196484
0 0.150952 0.625 0.178564 0.307813
0 0.341406 0.764844 0.682813 0.470313
0 0.698438 0.337109 0.0742188 0.0726563
0 0.635938 0.258984 0.034375 0.0488281
0 0.044873 0.267578 0.0897461 0.140625
0 0.113867 0.613672 0.227734 0.335156
0 0.53291 0.422656 0.606055 0.845313
0 0.991797 0.144336 0.0164063 0.288672
0 0.0499023 0.300391 0.0998047 0.202344
0 0.789062 0.341602 0.421875 0.668359
0 0.10918 0.671094 0.218359 0.278125
0 0.0542969 0.344141 0.108594 0.291406
0 0.617578 0.807617 0.764844 0.384766
0 0.978516 0.944531 0.0429688 0.110937
0 0.683203 0.101172 0.1 0.0703125
0 0.680859 0.130762 0.113281 0.240039
0 0.116699 0.466309 0.233398 0.35957
0 0.625781 0.0708008 0.2125 0.138086
0 0.394922 0.353516 0.190625 0.266406
0 0.691406 0.342578 0.0484375 0.0523438
0 0.363867 0.674219 0.611328 0.454688
0 0.345703 0.807813 0.535156 0.259375
0 0.722266 0.204102 0.272656 0.383984
0 0.702344 0.0900391 0.059375 0.0808594
0 0.343359 0.703125 0.491406 0.365625
0 0.518848 0.635938 0.331055 0.490625
0 0.651563 0.48125 0.0476562 0.0578125
0 0.870703 0.899219 0.258594 0.201563
0 0.682031 0.345508 0.2 0.673828
0 0.416016 0.821094 0.119531 0.0875
0 0.696875 0.347461 0.0679687 0.0753906
0 0.416406 0.796094 0.116406 0.1375
0 0.785156 0.841602 0.429688 0.316797
0 0.341406 0.399121 0.0960938 0.120508
0 0.0598633 0.361914 0.119727 0.394922
0 0.128125 0.589063 0.1125 0.154688
0 0.172461 0.526953 0.103906 0.141406
0 0.702344 0.0471191 0.05625 0.0635742
0 0.917188 0.869141 0.165625 0.261719
0 0.475781 0.263867 0.546094 0.527734
0 0.126172 0.596875 0.0929688 0.129688
0 0.0770508 0.6375 0.154102 0.307813
0 0.984375 0.124512 0.03125 0.170508
0 0.548047 0.714844 0.0742188 0.129688
0 0.940625 0.193945 0.11875 0.387891
0 0.678906 0.106738 0.0976562 0.0966797
0 0.667969 0.379688 0.328125 0.753906
0 0.5125 0.690625 0.132812 0.0921875
0 0.128223 0.603125 0.256445 0.565625
0 0.441797 0.764063 0.169531 0.217188
0 0.49375 0.103516 0.4875 0.207031
0 0.176221 0.701563 0.0866211 0.117188
0 0.137695 0.441797 0.275391 0.524219
0 0.6625 0.469531 0.065625 0.0914062
0 0.964844 0.125586 0.0703125 0.251172
0 0.402344 0.363867 0.804688 0.727734
0 0.121289 0.630859 0.0816406 0.150781
0 0.465527 0.827344 0.267383 0.2375
0 0.0379883 0.279102 0.0759766 0.185547
0 0.642578 0.262109 0.0453125 0.0585938
0 0.157715 0.533594 0.105664 0.128125
0 0.210547 0.570703 0.421094 0.567969
0 0.709375 0.0803711 0.0664062 0.0939453
0 0.990625 0.137891 0.01875 0.120703
0 0.287891 0.0844727 0.0449219 0.104297
0 0.261719 0.791016 0.523438 0.417969
0 0.400781 0.418359 0.125781 0.138281
0 0.161914 0.464844 0.203906 0.364844
0 0.403027 0.680078 0.101758 0.155469
0 0.995313 0.869922 0.009375 0.260156
0 0.948438 0.863086 0.103125 0.273828
0 0.98125 0.196094 0.0375 0.392188
0 0.626953 0.638281 0.746094 0.520312
0 0.481641 0.332031 0.664844 0.661719
0 0.148633 0.841406 0.297266 0.317188
0 0.646094 0.476562 0.0625 0.0734375
0 0.391016 0.672656 0.0851563 0.128125
0 0.860938 0.836719 0.08125 0.0921875
0 0.376172 0.298242 0.144531 0.354297
0 0.7 0.103735 0.06875 0.0909668
0 0.589063 0.0751953 0.290625 0.141016
0 0.632422 0.457031 0.1 0.126563
0 0.658984 0.0375 0.090625 0.0662109
0 0.290625 0.325195 0.58125 0.638672
0 0.519531 0.700781 0.1125 0.096875
0 0.486328 0.701172 0.178125 0.332031
0 0.487598 0.195898 0.49668 0.391797
0 0.642969 0.46875 0.075 0.078125
0 0.096875 0.410059 0.19375 0.487695
0 0.0595703 0.438281 0.119141 0.346875
0 0.636328 0.269531 0.040625 0.0632813
0 0.383594 0.660937 0.0625 0.084375
0 0.507422 0.675 0.146875 0.096875
0 0.527734 0.715625 0.0960938 0.125
0 0.522266 0.305664 0.148438 0.0917969
0 0.0518555 0.293945 0.101562 0.149609
0 0.664844 0.496875 0.0671875 0.090625
0 0.389062 0.658984 0.0742188 0.101562
0 0.0647461 0.597266 0.129492 0.375781
0 0.075 0.60166 0.15 0.713867
0 0.652344 0.0330322 0.10625 0.0660645
0 0.124609 0.710547 0.249219 0.283594
0 0.181689 0.588281 0.178809 0.226562
0 0.409375 0.682813 0.142188 0.365625
0 0.211719 0.313672 0.0839844 0.1
0 0.542969 0.742188 0.0609375 0.065625
0 0.189111 0.536719 0.14209 0.148438
0 0.610156 0.0602539 0.0765625 0.109961
0 0.100586 0.0133301 0.201172 0.0266602
0 0.701563 0.357422 0.0789063 0.101562
0 0.930469 0.902344 0.139063 0.195312
0 0.705469 0.335156 0.101562 0.078125
0 0.682422 0.187891 0.123438 0.330469
0 0.0646484 0.419629 0.129297 0.462305
0 0.748438 0.770703 0.0796875 0.113281
0 0.394141 0.619531 0.084375 0.1375
0 0.673047 0.247461 0.180469 0.470703
0 0.946094 0.49375 0.107813 0.207813
0 0.130273 0.578125 0.0863281 0.134375
0 0.222852 0.728516 0.445703 0.542969
0 0.18457 0.692969 0.104688 0.139063
0 0.742188 0.783594 0.06875 0.084375
0 0.76875 0.950781 0.028125 0.0421875
0 0.218164 0.453809 0.169141 0.37207
0 0.571094 0.0915039 0.440625 0.17168
0 0.0570313 0.254639 0.114063 0.277441
0 0.980469 0.0838867 0.0390625 0.167773
0 0.180469 0.551562 0.175391 0.153125
0 0.350586 0.740625 0.259766 0.326562
0 0.439844 0.852344 0.239063 0.295312
0 0.473438 0.880859 0.323438 0.238281
0 0.632422 0.0597168 0.1125 0.111426
0 0.0618652 0.699609 0.12373 0.361719
0 0.646094 0.484375 0.078125 0.0859375
0 0.422754 0.824219 0.212305 0.232813
0 0.0323242 0.375 0.0646484 0.167969
0 0.377734 0.657813 0.0429688 0.05
0 0.087793 0.597266 0.120898 0.0875
0 0.391309 0.645703 0.0689453 0.0757812
0 0.651563 0.964063 0.0710938 0.071875
0 0.825391 0.908594 0.349219 0.182812
0 0.136914 0.735547 0.100391 0.130469
0 0.333594 0.408496 0.0742188 0.0908203
0 0.432422 0.423828 0.125 0.135937
0 0.685156 0.048291 0.09375 0.0674805
0 0.398047 0.625781 0.117969 0.148438
0 0.591016 0.0894531 0.322656 0.178906
0 0.958594 0.922656 0.0828125 0.154688
0 0.985938 0.0993164 0.028125 0.198633
0 0.190625 0.35 0.38125 0.673438
0 0.6 0.0384766 0.0765625 0.0563477
0 0.779883 0.195264 0.362109 0.36416
0 0.141406 0.576563 0.110156 0.157813
0 0.488672 0.453906 0.167969 0.14375
0 0.459766 0.595313 0.126563 0.163281
0 0.560156 0.773438 0.145313 0.142188
0 0.234375 0.842188 0.301563 0.315625
0 0.420703 0.482129 0.3625 0.641992
0 0.127441 0.615625 0.120117 0.1625
0 0.425781 0.832812 0.125 0.06875
0 0.953516 0.896094 0.0929688 0.207813
0 0.630469 0.262891 0.0328125 0.0429688
0 0.704688 0.0567505 0.065625 0.0954834
0 0.544531 0.728125 0.090625 0.1625
0 0.124023 0.59375 0.0804688 0.0859375
0 0.348047 0.390723 0.139844 0.137305
0 0.869922 0.928906 0.260156 0.142188
0 0.162012 0.659766 0.127148 0.308594
0 0.544531 0.758984 0.121094 0.167969
0 0.976562 0.959766 0.046875 0.0804688
0 0.0509766 0.334766 0.101953 0.0867188
0 0.258203 0.522656 0.109766 0.142188
0 0.757031 0.760938 0.0859375 0.14375
0 0.11543 0.611328 0.0722656 0.0960938
0 0.0671875 0.0191895 0.134375 0.0383789
0 0.725 0.10166 0.195312 0.174805
0 0.622656 0.0449219 0.084375 0.0730469
0 0.324219 0.412891 0.0515625 0.0789063
0 0.385547 0.652344 0.0515625 0.05625
0 0.0710938 0.29375 0.142188 0.192188
0 0.378125 0.324023 0.158594 0.265234
0 0.5125 0.792188 0.333594 0.19375
0 0.652734 0.285742 0.0742188 0.106641
0 0.138281 0.735156 0.0746094 0.0828125
0 0.532422 0.732422 0.084375 0.135156
0 0.636719 0.0802734 0.119531 0.14668
0 0.0787109 0.338086 0.157422 0.297266
0 0.684375 0.471484 0.142188 0.0960938
0 0.651563 0.0442871 0.071875 0.068457
0 0.194971 0.510938 0.109277 0.117188
0 0.624219 0.383984 0.167187 0.285938
0 0.938672 0.139648 0.122656 0.279297
0 0.670313 0.483594 0.09375 0.0734375
0 0.397656 0.657031 0.0914062 0.128125
0 0.242773 0.501563 0.123828 0.0984375
0 0.656641 0.137891 0.167969 0.267969
0 0.134375 0.803125 0.26875 0.310937
0 0.100781 0.849414 0.199219 0.301172
0 0.0648438 0.324219 0.0708984 0.0945313
0 0.536328 0.703125 0.0789063 0.126563
0 0.0883789 0.578125 0.113672 0.121094
0 0.391016 0.624609 0.0710938 0.110937
0 0.144629 0.754687 0.289258 0.282813
0 0.473828 0.267578 0.105469 0.090625
0 0.803125 0.245703 0.0546875 0.102344
0 0.439063 0.641016 0.165625 0.349219
0 0.100781 0.278125 0.201563 0.55625
0 0.153418 0.617969 0.15332 0.165625
0 0.701563 0.480469 0.154688 0.090625
0 0.341406 0.371875 0.0929688 0.16875
0 0.298438 0.639063 0.29375 0.353125
0 0.710156 0.209375 0.178125 0.342969
0 0.142383 0.342187 0.284766 0.592188
0 0.653125 0.494531 0.0828125 0.1
0 0.780469 0.960156 0.053125 0.0796875
0 0.0516602 0.322266 0.10293 0.0949219
0 0.421094 0.779688 0.1625 0.19375
0 0.149121 0.0154785 0.298242 0.030957
0 0.654688 0.0587402 0.1 0.108887
0 0.0445313 0 0.0890625 0
0 0.0248047 0.379688 0.0496094 0.121094
0 0.381641 0.645312 0.053125 0.0640625
0 0.0521484 0.0456543 0.104297 0.0913086
0 0.848437 0.894141 0.2 0.211719
0 0.988281 0.181055 0.0234375 0.164453
0 0.254297 0.520312 0.090625 0.115625
0 0.612891 0.0388794 0.0695313 0.055835
0 0.981641 0.01073 0.0367188 0.02146
0 0.65625 0.957812 0.0554687 0.0625
0 0.558984 0.057373 0.421094 0.111621
0 0.406934 0.4875 0.118945 0.13125
0 0.9625 0.903906 0.075 0.0953125
0 0.0368164 0.629687 0.0736328 0.15
0 0.175342 0.529688 0.0766602 0.129688
0 0.389844 0.280664 0.0765625 0.0832031
0 0.327539 0.0975586 0.116016 0.161523
0 0.11582 0.650781 0.0890625 0.170313
0 0.938281 0.834961 0.123438 0.330078
0 0.648438 0.269922 0.0742188 0.071875
0 0.644531 0.271094 0.053125 0.0664062
0 0.888281 0.847266 0.223438 0.305469
0 0.591406 0.0400879 0.110937 0.0647461
0 0.112695 0.684766 0.225391 0.589844
0 0.616406 0.0803711 0.08125 0.142383
0 0.6375 0.501953 0.096875 0.116406
0 0.568359 0.792188 0.147656 0.114063
0 0.878125 0.895312 0.24375 0.209375
0 0.541406 0.41875 0.559375 0.826563
0 0.671094 0.668359 0.657813 0.663281
0 0.332422 0.654688 0.575 0.375
0 0.67334 0.427344 0.65332 0.853125
0 0.877539 0.833594 0.244922 0.325
0 0.296875 0.617188 0.5375 0.295312
0 0.916406 0.827344 0.167187 0.345313
0 0.490625 0.591309 0.419531 0.475195
0 0.393848 0.557129 0.643555 0.45293
0 0.914844 0.898438 0.170313 0.203125
0 0.354883 0.461719 0.709766 0.870313
0 0.234766 0.414062 0.469531 0.81875
0 0.432813 0.617578 0.509375 0.399219
0 0.641797 0.589453 0.716406 0.499219
0 0.676172 0.780859 0.647656 0.438281
0 0.270703 0.712891 0.502344 0.500781
0 0.975781 0.690234 0.0484375 0.0734375
0 0.975 0.7 0.05 0.1
0 0.567969 0.589453 0.348438 0.474219
0 0.747266 0.386719 0.505469 0.754687
0 0.215234 0.337305 0.430469 0.609766
0 0.145898 0.535547 0.182031 0.199219
0 0.122852 0.704297 0.245703 0.585156
0 0.518848 0.682422 0.351367 0.300781
0 0.875 0.832812 0.0875 0.08125
0 0.971484 0.667188 0.0570313 0.40625
0 0.867188 0.730469 0.265625 0.539062
0 0.169727 0.553125 0.206641 0.157813
0 0.701563 0.0681641 0.065625 0.114063
0 0.86875 0.405859 0.053125 0.0773438
0 0.0966797 0.461621 0.193359 0.343945
0 0.959375 0.91875 0.08125 0.15625
0 0.108984 0.595313 0.103906 0.0796875
0 0.953906 0.671094 0.0921875 0.415625
0 0.291016 0.478516 0.582031 0.577344
0 0.179004 0.420312 0.358008 0.4125
0 0.18457 0.6875 0.369141 0.625
0 0.346484 0.728125 0.692969 0.540625
0 0.949219 0.82832 0.101562 0.343359
0 0.946875 0.907813 0.10625 0.184375
0 0.116992 0.312109 0.233984 0.624219
0 0.9875 0.9625 0.025 0.075
0 0.452734 0.65625 0.23125 0.273438
0 0.696094 0.0576172 0.075 0.0847656
0 0.671875 0.0557617 0.113281 0.0865234
0 0.9625 0.642969 0.075 0.317188
0 0.146118 0.494141 0.184326 0.277344
0 0.457715 0.571484 0.587695 0.572656
0 0.423828 0.641406 0.188281 0.296875
0 0.587891 0.679297 0.603906 0.297656
0 0.776758 0.785742 0.446484 0.412891
0 0.261133 0.635156 0.308203 0.320312
0 0.0882813 0.604688 0.110156 0.0640625
0 0.362695 0.172168 0.191797 0.274414
0 0.967969 0.933984 0.0640625 0.132031
0 0.913281 0.766406 0.173438 0.232813
0 0.975781 0.695312 0.0484375 0.128125
0 0.902344 0.216016 0.195312 0.41875
0 0.926562 0.0584473 0.103125 0.090918
0 0.0911133 0.60625 0.0818359 0.0515625
0 0.344531 0.633203 0.222656 0.311719
0 0.954688 0.688281 0.090625 0.0734375
0 0.118555 0.491016 0.237109 0.608594
0 0.682031 0.070752 0.103125 0.112988
0 0.892969 0.755078 0.214062 0.483594
0 0.0750488 0.674609 0.150098 0.650781
0 0.916406 0.924219 0.167187 0.15
0 0.692187 0.148242 0.239063 0.276563
0 0.124121 0.585938 0.104492 0.107813
0 0.0525391 0.205078 0.100195 0.410156
0 0.125195 0.453125 0.176563 0.349219
0 0.185742 0.635156 0.207031 0.379688
0 0.966797 0.661719 0.0664062 0.342187
0 0.180811 0.528906 0.102441 0.123438
0 0.834375 0.890625 0.170313 0.190625
0 0.8375 0.824805 0.173438 0.244141
0 0.0798828 0.197656 0.157813 0.395313
0 0.0921631 0.978125 0.122314 0.04375
0 0.246094 0.506641 0.0992187 0.0640625
0 0.0999023 0.58125 0.0982422 0.096875
0 0.0509766 0.328711 0.0949219 0.0730469
0 0.978906 0.949219 0.0421875 0.101562
0 0.0510254 0.346875 0.0987305 0.184375
0 0.923047 0.184766 0.153906 0.348047
0 0.926562 0.545313 0.142188 0.148438
0 0.706641 0.0794678 0.0546875 0.110205
0 0.972266 0.715625 0.0554687 0.120313
0 0.768359 0.192188 0.0867188 0.10625
0 0.911719 0.0744141 0.0828125 0.111719
0 0.778125 0.207373 0.0828125 0.105566
0 0.371484 0.217383 0.203906 0.352734
0 0.1875 0.454688 0.228906 0.342187
0 0.0982422 0.606641 0.0757812 0.0695313
0 0.905469 0.799805 0.189063 0.344141
0 0.849609 0.801367 0.300781 0.387891
0 0.345898 0.133691 0.191797 0.190039
0 0.239258 0.498437 0.123828 0.084375
0 0.208789 0.517578 0.105469 0.103906
0 0.472266 0.398438 0.422656 0.748438
0 0.942187 0.675781 0.115625 0.479688
0 0.1125 0.398438 0.225 0.454688
0 0.786719 0.224219 0.426563 0.435937
0 0.16582 0.624219 0.197266 0.314063
0 0.929688 0.0635742 0.1375 0.117383
0 0.697656 0.047998 0.0703125 0.0629883
0 0.942187 0.0541992 0.10625 0.0830078
0 0.0500977 0.351367 0.100195 0.126953
0 0.951953 0.610156 0.0960938 0.284375
0 0.875195 0.786719 0.233984 0.342187
0 0.166211 0.539062 0.0957031 0.115625
0 0.0819336 0.596094 0.120508 0.0875
0 0.917969 0.315625 0.164062 0.26875
0 0.0681152 0.513672 0.13623 0.713281
0 0.110352 0.533203 0.185938 0.20625
0 0.898438 0.660937 0.19375 0.36875
0 0.785156 0.219727 0.078125 0.100391
0 0.433496 0.528906 0.211133 0.339063
0 0.350781 0.366992 0.0984375 0.133203
0 0.919531 0.234766 0.160938 0.469531
0 0.871875 0.848437 0.1125 0.115625
0 0.107324 0.58125 0.213086 0.232813
0 0.122656 0.967578 0.245312 0.0648438
0 0.143555 0.578516 0.186328 0.221875
0 0.220313 0.611719 0.420312 0.289062
0 0.900781 0.559375 0.190625 0.182812
0 0.378223 0.704297 0.101367 0.163281
0 0.50625 0.666016 0.19375 0.244531
0 0.223242 0.507812 0.118359 0.065625
0 0.951563 0.88125 0.0890625 0.1
0 0.705469 0.0540527 0.0609375 0.0805664
0 0.0495117 0.293359 0.0990234 0.128906
0 0.497754 0.14834 0.55918 0.258789
0 0.884766 0.900781 0.230469 0.198437
0 0.609375 0.163379 0.346875 0.302148
0 0.886719 0.8375 0.123438 0.09375
0 0.476562 0.789844 0.353125 0.40625
0 0.0729492 0.273828 0.145898 0.185156
0 0.756641 0.200977 0.128906 0.153125
0 0.592188 0.380469 0.0734375 0.0898438
0 0.667578 0.0819336 0.130469 0.137695
0 0.21543 0.483984 0.430859 0.342969
0 0.517969 0.596094 0.090625 0.121875
0 0.951563 0.788867 0.096875 0.275391
0 0.964844 0.694922 0.0703125 0.0851563
0 0.61875 0.685938 0.196875 0.276563
0 0.759375 0.178955 0.084375 0.0983398
0 0.0651367 0.602344 0.130273 0.0796875
0 0.613281 0.969141 0.1625 0.0617188
0 0.956641 0.0500977 0.0867188 0.0726563
0 0.0892578 0.336133 0.103125 0.0808594
0 0.3625 0.373242 0.140625 0.136328
0 0.545313 0.748438 0.117188 0.151562
0 0.945312 0.535156 0.109375 0.135937
0 0.0881836 0.571094 0.1 0.117188
0 0.789844 0.946094 0.071875 0.107813
0 0.123242 0.590234 0.0957031 0.0796875
0 0.560156 0.408984 0.100781 0.142969
0 0.424609 0.169141 0.140625 0.237891
0 0.426563 0.688281 0.195312 0.209375
0 0.929688 0.104663 0.140625 0.190674
0 0.319727 0.179297 0.06875 0.140625
0 0.135449 0.571484 0.105273 0.119531
0 0.79375 0.928125 0.0875 0.14375
0 0.656641 0.966406 0.0679687 0.0671875
0 0.421094 0.214648 0.107813 0.163672
0 0.973437 0.672656 0.053125 0.276563
0 0.694141 0.45 0.149219 0.151562
0 0.396973 0.678906 0.11543 0.123438
0 0.110547 0.239063 0.0835937 0.103906
0 0.753125 0.323828 0.184375 0.453906
0 0.339453 0.154883 0.157031 0.239453
0 0.735156 0.190576 0.14375 0.146973
0 0.675 0.964063 0.110156 0.071875
0 0.873438 0.830469 0.065625 0.071875
0 0.551953 0.696094 0.0929688 0.128125
0 0.0834473 0.967188 0.166895 0.065625
0 0.202734 0.487598 0.228516 0.26543
0 0.567969 0.39375 0.108594 0.105469
0 0.0876709 0.150586 0.170752 0.301172
0 0.451953 0.702734 0.110156 0.140625
0 0.0777344 0.224219 0.155469 0.276563
0 0.071582 0.330469 0.0677734 0.0824219
0 0.405078 0.701953 0.15 0.178906
0 0.31875 0.123071 0.142969 0.197217
0 0.0756348 0.441016 0.15127 0.413281
0 0.757031 0.960938 0.104688 0.078125
0 0.0724609 0.313281 0.144922 0.626563
0 0.663672 0.0464844 0.153125 0.0738281
0 0.0241699 0.382031 0.0483398 0.124219
0 0.189844 0.16748 0.379688 0.287695
0 0.873438 0.226172 0.0875 0.0964844
0 0.0329102 0.24375 0.0658203 0.109375
0 0.957812 0.625 0.084375 0.253125
0 0.972266 0.747656 0.0554687 0.190625
0 0.248047 0.4875 0.10625 0.0960938
0 0.375684 0.272998 0.18457 0.391504
0 0.440527 0.597656 0.22207 0.365625
0 0.909375 0.522656 0.178125 0.165625
0 0.941406 0.870313 0.0890625 0.096875
0 0.960156 0.890625 0.0796875 0.10625
0 0.510938 0.699609 0.229687 0.307031
0 0.982813 0.960938 0.034375 0.078125
0 0.933594 0.785742 0.132812 0.403516
0 0.851562 0.846875 0.09375 0.10625
0 0.541406 0.548438 0.184375 0.351562
0 0.217188 0.499219 0.126563 0.0859375
0 0.747656 0.217139 0.160938 0.166504
0 0.0453979 0.171875 0.0802979 0.34375
0 0.269922 0.165039 0.539844 0.278516
0 0.959375 0.0712891 0.08125 0.142188
0 0.773438 0.951953 0.065625 0.0960938
0 0.205469 0.220752 0.410938 0.388965
0 0.964844 0.823828 0.0703125 0.352344
0 0.949609 0.959766 0.100781 0.0804688
0 0.671484 0.444141 0.11875 0.15
0 0.863281 0.675 0.264062 0.373437
0 0.0929688 0.526563 0.185938 0.23125
0 0.227344 0.486719 0.136719 0.1
0 0.773047 0.958984 0.0539063 0.0820312
0 0.0857666 0.609375 0.0843262 0.0703125
0 0.406152 0.707812 0.104883 0.171875
0 0.696875 0.350391 0.0632813 0.078125
0 0.0825684 0.905859 0.165137 0.188281
0 0.229687 0.542188 0.1875 0.15
0 0.401563 0.510059 0.209375 0.36582
0 0.978125 0.00964355 0.04375 0.0192871
0 0.113574 0.222461 0.0900391 0.130078
0 0.0351562 0.229687 0.0629883 0.0898438
0 0.625391 0.971875 0.113281 0.05625
0 0.151562 0.834961 0.197656 0.330078
0 0.30293 0.188477 0.0789063 0.133203
0 0.9625 0.90625 0.075 0.115625
0 0.584375 0.96875 0.203125 0.0625
0 0.0445313 0.266406 0.0882813 0.149219
0 0.873438 0.407422 0.06875 0.0882813
0 0.696875 0.0331543 0.075 0.0433594
0 0.663281 0.104102 0.167187 0.182812
0 0.795313 0.232031 0.0796875 0.113281
0 0.426953 0.735156 0.197656 0.223438
0 0.201221 0.613281 0.253027 0.283594
0 0.853516 0.258984 0.292969 0.498437
0 0.578516 0.553516 0.219531 0.371094
0 0.862305 0.592969 0.256641 0.267188
0 0.962109 0.0481323 0.0757812 0.0957275
0 0.343359 0.386035 0.0929688 0.138867
0 0.594531 0.386816 0.084375 0.112305
0 0.932031 0.6875 0.135937 0.121875
0 0.139453 0.942969 0.221875 0.114063
0 0.0733398 0.825586 0.14668 0.348828
0 0.0438965 0.235938 0.087793 0.1
0 0.171094 0.5875 0.342187 0.38125
0 0.792188 0.23125 0.06875 0.090625
0 0.8625 0.839063 0.090625 0.0875
0 0.680469 0.634375 0.0609375 0.13125
0 0.570312 0.751172 0.148438 0.149219
0 0.355469 0.100195 0.273438 0.200391
0 0.780469 0.229102 0.096875 0.166016
0 0.245312 0.458984 0.214844 0.310156
0 0.378809 0.6625 0.18457 0.257812
0 0.0770508 0.244727 0.154102 0.109766
0 0.0669434 0.324805 0.059082 0.0535156
0 0.550781 0.725781 0.0953125 0.154688
0 0.783008 0.957812 0.0621094 0.084375
0 0.86582 0.312305 0.190234 0.271484
0 0.0875 0.939453 0.175 0.121094
0 0.0135254 0.375781 0.0270508 0.147656
0 0.179102 0.700391 0.0933594 0.09375
0 0.371484 0.113281 0.128906 0.176563
0 0.0886719 0.983594 0.144336 0.0328125
0 0.465234 0.722656 0.254688 0.284375
0 0.569531 0.771484 0.135937 0.113281
0 0.164551 0.964063 0.257617 0.071875
0 0.065332 0.581641 0.130664 0.110156
0 0.619531 0.0568237 0.0921875 0.0943604
0 0.961719 0.896094 0.0765625 0.207813
0 0.946875 0.557031 0.10625 0.190625
0 0.0194824 0.378125 0.0389648 0.0890625
0 0.159668 0.902344 0.227539 0.195312
0 0.511328 0.732813 0.375781 0.304688
0 0.27168 0.964063 0.214453 0.071875
0 0.386328 0.735547 0.192188 0.230469
0 0.0667969 0.305078 0.133594 0.225781
0 0.454688 0.167578 0.410938 0.257031
0 0.203516 0.510938 0.0824219 0.065625
0 0.928906 0.00354004 0.142188 0.00708008
0 0.129199 0.910937 0.177148 0.178125
0 0.421973 0.333984 0.226367 0.466406
0 0.0908203 0.840234 0.181641 0.319531
0 0.0933594 0.619531 0.0876953 0.09375
0 0.286719 0.478906 0.24375 0.340625
0 0.0252441 0.411719 0.0504883 0.109375
0 0.549219 0.767969 0.114063 0.1125
0 0.345117 0.489844 0.245703 0.375
0 0.530469 0.970313 0.29375 0.059375
0 0.95625 0.0395996 0.0875 0.0619141
0 0.378906 0.38916 0.172656 0.145117
0 0.975 0.730469 0.05 0.1875
0 0.79082 0.922656 0.0746094 0.0921875
0 0.903125 0.0775146 0.084375 0.0887207
0 0.142871 0.292578 0.285742 0.205469
0 0.29082 0.551465 0.581641 0.58457
0 0.653906 0.0644531 0.153906 0.12207
0 0.0700684 0.306055 0.140137 0.236328
0 0.111426 0.280469 0.216211 0.190625
0 0.482031 0.615234 0.282031 0.472656
0 0.359375 0.616016 0.525 0.486719
0 0.700781 0.0709961 0.065625 0.115039
0 0.160352 0.21792 0.320703 0.382129
0 0.128516 0.265039 0.257031 0.317578
0 0.193164 0.737891 0.135547 0.125781
0 0.674219 0.194141 0.301563 0.369531
0 0.710938 0.078418 0.040625 0.0976562
0 0.408203 0.153223 0.264844 0.285742
0 0.675781 0.0639648 0.109375 0.120117
0 0.482812 0.692969 0.219531 0.339063
0 0.264844 0.221094 0.529688 0.417188
0 0.560156 0.0833008 0.346875 0.161133
0 0.560938 0.598828 0.564063 0.500781
0 0.582812 0.171094 0.303906 0.333594
0 0.128906 0.45625 0.257812 0.536719
0 0.989062 0.960156 0.021875 0.0796875
0 0.540625 0.691406 0.176563 0.33125
0 0.665625 0.37666 0.239063 0.299805
0 0.205469 0.487109 0.410938 0.597656
0 0.590234 0.0686035 0.288281 0.128809
0 0.721875 0.196826 0.196875 0.37041
0 0.175439 0.735156 0.165527 0.154688
0 0.486816 0.200781 0.23418 0.266016
0 0.450684 0.33457 0.320508 0.326172
0 0.530078 0.389062 0.561719 0.778125
0 0.191064 0.724219 0.107715 0.090625
0 0.257617 0.384277 0.349609 0.262695
0 0.123438 0.318945 0.240625 0.238672
0 0.985938 0.94375 0.028125 0.1125
0 0.0907227 0.460938 0.176367 0.369531
0 0.511328 0.263672 0.558594 0.517188
0 0.655078 0.261914 0.350781 0.523828
0 0.290039 0.276172 0.580078 0.552344
0 0.575 0.124609 0.321875 0.244922
0 0.174023 0.615625 0.207422 0.310937
0 0.714063 0.0742188 0.0546875 0.108984
0 0.542969 0.689063 0.120313 0.321875
0 0.564844 0.289062 0.0625 0.102734
0 0.211719 0.405078 0.348438 0.264844
0 0.768359 0.26543 0.463281 0.530859
0 0.0676758 0.21792 0.135352 0.35166
0 0.541406 0.292578 0.100781 0.0984375
0 0.744531 0.517578 0.192188 0.225781
0 0.0899414 0.342578 0.107813 0.0921875
0 0.879883 0.8875 0.240234 0.225
0 0.207764 0.717578 0.0782227 0.084375
0 0.261133 0.364258 0.308984 0.206641
0 0.801367 0.587109 0.0597656 0.0796875
0 0.449219 0.174023 0.190625 0.259766
0 0.116602 0.342578 0.233203 0.328906
0 0.7 0.476562 0.125 0.101562
0 0.941016 0.794922 0.117969 0.410156
0 0.439746 0.526953 0.256445 0.336719
0 0.794531 0.582422 0.053125 0.0695313
0 0.239502 0.7375 0.22959 0.146875
0 0.913281 0.890625 0.173438 0.21875
0 0.0339844 0.254297 0.0679687 0.114453
0 0.0328613 0.234375 0.0557617 0.0828125
0 0.175732 0.717969 0.100879 0.0953125
0 0.0470703 0.36582 0.0941406 0.185547
0 0.053125 0.365234 0.10625 0.142188
0 0.16875 0.566406 0.3375 0.482812
0 0.598437 0.378516 0.359375 0.296094
0 0.220508 0.317969 0.100781 0.0890625
0 0.543359 0.308984 0.096875 0.0757812
0 0.418652 0.219922 0.0970703 0.125781
0 0.682031 0.0799072 0.109375 0.159326
0 0.698438 0.125781 0.235938 0.251563
0 0.304883 0.620313 0.527734 0.407813
0 0.432031 0.695312 0.304688 0.317188
0 0.0980469 0.409766 0.196094 0.463281
0 0.917969 0.833984 0.164062 0.332031
0 0.9875 0.919531 0.025 0.160938
0 0.557813 0.741797 0.1625 0.217969
0 0.180518 0.703906 0.0889648 0.100781
0 0.528906 0.596875 0.0710938 0.115625
0 0.528906 0.578906 0.0640625 0.0890625
0 0.167773 0.732813 0.199609 0.2
0 0.174414 0.413184 0.348828 0.451758
0 0.557813 0.30293 0.0609375 0.0746094
0 0.528125 0.569531 0.0546875 0.0765625
0 0.157227 0.730859 0.0972656 0.0898438
0 0.810742 0.597656 0.0753906 0.1
0 0.424121 0.29375 0.781445 0.575
0 0.113086 0.488184 0.226172 0.66582
0 0.709375 0.496484 0.229687 0.180469
0 0.0915039 0.347461 0.175586 0.230859
0 0.230078 0.615625 0.336719 0.295312
0 0.408594 0.231641 0.0820312 0.104688
0 0.692969 0.314453 0.0625 0.120703
0 0.389062 0.672266 0.483594 0.350781
0 0.239453 0.325781 0.0953125 0.0835937
0 0.250781 0.337109 0.0941406 0.0640625
0 0.711719 0.0928711 0.034375 0.0767578
0 0.168359 0.689844 0.180469 0.223438
0 0.715625 0.087207 0.046875 0.0828125
0 0.527344 0.602441 0.236719 0.487305
0 0.413672 0.484375 0.292188 0.291406
0 0.569531 0.746875 0.126563 0.192188
0 0.520703 0.617969 0.0867188 0.1625
0 0.0375488 0.235547 0.0744141 0.0992187
0 0.641406 0.0780273 0.184375 0.156055
0 0.346094 0.397656 0.09375 0.125781
0 0.507031 0.671875 0.166406 0.314063
0 0.798438 0.578125 0.0375 0.0609375
0 0.525391 0.300391 0.0703125 0.0851563
0 0.77832 0.577344 0.0714844 0.0859375
0 0.990625 0.952734 0.01875 0.0945313
0 0.680859 0.081543 0.0976562 0.120898
0 0.0554687 0.337891 0.110937 0.0851563
0 0.236914 0.758594 0.0589844 0.0890625
0 0.42666 0.437598 0.254492 0.212305
0 0.0397461 0.276172 0.0794922 0.176172
0 0.223828 0.744922 0.075 0.117969
0 0.672656 0.314258 0.104688 0.148828
0 0.989062 0.889844 0.021875 0.220313
0 0.521875 0.560156 0.0546875 0.084375
0 0.491406 0.370508 0.21875 0.262891
0 0.142188 0.421777 0.284375 0.30957
0 0.108618 0.341797 0.0804199 0.0929688
0 0.5125 0.6 0.0976562 0.117188
0 0.763281 0.140039 0.115625 0.269922
0 0.0474609 0.300195 0.0949219 0.158203
0 0.373633 0.32793 0.326953 0.314453
0 0.692578 0.0532227 0.0703125 0.0714844
0 0.471875 0.545996 0.192188 0.35957
0 0.755469 0.457031 0.0640625 0.0859375
0 0.588672 0.592969 0.182812 0.421875
0 0.691406 0.464844 0.105469 0.107813
0 0.273389 0.735547 0.35791 0.153906
0 0.573828 0.296094 0.0828125 0.104688
0 0.153711 0.651953 0.197266 0.258594
0 0.207617 0.726953 0.100391 0.0976562
0 0.8 0.237109 0.0390625 0.078125
0 0.564063 0.30957 0.0539063 0.0636719
0 0.790625 0.232813 0.0625 0.0867188
0 0.0201172 0.375 0.0402344 0.122656
0 0.508594 0.279883 0.0367188 0.0550781
0 0.91875 0.921875 0.1625 0.15625
0 0.552734 0.634375 0.101562 0.38125
0 0.708203 0.517969 0.280469 0.24375
0 0.600781 0.498437 0.479688 0.426563
0 0.584375 0.285156 0.096875 0.114063
0 0.0288574 0.253125 0.0577148 0.135156
0 0.872266 0.836719 0.255469 0.309375
0 0.154883 0.3375 0.309766 0.14375
0 0.444922 0.471875 0.240625 0.225
0 0.365625 0.200195 0.217188 0.363672
0 0.396484 0.242578 0.0726563 0.132031
0 0.0923584 0.18623 0.179736 0.372461
0 0.699219 0.334961 0.0515625 0.0816406
0 0.565625 0.699219 0.128125 0.29375
0 0.452344 0.449219 0.114063 0.100781
0 0.412598 0.410547 0.226367 0.190625
0 0.708203 0.0954102 0.0476562 0.0925781
0 0.9875 0.964453 0.025 0.0710938
0 0.663672 0.0578613 0.122656 0.0895508
0 0.775 0.748438 0.0328125 0.0507812
0 0.2875 0.712891 0.376563 0.414844
0 0.355859 0.890625 0.034375 0.05
0 0.636719 0.360156 0.195312 0.261719
0 0.350195 0.89375 0.0480469 0.059375
0 0.107251 0.596094 0.113232 0.0820312
0 0.511328 0.288477 0.03125 0.0539063
0 0.967578 0.938672 0.0648438 0.122656
0 0.528906 0.628516 0.109375 0.316406
0 0.436719 0.432813 0.0890625 0.11875
0 0.7875 0.542969 0.123438 0.1875
0 0.86875 0.412109 0.04375 0.0703125
0 0.06875 0.344141 0.1375 0.3375
0 0.501563 0.548828 0.603125 0.621094
0 0.261328 0.342383 0.0820312 0.0546875
0 0.314063 0.0504761 0.0273438 0.0564697
0 0.489844 0.722266 0.291406 0.278906
0 0.703125 0.328125 0.065625 0.0984375
0 0.510938 0.554297 0.0765625 0.1
0 0.207031 0.703906 0.053125 0.0914062
0 0.313281 0.0589844 0.0332031 0.0699219
0 0.245703 0.755469 0.105469 0.0984375
0 0.721094 0.0743164 0.09375 0.123242
0 0.0257812 0.230859 0.0515625 0.090625
0 0.0766602 0.211719 0.150586 0.423438
0 0.0394043 0.208203 0.0774414 0.416406
0 0.543359 0.611719 0.090625 0.460938
0 0.241064 0.187305 0.278809 0.35625
0 0.421777 0.434766 0.118945 0.108594
0 0.622656 0.29375 0.210938 0.144922
0 0.150879 0.337109 0.149023 0.10625
0 0.721484 0.48125 0.0976562 0.08125
0 0.489844 0.258594 0.071875 0.0894531
0 0.458594 0.258594 0.304688 0.225
0 0.753125 0.33667 0.153125 0.348535
0 0.538281 0.667969 0.09375 0.342187
0 0.982813 0.890625 0.034375 0.21875
0 0.476953 0.261328 0.0976562 0.0890625
0 0.504687 0.260547 0.0515625 0.0921875
0 0.14375 0.610938 0.257812 0.396875
0 0.626953 0.182715 0.327344 0.36543
0 0.1 0.257422 0.2 0.446094
0 0.707031 0.4875 0.110156 0.0765625
0 0.26958 0.639063 0.380371 0.329688
0 0.103516 0.496875 0.207031 0.295312
0 0.666016 0.433691 0.322656 0.401367
0 0.0263794 0.221289 0.0439209 0.0628906
0 0.415625 0.356641 0.23125 0.292969
0 0.424609 0.234375 0.1 0.105469
0 0.532813 0.56875 0.145313 0.376563
0 0.423828 0.194482 0.0992187 0.146191
0 0.0212402 0.401563 0.0357422 0.0695313
0 0.98125 0.933203 0.0375 0.133594
0 0.732813 0.251221 0.176563 0.243652
0 0.532813 0.571875 0.101562 0.410938
0 0.211914 0.748438 0.113672 0.128125
0 0.486816 0.25542 0.224805 0.204785
0 0.0427734 0.264844 0.0855469 0.127344
0 0.976562 0.869531 0.046875 0.260938
0 0.635547 0.0618164 0.124219 0.105469
0 0.546094 0.704688 0.08125 0.096875
0 0.199805 0.717188 0.159766 0.185938
0 0.029834 0.355078 0.059668 0.225781
0 0.321875 0.0496094 0.05 0.0681641
0 0.240039 0.764453 0.0457031 0.0773438
0 0.169238 0.552734 0.185352 0.185156
0 0.261523 0.357617 0.241016 0.169141
0 0.0769775 0.339453 0.0788574 0.08125
0 0.789062 0.573828 0.059375 0.084375
0 0.967188 0.422656 0.065625 0.235156
0 0.370313 0.448438 0.338281 0.279687
0 0.172461 0.80918 0.212891 0.281641
0 0.958594 0.816016 0.0828125 0.367969
0 0.367578 0.105469 0.194531 0.195703
0 0.468359 0.448438 0.177344 0.151562
0 0.707031 0.467187 0.23125 0.136719
0 0.657422 0.484766 0.0523438 0.0757812
0 0.444434 0.641406 0.27207 0.2625
0 0.528125 0.270313 0.1125 0.127344
0 0.0187988 0.394141 0.0375977 0.0835937
0 0.0229492 0.360938 0.0458984 0.148438
0 0.135352 0.197314 0.249609 0.388184
0 0.135156 0.509375 0.251563 0.267969
0 0.339648 0.0593872 0.0777344 0.0788818
0 0.54375 0.626953 0.090625 0.186719
0 0.223047 0.328516 0.336719 0.105469
0 0.713281 0.470703 0.0859375 0.0976562
0 0.717188 0.375 0.185938 0.294531
0 0.478125 0.498828 0.178125 0.257812
0 0.201221 0.315234 0.0991211 0.0816406
0 0.975 0.700781 0.05 0.096875
0 0.026123 0.218408 0.0470703 0.0991211
0 0.505469 0.623438 0.1625 0.2625
0 0.460156 0.465234 0.0820312 0.0703125
0 0.603906 0.263623 0.248438 0.191504
0 0.294922 0.0654785 0.0660156 0.0920898
0 0.563281 0.598828 0.125 0.480469
0 0.306641 0.0567871 0.0453125 0.0678711
0 0.265283 0.80918 0.352246 0.362891
0 0.270703 0.34375 0.0648438 0.0460938
0 0.266406 0.746875 0.152344 0.115625
0 0.202344 0.347461 0.324609 0.153516
0 0.263086 0.760547 0.135547 0.0960938
0 0.633594 0.313281 0.182812 0.158594
0 0.157031 0.725781 0.235156 0.379688
0 0.032959 0.282617 0.065918 0.216016
0 0.0651367 0.294336 0.110742 0.158984
0 0.503516 0.174219 0.307813 0.310156
0 0.0572266 0.195703 0.114453 0.391406
0 0.420215 0.197314 0.101758 0.197559
0 0.118555 0.216455 0.0835937 0.151465
0 0.670313 0.473438 0.0984375 0.0921875
0 0.773438 0.560156 0.0796875 0.115625
0 0.986328 0.181641 0.0273438 0.0683594
0 0.672656 0.286719 0.0828125 0.090625
0 0.803906 0.241797 0.0296875 0.0726563
0 0.123047 0.590234 0.10625 0.09375
0 0.944531 0.902344 0.110937 0.19375
0 0.101855 0.6 0.0861328 0.071875
0 0.579688 0.671094 0.139063 0.3125
0 0.39375 0.231641 0.0507812 0.0921875
0 0.663672 0.325391 0.120313 0.194531
0 0.75 0.472656 0.053125 0.06875
0 0.499219 0.563184 0.159375 0.404883
0 0.529297 0.17832 0.494531 0.3125
0 0.609766 0.20957 0.255469 0.326172
0 0.186719 0.325977 0.23125 0.101953
0 0.199414 0.645312 0.175391 0.3125
0 0.78125 0.221289 0.0734375 0.0964844
0 0.414844 0.245508 0.1 0.0964844
0 0.49375 0.457422 0.1375 0.0929688
0 0.771094 0.753516 0.040625 0.0648438
0 0.366406 0.771484 0.517969 0.427344
0 0.0385254 0.321484 0.0770508 0.229687
0 0.725 0.494531 0.103125 0.0984375
0 0.496875 0.5625 0.107813 0.103125
0 0.149634 0.528906 0.178076 0.226562
0 0.896875 0.573438 0.0375 0.0664062
0 0.494531 0.390625 0.642188 0.78125
0 0.389746 0.575098 0.608008 0.610742
0 0.289062 0.54375 0.55625 0.58125
0 0.323828 0.618848 0.4875 0.762305
0 0.900781 0.571875 0.05 0.071875
0 0.890625 0.727344 0.028125 0.05
0 0.674219 0.369531 0.292188 0.739062
0 0.566504 0.346289 0.501367 0.692578
0 0.0480957 0.303125 0.0961914 0.214062
0 0.167676 0.592578 0.335352 0.814844
0 0.0757812 0.282031 0.151562 0.167969
0 0.330859 0.264062 0.661719 0.528125
0 0.461035 0.588184 0.445117 0.570508
0 0.485156 0.510059 0.601562 0.72832
0 0.373828 0.446875 0.747656 0.89375
0 0.109766 0.283398 0.219531 0.16875
0 0.155762 0.428906 0.311523 0.465625
0 0.617969 0.472559 0.601562 0.793945
0 0.914062 0.896875 0.171875 0.18125
0 0.779688 0.753906 0.0265625 0.059375
0 0.775781 0.759375 0.0359375 0.065625
0 0.0538574 0.277344 0.107715 0.1625
0 0.891406 0.58125 0.0453125 0.065625
0 0.8875 0.722656 0.0359375 0.05625
0 0.119043 0.598047 0.0798828 0.075
0 0.7375 0.407422 0.179688 0.814844
0 0.654688 0.0659668 0.15 0.125488
0 0.748438 0.775 0.0796875 0.09375
0 0.213867 0.410938 0.427734 0.4375
0 0.758594 0.760938 0.0703125 0.0703125
0 0.115137 0.604688 0.0623047 0.059375
0 0.708594 0.196484 0.223438 0.389062
0 0.223828 0.614453 0.274219 0.291406
0 0.821094 0.397656 0.357812 0.795313
0 0.301563 0.201514 0.603125 0.374316
0 0.0392578 0.310156 0.0785156 0.239844
0 0.181055 0.710938 0.0878906 0.053125
0 0.29375 0.389844 0.5875 0.779688
0 0.617188 0.432813 0.401563 0.865625
0 0.716406 0.0693359 0.0421875 0.121484
0 0.733203 0.796875 0.0421875 0.0640625
0 0.603125 0.0750977 0.271875 0.150195
0 0.69375 0.0838135 0.2 0.161279
0 0.122363 0.5875 0.0912109 0.084375
0 0.302148 0.719531 0.456641 0.554688
0 0.901563 0.564453 0.0703125 0.0898438
0 0.192139 0.710156 0.0915039 0.0609375
0 0.782031 0.757812 0.0390625 0.0765625
0 0.758594 0.360938 0.1625 0.721875
0 0.778906 0.742969 0.0328125 0.0609375
0 0.703906 0.12168 0.21875 0.232813
0 0.202734 0.190576 0.405469 0.348535
0 0.289844 0.419531 0.579688 0.484375
0 0.202783 0.441309 0.231152 0.33457
0 0.0447266 0.360938 0.0894531 0.152344
0 0.023584 0.935156 0.047168 0.129688
0 0.866406 0.844531 0.0953125 0.0796875
0 0.0763672 0.324219 0.0527344 0.0492188
0 0.707422 0.450781 0.516406 0.853125
0 0.0287598 0.266211 0.0575195 0.146484
0 0.650781 0.0761719 0.242188 0.152344
0 0.723437 0.325781 0.196875 0.651563
0 0.186279 0.595313 0.191504 0.264062
0 0.0124268 0.390234 0.0248535 0.0710938
0 0.0184814 0.356445 0.0369629 0.152734
0 0.489844 0.878125 0.0265625 0.059375
0 0.0131348 0.373242 0.0262695 0.0988281
0 0.9 0.84375 0.040625 0.053125
0 0.170215 0.547656 0.169727 0.160938
0 0.529297 0.601562 0.295312 0.5375
0 0.807813 0.2375 0.0375 0.08125
0 0.0144531 0.359766 0.0289063 0.132031
0 0.0344482 0.269531 0.0688965 0.145313
0 0.256836 0.675 0.513672 0.63125
0 0.0350464 0.243359 0.0580322 0.0949219
0 0.892188 0.835156 0.059375 0.071875
0 0.126563 0.457422 0.253125 0.3625
0 0.907031 0.865625 0.170313 0.13125
0 0.0875244 0.324219 0.100342 0.0523438
0 0.0444336 0.37959 0.0888672 0.395508
0 0.751953 0.355469 0.142969 0.464063
0 0.110352 0.924219 0.0349609 0.05625
0 0.0352051 0.299219 0.0661133 0.213281
0 0.546875 0.973437 0.0734375 0.053125
0 0.771094 0.759766 0.05 0.0742188
0 0.892188 0.717578 0.046875 0.0632813
0 0.0196045 0.950781 0.039209 0.0984375
0 0.484766 0.88125 0.0328125 0.05
0 0.88125 0.578125 0.06875 0.0726563
0 0.0307129 0.232422 0.0524414 0.0757812
0 0.0499023 0.332813 0.0998047 0.0726563
0 0.875 0.835938 0.10625 0.075
0 0.0148437 0.399316 0.0296875 0.0732422
0 0.905469 0.848437 0.0328125 0.046875
0 0.907031 0.840625 0.171875 0.1875
0 0.489844 0.871094 0.03125 0.065625
0 0.102368 0.598828 0.115967 0.0734375
0 0.213477 0.710156 0.04375 0.0625
0 0.557813 0.964844 0.101562 0.0703125
0 0.910937 0.848437 0.059375 0.05
0 0.525391 0.842188 0.0273438 0.05
0 0.665625 0.489063 0.0265625 0.0601563
0 0.211133 0.703906 0.0359375 0.0609375
0 0.355859 0.497656 0.242969 0.353906
0 0.158594 0.713672 0.0355469 0.0507812
0 0.73125 0.804688 0.034375 0.053125
0 0.0870605 0.551562 0.174121 0.735938
0 0.05 0.291602 0.0835937 0.121875
0 0.107422 0.617188 0.053125 0.0515625
0 0.159375 0.719531 0.0578125 0.0609375
0 0.0250488 0.250781 0.0500977 0.114063
0 0.91875 0.853125 0.05625 0.053125
0 0.0942383 0.331641 0.0728516 0.0640625
0 0.183545 0.831641 0.234473 0.336719
0 0.939063 0.902344 0.121875 0.179688
0 0.279883 0.644531 0.277734 0.351562
0 0.892188 0.878125 0.2125 0.1625
0 0.942187 0.878125 0.1 0.115625
0 0.627344 0.0676758 0.199219 0.133398
0 0.438672 0.590527 0.303125 0.56582
0 0.461328 0.746094 0.21875 0.321875
0 0.61875 0.276367 0.392188 0.552734
0 0.228516 0.704297 0.413281 0.578906
0 0.803125 0.578906 0.028125 0.059375
0 0.194482 0.625391 0.217285 0.341406
0 0.76875 0.449609 0.0421875 0.10625
0 0.702734 0.070752 0.059375 0.127246
0 0.125 0.983594 0.028125 0.0328125
0 0.469141 0.882812 0.0570313 0.05625
0 0.845117 0.585938 0.306641 0.807813
0 0.0750977 0.966406 0.150195 0.0671875
0 0.104102 0.610156 0.0523438 0.05625
0 0.689844 0.0697754 0.132812 0.131543
0 0.907813 0.818555 0.18125 0.278516
0 0.660937 0.480469 0.0359375 0.0703125
0 0.0882813 0.454297 0.176563 0.396875
0 0.913281 0.00151367 0.173438 0.00302734
0 0.0151367 0.391016 0.0302734 0.0992187
0 0.934766 0.4375 0.130469 0.335938
0 0.0721191 0.323047 0.0374023 0.0484375
0 0.0537598 0.327734 0.0797852 0.0554687
0 0.0469238 0.333984 0.0928711 0.205469
0 0.876953 0.86875 0.246094 0.225
0 0.0264648 0.913281 0.0473633 0.129688
0 0.117578 0.610156 0.0695313 0.0796875
0 0.519531 0.972656 0.248438 0.0546875
0 0.936719 0.489453 0.126563 0.257812
0 0.990625 0.954688 0.01875 0.084375
0 0.0161377 0.404785 0.0322754 0.0982422
0 0.760156 0.457813 0.0515625 0.1
0 0.229297 0.561719 0.458594 0.876563
0 0.510938 0.840625 0.0539063 0.053125
0 0.658984 0.957812 0.04375 0.0625
0 0.527344 0.835156 0.0265625 0.0546875
0 0.775781 0.446094 0.0296875 0.1
0 0.536719 0.975 0.120313 0.05
0 0.990625 0.941406 0.01875 0.117188
0 0.692187 0.0813965 0.29375 0.162793
0 0.695312 0.341016 0.046875 0.0625
0 0.12793 0.982813 0.0390625 0.034375
0 0.853125 0.611719 0.13125 0.139063
0 0.0144287 0.966406 0.0288574 0.0671875
0 0.888672 0.575 0.222656 0.825
0 0.122754 0.982813 0.0751953 0.034375
0 0.442578 0.860156 0.207031 0.26875
0 0.0271973 0.283008 0.0543945 0.215234
0 0.885938 0.736719 0.034375 0.0539063
0 0.936719 0.428125 0.126563 0.479688
0 0.130762 0.576563 0.101367 0.102344
0 0.932813 0.859375 0.084375 0.071875
0 0.115723 0.978906 0.0880859 0.0421875
0 0.871875 0.642578 0.09375 0.213281
0 0.0183105 0.478906 0.0366211 0.571094
0 0.854688 0.580469 0.128125 0.0757812
0 0.970703 0.448047 0.0585938 0.169531
0 0.753516 0.472656 0.0390625 0.0671875
0 0.0119995 0.972656 0.023999 0.0546875
0 0.565625 0.953125 0.115625 0.09375
0 0.494141 0.863281 0.0507812 0.0796875
0 0.0401855 0.264795 0.0803711 0.223535
0 0.895312 0.715234 0.0625 0.071875
0 0.883594 0.00142822 0.232813 0.00285645
0 0.74375 0.786719 0.084375 0.090625
0 0.215234 0.715625 0.0546875 0.06875
0 0.367773 0.757031 0.0886719 0.06875
0 0.115625 0.93125 0.0328125 0.046875
0 0.248047 0.425781 0.220703 0.299219
0 0.845313 0.858594 0.05 0.0515625
0 0.511719 0.773438 0.11875 0.203125
0 0.96875 0.425781 0.04375 0.084375
0 0.769531 0.758594 0.0375 0.0828125
0 0.625781 0.188281 0.221875 0.371875
0 0.801562 0.233594 0.040625 0.0921875
0 0.0787109 0.192773 0.157422 0.385547
0 0.9125 0.852539 0.175 0.294922
0 0.909375 0.85625 0.046875 0.065625
0 0.465625 0.799219 0.197656 0.203125
0 0.153809 0.230469 0.307617 0.424219
0 0.203125 0.698828 0.0421875 0.0679687
0 0.502734 0.854688 0.06875 0.090625
0 0.751953 0.48125 0.0296875 0.0617188
0 0.0441406 0.00251465 0.0882813 0.0050293
0 0.897656 0.598437 0.0515625 0.107813
0 0.882812 0.728125 0.0375 0.0546875
0 0.0708008 0.00195312 0.141602 0.00390625
0 0.873438 0.563281 0.15 0.310937
0 0.503906 0.967969 0.16875 0.0640625
0 0.106934 0.910937 0.0507812 0.078125
0 0.455078 0.727344 0.241406 0.539062
0 0.0759277 0.985156 0.151855 0.0296875
0 0.851562 0.00145264 0.29375 0.00290527
0 0.491309 0.641797 0.248633 0.463281
0 0.849609 0.0565918 0.300781 0.113184
0 0.0213135 0.341211 0.042627 0.230859
0 0.59375 0.944531 0.159375 0.110937
0 0.722656 0.222852 0.189063 0.310547
0 0.927344 0.00100098 0.145313 0.00200195
0 0.136914 0.00135498 0.273828 0.00270996
0 0.842969 0.583594 0.148438 0.09375
0 0.53125 0.964063 0.157813 0.071875
0 0.379688 0.507031 0.2625 0.429688
0 0.865625 0.580078 0.125 0.09375
0 0.600781 0.00712891 0.2375 0.0142578
0 0.0277588 0.42334 0.0555176 0.445508
0 0.753906 0.130762 0.15625 0.251758
0 0.0638672 0.451562 0.127539 0.428906
0 0.103882 0.343359 0.0656738 0.0890625
0 0.0479492 0.304297 0.0958984 0.149219
0 0.132031 0.973828 0.0576172 0.0523438
0 0.275586 0.00144043 0.298828 0.00288086
0 0.523828 0.835938 0.0351562 0.0625
0 0.0301758 0.324219 0.0603516 0.245312
0 0.96875 0.416797 0.0375 0.0632813
0 0.389844 0.767188 0.0570313 0.075
0 0.0643066 0.321094 0.0483398 0.0546875
0 0.667188 0.510156 0.0328125 0.15625
0 0.456934 0.689063 0.23457 0.303125
0 0.506641 0.986719 0.157031 0.0265625
0 0.88125 0.826563 0.0375 0.0546875
0 0.514063 0.7125 0.11875 0.440625
0 0.123047 0.975781 0.0412109 0.0484375
0 0.0914307 0.609766 0.0714355 0.0609375
0 0.116016 0.98125 0.219531 0.0375
0 0.0717773 0.00605469 0.143555 0.0121094
0 0.529297 0.828906 0.0375 0.0703125
0 0.363477 0.00135498 0.294922 0.00270996
0 0.776563 0.00146484 0.29375 0.00292969
0 0.524609 0.00178223 0.299219 0.00356445
0 0.391406 0.75625 0.0460938 0.05
0 0.0993164 0.00675049 0.198633 0.013501
0 0.935938 0.527344 0.128125 0.603125
0 0.187451 0.00146484 0.300879 0.00292969
0 0.101465 0.91875 0.0398437 0.065625
0 0.915625 0.591016 0.109375 0.108594
0 0.574219 0.0671875 0.359375 0.134375
0 0.594141 0.701953 0.210156 0.361719
0 0.965625 0.4375 0.05625 0.1125
0 0.437891 0.00141602 0.299219 0.00283203
0 0.77832 0.437891 0.0277344 0.071875
0 0.727344 0.8 0.0390625 0.0578125
0 0.937891 0.498828 0.124219 0.360156
0 0.698438 0.475 0.130469 0.10625
0 0.882031 0.714063 0.0484375 0.0734375
0 0.133301 0.176367 0.260352 0.352734
0 0.156836 0.265576 0.313672 0.26416
0 0.0267456 0.226758 0.0429932 0.0613281
0 0.660156 0.967969 0.0421875 0.05625
0 0.540625 0.977344 0.053125 0.0453125
0 0.168555 0.675 0.176953 0.364063
0 0.3875 0.726172 0.60625 0.547656
0 0.903125 0.0569824 0.19375 0.113965
0 0.222266 0.720313 0.0453125 0.075
0 0.210352 0.695312 0.0324219 0.0578125
0 0.61875 0.0166992 0.226562 0.0333984
0 0.832422 0.902734 0.335156 0.194531
0 0.804492 0.130273 0.197266 0.249609
0 0.732031 0.17168 0.18125 0.339453
0 0.505469 0.771094 0.129688 0.267188
0 0.111133 0.221094 0.222266 0.430469
0 0.877344 0.803125 0.234375 0.248438
0 0.167676 0.709375 0.0548828 0.0515625
0 0.904688 0.644922 0.03125 0.0445313
0 0.612109 0.00129395 0.288281 0.00258789
0 0.484766 0.832617 0.107031 0.137891
0 0.466406 0.874219 0.0625 0.0640625
0 0.408594 0.859375 0.154688 0.270313
0 0.539062 0.918359 0.254688 0.163281
0 0.907813 0.00090332 0.184375 0.00180664
0 0.795313 0.22793 0.0515625 0.105859
0 0.9 0.849219 0.053125 0.0765625
0 0.0916992 0.604688 0.100586 0.065625
0 0.995313 0.33418 0.009375 0.151953
0 0.0296875 0.921094 0.0488281 0.0984375
0 0.478125 0.773438 0.185938 0.264062
0 0.810938 0.259961 0.034375 0.0976562
0 0.154102 0.724609 0.0886719 0.0789063
0 0.065332 0.224023 0.130664 0.448047
0 0.455078 0.625391 0.234375 0.503906
0 0.45625 0.882812 0.0296875 0.05625
0 0.571094 0.437891 0.540625 0.858594
0 0.29375 0.646973 0.5875 0.706055
0 0.325781 0.489844 0.651563 0.904688
0 0.916797 0.9 0.166406 0.2
0 0.623047 0.48916 0.413281 0.687305
0 0.489453 0.50791 0.428906 0.693555
0 0.433984 0.467969 0.800781 0.917188
0 0.383203 0.617578 0.639844 0.764844
0 0.492285 0.616016 0.418555 0.767969
0 0.701953 0.444922 0.533594 0.872656
0 0.173535 0.633203 0.191602 0.328906
0 0.0891602 0.475781 0.17832 0.355469
0 0.433203 0.710938 0.535156 0.578125
0 0.684277 0.60625 0.626758 0.782813
0 0.442969 0.487109 0.520312 0.824219
0 0.697266 0.134375 0.233594 0.24375
0 0.87832 0.9 0.243359 0.2
0 0.193359 0.649609 0.386719 0.700781
0 0.119141 0.588281 0.238281 0.79375
0 0.691406 0.326953 0.29375 0.632031
0 0.553125 0.612891 0.28125 0.774219
0 0.458594 0.738281 0.19375 0.246875
0 0.711719 0.0765625 0.05 0.123242
0 0.914844 0.833594 0.170313 0.332813
0 0.206592 0.630469 0.248535 0.357812
0 0.0392578 0.561816 0.0785156 0.770117
0 0.150391 0.557031 0.299219 0.721875
0 0.803125 0.586719 0.05 0.0765625
0 0.885938 0.724219 0.040625 0.05625
0 0.234326 0.838086 0.184473 0.323828
0 0.136035 0.675781 0.27207 0.648438
0 0.113184 0.459375 0.195117 0.360938
0 0.234766 0.574609 0.45 0.828906
0 0.0837891 0.321875 0.167578 0.285938
0 0.0825195 0.537891 0.165039 0.689844
0 0.975 0.689063 0.05 0.059375
0 0.809375 0.595703 0.0609375 0.1
0 0.865625 0.835156 0.075 0.0828125
0 0.315625 0.647656 0.242969 0.375
0 0.945312 0.897266 0.109375 0.205469
0 0.697656 0.0767334 0.078125 0.124658
0 0.185547 0.387891 0.371094 0.735938
0 0.64375 0.277734 0.39375 0.532031
0 0.0635742 0.711719 0.127148 0.342187
0 0.15 0.469922 0.241016 0.346094
0 0.654688 0.0835937 0.164844 0.143359
0 0.882031 0.71875 0.0453125 0.0609375
0 0.152441 0.675781 0.217383 0.271875
0 0.707031 0.185352 0.229687 0.337891
0 0.0464844 0.751563 0.0929688 0.439063
0 0.746094 0.330859 0.30625 0.642188
0 0.0871094 0.684375 0.174219 0.271875
0 0.29375 0.364453 0.5875 0.703125
0 0.591406 0.621484 0.429688 0.757031
0 0.801562 0.578125 0.040625 0.0625
0 0.121191 0.335156 0.242383 0.329688
0 0.654688 0.203076 0.217188 0.37666
0 0.363477 0.233203 0.163672 0.417969
0 0.971094 0.932813 0.0578125 0.134375
0 0.0762695 0.748438 0.152539 0.425
0 0.285156 0.0758789 0.0492188 0.125586
0 0.754687 0.346094 0.148438 0.553125
0 0.764063 0.950781 0.0328125 0.0515625
0 0.8875 0.725 0.05 0.065625
0 0.194141 0.83125 0.211328 0.3375
0 0.717188 0.087793 0.05625 0.145508
0 0.416406 0.728906 0.109375 0.24375
0 0.457031 0.6875 0.210156 0.35
0 0.266797 0.841016 0.178906 0.317969
0 0.796875 0.585547 0.0421875 0.0648438
0 0.571875 0.311914 0.559375 0.607422
0 0.12207 0.662891 0.244141 0.275781
0 0.769531 0.95625 0.040625 0.0640625
0 0.348828 0.150586 0.175781 0.276172
0 0.935156 0.217969 0.129688 0.429688
0 0.390234 0.249023 0.125 0.447266
0 0.194922 0.449316 0.242188 0.31543
0 0.376953 0.644531 0.216406 0.342187
0 0.66875 0.111353 0.18125 0.198779
0 0.658594 0.145996 0.190625 0.267383
0 0.683203 0.0688965 0.0929688 0.112207
0 0.980469 0.939844 0.0390625 0.120313
0 0.0421875 0.663574 0.084375 0.672852
0 0.0306152 0.232227 0.0552734 0.0988281
0 0.928125 0.785156 0.14375 0.270313
0 0.698828 0.061377 0.0710938 0.0946289
0 0.124414 0.721484 0.248828 0.383594
0 0.300781 0.844531 0.198437 0.310937
0 0.86875 0.832812 0.059375 0.06875
0 0.148047 0.58125 0.191406 0.3
0 0.0798828 0.3625 0.159766 0.680469
0 0.355078 0.859375 0.234375 0.28125
0 0.857031 0.842188 0.0875 0.084375
0 0.0247559 0.222852 0.0495117 0.0800781
0 0.868945 0.841992 0.262109 0.300391
0 0.483984 0.70625 0.170313 0.375
0 0.610938 0.148438 0.248438 0.273438
0 0.279687 0.0893555 0.0441406 0.11543
0 0.191992 0.710547 0.105859 0.0921875
0 0.595703 0.209375 0.258594 0.39375
0 0.796094 0.233594 0.0578125 0.0953125
0 0.878125 0.8375 0.115625 0.0875
0 0.984375 0.948438 0.03125 0.103125
0 0.95625 0.910937 0.0875 0.178125
0 0.835156 0.877344 0.329688 0.245312
0 0.489453 0.596094 0.157031 0.439063
0 0.0732422 0.514844 0.146484 0.467187
0 0.673828 0.0600708 0.102344 0.092749
0 0.571875 0.167676 0.221875 0.313867
0 0.459766 0.764844 0.463281 0.470313
0 0.124121 0.590625 0.0888672 0.0742188
0 0.817187 0.599219 0.065625 0.1125
0 0.0876709 0.426172 0.170361 0.257812
0 0.514063 0.699609 0.15625 0.375781
0 0.0328369 0.757812 0.0656738 0.484375
0 0.985156 0.193701 0.0296875 0.0829102
0 0.0172363 0.511719 0.0344727 0.70625
0 0.974609 0.704688 0.0507812 0.090625
0 0.306641 0.745313 0.607031 0.509375
0 0.179297 0.717578 0.0867188 0.0648438
0 0.938672 0.824609 0.122656 0.350781
0 0.0609375 0.762305 0.121875 0.475391
0 0.369922 0.461719 0.249219 0.3
0 0.878125 0.714063 0.05625 0.0703125
0 0.195312 0.752734 0.390625 0.494531
0 0.364258 0.085376 0.101172 0.114795
0 0.107031 0.571094 0.214062 0.285938
0 0.447656 0.238232 0.169531 0.386816
0 0.0608887 0.313281 0.121777 0.252344
0 0.255078 0.978125 0.0484375 0.04375
0 0.776367 0.946875 0.0503906 0.084375
0 0.648828 0.973437 0.05 0.053125
0 0.852344 0.851562 0.0640625 0.065625
0 0.714063 0.09375 0.04375 0.11875
0 0.798633 0.560938 0.0496094 0.1125
0 0.153906 0.720313 0.0394531 0.0578125
0 0.272656 0.639844 0.235938 0.351562
0 0.130566 0.580469 0.0943359 0.0945313
0 0.595313 0.665234 0.210938 0.307031
0 0.379785 0.187305 0.173242 0.349609
0 0.0310791 0.724609 0.0621582 0.375781
0 0.794531 0.594922 0.0484375 0.0726563
0 0.702344 0.038916 0.0640625 0.0504883
0 0.309766 0.0947266 0.0679687 0.156641
0 0.115234 0.984375 0.0746094 0.03125
0 0.125195 0.81875 0.250391 0.3625
0 0.985938 0.960938 0.028125 0.078125
0 0.130957 0.472656 0.138086 0.349219
0 0.678906 0.0421387 0.101562 0.0599609
0 0.512402 0.758594 0.283008 0.23125
0 0.126074 0.985938 0.0335938 0.028125
0 0.0788086 0.393359 0.156836 0.200781
0 0.0564453 0.665234 0.112891 0.352344
0 0.622656 0.771875 0.0421875 0.0671875
0 0.95 0.874219 0.09375 0.109375
0 0.466406 0.577734 0.170313 0.421094
0 0.792383 0.574219 0.0589844 0.0859375
0 0.431348 0.638281 0.23418 0.315625
0 0.833008 0.899219 0.333984 0.201563
0 0.627734 0.762891 0.0523438 0.0929688
0 0.302344 0.0810547 0.0710938 0.137891
0 0.621094 0.78125 0.0375 0.0609375
0 0.261719 0.965625 0.0726563 0.06875
0 0.35918 0.112305 0.174609 0.199219
0 0.310156 0.301172 0.248438 0.46875
0 0.786133 0.215967 0.0777344 0.0961914
0 0.560156 0.759375 0.154688 0.225
0 0.975 0.684375 0.04375 0.0515625
0 0.248389 0.432813 0.206348 0.291406
0 0.872656 0.821875 0.040625 0.053125
0 0.926562 0.8875 0.146875 0.225
0 0.660547 0.0458008 0.15 0.0697266
0 0.0922852 0.3375 0.109961 0.078125
0 0.122852 0.983594 0.204297 0.0328125
0 0.340625 0.206055 0.200781 0.382422
0 0.708203 0.0568848 0.0585938 0.0874023
0 0.842188 0.864062 0.05625 0.05
0 0.383691 0.760156 0.0466797 0.0609375
0 0.325391 0.0978272 0.0425781 0.147705
0 0.428125 0.8625 0.16875 0.275
0 0.878125 0.759375 0.05 0.132812
0 0.925 0.85625 0.13125 0.10625
0 0.145874 0.530859 0.15708 0.244531
0 0.435937 0.674219 0.2125 0.420312
0 0.625781 0.66875 0.15 0.432813
0 0.0921875 0.984375 0.184375 0.03125
0 0.0949219 0.190625 0.189844 0.38125
0 0.307422 0.0614258 0.0554687 0.0927734
0 0.764063 0.964063 0.0375 0.071875
0 0.127539 0.976953 0.0585938 0.0460938
0 0.757031 0.175195 0.139063 0.342578
0 0.478125 0.446875 0.109375 0.10625
0 0.106641 0.611719 0.0675781 0.0671875
0 0.101953 0.635938 0.203906 0.321875
0 0.194873 0.678906 0.133691 0.271875
0 0.122656 0.98125 0.0978516 0.0375
0 0.911719 0.0858398 0.103125 0.0705078
0 0.255859 0.958594 0.09375 0.0828125
0 0.205078 0.697266 0.0570313 0.0757812
0 0.075 0.296094 0.15 0.221094
0 0.389453 0.726953 0.155469 0.257031
0 0.116797 0.599609 0.0773438 0.0664062
0 0.453125 0.77793 0.190625 0.244141
0 0.748828 0.136133 0.153906 0.260547
0 0.878906 0.733594 0.04375 0.06875
0 0.0490723 0.362305 0.0952148 0.130859
0 0.540625 0.673438 0.1875 0.29375
0 0.964063 0.0355591 0.071875 0.0431396
0 0.684375 0.642969 0.0421875 0.146875
0 0.569531 0.155957 0.582812 0.299805
0 0.156934 0.723828 0.0513672 0.0617188
0 0.15332 0.294336 0.306641 0.275391
0 0.85625 0.841406 0.0625 0.0796875
0 0.0679687 0.625 0.135937 0.31875
0 0.545313 0.582129 0.2 0.416992
0 0.640625 0.678125 0.71875 0.64375
0 0.907813 0.06875 0.0625 0.0804688
0 0.963281 0.909375 0.0734375 0.1375
0 0.110059 0.522656 0.168945 0.285938
0 0.91875 0.0734375 0.1 0.0845703
0 0.9625 0.884375 0.071875 0.090625
0 0.459473 0.515625 0.187305 0.322656
0 0.398047 0.749219 0.19375 0.307813
0 0.801562 0.265234 0.053125 0.142969
0 0.345313 0.28418 0.684375 0.542578
0 0.539844 0.704688 0.0703125 0.09375
0 0.80625 0.279492 0.05 0.152734
0 0.621875 0.770312 0.05625 0.0890625
0 0.976562 0.688281 0.046875 0.142188
0 0.0736328 0.986719 0.0275391 0.0265625
0 0.282617 0.101538 0.0507812 0.144189
0 0.0728516 0.984375 0.0572266 0.03125
0 0.405859 0.686719 0.171094 0.354688
0 0.0761963 0.32832 0.0933105 0.0605469
0 0.652344 0.967188 0.0578125 0.065625
0 0.775781 0.341797 0.104688 0.557031
0 0.134668 0.985156 0.0642578 0.0296875
0 0.264453 0.95625 0.0640625 0.0875
0 0.523438 0.708203 0.225 0.363281
0 0.977344 0.933984 0.0453125 0.132031
0 0.77832 0.0012085 0.299609 0.00241699
0 0.393359 0.761719 0.0609375 0.0671875
0 0.102539 0.607422 0.0542969 0.05
0 0.642969 0.960156 0.059375 0.0796875
0 0.263867 0.801172 0.209375 0.397656
0 0.236719 0.89375 0.119922 0.2125
0 0.0757568 0.985938 0.0371582 0.028125
0 0.985938 0.949219 0.028125 0.101562
0 0.253906 0.971484 0.0742188 0.0570313
0 0.0383789 0.229297 0.0767578 0.141406
0 0.596875 0.735938 0.208594 0.223438
0 0.547266 0.73125 0.0757812 0.182812
0 0.760938 0.475 0.0640625 0.115625
0 0.0680176 0.329102 0.0665039 0.0558594
0 0.814063 0.618359 0.0515625 0.0671875
0 0.771094 0.946875 0.04375 0.05625
0 0.550098 0.111133 0.545117 0.222266
0 0.0223145 0.219531 0.0446289 0.0601563
0 0.969531 0.914844 0.0609375 0.170313
0 0.0794922 0.357031 0.158984 0.211719
0 0.276367 0.955469 0.144922 0.0890625
0 0.779883 0.478809 0.121484 0.312695
0 0.227344 0.946094 0.132422 0.107813
0 0.903125 0.0812744 0.0625 0.069873
0 0.0180176 0.398047 0.0360352 0.567187
0 0.951563 0.0348633 0.096875 0.0410156
0 0.77832 0.196289 0.0839844 0.0878906
0 0.103516 0.594531 0.0849609 0.071875
0 0.54375 0.773828 0.2 0.252344
0 0.422559 0.4625 0.258008 0.301563
0 0.541406 0.982031 0.0484375 0.0359375
0 0.309766 0.0431641 0.0460938 0.05625
0 0.901563 0.00109863 0.196875 0.00219727
0 0.577344 0.218555 0.609375 0.426172
0 0.322266 0.0834961 0.0515625 0.146289
0 0.685547 0.199414 0.325781 0.387109
0 0.842383 0.875781 0.183984 0.160938
0 0.0791016 0.327734 0.10918 0.0816406
0 0.294531 0.0727051 0.0625 0.118652
0 0.093457 0.530078 0.186914 0.338281
0 0.627344 0.0480957 0.096875 0.0745117
0 0.705859 0.0883789 0.0625 0.129883
0 0.193945 0.894531 0.202344 0.210938
0 0.444141 0.820312 0.175 0.29375
0 0.16272 0.504004 0.180029 0.276367
0 0.439453 0.436328 0.0867188 0.119531
0 0.738672 0.206445 0.171094 0.380859
0 0.86582 0.00123291 0.268359 0.00246582
0 0.86875 0.411328 0.05 0.0796875
0 0.73125 0.729297 0.5375 0.541406
0 0.244141 0.852344 0.119531 0.295312
0 0.0773438 0.970703 0.154688 0.0585938
0 0.270313 0.949219 0.100781 0.101562
0 0.594531 0.877734 0.157813 0.244531
0 0.847656 0.857031 0.0734375 0.0875
0 0.895312 0.580078 0.04375 0.0632813
0 0.314453 0.051123 0.0742188 0.0790039
0 0.338672 0.761719 0.0476562 0.08125
0 0.753125 0.482812 0.15625 0.39375
0 0.778906 0.514844 0.109375 0.24375
0 0.290625 0.567969 0.58125 0.61875
0 0.671484 0.0700195 0.107813 0.117383
0 0.563672 0.191846 0.361719 0.359277
0 0.335547 0.658984 0.508594 0.682031
0 0.544434 0.531641 0.589258 0.632031
0 0.167285 0.619531 0.173242 0.329688
0 0.433984 0.543359 0.286719 0.600781
0 0.701953 0.0708008 0.0617188 0.1125
0 0.628125 0.185547 0.39375 0.358594
0 0.366406 0.535937 0.420312 0.648438
0 0.166797 0.294922 0.333594 0.214844
0 0.472559 0.747656 0.23457 0.221875
0 0.242188 0.294531 0.484375 0.275
0 0.652344 0.0708984 0.16875 0.128906
0 0.471875 0.657031 0.235156 0.390625
0 0.282422 0.32793 0.564844 0.291016
0 0.470703 0.649219 0.232031 0.251563
0 0.318555 0.233594 0.637109 0.467187
0 0.204688 0.229492 0.409375 0.389453
0 0.141992 0.535547 0.283984 0.517969
0 0.190625 0.771484 0.38125 0.457031
0 0.664062 0.0432617 0.109375 0.0642578
0 0.297266 0.424902 0.594531 0.43457
0 0.239844 0.703125 0.479688 0.59375
0 0.150488 0.368945 0.300977 0.358984
0 0.676562 0.0530151 0.103125 0.0797119
0 0.302344 0.322266 0.604688 0.592969
0 0.522656 0.569922 0.0625 0.065625
0 0.104688 0.295312 0.209375 0.214844
0 0.75 0.763672 0.0921875 0.130469
0 0.386328 0.761719 0.411719 0.476562
0 0.173047 0.842969 0.217969 0.303125
0 0.625391 0.383691 0.230469 0.306055
0 0.556641 0.679688 0.0507812 0.053125
0 0.610938 0.0701172 0.267188 0.132422
0 0.365625 0.741406 0.573438 0.517188
0 0.55 0.682813 0.06875 0.0648438
0 0.0712402 0.288477 0.14248 0.201172
0 0.476465 0.703125 0.20957 0.298438
0 0.390625 0.305469 0.78125 0.596875
0 0.129297 0.653906 0.258594 0.271875
0 0.690234 0.0429565 0.0710938 0.060376
0 0.455469 0.350391 0.290625 0.275781
0 0.308984 0.160352 0.053125 0.0667969
0 0.180469 0.835156 0.360938 0.329688
0 0.699609 0.347266 0.05625 0.0625
0 0.558984 0.307422 0.469531 0.439844
0 0.566797 0.380469 0.524219 0.304688
0 0.304883 0.155273 0.0335938 0.0496094
0 0.121484 0.320312 0.242969 0.271094
0 0.0644531 0.316406 0.128906 0.260938
0 0.550391 0.69375 0.071875 0.0898438
0 0.485254 0.546973 0.28418 0.595117
0 0.145313 0.651563 0.290625 0.696875
0 0.0492188 0.284766 0.0984375 0.190625
0 0.570312 0.294922 0.0703125 0.1125
0 0.735156 0.791406 0.0640625 0.0734375
0 0.543652 0.200781 0.486133 0.401563
0 0.8875 0.732031 0.0375 0.046875
0 0.112305 0.414453 0.224609 0.430469
0 0.711328 0.0739258 0.0679687 0.12207
0 0.8875 0.721094 0.040625 0.0625
0 0.890625 0.717578 0.053125 0.06875
0 0.526172 0.566797 0.0453125 0.071875
0 0.464453 0.766016 0.244531 0.405469
0 0.705469 0.35 0.05 0.0523438
0 0.714063 0.523438 0.221875 0.189063
0 0.421875 0.242188 0.078125 0.0726563
0 0.702734 0.0467773 0.0570313 0.0689453
0 0.594922 0.289844 0.11875 0.139063
0 0.561328 0.307422 0.065625 0.0730469
0 0.0908203 0.369141 0.181641 0.355469
0 0.14375 0.734375 0.0824219 0.0921875
0 0.64375 0.266211 0.0421875 0.0527344
0 0.0988281 0.530078 0.197656 0.524219
0 0.657813 0.482812 0.0515625 0.065625
0 0.131934 0.463281 0.263867 0.3375
0 0.125684 0.585156 0.0814453 0.0867188
0 0.639063 0.262109 0.034375 0.0554687
0 0.536719 0.304297 0.115625 0.0914062
0 0.785742 0.573828 0.0628906 0.0742188
0 0.798438 0.576172 0.046875 0.0742188
0 0.526953 0.575391 0.0757812 0.0867188
0 0.70625 0.354297 0.071875 0.0648438
0 0.183789 0.752734 0.161328 0.142969
0 0.765625 0.720703 0.0296875 0.046875
0 0.271045 0.364453 0.223535 0.199219
0 0.564063 0.292578 0.0546875 0.100781
0 0.760547 0.716016 0.028125 0.040625
0 0.144727 0.741797 0.286719 0.516406
0 0.487402 0.279687 0.250195 0.142969
0 0.532813 0.750391 0.120313 0.199219
0 0.9 0.707812 0.071875 0.0921875
0 0.689063 0.0758057 0.084375 0.114404
0 0.730859 0.803125 0.0515625 0.05625
0 0.0981445 0.491406 0.196289 0.310937
0 0.389453 0.298047 0.778906 0.485156
0 0.806055 0.592188 0.0660156 0.104688
0 0.192139 0.717969 0.108691 0.09375
0 0.742188 0.782031 0.0765625 0.09375
0 0.648438 0.144336 0.440625 0.260547
0 0.0302246 0.224609 0.0588867 0.075
0 0.566016 0.309375 0.0507812 0.065625
0 0.773438 0.535156 0.109375 0.178125
0 0.299609 0.15625 0.0515625 0.0609375
0 0.644141 0.264844 0.0570313 0.0625
0 0.0303589 0.219727 0.0482666 0.0632813
0 0.553125 0.707422 0.0796875 0.127344
0 0.6625 0.49375 0.05625 0.0515625
0 0.506641 0.226172 0.617969 0.422656
0 0.637891 0.258594 0.0421875 0.0648438
0 0.767188 0.721875 0.04375 0.05
0 0.659766 0.593359 0.633594 0.533594
0 0.664062 0.948438 0.04375 0.059375
0 0.972656 0.388281 0.0453125 0.0539063
0 0.457715 0.589453 0.223633 0.272656
0 0.415625 0.361328 0.439063 0.303125
0 0.314648 0.159668 0.0597656 0.105664
0 0.8 0.585938 0.0375 0.05
0 0.431641 0.247656 0.0789063 0.0695313
0 0.772266 0.725 0.0507812 0.0578125
0 0.0767578 0.678418 0.153516 0.643164
0 0.0285645 0.215625 0.0381836 0.0585938
0 0.124219 0.611719 0.248438 0.370313
0 0.699219 0.0375488 0.04375 0.0522461
0 0.660937 0.0726563 0.215625 0.145313
0 0.970313 0.383594 0.034375 0.0476562
0 0.633594 0.258594 0.0265625 0.0476562
0 0.644531 0.0396484 0.0765625 0.0556641
0 0.5625 0.277734 0.05 0.0773438
0 0.425391 0.519629 0.672656 0.61543
0 0.635938 0.196094 0.1875 0.373437
0 0.412109 0.237695 0.0757812 0.0734375
0 0.218359 0.756641 0.239063 0.155469
0 0.4375 0.243359 0.0585938 0.0664062
0 0.542578 0.703906 0.0695313 0.09375
0 0.0864258 0.576563 0.172852 0.289062
0 0.975 0.382422 0.05 0.059375
0 0.80625 0.59375 0.040625 0.0625
0 0.127344 0.589063 0.0964844 0.107813
0 0.375 0.360352 0.701563 0.309766
0 0.538672 0.685938 0.0640625 0.065625
0 0.470703 0.32793 0.517188 0.342578
0 0.202734 0.433984 0.2625 0.326562
0 0.464063 0.258008 0.135937 0.101953
0 0.551465 0.276953 0.376758 0.153906
0 0.111328 0.700391 0.222656 0.344531
0 0.660156 0.963281 0.0742188 0.0734375
0 0.651563 0.477344 0.046875 0.071875
0 0.102539 0.713672 0.205078 0.572656
0 0.0978516 0.5375 0.195703 0.239063
0 0.810938 0.609375 0.053125 0.0765625
0 0.538281 0.675781 0.078125 0.0921875
0 0.638281 0.0358398 0.0359375 0.0480469
0 0.55625 0.682422 0.0703125 0.0796875
0 0.15957 0.725781 0.0488281 0.0765625
0 0.353516 0.889063 0.0429688 0.0484375
0 0.612109 0.043457 0.0773438 0.0644531
0 0.633594 0.0439453 0.104688 0.0654297
0 0.181299 0.659375 0.171777 0.373437
0 0.713281 0.278516 0.2 0.210156
0 0.073291 0.633984 0.146582 0.319531
0 0.6625 0.954688 0.053125 0.05625
0 0.522656 0.684375 0.110937 0.090625
0 0.667188 0.38125 0.129688 0.295312
0 0.0978516 0.628516 0.195703 0.327344
0 0.634375 0.254688 0.0328125 0.0578125
0 0.268408 0.297998 0.238184 0.353223
0 0.0817383 0.442969 0.163477 0.486719
0 0.553125 0.752734 0.125 0.192969
0 0.905469 0.694531 0.08125 0.121875
0 0.446973 0.775195 0.735742 0.449609
0 0.457031 0.497559 0.215625 0.281445
0 0.0743652 0.508594 0.14873 0.296875
0 0.283936 0.85293 0.229004 0.291016
0 0.882812 0.735547 0.05 0.0648438
0 0.781445 0.564844 0.0777344 0.0976562
0 0.107813 0.611719 0.0640625 0.06875
0 0.0109375 0.500781 0.021875 0.60625
0 0.530078 0.5875 0.0804688 0.11875
0 0.736719 0.80918 0.0703125 0.0691406
0 0.435937 0.253125 0.110937 0.0742188
0 0.651563 0.269531 0.0648438 0.0671875
0 0.814063 0.600781 0.06875 0.10625
0 0.501953 0.357812 0.197656 0.285156
0 0.515625 0.584766 0.0835937 0.0914062
0 0.600391 0.957812 0.189844 0.084375
0 0.400781 0.19375 0.801562 0.366406
0 0.357617 0.892188 0.0582031 0.059375
0 0.776563 0.762891 0.148438 0.139844
0 0.451172 0.246484 0.119531 0.0679687
0 0.0232666 0.211523 0.0328613 0.0519531
0 0.158203 0.716406 0.0394531 0.0648438
0 0.0347412 0.246094 0.0694824 0.10625
0 0.112305 0.59375 0.0820312 0.075
0 0.374609 0.18457 0.191406 0.257031
0 0.488184 0.425391 0.429883 0.409375
0 0.557031 0.315234 0.0773438 0.0625
0 0.732813 0.763281 0.132812 0.145313
0 0.18125 0.722656 0.0914062 0.08125
0 0.486328 0.513379 0.1625 0.30918
0 0.703125 0.34082 0.0640625 0.0816406
0 0.347266 0.889063 0.0507812 0.05625
0 0.510156 0.567187 0.0703125 0.075
0 0.0281006 0.275781 0.0562012 0.179688
0 0.170605 0.447266 0.286133 0.388281
0 0.154492 0.754297 0.175391 0.139844
0 0.15918 0.876953 0.318359 0.246094
0 0.896094 0.6625 0.065625 0.182812
0 0.116113 0.598047 0.0634766 0.06875
0 0.6625 0.137012 0.142188 0.261133
0 0.708203 0.193555 0.228906 0.387109
0 0.497266 0.625391 0.163281 0.196875
0 0.215625 0.719922 0.0585938 0.0710938
0 0.628516 0.30625 0.207031 0.149219
0 0.970313 0.389941 0.053125 0.0685547
0 0.766016 0.740625 0.0710938 0.0875
0 0.737109 0.79375 0.0710938 0.0953125
0 0.407715 0.212305 0.270508 0.309766
0 0.614844 0.175391 0.242188 0.328125
0 0.0144531 0.689453 0.0289063 0.621094
0 0.0679199 0.361914 0.13584 0.370703
0 0.114258 0.611719 0.0738281 0.0828125
0 0.530469 0.284766 0.125781 0.125781
0 0.669531 0.496875 0.0671875 0.059375
0 0.535156 0.741406 0.0757812 0.10625
0 0.172852 0.944531 0.232813 0.110937
0 0.497559 0.758203 0.395508 0.366406
0 0.660156 0.483594 0.0765625 0.0734375
0 0.185742 0.800781 0.179297 0.242188
0 0.735156 0.677344 0.165625 0.321875
0 0.973047 0.394434 0.0539063 0.0861328
0 0.415625 0.253906 0.078125 0.078125
0 0.882812 0.711719 0.0625 0.078125
0 0.2125 0.714063 0.0453125 0.071875
0 0.119727 0.845703 0.228125 0.308594
0 0.440234 0.860742 0.228906 0.278516
0 0.172656 0.672266 0.167969 0.286719
0 0.605078 0.273438 0.155469 0.107031
0 0.725 0.158887 0.55 0.298633
0 0.751953 0.53125 0.153906 0.189063
0 0.701563 0.475781 0.159375 0.101562
0 0.7625 0.721875 0.053125 0.0617188
0 0.602734 0.0808105 0.327344 0.161621
0 0.669531 0.302344 0.117188 0.151562
0 0.657813 0.467969 0.078125 0.103125
0 0.654688 0.278125 0.0820312 0.0914062
0 0.167676 0.721094 0.127148 0.103125
0 0.438184 0.459277 0.26582 0.29082
0 0.724219 0.797656 0.0578125 0.0671875
0 0.215625 0.838672 0.271094 0.322656
0 0.527344 0.692969 0.0859375 0.0804688
0 0.551953 0.728906 0.08125 0.185938
0 0.205078 0.708203 0.0503906 0.0796875
0 0.27832 0.957031 0.214453 0.0859375
0 0.304102 0.180859 0.0527344 0.09375
0 0.507129 0.164844 0.47793 0.325391
0 0.242773 0.317969 0.113672 0.100781
0 0.656641 0.204492 0.163281 0.408984
0 0.594531 0.749219 0.182812 0.201563
0 0.519531 0.560156 0.0671875 0.0882813
0 0.0737305 0.984375 0.0308594 0.03125
0 0.380469 0.839258 0.620313 0.321484
0 0.653125 0.0950439 0.403125 0.187256
0 0.764453 0.00130615 0.300781 0.0026123
0 0.058252 0.708984 0.116504 0.405469
0 0.54375 0.318359 0.104688 0.0726563
0 0.710156 0.230518 0.214062 0.29209
0 0.645703 0.0370117 0.127344 0.0533203
0 0.59375 0.83125 0.523438 0.298438
0 0.540625 0.741016 0.0828125 0.166406
0 0.390625 0.439453 0.272656 0.246094
0 0.616406 0.103027 0.242188 0.188086
0 0.538672 0.105664 0.417188 0.211328
0 0.0399902 0.352539 0.0799805 0.334766
0 0.243555 0.329883 0.0945313 0.0742188
0 0.273828 0.849609 0.457031 0.300781
0 0.127637 0.744531 0.0521484 0.0734375
0 0.56875 0.315625 0.06875 0.0914062
0 0.297266 0.163477 0.0601563 0.0757812
0 0.180078 0.896875 0.276172 0.20625
0 0.632812 0.0347778 0.0296875 0.0497803
0 0.0918945 0.594141 0.103711 0.0796875
0 0.516797 0.664062 0.135937 0.121875
0 0.266211 0.251611 0.251172 0.256152
0 0.534766 0.785156 0.567969 0.360938
0 0.845313 0.583984 0.125 0.164062
0 0.0365234 0.269922 0.0730469 0.169531
0 0.915625 0.00180664 0.16875 0.00361328
0 0.821094 0.621875 0.034375 0.0578125
0 0.715234 0.4875 0.175781 0.08125
0 0.630859 0.590234 0.394531 0.488281
0 0.452344 0.241602 0.071875 0.0597656
0 0.244727 0.305078 0.280078 0.228906
0 0.208789 0.720313 0.0933594 0.0828125
0 0.0391113 0.229297 0.0782227 0.107031
0 0.678906 0.26875 0.157813 0.225
0 0.559375 0.269141 0.05 0.0578125
0 0.0172363 0.399121 0.0344727 0.404883
0 0.517188 0.264453 0.160938 0.105469
0 0.339844 0.568066 0.589063 0.55293
0 0.670703 0.0702148 0.138281 0.125781
0 0.291797 0.510254 0.583594 0.651367
0 0.301758 0.586328 0.544922 0.430469
0 0.346875 0.629687 0.535156 0.384375
0 0.412891 0.608594 0.589063 0.495313
0 0.522266 0.451172 0.911719 0.891406
0 0.39541 0.514453 0.77168 0.616406
0 0.396777 0.618359 0.387695 0.441406
0 0.632812 0.444531 0.734375 0.889063
0 0.237109 0.595703 0.474219 0.374219
0 0.382227 0.32832 0.764453 0.656641
0 0.480566 0.610156 0.337305 0.448438
0 0.339063 0.278125 0.678125 0.55625
0 0.179688 0.478223 0.359375 0.60918
0 0.145703 0.2875 0.291406 0.20625
0 0.0526367 0.741016 0.105273 0.517969
0 0.46084 0.679297 0.242383 0.321094
0 0.0992187 0.317578 0.198437 0.253906
0 0.0625 0.310742 0.125 0.245703
0 0.623438 0.0758789 0.245312 0.139453
0 0.634375 0.515527 0.73125 0.69707
0 0.468359 0.349414 0.750781 0.695703
0 0.155273 0.583594 0.310547 0.3875
0 0.525879 0.583594 0.66543 0.53125
0 0.0818359 0.359766 0.163672 0.339063
0 0.221484 0.610156 0.285547 0.304688
0 0.700781 0.0713867 0.06875 0.111523
0 0.475781 0.161426 0.557813 0.316992
0 0.633203 0.630469 0.733594 0.657813
0 0.458594 0.717969 0.232031 0.232813
0 0.0754395 0.487891 0.150879 0.630469
0 0.274219 0.659766 0.548438 0.385156
0 0.19707 0.227344 0.394141 0.454688
0 0.291797 0.754687 0.583594 0.490625
0 0.409375 0.670313 0.35 0.33125
0 0.118164 0.713672 0.236328 0.572656
0 0.6875 0.0714355 0.10625 0.114746
0 0.138184 0.361133 0.276367 0.333984
0 0.12832 0.489844 0.256641 0.579688
0 0.0166748 0.858789 0.0333496 0.282422
0 0.0517578 0.282813 0.103516 0.189844
0 0.648438 0.0938477 0.184375 0.17793
0 0.696094 0.0672852 0.153125 0.119727
0 0.162207 0.721484 0.324414 0.524219
0 0.0154053 0.730469 0.0308105 0.539062
0 0.575 0.161621 0.348438 0.310352
0 0.219531 0.960156 0.145313 0.0796875
0 0.0705078 0.317969 0.141016 0.182812
0 0.672656 0.110156 0.14375 0.210938
0 0.0876953 0.284375 0.175391 0.197656
0 0.522266 0.754687 0.117969 0.176563
0 0.057959 0.619141 0.115918 0.703906
0 0.117969 0.561816 0.235938 0.44043
0 0.185352 0.592188 0.214844 0.373437
0 0.0130371 0.490625 0.0260742 0.6625
0 0.0278809 0.333984 0.0557617 0.29375
0 0.246094 0.960547 0.101562 0.0789063
0 0.0630371 0.357422 0.126074 0.278906
0 0.164844 0.246484 0.329688 0.357031
0 0.013916 0.792578 0.027832 0.414844
0 0.486719 0.750781 0.189063 0.198437
0 0.692187 0.088501 0.129688 0.162451
0 0.167969 0.621094 0.185938 0.292188
0 0.0188965 0.383594 0.037793 0.377344
0 0.0323242 0.897656 0.0646484 0.204688
0 0.294336 0.350586 0.588672 0.322266
0 0.148657 0.636719 0.148779 0.240625
0 0.528125 0.782031 0.117188 0.140625
0 0.0271484 0.867969 0.0542969 0.264062
0 0.664844 0.0566406 0.123438 0.0919922
0 0.0142822 0.610938 0.0285645 0.778125
0 0.711719 0.409375 0.576563 0.81875
0 0.0234375 0.820312 0.046875 0.359375
0 0.13584 0.667969 0.270898 0.2125
0 0.0210938 0.90625 0.0421875 0.1875
0 0.0358154 0.927344 0.0716309 0.145313
0 0.167017 0.690625 0.190967 0.1875
0 0.507812 0.779688 0.15625 0.153125
0 0.103418 0.631641 0.179883 0.2125
0 0.41875 0.594141 0.8375 0.717969
0 0.653906 0.482031 0.05 0.06875
0 0.216211 0.925 0.157422 0.15
0 0.657813 0.0412964 0.115625 0.0633057
0 0.0539063 0.914062 0.107813 0.171875
0 0.132422 0.466406 0.264844 0.375781
0 0.536719 0.176563 0.2625 0.353125
0 0.0928711 0.630469 0.185742 0.240625
0 0.0666504 0.404687 0.133301 0.334375
0 0.039502 0.946094 0.0790039 0.107813
0 0.239844 0.926562 0.121094 0.146875
0 0.530078 0.725781 0.107813 0.190625
0 0.021875 0.785547 0.04375 0.428906
0 0.409375 0.443359 0.81875 0.886719
0 0.606641 0.133398 0.297656 0.250391
0 0.619922 0.194873 0.255469 0.375879
0 0.090332 0.811914 0.180664 0.376172
0 0.0380371 0.301123 0.0760742 0.259473
0 0.656641 0.479688 0.0609375 0.0828125
0 0.185547 0.653516 0.221094 0.249219
0 0.449609 0.104688 0.610156 0.209375
0 0.618066 0.381641 0.763867 0.739844
0 0.0976562 0.465625 0.195312 0.35
0 0.528516 0.686719 0.117969 0.278125
0 0.728125 0.0707031 0.214062 0.136133
0 0.4875 0.681641 0.178125 0.289844
0 0.0998047 0.583594 0.177344 0.160938
0 0.0344238 0.733984 0.0688477 0.471094
0 0.555469 0.760156 0.128906 0.1625
0 0.0600586 0.958594 0.120117 0.0828125
0 0.275391 0.960938 0.104688 0.078125
0 0.0157227 0.671875 0.0314453 0.378125
0 0.240234 0.335938 0.0632813 0.0609375
0 0.302344 0.378125 0.205469 0.167969
0 0.710156 0.0793945 0.05625 0.096875
0 0.667578 0.491406 0.0523438 0.05625
0 0.198828 0.954297 0.191016 0.0914062
0 0.336719 0.200781 0.673438 0.390625
0 0.0628906 0.9375 0.125781 0.125
0 0.353125 0.587891 0.70625 0.549219
0 0.457031 0.378809 0.628125 0.74082
0 0.489844 0.583984 0.532031 0.539844
0 0.355469 0.478125 0.710938 0.617188
0 0.559375 0.312109 0.471875 0.622656
0 0.541504 0.360498 0.487305 0.391504
0 0.373437 0.434375 0.746875 0.44375
0 0.579785 0.383594 0.416992 0.314063
0 0.396875 0.426953 0.79375 0.833594
0 0.657813 0.0667969 0.146875 0.126563
0 0.567969 0.554004 0.465625 0.591992
0 0.708594 0.0721191 0.0515625 0.110449
0 0.504297 0.438184 0.563281 0.375195
0 0.183789 0.835156 0.245312 0.329688
0 0.491406 0.273438 0.53125 0.539844
0 0.367578 0.459473 0.73125 0.298242
0 0.0592773 0.310742 0.118555 0.256641
0 0.131445 0.273828 0.257031 0.205469
0 0.896094 0.578906 0.0421875 0.0484375
0 0.276172 0.464844 0.552344 0.560938
0 0.438184 0.474609 0.693945 0.364063
0 0.605469 0.180518 0.267188 0.350684
0 0.435254 0.152344 0.60918 0.295312
0 0.690625 0.0739258 0.0953125 0.119336
0 0.553906 0.145215 0.361719 0.279883
0 0.37793 0.169922 0.755859 0.339844
0 0.0538574 0.364063 0.107715 0.378906
0 0.19917 0.728125 0.135254 0.0828125
0 0.651172 0.316016 0.422656 0.632031
0 0.386133 0.266797 0.772266 0.459375
0 0.354297 0.330078 0.708594 0.333594
0 0.0495117 0.290234 0.0990234 0.246094
0 0.712891 0.0810791 0.034375 0.0960449
0 0.149902 0.31543 0.294727 0.266016
0 0.119238 0.597656 0.0798828 0.0664062
0 0.625781 0.0655273 0.220313 0.128125
0 0.122852 0.587109 0.120703 0.0929688
0 0.101562 0.611328 0.0439453 0.046875
0 0.186133 0.721484 0.105859 0.0648438
0 0.326562 0.623535 0.549219 0.67793
0 0.467187 0.595703 0.284375 0.499219
0 0.151855 0.453516 0.303711 0.552344
0 0.0335449 0.225781 0.0573242 0.0835937
0 0.14668 0.470703 0.293359 0.355469
0 0.0685547 0.29082 0.137109 0.221484
0 0.696875 0.0834229 0.0710938 0.131982
0 0.160254 0.228125 0.320508 0.453125
0 0.713281 0.105469 0.034375 0.0523438
0 0.126172 0.588281 0.0871094 0.0835937
0 0.426563 0.310742 0.853125 0.621484
0 0.111133 0.451172 0.222266 0.407813
0 0.144531 0.254883 0.281641 0.324609
0 0.102344 0.290234 0.204688 0.221875
0 0.0352051 0.237891 0.0704102 0.120313
0 0.203564 0.8 0.276465 0.38125
0 0.705469 0.0980225 0.046875 0.0734863
0 0.195264 0.343555 0.386035 0.337109
0 0.680859 0.0885742 0.1125 0.145117
0 0.0950195 0.610156 0.0525391 0.0546875
0 0.250732 0.56875 0.342285 0.221875
0 0.432813 0.208789 0.865625 0.396484
0 0.65 0.192578 0.226562 0.374219
0 0.0626953 0.347656 0.125391 0.138281
0 0.654688 0.482031 0.0484375 0.0640625
0 0.0999023 0.609766 0.0603516 0.0695313
0 0.171387 0.714844 0.0755859 0.0507812
0 0.106616 0.602344 0.0664551 0.0578125
0 0.708984 0.10166 0.0585938 0.0898438
0 0.208203 0.73125 0.177344 0.1
0 0.664844 0.491406 0.025 0.0546875
0 0.230859 0.594531 0.296875 0.2875
0 0.902344 0.576172 0.046875 0.0625
0 0.658594 0.600098 0.498437 0.499805
0 0.037793 0.273438 0.0755859 0.334375
0 0.260938 0.217578 0.504687 0.419531
0 0.127344 0.560547 0.117188 0.153906
0 0.0901367 0.609766 0.0730469 0.0859375
0 0.661719 0.483594 0.034375 0.065625
0 0.884375 0.726562 0.0390625 0.0421875
0 0.0821289 0.614844 0.0958984 0.115625
0 0.727734 0.317969 0.544531 0.628125
0 0.065918 0.49209 0.131836 0.420508
0 0.126367 0.591797 0.1 0.125
0 0.716797 0.0948975 0.040625 0.0711426
0 0.0566406 0.321484 0.113281 0.164062
0 0.7 0.103906 0.0710938 0.0986328
0 0.197656 0.736719 0.148438 0.125
0 0.475781 0.103613 0.498437 0.204492
0 0.0720215 0.605469 0.116895 0.138281
0 0.685547 0.111816 0.0953125 0.116016
0 0.0904297 0.572656 0.180859 0.151562
0 0.218311 0.727734 0.282129 0.519531
0 0.104688 0.563281 0.139844 0.141406
0 0.0472656 0.270508 0.0945313 0.188672
0 0.0558594 0.69375 0.111719 0.428125
0 0.208594 0.441406 0.417188 0.534375
0 0.276172 0.910937 0.065625 0.15625
0 0.525781 0.761328 0.0984375 0.178906
0 0.282422 0.914062 0.046875 0.14375
0 0.0678711 0.386816 0.135742 0.413867
0 0.890625 0.583203 0.0625 0.0789063
0 0.113281 0.611719 0.0738281 0.090625
0 0.251367 0.664941 0.355859 0.649805
0 0.0817383 0.338086 0.0554687 0.0632813
0 0.0873047 0.534375 0.174609 0.204688
0 0.115039 0.609375 0.0613281 0.05625
0 0.131836 0.204688 0.248828 0.409375
0 0.65625 0.481641 0.053125 0.0890625
0 0.154102 0.724219 0.0726563 0.075
0 0.0401367 0.232227 0.0802734 0.464453
0 0.150195 0.829492 0.182422 0.341016
0 0.238672 0.923438 0.120313 0.146875
0 0.0262207 0.224609 0.0436523 0.071875
0 0.0326416 0.244482 0.0652832 0.168066
0 0.0601563 0.219141 0.120313 0.417188
0 0.662891 0.121289 0.150781 0.240234
0 0.286328 0.907813 0.0382813 0.1125
0 0.389941 0.10625 0.701367 0.209375
0 0.0564941 0.623438 0.112988 0.365625
0 0.0737305 0.582031 0.147461 0.195312
0 0.174951 0.739844 0.16416 0.14375
0 0.867969 0.585156 0.132812 0.142969
0 0.0708008 0.580469 0.141602 0.839063
0 0.716797 0.105493 0.04375 0.0706543
0 0.0974609 0.617578 0.194922 0.238281
0 0.385938 0.4625 0.339844 0.271094
0 0.121777 0.342383 0.243555 0.331641
0 0.662891 0.374023 0.296094 0.291016
0 0.155957 0.717188 0.0458984 0.0546875
0 0.0786133 0.311914 0.157227 0.330859
0 0.79375 0.340234 0.025 0.0367188
0 0.559375 0.103027 0.35 0.202539
0 0.577344 0.0816162 0.309375 0.160205
0 0.9 0.589453 0.059375 0.0929688
0 0.18457 0.834375 0.330078 0.303125
0 0.0570801 0.428516 0.11416 0.447656
0 0.100977 0.541797 0.201953 0.772656
0 0.0421875 0.732031 0.084375 0.510938
0 0.35293 0.71875 0.567578 0.540625
0 0.0733521 0.342187 0.0997803 0.101562
0 0.468359 0.351953 0.290625 0.321094
0 0.211768 0.749219 0.155371 0.123438
0 0.653906 0.505566 0.4625 0.407617
0 0.089624 0.596875 0.0840332 0.08125
0 0.218799 0.640625 0.278809 0.323438
0 0.111523 0.836328 0.212109 0.327344
0 0.140234 0.59375 0.130078 0.148438
0 0.65 0.471875 0.065625 0.107813
0 0.0738281 0.360547 0.147656 0.142969
0 0.188232 0.7625 0.250879 0.179688
0 0.154785 0.736719 0.186133 0.171875
0 0.0676758 0.307813 0.0650391 0.135937
0 0.251758 0.954688 0.143359 0.090625
0 0.135742 0.601953 0.172266 0.205469
0 0.168164 0.723047 0.0984375 0.0851563
0 0.134766 0.733203 0.0835937 0.0929688
0 0.510938 0.81875 0.059375 0.075
0 0.696094 0.0690918 0.123438 0.136621
0 0.664844 0.191992 0.153125 0.379297
0 0.541406 0.311914 0.13125 0.115234
0 0.0541016 0.549121 0.108203 0.456445
0 0.494922 0.815625 0.105469 0.0890625
0 0.118164 0.600781 0.0851563 0.0890625
0 0.0727539 0.633984 0.145508 0.283594
0 0.0993164 0.376953 0.198633 0.376563
0 0.242969 0.975781 0.0800781 0.0484375
0 0.011731 0.579688 0.0234619 0.840625
0 0.585156 0.595996 0.371875 0.489258
0 0.0705566 0.338867 0.0645508 0.0785156
0 0.558594 0.316406 0.071875 0.0640625
0 0.670703 0.490234 0.053125 0.078125
0 0.760938 0.193799 0.478125 0.35459
0 0.88125 0.721094 0.046875 0.0617188
0 0.174023 0.559375 0.19375 0.2375
0 0.428223 0.180518 0.293555 0.356934
0 0.268164 0.960938 0.0664062 0.078125
0 0.607031 0.119043 0.25625 0.237695
0 0.501563 0.739453 0.146094 0.217969
0 0.100391 0.621094 0.0914062 0.114063
0 0.534375 0.732813 0.08125 0.15625
0 0.11377 0.6125 0.0949219 0.11875
0 0.0742676 0.330469 0.0368164 0.0476562
0 0.607813 0.0404785 0.0515625 0.0634766
0 0.155371 0.774219 0.188086 0.19375
0 0.192188 0.590234 0.228906 0.353906
0 0.0171387 0.236719 0.0342773 0.473438
0 0.259766 0.977344 0.0308594 0.0453125
0 0.020166 0.245312 0.040332 0.378125
0 0.696094 0.180469 0.29375 0.346484
0 0.178418 0.578516 0.356836 0.788281
0 0.231836 0.337109 0.0761719 0.0632813
0 0.0740234 0.627734 0.118164 0.132031
0 0.499219 0.835938 0.0859375 0.059375
0 0.548828 0.323633 0.107031 0.110547
0 0.258398 0.930469 0.110156 0.139063
0 0.25918 0.973437 0.0394531 0.053125
0 0.446875 0.969531 0.196094 0.0609375
0 0.240283 0.966016 0.134277 0.0679687
0 0.646875 0.0998291 0.172656 0.196436
0 0.147559 0.725781 0.0535156 0.0648438
0 0.366406 0.546973 0.732813 0.701367
0 0.492285 0.407422 0.751367 0.814844
0 0.439063 0.602734 0.857813 0.586719
0 0.539746 0.544141 0.576758 0.677344
0 0.388965 0.605469 0.573633 0.56875
0 0.588184 0.414844 0.492383 0.821875
0 0.708594 0.404297 0.582812 0.800781
0 0.401563 0.403125 0.803125 0.80625
0 0.300586 0.58125 0.601172 0.6
0 0.482129 0.597656 0.537305 0.570312
0 0.374609 0.307031 0.749219 0.614062
0 0.0550293 0.299951 0.110059 0.25166
0 0.7125 0.0738281 0.0578125 0.116406
0 0.460156 0.529688 0.914062 0.825
0 0.0459473 0.322656 0.0918945 0.357812
0 0.663672 0.0676758 0.142188 0.12832
0 0.333203 0.428906 0.666406 0.785937
0 0.121289 0.292969 0.242578 0.209375
0 0.0737305 0.295508 0.147461 0.217578
0 0.57041 0.479688 0.779492 0.946875
0 0.505371 0.350586 0.53457 0.701172
0 0.425781 0.279297 0.834375 0.558594
0 0.0406738 0.22793 0.0592773 0.0847656
0 0.321094 0.767188 0.642188 0.43125
0 0.445312 0.249023 0.704688 0.498047
0 0.578906 0.348828 0.364063 0.697656
0 0.478027 0.612109 0.35332 0.542969
0 0.0607422 0.357031 0.121484 0.147656
0 0.717969 0.0749023 0.0421875 0.104492
0 0.0363403 0.240283 0.070874 0.134277
0 0.449902 0.201953 0.618945 0.395313
0 0.0886719 0.447656 0.177344 0.410938
0 0.0505859 0.385059 0.101172 0.450195
0 0.896875 0.571875 0.05 0.0671875
0 0.700391 0.561816 0.541406 0.591992
0 0.567969 0.183789 0.34375 0.354297
0 0.352539 0.717188 0.705078 0.55
0 0.090332 0.314648 0.180664 0.186328
0 0.1875 0.498437 0.375 0.645312
0 0.0567383 0.337891 0.113477 0.105469
0 0.642188 0.348242 0.292188 0.696484
0 0.216064 0.63125 0.314746 0.315625
0 0.0421875 0.246484 0.084375 0.464063
0 0.306055 0.329492 0.612109 0.658984
0 0.0982422 0.501465 0.196484 0.664258
0 0.157031 0.277393 0.314063 0.206152
0 0.539062 0.123242 0.403906 0.235547
0 0.0484863 0.283789 0.0969727 0.191797
0 0.0333496 0.232813 0.0666992 0.171875
0 0.6875 0.0760742 0.0921875 0.127148
0 0.116016 0.325391 0.232031 0.213281
0 0.0623047 0.477734 0.124609 0.447656
0 0.0454102 0.315234 0.0908203 0.160938
0 0.707812 0.0707031 0.096875 0.133984
0 0.113672 0.591016 0.124219 0.0859375
0 0.125879 0.342383 0.251758 0.437891
0 0.964063 0.445996 0.071875 0.143945
0 0.0801758 0.356641 0.160352 0.172656
0 0.0604492 0.288281 0.120898 0.478125
0 0.61875 0.0327637 0.0640625 0.0620117
0 0.0334961 0.226172 0.059375 0.096875
0 0.421875 0.182031 0.84375 0.360938
0 0.11875 0.242773 0.2375 0.469141
0 0.11543 0.598437 0.0777344 0.0710938
0 0.0383301 0.243164 0.0661133 0.0871094
0 0.341406 0.843555 0.682813 0.272266
0 0.0631836 0.360156 0.126367 0.421875
0 0.714844 0.0813477 0.0328125 0.10293
0 0.946875 0.457715 0.10625 0.31582
0 0.0935791 0.608594 0.0616699 0.0703125
0 0.366016 0.124805 0.732031 0.243359
0 0.13623 0.467187 0.272461 0.360938
0 0.11748 0.473047 0.234961 0.564063
0 0.0490234 0.529004 0.0980469 0.51543
0 0.697656 0.0869141 0.0671875 0.132227
0 0.579688 0.605371 0.423438 0.54082
0 0.625 0.027002 0.0476562 0.0472656
0 0.716406 0.101562 0.0351562 0.0746094
0 0.410547 0.1375 0.691406 0.275
0 0.787305 0.920313 0.425391 0.1375
0 0.104297 0.600391 0.0640625 0.0664062
0 0.0947266 0.6125 0.0734375 0.084375
0 0.0501099 0.330078 0.0991943 0.08125
0 0.167969 0.613281 0.198828 0.364063
0 0.0461914 0.350391 0.0923828 0.134375
0 0.0198242 0.485938 0.0396484 0.6875
0 0.0395508 0.273047 0.0791016 0.159375
0 0.996094 0.9125 0.0078125 0.175
0 0.613672 0.0410645 0.0609375 0.0782227
0 0.935156 0.480078 0.129688 0.258594
0 0.10459 0.642188 0.20918 0.298438
0 0.0790039 0.616406 0.0927734 0.104688
0 0.0356201 0.220313 0.0712402 0.440625
0 0.0736816 0.603906 0.112793 0.109375
0 0.0619141 0.513281 0.123828 0.607813
0 0.655469 0.48125 0.0484375 0.075
0 0.706641 0.0951172 0.05 0.0953125
0 0.200049 0.732031 0.160059 0.1125
0 0.196289 0.728125 0.127344 0.084375
0 0.314063 0.89375 0.628125 0.18125
0 0.758594 0.767188 0.090625 0.117188
0 0.720313 0.0948242 0.0390625 0.0814453
0 0.0358643 0.28418 0.0717285 0.352734
0 0.0892334 0.597656 0.0762207 0.0796875
0 0.0643066 0.301367 0.0692383 0.132812
0 0.0383301 0.310547 0.0766602 0.198437
0 0.0632813 0.627344 0.118945 0.151562
0 0.601562 0.0375488 0.127344 0.0725586
0 0.13291 0.617578 0.229102 0.349219
0 0.469434 0.113672 0.558008 0.227344
0 0.614844 0.0657227 0.246875 0.130664
0 0.129102 0.664844 0.258203 0.248438
0 0.751172 0.296289 0.497656 0.583203
0 0.0250488 0.245898 0.0500977 0.226172
0 0.901563 0.604688 0.0625 0.121875
0 0.676562 0.0830078 0.120313 0.148828
0 0.951563 0.00219727 0.096875 0.00439453
0 0.717188 0.108105 0.053125 0.116602
0 0.663672 0.196875 0.152344 0.39375
0 0.461328 0.683984 0.374219 0.400781
0 0.0568359 0.680859 0.113672 0.441406
0 0.0436523 0.167969 0.0873047 0.335938
0 0.70625 0.450781 0.478125 0.901563
0 0.102832 0.603125 0.0443359 0.0640625
0 0.676562 0.924219 0.646875 0.125
0 0.020459 0.380859 0.040918 0.104688
0 0.184961 0.715234 0.0996094 0.0578125
0 0.560547 0.934375 0.702344 0.109375
0 0.934375 0.00155029 0.13125 0.00310059
0 0.0305664 0.484375 0.0611328 0.451562
0 0.892969 0.578906 0.046875 0.0609375
0 0.317578 0.572559 0.635156 0.558008
0 0.654688 0.0742188 0.159375 0.146875
0 0.684375 0.0733887 0.1125 0.141309
0 0.708203 0.0816406 0.0703125 0.129492
0 0.514063 0.404687 0.590625 0.809375
0 0.110742 0.504297 0.221484 0.639844
0 0.614453 0.403906 0.391406 0.807813
0 0.419434 0.589453 0.511133 0.599219
0 0.465234 0.408203 0.894531 0.816406
0 0.215625 0.507422 0.43125 0.639844
0 0.384375 0.352344 0.76875 0.704688
0 0.417578 0.625098 0.835156 0.62793
0 0.382422 0.525098 0.764844 0.643555
0 0.721875 0.417969 0.542188 0.835938
0 0.0649414 0.498437 0.129883 0.646875
0 0.333203 0.416406 0.666406 0.703125
0 0.426953 0.287891 0.802344 0.575781
0 0.0805664 0.451562 0.161133 0.408594
0 0.70625 0.0746094 0.101562 0.144141
0 0.422559 0.132617 0.754883 0.258984
0 0.500781 0.564453 0.359375 0.658594
0 0.0380859 0.250391 0.0761719 0.13125
0 0.574219 0.0935547 0.34375 0.174609
0 0.696875 0.0863281 0.0820312 0.132422
0 0.685938 0.348438 0.196875 0.696875
0 0.689844 0.112988 0.0765625 0.0833984
0 0.0645996 0.398535 0.129199 0.418555
0 0.177686 0.634375 0.223535 0.359375
0 0.610547 0.347266 0.301563 0.694531
0 0.064502 0.478516 0.129004 0.453125
0 0.660156 0.0466797 0.159375 0.0933594
0 0.139063 0.301953 0.278125 0.225
0 0.642188 0.0570801 0.188281 0.11416
0 0.490527 0.528125 0.68457 0.854688
0 0.6625 0.180273 0.153125 0.360547
0 0.702734 0.111719 0.0453125 0.0640625
0 0.639844 0.223047 0.21875 0.439063
0 0.678125 0.0208496 0.132812 0.0416992
0 0.656641 0.482812 0.0460938 0.0671875
0 0.0461914 0.499609 0.0923828 0.503906
0 0.0799805 0.575391 0.159961 0.786719
0 0.128418 0.607031 0.256836 0.785937
0 0.600391 0.0695313 0.261719 0.139063
0 0.59375 0.275 0.307031 0.535937
0 0.577344 0.200391 0.332813 0.392969
0 0.112695 0.369727 0.225391 0.491797
0 0.681641 0.106079 0.0890625 0.111279
0 0.0800293 0.310547 0.160059 0.244531
0 0.578516 0.567578 0.283594 0.649219
0 0.160938 0.279883 0.321875 0.205078
0 0.0429688 0.333594 0.0859375 0.298438
0 0.0351562 0.406348 0.0703125 0.420117
0 0.670313 0.0850586 0.114844 0.155859
0 0.623047 0.0343506 0.20625 0.0687012
0 0.687891 0.172461 0.135156 0.344922
0 0.711719 0.101978 0.0421875 0.0694824
0 0.307422 0.705859 0.614844 0.585156
0 0.711719 0.110352 0.0335938 0.0521484
0 0.0642578 0.332031 0.128516 0.290625
0 0.180176 0.614453 0.360352 0.771094
0 0.366406 0.11123 0.732813 0.214258
0 0.605078 0.578906 0.471094 0.6375
0 0.701953 0.096582 0.0585938 0.0923828
0 0.51875 0.685156 0.253125 0.3875
0 0.031958 0.260938 0.063916 0.153125
0 0.0416992 0.219922 0.0833984 0.439844
0 0.500098 0.765625 0.276367 0.239063
0 0.304688 0.304102 0.609375 0.583203
0 0.13125 0.640625 0.2625 0.307813
0 0.110059 0.594531 0.136914 0.084375
0 0.667578 0.354492 0.336719 0.708984
0 0.504687 0.4875 0.467187 0.928125
0 0.663281 0.483594 0.0296875 0.0664062
0 0.538281 0.687891 0.176563 0.386719
0 0.0188477 0.495703 0.0376953 0.484375
0 0.588281 0.0074707 0.190625 0.0149414
0 0.647656 0.486719 0.0609375 0.0789063
0 0.0645508 0.287305 0.129102 0.523828
0 0.110254 0.667969 0.220508 0.26875
0 0.617188 0.0943115 0.234375 0.185205
0 0.942969 0.00554199 0.114063 0.011084
0 0.0470703 0.291016 0.0941406 0.175
0 0.0719727 0.607031 0.143945 0.164062
0 0.699609 0.0065918 0.144531 0.0131836
0 0.696875 0.097876 0.128125 0.192529
0 0.0349121 0.269141 0.0698242 0.153125
0 0.334375 0.589844 0.610938 0.520312
0 0.296289 0.478809 0.580078 0.64082
0 0.646875 0.0750977 0.16875 0.145508
0 0.621094 0.352734 0.401563 0.705469
0 0.511816 0.55166 0.632617 0.637305
0 0.483203 0.564063 0.449219 0.620313
0 0.521484 0.690625 0.211719 0.33125
0 0.136133 0.278906 0.272266 0.203125
0 0.338281 0.389062 0.676562 0.727344
0 0.289844 0.60625 0.536719 0.354688
0 0.496777 0.582812 0.331445 0.565625
0 0.703906 0.0775635 0.0640625 0.134326
0 0.908203 0.902344 0.183594 0.195312
0 0.719922 0.624316 0.546094 0.751367
0 0.613184 0.611719 0.479883 0.723437
0 0.564844 0.444531 0.534375 0.59375
0 0.397754 0.317969 0.788867 0.617969
0 0.517578 0.75 0.223438 0.23125
0 0.505078 0.373047 0.605469 0.746094
0 0.496094 0.724219 0.267188 0.284375
0 0.866406 0.900781 0.267188 0.198437
0 0.22207 0.620313 0.318359 0.296875
0 0.375 0.528027 0.720313 0.55957
0 0.563672 0.574121 0.384375 0.581445
0 0.975781 0.709375 0.0484375 0.1125
0 0.80957 0.601562 0.0902344 0.123438
0 0.322656 0.696094 0.592188 0.607813
0 0.726562 0.433594 0.546875 0.8625
0 0.0855469 0.272461 0.171094 0.179297
0 0.0327148 0.261133 0.0638672 0.136328
0 0.742188 0.434375 0.34375 0.8625
0 0.80625 0.674219 0.3875 0.651563
0 0.0408203 0.287891 0.0816406 0.214844
0 0.680859 0.0765381 0.1 0.141455
0 0.470313 0.256445 0.776563 0.485547
0 0.0578125 0.269336 0.115625 0.174609
0 0.302539 0.174609 0.0457031 0.0941406
0 0.244922 0.720313 0.439844 0.559375
0 0.224023 0.319141 0.0902344 0.0984375
0 0.0290161 0.24043 0.0550537 0.109766
0 0.310547 0.281836 0.621094 0.547266
0 0.481934 0.480859 0.750195 0.477344
0 0.170117 0.625781 0.229687 0.292188
0 0.0418945 0.26875 0.0837891 0.15
0 0.7 0.34375 0.254688 0.6875
0 0.79707 0.581641 0.0558594 0.0765625
0 0.0664062 0.291016 0.132812 0.224219
0 0.244141 0.531641 0.435156 0.499219
0 0.722656 0.505469 0.24375 0.223438
0 0.65 0.483203 0.0578125 0.075
0 0.65 0.130078 0.164844 0.259766
0 0.657813 0.379688 0.328125 0.279687
0 0.614844 0.0926758 0.41875 0.17168
0 0.861719 0.744531 0.276563 0.510938
0 0.569434 0.305078 0.51582 0.598437
0 0.791406 0.571875 0.0578125 0.0796875
0 0.196533 0.732031 0.133496 0.125
0 0.193359 0.714063 0.108594 0.0796875
0 0.65 0.030249 0.170313 0.060498
0 0.60625 0.0827881 0.251563 0.16333
0 0.548047 0.388184 0.308594 0.262695
0 0.0361328 0.233545 0.0722656 0.12666
0 0.595703 0.375781 0.344531 0.264062
0 0.235938 0.319531 0.0960938 0.110937
0 0.578125 0.0689453 0.30625 0.137891
0 0.653125 0.481641 0.0890625 0.08125
0 0.636719 0.054834 0.196875 0.109668
0 0.202295 0.724219 0.110254 0.0984375
0 0.424121 0.241016 0.126758 0.125781
0 0.547656 0.746875 0.176563 0.2125
0 0.46416 0.701172 0.25293 0.322656
0 0.689063 0.0797119 0.175 0.151123
0 0.619922 0.205127 0.411719 0.387402
0 0.517969 0.553906 0.0773438 0.128125
0 0.501563 0.628906 0.270313 0.467187
0 0.6625 0.243555 0.325 0.474609
0 0.524609 0.576953 0.0664062 0.0976562
0 0.143164 0.363086 0.286328 0.353516
0 0.560156 0.292969 0.0796875 0.114063
0 0.177148 0.266797 0.354297 0.199219
0 0.0578613 0.235352 0.115723 0.325391
0 0.717969 0.516797 0.328125 0.525781
0 0.140527 0.636719 0.208398 0.244531
0 0.539062 0.318359 0.121875 0.114063
0 0.7125 0.45791 0.246875 0.279492
0 0.204346 0.841016 0.236621 0.317969
0 0.541016 0.297852 0.130469 0.0996094
0 0.309766 0.171484 0.0542969 0.108984
0 0.663672 0.00958252 0.155469 0.019165
0 0.558984 0.302734 0.0695313 0.084375
0 0.0876953 0.457422 0.175391 0.353906
0 0.210107 0.736328 0.0852539 0.111719
0 0.360547 0.397656 0.1125 0.153125
0 0.435937 0.262305 0.15 0.101953
0 0.128223 0.461328 0.256445 0.342969
0 0.474219 0.250391 0.105469 0.124609
0 0.23125 0.527344 0.453125 0.160938
0 0.792969 0.338281 0.0328125 0.0460938
0 0.425684 0.260742 0.11582 0.0902344
0 0.532813 0.554688 0.271875 0.348438
0 0.653125 0.466797 0.0875 0.114844
0 0.639063 0.464063 0.0875 0.123438
0 0.372266 0.423438 0.353906 0.208594
0 0.741406 0.536719 0.226562 0.273438
0 0.40625 0.244141 0.0609375 0.084375
0 0.0788086 0.346484 0.157617 0.271094
0 0.717188 0.337695 0.375 0.675391
0 0.253906 0.326172 0.142188 0.107031
0 0.228906 0.325391 0.0710938 0.0808594
0 0.619141 0.0399414 0.222656 0.0798828
0 0.508203 0.55 0.107813 0.134375
0 0.228906 0.555469 0.382031 0.203125
0 0.472266 0.547559 0.203125 0.400195
0 0.4375 0.118164 0.715625 0.219531
0 0.217188 0.736328 0.184766 0.132031
0 0.478125 0.270703 0.0828125 0.0679687
0 0.532813 0.6875 0.0984375 0.0765625
0 0.932422 0.949609 0.135156 0.100781
0 0.106616 0.619141 0.176611 0.177344
0 0.303516 0.185156 0.0546875 0.107813
0 0.540625 0.682813 0.0765625 0.0671875
0 0.183643 0.730859 0.326465 0.538281
0 0.660937 0.525391 0.4 0.621094
0 0.116016 0.303516 0.232031 0.233594
0 0.0532227 0.306641 0.106445 0.275781
0 0.5375 0.0969727 0.510938 0.178711
0 0.474219 0.276172 0.10625 0.090625
0 0.448438 0.362109 0.328906 0.272656
0 0.646484 0.133691 0.475781 0.239258
0 0.237891 0.440625 0.475781 0.5375
0 0.558984 0.309375 0.0632813 0.0648438
0 0.555859 0.728125 0.096875 0.176563
0 0.170142 0.688281 0.19917 0.217188
0 0.239453 0.724609 0.25 0.158594
0 0.190234 0.310937 0.380469 0.273438
0 0.210547 0.37168 0.421094 0.376172
0 0.323877 0.410547 0.389746 0.213281
0 0.661719 0.492578 0.03125 0.059375
0 0.657031 0.179883 0.182031 0.359766
0 0.098999 0.342187 0.133252 0.1
0 0.735156 0.398047 0.529688 0.796094
0 0.403516 0.251953 0.0460938 0.065625
0 0.221484 0.747266 0.0765625 0.122656
0 0.464453 0.261133 0.0898438 0.0816406
0 0.682031 0.194971 0.28125 0.36709
0 0.174414 0.377344 0.233594 0.207031
0 0.581641 0.292969 0.121094 0.124219
0 0.339648 0.628906 0.220703 0.340625
0 0.913672 0.813867 0.172656 0.372266
0 0.603906 0.129883 0.254688 0.258203
0 0.408203 0.260938 0.075 0.0773438
0 0.170508 0.700781 0.169141 0.1625
0 0.154492 0.428906 0.285547 0.307813
0 0.285156 0.372656 0.570312 0.417188
0 0.529688 0.410059 0.296875 0.20332
0 0.111426 0.65 0.220117 0.229687
0 0.0586426 0.241406 0.117285 0.150391
0 0.699609 0.148047 0.246094 0.289844
0 0.498437 0.375391 0.216406 0.265625
0 0.429004 0.421191 0.274805 0.212305
0 0.516406 0.613281 0.08125 0.167187
0 0.174951 0.746094 0.167285 0.14375
0 0.175781 0.548438 0.276953 0.189063
0 0.249609 0.339844 0.125 0.0773438
0 0.439941 0.296484 0.30293 0.171094
0 0.102344 0.574219 0.124219 0.134375
0 0.692187 0.00325928 0.157813 0.00651855
0 0.778125 0.569922 0.071875 0.0867188
0 0.0333252 0.258154 0.0666504 0.224316
0 0.548828 0.583203 0.259375 0.561719
0 0.528516 0.561719 0.0515625 0.10625
0 0.159766 0.410059 0.319531 0.45332
0 0.669531 0.4625 0.125 0.125
0 0.549219 0.678906 0.0484375 0.053125
0 0.446094 0.436816 0.120313 0.135742
0 0.47041 0.603906 0.218555 0.254688
0 0.547656 0.717188 0.0765625 0.154688
0 0.695312 0.346484 0.0546875 0.0695313
0 0.521875 0.676562 0.120313 0.121875
0 0.472656 0.438965 0.132812 0.136133
0 0.308203 0.257422 0.296094 0.255469
0 0.190039 0.660156 0.247656 0.275
0 0.589844 0.00932617 0.210938 0.0186523
0 0.111499 0.594531 0.159033 0.161719
0 0.123047 0.596875 0.0757812 0.0859375
0 0.184717 0.705859 0.0969727 0.0742188
0 0.0645508 0.191406 0.129102 0.382812
0 0.180664 0.721094 0.1125 0.0921875
0 0.195312 0.00146484 0.150781 0.00292969
0 0.734766 0.0962891 0.483594 0.175391
0 0.0827148 0.3375 0.0902344 0.08125
0 0.958594 0.903906 0.0828125 0.192188
0 0.410254 0.15459 0.274805 0.292383
0 0.706641 0.463281 0.139844 0.129688
0 0.146777 0.243359 0.293555 0.210938
0 0.630078 0.190625 0.308594 0.36875
0 0.573438 0.570703 0.207813 0.377344
0 0.576563 0.166309 0.303125 0.32832
0 0.537891 0.79375 0.194531 0.153125
0 0.944531 0.00168457 0.110937 0.00336914
0 0.260498 0.370313 0.179004 0.185938
0 0.183789 0.700781 0.0976562 0.10625
0 0.464063 0.3375 0.2625 0.215625
0 0.577734 0.751563 0.119531 0.20625
0 0.416406 0.232861 0.1 0.12334
0 0.242773 0.700781 0.312891 0.203125
0 0.286914 0.829492 0.197266 0.341016
0 0.622656 0.404297 0.353125 0.236719
0 0.0771973 0.25542 0.154395 0.221191
0 0.739062 0.248438 0.521875 0.496875
0 0.158203 0.00146484 0.153516 0.00292969
0 0.128125 0.261523 0.25625 0.291016
0 0.729688 0.229883 0.198437 0.337109
0 0.525 0.305469 0.140625 0.116406
0 0.286719 0.632422 0.359375 0.305469
0 0.514063 0.290625 0.1375 0.124219
0 0.795508 0.337891 0.0464844 0.0671875
0 0.510938 0.160352 0.309375 0.320703
0 0.446875 0.745313 0.229687 0.245312
0 0.847852 0.861719 0.304297 0.229687
0 0.470313 0.299219 0.115625 0.141406
0 0.244922 0.844531 0.204688 0.310937
0 0.0778809 0.183008 0.155762 0.303125
0 0.190234 0.961328 0.198828 0.0773438
0 0.641016 0.457031 0.111719 0.139063
0 0.632812 0.240625 0.35 0.278125
0 0.682031 0.483594 0.14375 0.084375
0 0.788281 0.33457 0.0390625 0.0488281
0 0.657031 0.485156 0.0390625 0.0734375
0 0.414453 0.729688 0.302344 0.271875
0 0.276514 0.739062 0.329785 0.146875
0 0.266797 0.42666 0.363281 0.26543
0 0.125684 0.585938 0.124805 0.109375
0 0.202344 0.946094 0.222656 0.107813
0 0.334375 0.532422 0.66875 0.638281
0 0.134961 0.290234 0.269922 0.222656
0 0.39209 0.405078 0.75332 0.797656
0 0.420703 0.562891 0.499219 0.632031
0 0.338867 0.623047 0.624609 0.541406
0 0.53125 0.360547 0.570312 0.710938
0 0.344922 0.312109 0.689844 0.621875
0 0.652734 0.0678711 0.166406 0.133984
0 0.192773 0.744531 0.171094 0.140625
0 0.700391 0.0674805 0.075 0.131055
0 0.482715 0.712891 0.275195 0.316406
0 0.590234 0.0649414 0.292188 0.129883
0 0.513672 0.547656 0.458594 0.645312
0 0.470996 0.464941 0.68457 0.795117
0 0.315625 0.421094 0.63125 0.527344
0 0.575684 0.294531 0.495508 0.496094
0 0.466797 0.291797 0.760156 0.583594
0 0.596875 0.158887 0.276563 0.317773
0 0.0948242 0.283594 0.189648 0.2
0 0.721875 0.445312 0.55625 0.890625
0 0.517871 0.499316 0.620508 0.573242
0 0.682813 0.0678711 0.107813 0.135742
0 0.223047 0.490527 0.446094 0.604883
0 0.419922 0.166406 0.766406 0.314063
0 0.137402 0.741406 0.274805 0.146875
0 0.294531 0.341797 0.589063 0.417969
0 0.319531 0.808594 0.625 0.382812
0 0.220313 0.362305 0.440625 0.356641
0 0.885938 0.725 0.0328125 0.0507812
0 0.254102 0.832422 0.494922 0.335156
0 0.989844 0.958594 0.0203125 0.0828125
0 0.219141 0.755078 0.250781 0.164844
0 0.571094 0.375879 0.50625 0.429492
0 0.06875 0.299609 0.1375 0.225781
0 0.642969 0.159375 0.179688 0.31875
0 0.609766 0.58125 0.552344 0.714063
0 0.582031 0.208594 0.501563 0.417188
0 0.154883 0.34043 0.309766 0.205859
0 0.187842 0.719531 0.154004 0.139063
0 0.594922 0.136133 0.496094 0.251172
0 0.21582 0.615625 0.280859 0.3125
0 0.421094 0.522656 0.282813 0.2875
0 0.989844 0.941406 0.0203125 0.117188
0 0.630469 0.425 0.404687 0.85
0 0.244092 0.7375 0.293066 0.145313
0 0.13457 0.458984 0.269141 0.34375
0 0.662891 0.4875 0.0296875 0.0671875
0 0.664062 0.497656 0.028125 0.05
0 0.320117 0.229687 0.640234 0.459375
0 0.659375 0.484375 0.034375 0.078125
0 0.0824219 0.316602 0.164844 0.234766
0 0.17002 0.728516 0.11543 0.114844
0 0.114063 0.646484 0.228125 0.292969
0 0.0433105 0.28208 0.0866211 0.232715
0 0.48584 0.760547 0.275195 0.227344
0 0.174609 0.335742 0.349219 0.302734
0 0.522656 0.713281 0.2125 0.298438
0 0.405566 0.121191 0.70293 0.24043
0 0.712891 0.0703613 0.0414063 0.115723
0 0.885156 0.714844 0.03125 0.0609375
0 0.940234 0.942187 0.119531 0.115625
0 0.766406 0.753125 0.0609375 0.090625
0 0.608594 0.377441 0.247656 0.28418
0 0.627344 0.161328 0.484375 0.322656
0 0.0902344 0.461328 0.180469 0.341406
0 0.985156 0.944531 0.0296875 0.110937
0 0.682031 0.18418 0.254688 0.368359
0 0.540625 0.680078 0.178125 0.339844
0 0.740234 0.192383 0.519531 0.384766
0 0.196143 0.00150146 0.140527 0.00300293
0 0.989453 0.964453 0.0210938 0.0710938
0 0.241406 0.701172 0.2875 0.205469
0 0.692187 0.325195 0.610938 0.650391
0 0.571875 0.108789 0.310156 0.217578
0 0.960547 0.923438 0.0789063 0.153125
0 0.698047 0.00236816 0.185156 0.00473633
0 0.136523 0.760547 0.0492188 0.0601563
0 0.626563 0.185156 0.228125 0.360938
0 0.159277 0.00159912 0.145898 0.00319824
0 0.650781 0.00174561 0.176563 0.00349121
0 0.046875 0.233252 0.09375 0.308496
0 0.195312 0.721094 0.128906 0.114063
0 0.988672 0.974219 0.0226563 0.0515625
0 0.673047 0.392578 0.191406 0.250781
0 0.298828 0.620313 0.298438 0.307813
0 0.74375 0.00268555 0.175 0.00537109
0 0.266016 0.726562 0.355469 0.171875
0 0.152344 0.742188 0.0820312 0.0921875
0 0.957031 0.00187988 0.0859375 0.00375977
0 0.871094 0.00292969 0.164062 0.00585938
0 0.197461 0.786719 0.216797 0.23125
0 0.716016 0.640527 0.567969 0.718945
0 0.202344 0.684375 0.200781 0.217188
0 0.882812 0.705469 0.040625 0.0765625
0 0.651172 0.467969 0.0476562 0.096875
0 0.232227 0.00146484 0.138281 0.00292969
0 0.672656 0.355273 0.321875 0.666016
0 0.121875 0.0015625 0.149219 0.003125
0 0.5625 0.00522461 0.215625 0.0104492
0 0.147461 0.730469 0.102734 0.117188
0 0.727344 0.195264 0.20625 0.349316
0 0.991016 0.916406 0.0179687 0.167187
0 0.437402 0.347461 0.31582 0.255078
0 0.355078 0.149219 0.208594 0.298438
0 0.920313 0.896875 0.159375 0.20625
0 0.9 0.00306396 0.178125 0.00612793
0 0.187305 0.580469 0.242578 0.370313
0 0.821094 0.00284424 0.164062 0.00568848
0 0.567969 0.521875 0.223438 0.279687
0 0.323242 0.710547 0.608203 0.503906
0 0.48584 0.8 0.281445 0.1875
0 0.0478516 0.00155029 0.0957031 0.00310059
0 0.985938 0.9625 0.028125 0.075
0 0.24668 0.00244141 0.162891 0.00488281
0 0.0839844 0.00148926 0.148438 0.00297852
0 0.610938 0.00454102 0.217188 0.00908203
0 0.777344 0.750781 0.0421875 0.0734375
0 0.526953 0.148438 0.289844 0.296875
0 0.331836 0.667969 0.312891 0.276563
0 0.531641 0.10459 0.48125 0.204102
0 0.218555 0.219531 0.437109 0.417969
0 0.136133 0.758984 0.0582031 0.0742188
0 0.252734 0.653516 0.505469 0.580469
0 0.170801 0.252539 0.341602 0.352734
0 0.0328613 0.270703 0.0624023 0.177344
0 0.740625 0.0749023 0.315625 0.146289
0 0.62959 0.0971436 0.543945 0.186963
0 0.526563 0.549316 0.296875 0.60918
0 0.928516 0.00175781 0.142969 0.00351563
0 0.198633 0.00336914 0.169922 0.00673828
0 0.103613 0.343359 0.207227 0.216406
0 0.690625 0.0709961 0.152344 0.134961
0 0.215967 0.734375 0.0977539 0.115625
0 0.639844 0.376953 0.182812 0.267969
0 0.144043 0.753906 0.0619141 0.0703125
0 0.7375 0.760938 0.121875 0.117188
0 0.547656 0.0566406 0.388281 0.113281
0 0.294922 0.00251465 0.167969 0.0050293
0 0.171289 0.639063 0.184766 0.303125
0 0.921875 0.949219 0.15625 0.101562
0 0.980078 0.958594 0.0398437 0.0828125
0 0.619141 0.542969 0.366406 0.6
0 0.124609 0.565625 0.11875 0.134375
0 0.396094 0.00146484 0.14375 0.00292969
0 0.88125 0.722266 0.0359375 0.0554687
0 0.148535 0.0034668 0.175586 0.00693359
0 0.433691 0.00146484 0.145117 0.00292969
0 0.195898 0.341211 0.358984 0.178516
0 0.413281 0.790625 0.126563 0.167187
0 0.972656 0.939063 0.0546875 0.121875
0 0.695312 0.420703 0.24375 0.202344
0 0.600781 0.494434 0.160938 0.245508
0 0.0943604 0.00325928 0.178076 0.00651855
0 0.896875 0.00168457 0.151562 0.00336914
0 0.757812 0.753125 0.084375 0.101562
0 0.347266 0.00311279 0.172656 0.00622559
0 0.467187 0.578906 0.217188 0.246875
0 0.261523 0.660937 0.334766 0.259375
0 0.715234 0.373242 0.224219 0.280078
0 0.975781 0.922266 0.0484375 0.155469
0 0.359375 0.00153809 0.15 0.00307617
0 0.16377 0.77793 0.238867 0.216016
0 0.651953 0.48125 0.0539063 0.075
0 0.268701 0.762891 0.361035 0.189844
0 0.217529 0.459766 0.304004 0.314063
0 0.994531 0.944531 0.0109375 0.110937
0 0.483594 0.00371094 0.215625 0.00742187
0 0.591797 0.444141 0.472656 0.6
0 0.13125 0.592969 0.078125 0.078125
0 0.450391 0.641406 0.263281 0.245312
0 0.583594 0.753906 0.103125 0.179688
0 0.898438 0.705078 0.065625 0.0875
0 0.65625 0.127832 0.16875 0.255664
0 0.471094 0.00158691 0.151562 0.00317383
0 0.0333984 0.00144043 0.0667969 0.00288086
0 0.928125 0.930469 0.14375 0.139063
0 0.37168 0.298828 0.387109 0.18125
0 0.393848 0.140039 0.256055 0.280078
0 0.428223 0.00244141 0.20293 0.00488281
0 0.858594 0.00162354 0.151562 0.00324707
0 0.0663086 0.00310059 0.132617 0.00620117
0 0.492285 0.666016 0.248242 0.316406
0 0.450781 0.258398 0.0890625 0.0710938
0 0.698438 0.342969 0.0515625 0.0671875
0 0.642188 0.448047 0.110937 0.157813
0 0.545703 0.484375 0.272656 0.247656
0 0.875 0.700781 0.0375 0.071875
0 0.326953 0.586719 0.297656 0.285938
0 0.138867 0.85 0.277734 0.3
0 0.269531 0.00158691 0.148047 0.00317383
0 0.204492 0.00371094 0.270703 0.00742187
0 0.736328 0.101562 0.282031 0.199609
0 0.892188 0.717969 0.04375 0.0671875
0 0.646875 0.458594 0.059375 0.123438
0 0.128418 0.691016 0.256836 0.197656
0 0.1375 0.79082 0.275 0.243359
0 0.435937 0.252734 0.090625 0.071875
0 0.710156 0.463281 0.125 0.151562
0 0.0043457 0.934375 0.00869141 0.13125
0 0.111523 0.243408 0.223047 0.184277
0 0.0296997 0.242383 0.0575928 0.112109
0 0.00498047 0.960156 0.00996094 0.0796875
0 0.284033 0.252344 0.361621 0.2375
0 0.324219 0.147461 0.648438 0.273828
0 0.776563 0.164844 0.446875 0.326953
0 0.801562 0.575 0.040625 0.071875
0 0.189111 0.315234 0.331152 0.171875
0 0.321094 0.00152588 0.151562 0.00305176
0 0.942187 0.834375 0.025 0.046875
0 0.189648 0.284766 0.297656 0.194531
0 0.564844 0.0425781 0.11875 0.0851563
0 0.685156 0.446094 0.21875 0.171875
0 0.139941 0.755469 0.0779297 0.0859375
0 0.126172 0.220752 0.252344 0.187402
0 0.458496 0.804883 0.22207 0.162109
0 0.420312 0.240625 0.0710938 0.0738281
0 0.608594 0.0435547 0.06875 0.0871094
0 0.655078 0.480078 0.0460938 0.100781
0 0.360156 0.39209 0.135937 0.14082
0 0.617188 0.473438 0.139063 0.184375
0 0.679297 0.34082 0.1625 0.232422
0 0.541016 0.338867 0.346094 0.249609
0 0.4 0.272656 0.414062 0.160156
0 0.0824463 0.332031 0.110107 0.0882813
0 0.553125 0.0873047 0.401563 0.16875
0 0.597266 0.619531 0.159375 0.467187
0 0.570312 0.00164795 0.146875 0.0032959
0 0.775 0.740625 0.0453125 0.071875
0 0.587109 0.0390625 0.0960938 0.0744141
0 0.886719 0.729688 0.0390625 0.06875
0 0.814844 0.592578 0.0609375 0.109375
0 0.173828 0.711328 0.107031 0.121875
0 0.82168 0.00159912 0.150391 0.00319824
0 0.0430664 0.00510254 0.0861328 0.0102051
0 0.607031 0.311719 0.245312 0.150781
0 0.0649414 0.330273 0.122461 0.0980469
0 0.932422 0.00483398 0.135156 0.00966797
0 0.401563 0.615625 0.0992187 0.117188
0 0.875586 0.900391 0.248828 0.199219
0 0.398047 0.796289 0.4625 0.407422
0 0.450391 0.828906 0.248438 0.207813
0 0.636328 0.453906 0.084375 0.125
0 0.486719 0.320898 0.244531 0.211328
0 0.714063 0.106543 0.0328125 0.0517578
0 0.486328 0.115039 0.332031 0.225
0 0.0510254 0.204297 0.102051 0.408594
0 0.0609375 0.00263672 0.121875 0.00527344
0 0.123633 0.601562 0.0597656 0.0625
0 0.751953 0.763672 0.0757812 0.0898438
0 0.138867 0.581641 0.0894531 0.0960938
0 0.934375 0.00773926 0.13125 0.0154785
0 0.777148 0.775977 0.445703 0.448047
0 0.307617 0.0632813 0.0785156 0.120898
0 0.798438 0.563281 0.034375 0.065625
0 0.711719 0.0699707 0.0640625 0.122559
0 0.26582 0.377734 0.351172 0.210156
0 0.237695 0.159863 0.216016 0.319727
0 0.239453 0.582422 0.329688 0.298438
0 0.484766 0.236133 0.225781 0.205078
0 0.645312 0.306836 0.16875 0.143359
0 0.295703 0.586816 0.549219 0.660742
0 0.526172 0.547656 0.660156 0.642188
0 0.653125 0.0716797 0.154688 0.139453
0 0.1875 0.750781 0.144922 0.135937
0 0.578516 0.411328 0.517969 0.822656
0 0.129785 0.297656 0.25957 0.2
0 0.601562 0.0670898 0.258594 0.129492
0 0.359766 0.520312 0.666406 0.659375
0 0.18208 0.63125 0.178809 0.348438
0 0.703125 0.0690918 0.065625 0.116504
0 0.399219 0.336719 0.746875 0.673438
0 0.0804443 0.297266 0.158252 0.211719
0 0.485938 0.361328 0.685938 0.722656
0 0.0572754 0.288281 0.114551 0.196094
0 0.655469 0.10957 0.157031 0.219141
0 0.676562 0.0671875 0.114063 0.122266
0 0.557031 0.0572754 0.354688 0.112012
0 0.0375488 0.287695 0.0750977 0.187109
0 0.557813 0.288086 0.525 0.576172
0 0.815625 0.601172 0.065625 0.0945313
0 0.207617 0.513672 0.391797 0.669531
0 0.474609 0.691016 0.199219 0.335156
0 0.685156 0.119238 0.21875 0.238477
0 0.15752 0.333398 0.315039 0.222266
0 0.711719 0.0715332 0.0398437 0.113965
0 0.620703 0.377734 0.207813 0.291406
0 0.539062 0.759766 0.0796875 0.202344
0 0.191846 0.725 0.116309 0.084375
0 0.774805 0.542969 0.153516 0.248438
0 0.660156 0.485156 0.0328125 0.0742188
0 0.241211 0.620313 0.312891 0.309375
0 0.186328 0.79707 0.157031 0.237109
0 0.383594 0.363672 0.767188 0.560156
0 0.702344 0.343359 0.0453125 0.0582031
0 0.80625 0.590625 0.053125 0.090625
0 0.17334 0.739453 0.13418 0.122656
0 0.610938 0.117578 0.236719 0.235156
0 0.201758 0.742969 0.110937 0.11875
0 0.219482 0.724609 0.322754 0.550781
0 0.307031 0.695312 0.49375 0.609375
0 0.573438 0.0772461 0.321875 0.153906
0 0.664062 0.490625 0.028125 0.0640625
0 0.168164 0.735156 0.116797 0.0953125
0 0.696875 0.339063 0.0546875 0.0671875
0 0.8 0.582031 0.04375 0.075
0 0.195703 0.829492 0.260938 0.341016
0 0.0403809 0.289648 0.0807617 0.205078
0 0.696094 0.155664 0.223438 0.310547
0 0.149707 0.756641 0.241992 0.158594
0 0.541797 0.0491211 0.448438 0.0966797
0 0.623828 0.547656 0.486719 0.629687
0 0.0896484 0.44375 0.179297 0.382031
0 0.539062 0.704297 0.0765625 0.305469
0 0.802344 0.571094 0.03125 0.0546875
0 0.0328003 0.268164 0.056665 0.153516
0 0.133008 0.580469 0.0929688 0.104688
0 0.0713379 0.324609 0.142676 0.259375
0 0.171973 0.517969 0.219336 0.629687
0 0.310352 0.810352 0.457422 0.379297
0 0.552344 0.126172 0.576563 0.252344
0 0.796875 0.572266 0.03125 0.0617188
0 0.254883 0.368359 0.337109 0.197656
0 0.556641 0.303516 0.0703125 0.0757812
0 0.628125 0.266211 0.398438 0.532422
0 0.513672 0.667188 0.116406 0.39375
0 0.503906 0.573438 0.854688 0.717188
0 0.521191 0.55625 0.42168 0.61875
0 0.65625 0.479688 0.0359375 0.065625
0 0.195703 0.439453 0.237109 0.388281
0 0.630078 0.255469 0.04375 0.0679687
0 0.19707 0.000878906 0.146484 0.00175781
0 0.71875 0.198877 0.195312 0.34834
0 0.61875 0.0338379 0.225 0.0676758
0 0.24043 0.618652 0.344141 0.64707
0 0.218555 0.321875 0.134375 0.100391
0 0.653125 0.403223 0.170313 0.241992
0 0.984375 0.494531 0.03125 0.096875
0 0.525781 0.782031 0.0789063 0.14375
0 0.514844 0.980469 0.18125 0.0390625
0 0.263086 0.538672 0.383203 0.583594
0 0.629297 0.251953 0.0296875 0.0539063
0 0.407813 0.252344 0.0625 0.078125
0 0.536719 0.290234 0.1125 0.103516
0 0.404687 0.248828 0.046875 0.0648438
0 0.660156 0.293945 0.103125 0.122266
0 0.738281 0.507812 0.195312 0.279687
0 0.186133 0.730469 0.148828 0.0984375
0 0.59375 0.0960938 0.465625 0.192188
0 0.126758 0.441504 0.238672 0.391992
0 0.700781 0.351367 0.053125 0.0808594
0 0.186914 0.839453 0.164453 0.321094
0 0.597656 0.0135498 0.228125 0.0270996
0 0.233789 0.000915527 0.145703 0.00183105
0 0.360352 0.391797 0.132422 0.135156
0 0.180664 0.70625 0.157813 0.234375
0 0.779688 0.753906 0.0375 0.059375
0 0.989062 0.491406 0.021875 0.084375
0 0.160254 0.00090332 0.150195 0.00180664
0 0.652734 0.00876465 0.167187 0.0175293
0 0.171094 0.730469 0.173828 0.1625
0 0.127734 0.761719 0.0371094 0.0546875
0 0.776563 0.760547 0.0453125 0.0710938
0 0.733984 0.464941 0.163281 0.324805
0 0.792188 0.577734 0.0453125 0.0742188
0 0.522656 0.592969 0.0640625 0.135937
0 0.70625 0.438281 0.226562 0.271094
0 0.0492188 0.00102539 0.0984375 0.00205078
0 0.446875 0.000939941 0.149219 0.00187988
0 0.154883 0.741016 0.0949219 0.0976562
0 0.521094 0.767188 0.0921875 0.189063
0 0.417188 0.746484 0.316406 0.507031
0 0.0679687 0.0010376 0.135937 0.0020752
0 0.0310425 0.248828 0.0549072 0.109375
0 0.798242 0.576563 0.100391 0.146875
0 0.95625 0.00205078 0.0875 0.00410156
0 0.689063 0.071582 0.084375 0.124805
0 0.651563 0.476172 0.0625 0.0882813
0 0.410156 0.000915527 0.147656 0.00183105
0 0.260156 0.404297 0.317969 0.274219
0 0.118359 0.602734 0.0554687 0.0625
0 0.627734 0.247656 0.0382813 0.0601563
0 0.484375 0.00126953 0.15 0.00253906
0 0.532422 0.307422 0.741406 0.614844
0 0.644531 0.172461 0.179688 0.344922
0 0.788281 0.567969 0.0390625 0.05625
0 0.665625 0.441406 0.404687 0.882812
0 0.973437 0.497266 0.053125 0.110937
0 0.527344 0.619531 0.06875 0.2
0 0.122949 0.000927734 0.15332 0.00185547
0 0.567969 0.290625 0.059375 0.107813
0 0.168945 0.73125 0.270313 0.5375
0 0.569922 0.314063 0.0484375 0.0671875
0 0.564453 0.312305 0.0640625 0.0851563
0 0.357227 0.739453 0.440234 0.521094
0 0.143359 0.748438 0.0710938 0.078125
0 0.373047 0.0010376 0.152344 0.0020752
0 0.124219 0.596094 0.0667969 0.071875
0 0.220313 0.75 0.0773438 0.121875
0 0.724219 0.00400391 0.196875 0.00800781
0 0.701953 0.362109 0.0625 0.121094
0 0.670313 0.18418 0.245312 0.368359
0 0.608594 0.169824 0.2375 0.339648
0 0.48125 0.617969 0.190625 0.301563
0 0.607031 0.046875 0.0609375 0.090625
0 0.229297 0.752344 0.05625 0.110937
0 0.886719 0.733203 0.0328125 0.053125
0 0.323828 0.421875 0.639844 0.514063
0 0.670313 0.0048584 0.167187 0.0097168
0 0.936328 0.00158691 0.127344 0.00317383
0 0.563672 0.308594 0.0460938 0.05625
0 0.542969 0.76875 0.05625 0.221875
0 0.0357422 0.00119629 0.0714844 0.00239258
0 0.520703 0.00163574 0.140625 0.00327148
0 0.579688 0.132227 0.307813 0.264453
0 0.542188 0.00979004 0.215625 0.0195801
0 0.431641 0.259375 0.103906 0.0765625
0 0.133105 0.765625 0.0568359 0.06875
0 0.0375 0.286328 0.0607422 0.222656
0 0.172656 0.719922 0.0824219 0.0695313
0 0.597266 0.194727 0.467969 0.389453
0 0.136914 0.561719 0.101172 0.134375
0 0.27207 0.0012207 0.152344 0.00244141
0 0.61875 0.0563477 0.0953125 0.112695
0 0.205029 0.732031 0.0907227 0.09375
0 0.194531 0.962109 0.168359 0.0757812
0 0.535937 0.774609 0.0578125 0.178906
0 0.19375 0.411328 0.3875 0.442969
0 0.235156 0.764063 0.05625 0.0875
0 0.651563 0.472656 0.0421875 0.0703125
0 0.213672 0.725781 0.0707031 0.0828125
0 0.660937 0.358398 0.132812 0.253516
0 0.613281 0.322656 0.223438 0.192188
0 0.167969 0.679688 0.178906 0.265625
0 0.335938 0.00113525 0.155469 0.00227051
0 0.297266 0.628906 0.319531 0.314063
0 0.694531 0.325781 0.0640625 0.0976562
0 0.496875 0.00628662 0.235938 0.0125732
0 0.482422 0.345703 0.210938 0.230469
0 0.796094 0.225391 0.0328125 0.0675781
0 0.513281 0.975781 0.135937 0.0484375
0 0.54375 0.726562 0.0601563 0.1625
0 0.690625 0.348828 0.075 0.104688
0 0.545313 0.976562 0.0734375 0.046875
0 0.533594 0.979688 0.110937 0.040625
0 0.277783 0.765625 0.366309 0.176563
0 0.414844 0.260938 0.0671875 0.0703125
0 0.526563 0.566797 0.040625 0.0726563
0 0.546094 0.00124512 0.145313 0.00249023
0 0.689063 0.314453 0.078125 0.115234
0 0.244141 0.978906 0.0664062 0.0421875
0 0.701563 0.332422 0.05625 0.084375
0 0.48125 0.534277 0.18125 0.32207
0 0.132031 0.753125 0.0507812 0.06875
0 0.597656 0.0428711 0.0671875 0.0845703
0 0.7 0.465234 0.13125 0.126563
0 0.824219 0.616016 0.0484375 0.0742188
0 0.156348 0.753125 0.120508 0.134375
0 0.236133 0.441797 0.323828 0.323438
0 0.530469 0.315234 0.129688 0.114063
0 0.143359 0.564844 0.0804688 0.109375
0 0.15957 0.364648 0.318359 0.351953
0 0.523828 0.579688 0.0453125 0.0796875
0 0.441406 0.351953 0.317188 0.251563
0 0.641406 0.262695 0.059375 0.0824219
0 0.28418 0.846289 0.261328 0.307422
0 0.800781 0.2375 0.0375 0.0765625
0 0.684766 0.397754 0.104688 0.229492
0 0.113965 0.341992 0.224805 0.233984
0 0.266602 0.9625 0.223828 0.075
0 0.460254 0.964844 0.21543 0.0703125
0 0.982813 0.475781 0.034375 0.135937
0 0.123853 0.553906 0.107764 0.159375
0 0.560156 0.750781 0.120313 0.217188
0 0.789844 0.222461 0.0390625 0.0742188
0 0.528906 0.98125 0.0820312 0.0375
0 0.514844 0.607813 0.0796875 0.15625
0 0.566797 0.342187 0.0601563 0.145313
0 0.529688 0.730078 0.08125 0.247656
0 0.571094 0.00113525 0.149219 0.00227051
0 0.559766 0.286719 0.0523438 0.096875
0 0.622656 0.156641 0.403125 0.313281
0 0.228711 0.978125 0.144141 0.04375
0 0.729297 0.0806641 0.266406 0.152734
0 0.110742 0.610156 0.0433594 0.0546875
0 0.139844 0.762891 0.0890625 0.0882813
0 0.871875 0.00511475 0.16875 0.0102295
0 0.54375 0.166699 0.226562 0.333398
0 0.419629 0.708984 0.310742 0.297656
0 0.7625 0.764844 0.0703125 0.08125
0 0.403906 0.258398 0.0359375 0.0539063
0 0.479688 0.605469 0.134375 0.167187
0 0.17334 0.626563 0.221289 0.617188
0 0.223438 0.735938 0.0625 0.0953125
0 0.702344 0.411328 0.167187 0.228906
0 0.501563 0.962891 0.21875 0.0742188
0 0.588281 0.277734 0.120313 0.138281
0 0.771875 0.00462647 0.16875 0.00925293
0 0.4875 0.975781 0.153125 0.0484375
0 0.582812 0.305078 0.284375 0.160156
0 0.233984 0.754297 0.0773438 0.103906
0 0.96875 0.461719 0.0625 0.185938
0 0.782031 0.565625 0.1375 0.173438
0 0.323242 0.335742 0.646484 0.347266
0 0.545313 0.735547 0.0546875 0.216406
0 0.691406 0.345703 0.0664062 0.0789063
0 0.271094 0.735156 0.355469 0.179688
0 0.165234 0.724609 0.0808594 0.0890625
0 0.910937 0.00148926 0.15625 0.00297852
0 0.42334 0.499609 0.279883 0.258594
0 0.114453 0.608594 0.0740234 0.0875
0 0.652344 0.283984 0.08125 0.129688
0 0.79375 0.339453 0.025 0.0414063
0 0.644922 0.457422 0.0585938 0.0929688
0 0.988281 0.479297 0.0234375 0.111719
0 0.471777 0.576953 0.20332 0.26875
0 0.317383 0.26875 0.634766 0.5375
0 0.630469 0.419141 0.146875 0.219531
0 0.980469 0.456348 0.0390625 0.204492
0 0.499219 0.787695 0.139063 0.208984
0 0.342578 0.402734 0.120313 0.114844
0 0.607813 0.485547 0.142188 0.260938
0 0.136914 0.781055 0.273828 0.209766
0 0.941016 0.0081543 0.117969 0.0163086
0 0.646875 0.322266 0.160156 0.190625
0 0.636719 0.276953 0.04375 0.1125
0 0.187305 0.713281 0.0796875 0.0671875
0 0.679297 0.351367 0.10625 0.194922
0 0.587109 0.402441 0.222656 0.262305
0 0.714063 0.253955 0.204688 0.266309
0 0.988281 0.507812 0.0234375 0.0875
0 0.176465 0.216797 0.35293 0.433594
0 0.592969 0.51416 0.16875 0.293555
0 0.498828 0.600781 0.104688 0.132812
0 0.591797 0.0299683 0.0382813 0.0539307
0 0.583203 0.957422 0.207031 0.0851563
0 0.638281 0.437891 0.0890625 0.186719
0 0.209961 0.00303955 0.251172 0.0060791
0 0.504687 0.626172 0.111719 0.1875
0 0.454688 0.263672 0.059375 0.0679687
0 0.669531 0.458594 0.110937 0.129688
0 0.672656 0.305078 0.103125 0.124219
0 0.590234 0.361719 0.271094 0.28125
0 0.586719 0.0364746 0.075 0.0694336
0 0.685254 0.382812 0.629492 0.765625
0 0.529688 0.679688 0.0835937 0.359375
0 0.523828 0.561719 0.0492188 0.0890625
0 0.175439 0.0048584 0.178027 0.0097168
0 0.15918 0.536719 0.0714844 0.110937
0 0.4 0.619141 0.0867188 0.114844
0 0.522266 0.508203 0.210156 0.270313
0 0.151953 0.628906 0.145313 0.342187
0 0.645312 0.273828 0.0648438 0.09375
0 0.510938 0.780469 0.107813 0.15
0 0.964063 0.450781 0.071875 0.145313
0 0.73125 0.417578 0.1625 0.232813
0 0.12207 0.594531 0.0773438 0.0953125
0 0.472656 0.00257568 0.24375 0.00515137
0 0.230078 0.769141 0.0804688 0.0992187
0 0.564844 0.326172 0.0554687 0.101562
0 0.386328 0.387109 0.151562 0.149219
0 0.319922 0.646094 0.639844 0.467187
0 0.330469 0.519629 0.660937 0.707617
0 0.554297 0.521875 0.713281 0.682813
0 0.535059 0.390625 0.676758 0.78125
0 0.433691 0.4875 0.74668 0.751563
0 0.409766 0.413281 0.819531 0.826563
0 0.876953 0.916406 0.246094 0.167187
0 0.609375 0.346289 0.539062 0.692578
0 0.736719 0.413281 0.526563 0.826563
0 0.3625 0.3 0.725 0.6
0 0.330078 0.668359 0.642969 0.663281
0 0.694531 0.0739258 0.0734375 0.112695
0 0.682031 0.0789307 0.096875 0.119482
0 0.224609 0.630859 0.325 0.311719
0 0.710156 0.0763672 0.0429688 0.102148
0 0.637109 0.561328 0.642969 0.605469
0 0.511719 0.332617 0.867188 0.665234
0 0.0329834 0.257031 0.0659668 0.132812
0 0.18667 0.847461 0.190723 0.305078
0 0.0349121 0.251367 0.0698242 0.108203
0 0.132617 0.300977 0.265234 0.219922
0 0.9 0.896875 0.2 0.20625
0 0.527344 0.114453 0.654688 0.225781
0 0.683203 0.191602 0.263281 0.345703
0 0.0870117 0.311719 0.174023 0.239844
0 0.572656 0.202734 0.767188 0.405469
0 0.776953 0.907031 0.446094 0.185938
0 0.586719 0.155859 0.292188 0.303125
0 0.5375 0.700781 0.189063 0.320312
0 0.69375 0.478906 0.46875 0.514844
0 0.702344 0.460547 0.1375 0.114063
0 0.0439941 0.275781 0.0879883 0.186719
0 0.499219 0.124902 0.851562 0.249805
0 0.0475098 0.2625 0.0950195 0.121094
0 0.71875 0.205469 0.204688 0.34375
0 0.557422 0.766406 0.135156 0.1625
0 0.605469 0.138867 0.673438 0.277734
0 0.32793 0.253906 0.655859 0.507812
0 0.668359 0.0720215 0.122656 0.128613
0 0.230078 0.953125 0.1 0.09375
0 0.75 0.647656 0.5 0.704688
0 0.659375 0.29668 0.135156 0.127734
0 0.64375 0.160938 0.226562 0.310937
0 0.238867 0.854102 0.158984 0.291797
0 0.726953 0.513672 0.242969 0.289844
0 0.844531 0.900781 0.304688 0.198437
0 0.198633 0.725 0.134766 0.1
0 0.674219 0.18125 0.651563 0.3625
0 0.497656 0.0925781 0.742188 0.185156
0 0.116895 0.208643 0.233789 0.26084
0 0.180908 0.633594 0.245996 0.367188
0 0.0740723 0.28457 0.148145 0.235547
0 0.635938 0.0725586 0.1875 0.145117
0 0.11709 0.350391 0.23418 0.292969
0 0.13252 0.576563 0.119336 0.103125
0 0.87793 0.946094 0.244141 0.107813
0 0.240625 0.966016 0.0640625 0.0679687
0 0.206836 0.941406 0.131641 0.117188
0 0.230273 0.962891 0.0855469 0.0742188
0 0.713281 0.0913086 0.0328125 0.0748047
0 0.538281 0.292578 0.14375 0.109766
0 0.193945 0.703906 0.119141 0.109375
0 0.505469 0.609375 0.103125 0.130469
0 0.407813 0.786719 0.15 0.128125
0 0.245117 0.975 0.0476562 0.05
0 0.609375 0.0943359 0.592188 0.188672
0 0.958594 0.913281 0.0828125 0.135937
0 0.580859 0.0734375 0.30625 0.145508
0 0.720703 0.30625 0.558594 0.6125
0 0.0810547 0.363867 0.162109 0.326172
0 0.233203 0.972656 0.0789063 0.0546875
0 0.0949219 0.468359 0.189844 0.325
0 0.0542969 0.288281 0.108594 0.173438
0 0.414453 0.159473 0.828906 0.318945
0 0.6625 0.0834961 0.151562 0.145898
0 0.214062 0.431348 0.326562 0.306055
0 0.514063 0.616016 0.109375 0.176563
0 0.925781 0.916797 0.148438 0.166406
0 0.125781 0.5875 0.0984375 0.0875
0 0.703516 0.0831055 0.046875 0.104297
0 0.187891 0.689844 0.105469 0.09375
0 0.674219 0.307031 0.132812 0.134375
0 0.113892 0.59375 0.0831543 0.075
0 0.56875 0.778125 0.138281 0.13125
0 0.207422 0.746094 0.145313 0.121875
0 0.8875 0.71875 0.0359375 0.0585938
0 0.114746 0.563281 0.129492 0.13125
0 0.100488 0.575391 0.124609 0.110937
0 0.688672 0.0939697 0.084375 0.117139
0 0.36582 0.20625 0.731641 0.4125
0 0.650781 0.12041 0.171875 0.229102
0 0.478906 0.702734 0.289844 0.319531
0 0.520312 0.703125 0.126563 0.110937
0 0.530469 0.7125 0.0984375 0.123438
0 0.226611 0.969531 0.121777 0.0609375
0 0.828125 0.636719 0.189063 0.248438
0 0.148535 0.654297 0.204492 0.378906
0 0.137988 0.580078 0.112305 0.139063
0 0.197266 0.301953 0.10625 0.102344
0 0.775781 0.964063 0.0484375 0.06875
0 0.662109 0.890625 0.675781 0.21875
0 0.251953 0.972266 0.0414063 0.0554687
0 0.248438 0.95625 0.0921875 0.0875
0 0.953125 0.898438 0.0890625 0.11875
0 0.6875 0.113086 0.0875 0.108008
0 0.8875 0.710156 0.046875 0.0664062
0 0.503125 0.55 0.126563 0.11875
0 0.713281 0.103296 0.03125 0.0594238
0 0.954688 0.10022 0.090625 0.186279
0 0.652344 0.289062 0.10625 0.117188
0 0.815625 0.597656 0.071875 0.096875
0 0.361719 0.764063 0.150781 0.0953125
0 0.214014 0.921094 0.119629 0.157813
0 0.584766 0.0379028 0.102344 0.073999
0 0.197314 0.759375 0.149902 0.1625
0 0.103613 0.598437 0.0619141 0.0671875
0 0.0512207 0.00098877 0.102441 0.00197754
0 0.703125 0.470703 0.26875 0.313281
0 0.951563 0.891406 0.0796875 0.090625
0 0.858594 0.852344 0.276563 0.295312
0 0.100195 0.602344 0.0482422 0.059375
0 0.15127 0.181055 0.302539 0.260547
0 0.567187 0.0424805 0.123438 0.0849609
0 0.676562 0.110132 0.1125 0.128955
0 0.710938 0.457813 0.084375 0.0921875
0 0.171094 0.530469 0.10625 0.11875
0 0.0697266 0.000939941 0.139453 0.00187988
0 0.532813 0.775195 0.111719 0.143359
0 0.358594 0.649219 0.35625 0.296875
0 0.513281 0.975781 0.159375 0.0484375
0 0.685547 0.369727 0.0976562 0.125391
0 0.159082 0.541406 0.0904297 0.096875
0 0.381934 0.785937 0.15332 0.123438
0 0.0530273 0.254688 0.106055 0.282813
0 0.268799 0.858984 0.196777 0.282031
0 0.569531 0.796094 0.151562 0.104688
0 0.398438 0.190625 0.382812 0.282813
0 0.306445 0.630469 0.348047 0.309375
0 0.758984 0.554688 0.208594 0.296875
0 0.0726563 0.572656 0.14043 0.107813
0 0.154297 0.599219 0.235156 0.319531
0 0.601562 0.395996 0.295312 0.312695
0 0.0976318 0.590625 0.104346 0.0789063
0 0.124707 0.471484 0.122461 0.107031
0 0.460156 0.746094 0.38125 0.251563
0 0.367578 0.386621 0.139063 0.133008
0 0.11875 0.630859 0.227344 0.366406
0 0.137891 0.5625 0.0914062 0.0976562
0 0.249023 0.970313 0.0675781 0.059375
0 0.0658203 0.295703 0.101172 0.144531
0 0.664062 0.486328 0.0296875 0.0640625
0 0.320312 0.703125 0.135156 0.140625
0 0.200977 0.315625 0.129297 0.0945313
0 0.193311 0.575 0.293066 0.28125
0 0.0878662 0.345703 0.14458 0.1
0 0.0382813 0.292969 0.0765625 0.20625
0 0.0636719 0.356641 0.127344 0.125
0 0.175 0.757812 0.142188 0.123438
0 0.168555 0.449609 0.254688 0.339844
0 0.0993164 0.000939941 0.155664 0.00187988
0 0.590625 0.0307129 0.040625 0.0549805
0 0.637891 0.182031 0.324219 0.35
0 0.691406 0.355469 0.0765625 0.09375
0 0.684766 0.449219 0.133594 0.125
0 0.514063 0.660937 0.129688 0.139063
0 0.087207 0.560938 0.133789 0.13125
0 0.784375 0.963281 0.06875 0.0734375
0 0.102734 0.178174 0.205469 0.278809
0 0.517188 0.723437 0.121875 0.129688
0 0.634375 0.274414 0.0875 0.0941406
0 0.159277 0.727344 0.0736328 0.075
0 0.278906 0.259326 0.557813 0.37041
0 0.176953 0.738672 0.129688 0.0960938
0 0.514844 0.670313 0.23125 0.376563
0 0.507031 0.690234 0.167187 0.100781
0 0.654688 0.48125 0.0398437 0.06875
0 0.142285 0.514063 0.138867 0.139063
0 0.361719 0.950781 0.128906 0.0984375
0 0.122852 0.494922 0.135156 0.13125
0 0.417578 0.607715 0.494531 0.514258
0 0.599219 0.0380371 0.046875 0.0726563
0 0.0630371 0.336719 0.122363 0.0882813
0 0.226904 0.942187 0.11416 0.1125
0 0.198828 0.000720215 0.151172 0.00144043
0 0.809375 0.588281 0.065625 0.0734375
0 0.527344 0.735156 0.0796875 0.114063
0 0.14502 0.53125 0.168555 0.229687
0 0.531641 0.622656 0.564844 0.476562
0 0.696875 0.344141 0.0570313 0.0648438
0 0.65 0.274023 0.071875 0.0871094
0 0.182422 0.678906 0.109375 0.128125
0 0.539844 0.976562 0.053125 0.046875
0 0.0273438 0.274414 0.0546875 0.176172
0 0.551953 0.292188 0.101562 0.100781
0 0.907813 0.935938 0.184375 0.128125
0 0.585938 0.0476562 0.115625 0.0953125
0 0.478125 0.673438 0.157813 0.104688
0 0.602734 0.0459961 0.0578125 0.0867188
0 0.185742 0.299219 0.127344 0.122656
0 0.22168 0.323633 0.145703 0.0980469
0 0.371289 0.471875 0.377734 0.282031
0 0.189795 0.954688 0.164941 0.090625
0 0.693359 0.129199 0.613281 0.243164
0 0.103906 0.60625 0.0789063 0.06875
0 0.0992187 0.272461 0.198437 0.244922
0 0.0633301 0.322656 0.0973633 0.103125
0 0.143555 0.566406 0.0777344 0.078125
0 0.28125 0.369531 0.5625 0.396094
0 0.540234 0.280859 0.119531 0.09375
0 0.89375 0.699609 0.08125 0.0921875
0 0.210742 0.95 0.0917969 0.1
0 0.0915771 0.602734 0.0461426 0.059375
0 0.549219 0.975391 0.0773438 0.0492188
0 0.226367 0.657813 0.441016 0.44375
0 0.599219 0.0514648 0.078125 0.10293
0 0.646484 0.470703 0.0695313 0.0945313
0 0.936719 0.10293 0.126563 0.192188
0 0.730469 0.460938 0.0609375 0.08125
0 0.0750977 0.586719 0.116602 0.0796875
0 0.703906 0.104297 0.0453125 0.0775391
0 0.521094 0.6 0.090625 0.13125
0 0.696875 0.483594 0.142969 0.0875
0 0.187891 0.685938 0.0808594 0.0757812
0 0.496094 0.664062 0.164062 0.104688
0 0.136743 0.00090332 0.156592 0.00180664
0 0.119043 0.515625 0.142383 0.232813
0 0.0309082 0.23457 0.0618164 0.0898438
0 0.571094 0.548047 0.229687 0.319531
0 0.564453 0.967969 0.1125 0.0640625
0 0.163672 0.287158 0.327344 0.249121
0 0.69375 0.330859 0.0734375 0.0835937
0 0.696875 0.376172 0.075 0.14375
0 0.147754 0.5375 0.11582 0.117188
0 0.182031 0.227783 0.364063 0.367871
0 0.888281 0.960938 0.223438 0.078125
0 0.657031 0.475391 0.0554687 0.0789063
0 0.394141 0.0907227 0.788281 0.181445
0 0.185547 0.226172 0.366797 0.452344
0 0.0972656 0.617969 0.0876953 0.10625
0 0.88125 0.708203 0.046875 0.075
0 0.932031 0.880469 0.126563 0.104688
0 0.0549805 0.310937 0.109961 0.151562
0 0.145117 0.549219 0.1 0.101562
0 0.7125 0.0995117 0.046875 0.100391
0 0.556641 0.288672 0.075 0.105469
0 0.344141 0.397656 0.135156 0.127344
0 0.328125 0.407422 0.126563 0.122656
0 0.151562 0.526563 0.0945313 0.123438
0 0.232031 0.753516 0.239844 0.166406
0 0.703906 0.342578 0.0453125 0.0554687
0 0.134668 0.554688 0.130273 0.13125
0 0.203955 0.307031 0.0702148 0.065625
0 0.546191 0.139844 0.423242 0.265234
0 0.21875 0.549609 0.4375 0.732031
0 0.4625 0.700391 0.121875 0.160156
0 0.907813 0.689844 0.101562 0.114844
0 0.163867 0.719531 0.0609375 0.0703125
0 0.522656 0.565234 0.0546875 0.0789063
0 0.88125 0.700781 0.065625 0.0875
0 0.233594 0.00065918 0.145703 0.00131836
0 0.661719 0.287109 0.096875 0.0976562
0 0.148633 0.555859 0.0683594 0.0757812
0 0.352148 0.754297 0.0933594 0.0851563
0 0.195898 0.282031 0.105469 0.125
0 0.112793 0.483594 0.109766 0.114063
0 0.177393 0.719141 0.0850586 0.0726563
0 0.407129 0.966406 0.187305 0.0671875
0 0.217139 0.769141 0.153223 0.110156
0 0.046582 0.00422363 0.0931641 0.00844727
0 0.78125 0.576953 0.0671875 0.0828125
0 0.120605 0.581641 0.208008 0.291406
0 0.926562 0.885156 0.146875 0.229687
0 0.966016 0.935156 0.0679687 0.129688
0 0.619141 0.057959 0.107031 0.110645
0 0.125391 0.703906 0.228125 0.376563
0 0.100391 0.0024292 0.200781 0.0048584
0 0.642578 0.307813 0.142969 0.138281
0 0.599219 0.0298828 0.0359375 0.0517578
0 0.801562 0.578516 0.053125 0.075
0 0.476953 0.7125 0.139063 0.15
0 0.271484 0.965625 0.138281 0.06875
0 0.682031 0.340234 0.107813 0.0898438
0 0.0861084 0.607031 0.0684082 0.065625
0 0.876563 0.699219 0.04375 0.065625
0 0.574609 0.787305 0.11875 0.0972656
0 0.0466797 0.314648 0.0933594 0.181641
0 0.194482 0.331445 0.163379 0.116016
0 0.114282 0.6 0.100342 0.110937
0 0.5375 0.755078 0.096875 0.119531
0 0.504687 0.809375 0.135156 0.114063
0 0.0806397 0.601172 0.0539551 0.0625
0 0.595313 0.0633789 0.090625 0.126758
0 0.0744629 0.664062 0.148926 0.353125
0 0.231201 0.895312 0.12041 0.209375
0 0.955469 0.882812 0.0609375 0.08125
0 0.12041 0.451172 0.117383 0.102344
0 0.676172 0.467969 0.117188 0.0984375
0 0.510156 0.641406 0.151562 0.141406
0 0.0662598 0.324023 0.13252 0.268359
0 0.218408 0.95625 0.137402 0.0875
0 0.360742 0.567578 0.721484 0.708594
0 0.336328 0.63125 0.627344 0.626563
0 0.47959 0.549219 0.68457 0.660937
0 0.510547 0.382422 0.650781 0.764063
0 0.402344 0.328125 0.770312 0.634375
0 0.368359 0.261328 0.691406 0.478906
0 0.876758 0.905078 0.246484 0.189844
0 0.389844 0.470703 0.776563 0.636719
0 0.60625 0.40625 0.503125 0.80625
0 0.657422 0.887109 0.685156 0.225781
0 0.596094 0.521094 0.539062 0.696875
0 0.627734 0.835352 0.744531 0.329297
0 0.698438 0.0726563 0.075 0.123438
0 0.366992 0.263281 0.694922 0.526563
0 0.222266 0.629687 0.380469 0.440625
0 0.508496 0.212109 0.642383 0.402344
0 0.757031 0.764063 0.107813 0.128125
0 0.578906 0.776367 0.121094 0.137891
0 0.710938 0.460547 0.1125 0.11875
0 0.713281 0.420312 0.573438 0.834375
0 0.688281 0.175781 0.253125 0.317969
0 0.59834 0.162598 0.468945 0.310742
0 0.71875 0.314453 0.220313 0.302344
0 0.579297 0.670703 0.244531 0.286719
0 0.141113 0.272266 0.280664 0.158594
0 0.360938 0.358789 0.673438 0.429297
0 0.256445 0.630078 0.310547 0.311719
0 0.576563 0.797656 0.134375 0.109375
0 0.95625 0.900781 0.0875 0.198437
0 0.558594 0.753516 0.148438 0.210156
0 0.727344 0.765234 0.1625 0.128906
0 0.719922 0.459375 0.0867188 0.102344
0 0.7125 0.0770508 0.0421875 0.105859
0 0.156641 0.299023 0.313281 0.163672
0 0.64375 0.742578 0.365625 0.185156
0 0.739453 0.908594 0.521094 0.182812
0 0.600781 0.788281 0.798438 0.423438
0 0.732813 0.463281 0.0734375 0.090625
0 0.921875 0.9 0.15625 0.196875
0 0.579688 0.140332 0.310937 0.267383
0 0.718359 0.0853271 0.0296875 0.0805176
0 0.458203 0.736328 0.388281 0.267969
0 0.749219 0.779688 0.075 0.096875
0 0.529688 0.63125 0.148438 0.209375
0 0.515625 0.608594 0.10625 0.148438
0 0.760938 0.775781 0.0875 0.101562
0 0.245312 0.325586 0.125781 0.114453
0 0.382129 0.733594 0.34043 0.28125
0 0.205029 0.615234 0.352441 0.700781
0 0.959375 0.90625 0.08125 0.134375
0 0.631641 0.374023 0.314844 0.262891
0 0.207764 0.625781 0.235254 0.345313
0 0.679688 0.08125 0.107813 0.142969
0 0.774609 0.747656 0.0976562 0.0984375
0 0.322266 0.244727 0.600781 0.345703
0 0.558594 0.711719 0.167187 0.282813
0 0.311328 0.484375 0.558594 0.51875
0 0.686719 0.0652832 0.096875 0.130566
0 0.201953 0.271289 0.0839844 0.10625
0 0.196436 0.713672 0.122754 0.121875
0 0.461035 0.774219 0.341992 0.20625
0 0.190283 0.691406 0.11084 0.110937
0 0.206641 0.283008 0.0992187 0.127734
0 0.520312 0.664453 0.126563 0.124219
0 0.597656 0.79668 0.0765625 0.0785156
0 0.494531 0.801562 0.280469 0.159375
0 0.613281 0.793945 0.0453125 0.0652344
0 0.567187 0.812695 0.142188 0.133984
0 0.35918 0.755469 0.112891 0.107813
0 0.707812 0.48125 0.115625 0.0890625
0 0.232861 0.301172 0.18584 0.163281
0 0.675781 0.392969 0.214062 0.23125
0 0.889063 0.714844 0.040625 0.0640625
0 0.312891 0.739844 0.136719 0.125
0 0.557813 0.764063 0.145313 0.14375
0 0.319531 0.730078 0.628906 0.539844
0 0.542969 0.679688 0.182812 0.303125
0 0.229883 0.321094 0.110547 0.1
0 0.195312 0.270117 0.0644531 0.09375
0 0.6125 0.788281 0.0554687 0.0765625
0 0.737891 0.445312 0.161719 0.25
0 0.767969 0.764063 0.084375 0.096875
0 0.662891 0.296289 0.119531 0.135547
0 0.584375 0.535547 0.245312 0.314063
0 0.192383 0.269531 0.251953 0.169531
0 0.748438 0.460938 0.0875 0.09375
0 0.732813 0.50625 0.182812 0.184375
0 0.183984 0.752344 0.147656 0.153125
0 0.885938 0.724219 0.03125 0.0484375
0 0.746875 0.442188 0.096875 0.123438
0 0.748047 0.871484 0.503906 0.257031
0 0.520312 0.264844 0.142188 0.122656
0 0.585156 0.800781 0.104688 0.078125
0 0.497754 0.653516 0.574805 0.447656
0 0.948438 0.892188 0.0671875 0.109375
0 0.118164 0.253906 0.23125 0.144531
0 0.75 0.469531 0.0609375 0.078125
0 0.655859 0.932813 0.0789063 0.0875
0 0.822656 0.903906 0.346875 0.192188
0 0.342383 0.758594 0.0753906 0.096875
0 0.755469 0.494531 0.135937 0.198437
0 0.945312 0.880469 0.05625 0.0984375
0 0.735547 0.412598 0.147656 0.20293
0 0.717969 0.164648 0.182812 0.312891
0 0.803125 0.567969 0.03125 0.059375
0 0.529297 0.685547 0.113281 0.101562
0 0.745703 0.775781 0.0601563 0.0796875
0 0.714063 0.0907227 0.0375 0.0861328
0 0.165234 0.841992 0.263281 0.316016
0 0.692187 0.087085 0.0976562 0.16333
0 0.231641 0.317773 0.151953 0.144922
0 0.698438 0.335547 0.053125 0.0585938
0 0.499219 0.663672 0.15 0.1125
0 0.961719 0.925 0.0765625 0.146875
0 0.603906 0.940625 0.189063 0.11875
0 0.739062 0.478906 0.04375 0.065625
0 0.716797 0.100684 0.0296875 0.0638672
0 0.157422 0.739844 0.0980469 0.0953125
0 0.059668 0.275 0.119336 0.155469
0 0.254102 0.312891 0.187891 0.166406
0 0.797656 0.56875 0.0375 0.0625
0 0.73125 0.36582 0.19375 0.265234
0 0.206055 0.437891 0.358203 0.392188
0 0.258594 0.314063 0.132031 0.119531
0 0.216455 0.308203 0.110059 0.102344
0 0.351953 0.414062 0.124219 0.138281
0 0.197266 0.736719 0.145703 0.121875
0 0.7 0.471875 0.139063 0.10625
0 0.149902 0.732422 0.0740234 0.0804688
0 0.5125 0.6375 0.125 0.132812
0 0.317188 0.319141 0.590625 0.288281
0 0.84082 0.869922 0.305859 0.260156
0 0.877734 0.948438 0.244531 0.103125
0 0.242578 0.302734 0.136328 0.119531
0 0.692187 0.451172 0.129688 0.128125
0 0.266406 0.299609 0.232031 0.172656
0 0.876563 0.234961 0.096875 0.11875
0 0.04375 0.259961 0.0875 0.135937
0 0.400098 0.811719 0.137305 0.123438
0 0.666406 0.777344 0.307813 0.134375
0 0.660156 0.0693359 0.154688 0.130469
0 0.693359 0.165625 0.552344 0.33125
0 0.412402 0.79043 0.142383 0.141016
0 0.94375 0.866406 0.0625 0.123438
0 0.449219 0.232422 0.898438 0.460156
0 0.683984 0.111719 0.108594 0.130078
0 0.746875 0.478906 0.0351562 0.0609375
0 0.195898 0.303516 0.216797 0.155469
0 0.155859 0.621094 0.20625 0.35
0 0.227344 0.271875 0.298438 0.196484
0 0.752344 0.7625 0.059375 0.0625
0 0.0900391 0.346875 0.124219 0.110937
0 0.515625 0.748047 0.23125 0.238281
0 0.390234 0.650781 0.567969 0.460938
0 0.130176 0.489453 0.120898 0.13125
0 0.878125 0.705859 0.053125 0.071875
0 0.437402 0.241211 0.129883 0.121094
0 0.707031 0.442969 0.0984375 0.123438
0 0.951563 0.885938 0.05 0.075
0 0.696875 0.097168 0.0765625 0.114648
0 0.195654 0.259375 0.0485352 0.0695313
0 0.535937 0.684375 0.0828125 0.0742188
0 0.696875 0.34082 0.04375 0.0539063
0 0.94375 0.829688 0.028125 0.04375
0 0.896875 0.697266 0.0875 0.1
0 0.939063 0.879687 0.078125 0.1125
0 0.945312 0.832812 0.040625 0.059375
0 0.403125 0.19082 0.328125 0.241016
0 0.864844 0.684375 0.025 0.0359375
0 0.767578 0.5125 0.107031 0.178125
0 0.654688 0.286523 0.0921875 0.119141
0 0.601172 0.80625 0.065625 0.075
0 0.700781 0.401172 0.16875 0.208594
0 0.595703 0.709375 0.226562 0.278125
0 0.239453 0.95 0.114844 0.1
0 0.644922 0.253906 0.0570313 0.0804688
0 0.609375 0.801562 0.05 0.0640625
0 0.792969 0.957031 0.0796875 0.0859375
0 0.156152 0.726172 0.0552734 0.071875
0 0.187939 0.289258 0.135059 0.133984
0 0.804883 0.94375 0.0996094 0.109375
0 0.607031 0.778906 0.0640625 0.0953125
0 0.234375 0.929688 0.110156 0.140625
0 0.0364258 0.269141 0.0728516 0.176563
0 0.764063 0.516406 0.0796875 0.129688
0 0.789844 0.573828 0.04375 0.0703125
0 0.57666 0.635938 0.482617 0.48125
0 0.655078 0.274219 0.059375 0.0851563
0 0.175732 0.736719 0.135254 0.114063
0 0.497656 0.265234 0.139063 0.107031
0 0.664844 0.0925537 0.14375 0.136768
0 0.208594 0.274805 0.375781 0.251172
0 0.342773 0.740234 0.0707031 0.0992187
0 0.489453 0.632812 0.171094 0.228125
0 0.121118 0.249609 0.158545 0.132812
0 0.795313 0.578516 0.03125 0.0578125
0 0.644531 0.341797 0.265625 0.233594
0 0.702344 0.726953 0.595313 0.546094
0 0.539062 0.277734 0.129688 0.104688
0 0.692578 0.369922 0.0875 0.139844
0 0.542969 0.807813 0.182031 0.145313
0 0.800781 0.575781 0.034375 0.0625
0 0.558203 0.101953 0.355469 0.200781
0 0.224609 0.753906 0.1875 0.15625
0 0.372852 0.377344 0.144141 0.142188
0 0.143359 0.742188 0.0703125 0.0875
0 0.592188 0.769531 0.090625 0.128125
0 0.5375 0.711719 0.10625 0.132812
0 0.755469 0.476953 0.0390625 0.0640625
0 0.163672 0.276367 0.1375 0.126953
0 0.211328 0.330078 0.151953 0.135937
0 0.425098 0.8125 0.13418 0.11875
0 0.600781 0.817383 0.0796875 0.105859
0 0.694141 0.353125 0.059375 0.0984375
0 0.664844 0.286328 0.0765625 0.105078
0 0.709375 0.0812256 0.109375 0.149268
0 0.225391 0.28418 0.1125 0.141016
0 0.240576 0.745313 0.265723 0.167187
0 0.317969 0.835742 0.51875 0.328516
0 0.583594 0.775781 0.134375 0.18125
0 0.231641 0.225 0.421875 0.348438
0 0.689844 0.490625 0.0796875 0.0640625
0 0.776563 0.964063 0.046875 0.071875
0 0.547266 0.673438 0.0578125 0.0625
0 0.173242 0.729688 0.117969 0.0890625
0 0.807813 0.262891 0.025 0.040625
0 0.622656 0.756641 0.229687 0.202344
0 0.675781 0.310937 0.104688 0.139063
0 0.664062 0.939063 0.0609375 0.075
0 0.244531 0.342187 0.136719 0.111719
0 0.463281 0.275781 0.10625 0.08125
0 0.103101 0.316016 0.152783 0.122656
0 0.774219 0.546094 0.0796875 0.0859375
0 0.141797 0.279297 0.127344 0.134375
0 0.8 0.93125 0.0609375 0.0828125
0 0.532813 0.696875 0.0875 0.096875
0 0.609375 0.297266 0.234375 0.157813
0 0.202734 0.254688 0.059375 0.0835937
0 0.087793 0.306055 0.126367 0.131641
0 0.334375 0.749219 0.0710938 0.1
0 0.478125 0.705469 0.308594 0.282813
0 0.705078 0.0652222 0.0507812 0.0992432
0 0.705469 0.0878906 0.053125 0.107422
0 0.313281 0.754687 0.11875 0.121875
0 0.740625 0.787305 0.0609375 0.0816406
0 0.454688 0.831055 0.695312 0.337891
0 0.752344 0.757031 0.0703125 0.09375
0 0.896875 0.889844 0.203125 0.185938
0 0.646094 0.30957 0.173438 0.171484
0 0.101172 0.285156 0.200781 0.184375
0 0.36875 0.329297 0.3875 0.217969
0 0.108398 0.501563 0.0873047 0.11875
0 0.175586 0.391016 0.279297 0.275781
0 0.714453 0.772656 0.211719 0.128125
0 0.0742188 0.288477 0.143555 0.141406
0 0.160352 0.360547 0.291406 0.209375
0 0.621094 0.413672 0.317188 0.207813
0 0.644531 0.274609 0.0640625 0.0898438
0 0.354688 0.735547 0.100781 0.119531
0 0.233984 0.959375 0.0976562 0.08125
0 0.718359 0.434766 0.078125 0.136719
0 0.638281 0.695703 0.329688 0.264844
0 0.214795 0.841797 0.191504 0.316406
0 0.069043 0.216602 0.136719 0.104297
0 0.274219 0.285938 0.327344 0.178125
0 0.66875 0.269922 0.040625 0.0625
0 0.9125 0.684766 0.1125 0.130469
0 0.382129 0.799219 0.157617 0.13125
0 0.298242 0.341797 0.270703 0.20625
0 0.688672 0.35 0.214844 0.248438
0 0.153613 0.754687 0.163086 0.154688
0 0.582031 0.821094 0.130469 0.114063
0 0.521484 0.254688 0.332813 0.167187
0 0.685938 0.331445 0.078125 0.101172
0 0.740625 0.489063 0.040625 0.0640625
0 0.636719 0.539844 0.296875 0.298438
0 0.939844 0.905469 0.120313 0.189063
0 0.960156 0.900781 0.0609375 0.096875
0 0.0744141 0.337891 0.0900391 0.0804688
0 0.706641 0.341211 0.046875 0.0574219
0 0.3 0.727344 0.146875 0.11875
0 0.685938 0.245312 0.275 0.239453
0 0.130371 0.751172 0.0474609 0.0679687
0 0.106665 0.311133 0.125342 0.104297
0 0.144141 0.329883 0.125391 0.114453
0 0.238086 0.914062 0.133203 0.1375
0 0.186377 0.314844 0.137402 0.107031
0 0.333203 0.775781 0.0585938 0.0890625
0 0.772656 0.757812 0.114063 0.134375
0 0.101172 0.724219 0.145313 0.129688
0 0.0619629 0.299023 0.112402 0.158203
0 0.509375 0.282227 0.120313 0.0894531
0 0.18418 0.324414 0.325391 0.240234
0 0.357812 0.775 0.120313 0.117188
0 0.219092 0.760938 0.134473 0.159375
0 0.789062 0.949219 0.065625 0.0859375
0 0.401953 0.689844 0.474219 0.376563
0 0.126465 0.757422 0.0396484 0.0601563
0 0.875 0.968359 0.25 0.0632813
0 0.817969 0.9375 0.123438 0.125
0 0.294922 0.539844 0.589844 0.667188
0 0.532813 0.427344 0.615625 0.854688
0 0.305859 0.414453 0.569531 0.817969
0 0.177441 0.525 0.354883 0.66875
0 0.380078 0.522656 0.501563 0.692187
0 0.1375 0.276758 0.275 0.205859
0 0.704688 0.0680664 0.0664062 0.124023
0 0.66875 0.0704102 0.134375 0.134375
0 0.0658203 0.284375 0.131641 0.190625
0 0.495313 0.522656 0.6375 0.6875
0 0.424219 0.436719 0.675 0.873438
0 0.609375 0.378516 0.49375 0.757031
0 0.691797 0.0695313 0.0898438 0.13418
0 0.134961 0.557422 0.269922 0.744531
0 0.621094 0.503906 0.553125 0.7
0 0.123438 0.231982 0.246875 0.388379
0 0.627734 0.0720215 0.207031 0.141113
0 0.0506836 0.287109 0.101367 0.210156
0 0.710938 0.0746094 0.0492188 0.107031
0 0.471973 0.342187 0.687305 0.684375
0 0.696484 0.187109 0.278906 0.374219
0 0.0372314 0.258594 0.0744629 0.153906
0 0.262109 0.62666 0.524219 0.74668
0 0.374414 0.290234 0.719922 0.580469
0 0.624219 0.822266 0.751563 0.355469
0 0.871484 0.905078 0.257031 0.189844
0 0.625391 0.258203 0.439844 0.516406
0 0.559375 0.292969 0.557813 0.585938
0 0.0672363 0.376953 0.134473 0.386719
0 0.124121 0.403027 0.248242 0.608008
0 0.213086 0.319727 0.145703 0.118359
0 0.0878906 0.348438 0.174609 0.334375
0 0.301953 0.172852 0.0460938 0.09375
0 0.309375 0.174023 0.059375 0.116406
0 0.45625 0.262891 0.0851563 0.100781
0 0.408594 0.37666 0.314844 0.25293
0 0.644531 0.272656 0.059375 0.0914062
0 0.754297 0.908594 0.491406 0.182812
0 0.693359 0.891406 0.613281 0.217188
0 0.446875 0.254492 0.096875 0.130859
0 0.654297 0.370508 0.222656 0.287109
0 0.654688 0.290234 0.110937 0.146094
0 0.174316 0.575781 0.223242 0.3375
0 0.703125 0.457031 0.132031 0.133594
0 0.156738 0.351562 0.313477 0.653906
0 0.919531 0.904297 0.160938 0.191406
0 0.716797 0.0799805 0.0398437 0.0900391
0 0.233594 0.313281 0.128906 0.122656
0 0.646094 0.278906 0.0828125 0.11875
0 0.872266 0.934375 0.255469 0.13125
0 0.871875 0.960156 0.25625 0.0796875
0 0.571484 0.212695 0.516406 0.425391
0 0.678906 0.0871338 0.126563 0.166357
0 0.832812 0.904297 0.326562 0.191406
0 0.206592 0.300586 0.121973 0.140234
0 0.872461 0.988672 0.255078 0.0226563
0 0.481348 0.238867 0.662305 0.477734
0 0.591406 0.0354004 0.0453125 0.0557617
0 0.238232 0.608984 0.359473 0.267969
0 0.792188 0.337891 0.0265625 0.0363281
0 0.0775635 0.342969 0.130811 0.120313
0 0.614844 0.159766 0.23125 0.311719
0 0.635938 0.257812 0.03125 0.0570313
0 0.646094 0.196875 0.3875 0.39375
0 0.635938 0.265234 0.0359375 0.0652344
0 0.450781 0.275195 0.0765625 0.0804688
0 0.0527344 0.245508 0.105469 0.266797
0 0.438281 0.239893 0.115625 0.156152
0 0.057373 0.316797 0.114746 0.172656
0 0.587109 0.0351685 0.0679687 0.0693115
0 0.697656 0.343555 0.0515625 0.0636719
0 0.302148 0.157715 0.0445313 0.0791016
0 0.946875 0.882031 0.053125 0.0828125
0 0.317773 0.173633 0.0761719 0.136719
0 0.460938 0.278516 0.0953125 0.0984375
0 0.698438 0.336133 0.0625 0.0785156
0 0.597656 0.035437 0.0375 0.0527588
0 0.034375 0.237109 0.06875 0.123438
0 0.191992 0.728906 0.119922 0.123438
0 0.419434 0.16377 0.281445 0.252148
0 0.803125 0.305469 0.053125 0.107813
0 0.65 0.180078 0.171875 0.360156
0 0.795313 0.332422 0.03125 0.05625
0 0.660156 0.310742 0.125 0.187891
0 0.122168 0.588281 0.222852 0.322656
0 0.25625 0.341406 0.507812 0.651563
0 0.479688 0.290625 0.11875 0.127344
0 0.310352 0.152734 0.0554687 0.128906
0 0.581641 0.028418 0.0835937 0.0568359
0 0.571094 0.0710938 0.33125 0.14082
0 0.690625 0.095874 0.0921875 0.129346
0 0.296875 0.163086 0.0328125 0.0527344
0 0.657422 0.267969 0.06875 0.0804688
0 0.946875 0.904688 0.09375 0.190625
0 0.792188 0.332031 0.0421875 0.0601563
0 0.867188 0.995313 0.265625 0.009375
0 0.674219 0.194531 0.164062 0.389062
0 0.714453 0.100586 0.0328125 0.0585938
0 0.492188 0.262695 0.139063 0.130859
0 0.633496 0.916016 0.72207 0.167969
0 0.136719 0.340234 0.272656 0.319531
0 0.603906 0.111328 0.253125 0.218359
0 0.65 0.104883 0.167187 0.205078
0 0.95 0.883594 0.04375 0.05625
0 0.0285156 0.248438 0.0570313 0.132031
0 0.675 0.0678223 0.18125 0.135645
0 0.471094 0.266016 0.117188 0.113281
0 0.592188 0.0302856 0.05625 0.0534912
0 0.95 0.884375 0.065625 0.103125
0 0.298047 0.171484 0.0375 0.071875
0 0.544531 0.286328 0.120313 0.132031
0 0.214014 0.337695 0.114941 0.112891
0 0.398828 0.197656 0.236719 0.265625
0 0.0831055 0.484277 0.166211 0.289258
0 0.732813 0.192969 0.190625 0.375
0 0.558594 0.288867 0.0828125 0.126172
0 0.712109 0.0890381 0.0382813 0.086377
0 0.025769 0.225391 0.051001 0.0960938
0 0.059668 0.326758 0.114258 0.116016
0 0.203906 0.280859 0.102344 0.152344
0 0.682813 0.321875 0.0921875 0.171875
0 0.0526367 0.32207 0.105273 0.282422
0 0.0985352 0.274561 0.19707 0.200098
0 0.0646484 0.340234 0.11582 0.0867188
0 0.129492 0.583984 0.0925781 0.14375
0 0.205029 0.848828 0.203223 0.302344
0 0.940625 0.865625 0.06875 0.1
0 0.208008 0.597266 0.273047 0.305469
0 0.689063 0.344727 0.0390625 0.0542969
0 0.599609 0.866016 0.800781 0.267969
0 0.259766 0.324219 0.146094 0.132031
0 0.0987305 0.464063 0.185352 0.575
0 0.573438 0.036377 0.109375 0.0727539
0 0.0664062 0.299219 0.0943359 0.176563
0 0.566406 0.0276855 0.120313 0.0553711
0 0.9 0.99375 0.2 0.0125
0 0.719531 0.108398 0.107813 0.208984
0 0.382422 0.286328 0.207031 0.346875
0 0.705859 0.0874756 0.0515625 0.103955
0 0.0234375 0.219727 0.0416016 0.0800781
0 0.192383 0.704688 0.118359 0.135937
0 0.6375 0.253711 0.0414063 0.0734375
0 0.66875 0.0447266 0.144531 0.0792969
0 0.633594 0.271484 0.0453125 0.107031
0 0.270703 0.577734 0.400781 0.241406
0 0.607422 0.0353394 0.0367188 0.0551025
0 0.811328 0.921875 0.377344 0.15625
0 0.63125 0.282422 0.0640625 0.1375
0 0.9 0.567187 0.0625 0.08125
0 0.0284668 0.280469 0.0569336 0.192188
0 0.689063 0.34043 0.0671875 0.0988281
0 0.75 0.204688 0.171875 0.314453
0 0.465625 0.735156 0.326562 0.251563
0 0.439063 0.263281 0.0765625 0.0960938
0 0.344727 0.412402 0.128516 0.145508
0 0.712109 0.15625 0.175781 0.309375
0 0.0494629 0.375391 0.0989258 0.38125
0 0.0467773 0.355273 0.0861328 0.0824219
0 0.253516 0.349805 0.125781 0.0996094
0 0.155103 0.65625 0.177295 0.260938
0 0.814844 0.996094 0.30625 0.0078125
0 0.343555 0.281445 0.243359 0.329297
0 0.337891 0.290234 0.675781 0.580469
0 0.0650879 0.285156 0.130176 0.407031
0 0.311914 0.191016 0.0722656 0.143359
0 0.236328 0.331641 0.124609 0.0953125
0 0.0672852 0.413281 0.13457 0.542188
0 0.576563 0.540234 0.223438 0.408594
0 0.38916 0.346875 0.357617 0.219531
0 0.754687 0.128223 0.145313 0.241602
0 0.0629395 0.499316 0.125879 0.32168
0 0.276172 0.952344 0.302344 0.0953125
0 0.714453 0.467187 0.152344 0.10625
0 0.103735 0.612891 0.0940918 0.130469
0 0.125098 0.649219 0.212695 0.285938
0 0.271484 0.456152 0.374219 0.251758
0 0.133594 0.708203 0.196094 0.321094
0 0.533594 0.297656 0.15 0.130469
0 0.645312 0.250586 0.059375 0.0882813
0 0.876563 0.716406 0.0421875 0.065625
0 0.13252 0.206445 0.260742 0.412891
0 0.465625 0.299414 0.107813 0.129297
0 0.707422 0.0738281 0.175781 0.139648
0 0.599219 0.0424927 0.0453125 0.0722412
0 0.266602 0.352539 0.127734 0.118359
0 0.1625 0.530078 0.0984375 0.153906
0 0.191016 0.772656 0.163281 0.171875
0 0.603125 0.0399414 0.0390625 0.0576172
0 0.175391 0.7375 0.132031 0.134375
0 0.239844 0.957422 0.126563 0.0851563
0 0.397656 0.332813 0.264062 0.198437
0 0.189063 0.254248 0.264062 0.224316
0 0.114844 0.602344 0.0923828 0.142188
0 0.573438 0.154688 0.31875 0.295312
0 0.690234 0.352148 0.183594 0.253516
0 0.594531 0.0430664 0.0546875 0.0861328
0 0.0765869 0.373047 0.122217 0.113281
0 0.289795 0.989844 0.279004 0.0203125
0 0.607031 0.0631348 0.273438 0.12627
0 0.150488 0.582422 0.116211 0.166406
0 0.113574 0.376465 0.217773 0.367383
0 0.64375 0.0475586 0.120313 0.0951172
0 0.415234 0.246094 0.830469 0.492188
0 0.564063 0.664844 0.144531 0.339063
0 0.32168 0.446094 0.630078 0.684375
0 0.521875 0.541309 0.6875 0.600195
0 0.0550781 0.269141 0.0949219 0.161719
0 0.334766 0.566016 0.603906 0.441406
0 0.698438 0.0727539 0.06875 0.107227
0 0.399219 0.497559 0.798438 0.595508
0 0.0412109 0.270117 0.0824219 0.169922
0 0.0476562 0.286328 0.0953125 0.180469
0 0.357812 0.386035 0.117188 0.123242
0 0.532031 0.280078 0.107813 0.0902344
0 0.712109 0.0755859 0.040625 0.0960938
0 0.552344 0.287305 0.0921875 0.084375
0 0.678906 0.0712891 0.1125 0.124023
0 0.175391 0.714063 0.078125 0.0601563
0 0.0316406 0.258008 0.0632813 0.148828
0 0.15293 0.715625 0.0316406 0.0492188
0 0.568359 0.361719 0.592969 0.713281
0 0.651563 0.0709961 0.157813 0.132227
0 0.555859 0.299219 0.0804688 0.0640625
0 0.158496 0.716016 0.0427734 0.0539063
0 0.332813 0.392578 0.0890625 0.121094
0 0.607813 0.0679687 0.24375 0.130469
0 0.251172 0.37207 0.488281 0.512109
0 0.558594 0.30625 0.065625 0.0515625
0 0.508594 0.280859 0.053125 0.0597656
0 0.182031 0.708203 0.09375 0.0734375
0 0.540625 0.303906 0.115625 0.0804688
0 0.501953 0.268359 0.0609375 0.0765625
0 0.299414 0.173438 0.0339844 0.0769531
0 0.457031 0.673828 0.2375 0.305469
0 0.584375 0.279687 0.579688 0.503125
0 0.689844 0.08396 0.0828125 0.121924
0 0.504687 0.605469 0.096875 0.148438
0 0.507031 0.266211 0.0734375 0.0933594
0 0.185107 0.719531 0.108691 0.0765625
0 0.0655273 0.326172 0.0759766 0.0984375
0 0.0509766 0.380078 0.101953 0.417969
0 0.871484 0.9 0.257031 0.2
0 0.523438 0.683594 0.128125 0.323438
0 0.153906 0.711719 0.0390625 0.0578125
0 0.501563 0.280078 0.0515625 0.053125
0 0.0561523 0.300391 0.102734 0.2375
0 0.717969 0.0771484 0.0359375 0.0828125
0 0.0285645 0.246094 0.0486328 0.115625
0 0.536719 0.3125 0.103125 0.10625
0 0.554688 0.169531 0.565625 0.324219
0 0.520312 0.265234 0.10625 0.109766
0 0.707812 0.0665039 0.0507812 0.101562
0 0.669141 0.0849609 0.136719 0.153711
0 0.116992 0.589844 0.107227 0.0828125
0 0.508984 0.294336 0.075 0.0855469
0 0.307422 0.169141 0.0453125 0.0804688
0 0.496875 0.277734 0.0375 0.0492188
0 0.426563 0.225 0.1 0.0992187
0 0.494922 0.25625 0.0703125 0.0960938
0 0.0668945 0.327734 0.0658203 0.0675781
0 0.382031 0.387891 0.159375 0.125781
0 0.775781 0.745313 0.046875 0.0671875
0 0.666797 0.0873047 0.141406 0.101953
0 0.799219 0.3 0.046875 0.110156
0 0.794531 0.332031 0.0296875 0.0519531
0 0.0908203 0.264844 0.178125 0.170313
0 0.548438 0.68125 0.15625 0.328125
0 0.714844 0.0881104 0.03125 0.0788574
0 0.0683594 0.295508 0.0703125 0.119922
0 0.524609 0.593652 0.580469 0.492383
0 0.675 0.0974365 0.1125 0.117627
0 0.405078 0.223828 0.0632813 0.0929688
0 0.569922 0.279297 0.122656 0.096875
0 0.575 0.308984 0.0359375 0.0460938
0 0.654688 0.166992 0.360938 0.318359
0 0.548438 0.275586 0.08125 0.0871094
0 0.701563 0.0854492 0.053125 0.105859
0 0.360352 0.501465 0.666797 0.476758
0 0.846484 0.88418 0.307031 0.225391
0 0.167969 0.720313 0.0691406 0.065625
0 0.123926 0.588281 0.107227 0.11875
0 0.79375 0.338281 0.025 0.034375
0 0.688281 0.0621582 0.078125 0.101855
0 0.0321289 0.229687 0.0443359 0.0945313
0 0.081665 0.217969 0.158154 0.422656
0 0.400391 0.478906 0.761719 0.81875
0 0.309375 0.155859 0.05 0.101172
0 0.0517578 0.343945 0.103516 0.542578
0 0.0486328 0.255859 0.0972656 0.463281
0 0.432031 0.242188 0.0859375 0.1125
0 0.961719 0.475781 0.0734375 0.0789063
0 0.405469 0.237109 0.0476562 0.0976562
0 0.714844 0.166992 0.2375 0.324609
0 0.0657227 0.280078 0.11582 0.189844
0 0.134082 0.574219 0.10957 0.126563
0 0.517188 0.324219 0.0460938 0.0664062
0 0.313867 0.174805 0.0542969 0.1
0 0.696875 0.280859 0.60625 0.546094
0 0.0761719 0.60625 0.105469 0.065625
0 0.125977 0.261914 0.251953 0.176953
0 0.636719 0.0874756 0.18125 0.153564
0 0.399219 0.226562 0.0390625 0.0835937
0 0.338281 0.408984 0.0960938 0.173438
0 0.558594 0.275391 0.175 0.103125
0 0.0842041 0.60625 0.0655762 0.05625
0 0.846484 0.817187 0.307031 0.35625
0 0.961719 0.470313 0.0765625 0.103125
0 0.299609 0.295312 0.592969 0.536719
0 0.700781 0.106616 0.179688 0.198877
0 0.0370239 0.251758 0.0704834 0.115234
0 0.450781 0.244922 0.0492188 0.0945313
0 0.633594 0.793555 0.732813 0.394141
0 0.027002 0.225 0.0375 0.0828125
0 0.49375 0.273828 0.053125 0.0617188
0 0.170703 0.398828 0.317188 0.453906
0 0.354492 0.377344 0.0972656 0.103125
0 0.107446 0.569531 0.176514 0.115625
0 0.974219 0.705469 0.0515625 0.1
0 0.522266 0.276172 0.135937 0.104688
0 0.249805 0.223828 0.482422 0.425
0 0.464063 0.256641 0.0445313 0.084375
0 0.517188 0.311719 0.0710938 0.1125
0 0.163184 0.535937 0.0994141 0.109375
0 0.423828 0.202393 0.102344 0.101465
0 0.373047 0.755078 0.125781 0.0851563
0 0.510547 0.586328 0.096875 0.127344
0 0.0755371 0.333398 0.151074 0.545703
0 0.532031 0.575 0.0492188 0.078125
0 0.382031 0.330273 0.716406 0.541797
0 0.297656 0.163672 0.0273438 0.0503906
0 0.110718 0.6 0.0820801 0.065625
0 0.892188 0.56875 0.053125 0.075
0 0.517578 0.575 0.071875 0.09375
0 0.455469 0.251563 0.0359375 0.0816406
0 0.751563 0.48125 0.0234375 0.0484375
0 0.499609 0.622656 0.0804688 0.129688
0 0.435059 0.382031 0.295508 0.607031
0 0.709375 0.0752197 0.096875 0.123389
0 0.565625 0.292188 0.0890625 0.0882813
0 0.126367 0.215039 0.24375 0.335547
0 0.413281 0.216406 0.078125 0.0898438
0 0.0661133 0.337891 0.102148 0.134375
0 0.216797 0.305078 0.0484375 0.0605469
0 0.148145 0.559766 0.10293 0.135937
0 0.510547 0.570312 0.108594 0.21875
0 0.792188 0.331641 0.040625 0.0585938
0 0.452344 0.227734 0.0421875 0.0601563
0 0.525781 0.566406 0.053125 0.090625
0 0.553125 0.309766 0.078125 0.0960938
0 0.536719 0.569531 0.0359375 0.071875
0 0.452344 0.471875 0.028125 0.0453125
0 0.754297 0.476953 0.0273438 0.0640625
0 0.168164 0.703125 0.0667969 0.0734375
0 0.0628418 0.285547 0.0969727 0.133594
0 0.211133 0.313867 0.0742188 0.078125
0 0.5375 0.755469 0.0625 0.125
0 0.601562 0.0280273 0.053125 0.0374023
0 0.435547 0.250977 0.0648438 0.1
0 0.156641 0.722656 0.0550781 0.0796875
0 0.457422 0.239844 0.0320312 0.0664062
0 0.675 0.111914 0.15625 0.21875
0 0.45625 0.469922 0.04375 0.0617188
0 0.747266 0.488281 0.0257812 0.046875
0 0.510156 0.652344 0.10625 0.239063
0 0.0945313 0.607813 0.0460938 0.0492188
0 0.792188 0.33418 0.03125 0.0410156
0 0.0249023 0.213281 0.0328125 0.0632813
0 0.622656 0.0285156 0.05 0.0359375
0 0.361328 0.363672 0.113281 0.102344
0 0.416309 0.395215 0.23457 0.143945
0 0.638672 0.244531 0.422656 0.489063
0 0.785937 0.301563 0.0625 0.116406
0 0.416797 0.311719 0.264844 0.453125
0 0.469531 0.479688 0.078125 0.0679687
0 0.701563 0.356836 0.596875 0.700391
0 0.985156 0.480469 0.0296875 0.08125
0 0.736719 0.131055 0.159375 0.235547
0 0.527734 0.31875 0.126563 0.132812
0 0.539453 0.557813 0.0289063 0.05625
0 0.671094 0.0533691 0.114844 0.0866211
0 0.509766 0.547266 0.120313 0.283594
0 0.686719 0.104517 0.084375 0.114014
0 0.0712402 0.595703 0.100684 0.0710938
0 0.0748047 0.873438 0.0402344 0.090625
0 0.758594 0.852344 0.482812 0.285938
0 0.43125 0.479688 0.307031 0.532813
0 0.769141 0.74375 0.0429688 0.0625
0 0.712891 0.0885742 0.0445313 0.0832031
0 0.120142 0.577344 0.140576 0.101562
0 0.225 0.306641 0.0386719 0.0640625
0 0.746094 0.479297 0.0328125 0.0632813
0 0.352344 0.422559 0.124219 0.19707
0 0.537891 0.550781 0.0328125 0.0625
0 0.472656 0.487891 0.125 0.0921875
0 0.52959 0.485938 0.506445 0.626563
0 0.448535 0.583594 0.220117 0.284375
0 0.0763672 0.586719 0.114453 0.0828125
0 0.217529 0.316016 0.102441 0.0875
0 0.409375 0.252344 0.040625 0.0773438
0 0.563281 0.289062 0.155469 0.103906
0 0.711719 0.470703 0.101562 0.0875
0 0.467969 0.483594 0.0953125 0.08125
0 0.327734 0.42666 0.0867188 0.188867
0 0.457031 0.228906 0.0289063 0.0429688
0 0.0370117 0.222266 0.0554687 0.0960938
0 0.642578 0.517871 0.713281 0.633008
0 0.773438 0.735938 0.0453125 0.0625
0 0.0484375 0.207471 0.096875 0.297559
0 0.051709 0.31875 0.0926758 0.1375
0 0.477344 0.270703 0.071875 0.0734375
0 0.478125 0.642969 0.0320312 0.05625
0 0.178516 0.696484 0.110937 0.0820312
0 0.314844 0.143262 0.0578125 0.12207
0 0.293555 0.292188 0.136719 0.34375
0 0.595313 0.679688 0.242188 0.315625
0 0.439844 0.413281 0.285938 0.197656
0 0.739844 0.489063 0.0414063 0.0515625
0 0.491016 0.639844 0.0625 0.101562
0 0.433203 0.379297 0.274219 0.19375
0 0.127539 0.382324 0.246484 0.460352
0 0.619531 0.0927734 0.535937 0.185547
0 0.12168 0.592578 0.200391 0.121094
0 0.698438 0.0972656 0.0617188 0.105273
0 0.738281 0.193359 0.523438 0.386719
0 0.177393 0.525781 0.101465 0.117188
0 0.497266 0.650781 0.084375 0.134375
0 0.773438 0.746875 0.0609375 0.0765625
0 0.350195 0.288867 0.132422 0.337891
0 0.395215 0.215625 0.0408203 0.071875
0 0.636719 0.113965 0.184375 0.218945
0 0.226953 0.5375 0.342187 0.173438
0 0.503125 0.30918 0.0671875 0.126563
0 0.320312 0.299219 0.105469 0.357031
0 0.80625 0.258984 0.025 0.034375
0 0.0343994 0.206836 0.0687988 0.304297
0 0.505469 0.238672 0.0375 0.0507812
0 0.150781 0.716797 0.0488281 0.0632813
0 0.397656 0.369336 0.2 0.161328
0 0.403125 0.249609 0.0296875 0.0492188
0 0.503516 0.294922 0.177344 0.110156
0 0.321289 0.400879 0.0527344 0.101367
0 0.0295898 0.214404 0.0422852 0.0790039
0 0.614062 0.645312 0.295312 0.379688
0 0.0700195 0.307031 0.103906 0.100781
0 0.538281 0.685938 0.0710938 0.0726563
0 0.873242 0.928906 0.253516 0.142188
0 0.0503906 0.586719 0.0791016 0.0890625
0 0.442578 0.219922 0.0640625 0.0679687
0 0.45625 0.270898 0.046875 0.0707031
0 0.494922 0.294336 0.0789063 0.102734
0 0.722266 0.482812 0.0765625 0.065625
0 0.519141 0.551562 0.090625 0.121875
0 0.0750977 0.885938 0.0318359 0.065625
0 0.671094 0.10979 0.116406 0.0819824
0 0.603125 0.0280273 0.084375 0.040625
0 0.207813 0.725 0.146484 0.0867188
0 0.475781 0.246484 0.065625 0.0890625
0 0.628125 0.0282715 0.0328125 0.034082
0 0.616016 0.0335815 0.0695313 0.0523682
0 0.30625 0.190234 0.046875 0.115625
0 0.107227 0.601562 0.0839844 0.09375
0 0.710156 0.14248 0.192188 0.281445
0 0.144141 0.634375 0.235156 0.216406
0 0.484766 0.604297 0.144531 0.172656
0 0.883594 0.579688 0.0375 0.05625
0 0.481348 0.63125 0.35918 0.4375
0 0.565234 0.0521484 0.391406 0.103906
0 0.51875 0.482422 0.0835937 0.110156
0 0.765625 0.960156 0.0296875 0.0609375
0 0.505078 0.647266 0.0992187 0.175781
0 0.535156 0.667188 0.0546875 0.071875
0 0.5375 0.379297 0.10625 0.232031
0 0.480078 0.279297 0.108594 0.0914062
0 0.364844 0.346289 0.117188 0.116016
0 0.446875 0.46875 0.046875 0.06875
0 0.733594 0.478125 0.0515625 0.0671875
0 0.370313 0.484277 0.142188 0.323633
0 0.519141 0.5 0.0859375 0.15625
0 0.958594 0.467969 0.0625 0.065625
0 0.20957 0.301563 0.0570313 0.0640625
0 0.745703 0.177344 0.164844 0.313672
0 0.0749512 0.60625 0.108691 0.096875
0 0.529688 0.786719 0.08125 0.14375
0 0.975781 0.485938 0.0484375 0.0828125
0 0.0761475 0.444922 0.145752 0.377344
0 0.746094 0.783594 0.507812 0.425
0 0.102637 0.606641 0.0683594 0.075
0 0.176514 0.728125 0.110254 0.104688
0 0.53125 0.582422 0.135156 0.192188
0 0.0853516 0.605078 0.0798828 0.0875
0 0.950781 0.466406 0.05 0.0578125
0 0.117969 0.293164 0.223047 0.216797
0 0.385547 0.82207 0.708594 0.327734
0 0.982031 0.464063 0.0359375 0.10625
0 0.315234 0.147754 0.06875 0.181055
0 0.547656 0.544922 0.178125 0.2875
0 0.508594 0.332227 0.034375 0.05
0 0.190625 0.736328 0.138281 0.119531
0 0.147852 0.565234 0.266797 0.134375
0 0.0716797 0.229102 0.11875 0.109766
0 0.321875 0.418359 0.0671875 0.157813
0 0.796875 0.341211 0.03125 0.0449219
0 0.0429688 0.599219 0.0535156 0.0703125
0 0.0911133 0.598047 0.0652344 0.0601563
0 0.289062 0.414062 0.578125 0.79375
0 0.655078 0.0750977 0.157031 0.138477
0 0.714063 0.0723633 0.0390625 0.107422
0 0.679688 0.073877 0.1125 0.129785
0 0.696094 0.0725586 0.0859375 0.124023
0 0.61875 0.0712402 0.229687 0.133887
0 0.660156 0.482812 0.0375 0.0703125
0 0.702734 0.0715332 0.0554687 0.109668
0 0.431641 0.58125 0.28125 0.528125
0 0.525 0.6875 0.104688 0.335938
0 0.503809 0.454688 0.436133 0.903125
0 0.720313 0.074707 0.0375 0.101367
0 0.593652 0.449219 0.693945 0.898438
0 0.7 0.342187 0.05 0.0554687
0 0.427246 0.442578 0.293945 0.869531
0 0.654297 0.482031 0.034375 0.0617188
0 0.363477 0.545703 0.424609 0.597656
0 0.674219 0.0443481 0.107813 0.0630615
0 0.543359 0.752344 0.0796875 0.201563
0 0.545313 0.671875 0.075 0.346875
0 0.0373047 0.256445 0.0746094 0.150781
0 0.376172 0.137695 0.180469 0.223828
0 0.660937 0.478906 0.059375 0.0703125
0 0.710156 0.342578 0.0375 0.0554687
0 0.2875 0.534375 0.575 0.545313
0 0.370508 0.431934 0.410547 0.786133
0 0.525781 0.543359 0.096875 0.292188
0 0.436816 0.678516 0.268555 0.303906
0 0.569141 0.401563 0.542969 0.803125
0 0.507812 0.616016 0.09375 0.157813
0 0.523047 0.614062 0.105469 0.170313
0 0.664062 0.490234 0.034375 0.0765625
0 0.693359 0.0646973 0.0726563 0.100684
0 0.694531 0.337695 0.046875 0.0550781
0 0.641016 0.469141 0.407031 0.919531
0 0.675781 0.299609 0.310937 0.595313
0 0.752344 0.489063 0.028125 0.046875
0 0.0536621 0.267969 0.0899414 0.173438
0 0.301953 0.174805 0.0367188 0.0804688
0 0.313672 0.125879 0.0671875 0.222461
0 0.305469 0.161328 0.0457031 0.0859375
0 0.635156 0.25293 0.0390625 0.0535156
0 0.8 0.300195 0.046875 0.116016
0 0.622656 0.0371216 0.0765625 0.0513428
0 0.748438 0.492969 0.028125 0.0515625
0 0.679688 0.0562988 0.0953125 0.0874023
0 0.503906 0.554688 0.151562 0.6
0 0.309766 0.150879 0.05 0.150195
0 0.65 0.472656 0.0375 0.0484375
0 0.528906 0.762109 0.0960938 0.197656
0 0.63125 0.253516 0.0273438 0.0449219
0 0.796875 0.333594 0.034375 0.0515625
0 0.716406 0.0885742 0.0328125 0.0886719
0 0.624609 0.0337891 0.0460938 0.0436523
0 0.69375 0.0845703 0.128125 0.151953
0 0.495313 0.641406 0.175 0.425
0 0.538281 0.56875 0.034375 0.0726563
0 0.546094 0.689844 0.0492188 0.065625
0 0.342187 0.469922 0.671875 0.939844
0 0.0327393 0.253125 0.0654785 0.192969
0 0.342969 0.130469 0.117188 0.225781
0 0.646875 0.263281 0.053125 0.0589844
0 0.0283081 0.242969 0.0484619 0.119531
0 0.689844 0.338672 0.0328125 0.0472656
0 0.753906 0.48125 0.0273438 0.05625
0 0.65 0.465625 0.0289063 0.03125
0 0.803906 0.24375 0.0328125 0.0722656
0 0.0352539 0.228711 0.0416992 0.0839844
0 0.715234 0.0976562 0.0398437 0.0888672
0 0.0504883 0.287305 0.100977 0.207422
0 0.308203 0.174414 0.046875 0.101172
0 0.303125 0.188867 0.0429688 0.116016
0 0.628516 0.029187 0.0359375 0.0355713
0 0.579688 0.491016 0.253125 0.742969
0 0.666016 0.048584 0.133594 0.0758789
0 0.80625 0.261719 0.025 0.0378906
0 0.634766 0.0283691 0.03125 0.0322266
0 0.657813 0.0306763 0.090625 0.0376709
0 0.518359 0.586719 0.0664062 0.115625
0 0.0688965 0.276563 0.122754 0.186719
0 0.614062 0.0292969 0.05625 0.0364258
0 0.709375 0.0871338 0.0515625 0.101904
0 0.755469 0.13457 0.139063 0.248047
0 0.0322022 0.216992 0.0644043 0.229297
0 0.721094 0.0769531 0.0875 0.125391
0 0.496094 0.269531 0.0664062 0.0742188
0 0.542969 0.700391 0.05625 0.0859375
0 0.611328 0.0391602 0.0898438 0.059375
0 0.676953 0.103809 0.115625 0.108008
0 0.0516113 0.356836 0.103223 0.342578
0 0.0356445 0.248828 0.0484375 0.114063
0 0.707031 0.336328 0.0476562 0.0640625
0 0.300586 0.164453 0.034375 0.0621094
0 0.0316162 0.284961 0.0632324 0.213672
0 0.69375 0.0966553 0.0859375 0.107471
0 0.667969 0.271289 0.028125 0.0480469
0 0.54375 0.758594 0.0609375 0.179688
0 0.308984 0.29668 0.0816406 0.362891
0 0.539844 0.289453 0.0789063 0.0882813
0 0.519141 0.292188 0.0367188 0.0742188
0 0.516797 0.285156 0.0320312 0.0566406
0 0.539453 0.690625 0.0742188 0.065625
0 0.711719 0.0597656 0.040625 0.0898438
0 0.529688 0.564844 0.0414063 0.0773438
0 0.646875 0.251953 0.0460938 0.059375
0 0.511719 0.603906 0.0765625 0.1375
0 0.602344 0.0285156 0.05 0.0349609
0 0.532813 0.575781 0.046875 0.0796875
0 0.699219 0.241211 0.275 0.479297
0 0.314453 0.130444 0.0476562 0.192236
0 0.79375 0.338867 0.025 0.0386719
0 0.803906 0.578125 0.03125 0.0625
0 0.524219 0.560938 0.0671875 0.0890625
0 0.647656 0.174023 0.164062 0.338672
0 0.563281 0.683203 0.116406 0.325781
0 0.500781 0.440527 0.165625 0.78457
0 0.705469 0.180127 0.24375 0.340527
0 0.703906 0.349609 0.0515625 0.0671875
0 0.671875 0.116211 0.123438 0.225
0 0.511719 0.309375 0.04375 0.0984375
0 0.738281 0.185205 0.170313 0.369434
0 0.288281 0.279248 0.100781 0.310254
0 0.505078 0.284375 0.0539063 0.0585938
0 0.555078 0.273047 0.552344 0.546094
0 0.510156 0.295898 0.0460938 0.0777344
0 0.313867 0.171094 0.053125 0.116797
0 0.555078 0.54375 0.125781 0.292188
0 0.796875 0.231641 0.04375 0.0828125
0 0.522656 0.488672 0.09375 0.200781
0 0.525 0.289844 0.059375 0.0789063
0 0.521875 0.647656 0.123438 0.178125
0 0.546875 0.678906 0.053125 0.05625
0 0.124902 0.558594 0.124414 0.144531
0 0.707422 0.105566 0.053125 0.0830078
0 0.597656 0.470996 0.348438 0.773633
0 0.499219 0.278906 0.05 0.0539063
0 0.742188 0.489063 0.0359375 0.0515625
0 0.533594 0.596875 0.109375 0.201563
0 0.562891 0.752734 0.114844 0.199219
0 0.238281 0.3625 0.476562 0.725
0 0.439063 0.203516 0.084375 0.149609
0 0.664844 0.265234 0.034375 0.0617188
0 0.633984 0.260547 0.0328125 0.0492188
0 0.748438 0.483984 0.0328125 0.0554687
0 0.496875 0.452344 0.2375 0.904688
0 0.492188 0.25918 0.075 0.100781
0 0.319141 0.0599121 0.0351562 0.0881836
0 0.547656 0.678906 0.0421875 0.0453125
0 0.717188 0.105469 0.0546875 0.130469
0 0.695703 0.10498 0.157031 0.200977
0 0.535937 0.706641 0.0742188 0.100781
0 0.799219 0.586328 0.0296875 0.0476562
0 0.424316 0.305469 0.29043 0.596094
0 0.561719 0.294141 0.065625 0.0878906
0 0.524219 0.692578 0.1125 0.0773438
0 0.798438 0.343164 0.034375 0.0519531
0 0.428906 0.567187 0.265625 0.246875
0 0.801562 0.237891 0.040625 0.0851563
0 0.535156 0.560156 0.0375 0.0703125
0 0.304297 0.143652 0.0726563 0.234961
0 0.54375 0.283203 0.0546875 0.075
0 0.527344 0.659766 0.115625 0.123438
0 0.552734 0.0516602 0.364844 0.10332
0 0.0347656 0.387402 0.0695313 0.40957
0 0.80625 0.250391 0.04375 0.0710938
0 0.749219 0.496484 0.0375 0.0671875
0 0.527344 0.31582 0.075 0.117578
0 0.662109 0.466406 0.0664062 0.0984375
0 0.541406 0.726562 0.059375 0.148438
0 0.616016 0.0427856 0.0632813 0.06521
0 0.734375 0.322266 0.53125 0.628906
0 0.723437 0.1375 0.1875 0.256641
0 0.371875 0.29375 0.255469 0.579688
0 0.571875 0.0689453 0.314063 0.130469
0 0.693359 0.115454 0.0742188 0.0843262
0 0.510156 0.280859 0.053125 0.0960938
0 0.885938 0.732813 0.034375 0.040625
0 0.844531 0.860938 0.034375 0.040625
0 0.786133 0.307813 0.0652344 0.104688
0 0.513672 0.590625 0.105469 0.2125
0 0.442969 0.187695 0.0507812 0.119141
0 0.764844 0.475781 0.0421875 0.0585938
0 0.224609 0.43291 0.444531 0.52793
0 0.510938 0.558594 0.090625 0.09375
0 0.444531 0.222461 0.0921875 0.124609
0 0.526563 0.786719 0.0804688 0.148438
0 0.499219 0.559375 0.142188 0.265625
0 0.386035 0.642969 0.0544922 0.0679687
0 0.522656 0.578125 0.0578125 0.0828125
0 0.640234 0.127734 0.178906 0.24375
0 0.0549805 0.206836 0.109961 0.413672
0 0.764063 0.173047 0.139063 0.289062
0 0.648438 0.14209 0.384375 0.261133
0 0.725781 0.0720703 0.053125 0.111328
0 0.5375 0.781055 0.0578125 0.147266
0 0.799219 0.326562 0.0453125 0.0671875
0 0.713281 0.342578 0.0539063 0.0625
0 0.852344 0.846875 0.053125 0.071875
0 0.652344 0.267383 0.0640625 0.0699219
0 0.753906 0.487109 0.040625 0.0625
0 0.0354004 0.224658 0.0708008 0.165527
0 0.389453 0.173535 0.170313 0.237305
0 0.546875 0.647656 0.0515625 0.117188
0 0.49375 0.603516 0.148438 0.192969
0 0.305078 0.153125 0.0542969 0.121875
0 0.510156 0.32793 0.0359375 0.0585938
0 0.671875 0.42666 0.0867188 0.207617
0 0.661719 0.208984 0.334375 0.405469
0 0.338672 0.16543 0.107031 0.245703
0 0.609375 0.0306641 0.08125 0.0398437
0 0.695703 0.0387207 0.0585938 0.0493164
0 0.669141 0.276953 0.0351562 0.0710938
0 0.739844 0.0980225 0.104688 0.171924
0 0.848437 0.854688 0.04375 0.059375
0 0.790625 0.216992 0.034375 0.0589844
0 0.500781 0.293945 0.059375 0.0777344
0 0.714453 0.108203 0.0476562 0.101562
0 0.440625 0.17583 0.034375 0.0600586
0 0.522656 0.678125 0.120313 0.0765625
0 0.803906 0.256641 0.034375 0.0476562
0 0.449219 0.196533 0.05 0.121777
0 0.632031 0.246289 0.0359375 0.0601563
0 0.332227 0.116016 0.0902344 0.214844
0 0.468359 0.25625 0.0539063 0.0914062
0 0.842188 0.860938 0.046875 0.04375
0 0.330859 0.284961 0.1 0.364453
0 0.0460938 0.248828 0.0921875 0.497656
0 0.0348633 0.250195 0.0697266 0.112891
0 0.400391 0.238477 0.0398437 0.0777344
0 0.707812 0.0455566 0.040625 0.0614258
0 0.632812 0.25957 0.0265625 0.040625
0 0.428516 0.664844 0.246094 0.21875
0 0.694531 0.327539 0.0640625 0.0839844
0 0.480469 0.261523 0.071875 0.0808594
0 0.378906 0.650781 0.034375 0.046875
0 0.655469 0.058313 0.125 0.0966553
0 0.460938 0.250781 0.0375 0.0777344
0 0.438184 0.742969 0.26582 0.25625
0 0.55625 0.283984 0.04375 0.0765625
0 0.550781 0.692187 0.05625 0.0875
0 0.419531 0.224268 0.0859375 0.115527
0 0.662109 0.467969 0.0570313 0.134375
0 0.465625 0.256641 0.0453125 0.0742188
0 0.635156 0.0575684 0.217188 0.115137
0 0.381934 0.243359 0.19707 0.461719
0 0.689844 0.316602 0.0625 0.103516
0 0.687891 0.419434 0.0976562 0.20957
0 0.774805 0.189014 0.0722656 0.0907227
0 0.564844 0.286914 0.0515625 0.084375
0 0.803125 0.589453 0.028125 0.0429688
0 0.592969 0.185107 0.0265625 0.0360352
0 0.415234 0.24375 0.0640625 0.1
0 0.471094 0.467187 0.090625 0.0671875
0 0.466797 0.252734 0.0734375 0.0875
0 0.712109 0.196533 0.147656 0.339746
0 0.540625 0.767969 0.0445313 0.10625
0 0.712891 0.105078 0.0851563 0.127344
0 0.0263184 0.247852 0.0526367 0.132812
0 0.549219 0.733203 0.0570313 0.200781
0 0.107715 0.414062 0.199023 0.425781
0 0.798438 0.264648 0.0640625 0.186328
0 0.503906 0.48125 0.125 0.2125
0 0.597656 0.0163086 0.271875 0.0326172
0 0.483594 0.49375 0.167187 0.208594
0 0.375781 0.711719 0.134375 0.170313
0 0.703125 0.0286621 0.0421875 0.0328125
0 0.728125 0.492969 0.0671875 0.0578125
0 0.50625 0.310937 0.059375 0.111719
0 0.575781 0.0910889 0.51875 0.181885
0 0.207227 0.298047 0.414453 0.592969
0 0.55625 0.684766 0.046875 0.0703125
0 0.682031 0.0292969 0.0765625 0.0332031
0 0.0434692 0.239453 0.0515381 0.101562
0 0.499219 0.270703 0.104688 0.16875
0 0.449219 0.244141 0.101562 0.102344
0 0.653125 0.276367 0.071875 0.0921875
0 0.521484 0.527344 0.0835937 0.16875
0 0.549219 0.709375 0.0546875 0.125
0 0.432813 0.626563 0.264062 0.257812
0 0.7 0.419141 0.325 0.799219
0 0.467969 0.532813 0.192969 0.314063
0 0.864062 0.846094 0.084375 0.0875
0 0.395996 0.221094 0.0439453 0.084375
0 0.696094 0.342578 0.065625 0.0617188
0 0.577344 0.132227 0.514063 0.241797
0 0.0546875 0.333008 0.109375 0.605859
0 0.524219 0.431152 0.0984375 0.239258
0 0.552344 0.646094 0.135937 0.323438
0 0.504297 0.298633 0.0898438 0.132422
0 0.507031 0.401953 0.129688 0.285938
0 0.478125 0.386719 0.184375 0.235938
0 0.789844 0.333594 0.0609375 0.0554687
0 0.396094 0.625781 0.0789063 0.117969
0 0.312305 0.097168 0.0535156 0.175977
0 0.695703 0.0284058 0.0453125 0.0320557
0 0.569141 0.310547 0.0460938 0.053125
0 0.8 0.567187 0.04375 0.0921875
0 0.0525513 0.238281 0.0868896 0.166406
0 0.523438 0.467187 0.0765625 0.13125
0 0.585938 0.0279785 0.090625 0.034668
0 0.357031 0.594922 0.464063 0.577344
0 0.329492 0.647266 0.423828 0.402344
0 0.433203 0.710156 0.263281 0.326562
0 0.671875 0.0744141 0.114063 0.127344
0 0.696094 0.071582 0.065625 0.111523
0 0.646875 0.0758789 0.170313 0.137695
0 0.438281 0.614062 0.28125 0.509375
0 0.462891 0.522266 0.488281 0.710156
0 0.709375 0.0753906 0.04375 0.105859
0 0.487109 0.616309 0.199219 0.498633
0 0.638965 0.467969 0.629883 0.910937
0 0.536621 0.446875 0.623633 0.88125
0 0.655078 0.481641 0.0414063 0.0617188
0 0.139941 0.277148 0.276367 0.198047
0 0.0488281 0.271875 0.0960938 0.177344
0 0.304883 0.525391 0.535547 0.711719
0 0.514941 0.57959 0.36543 0.579883
0 0.0726563 0.276953 0.139844 0.185938
0 0.697266 0.343359 0.0507812 0.0554687
0 0.535156 0.680469 0.123438 0.335938
0 0.446094 0.258984 0.114063 0.0757812
0 0.657813 0.292578 0.375 0.558594
0 0.461719 0.267578 0.0867188 0.06875
0 0.678906 0.469141 0.642188 0.914844
0 0.573438 0.375391 0.526563 0.729688
0 0.561719 0.606641 0.25 0.510156
0 0.298047 0.416016 0.591406 0.715625
0 0.660937 0.0868164 0.142188 0.17168
0 0.621484 0.0624023 0.222656 0.116992
0 0.0368652 0.272266 0.0737305 0.19375
0 0.0311523 0.271826 0.0560547 0.20791
0 0.241797 0.483203 0.482031 0.619531
0 0.660937 0.491406 0.0390625 0.0796875
0 0.105054 0.277344 0.195361 0.190625
0 0.508594 0.623438 0.0875 0.179688
0 0.272656 0.626953 0.278125 0.336719
0 0.7125 0.103418 0.0390625 0.0617188
0 0.705859 0.344922 0.0414063 0.0550781
0 0.542578 0.771094 0.11875 0.189063
0 0.680859 0.0632324 0.0945313 0.100098
0 0.737109 0.197852 0.182031 0.376953
0 0.429297 0.544922 0.253906 0.317969
0 0.789844 0.338672 0.0390625 0.0492188
0 0.48125 0.680859 0.185938 0.372656
0 0.715625 0.0829102 0.0484375 0.101367
0 0.873828 0.89375 0.252344 0.2125
0 0.684375 0.0898438 0.0921875 0.107031
0 0.795508 0.346094 0.0433594 0.0570313
0 0.564063 0.778125 0.1375 0.176563
0 0.584375 0.0711914 0.285938 0.132617
0 0.711328 0.0967773 0.046875 0.0949219
0 0.56875 0.680859 0.170313 0.344531
0 0.478516 0.392188 0.352344 0.770312
0 0.142188 0.21543 0.275781 0.315625
0 0.0283203 0.235742 0.0472656 0.1
0 0.0320312 0.259766 0.053125 0.139453
0 0.703906 0.0882813 0.14375 0.169141
0 0.70625 0.106152 0.046875 0.05625
0 0.362891 0.390234 0.132031 0.13125
0 0.696875 0.107617 0.0695313 0.0685547
0 0.625 0.383203 0.2 0.319531
0 0.0342285 0.235156 0.068457 0.264844
0 0.711719 0.0773193 0.129688 0.12583
0 0.674609 0.0479492 0.100781 0.0683594
0 0.794531 0.324219 0.0546875 0.0820312
0 0.477734 0.271094 0.0882813 0.071875
0 0.657031 0.479688 0.0515625 0.0757812
0 0.64375 0.207422 0.167187 0.414844
0 0.442188 0.246094 0.1 0.078125
0 0.0593262 0.324805 0.116113 0.286328
0 0.789844 0.340234 0.06875 0.0628906
0 0.427344 0.251563 0.0789063 0.0695313
0 0.0369263 0.301953 0.064624 0.2375
0 0.792188 0.341797 0.0296875 0.046875
0 0.447656 0.27207 0.105469 0.0730469
0 0.714453 0.208203 0.172656 0.416406
0 0.402441 0.33418 0.19668 0.234766
0 0.51875 0.76875 0.120313 0.19375
0 0.676172 0.21875 0.124219 0.4375
0 0.346484 0.399316 0.0976562 0.137305
0 0.510938 0.589844 0.078125 0.15
0 0.308789 0.637109 0.569922 0.360156
0 0.601562 0.0365234 0.0546875 0.0478516
0 0.33418 0.402441 0.0613281 0.106055
0 0.642969 0.0632813 0.2 0.126563
0 0.404004 0.412109 0.19668 0.209375
0 0.720313 0.215234 0.2375 0.423438
0 0.564063 0.722266 0.139063 0.267969
0 0.430371 0.428125 0.32207 0.660937
0 0.216992 0.632031 0.212891 0.342187
0 0.45 0.246094 0.096875 0.103125
0 0.709375 0.0973633 0.0640625 0.113086
0 0.790625 0.299219 0.0640625 0.130859
0 0.713281 0.0727539 0.0609375 0.116211
0 0.415625 0.241797 0.0507812 0.0539063
0 0.685547 0.109473 0.0890625 0.0789063
0 0.616406 0.0533203 0.234375 0.106641
0 0.220313 0.332813 0.430469 0.665625
0 0.12832 0.190234 0.241406 0.380469
0 0.296094 0.41875 0.498437 0.534375
0 0.667969 0.422656 0.111719 0.217969
0 0.789844 0.333398 0.05 0.0546875
0 0.507812 0.678906 0.1375 0.342187
0 0.747266 0.128711 0.192969 0.242969
0 0.623047 0.0880615 0.208594 0.168799
0 0.502344 0.756641 0.14375 0.221094
0 0.410156 0.254688 0.046875 0.0601563
0 0.525781 0.529297 0.154688 0.335156
0 0.6625 0.489063 0.053125 0.06875
0 0.879687 0.73125 0.040625 0.0484375
0 0.616797 0.0286133 0.0578125 0.037207
0 0.334766 0.628125 0.242969 0.359375
0 0.407813 0.245508 0.0375 0.0527344
0 0.339453 0.285938 0.315625 0.342187
0 0.437598 0.751563 0.243555 0.264062
0 0.301953 0.178125 0.0414063 0.0933594
0 0.403906 0.374023 0.196094 0.223047
0 0.173828 0.622656 0.253516 0.320312
0 0.39375 0.579785 0.371094 0.706055
0 0.697656 0.129199 0.317188 0.233008
0 0.599219 0.0276855 0.0453125 0.0352539
0 0.728125 0.104883 0.171875 0.201172
0 0.434375 0.265234 0.0890625 0.0605469
0 0.63125 0.257812 0.025 0.0375
0 0.266602 0.402734 0.204297 0.29375
0 0.305859 0.398047 0.267969 0.282031
0 0.631641 0.0274414 0.0507812 0.034375
0 0.521094 0.578906 0.0546875 0.104688
0 0.496875 0.526465 0.133594 0.35957
0 0.402734 0.573438 0.286719 0.326562
0 0.630469 0.464844 0.109375 0.246094
0 0.670313 0.194189 0.154688 0.357715
0 0.502734 0.339844 0.172656 0.232813
0 0.403906 0.2375 0.034375 0.0421875
0 0.635156 0.264844 0.034375 0.0507812
0 0.40625 0.465723 0.197656 0.293555
0 0.173242 0.945312 0.196875 0.109375
0 0.650391 0.270313 0.053125 0.0546875
0 0.328906 0.396777 0.275 0.195508
0 0.655859 0.440527 0.0835937 0.212695
0 0.517188 0.548828 0.114063 0.282031
0 0.153516 0.229102 0.307031 0.417578
0 0.597656 0.0170898 0.260938 0.0341797
0 0.519141 0.642188 0.116406 0.153125
0 0.452344 0.258398 0.139063 0.114453
0 0.376563 0.625 0.25 0.373437
0 0.653906 0.0292969 0.110937 0.0368164
0 0.363477 0.426953 0.398828 0.433594
0 0.520703 0.630078 0.109375 0.226562
0 0.6375 0.407129 0.175 0.25293
0 0.505469 0.573828 0.126563 0.272656
0 0.399609 0.74375 0.204688 0.253125
0 0.680078 0.044043 0.203906 0.0880859
0 0.659375 0.189648 0.329688 0.360156
0 0.465234 0.501172 0.182812 0.328125
0 0.563281 0.553125 0.175 0.275
0 0.306445 0.713281 0.576172 0.573438
0 0.519531 0.592188 0.10625 0.223438
0 0.333594 0.419141 0.0546875 0.0710938
0 0.629687 0.642969 0.105469 0.484375
0 0.229639 0.311328 0.143848 0.110156
0 0.560938 0.308594 0.0578125 0.0742188
0 0.477734 0.256641 0.177344 0.1375
0 0.60625 0.0958008 0.534375 0.187305
0 0.742188 0.250977 0.160938 0.264453
0 0.471973 0.754687 0.199805 0.232813
0 0.535937 0.767969 0.0734375 0.157813
0 0.0736328 0.588281 0.128516 0.114063
0 0.63125 0.0376953 0.0671875 0.0511719
0 0.0569824 0.292969 0.113965 0.201563
0 0.266992 0.249951 0.217578 0.250879
0 0.516406 0.278711 0.451562 0.540234
0 0.555078 0.307031 0.0453125 0.0609375
0 0.475781 0.275 0.0671875 0.0625
0 0.432129 0.7875 0.22168 0.226562
0 0.509375 0.00090332 0.148438 0.00180664
0 0.799805 0.35 0.0535156 0.0664062
0 0.702734 0.212939 0.192969 0.330371
0 0.445996 0.634375 0.239258 0.26875
0 0.564844 0.222266 0.553125 0.425781
0 0.410547 0.3 0.185156 0.192969
0 0.80625 0.261719 0.028125 0.0390625
0 0.441016 0.462109 0.214844 0.28125
0 0.611328 0.122852 0.477344 0.219922
0 0.155859 0.308398 0.311719 0.167578
0 0.376465 0.392285 0.156445 0.17168
0 0.695703 0.346094 0.0585938 0.0703125
0 0.115918 0.937891 0.231836 0.124219
0 0.147754 0.278125 0.295508 0.55625
0 0.473438 0.000573731 0.142188 0.00114746
0 0.202393 0.241797 0.245996 0.242188
0 0.596875 0.0450317 0.0671875 0.0681396
0 0.0908447 0.609375 0.0562012 0.0507812
0 0.479688 0.394531 0.221875 0.348438
0 0.658203 0.375098 0.1375 0.29668
0 0.535156 0.677344 0.0828125 0.0640625
0 0.690625 0.324805 0.160938 0.181641
0 0.234326 0.324805 0.125098 0.0730469
0 0.536719 0.582031 0.115625 0.254688
0 0.614453 0.0355957 0.06875 0.0474609
0 0.523438 0.670313 0.113281 0.078125
0 0.687891 0.328711 0.0757812 0.0972656
0 0.212061 0.971875 0.130566 0.05625
0 0.572656 0.00997315 0.259375 0.0199463
0 0.430566 0.228906 0.148242 0.166406
0 0.596484 0.0409302 0.0890625 0.0568115
0 0.025769 0.223438 0.0443604 0.075
0 0.399121 0.702734 0.198633 0.242969
0 0.204883 0.747656 0.129297 0.13125
0 0.375391 0.363672 0.169531 0.196875
0 0.133887 0.000732422 0.147461 0.00146484
0 0.184424 0.00065918 0.145996 0.00131836
0 0.649609 0.470313 0.053125 0.071875
0 0.311719 0.364844 0.271875 0.196875
0 0.209766 0.000610352 0.144531 0.0012207
0 0.658203 0.464453 0.0617188 0.107031
0 0.167871 0.567578 0.29707 0.208594
0 0.0735352 0.939063 0.14707 0.121875
0 0.437109 0.000537109 0.144531 0.00107422
0 0.525 0.684375 0.110937 0.071875
0 0.532031 0.695312 0.08125 0.08125
0 0.702344 0.339453 0.0546875 0.071875
0 0.648438 0.490625 0.0789063 0.16875
0 0.525 0.56875 0.0460938 0.0875
0 0.754687 0.284375 0.1375 0.199219
0 0.767969 0.205664 0.160938 0.390234
0 0.478906 0.258984 0.09375 0.0976562
0 0.622656 0.176123 0.196875 0.343848
0 0.646094 0.279883 0.0703125 0.0855469
0 0.187305 0.323047 0.194141 0.114063
0 0.224414 0.946875 0.253516 0.10625
0 0.765625 0.964844 0.0375 0.065625
0 0.644531 0.445215 0.145313 0.242383
0 0.447266 0.367969 0.286719 0.298438
0 0.308984 0.833008 0.566406 0.333984
0 0.548438 0.3125 0.0601563 0.0679687
0 0.539844 0.678906 0.046875 0.0554687
0 0.675781 0.3625 0.120313 0.194531
0 0.627734 0.517578 0.107031 0.266406
0 0.462891 0.562109 0.194531 0.297656
0 0.407031 0.250195 0.195312 0.185547
0 0.291455 0.266992 0.244434 0.296484
0 0.534375 0.709766 0.0710938 0.123438
0 0.0879883 0.95625 0.175977 0.0875
0 0.308789 0.173633 0.0441406 0.0941406
0 0.649219 0.289062 0.0828125 0.125781
0 0.244727 0.333398 0.125 0.0617188
0 0.174316 0.540625 0.0701172 0.1125
0 0.517969 0.371875 0.145313 0.303125
0 0.696094 0.338672 0.607813 0.670313
0 0.473438 0.283789 0.115625 0.102734
0 0.333594 0.433203 0.0484375 0.0460938
0 0.411328 0.000537109 0.142969 0.00107422
0 0.692969 0.366016 0.0703125 0.122656
0 0.336328 0.430469 0.0601563 0.053125
0 0.46875 0.233203 0.165625 0.167578
0 0.307227 0.326953 0.602734 0.653906
0 0.387891 0.279883 0.230469 0.329297
0 0.438379 0.27793 0.137305 0.125781
0 0.299609 0.568066 0.599219 0.501367
0 0.675781 0.0714844 0.101562 0.117578
0 0.705469 0.0722656 0.0515625 0.105469
0 0.695703 0.0722656 0.0648438 0.11543
0 0.291211 0.422559 0.582422 0.79707
0 0.655859 0.0707031 0.142969 0.129102
0 0.443359 0.554785 0.489063 0.568555
0 0.0488281 0.266064 0.0921875 0.19209
0 0.514941 0.415625 0.701367 0.83125
0 0.552344 0.764063 0.09375 0.165625
0 0.536328 0.764844 0.0992187 0.170313
0 0.683594 0.0603027 0.0921875 0.0930664
0 0.642285 0.464844 0.623242 0.901563
0 0.657422 0.485156 0.0382813 0.0585938
0 0.0579102 0.284766 0.113086 0.190625
0 0.544531 0.753516 0.0703125 0.139844
0 0.0302246 0.228906 0.0456055 0.0726563
0 0.309375 0.696875 0.607813 0.585938
0 0.0500977 0.309375 0.0990234 0.253906
0 0.520312 0.675 0.148438 0.328125
0 0.619531 0.0739258 0.20625 0.137695
0 0.636719 0.0597656 0.18125 0.111328
0 0.663281 0.492969 0.028125 0.0515625
0 0.882812 0.730469 0.03125 0.0445313
0 0.705859 0.0535156 0.0453125 0.0785156
0 0.714844 0.0802734 0.0453125 0.0972656
0 0.538281 0.622266 0.123438 0.413281
0 0.102734 0.600781 0.0878906 0.0742188
0 0.0816162 0.280273 0.162549 0.180859
0 0.0354492 0.267188 0.0679687 0.15625
0 0.977344 0.690234 0.0453125 0.0695313
0 0.124805 0.591406 0.103516 0.101562
0 0.69375 0.344727 0.040625 0.0558594
0 0.602734 0.384375 0.461719 0.749219
0 0.0988281 0.570703 0.178516 0.142188
0 0.040918 0.247217 0.0818359 0.279785
0 0.942969 0.846875 0.0453125 0.078125
0 0.879687 0.722656 0.040625 0.05625
0 0.0513672 0.374805 0.102734 0.395703
0 0.567578 0.753125 0.11875 0.171875
0 0.948438 0.865625 0.05625 0.1125
0 0.0306152 0.251953 0.0532227 0.117188
0 0.653125 0.478516 0.0453125 0.065625
0 0.491406 0.686719 0.2 0.3375
0 0.0624023 0.335938 0.123242 0.307031
0 0.115845 0.600781 0.0952637 0.090625
0 0.948438 0.886328 0.1 0.227344
0 0.0354004 0.24668 0.0680664 0.0925781
0 0.111914 0.610938 0.0710938 0.05625
0 0.234766 0.371875 0.469531 0.74375
0 0.0345215 0.226172 0.0597656 0.0933594
0 0.102515 0.607813 0.0609863 0.0578125
0 0.396973 0.384375 0.781055 0.76875
0 0.958594 0.905469 0.0828125 0.189063
0 0.698438 0.35957 0.053125 0.0667969
0 0.954688 0.885938 0.05625 0.0875
0 0.671875 0.0489258 0.107813 0.0730469
0 0.717969 0.0736328 0.0921875 0.112891
0 0.758984 0.206055 0.167969 0.392578
0 0.973437 0.697656 0.053125 0.0851563
0 0.303906 0.17002 0.0398437 0.0728516
0 0.0326294 0.281641 0.0613037 0.209375
0 0.596875 0.0380371 0.0390625 0.0586914
0 0.714453 0.112402 0.0367188 0.0607422
0 0.914844 0.901563 0.170313 0.196875
0 0.185547 0.479688 0.371094 0.607813
0 0.310547 0.167187 0.0460938 0.0789063
0 0.562109 0.675781 0.125781 0.315625
0 0.69668 0.448438 0.606641 0.88125
0 0.339844 0.623047 0.24375 0.349219
0 0.252734 0.975781 0.05 0.0484375
0 0.507812 0.759375 0.148438 0.192188
0 0.951563 0.878125 0.046875 0.071875
0 0.200781 0.614844 0.261719 0.373437
0 0.304688 0.175439 0.0515625 0.0866211
0 0.619531 0.0409668 0.078125 0.0616211
0 0.549219 0.721094 0.075 0.18125
0 0.446777 0.706641 0.261133 0.311719
0 0.984375 0.687109 0.028125 0.0648438
0 0.10271 0.616406 0.070752 0.0578125
0 0.133398 0.416504 0.259375 0.441992
0 0.19043 0.545703 0.286328 0.191406
0 0.110254 0.613281 0.0818359 0.071875
0 0.875781 0.7125 0.046875 0.0734375
0 0.883594 0.739062 0.040625 0.0515625
0 0.801562 0.570312 0.03125 0.059375
0 0.549219 0.703125 0.114063 0.279687
0 0.942187 0.83125 0.03125 0.046875
0 0.957812 0.889844 0.0375 0.0625
0 0.0869385 0.605469 0.0644043 0.0617188
0 0.124609 0.557031 0.240625 0.16875
0 0.986328 0.957031 0.0273438 0.0859375
0 0.537109 0.76875 0.0585938 0.123438
0 0.0575195 0.241016 0.109375 0.217188
0 0.59375 0.730078 0.159375 0.205469
0 0.6875 0.269141 0.271875 0.516406
0 0.758203 0.141895 0.163281 0.261523
0 0.256055 0.9625 0.0660156 0.075
0 0.658203 0.485938 0.0554687 0.06875
0 0.988281 0.9625 0.0234375 0.071875
0 0.674609 0.0681641 0.210156 0.136328
0 0.560938 0.610938 0.132031 0.428125
0 0.702344 0.352734 0.04375 0.0523438
0 0.803906 0.561719 0.025 0.04375
0 0.268701 0.613672 0.303223 0.374219
0 0.7875 0.219531 0.0359375 0.0609375
0 0.80625 0.263867 0.028125 0.0441406
0 0.657422 0.475 0.0679687 0.084375
0 0.0333008 0.836719 0.0512695 0.140625
0 0.435937 0.441504 0.514063 0.76543
0 0.639063 0.0906494 0.16875 0.174951
0 0.0332031 0.816406 0.047168 0.10625
0 0.73125 0.241406 0.178125 0.482812
0 0.649219 0.238672 0.210938 0.477344
0 0.714844 0.102051 0.0515625 0.0923828
0 0.98125 0.684766 0.0375 0.0609375
0 0.502344 0.642969 0.165625 0.389062
0 0.8 0.561719 0.034375 0.053125
0 0.713281 0.0877197 0.034375 0.0874512
0 0.617969 0.0636719 0.23125 0.127344
0 0.220703 0.321875 0.0648438 0.065625
0 0.157617 0.607813 0.223047 0.332813
0 0.651172 0.0722168 0.182812 0.144434
0 0.541406 0.721094 0.0679687 0.145313
0 0.644531 0.042334 0.107813 0.0628906
0 0.245898 0.960156 0.0925781 0.0796875
0 0.703125 0.366406 0.05 0.0757812
0 0.98125 0.948438 0.0375 0.103125
0 0.086084 0.446484 0.172168 0.386719
0 0.242578 0.977344 0.078125 0.0453125
0 0.0407349 0.235938 0.0788818 0.109375
0 0.691406 0.0810303 0.0953125 0.149268
0 0.524219 0.580469 0.0703125 0.0734375
0 0.397656 0.642578 0.321875 0.310156
0 0.529688 0.73125 0.114063 0.2375
0 0.639063 0.208789 0.171094 0.412109
0 0.23667 0.927344 0.134473 0.145313
0 0.258203 0.971094 0.0472656 0.0578125
0 0.542969 0.30332 0.51875 0.582422
0 0.629687 0.258789 0.0226563 0.0414063
0 0.5875 0.0554687 0.284375 0.107422
0 0.145117 0.571094 0.110937 0.13125
0 0.801562 0.578516 0.0359375 0.065625
0 0.798242 0.237695 0.0503906 0.0789063
0 0.660937 0.496094 0.0382813 0.06875
0 0.716406 0.0739258 0.139063 0.124414
0 0.600391 0.043457 0.05 0.0675781
0 0.574219 0.0796631 0.309375 0.147705
0 0.47959 0.592188 0.223633 0.49375
0 0.0871338 0.591406 0.101904 0.090625
0 0.514063 0.586719 0.096875 0.120313
0 0.135254 0.581641 0.104492 0.0882813
0 0.269531 0.958594 0.06875 0.0828125
0 0.0392456 0.210742 0.0695557 0.128906
0 0.146973 0.570312 0.247461 0.235938
0 0.700781 0.344922 0.05625 0.0679687
0 0.69375 0.340625 0.0515625 0.0675781
0 0.0444458 0.193555 0.0843506 0.223047
0 0.946094 0.806055 0.107813 0.387891
0 0.316016 0.165039 0.059375 0.0929688
0 0.118359 0.180566 0.219922 0.361133
0 0.467578 0.326562 0.553906 0.653125
0 0.589844 0.678125 0.157813 0.307813
0 0.172852 0.719531 0.329297 0.560938
0 0.691016 0.226562 0.153906 0.453125
0 0.25625 0.953125 0.0945313 0.09375
0 0.0517578 0.360938 0.103516 0.134375
0 0.795313 0.348047 0.03125 0.0492188
0 0.976562 0.933984 0.046875 0.132031
0 0.801562 0.244922 0.040625 0.0851563
0 0.76875 0.966406 0.0390625 0.065625
0 0.0372559 0.212549 0.0745117 0.307715
0 0.5625 0.305273 0.0546875 0.0726563
0 0.946875 0.8375 0.040625 0.0578125
0 0.594531 0.0279175 0.0296875 0.0377197
0 0.647266 0.0898438 0.624219 0.179688
0 0.719531 0.0783203 0.0664062 0.100977
0 0.559375 0.311719 0.0453125 0.0515625
0 0.9875 0.971094 0.025 0.0578125
0 0.131934 0.597266 0.113086 0.135156
0 0.632031 0.048877 0.110937 0.0768555
0 0.0436523 0.874219 0.0873047 0.251563
0 0.108569 0.000415039 0.150049 0.000830078
0 0.0731445 0.569531 0.142383 0.149219
0 0.672656 0.0891602 0.123438 0.0921875
0 0.597656 0.0273926 0.259375 0.0547852
0 0.0454102 0.410156 0.0908203 0.479688
0 0.225 0.329688 0.0742188 0.059375
0 0.803906 0.304883 0.053125 0.123828
0 0.867188 0.844531 0.075 0.0765625
0 0.779688 0.206592 0.05625 0.0836914
0 0.192627 0.731641 0.106934 0.0859375
0 0.107227 0.588281 0.188672 0.234375
0 0.5875 0.283789 0.10625 0.108203
0 0.0756104 0.603125 0.0800293 0.065625
0 0.522266 0.618652 0.121094 0.525195
0 0.0851563 0.580469 0.1625 0.204688
0 0.0268677 0.957031 0.0499756 0.0859375
0 0.307227 0.179736 0.0871094 0.113184
0 0.163574 0.539062 0.0955078 0.113281
0 0.476172 0.767188 0.202344 0.185938
0 0.521094 0.58125 0.084375 0.090625
0 0.273242 0.942187 0.0757812 0.109375
0 0.253516 0.979688 0.040625 0.040625
0 0.86875 0.710547 0.034375 0.075
0 0.525 0.783594 0.0828125 0.154688
0 0.239844 0.950781 0.116406 0.0984375
0 0.742969 0.090332 0.457813 0.180664
0 0.0727051 0.000341797 0.14541 0.000683594
0 0.496094 0.550391 0.154688 0.425781
0 0.881055 0.899219 0.237891 0.201563
0 0.554688 0.306641 0.040625 0.053125
0 0.792188 0.344922 0.021875 0.0429688
0 0.879687 0.824219 0.028125 0.0390625
0 0.610156 0.214258 0.314063 0.402734
0 0.0695801 0.875 0.138574 0.25
0 0.120508 0.608594 0.110937 0.135937
0 0.51875 0.540723 0.178125 0.376367
0 0.146509 0.000390625 0.147607 0.00078125
0 0.184375 0.000378418 0.148438 0.000756836
0 0.664062 0.222461 0.148438 0.444922
0 0.189453 0.319336 0.368359 0.638672
0 0.801562 0.35 0.04375 0.0523438
0 0.795508 0.571484 0.0464844 0.065625
0 0.0941406 0.613281 0.0855469 0.0703125
0 0.967969 0.930469 0.0640625 0.139063
0 0.0479492 0.222852 0.0951172 0.128906
0 0.0852051 0.376563 0.17041 0.392969
0 0.209766 0.000292969 0.14375 0.000585938
0 0.355273 0.371484 0.112109 0.0929688
0 0.227344 0.958594 0.110937 0.0828125
0 0.898438 0.0907959 0.065625 0.0824707
0 0.258594 0.973437 0.0703125 0.053125
0 0.5125 0.610156 0.104688 0.179688
0 0.138672 0.276172 0.274609 0.185938
0 0.305469 0.788477 0.591406 0.423047
0 0.9625 0.89375 0.0625 0.06875
0 0.266406 0.324414 0.51875 0.648828
0 0.976562 0.713281 0.046875 0.1125
0 0.132129 0.322852 0.252148 0.638672
0 0.0350586 0.867773 0.0701172 0.264453
0 0.106348 0.583594 0.102734 0.104688
0 0.616797 0.110742 0.514844 0.204297
0 0.604297 0.0282104 0.0429688 0.0383057
0 0.0388672 0.309375 0.0773438 0.220313
0 0.726562 0.120215 0.35 0.218945
0 0.628125 0.390527 0.215625 0.261133
0 0.529688 0.572656 0.046875 0.0671875
0 0.864844 0.797656 0.240625 0.398438
0 0.0780273 0.607813 0.105664 0.0695313
0 0.739062 0.0851563 0.117188 0.141797
0 0.862695 0.860156 0.255859 0.276563
0 0.689844 0.325 0.0671875 0.104688
0 0.207813 0.936719 0.163281 0.126563
0 0.298242 0.419141 0.318359 0.207031
0 0.504687 0.601172 0.101562 0.144531
0 0.6625 0.4625 0.078125 0.107813
0 0.151758 0.548438 0.0984375 0.121875
0 0.227344 0.841992 0.202344 0.316016
0 0.763281 0.9625 0.0296875 0.059375
0 0.23457 0.975781 0.124219 0.0484375
0 0.571484 0.301953 0.0726563 0.114063
0 0.579688 0.00987549 0.278125 0.019751
0 0.807813 0.592188 0.04375 0.0773438
0 0.402344 0.564844 0.319531 0.396094
0 0.484375 0.973437 0.129688 0.053125
0 0.214893 0.50625 0.0967773 0.0734375
0 0.572656 0.632031 0.157813 0.5125
0 0.105762 0.613281 0.0921875 0.101562
0 0.142188 0.569531 0.0910156 0.096875
0 0.146094 0.661719 0.213281 0.35
0 0.336719 0.475 0.253125 0.314063
0 0.037207 0.829688 0.0498047 0.10625
0 0.234326 0.000305176 0.134473 0.000610352
0 0.628906 0.254688 0.0296875 0.0539063
0 0.538281 0.447656 0.0671875 0.0890625
0 0.628125 0.428125 0.201563 0.198437
0 0.408203 0.729297 0.203125 0.208594
0 0.726953 0.390234 0.546094 0.780469
0 0.31875 0.150195 0.0664062 0.144922
0 0.555078 0.520312 0.236719 0.333594
0 0.914453 0.835742 0.171094 0.322266
0 0.214111 0.955859 0.153027 0.0882813
0 0.869531 0.6625 0.2375 0.670313
0 0.0370605 0.803906 0.0452148 0.0828125
0 0.143945 0.5375 0.273438 0.204688
0 0.0539063 0.000280762 0.107813 0.000561523
0 0.05 0.249609 0.1 0.135937
0 0.507812 0.488672 0.190625 0.303125
0 0.248438 0.942578 0.190234 0.114844
0 0.70625 0.157031 0.253125 0.29375
0 0.989453 0.322266 0.0210938 0.0660156
0 0.231641 0.967188 0.096875 0.065625
0 0.65 0.0581055 0.129688 0.0941406
0 0.95625 0.813281 0.0875 0.317188
0 0.190283 0.719141 0.100684 0.0601563
0 0.8875 0.100586 0.040625 0.0693359
0 0.182031 0.714844 0.0804688 0.0539063
0 0.38125 0.958594 0.272656 0.0828125
0 0.0641113 0.595313 0.0850586 0.0734375
0 0.435156 0.598828 0.704688 0.558594
0 0.5875 0.559766 0.825 0.619531
0 0.583984 0.408984 0.628906 0.794531
0 0.703906 0.0708984 0.0609375 0.110937
0 0.664062 0.0680176 0.139844 0.115527
0 0.563281 0.748438 0.132812 0.210938
0 0.498437 0.336719 0.771875 0.639844
0 0.613672 0.381641 0.458594 0.734375
0 0.687109 0.417578 0.625781 0.817969
0 0.379688 0.6875 0.609375 0.625
0 0.552344 0.974219 0.078125 0.0515625
0 0.0404297 0.283203 0.075 0.199219
0 0.367578 0.380469 0.729688 0.714063
0 0.541406 0.747266 0.133594 0.221094
0 0.551562 0.70625 0.115625 0.296875
0 0.623438 0.531641 0.6125 0.649219
0 0.53125 0.709766 0.117188 0.300781
0 0.546484 0.976562 0.0570313 0.046875
0 0.658594 0.045813 0.154688 0.0816162
0 0.204883 0.632812 0.253516 0.335938
0 0.692578 0.0693848 0.075 0.11709
0 0.493359 0.699609 0.182031 0.332031
0 0.117285 0.599219 0.0888672 0.090625
0 0.12666 0.589844 0.0982422 0.1
0 0.257422 0.972656 0.0476562 0.0546875
0 0.632422 0.0667969 0.214844 0.123828
0 0.293359 0.457129 0.574219 0.635742
0 0.339063 0.619922 0.51875 0.388281
0 0.558594 0.964844 0.0898438 0.0703125
0 0.7125 0.0770508 0.0390625 0.0986328
0 0.565625 0.273242 0.60625 0.519922
0 0.17334 0.617969 0.187695 0.3125
0 0.567187 0.957422 0.110937 0.0851563
0 0.262109 0.966406 0.0492188 0.0671875
0 0.298242 0.335352 0.572266 0.658203
0 0.629687 0.0418945 0.229687 0.078125
0 0.113867 0.605078 0.0652344 0.0640625
0 0.621094 0.028125 0.053125 0.0412109
0 0.699609 0.34082 0.0523438 0.0558594
0 0.772656 0.957812 0.04375 0.06875
0 0.453516 0.671875 0.25 0.278125
0 0.644531 0.0269409 0.065625 0.0390869
0 0.611719 0.0316406 0.0625 0.0560547
0 0.497656 0.753125 0.20625 0.223438
0 0.0336914 0.271094 0.0609375 0.164062
0 0.630859 0.0277466 0.0335938 0.039624
0 0.255078 0.961719 0.0945313 0.0765625
0 0.520312 0.669141 0.115625 0.272656
0 0.885938 0.728906 0.03125 0.0484375
0 0.455078 0.592969 0.405469 0.540625
0 0.884375 0.718359 0.0375 0.0617188
0 0.335938 0.550781 0.640625 0.660937
0 0.942969 0.829688 0.0265625 0.04375
0 0.254102 0.637109 0.323047 0.333594
0 0.58125 0.96875 0.202344 0.0625
0 0.665625 0.0911865 0.16875 0.179346
0 0.350781 0.399316 0.119531 0.143555
0 0.804688 0.566797 0.028125 0.0546875
0 0.772656 0.9625 0.0578125 0.075
0 0.657031 0.0270996 0.111719 0.0411133
0 0.02771 0.269531 0.0554199 0.220313
0 0.704297 0.575 0.591406 0.75625
0 0.111621 0.604688 0.102539 0.117969
0 0.185547 0.574219 0.211719 0.228125
0 0.667188 0.216602 0.176563 0.422266
0 0.493359 0.970313 0.211719 0.059375
0 0.531641 0.978125 0.103125 0.04375
0 0.12666 0.592188 0.0785156 0.078125
0 0.666406 0.485156 0.0265625 0.0515625
0 0.716016 0.0829102 0.0335938 0.0833984
0 0.80625 0.558594 0.025 0.0515625
0 0.325781 0.226562 0.61875 0.429688
0 0.802344 0.570312 0.03125 0.0671875
0 0.539062 0.980469 0.04375 0.0390625
0 0.660547 0.480078 0.0382813 0.0625
0 0.517578 0.9625 0.194531 0.075
0 0.550391 0.150391 0.580469 0.278906
0 0.537109 0.715234 0.0757812 0.136719
0 0.106641 0.604688 0.0457031 0.05625
0 0.639063 0.248047 0.303125 0.469531
0 0.681641 0.321875 0.271094 0.617188
0 0.530859 0.969531 0.184375 0.0609375
0 0.605078 0.953906 0.199219 0.0921875
0 0.940625 0.832812 0.03125 0.05625
0 0.268359 0.960156 0.0554687 0.0765625
0 0.104785 0.6 0.0693359 0.065625
0 0.647656 0.130469 0.2875 0.24375
0 0.143359 0.592188 0.165234 0.245312
0 0.621973 0.108105 0.518555 0.19707
0 0.689844 0.339063 0.0359375 0.0539063
0 0.642188 0.185156 0.184375 0.363281
0 0.166797 0.553516 0.177734 0.182031
0 0.657031 0.0924805 0.678125 0.184961
0 0.697656 0.467969 0.132812 0.110937
0 0.045752 0.335156 0.0911133 0.304688
0 0.105957 0.6125 0.0634766 0.0632813
0 0.136426 0.577734 0.100586 0.102344
0 0.307813 0.565723 0.460938 0.468555
0 0.251563 0.532031 0.44375 0.632812
0 0.029541 0.223828 0.0461914 0.0742188
0 0.878906 0.711328 0.0421875 0.078125
0 0.434473 0.970313 0.34043 0.059375
0 0.741016 0.35 0.517969 0.7
0 0.121484 0.611719 0.112109 0.15
0 0.777344 0.960938 0.090625 0.078125
0 0.144727 0.5625 0.148828 0.178125
0 0.247656 0.952734 0.1125 0.0945313
0 0.554785 0.584473 0.606055 0.593555
0 0.714844 0.0978516 0.03125 0.0558594
0 0.6625 0.0379395 0.107813 0.0606445
0 0.421484 0.478906 0.828906 0.673438
0 0.713281 0.0762695 0.0625 0.117383
0 0.0962891 0.60625 0.0402344 0.0546875
0 0.189014 0.727344 0.119629 0.0859375
0 0.0743164 0.280859 0.143164 0.192188
0 0.691797 0.9 0.616406 0.2
0 0.527734 0.571094 0.0507812 0.06875
0 0.494531 0.975 0.090625 0.05
0 0.177344 0.719922 0.0734375 0.0648438
0 0.620313 0.963281 0.275 0.0734375
0 0.198486 0.952344 0.20459 0.0953125
0 0.710156 0.116504 0.359375 0.213867
0 0.588281 0.0788818 0.308594 0.146924
0 0.6375 0.0315308 0.0765625 0.0529541
0 0.770703 0.953125 0.0351562 0.0546875
0 0.151367 0.554297 0.0910156 0.108594
0 0.185107 0.710938 0.0915039 0.075
0 0.714844 0.325 0.40625 0.644531
0 0.603125 0.0273926 0.04375 0.0399414
0 0.716797 0.103345 0.0476562 0.0772949
0 0.167676 0.540625 0.0771484 0.10625
0 0.801562 0.561328 0.0375 0.0859375
0 0.525781 0.732031 0.0875 0.165625
0 0.264062 0.967188 0.0695313 0.065625
0 0.610938 0.0968994 0.245312 0.187451
0 0.363672 0.612598 0.727344 0.720117
0 0.314063 0.562891 0.616406 0.536719
0 0.509375 0.4125 0.6375 0.8
0 0.512109 0.355273 0.828906 0.695703
0 0.454785 0.560938 0.437305 0.528125
0 0.370508 0.558984 0.435547 0.522656
0 0.609766 0.409375 0.414844 0.78125
0 0.703516 0.0722656 0.0625 0.123828
0 0.520312 0.732813 0.119531 0.1625
0 0.545703 0.7375 0.111719 0.171875
0 0.685254 0.416406 0.629492 0.814063
0 0.366602 0.475 0.733203 0.625
0 0.372461 0.336719 0.744922 0.673438
0 0.0581543 0.300781 0.116309 0.210938
0 0.498437 0.734375 0.154688 0.179688
0 0.0757812 0.314063 0.151562 0.220313
0 0.221484 0.387402 0.442969 0.40957
0 0.538672 0.725 0.0796875 0.167187
0 0.691016 0.0800537 0.149219 0.143799
0 0.424219 0.412109 0.848437 0.677344
0 0.466797 0.530371 0.682031 0.651758
0 0.524609 0.271289 0.752344 0.522266
0 0.0448242 0.335938 0.0896484 0.314063
0 0.681641 0.103931 0.216406 0.19917
0 0.523438 0.746484 0.164062 0.196094
0 0.325781 0.641406 0.507031 0.517188
0 0.682422 0.0697266 0.117188 0.12168
0 0.504687 0.689453 0.142188 0.238281
0 0.0325684 0.272461 0.0651367 0.198047
0 0.539062 0.712891 0.109375 0.205469
0 0.258203 0.56416 0.516406 0.74043
0 0.482422 0.677734 0.186719 0.247656
0 0.470703 0.724609 0.207031 0.166406
0 0.714063 0.0724609 0.0421875 0.108789
0 0.501563 0.567578 0.233594 0.510156
0 0.689844 0.0727051 0.0796875 0.130371
0 0.721094 0.100488 0.13125 0.183789
0 0.264453 0.299219 0.528906 0.429688
0 0.315625 0.282422 0.63125 0.550781
0 0.162012 0.828906 0.192773 0.315625
0 0.723828 0.120313 0.188281 0.228516
0 0.702734 0.173633 0.228906 0.337109
0 0.040625 0.294727 0.08125 0.219141
0 0.452344 0.568848 0.253906 0.50293
0 0.185205 0.729688 0.107715 0.126563
0 0.0421387 0.401172 0.0842773 0.413281
0 0.660937 0.0763672 0.179688 0.140625
0 0.447656 0.66875 0.252344 0.270313
0 0.222656 0.946094 0.114063 0.107813
0 0.542188 0.976172 0.0578125 0.0476562
0 0.228906 0.971484 0.0867188 0.0570313
0 0.545313 0.210352 0.546875 0.396484
0 0.166504 0.742969 0.156445 0.145313
0 0.545215 0.327539 0.56582 0.630078
0 0.239844 0.974219 0.0617188 0.0515625
0 0.0549805 0.370313 0.109961 0.342187
0 0.547656 0.569141 0.2875 0.514844
0 0.514844 0.662891 0.123438 0.241406
0 0.651563 0.275781 0.328125 0.526563
0 0.141113 0.806055 0.166211 0.272266
0 0.170996 0.412891 0.341992 0.40625
0 0.154492 0.768359 0.162109 0.191406
0 0.510547 0.507031 0.461719 0.639063
0 0.116602 0.322852 0.233203 0.185547
0 0.551562 0.972656 0.0828125 0.0546875
0 0.536719 0.978125 0.0453125 0.04375
0 0.544531 0.685938 0.0554687 0.0703125
0 0.546777 0.150195 0.64082 0.276953
0 0.564844 0.746484 0.13125 0.174219
0 0.204639 0.957031 0.157129 0.0859375
0 0.55 0.678906 0.046875 0.0578125
0 0.0356201 0.288867 0.0712402 0.301172
0 0.223047 0.963281 0.0921875 0.0734375
0 0.487109 0.632031 0.177344 0.351562
0 0.151367 0.575 0.302734 0.721875
0 0.0935547 0.349023 0.187109 0.194141
0 0.648047 0.0970703 0.203125 0.186328
0 0.0513672 0.329883 0.102734 0.176953
0 0.333984 0.769141 0.539844 0.461719
0 0.0262207 0.29043 0.0524414 0.230078
0 0.197852 0.7375 0.144922 0.135937
0 0.0856934 0.475391 0.171387 0.354688
0 0.0544922 0.338281 0.105078 0.128125
0 0.393652 0.779688 0.14707 0.121875
0 0.626172 0.458984 0.560156 0.735156
0 0.191797 0.860156 0.200391 0.279687
0 0.0249268 0.258594 0.0498535 0.154688
0 0.973828 0.934375 0.0523438 0.13125
0 0.109375 0.351953 0.21875 0.302344
0 0.717188 0.0816162 0.034375 0.092627
0 0.562402 0.133984 0.492383 0.247266
0 0.466016 0.462891 0.0851563 0.1125
0 0.471875 0.474609 0.0617188 0.0726563
0 0.0579102 0.374023 0.11582 0.162891
0 0.530859 0.684375 0.114063 0.25
0 0.165137 0.736328 0.0712891 0.111719
0 0.0689453 0.358594 0.123438 0.138281
0 0.351758 0.400781 0.141016 0.177344
0 0.595313 0.0782959 0.280469 0.144189
0 0.239453 0.955469 0.0976562 0.0890625
0 0.430371 0.710938 0.223633 0.189063
0 0.548438 0.677344 0.06875 0.0796875
0 0.626953 0.06875 0.225781 0.127148
0 0.579004 0.558203 0.623242 0.566406
0 0.714063 0.298047 0.26875 0.596094
0 0.714063 0.0747559 0.0578125 0.12666
0 0.364063 0.644922 0.588281 0.710156
0 0.663281 0.0686523 0.151562 0.133203
0 0.703906 0.0700684 0.0601563 0.114941
0 0.399609 0.596094 0.689844 0.523438
0 0.530859 0.580859 0.289844 0.513281
0 0.601172 0.411719 0.783594 0.823438
0 0.689844 0.0670898 0.0921875 0.126367
0 0.425879 0.591797 0.466992 0.494531
0 0.56875 0.74375 0.117188 0.18125
0 0.554297 0.605859 0.208594 0.453906
0 0.655469 0.0916992 0.16875 0.183398
0 0.713281 0.0742676 0.04375 0.0993164
0 0.509473 0.510156 0.37168 0.654688
0 0.655469 0.44375 0.689063 0.871875
0 0.544531 0.686719 0.176563 0.30625
0 0.552344 0.432422 0.304688 0.811719
0 0.354102 0.586328 0.502734 0.389844
0 0.561719 0.459375 0.428125 0.91875
0 0.566016 0.701563 0.127344 0.265625
0 0.480859 0.544922 0.685156 0.514844
0 0.713281 0.10127 0.0421875 0.0634766
0 0.597656 0.0780273 0.271875 0.150977
0 0.40127 0.518848 0.577148 0.349805
0 0.657813 0.178516 0.178125 0.357031
0 0.7125 0.103223 0.053125 0.0830078
0 0.457031 0.499609 0.717188 0.828906
0 0.70625 0.0964844 0.05625 0.0873047
0 0.451953 0.398047 0.827344 0.744531
0 0.59541 0.350586 0.637305 0.701172
0 0.697656 0.0953125 0.0765625 0.108789
0 0.295703 0.506348 0.375781 0.310742
0 0.304102 0.70625 0.590234 0.582812
0 0.55 0.747656 0.15 0.204688
0 0.653516 0.478125 0.04375 0.075
0 0.687891 0.205078 0.191406 0.410156
0 0.600781 0.035791 0.0546875 0.0626953
0 0.467187 0.478906 0.0921875 0.104688
0 0.473438 0.473438 0.0609375 0.0703125
0 0.695312 0.120508 0.215625 0.241016
0 0.717969 0.0867188 0.0390625 0.0789063
0 0.233594 0.964063 0.096875 0.071875
0 0.686719 0.0886963 0.0992187 0.132373
0 0.575391 0.557813 0.314844 0.565625
0 0.546094 0.975781 0.0625 0.0484375
0 0.550781 0.678906 0.05625 0.0609375
0 0.55 0.690625 0.0695313 0.0921875
0 0.263672 0.599219 0.492188 0.409375
0 0.424219 0.964063 0.090625 0.071875
0 0.549609 0.719531 0.078125 0.160938
0 0.507031 0.978125 0.154688 0.04375
0 0.712109 0.0867188 0.133594 0.167969
0 0.239063 0.9625 0.0695313 0.075
0 0.607422 0.175195 0.249219 0.350391
0 0.5375 0.979688 0.0460938 0.040625
0 0.534375 0.573438 0.053125 0.0703125
0 0.532813 0.56875 0.040625 0.0640625
0 0.468359 0.476953 0.0796875 0.0796875
0 0.528516 0.978906 0.0859375 0.0421875
0 0.4 0.442969 0.622656 0.310937
0 0.469922 0.444922 0.0898438 0.139063
0 0.450391 0.664453 0.359375 0.621094
0 0.279883 0.458203 0.348047 0.297656
0 0.442969 0.971875 0.115625 0.05625
0 0.244531 0.96875 0.0632813 0.0625
0 0.517969 0.614453 0.229687 0.460156
0 0.728516 0.184766 0.233594 0.367969
0 0.455078 0.491406 0.109375 0.110937
0 0.618359 0.0356934 0.0679687 0.0633789
0 0.619922 0.0289551 0.053125 0.0413086
0 0.610156 0.0308594 0.0578125 0.0504883
0 0.631641 0.0371094 0.0929688 0.0626953
0 0.610938 0.225586 0.282813 0.442578
0 0.380078 0.952344 0.114844 0.0953125
0 0.599609 0.0289917 0.0460938 0.0418213
0 0.719531 0.103125 0.0734375 0.0960938
0 0.253906 0.963672 0.059375 0.0726563
0 0.230078 0.866406 0.18125 0.267188
0 0.528125 0.685156 0.104688 0.142188
0 0.206836 0.508984 0.364453 0.3125
0 0.542188 0.745313 0.0507812 0.0875
0 0.590625 0.0313477 0.040625 0.0525391
0 0.38584 0.637891 0.0736328 0.084375
0 0.666016 0.0452026 0.120313 0.072876
0 0.519531 0.565625 0.075 0.0914062
0 0.485156 0.978516 0.0859375 0.0429688
0 0.416016 0.961719 0.0671875 0.0765625
0 0.482422 0.473438 0.0460938 0.0632813
0 0.535937 0.561719 0.034375 0.0578125
0 0.462109 0.502734 0.108594 0.158594
0 0.525 0.974219 0.114063 0.0515625
0 0.586719 0.0338745 0.0640625 0.0619385
0 0.414453 0.764844 0.111719 0.0828125
0 0.403516 0.775781 0.129688 0.10625
0 0.691406 0.0460815 0.0625 0.0699463
0 0.0883057 0.592188 0.0769043 0.0804688
0 0.508594 0.648828 0.178125 0.346094
0 0.702734 0.390234 0.594531 0.780469
0 0.391309 0.445996 0.676758 0.423633
0 0.654297 0.347656 0.267969 0.695312
0 0.724219 0.345703 0.332813 0.691406
0 0.407715 0.59209 0.606445 0.486133
0 0.574219 0.611328 0.236719 0.460156
0 0.697656 0.0736328 0.06875 0.130469
0 0.368164 0.453516 0.704297 0.791406
0 0.585156 0.5125 0.370313 0.665625
0 0.700781 0.0729492 0.0539063 0.110352
0 0.494922 0.449219 0.713281 0.870313
0 0.456934 0.536719 0.604883 0.623438
0 0.563672 0.764453 0.142969 0.178906
0 0.565234 0.444922 0.505469 0.850781
0 0.676953 0.07771 0.105469 0.141455
0 0.473438 0.59209 0.434375 0.506445
0 0.668359 0.0911133 0.130469 0.173242
0 0.333789 0.616016 0.598047 0.396094
0 0.657813 0.410938 0.332813 0.807813
0 0.7125 0.072168 0.04375 0.103711
0 0.692969 0.091626 0.08125 0.170264
0 0.542969 0.663281 0.2125 0.345313
0 0.590625 0.530078 0.2625 0.614844
0 0.638672 0.0925781 0.175 0.178906
0 0.27168 0.439063 0.543359 0.857813
0 0.728125 0.421875 0.54375 0.832812
0 0.917188 0.897656 0.165625 0.204688
0 0.690625 0.115918 0.184375 0.225977
0 0.532813 0.745313 0.20625 0.210938
0 0.696875 0.316797 0.295312 0.625781
0 0.661719 0.130664 0.18125 0.255078
0 0.880469 0.885938 0.239063 0.228125
0 0.603906 0.0787109 0.248438 0.146484
0 0.548438 0.710938 0.178125 0.28125
0 0.950781 0.908984 0.0984375 0.182031
0 0.973047 0.708594 0.0539063 0.100781
0 0.761719 0.358203 0.379688 0.7125
0 0.442188 0.39375 0.884375 0.7875
0 0.273828 0.555371 0.547656 0.493945
0 0.963281 0.915625 0.0734375 0.16875
0 0.725391 0.232031 0.207031 0.464063
0 0.739844 0.177686 0.179688 0.350879
0 0.936719 0.836719 0.126563 0.326562
0 0.688672 0.197217 0.277344 0.392285
0 0.716406 0.0857666 0.0375 0.10542
0 0.702344 0.183936 0.201563 0.367285
0 0.825977 0.417969 0.348047 0.826563
0 0.910937 0.855859 0.178125 0.288281
0 0.0492676 0.312109 0.0985352 0.252344
0 0.213477 0.484473 0.426953 0.754492
0 0.639844 0.0689941 0.189063 0.137988
0 0.667578 0.192236 0.179688 0.380371
0 0.117383 0.596094 0.1125 0.0875
0 0.242383 0.333594 0.0867188 0.0867188
0 0.499219 0.680469 0.241406 0.346875
0 0.653125 0.489844 0.69375 0.951563
0 0.715625 0.0931885 0.0507812 0.114795
0 0.487598 0.738281 0.288867 0.226562
0 0.689453 0.068457 0.071875 0.109961
0 0.582031 0.742188 0.120313 0.19375
0 0.277344 0.655859 0.534375 0.649219
0 0.182617 0.397266 0.357422 0.794531
0 0.769531 0.9625 0.0390625 0.071875
0 0.233398 0.328906 0.065625 0.0828125
0 0.577441 0.359961 0.798242 0.719922
0 0.742188 0.12373 0.157813 0.236133
0 0.678125 0.0694336 0.0875 0.118945
0 0.758594 0.218164 0.304688 0.436328
0 0.113647 0.6 0.0969238 0.0703125
0 0.409766 0.416406 0.228125 0.227344
0 0.190967 0.770703 0.124316 0.138281
0 0.0523438 0.319727 0.100781 0.186328
0 0.183789 0.647656 0.247266 0.410938
0 0.921875 0.607422 0.15625 0.785156
0 0.957031 0.866406 0.0859375 0.267188
0 0.373828 0.761719 0.114063 0.0828125
0 0.717188 0.0902588 0.103125 0.165967
0 0.603125 0.143945 0.251563 0.286328
0 0.553906 0.313281 0.0859375 0.0773438
0 0.0988037 0.601562 0.0789551 0.0671875
0 0.983594 0.935156 0.0328125 0.129688
0 0.392188 0.640625 0.254688 0.3625
0 0.542578 0.321875 0.113281 0.0914062
0 0.263672 0.496484 0.0851563 0.078125
0 0.0848633 0.600781 0.0691406 0.0671875
0 0.0576172 0.351562 0.09375 0.135937
0 0.0685547 0.331641 0.0642578 0.0859375
0 0.807813 0.293164 0.05 0.169141
0 0.885742 0.790625 0.228516 0.41875
0 0.0605469 0.3375 0.0679687 0.09375
0 0.535156 0.564844 0.0359375 0.0671875
0 0.805469 0.246484 0.389062 0.492969
0 0.575781 0.797656 0.120313 0.117188
0 0.248047 0.340039 0.100781 0.107422
0 0.0625977 0.313281 0.0703125 0.153906
0 0.63125 0.332422 0.553125 0.664844
0 0.691016 0.0480957 0.0664062 0.0725586
0 0.191016 0.830469 0.141016 0.264062
0 0.250391 0.573828 0.500781 0.688281
0 0.440527 0.458594 0.220508 0.249219
0 0.17583 0.773047 0.138184 0.172656
0 0.728906 0.111328 0.121875 0.210156
0 0.5625 0.310547 0.05625 0.0640625
0 0.711328 0.461719 0.114844 0.157813
0 0.456641 0.432422 0.192188 0.202344
0 0.339063 0.633203 0.246875 0.378906
0 0.0803711 0.355469 0.119727 0.152344
0 0.464063 0.478125 0.0875 0.0890625
0 0.374805 0.405859 0.226953 0.220313
0 0.144434 0.439746 0.288867 0.683008
0 0.0686035 0.328516 0.0545898 0.0664062
0 0.178125 0.5375 0.271094 0.210156
0 0.109961 0.557422 0.196484 0.185156
0 0.224609 0.333594 0.0960938 0.102344
0 0.250391 0.341406 0.0890625 0.078125
0 0.375 0.709766 0.201563 0.200781
0 0.603125 0.0377441 0.05 0.0639648
0 0.513281 0.645312 0.198437 0.379688
0 0.0844727 0.601953 0.0945313 0.08125
0 0.28125 0.321875 0.546094 0.617969
0 0.672656 0.0509277 0.0984375 0.0795898
0 0.467187 0.475 0.071875 0.071875
0 0.245703 0.5 0.0929688 0.0734375
0 0.199609 0.753906 0.120703 0.135937
0 0.0314331 0.224023 0.0508057 0.078125
0 0.0320801 0.251172 0.0613281 0.164062
0 0.274609 0.628125 0.271875 0.39375
0 0.192529 0.841211 0.17041 0.317578
0 0.504297 0.685938 0.161719 0.142188
0 0.0461914 0.35293 0.0923828 0.297266
0 0.594531 0.694531 0.148438 0.2875
0 0.102539 0.590625 0.130078 0.0984375
0 0.613281 0.0342651 0.05625 0.0578369
0 0.0839356 0.588672 0.167871 0.163281
0 0.528906 0.558594 0.040625 0.0734375
0 0.441016 0.708594 0.286719 0.2625
0 0.721484 0.107422 0.0570313 0.119922
0 0.462891 0.457813 0.0921875 0.125781
0 0.461816 0.667188 0.23418 0.334375
0 0.201221 0.773438 0.132715 0.101562
0 0.459375 0.449121 0.115625 0.164258
0 0.412109 0.708594 0.257031 0.217188
0 0.562109 0.810938 0.142969 0.1
0 0.272656 0.495313 0.0625 0.0734375
0 0.891406 0.9125 0.217188 0.175
0 0.262305 0.485938 0.105859 0.114063
0 0.988281 0.959375 0.0234375 0.08125
0 0.0845703 0.30625 0.169141 0.250781
0 0.695703 0.491406 0.13125 0.06875
0 0.0388794 0.265234 0.0730225 0.183984
0 0.0351074 0.234961 0.0625977 0.0925781
0 0.478906 0.470313 0.179688 0.265625
0 0.38125 0.780469 0.109375 0.107813
0 0.134766 0.576563 0.251563 0.239844
0 0.224414 0.971484 0.105859 0.0570313
0 0.652344 0.476562 0.04375 0.08125
0 0.701563 0.0414917 0.0453125 0.0576416
0 0.390723 0.767969 0.112305 0.1
0 0.879687 0.842188 0.109375 0.1
0 0.0583008 0.347656 0.116602 0.246875
0 0.711719 0.0695801 0.0617188 0.113184
0 0.589063 0.0309082 0.0453125 0.055957
0 0.262109 0.504687 0.0734375 0.0703125
0 0.444531 0.485547 0.125781 0.0921875
0 0.205664 0.7875 0.111328 0.09375
0 0.364453 0.753125 0.133594 0.107813
0 0.622656 0.067041 0.220313 0.134082
0 0.503125 0.561719 0.0976562 0.1125
0 0.141992 0.301563 0.283984 0.5125
0 0.196484 0.510938 0.251953 0.215625
0 0.285742 0.597559 0.571484 0.637695
0 0.350977 0.571875 0.701953 0.532813
0 0.333984 0.512402 0.667969 0.754883
0 0.569922 0.750781 0.146094 0.209375
0 0.542188 0.684375 0.171094 0.340625
0 0.55625 0.606641 0.248438 0.466406
0 0.560156 0.530078 0.39375 0.636719
0 0.660156 0.0923828 0.14375 0.171484
0 0.546875 0.546777 0.289062 0.593945
0 0.695703 0.0776367 0.0742188 0.130469
0 0.414453 0.617578 0.457031 0.444531
0 0.707422 0.0724609 0.0507812 0.105078
0 0.510156 0.416016 0.623438 0.817969
0 0.565234 0.470996 0.486719 0.717383
0 0.442188 0.543066 0.632031 0.604492
0 0.450098 0.672656 0.249805 0.314063
0 0.563672 0.694531 0.150781 0.307813
0 0.715625 0.0770508 0.040625 0.0976562
0 0.671094 0.0754883 0.123438 0.13418
0 0.498437 0.690625 0.159375 0.357812
0 0.25625 0.565625 0.504687 0.8625
0 0.177148 0.832422 0.218359 0.335156
0 0.689844 0.093457 0.0859375 0.167383
0 0.605469 0.365625 0.439063 0.70625
0 0.547266 0.758594 0.197656 0.214062
0 0.678516 0.265625 0.291406 0.499219
0 0.399609 0.701953 0.201563 0.217969
0 0.436719 0.428906 0.873438 0.857813
0 0.345313 0.711719 0.603125 0.564063
0 0.640234 0.104297 0.183594 0.199219
0 0.619531 0.275 0.410938 0.523438
0 0.485547 0.692969 0.313281 0.3125
0 0.0506348 0.340039 0.10127 0.312109
0 0.465234 0.719922 0.288281 0.247656
0 0.622656 0.078125 0.220313 0.139063
0 0.211133 0.685156 0.350391 0.617188
0 0.524219 0.48125 0.146875 0.405469
0 0.497754 0.744922 0.295117 0.219531
0 0.659375 0.0393066 0.139063 0.0567383
0 0.366406 0.760156 0.129688 0.0875
0 0.396094 0.575781 0.792188 0.698438
0 0.537109 0.566406 0.0476562 0.078125
0 0.696875 0.457813 0.135156 0.148438
0 0.807031 0.283594 0.04375 0.121875
0 0.339258 0.630469 0.233984 0.382812
0 0.378125 0.717969 0.1875 0.196875
0 0.349219 0.70625 0.207813 0.217188
0 0.189893 0.719531 0.113184 0.142188
0 0.571875 0.483691 0.198437 0.406055
0 0.185156 0.562891 0.370313 0.802344
0 0.497266 0.497656 0.148438 0.413281
0 0.722656 0.225391 0.217188 0.402344
0 0.663281 0.489453 0.034375 0.0640625
0 0.659375 0.482812 0.040625 0.071875
0 0.718359 0.11123 0.0335938 0.0697266
0 0.305078 0.377344 0.592188 0.686719
0 0.463965 0.5875 0.20332 0.34375
0 0.666016 0.139063 0.135156 0.278125
0 0.503125 0.647656 0.1375 0.385938
0 0.647656 0.0318237 0.132812 0.0463135
0 0.0834473 0.311133 0.166895 0.262109
0 0.389062 0.659375 0.209375 0.325
0 0.717188 0.0987305 0.0335938 0.0779297
0 0.533594 0.551953 0.05625 0.111719
0 0.516016 0.591016 0.0976562 0.125781
0 0.715234 0.0696777 0.0523438 0.11377
0 0.152124 0.824219 0.187549 0.309375
0 0.118555 0.313281 0.233594 0.266406
0 0.482031 0.622656 0.175 0.332813
0 0.635156 0.250781 0.046875 0.0664062
0 0.500781 0.566797 0.129688 0.135937
0 0.525 0.570312 0.06875 0.103125
0 0.625781 0.0359863 0.084375 0.0536133
0 0.23208 0.830859 0.189746 0.338281
0 0.302734 0.702344 0.271094 0.21875
0 0.717188 0.0998047 0.04375 0.0957031
0 0.665625 0.0543091 0.113281 0.0820068
0 0.607813 0.0366333 0.0578125 0.0550537
0 0.615625 0.0293945 0.0625 0.0388672
0 0.801562 0.280859 0.046875 0.153125
0 0.5375 0.573438 0.0578125 0.0875
0 0.8125 0.290625 0.046875 0.104688
0 0.524219 0.278125 0.14375 0.121094
0 0.1625 0.454688 0.325 0.520312
0 0.140234 0.38916 0.280078 0.395117
0 0.148828 0.290234 0.288281 0.278125
0 0.5 0.544141 0.140625 0.157813
0 0.0414063 0.309766 0.0828125 0.255469
0 0.703125 0.428809 0.136719 0.192383
0 0.676562 0.394922 0.310937 0.738281
0 0.678516 0.102539 0.104688 0.190234
0 0.686328 0.223242 0.167969 0.401172
0 0.6625 0.497656 0.0390625 0.08125
0 0.430859 0.231836 0.122656 0.160156
0 0.532031 0.55625 0.0476562 0.084375
0 0.226172 0.348828 0.438281 0.605469
0 0.533203 0.739844 0.0929688 0.154688
0 0.0912109 0.467969 0.182422 0.377344
0 0.519531 0.657031 0.107813 0.353125
0 0.526563 0.298047 0.134375 0.0976562
0 0.509375 0.550781 0.104688 0.139063
0 0.502344 0.684375 0.153125 0.160156
0 0.552344 0.753125 0.15 0.134375
0 0.478906 0.467969 0.195312 0.367188
0 0.949219 0.904688 0.101562 0.190625
0 0.567969 0.770312 0.167187 0.129688
0 0.173535 0.752734 0.159961 0.161719
0 0.537109 0.746875 0.06875 0.114063
0 0.275 0.625391 0.296094 0.394531
0 0.807813 0.264844 0.03125 0.0609375
0 0.513672 0.487109 0.09375 0.153906
0 0.554297 0.300781 0.090625 0.0960938
0 0.634375 0.386621 0.2625 0.35957
0 0.603125 0.0288086 0.05625 0.0380859
0 0.805469 0.256641 0.03125 0.0671875
0 0.682813 0.410938 0.164062 0.235938
0 0.189648 0.636719 0.223047 0.415625
0 0.557031 0.312109 0.0726563 0.0664062
0 0.158496 0.769922 0.178711 0.199219
0 0.0343262 0.256836 0.068457 0.125
0 0.3375 0.75 0.223438 0.164062
0 0.212305 0.911719 0.142188 0.176563
0 0.654297 0.478906 0.0414063 0.084375
0 0.570703 0.789844 0.139844 0.103125
0 0.502344 0.350195 0.175 0.241797
0 0.593359 0.737109 0.160938 0.158594
0 0.411035 0.430469 0.218555 0.252344
0 0.446973 0.47041 0.243555 0.288867
0 0.714063 0.385156 0.178125 0.29375
0 0.916406 0.892969 0.167187 0.214062
0 0.358398 0.426563 0.266016 0.251563
0 0.716797 0.447266 0.135156 0.157813
0 0.0274902 0.220313 0.0476562 0.078125
0 0.691016 0.187109 0.266406 0.35
0 0.16543 0.724609 0.273828 0.538281
0 0.0323364 0.225781 0.0572021 0.0976562
0 0.408984 0.241016 0.0796875 0.124219
0 0.535937 0.300586 0.110156 0.0800781
0 0.527344 0.753125 0.090625 0.1125
0 0.502344 0.431934 0.179688 0.368945
0 0.503906 0.586719 0.129688 0.359375
0 0.589844 0.0319824 0.04375 0.0426758
0 0.963281 0.919531 0.0734375 0.160938
0 0.525781 0.5875 0.078125 0.101562
0 0.527344 0.355273 0.128125 0.240234
0 0.979688 0.939453 0.040625 0.121094
0 0.391309 0.220313 0.0408203 0.0695313
0 0.70625 0.357422 0.0546875 0.0773438
0 0.530469 0.553125 0.0796875 0.15625
0 0.368945 0.718359 0.159766 0.160156
0 0.521094 0.528906 0.0828125 0.191406
0 0.5375 0.325195 0.11875 0.108203
0 0.700781 0.341406 0.0515625 0.05625
0 0.0224609 0.242969 0.0449219 0.112891
0 0.038916 0.38584 0.077832 0.46582
0 0.461719 0.522754 0.213281 0.382617
0 0.398828 0.236719 0.05625 0.103906
0 0.179297 0.900781 0.201172 0.198437
0 0.194873 0.736719 0.136035 0.1375
0 0.427246 0.612891 0.254883 0.378906
0 0.516406 0.613281 0.10625 0.15625
0 0.653906 0.214453 0.159375 0.428906
0 0.555469 0.303906 0.170313 0.154688
0 0.589063 0.028125 0.053125 0.0359375
0 0.808594 0.273828 0.0375 0.0851563
0 0.542188 0.732031 0.0625 0.153125
0 0.696875 0.476953 0.130469 0.105469
0 0.430078 0.257422 0.125781 0.141406
0 0.300391 0.740625 0.288281 0.201563
0 0.589453 0.0374512 0.0492188 0.0567383
0 0.393652 0.22793 0.0517578 0.0871094
0 0.614062 0.00393066 0.25 0.00786133
0 0.104883 0.533984 0.202734 0.2125
0 0.457031 0.477344 0.102344 0.09375
0 0.386816 0.401172 0.231055 0.326562
0 0.4875 0.323047 0.209375 0.271094
0 0.529297 0.319922 0.167969 0.201563
0 0.283398 0.423828 0.223828 0.242969
0 0.798438 0.241016 0.040625 0.0859375
0 0.0512695 0.347656 0.102539 0.130469
0 0.569531 0.292969 0.130469 0.121875
0 0.630469 0.249609 0.0328125 0.0570313
0 0.0512695 0.322266 0.102539 0.200781
0 0.0618164 0.461621 0.123633 0.400195
0 0.552344 0.326953 0.148438 0.182031
0 0.035498 0.281445 0.0709961 0.197266
0 0.653906 0.42334 0.227344 0.229883
0 0.549219 0.732031 0.0921875 0.182812
0 0.251758 0.414453 0.202734 0.290625
0 0.36875 0.758203 0.160938 0.125781
0 0.132324 0.818555 0.154883 0.272266
0 0.516406 0.286719 0.146094 0.0859375
0 0.448438 0.457813 0.1375 0.154688
0 0.194531 0.940625 0.0460938 0.08125
0 0.462109 0.480469 0.0851563 0.0773438
0 0.5 0.978125 0.165625 0.04375
0 0.650391 0.0480957 0.13125 0.0750977
0 0.521094 0.667969 0.117188 0.170313
0 0.671094 0.0692383 0.105469 0.109766
0 0.178174 0.319922 0.210059 0.190625
0 0.8875 0.886328 0.225 0.227344
0 0.399121 0.701563 0.476758 0.465625
0 0.503516 0.528906 0.108594 0.151562
0 0.459277 0.419531 0.242383 0.311719
0 0.519141 0.511719 0.110156 0.36875
0 0.582812 0.675391 0.150781 0.308594
0 0.223096 0.974219 0.116309 0.0515625
0 0.379688 0.940625 0.126563 0.11875
0 0.6375 0.247656 0.0640625 0.0679687
0 0.232861 0.849219 0.141309 0.301563
0 0.692187 0.0376465 0.065625 0.0495117
0 0.501953 0.707031 0.138281 0.15
0 0.707812 0.377441 0.217188 0.351367
0 0.134082 0.466016 0.263086 0.366406
0 0.573438 0.806445 0.153125 0.108984
0 0.547656 0.427734 0.144531 0.402344
0 0.988281 0.960938 0.0234375 0.078125
0 0.782813 0.262939 0.0921875 0.211621
0 0.205078 0.733594 0.171875 0.164062
0 0.136719 0.541309 0.273438 0.736133
0 0.672656 0.0951172 0.1125 0.140039
0 0.31875 0.437109 0.252344 0.235938
0 0.39375 0.246094 0.0648438 0.133594
0 0.211523 0.308203 0.09375 0.110937
0 0.523828 0.404297 0.141406 0.323438
0 0.345898 0.749609 0.157422 0.100781
0 0.264453 0.831641 0.194141 0.336719
0 0.462402 0.974609 0.398633 0.0507812
0 0.440625 0.659375 0.122656 0.103125
0 0.3125 0.405859 0.203125 0.271094
0 0.232813 0.890625 0.125781 0.21875
0 0.229102 0.930469 0.124219 0.139063
0 0.796094 0.28125 0.06875 0.173438
0 0.936719 0.860547 0.126563 0.278906
0 0.567187 0.28125 0.159375 0.10625
0 0.248047 0.732813 0.267969 0.178125
0 0.264844 0.910937 0.172656 0.178125
0 0.412598 0.74375 0.204492 0.157813
0 0.75625 0.215234 0.1625 0.403125
0 0.205469 0.330664 0.172656 0.171484
0 0.382715 0.479688 0.136133 0.142188
0 0.188672 0.699219 0.0898438 0.078125
0 0.424902 0.974219 0.176758 0.0515625
0 0.560938 0.0328613 0.103125 0.0447266
0 0.209033 0.285742 0.200684 0.254297
0 0.0556641 0.367969 0.111328 0.153906
0 0.499219 0.29375 0.107813 0.1
0 0.600781 0.042041 0.0484375 0.0649414
0 0.520312 0.580078 0.104688 0.325781
0 0.340625 0.924219 0.320312 0.151562
0 0.764844 0.241211 0.123438 0.319141
0 0.22207 0.431641 0.219141 0.321094
0 0.363281 0.957812 0.45625 0.084375
0 0.468848 0.341992 0.254492 0.334766
0 0.150391 0.507031 0.271484 0.246875
0 0.178467 0.732031 0.0961914 0.132812
0 0.353516 0.972266 0.391406 0.0554687
0 0.545313 0.339453 0.109375 0.174219
0 0.20918 0.961328 0.166016 0.0773438
0 0.697266 0.0689453 0.0585938 0.107031
0 0.655078 0.467969 0.0804688 0.121875
0 0.547656 0.721094 0.0828125 0.139063
0 0.23667 0.467285 0.230566 0.249805
0 0.438672 0.304492 0.180469 0.266016
0 0.490625 0.284961 0.0867188 0.0878906
0 0.188867 0.932813 0.0371094 0.0625
0 0.0206299 0.332813 0.0412598 0.275781
0 0.467969 0.24375 0.114063 0.104688
0 0.20918 0.684766 0.0386719 0.0546875
0 0.219141 0.965625 0.103906 0.06875
0 0.577734 0.0545898 0.335156 0.107227
0 0.473438 0.274219 0.111719 0.08125
0 0.528125 0.691406 0.09375 0.0859375
0 0.550391 0.680859 0.0523438 0.0640625
0 0.388672 0.758984 0.163281 0.0773438
0 0.702734 0.485156 0.119531 0.071875
0 0.299609 0.93125 0.259375 0.1375
0 0.712109 0.341797 0.0757812 0.0726563
0 0.0707031 0.288477 0.14082 0.218359
0 0.179688 0.348242 0.180469 0.155859
0 0.769531 0.965234 0.04375 0.0695313
0 0.208252 0.317969 0.135059 0.11875
0 0.525781 0.285547 0.229687 0.1875
0 0.732813 0.25332 0.190625 0.280859
0 0.208203 0.957812 0.0640625 0.084375
0 0.598437 0.462109 0.205469 0.4125
0 0.269727 0.677344 0.298047 0.28125
0 0.688281 0.490234 0.114844 0.0671875
0 0.183984 0.711719 0.115625 0.104688
0 0.407422 0.933594 0.217188 0.132812
0 0.452734 0.432031 0.151562 0.1375
0 0.61875 0.46416 0.217188 0.320117
0 0.282422 0.0980469 0.0328125 0.0744141
0 0.541406 0.792969 0.153125 0.139063
0 0.289453 0.967188 0.291406 0.065625
0 0.357422 0.769531 0.155469 0.1
0 0.227783 0.356055 0.174902 0.191016
0 0.624219 0.244922 0.0375 0.0476562
0 0.0453125 0.347656 0.090625 0.190625
0 0.433984 0.326562 0.242969 0.301563
0 0.555371 0.428906 0.579883 0.834375
0 0.43916 0.417969 0.762305 0.835938
0 0.339063 0.442969 0.678125 0.773438
0 0.493652 0.487402 0.586133 0.689258
0 0.349219 0.596777 0.698438 0.470508
0 0.685156 0.0668945 0.105469 0.118555
0 0.310937 0.621875 0.539062 0.528125
0 0.549219 0.674219 0.142188 0.3125
0 0.664844 0.0701172 0.145313 0.133203
0 0.638672 0.15957 0.185156 0.317578
0 0.70625 0.0712891 0.0546875 0.106836
0 0.337891 0.655859 0.578906 0.688281
0 0.587109 0.489746 0.182812 0.254883
0 0.664062 0.0406738 0.115625 0.0624023
0 0.536328 0.560156 0.0492188 0.078125
0 0.516406 0.582031 0.0898438 0.121094
0 0.0507812 0.285156 0.101562 0.228906
0 0.0281738 0.222266 0.0474609 0.071875
0 0.239453 0.409375 0.478906 0.81875
0 0.5625 0.516797 0.345313 0.636719
0 0.604004 0.296289 0.512305 0.557422
0 0.561719 0.744531 0.132812 0.198437
0 0.0277832 0.198877 0.0475586 0.103027
0 0.0314453 0.214062 0.0538086 0.100781
0 0.664062 0.480469 0.0359375 0.06875
0 0.276172 0.590527 0.544531 0.720508
0 0.0767578 0.263867 0.149219 0.196484
0 0.225781 0.535156 0.451562 0.915625
0 0.181836 0.701563 0.102344 0.117188
0 0.523047 0.573047 0.0710938 0.0921875
0 0.0580078 0.255273 0.112305 0.176563
0 0.53125 0.541406 0.0632813 0.120313
0 0.028125 0.237109 0.0544922 0.0929688
0 0.0337891 0.248438 0.0675781 0.110156
0 0.510938 0.678906 0.153125 0.33125
0 0.533984 0.56875 0.0671875 0.090625
0 0.712891 0.0763672 0.0445313 0.1
0 0.529688 0.64375 0.10625 0.248438
0 0.701563 0.337109 0.0515625 0.0617188
0 0.664453 0.0546875 0.114844 0.0875
0 0.652344 0.0341675 0.132812 0.05354
0 0.658203 0.474219 0.0445313 0.0796875
0 0.652344 0.46875 0.05 0.090625
0 0.517188 0.555469 0.0828125 0.114063
0 0.232422 0.255859 0.463281 0.464844
0 0.632812 0.248438 0.0390625 0.0742188
0 0.0223145 0.213281 0.0395508 0.0660156
0 0.647656 0.237695 0.41875 0.452734
0 0.541406 0.721875 0.0570313 0.120313
0 0.61875 0.0556641 0.251563 0.111133
0 0.249219 0.666797 0.461719 0.666406
0 0.454297 0.168652 0.585156 0.287695
0 0.55 0.718359 0.0859375 0.141406
0 0.723437 0.0730469 0.103125 0.130078
0 0.0351074 0.229687 0.0677734 0.0992187
0 0.538281 0.742969 0.046875 0.078125
0 0.513672 0.628906 0.117969 0.253125
0 0.505371 0.181836 0.443945 0.331641
0 0.179639 0.696875 0.0899414 0.090625
0 0.0224609 0.199561 0.0397461 0.0805664
0 0.621875 0.362695 0.209375 0.361328
0 0.5 0.55 0.142188 0.146875
0 0.0405762 0.263281 0.0811523 0.1375
0 0.616797 0.0296387 0.0695313 0.0419922
0 0.532031 0.746875 0.0804688 0.121875
0 0.0995117 0.00273437 0.199023 0.00546875
0 0.166406 0.471484 0.332813 0.741406
0 0.237305 0.722266 0.392578 0.549219
0 0.474902 0.666016 0.206445 0.310156
0 0.619922 0.0350098 0.0703125 0.0579102
0 0.362891 0.757812 0.110937 0.084375
0 0.695312 0.4625 0.13125 0.134375
0 0.680469 0.0371582 0.0890625 0.0526367
0 0.18457 0.720313 0.122656 0.14375
0 0.538281 0.720313 0.08125 0.173438
0 0.0401367 0.228711 0.0802734 0.183203
0 0.360156 0.157813 0.155469 0.220313
0 0.636719 0.0296753 0.114844 0.0431885
0 0.532813 0.747656 0.065625 0.0953125
0 0.714453 0.0659668 0.0570313 0.111426
0 0.136328 0.00283203 0.228906 0.00566406
0 0.702344 0.038623 0.05 0.0538086
0 0.501563 0.569922 0.125 0.110937
0 0.667188 0.491406 0.0398437 0.0765625
0 0.0882568 0.293555 0.171924 0.257422
0 0.692969 0.0576172 0.0671875 0.0890625
0 0.717578 0.411719 0.216406 0.247656
0 0.544531 0.739062 0.0882813 0.15
0 0.177148 0.825391 0.186719 0.349219
0 0.728906 0.486719 0.190625 0.226562
0 0.906641 0.889063 0.186719 0.221875
0 0.526563 0.567969 0.05625 0.0765625
0 0.639063 0.251953 0.0648438 0.0785156
0 0.210547 0.00285645 0.229297 0.00571289
0 0.157422 0.242188 0.308594 0.4375
0 0.0775879 0.000854492 0.155176 0.00170898
0 0.676953 0.408203 0.173438 0.244531
0 0.616406 0.0034668 0.235156 0.00693359
0 0.392578 0.215186 0.697656 0.386035
0 0.208203 0.332813 0.416406 0.617969
0 0.0224365 0.241406 0.044873 0.121094
0 0.704297 0.328906 0.0617188 0.0757812
0 0.583594 0.173145 0.49375 0.332617
0 0.123145 0.000854492 0.162695 0.00170898
0 0.507812 0.977734 0.170313 0.0445313
0 0.523535 0.283984 0.493555 0.549219
0 0.233984 0.616797 0.260156 0.352344
0 0.185742 0.000683594 0.158984 0.00136719
0 0.0285645 0.255469 0.0571289 0.140625
0 0.548047 0.751953 0.108594 0.142969
0 0.399219 0.236719 0.0414063 0.0589844
0 0.174414 0.640234 0.348828 0.714844
0 0.54375 0.588672 0.317188 0.478906
0 0.715625 0.10166 0.0421875 0.0869141
0 0.667188 0.203516 0.151562 0.407031
0 0.023291 0.184424 0.0399414 0.0913086
0 0.0597168 0.322656 0.0848633 0.08125
0 0.672656 0.485547 0.059375 0.0796875
0 0.261133 0.00273437 0.224609 0.00546875
0 0.504687 0.536719 0.101562 0.1375
0 0.642969 0.406348 0.220313 0.241992
0 0.604297 0.0289185 0.0609375 0.0407959
0 0.660547 0.477734 0.0648438 0.0804688
0 0.452344 0.44375 0.114063 0.128125
0 0.607031 0.173242 0.234375 0.346484
0 0.222217 0.000683594 0.152441 0.00136719
0 0.301563 0.174414 0.0402344 0.0851563
0 0.547656 0.694531 0.0796875 0.105469
0 0.510547 0.464844 0.0976562 0.129688
0 0.521484 0.526563 0.0835937 0.165625
0 0.563281 0.0524414 0.373437 0.104883
0 0.422656 0.213867 0.110156 0.136328
0 0.350391 0.314453 0.153906 0.411719
0 0.689063 0.442969 0.621875 0.865625
0 0.115918 0.256641 0.227539 0.457031
0 0.607813 0.0337891 0.059375 0.0552734
0 0.314258 0.172656 0.0617188 0.116016
0 0.0515625 0.358008 0.103125 0.147266
0 0.678906 0.0895508 0.133594 0.161914
0 0.639063 0.00236816 0.21875 0.00473633
0 0.473047 0.00263672 0.227344 0.00527344
0 0.551562 0.00288086 0.232813 0.00576172
0 0.394531 0.223047 0.0421875 0.0679687
0 0.310156 0.167578 0.0515625 0.09375
0 0.643359 0.459375 0.06875 0.110937
0 0.659375 0.0020752 0.20625 0.00415039
0 0.391016 0.144629 0.782031 0.25918
0 0.0520508 0.332373 0.104102 0.363379
0 0.0586426 0.000634766 0.117285 0.00126953
0 0.667188 0.0306152 0.114844 0.0422852
0 0.5125 0.563672 0.1125 0.289844
0 0.167578 0.715625 0.0886719 0.123438
0 0.191992 0.685938 0.0734375 0.0765625
0 0.0591309 0.209961 0.115332 0.212109
0 0.137305 0.361328 0.273047 0.655469
0 0.0278809 0.17583 0.0456055 0.126465
0 0.592969 0.0284302 0.0640625 0.0398193
0 0.597656 0.565625 0.254688 0.523438
0 0.0753906 0.32793 0.0521484 0.053125
0 0.517578 0.519531 0.0695313 0.129688
0 0.411035 0.218359 0.0763672 0.0972656
0 0.600781 0.453223 0.183594 0.291992
0 0.198779 0.682813 0.0508789 0.0625
0 0.548047 0.29375 0.0945313 0.0945313
0 0.709375 0.0621094 0.142188 0.116992
0 0.713672 0.0958984 0.0328125 0.0751953
0 0.42334 0.00263672 0.229883 0.00527344
0 0.599219 0.00230713 0.220313 0.00461426
0 0.0399414 0.301758 0.0798828 0.218359
0 0.514063 0.610938 0.101562 0.151562
0 0.563281 0.51875 0.220313 0.305469
0 0.567187 0.690625 0.123438 0.278125
0 0.748438 0.0912109 0.145313 0.163281
0 0.0555664 0.288477 0.111133 0.162891
0 0.483594 0.603906 0.173438 0.235938
0 0.710938 0.342969 0.0601563 0.0789063
0 0.685938 0.0836182 0.084375 0.137061
0 0.396094 0.237891 0.0507812 0.0789063
0 0.63125 0.241602 0.0507812 0.0777344
0 0.0666504 0.333594 0.0758789 0.075
0 0.401563 0.228516 0.053125 0.0828125
0 0.524219 0.662109 0.109375 0.153906
0 0.591797 0.676562 0.194531 0.3125
0 0.647656 0.0475708 0.13125 0.0827881
0 0.629687 0.247266 0.03125 0.0644531
0 0.717188 0.2375 0.217188 0.453125
0 0.592188 0.0305542 0.0453125 0.0437744
0 0.148828 0.721094 0.0519531 0.0921875
0 0.517969 0.785156 0.09375 0.176563
0 0.424219 0.000610352 0.160156 0.0012207
0 0.0797852 0.232764 0.131055 0.136816
0 0.716406 0.102344 0.0585938 0.101562
0 0.334766 0.191797 0.107031 0.143359
0 0.529688 0.588672 0.0859375 0.107031
0 0.0638184 0.220654 0.127637 0.123535
0 0.928906 0.00268555 0.142188 0.00537109
0 0.386328 0.000500488 0.158594 0.00100098
0 0.648828 0.256641 0.0765625 0.0804688
0 0.596094 0.555469 0.592188 0.835938
0 0.380469 0.430859 0.289844 0.247656
0 0.220117 0.824805 0.208594 0.350391
0 0.521484 0.757812 0.0804688 0.121875
0 0.258984 0.000854492 0.157031 0.00170898
0 0.274609 0.5 0.096875 0.114063
0 0.342578 0.355469 0.1125 0.125
0 0.139941 0.730469 0.0693359 0.0953125
0 0.380566 0.184961 0.195117 0.205078
0 0.0333008 0.21875 0.0666016 0.255469
0 0.492188 0.532031 0.164062 0.155469
0 0.505469 0.603125 0.0953125 0.123438
0 0.383203 0.271484 0.203906 0.354688
0 0.701953 0.611328 0.596094 0.777344
0 0.373828 0.00253906 0.228906 0.00507813
0 0.428125 0.398535 0.0875 0.10918
0 0.407422 0.762109 0.133594 0.0976562
0 0.36582 0.715625 0.155859 0.1625
0 0.651563 0.46875 0.071875 0.0984375
0 0.706641 0.0453247 0.0515625 0.0687256
0 0.66875 0.459375 0.114063 0.129688
0 0.666406 0.358594 0.16875 0.321875
0 0.461328 0.000769043 0.164844 0.00153809
0 0.300781 0.00236816 0.229687 0.00473633
0 0.5125 0.58125 0.0703125 0.096875
0 0.542188 0.5625 0.0734375 0.1125
0 0.315625 0.152637 0.0648438 0.142383
0 0.0740234 0.331641 0.0677734 0.0640625
0 0.692187 0.339453 0.046875 0.0570313
0 0.497656 0.00112305 0.1625 0.00224609
0 0.2 0.741797 0.152344 0.133594
0 0.540234 0.678516 0.0679687 0.0679687
0 0.551953 0.286719 0.117969 0.111719
0 0.0453613 0.228857 0.0907227 0.122754
0 0.345117 0.15791 0.122266 0.194336
0 0.65625 0.0933594 0.164062 0.173828
0 0.20625 0.679688 0.0417969 0.065625
0 0.401563 0.244531 0.0546875 0.0835937
0 0.557813 0.729688 0.0953125 0.173438
0 0.510938 0.746875 0.24375 0.21875
0 0.638672 0.257812 0.0460938 0.0804688
0 0.521094 0.480078 0.0882813 0.157813
0 0.484375 0.546094 0.1625 0.294531
0 0.560938 0.00135498 0.164844 0.00270996
0 0.0349609 0.191016 0.0467773 0.121094
0 0.703906 0.0340332 0.0414063 0.046582
0 0.0856445 0.322266 0.116211 0.1
0 0.502344 0.535156 0.139063 0.339844
0 0.348633 0.000585938 0.161328 0.00117188
0 0.532813 0.747656 0.0359375 0.0578125
0 0.581641 0.0674316 0.314063 0.131152
0 0.0202148 0.226172 0.0404297 0.090625
0 0.530859 0.6 0.101562 0.1375
0 0.204346 0.682813 0.0608398 0.0828125
0 0.416797 0.241406 0.0960938 0.11875
0 0.632031 0.255078 0.03125 0.0546875
0 0.698047 0.311719 0.0898438 0.126563
0 0.776563 0.516406 0.090625 0.13125
0 0.774609 0.504687 0.116406 0.184375
0 0.522656 0.453125 0.084375 0.115625
0 0.701953 0.480469 0.119531 0.0953125
0 0.464063 0.477734 0.0921875 0.0898438
0 0.29292 0.917969 0.244629 0.164062
0 0.0347656 0.202783 0.0672852 0.12959
0 0.566016 0.754687 0.123438 0.132812
0 0.503906 0.973437 0.410938 0.053125
0 0.535547 0.423047 0.0757812 0.103906
0 0.39375 0.485938 0.166406 0.1375
0 0.782813 0.0743164 0.214062 0.126953
0 0.424121 0.439941 0.204883 0.21543
0 0.875391 0.896484 0.249219 0.207031
0 0.0634766 0.342383 0.101172 0.112891
0 0.528516 0.995313 0.321094 0.009375
0 0.610547 0.00136719 0.164062 0.00273437
0 0.56875 0.0265625 0.104688 0.0421875
0 0.301172 0.483594 0.129688 0.14375
0 0.689844 0.0307129 0.065625 0.0401367
0 0.467969 0.676562 0.276563 0.284375
0 0.534375 0.975781 0.1125 0.0484375
0 0.558594 0.308594 0.06875 0.0632813
0 0.530469 0.285938 0.116406 0.0976562
0 0.461328 0.459375 0.090625 0.0828125
0 0.536719 0.774219 0.115625 0.151562
0 0.582812 0.730859 0.132812 0.199219
0 0.0654785 0.302734 0.0813477 0.120703
0 0.193701 0.691406 0.0875977 0.096875
0 0.0633789 0.149219 0.12168 0.298438
0 0.29375 0.617188 0.292188 0.371875
0 0.503516 0.515625 0.0867188 0.11875
0 0.941406 0.00144043 0.117188 0.00288086
0 0.124512 0.580078 0.102539 0.113281
0 0.137305 0.5625 0.274609 0.875
0 0.0982422 0.246289 0.139063 0.147266
0 0.0854492 0.229639 0.16543 0.187598
0 0.298438 0.000805664 0.165625 0.00161133
0 0.0444336 0.334375 0.0888672 0.195312
0 0.528125 0.708594 0.0953125 0.14375
0 0.536621 0.957812 0.489258 0.084375
0 0.401172 0.627734 0.149219 0.116406
0 0.710938 0.00247803 0.248438 0.00495605
0 0.902734 0.00244141 0.194531 0.00488281
0 0.351758 0.342969 0.105859 0.0992187
0 0.439453 0.535937 0.708594 0.63125
0 0.336133 0.410938 0.672266 0.821875
0 0.4 0.440625 0.8 0.804688
0 0.513672 0.435937 0.725781 0.859375
0 0.871484 0.895312 0.257031 0.209375
0 0.535156 0.678125 0.148438 0.36875
0 0.294727 0.469629 0.571484 0.651367
0 0.707422 0.0728516 0.0539063 0.111914
0 0.650781 0.197852 0.698438 0.377734
0 0.683594 0.0686523 0.0984375 0.123242
0 0.613281 0.152148 0.773438 0.295703
0 0.337109 0.542578 0.628906 0.571094
0 0.657813 0.0683594 0.151562 0.124023
0 0.695312 0.0640625 0.071875 0.118359
0 0.625781 0.445312 0.748438 0.873438
0 0.550391 0.75 0.142969 0.204688
0 0.203906 0.32168 0.123438 0.105078
0 0.677441 0.263867 0.645117 0.522266
0 0.572266 0.145313 0.602344 0.285156
0 0.234766 0.397656 0.461719 0.795313
0 0.579785 0.353125 0.74043 0.685156
0 0.505469 0.678125 0.149219 0.385938
0 0.701953 0.466406 0.119531 0.121875
0 0.135937 0.286523 0.271875 0.237891
0 0.180029 0.742969 0.150098 0.129688
0 0.711328 0.475781 0.0976562 0.1
0 0.423438 0.257812 0.0765625 0.0984375
0 0.187109 0.729688 0.112891 0.0953125
0 0.434375 0.264062 0.0984375 0.0992187
0 0.459375 0.281836 0.107813 0.0972656
0 0.638672 0.199023 0.182031 0.390234
0 0.607031 0.187842 0.253125 0.371191
0 0.628906 0.0614746 0.211719 0.122754
0 0.441016 0.676562 0.261719 0.373437
0 0.170117 0.730469 0.127344 0.104688
0 0.147168 0.735547 0.0876953 0.100781
0 0.449219 0.266406 0.0796875 0.0921875
0 0.575684 0.285938 0.59707 0.564844
0 0.589844 0.0710938 0.2875 0.129297
0 0.297266 0.17373 0.0375 0.0755859
0 0.588379 0.231836 0.757617 0.453516
0 0.925781 0.00302734 0.148438 0.00605469
0 0.644141 0.108008 0.178906 0.20625
0 0.703125 0.486719 0.117188 0.0890625
0 0.413281 0.257031 0.059375 0.0859375
0 0.182617 0.767188 0.163672 0.184375
0 0.532031 0.565625 0.0546875 0.08125
0 0.366992 0.330469 0.733984 0.646094
0 0.137988 0.394531 0.272461 0.789062
0 0.4125 0.250195 0.0453125 0.0703125
0 0.5875 0.00273437 0.240625 0.00546875
0 0.5875 0.0961182 0.29375 0.182764
0 0.780469 0.960156 0.0625 0.0796875
0 0.894531 0.00292969 0.210938 0.00585938
0 0.22832 0.746875 0.251172 0.146875
0 0.0748535 0.00131836 0.149707 0.00263672
0 0.684277 0.591016 0.631445 0.817969
0 0.526172 0.560547 0.0554687 0.096875
0 0.520312 0.566797 0.0757812 0.0929688
0 0.49375 0.685938 0.128125 0.108594
0 0.465234 0.26875 0.0945313 0.0949219
0 0.386816 0.137305 0.704492 0.274609
0 0.388281 0.18457 0.776563 0.363672
0 0.654688 0.227539 0.160938 0.455078
0 0.851172 0.828906 0.297656 0.342187
0 0.17832 0.835938 0.189453 0.328125
0 0.4125 0.242578 0.0390625 0.05625
0 0.76875 0.959375 0.0359375 0.065625
0 0.532031 0.555469 0.0429688 0.075
0 0.110742 0.00129395 0.151953 0.00258789
0 0.100586 0.00308838 0.201172 0.00617676
0 0.199658 0.3 0.120215 0.135156
0 0.28125 0.291211 0.534375 0.555078
0 0.774219 0.961719 0.046875 0.0765625
0 0.639063 0.00305176 0.244531 0.00610352
0 0.0641602 0.294531 0.127148 0.242188
0 0.438281 0.273828 0.084375 0.0878906
0 0.174414 0.724219 0.0710938 0.0726563
0 0.163086 0.73125 0.0808594 0.0859375
0 0.938281 0.901563 0.123438 0.196875
0 0.520312 0.221094 0.48125 0.421875
0 0.509766 0.667578 0.138281 0.153125
0 0.757031 0.0970459 0.223438 0.178564
0 0.514844 0.751563 0.196875 0.21875
0 0.297266 0.166797 0.0308594 0.0617188
0 0.503516 0.63125 0.111719 0.201563
0 0.928906 0.00164795 0.142188 0.0032959
0 0.782813 0.959375 0.0890625 0.08125
0 0.0284668 0.241016 0.0569336 0.107031
0 0.505469 0.638281 0.11875 0.325
0 0.0568359 0.00109863 0.113672 0.00219727
0 0.141016 0.260938 0.272656 0.480469
0 0.725 0.00264893 0.240625 0.00529785
0 0.928125 0.110547 0.14375 0.214453
0 0.205078 0.628125 0.232422 0.382812
0 0.9 0.0015625 0.1625 0.003125
0 0.5 0.561719 0.120313 0.110937
0 0.719531 0.0746094 0.114063 0.137109
0 0.446875 0.290234 0.10625 0.11875
0 0.711719 0.230859 0.23125 0.461719
0 0.155273 0.748047 0.121484 0.136719
0 0.406641 0.241406 0.0367188 0.0484375
0 0.148218 0.00108643 0.149658 0.00217285
0 0.140234 0.738281 0.0660156 0.0875
0 0.879687 0.105249 0.0375 0.0855957
0 0.660937 0.0914307 0.146875 0.173389
0 0.232617 0.776758 0.269141 0.208984
0 0.548438 0.703125 0.142188 0.298438
0 0.860156 0.00300293 0.245312 0.00600586
0 0.477734 0.52041 0.514063 0.666992
0 0.538672 0.760938 0.114844 0.15
0 0.301563 0.160449 0.0429688 0.0783203
0 0.364648 0.226172 0.729297 0.452344
0 0.769531 0.00306396 0.232813 0.00612793
0 0.506641 0.690625 0.120313 0.0898438
0 0.418066 0.795313 0.157617 0.1375
0 0.572656 0.00185547 0.157813 0.00371094
0 0.655469 0.00266113 0.185156 0.00532227
0 0.174219 0.000952148 0.146094 0.0019043
0 0.2 0.000878906 0.141406 0.00175781
0 0.352344 0.412598 0.142969 0.160742
0 0.519922 0.645312 0.129688 0.202344
0 0.955469 0.897266 0.0890625 0.205469
0 0.212695 0.298047 0.141016 0.170313
0 0.714063 0.0842773 0.0351562 0.0958984
0 0.15957 0.726562 0.0515625 0.0703125
0 0.200732 0.330664 0.136816 0.153516
0 0.309766 0.163672 0.0507812 0.096875
0 0.558594 0.765234 0.134375 0.149219
0 0.294922 0.192383 0.563281 0.373828
0 0.226172 0.00090332 0.139844 0.00180664
0 0.848437 0.903906 0.196875 0.192188
0 0.165234 0.311523 0.31875 0.593359
0 0.615625 0.00927734 0.225 0.0185547
0 0.226758 0.834375 0.256641 0.33125
0 0.714063 0.171387 0.571875 0.323633
0 0.714063 0.103906 0.034375 0.0535156
0 0.533594 0.685938 0.078125 0.0867188
0 0.502344 0.585156 0.121875 0.323438
0 0.810938 0.00289307 0.24375 0.00578613
0 0.941406 0.00452881 0.117188 0.00905762
0 0.696875 0.340234 0.053125 0.0570313
0 0.50625 0.571875 0.0953125 0.101562
0 0.227295 0.254492 0.178223 0.255078
0 0.499219 0.335547 0.18125 0.222656
0 0.209766 0.457031 0.419531 0.660937
0 0.0477539 0.27793 0.0955078 0.200391
0 0.799805 0.6875 0.400391 0.625
0 0.171094 0.440625 0.214062 0.370313
0 0.488281 0.655078 0.11875 0.194531
0 0.8625 0.00148926 0.165625 0.00297852
0 0.199219 0.271484 0.155469 0.225781
0 0.439844 0.499219 0.867188 0.692187
0 0.396875 0.420312 0.79375 0.809375
0 0.434277 0.569141 0.69082 0.555469
0 0.870313 0.896875 0.259375 0.20625
0 0.290234 0.416016 0.580469 0.832031
0 0.707422 0.0717773 0.0601563 0.112305
0 0.708594 0.489844 0.110156 0.0796875
0 0.486621 0.433594 0.712695 0.853125
0 0.341797 0.520703 0.683594 0.594531
0 0.708594 0.469531 0.110937 0.117188
0 0.414062 0.580859 0.828125 0.492969
0 0.673438 0.069873 0.126563 0.123145
0 0.722656 0.491016 0.0789063 0.071875
0 0.173828 0.735938 0.136328 0.125
0 0.695312 0.485156 0.148438 0.0796875
0 0.767188 0.960938 0.0359375 0.06875
0 0.688281 0.0740723 0.09375 0.122559
0 0.569531 0.749219 0.14375 0.204688
0 0.860938 0.833594 0.271875 0.332813
0 0.742188 0.488281 0.0359375 0.0640625
0 0.432422 0.669141 0.2875 0.300781
0 0.692969 0.469922 0.159375 0.110156
0 0.301367 0.173047 0.0417969 0.0757812
0 0.745703 0.4875 0.0304688 0.053125
0 0.635938 0.189502 0.196875 0.364746
0 0.143848 0.732813 0.0806641 0.103125
0 0.17832 0.40625 0.353125 0.8125
0 0.553125 0.679688 0.169531 0.309375
0 0.0282715 0.226562 0.0551758 0.0921875
0 0.203125 0.730469 0.192188 0.153125
0 0.715625 0.454688 0.0976562 0.128125
0 0.771094 0.957031 0.05 0.0859375
0 0.584766 0.175439 0.302344 0.338965
0 0.135352 0.278711 0.270703 0.230078
0 0.149023 0.730859 0.059375 0.0929688
0 0.0896484 0.274805 0.179297 0.219922
0 0.582031 0.105884 0.309375 0.198779
0 0.0272949 0.202539 0.0512695 0.0765625
0 0.0216309 0.201563 0.0388672 0.0625
0 0.741016 0.494531 0.0523438 0.0992187
0 0.190039 0.725391 0.121484 0.144531
0 0.610547 0.0279175 0.0539063 0.037915
0 0.625 0.0283325 0.0476562 0.0380615
0 0.0283691 0.241406 0.0567383 0.111719
0 0.151562 0.717969 0.0355469 0.0570313
0 0.538281 0.559375 0.0421875 0.0578125
0 0.535937 0.565625 0.05 0.0734375
0 0.703125 0.432715 0.126563 0.186133
0 0.150488 0.726953 0.0396484 0.0726563
0 0.605469 0.0739258 0.260938 0.130273
0 0.764063 0.959766 0.046875 0.0804688
0 0.233203 0.737891 0.281641 0.163281
0 0.185498 0.696094 0.0946289 0.107813
0 0.299219 0.165137 0.0351562 0.0544922
0 0.648438 0.442969 0.703125 0.882812
0 0.624609 0.597656 0.750781 0.804688
0 0.778906 0.952344 0.059375 0.0953125
0 0.298438 0.159277 0.0308594 0.0431641
0 0.653125 0.119922 0.167187 0.225781
0 0.0654297 0.280859 0.130859 0.223438
0 0.596875 0.0273926 0.0359375 0.0366211
0 0.532422 0.571094 0.0601563 0.0875
0 0.152148 0.732031 0.100781 0.121875
0 0.0352539 0.262305 0.0705078 0.160547
0 0.805469 0.691797 0.3875 0.616406
0 0.734375 0.478906 0.0585938 0.0859375
0 0.544531 0.755469 0.192188 0.217188
0 0.135352 0.747656 0.0808594 0.107813
0 0.526953 0.548047 0.0695313 0.124219
0 0.0433594 0.281641 0.0867188 0.21875
0 0.594531 0.304883 0.548438 0.609766
0 0.646875 0.0630859 0.179688 0.124023
0 0.73125 0.498437 0.0640625 0.10625
0 0.633594 0.0283081 0.0359375 0.0369385
0 0.467969 0.281641 0.13125 0.110156
0 0.182764 0.722656 0.0961914 0.117188
0 0.133984 0.747656 0.0636719 0.078125
0 0.955469 0.903125 0.0890625 0.19375
0 0.772656 0.954688 0.0421875 0.065625
0 0.262842 0.717969 0.307129 0.1875
0 0.11416 0.421973 0.22832 0.77168
0 0.137891 0.749219 0.101172 0.140625
0 0.293359 0.558203 0.560156 0.513281
0 0.705859 0.636621 0.588281 0.726758
0 0.973047 0.704688 0.0539063 0.103125
0 0.163184 0.725781 0.0572266 0.08125
0 0.654688 0.478125 0.0484375 0.08125
0 0.707031 0.478125 0.123438 0.151562
0 0.491797 0.541309 0.596094 0.743945
0 0.30918 0.15957 0.0453125 0.0550781
0 0.665234 0.4875 0.0546875 0.071875
0 0.505469 0.675391 0.155469 0.155469
0 0.17002 0.706641 0.138086 0.180469
0 0.302539 0.156152 0.0359375 0.0458984
0 0.84707 0.903125 0.196484 0.19375
0 0.419531 0.246875 0.101562 0.116406
0 0.746875 0.480859 0.0359375 0.0664062
0 0.721094 0.49375 0.123438 0.160938
0 0.60625 0.032959 0.0609375 0.0526367
0 0.168555 0.711328 0.0613281 0.0679687
0 0.193164 0.747656 0.164062 0.129688
0 0.180078 0.626953 0.206641 0.349219
0 0.462402 0.619531 0.433008 0.457813
0 0.621094 0.032959 0.0773438 0.0476562
0 0.596484 0.0321777 0.046875 0.0496094
0 0.0505859 0.350781 0.101172 0.141406
0 0.660156 0.48125 0.0421875 0.0703125
0 0.402441 0.245703 0.0576172 0.0875
0 0.729688 0.463281 0.0710938 0.110937
0 0.964844 0.920313 0.0703125 0.140625
0 0.88125 0.102148 0.034375 0.0736328
0 0.141309 0.739062 0.0587891 0.0953125
0 0.51875 0.271094 0.223438 0.158594
0 0.155371 0.710938 0.0353516 0.0546875
0 0.511719 0.295312 0.2 0.171094
0 0.392871 0.255078 0.0611328 0.090625
0 0.617969 0.00490723 0.2 0.00981445
0 0.742188 0.478906 0.0460938 0.0796875
0 0.219336 0.323828 0.0964844 0.107031
0 0.516406 0.66875 0.13125 0.321875
0 0.79375 0.933594 0.0921875 0.132812
0 0.938281 0.900391 0.123438 0.199219
0 0.640234 0.384277 0.251563 0.29082
0 0.507031 0.678906 0.228125 0.328125
0 0.619531 0.859375 0.760938 0.28125
0 0.711719 0.0761719 0.0453125 0.105078
0 0.480078 0.75 0.321875 0.21875
0 0.308203 0.174805 0.0550781 0.0855469
0 0.478125 0.271289 0.109375 0.0832031
0 0.489063 0.271094 0.16875 0.147656
0 0.46875 0.254688 0.1125 0.108594
0 0.218701 0.34375 0.100098 0.119531
0 0.548438 0.678906 0.05 0.05
0 0.0605347 0.3375 0.0861572 0.0992187
0 0.678125 0.0434082 0.103125 0.0629883
0 0.360352 0.752344 0.111328 0.0921875
0 0.65625 0.00303955 0.154688 0.0060791
0 0.0266113 0.188477 0.0456055 0.0667969
0 0.20957 0.974609 0.148438 0.0507812
0 0.423047 0.251953 0.125781 0.135937
0 0.521094 0.532813 0.06875 0.114063
0 0.399219 0.243945 0.0445313 0.0726563
0 0.754687 0.5125 0.126563 0.135156
0 0.716406 0.402246 0.129688 0.251758
0 0.702734 0.201123 0.203906 0.386816
0 0.0394409 0.241797 0.07854 0.214844
0 0.763281 0.529688 0.178125 0.225
0 0.536719 0.558594 0.06875 0.0929688
0 0.524609 0.574609 0.0742188 0.101562
0 0.410156 0.596484 0.3 0.347656
0 0.544531 0.682031 0.0671875 0.078125
0 0.591406 0.0282104 0.0367188 0.0390869
0 0.742188 0.487891 0.1625 0.184375
0 0.219092 0.963672 0.124316 0.0726563
0 0.523828 0.665625 0.114063 0.148438
0 0.507422 0.354688 0.196094 0.282031
0 0.380566 0.240234 0.199805 0.224609
0 0.498437 0.295312 0.0703125 0.105469
0 0.95625 0.870313 0.0625 0.121875
0 0.0393433 0.242578 0.0783447 0.127344
0 0.772266 0.951953 0.0773438 0.0960938
0 0.193799 0.683203 0.0686523 0.078125
0 0.509766 0.559766 0.117188 0.122656
0 0.683594 0.412598 0.160938 0.226367
0 0.484375 0.634375 0.05 0.084375
0 0.390723 0.285498 0.226367 0.316504
0 0.695312 0.354297 0.609375 0.708594
0 0.516797 0.657422 0.129688 0.192188
0 0.0689941 0.344336 0.124902 0.134766
0 0.646875 0.465625 0.0671875 0.114063
0 0.482031 0.294141 0.11875 0.114844
0 0.392578 0.899219 0.664844 0.201563
0 0.546484 0.307422 0.107031 0.0960938
0 0.705469 0.0914062 0.151562 0.167969
0 0.670313 0.207764 0.148438 0.397754
0 0.538281 0.291016 0.129688 0.123438
0 0.931641 0.107788 0.136719 0.198877
0 0.9375 0.00202637 0.125 0.00405273
0 0.230664 0.700781 0.220703 0.204688
0 0.973437 0.00405273 0.053125 0.00810547
0 0.507031 0.5375 0.129688 0.164062
0 0.696875 0.338086 0.053125 0.0566406
0 0.104321 0.512891 0.0726074 0.0859375
0 0.126172 0.759375 0.078125 0.10625
0 0.02146 0.188086 0.0334473 0.0632813
0 0.897656 0.872461 0.204688 0.255078
0 0.366797 0.317578 0.732813 0.61875
0 0.708203 0.254297 0.583594 0.503906
0 0.167969 0.671094 0.146094 0.246875
0 0.771875 0.535156 0.103125 0.142188
0 0.4625 0.299609 0.146094 0.188281
0 0.413379 0.445996 0.25918 0.273633
0 0.387598 0.750391 0.10918 0.117969
0 0.755078 0.476953 0.0664062 0.0859375
0 0.751563 0.490625 0.0625 0.090625
0 0.447656 0.664844 0.09375 0.1
0 0.156055 0.724219 0.0441406 0.0945313
0 0.827344 0.883594 0.345313 0.232813
0 0.459375 0.268945 0.154688 0.100781
0 0.0197266 0.214453 0.0394531 0.0734375
0 0.134473 0.337305 0.268945 0.333203
0 0.648047 0.182031 0.452344 0.354297
0 0.367383 0.75 0.120703 0.121875
0 0.560156 0.307031 0.0765625 0.0804688
0 0.744141 0.509375 0.0476562 0.114063
0 0.710938 0.0810791 0.115625 0.147607
0 0.0668945 0.329688 0.0679687 0.0695313
0 0.118164 0.249219 0.232422 0.470313
0 0.520312 0.685938 0.114063 0.0984375
0 0.230859 0.957422 0.151953 0.0851563
0 0.403223 0.493359 0.799805 0.657031
0 0.414453 0.559766 0.828906 0.505469
0 0.662109 0.0697754 0.152344 0.125684
0 0.348633 0.398828 0.685547 0.797656
0 0.687109 0.0689941 0.10625 0.123535
0 0.707812 0.0700195 0.0554687 0.116992
0 0.469434 0.428125 0.733008 0.840625
0 0.542969 0.680078 0.175 0.308594
0 0.459375 0.575684 0.585156 0.498633
0 0.348242 0.561621 0.639453 0.461133
0 0.658594 0.0956055 0.158594 0.179492
0 0.300781 0.464844 0.559375 0.642188
0 0.583594 0.593359 0.257031 0.469531
0 0.698047 0.0701172 0.0664062 0.126172
0 0.59375 0.295703 0.448438 0.561719
0 0.542188 0.453027 0.551562 0.756445
0 0.707031 0.491797 0.114063 0.0710938
0 0.515625 0.682813 0.135937 0.317188
0 0.709375 0.467969 0.110937 0.123438
0 0.696484 0.292383 0.283594 0.559766
0 0.696094 0.425391 0.29375 0.827344
0 0.596094 0.53584 0.359375 0.576758
0 0.614062 0.0844727 0.246875 0.157617
0 0.719922 0.0750977 0.0953125 0.136914
0 0.442969 0.357812 0.885938 0.690625
0 0.702734 0.441016 0.469531 0.866406
0 0.214258 0.953906 0.110937 0.0921875
0 0.683203 0.0836914 0.132812 0.152539
0 0.717969 0.480859 0.0875 0.090625
0 0.624609 0.0292969 0.0492188 0.0389648
0 0.605469 0.0350586 0.0515625 0.059375
0 0.689063 0.0641602 0.0828125 0.106445
0 0.653906 0.127734 0.167969 0.247656
0 0.607813 0.030127 0.04375 0.0454102
0 0.672266 0.052002 0.115625 0.0842773
0 0.210547 0.00178223 0.216406 0.00356445
0 0.907813 0.00192871 0.184375 0.00385742
0 0.621094 0.0365723 0.0703125 0.0567383
0 0.195508 0.958594 0.148047 0.0828125
0 0.471094 0.679688 0.235156 0.31875
0 0.714844 0.496094 0.090625 0.0609375
0 0.165527 0.00169678 0.231836 0.00339355
0 0.601562 0.00158691 0.196875 0.00317383
0 0.694531 0.485938 0.153125 0.078125
0 0.376172 0.422656 0.752344 0.845313
0 0.204688 0.978516 0.167969 0.0429688
0 0.0982422 0.0013916 0.196484 0.0027832
0 0.597656 0.0344605 0.0382813 0.056665
0 0.186328 0.741406 0.123828 0.109375
0 0.396777 0.00167236 0.20957 0.00334473
0 0.207031 0.841016 0.167187 0.317969
0 0.646094 0.0369141 0.185156 0.0738281
0 0.192773 0.726562 0.119141 0.109375
0 0.700781 0.426953 0.151562 0.204688
0 0.633203 0.0291016 0.0359375 0.0368164
0 0.64375 0.405566 0.26875 0.243555
0 0.436621 0.00148926 0.21582 0.00297852
0 0.629687 0.059082 0.201563 0.118164
0 0.661719 0.0248291 0.16875 0.0496582
0 0.253076 0.957812 0.160254 0.084375
0 0.359375 0.00162354 0.205469 0.00324707
0 0.488281 0.587598 0.425 0.481055
0 0.879687 0.00216064 0.240625 0.00432129
0 0.485156 0.00159912 0.210156 0.00319824
0 0.671582 0.442969 0.656836 0.88125
0 0.159277 0.441309 0.285742 0.66582
0 0.216992 0.963281 0.128906 0.0734375
0 0.708594 0.483984 0.123438 0.0960938
0 0.0288086 0.230469 0.0481445 0.0828125
0 0.512109 0.323438 0.685156 0.628125
0 0.273047 0.950781 0.192188 0.0984375
0 0.0773438 0.00141602 0.154688 0.00283203
0 0.209961 0.957812 0.0703125 0.084375
0 0.565625 0.00144043 0.204688 0.00288086
0 0.259717 0.00152588 0.207129 0.00305176
0 0.228125 0.521973 0.385156 0.518555
0 0.596484 0.0286621 0.0335938 0.0381836
0 0.744922 0.00195312 0.242969 0.00390625
0 0.598437 0.125586 0.285938 0.241016
0 0.247266 0.392578 0.458594 0.785156
0 0.655469 0.479297 0.04375 0.0757812
0 0.0847656 0.603125 0.0595703 0.071875
0 0.645312 0.00181885 0.228125 0.0036377
0 0.940234 0.0026001 0.119531 0.0052002
0 0.6625 0.0449707 0.145313 0.0696289
0 0.607031 0.00842285 0.228125 0.0168457
0 0.694531 0.465625 0.151562 0.129688
0 0.240283 0.937109 0.138184 0.125781
0 0.195898 0.00124512 0.155078 0.00249023
0 0.829883 0.00211182 0.233984 0.00422363
0 0.62041 0.505566 0.560742 0.670117
0 0.644531 0.0403809 0.1 0.062207
0 0.184424 0.713672 0.131152 0.153906
0 0.191455 0.933594 0.159277 0.132812
0 0.121094 0.0012207 0.157813 0.00244141
0 0.459375 0.964844 0.248438 0.0703125
0 0.739844 0.492188 0.0390625 0.065625
0 0.725781 0.494141 0.135937 0.110937
0 0.274609 0.928516 0.198437 0.142969
0 0.680469 0.0122314 0.160938 0.0244629
0 0.158789 0.00125732 0.158984 0.00251465
0 0.53125 0.567969 0.0484375 0.0796875
0 0.189453 0.725 0.0957031 0.0921875
0 0.146777 0.660547 0.186914 0.241406
0 0.166113 0.682813 0.161523 0.215625
0 0.691406 0.00175781 0.214062 0.00351563
0 0.764844 0.547266 0.1875 0.230469
0 0.322852 0.00131836 0.198047 0.00263672
0 0.644531 0.185156 0.185938 0.363672
0 0.0913818 0.610156 0.0742676 0.104688
0 0.196875 0.954688 0.0476562 0.090625
0 0.170313 0.627734 0.244922 0.347656
0 0.221875 0.318359 0.090625 0.103906
0 0.609375 0.0434692 0.0609375 0.0728272
0 0.111523 0.441016 0.213281 0.663281
0 0.695312 0.5 0.142188 0.0546875
0 0.0814209 0.599609 0.0730957 0.0984375
0 0.701172 0.16416 0.200781 0.322461
0 0.504687 0.981641 0.2 0.0367188
0 0.521875 0.566406 0.075 0.0984375
0 0.920313 0.00137939 0.15625 0.00275879
0 0.953516 0.00560303 0.0929688 0.0112061
0 0.183252 0.972656 0.20459 0.0546875
0 0.536328 0.566406 0.0359375 0.0679687
0 0.446094 0.89375 0.73125 0.2125
0 0.592188 0.035791 0.0359375 0.0611328
0 0.566797 0.738281 0.139844 0.207813
0 0.51875 0.599219 0.278125 0.464063
0 0.73125 0.494531 0.059375 0.0625
0 0.744531 0.198633 0.173438 0.383984
0 0.642969 0.0288086 0.046875 0.0359375
0 0.6 0.0419922 0.046875 0.0705078
0 0.329102 0.958594 0.304297 0.0828125
0 0.231689 0.741406 0.297559 0.514063
0 0.522656 0.00169678 0.153125 0.00339355
0 0.628906 0.0483887 0.1 0.080957
0 0.198047 0.702344 0.266406 0.595313
0 0.682031 0.0455078 0.096875 0.0707031
0 0.419531 0.475 0.282813 0.314063
0 0.580859 0.00581055 0.221094 0.0116211
0 0.171484 0.992188 0.171094 0.015625
0 0.590625 0.18457 0.298438 0.3625
0 0.20332 0.716406 0.0714844 0.0984375
0 0.755469 0.11582 0.146875 0.216406
0 0.463184 0.992969 0.186133 0.0140625
0 0.741406 0.0871094 0.121875 0.160156
0 0.495313 0.660937 0.146875 0.28125
0 0.196924 0.993359 0.141309 0.0132813
0 0.0442871 0.00102539 0.0885742 0.00205078
0 0.884375 0.00144043 0.165625 0.00288086
0 0.333398 0.730078 0.501953 0.539844
0 0.0967041 0.604688 0.0671387 0.0734375
0 0.508984 0.966016 0.228906 0.0679687
0 0.384375 0.717969 0.690625 0.564063
0 0.127344 0.991406 0.228906 0.0171875
0 0.661719 0.485156 0.040625 0.0726563
0 0.665234 0.494922 0.0328125 0.0523438
0 0.703906 0.00606689 0.170313 0.0121338
0 0.210938 0.752344 0.16875 0.146875
0 0.505859 0.698438 0.134375 0.153125
0 0.508594 0.995703 0.178125 0.00859375
0 0.30625 0.992969 0.210156 0.0140625
0 0.665625 0.450781 0.21875 0.157031
0 0.10022 0.477246 0.191357 0.35332
0 0.796875 0.343945 0.028125 0.0417969
0 0.492969 0.982031 0.134375 0.0359375
0 0.17002 0.95 0.211523 0.1
0 0.425 0.959766 0.295312 0.0804688
0 0.409375 0.963281 0.226562 0.0734375
0 0.646094 0.00150146 0.1625 0.00300293
0 0.0822022 0.607031 0.0809082 0.132812
0 0.0289063 0.245312 0.0552734 0.107031
0 0.44209 0.656641 0.24707 0.261719
0 0.223828 0.993359 0.113281 0.0132813
0 0.421191 0.992969 0.168555 0.0140625
0 0.30293 0.421484 0.559766 0.842969
0 0.504004 0.424219 0.673242 0.839063
0 0.70625 0.0672852 0.05625 0.116211
0 0.35 0.523438 0.633594 0.860938
0 0.625781 0.419922 0.459375 0.839844
0 0.529297 0.684766 0.160938 0.338281
0 0.875 0.9 0.25 0.2
0 0.514746 0.536328 0.31582 0.650781
0 0.209424 0.844531 0.191309 0.310937
0 0.131836 0.276953 0.263672 0.1875
0 0.422656 0.481934 0.309375 0.776758
0 0.576172 0.517188 0.397656 0.685938
0 0.974219 0.712109 0.0515625 0.103906
0 0.589844 0.521094 0.271875 0.654688
0 0.496875 0.686719 0.173438 0.342187
0 0.666797 0.0649414 0.132812 0.126367
0 0.6375 0.498535 0.35625 0.688867
0 0.710156 0.464844 0.109375 0.123438
0 0.207861 0.310742 0.124121 0.113672
0 0.323438 0.462891 0.646875 0.925781
0 0.218408 0.314844 0.0920898 0.104688
0 0.771094 0.9625 0.04375 0.075
0 0.0892578 0.468066 0.175 0.32793
0 0.0290039 0.221875 0.0507812 0.0703125
0 0.165527 0.623828 0.192773 0.342969
0 0.475391 0.474609 0.25 0.741406
0 0.155078 0.660547 0.183594 0.249219
0 0.458203 0.687109 0.225 0.350781
0 0.332227 0.354102 0.651172 0.708203
0 0.715625 0.475 0.0914062 0.0984375
0 0.474219 0.270703 0.1 0.078125
0 0.695312 0.0677246 0.0757812 0.120801
0 0.803906 0.306445 0.0609375 0.136719
0 0.637891 0.0570313 0.194531 0.114063
0 0.165332 0.188623 0.330664 0.375879
0 0.459766 0.269531 0.0632813 0.06875
0 0.807813 0.346094 0.05 0.0546875
0 0.778906 0.951563 0.059375 0.096875
0 0.88125 0.380371 0.0890625 0.125195
0 0.243359 0.93125 0.117188 0.1375
0 0.80625 0.328516 0.05625 0.0921875
0 0.0286865 0.263672 0.057373 0.160938
0 0.447266 0.737109 0.25 0.275781
0 0.55625 0.557422 0.253125 0.596094
0 0.196436 0.720313 0.119629 0.128125
0 0.252344 0.85332 0.127344 0.293359
0 0.361328 0.21875 0.720313 0.429688
0 0.398535 0.457813 0.312305 0.915625
0 0.875 0.0987305 0.05625 0.106836
0 0.0283691 0.239063 0.0567383 0.110156
0 0.642578 0.373828 0.378906 0.739844
0 0.216602 0.739844 0.0890625 0.14375
0 0.228125 0.748438 0.071875 0.125
0 0.597656 0.0720703 0.275 0.132422
0 0.499902 0.459375 0.348633 0.91875
0 0.216357 0.883594 0.168848 0.232813
0 0.876563 0.397754 0.08125 0.0888672
0 0.798438 0.932031 0.096875 0.135937
0 0.878906 0.105444 0.04375 0.0809082
0 0.676172 0.056543 0.115625 0.102148
0 0.69375 0.232031 0.275 0.457813
0 0.558594 0.33418 0.585938 0.658203
0 0.688281 0.31875 0.376563 0.635938
0 0.636328 0.44375 0.603906 0.851562
0 0.0283203 0.207422 0.0511719 0.102344
0 0.454297 0.524121 0.195312 0.34082
0 0.749219 0.217383 0.314063 0.434766
0 9.76563e-05 0.136816 0.000195313 0.180273
0 0.253906 0.3375 0.476562 0.659375
0 0.971484 0.695312 0.0570313 0.1
0 0.5 0.387109 0.144531 0.31875
0 0.226611 0.327344 0.120996 0.105469
0 0.25625 0.941016 0.117969 0.117969
0 0.230859 0.955078 0.107031 0.0898438
0 0.315039 0.0522949 0.0390625 0.0918945
0 0.870313 0.295508 0.11875 0.299609
0 0.517188 0.580469 0.254688 0.560938
0 0.373242 0.671094 0.608203 0.657813
0 0.320312 0.0855469 0.0414063 0.148047
0 0.510156 0.553906 0.090625 0.135937
0 0.0961914 0.270361 0.19043 0.200684
0 0.722656 0.0768555 0.090625 0.143555
0 0.488281 0.54541 0.132812 0.370117
0 0 0.0996094 0 0.189063
0 0.790625 0.944531 0.08125 0.110937
0 0.0686035 0.332422 0.0801758 0.0726563
0 0.715234 0.491797 0.0945313 0.0632813
0 0.187549 0.312891 0.139746 0.101562
0 0.610547 0.00117188 0.23125 0.00234375
0 0.233789 0.922656 0.125391 0.154688
0 0.31875 0.0637207 0.040625 0.116699
0 0.558984 0.764844 0.139063 0.170313
0 0.816992 0.914844 0.134766 0.170313
0 0.921094 0.00101318 0.157813 0.00202637
0 0.000769043 0.145703 0.00153809 0.255078
0 0.443359 0.260156 0.0609375 0.0734375
0 0.411328 0.777344 0.653125 0.445312
0 0.510547 0.632031 0.102344 0.196875
0 0.882812 0.112305 0.0375 0.0699219
0 0.497656 0.7375 0.221875 0.24375
0 0.226611 0.935938 0.12959 0.128125
0 0.670313 0.555859 0.589063 0.888281
0 0.51875 0.562109 0.071875 0.114063
0 0.197852 0.741406 0.147266 0.142188
0 0.86875 0.392969 0.103125 0.102344
0 0.118384 0.472266 0.138623 0.332031
0 0.0376953 0.269141 0.0753906 0.153906
0 0.215625 0.725 0.06875 0.101562
0 0.411621 0.851367 0.164258 0.159766
0 0.200342 0.324219 0.129004 0.0957031
0 0.837695 0.901563 0.177734 0.196875
0 0.231299 0.000915527 0.240527 0.00183105
0 0.859375 0.266748 0.140625 0.362598
0 0.0953125 0.000805664 0.190625 0.00161133
0 0.660937 0.0012085 0.25 0.00241699
0 0.000317383 0.170996 0.000634766 0.14668
0 0.0244629 0.213672 0.0489258 0.130078
0 0.525781 0.567187 0.05625 0.0953125
0 0.711719 0.00126953 0.251563 0.00253906
0 0.665625 0.04375 0.139063 0.0763672
0 0.890625 0.00109863 0.21875 0.00219727
0 0.0856445 0.000512695 0.171289 0.00102539
0 0.451172 0.263672 0.0617188 0.0898438
0 0.733594 0.470703 0.109375 0.119531
0 0.433984 0.259375 0.0734375 0.0914062
0 0.157324 0.000866699 0.243555 0.0017334
0 0.0345215 0.208789 0.069043 0.394141
0 0.892188 0.260742 0.126563 0.378516
0 0.144434 0.388184 0.254102 0.773633
0 0.538281 0.629687 0.217188 0.44375
0 0.231641 0.321484 0.0765625 0.104688
0 0.419922 0.000927734 0.247656 0.00185547
0 0.121118 0.577344 0.114404 0.135937
0 0.796875 0.239063 0.289062 0.475
0 0.482031 0.289844 0.0890625 0.104688
0 0.504687 0.501953 0.1125 0.338281
0 0.000756836 0.114648 0.00151367 0.229297
0 0.795313 0.294531 0.065625 0.170313
0 0.12146 0.000561523 0.175049 0.00112305
0 0.303125 0.169531 0.0453125 0.102344
0 0.067041 0.00045166 0.134082 0.00090332
0 0.414062 0.817969 0.157031 0.120313
0 0.167871 0.596094 0.216211 0.807813
0 0.116016 0.188477 0.23125 0.367969
0 0.0341553 0.286719 0.0683106 0.217188
0 0.458594 0.655469 0.0796875 0.0921875
0 0.623438 0.0380859 0.0671875 0.0696289
0 0.46875 0.000805664 0.23125 0.00161133
0 0.93125 0.000756836 0.1375 0.00151367
0 0.854688 0.317188 0.1375 0.257031
0 0.285742 0.00100098 0.237891 0.00200195
0 0.387891 0.871875 0.213281 0.228125
0 0.533594 0.567969 0.0398437 0.0757812
0 0.368945 0.000878906 0.244141 0.00175781
0 0.40625 0.395313 0.8125 0.790625
0 0.341602 0.860156 0.329297 0.273438
0 0.670313 0.0995117 0.164062 0.192383
0 0.472266 0.417188 0.176563 0.375
0 0.860156 0.0012207 0.257812 0.00244141
0 0.60625 0.0361328 0.0546875 0.0683594
0 0.889844 0.367188 0.096875 0.147656
0 0.44375 0.841406 0.690625 0.317188
0 0.208594 0.000537109 0.170313 0.00107422
0 0.85625 0.37168 0.134375 0.144141
0 0.298438 0.174609 0.040625 0.0820312
0 0.759375 0.00124512 0.25625 0.00249023
0 0.123242 0.589063 0.0992187 0.107813
0 0.15896 0.000537109 0.17583 0.00107422
0 0.623047 0.0319458 0.0460938 0.0532959
0 0.374414 0.624219 0.0925781 0.135937
0 0.876563 0.333984 0.1125 0.217188
0 0.455469 0.271094 0.08125 0.1
0 0.131665 0.648438 0.15542 0.235938
0 0.0522461 0.228467 0.104492 0.30791
0 0.6125 0.0408203 0.242188 0.0816406
0 0.420996 0.000537109 0.175195 0.00107422
0 0.0690918 0.276953 0.138184 0.195312
0 0.424316 0.779883 0.188867 0.190234
0 0.473047 0.305273 0.108594 0.172266
0 0.307031 0.600391 0.5 0.788281
0 0.362891 0.808594 0.289844 0.170313
0 0.572656 0.000634766 0.173438 0.00126953
0 0.446094 0.810156 0.0890625 0.11875
0 0.274609 0.624219 0.385156 0.323438
0 0.435059 0.699609 0.225195 0.263281
0 0.304297 0.152344 0.053125 0.160547
0 0.607031 0.031543 0.0484375 0.053418
0 0.260547 0.920313 0.100391 0.159375
0 0.909375 0.000634766 0.18125 0.00126953
0 0.927734 0.0748047 0.144531 0.144727
0 0.871094 0.851953 0.2375 0.296094
0 0.128516 0.343164 0.257031 0.319922
0 0.100586 0.39834 0.189844 0.756445
0 0.494531 0.609375 0.128125 0.234375
0 0.318359 0.133203 0.046875 0.203906
0 0.385156 0.000476074 0.171875 0.000952148
0 0.598437 0.0347778 0.0421875 0.0630615
0 0.976562 0.730469 0.046875 0.171875
0 0.479688 0.342773 0.135156 0.219922
0 0.713672 0.0760742 0.05 0.0978516
0 0.0350098 0.21875 0.0700195 0.120313
0 0.346875 0.000427246 0.175 0.000854492
0 0.457813 0.584375 0.194531 0.220313
0 0.508984 0.00100098 0.239844 0.00200195
0 0.634375 0.0306519 0.034375 0.0486572
0 0.863672 0.589063 0.272656 0.821875
0 0.0980469 0.314063 0.121484 0.130469
0 0.389062 0.619531 0.0640625 0.132031
0 0.233203 0.412598 0.214844 0.27793
0 0.475098 0.600684 0.345117 0.523633
0 0.310547 0.159961 0.0535156 0.130469
0 0.145605 0.318164 0.249805 0.108984
0 0.211279 0.585547 0.289941 0.828906
0 0.6875 0.0708496 0.1125 0.128809
0 0.560938 0.0010498 0.2375 0.00209961
0 0.0928711 0.605078 0.0601563 0.075
0 0.658203 0.000842285 0.174219 0.00168457
0 0.356836 0.394531 0.117578 0.170313
0 0.245117 0.000585938 0.169141 0.00117188
0 0.647266 0.0631348 0.18125 0.12627
0 0.870313 0.0844727 0.0546875 0.114648
0 0.809375 0.00119629 0.254688 0.00239258
0 0.184961 0.312695 0.102734 0.0851563
0 0.522656 0.744141 0.15625 0.225781
0 0.811719 0.352148 0.04375 0.0480469
0 0.170215 0.727344 0.116992 0.101562
0 0.696094 0.0930664 0.125 0.177148
0 0 0.0707031 0 0.141406
0 0.321484 0.111523 0.0394531 0.223047
0 0.482812 0.266016 0.090625 0.0984375
0 0.403516 0.187402 0.239844 0.374805
0 0.171875 0.321484 0.146094 0.111719
0 0.6875 0.0521973 0.16875 0.104395
0 0.582031 0.194336 0.315625 0.381641
0 0.974219 0.638672 0.0515625 0.266406
0 0.427344 0.249219 0.078125 0.1
0 0.325391 0.102539 0.0417969 0.157031
0 0.411328 0.243359 0.040625 0.0679687
0 0.147754 0.539844 0.0794922 0.160938
0 0.0508301 0.272607 0.10166 0.209473
0 0.640625 0.0406738 0.0765625 0.0735352
0 0.193408 0.746875 0.213965 0.495313
0 0.952344 0.00134277 0.0953125 0.00268555
0 0.312891 0.0411621 0.0367188 0.0696289
0 0.146484 0.733203 0.0675781 0.0867188
0 0.223633 0.695312 0.308984 0.601562
0 0.00128174 0.192578 0.00256348 0.257031
0 0.0842041 0.301563 0.115576 0.158594
0 0.221289 0.738281 0.0558594 0.117188
0 0.179297 0.676562 0.100781 0.173438
0 0.0114136 0.204883 0.0228271 0.390234
0 0.178955 0.760547 0.150684 0.141406
0 0.428516 0.632031 0.124219 0.13125
0 0.252734 0.958594 0.135156 0.0828125
0 0.211523 0.621875 0.272266 0.351562
0 0.559375 0.227734 0.621875 0.455469
0 0.778906 0.0879883 0.198437 0.16582
0 0.871875 0.000646973 0.184375 0.00129395
0 0.227148 0.964453 0.123828 0.0710938
0 0.726953 0.0679199 0.117969 0.129395
0 0.188281 0.703125 0.113672 0.146875
0 0.195703 0.262891 0.169531 0.220313
0 0.243359 0.907813 0.136719 0.184375
0 0.103711 0.499609 0.142969 0.271094
0 0.503125 0.572754 0.1125 0.412305
0 0.747656 0.530469 0.176563 0.195312
0 0.603125 0.0444824 0.267188 0.0889648
0 0.233789 0.333398 0.06875 0.0761719
0 0.876563 0.93125 0.246875 0.1375
0 0.95 0.0106079 0.1 0.0212158
0 0.176514 0.824805 0.164941 0.278516
0 0.444141 0.251172 0.0734375 0.110937
0 0.186279 0.698047 0.138379 0.205469
0 0.595313 0.0232666 0.26875 0.0465332
0 0.45166 0.812695 0.195117 0.124609
0 0.0947266 0.598437 0.0777344 0.084375
0 0.0380859 0.282617 0.0761719 0.252734
0 0.187061 0.878125 0.233691 0.24375
0 0.168262 0.475684 0.174023 0.339258
0 0.625 0.883984 0.75 0.232031
0 0.708984 0.000708008 0.183594 0.00141602
0 0.0980469 0.32832 0.196094 0.290234
0 0.304688 0.134668 0.0605469 0.20332
0 0.135352 0.553516 0.104297 0.186719
0 0.509375 0.000854492 0.173438 0.00170898
0 0.525 0.468652 0.114063 0.311133
0 0.617188 0.043457 0.075 0.0869141
0 0.0571289 0.361719 0.114258 0.155469
0 0.232617 0.758984 0.0585938 0.100781
0 0.215234 0.710156 0.0554687 0.13125
0 0.151855 0.320703 0.112695 0.0929688
0 0.597656 0.0296387 0.0359375 0.0486328
0 0.0908203 0.266406 0.10625 0.165625
0 0.448047 0.647656 0.105469 0.104688
0 0.8125 0.303516 0.0625 0.186719
0 0.406152 0.7125 0.200195 0.260938
0 0.422266 0.4375 0.0835937 0.15625
0 0.211523 0.977344 0.18125 0.0453125
0 0.101758 0.635156 0.13125 0.203125
0 0.507812 0.526563 0.1 0.184375
0 0.360156 0.623828 0.623438 0.599219
0 0.666406 0.0656738 0.145313 0.128613
0 0.5375 0.589941 0.31875 0.576367
0 0.028418 0.221875 0.049707 0.0722656
0 0.94375 0.832031 0.0328125 0.053125
0 0.542969 0.692969 0.173438 0.351562
0 0.695703 0.0688477 0.0851563 0.131836
0 0.536719 0.619141 0.245312 0.514844
0 0.635938 0.0571777 0.20625 0.114355
0 0.946875 0.835938 0.04375 0.0625
0 0.595313 0.574219 0.295312 0.604688
0 0.0291504 0.232227 0.0567383 0.0953125
0 0.60625 0.0706055 0.2625 0.133594
0 0.70625 0.0694336 0.0585938 0.124023
0 0.0269043 0.219141 0.0473633 0.102344
0 0.659375 0.0866943 0.154688 0.164893
0 0.5375 0.561328 0.0359375 0.0632813
0 0.0328979 0.253125 0.062915 0.125
0 0.324219 0.465527 0.54375 0.756445
0 0.131543 0.586719 0.0931641 0.107813
0 0.484375 0.489746 0.15625 0.256445
0 0.532813 0.564453 0.0429688 0.0796875
0 0.696484 0.0657227 0.175781 0.130078
0 0.483203 0.610254 0.317188 0.541992
0 0.805469 0.335547 0.053125 0.0679687
0 0.027832 0.223828 0.0556641 0.131641
0 0.528906 0.567187 0.0625 0.0875
0 0.496875 0.346289 0.1875 0.204297
0 0.973437 0.698828 0.053125 0.0859375
0 0.519531 0.354688 0.139063 0.215625
0 0.505859 0.696094 0.196094 0.357812
0 0.975781 0.714453 0.0484375 0.103906
0 0.5 0.315039 0.184375 0.161328
0 0.175 0.644141 0.211719 0.367969
0 0.119434 0.56875 0.133789 0.154688
0 0.524219 0.767578 0.210938 0.227344
0 0.297852 0.68125 0.459766 0.5375
0 0.796875 0.340039 0.03125 0.0511719
0 0.740625 0.0692383 0.421875 0.138477
0 0.95 0.846875 0.05625 0.090625
0 0.325781 0.414062 0.651563 0.828125
0 0.617969 0.0319336 0.0554687 0.0533203
0 0.521094 0.564063 0.0828125 0.108594
0 0.486328 0.53916 0.153125 0.363867
0 0.025293 0.209961 0.0419922 0.137109
0 0.629687 0.0318481 0.0453125 0.0523193
0 0.727344 0.0660156 0.259375 0.130859
0 0.458203 0.470313 0.194531 0.23125
0 0.130859 0.296484 0.261719 0.214844
0 0.135059 0.551562 0.148633 0.179688
0 0.623047 0.0390625 0.0851563 0.0753906
0 0.535937 0.309375 0.11875 0.124219
0 0.674219 0.0455078 0.134375 0.0863281
0 0.607031 0.0307129 0.0515625 0.0518555
0 0.541016 0.564063 0.0453125 0.0796875
0 0 0.110352 0 0.190625
0 0.618848 0.0717773 0.673242 0.143555
0 0.429297 0.45459 0.221094 0.206445
0 0.513672 0.570312 0.110156 0.110937
0 0.15918 0.560938 0.175 0.1875
0 0 0.078125 0 0.15625
0 0.720313 0.480078 0.1 0.0960938
0 0.803125 0.344531 0.04375 0.053125
0 0.939063 0.834375 0.05625 0.065625
0 0.287109 0.605078 0.440625 0.332813
0 0.0288086 0.264844 0.0576172 0.161719
0 0.303516 0.164453 0.0351562 0.065625
0 0.656641 0.0627441 0.480469 0.125488
0 0.709766 0.0796875 0.417969 0.159375
0 0.547656 0.311523 0.0984375 0.0882813
0 0.611328 0.0379883 0.246094 0.0759766
0 0 0.145996 0 0.172852
0 0.0387695 0.270703 0.0775391 0.157813
0 0.514063 0.405469 0.146875 0.232813
0 0.951563 0.833594 0.0421875 0.053125
0 0.785156 0.0555664 0.334375 0.105273
0 0.978125 0.726562 0.04375 0.08125
0 0.650781 0.0633301 0.185938 0.12666
0 0.708203 0.473438 0.114063 0.116406
0 0.491406 0.393359 0.185156 0.200781
0 0.194189 0.604297 0.249121 0.319531
0 0.0218994 0.20625 0.0437988 0.158594
0 0.20083 0.536719 0.11084 0.148438
0 0.475684 0.714453 0.217383 0.335156
0 0.384375 0.644531 0.084375 0.078125
0 0.200732 0.859961 0.22041 0.280078
0 0 0.120117 0 0.240234
0 0.550781 0.772656 0.15625 0.210938
0 0.0916992 0.549219 0.175195 0.19375
0 0.532813 0.55625 0.0507812 0.104688
0 0.118262 0.596875 0.108008 0.103906
0 0.603906 0.0444336 0.265625 0.0888672
0 0.771094 0.0862305 0.429688 0.172461
0 0.697266 0.0414551 0.216406 0.0829102
0 0.624219 0.134375 0.525 0.26875
0 0.218359 0.318359 0.0882813 0.116406
0 0.146289 0.575781 0.0648438 0.0875
0 0.465625 0.430469 0.194531 0.157031
0 0.616406 0.555566 0.473438 0.649805
0 0.621875 0.0272461 0.046875 0.0404297
0 0.0996338 0.583594 0.138623 0.132812
0 0.607813 0.035437 0.0648438 0.0689697
0 0.564844 0.314844 0.0492188 0.0710938
0 0.561328 0.311523 0.0625 0.0988281
0 0.717969 0.10293 0.0375 0.0580078
0 0.624609 0.0810547 0.482031 0.162109
0 0 0.0892578 0 0.178516
0 0.494141 0.272656 0.0546875 0.06875
0 0.640625 0.0335938 0.0507812 0.0556641
0 0.696094 0.0933594 0.090625 0.0998047
0 0 0.0604492 0 0.120898
0 0.299609 0.170508 0.0351562 0.0746094
0 0.309961 0.161914 0.0402344 0.0800781
0 0.599219 0.0336426 0.05 0.0638672
0 0.11272 0.535156 0.158545 0.215625
0 0.641406 0.0406738 0.108594 0.0782227
0 0.718359 0.49375 0.0914062 0.065625
0 0.221484 0.00100098 0.199609 0.00200195
0 0.720703 0.103711 0.0515625 0.0810547
0 0.714063 0.0834961 0.05 0.0908203
0 0.379297 0.629687 0.0859375 0.123438
0 0.596875 0.0287109 0.0359375 0.047168
0 0.239258 0.8625 0.15625 0.275
0 0.180078 0.539844 0.202734 0.174219
0 0.11875 0.599219 0.130859 0.142188
0 0.503027 0.437109 0.623633 0.874219
0 0.660156 0.0372559 0.0828125 0.0625977
0 0.591406 0.207813 0.653125 0.415625
0 0.304688 0.158789 0.0421875 0.125781
0 0.630469 0.026709 0.0328125 0.0381836
0 0.189453 0.689063 0.241797 0.5125
0 0.035791 0.287695 0.071582 0.213672
0 0.312109 0.147461 0.04375 0.138672
0 0.595313 0.0198975 0.275 0.0397949
0 0.552344 0.297656 0.0828125 0.121094
0 0.0928711 0.605469 0.0615234 0.071875
0 0.454297 0.750781 0.199219 0.276563
0 0.720313 0.016333 0.2375 0.032666
0 0 0.159082 0 0.24043
0 0.423047 0.609473 0.3125 0.543555
0 0.30332 0.177148 0.0378906 0.0871094
0 0.245312 0.933594 0.125 0.132812
0 0.655469 0.176074 0.163281 0.352148
0 0.708594 0.0993164 0.0578125 0.0753906
0 0.242188 0.497656 0.2 0.142969
0 0.428125 0.233594 0.85625 0.467187
0 0.541406 0.348438 0.104688 0.185938
0 0.392969 0.449902 0.242969 0.218945
0 0.583594 0.776758 0.117188 0.174609
0 0.105957 0.486035 0.174414 0.306055
0 0.257812 0.000964355 0.183594 0.00192871
0 0.418359 0.333789 0.836719 0.667578
0 0.714453 0.096875 0.040625 0.0705078
0 0.744531 0.00810547 0.24375 0.0162109
0 0.642188 0.027063 0.0421875 0.0386475
0 0.101538 0.599609 0.0945801 0.0835937
0 0.658984 0.482031 0.0429688 0.0773438
0 0.957812 0.8625 0.05625 0.109375
0 0.457031 0.615625 0.20625 0.26875
0 0.879687 0.400391 0.084375 0.0984375
0 0.142969 0.572656 0.0859375 0.124219
0 0.633203 0.0477539 0.108594 0.0955078
0 0.161328 0.592188 0.180078 0.2625
0 0.216797 0.711719 0.046875 0.107813
0 0.901563 8.54492e-05 0.178125 0.000170898
0 0.0270996 0.245703 0.0541992 0.133203
0 0.517188 0.649219 0.117188 0.20625
0 0.416016 0.40459 0.225781 0.156445
0 0.437109 0.437402 0.0976562 0.154883
0 0.140137 0.622266 0.160742 0.215625
0 0.158203 0.482422 0.207813 0.303906
0 0.194141 0.449219 0.298047 0.65625
0 0.151562 0.561719 0.0601563 0.0921875
0 0.571094 0.321484 0.0453125 0.078125
0 0.595703 0.363867 0.725781 0.727734
0 0.411621 0.00098877 0.187695 0.00197754
0 0.187891 0.00012207 0.18125 0.000244141
0 0.946484 0.00124512 0.107031 0.00249023
0 0.795117 0.342383 0.0410156 0.0539063
0 0.524219 0.7125 0.1 0.142188
0 0.178711 0.535937 0.0824219 0.1375
0 0.530078 0.442578 0.124219 0.290625
0 0.249414 0.635938 0.359766 0.346875
0 0.484375 0.275391 0.0375 0.0609375
0 0.0460938 0.00211182 0.0921875 0.00422363
0 0.214502 0.9 0.181934 0.2
0 0.917969 0.00100098 0.164062 0.00200195
0 0.511719 0.697656 0.121875 0.135937
0 0.61875 0.173828 0.235938 0.347656
0 0.373633 0.000878906 0.173828 0.00175781
0 0.0280273 0.188672 0.0503906 0.148438
0 0.683594 0.0845459 0.126563 0.120752
0 0.065918 0.000830078 0.131836 0.00166016
0 0.158984 0.5625 0.0496094 0.078125
0 0.150366 0.657031 0.182861 0.282813
0 0.242578 0.903125 0.14375 0.19375
0 0.464063 0.267578 0.04375 0.0640625
0 0.879102 0.058252 0.241797 0.112402
0 0.503906 0.467578 0.139063 0.24375
0 0.0894531 0.293359 0.174219 0.216406
0 0.0831055 9.76563e-05 0.166211 0.000195313
0 0.4875 0.450684 0.165625 0.198633
0 0.139063 0.220264 0.264844 0.398535
0 0.523828 0.467969 0.423438 0.807813
0 0.236914 0.432813 0.197656 0.265625
0 0.764844 0.000952148 0.170313 0.0019043
0 0.370898 0.638672 0.105859 0.101562
0 0.214453 0.711328 0.0480469 0.0734375
0 0.384375 0.652344 0.06875 0.0632813
0 0.00184326 0.216406 0.00368652 0.246875
0 0.546484 0.285938 0.678906 0.571875
0 0.449316 0.000952148 0.20918 0.0019043
0 0.261279 0.5625 0.387598 0.208594
0 0.140234 0.4625 0.264453 0.609375
0 0.873438 0.00109863 0.190625 0.00219727
0 0.338867 2.44141e-05 0.175391 4.88281e-05
0 0.14043 0.343359 0.266797 0.417969
0 0.591406 0.0258789 0.046875 0.0398437
0 0.65625 0.0277344 0.0609375 0.0401367
0 0.198437 0.712891 0.105078 0.108594
0 0.711719 6.10352e-05 0.178125 0.00012207
0 0.535547 0.732031 0.078125 0.178125
0 0.255859 0.882422 0.159375 0.235156
0 0.275781 0.369336 0.532031 0.707422
0 0.674219 0.000219727 0.18125 0.000439453
0 0.501563 0.651953 0.15 0.267969
0 0.8 0.00020752 0.182812 0.000415039
0 0.470996 0.400098 0.200195 0.145117
0 0.136914 0.000976562 0.215234 0.00195312
0 0.996094 0.699219 0.0078125 0.184375
0 0.575781 0.0125488 0.320312 0.0250977
0 0.296875 0.16123 0.0484375 0.137695
0 0.997656 0.669922 0.0046875 0.239844
0 0.492969 0.284766 0.2 0.126172
0 0.982813 0.702344 0.034375 0.0953125
0 0.542188 0.410156 0.109375 0.257812
0 0.547656 0.451172 0.130469 0.325781
0 0.656641 0.0677734 0.153125 0.131445
0 0.532031 0.570703 0.892188 0.603906
0 0.601562 0.428516 0.796875 0.842969
0 0.373437 0.591797 0.638281 0.542969
0 0.416406 0.586621 0.832812 0.570508
0 0.657422 0.101855 0.161719 0.200586
0 0.705469 0.0707031 0.059375 0.110547
0 0.694531 0.0712402 0.084375 0.112598
0 0.702344 0.477344 0.121094 0.096875
0 0.680469 0.0706055 0.109375 0.124219
0 0.704297 0.491406 0.114844 0.0671875
0 0.53125 0.691406 0.196875 0.339063
0 0.0277222 0.219531 0.0463135 0.0671875
0 0.364063 0.698828 0.6125 0.602344
0 0.942187 0.83125 0.0375 0.05625
0 0.658203 0.479688 0.0429688 0.06875
0 0.945312 0.8375 0.05 0.071875
0 0.942187 0.828125 0.03125 0.046875
0 0.649609 0.1875 0.172656 0.375
0 0.670996 0.372266 0.658008 0.742969
0 0.704688 0.0848633 0.0679687 0.0853516
0 0.0304688 0.230859 0.0523438 0.0808594
0 0.491016 0.738281 0.280469 0.253125
0 0.433203 0.636719 0.277344 0.307813
0 0.223242 0.859766 0.167969 0.280469
0 0.596094 0.0263794 0.0390625 0.039624
0 0.709375 0.0892822 0.0484375 0.072998
0 0.522754 0.632812 0.53418 0.454688
0 0.625781 0.059375 0.214062 0.116406
0 0.204102 0.635156 0.284766 0.357812
0 0.609766 0.027002 0.0570313 0.0416992
0 0.6625 0.488281 0.0359375 0.059375
0 0.389746 0.639063 0.193945 0.325
0 0.347266 0.61875 0.623438 0.401563
0 0.223633 0.000878906 0.216406 0.00175781
0 0.0878662 0.00020752 0.175439 0.000415039
0 0.563281 0.301172 0.0578125 0.096875
0 0.591016 0.0329224 0.04375 0.055249
0 0.241992 0.939844 0.126172 0.120313
0 0.582422 0.0284668 0.0492188 0.0478516
0 0.713281 0.102832 0.04375 0.0558594
0 0.138672 0.000866699 0.226953 0.0017334
0 0.562891 0.314648 0.046875 0.0636719
0 0.711719 0.10459 0.0546875 0.0746094
0 0.422754 0.464746 0.270117 0.31582
0 0.424609 0.000878906 0.217969 0.00175781
0 0.275586 0.000878906 0.215234 0.00175781
0 0.94375 0.848437 0.065625 0.090625
0 0.748438 0.0716797 0.234375 0.132812
0 0.240283 0.882812 0.144434 0.229687
0 0.463672 0.000769043 0.207031 0.00153809
0 0.5875 0.0358887 0.0640625 0.0625
0 0.222852 0.907031 0.147656 0.185938
0 0.0741699 0.000683594 0.14834 0.00136719
0 0.694531 0.0970947 0.0921875 0.0804199
0 0.0312622 0.246289 0.0560303 0.108203
0 0.717969 0.101782 0.0640625 0.0878418
0 0.175586 0.000244141 0.177344 0.000488281
0 0.387109 0.000805664 0.207813 0.00161133
0 0.938281 0.000695801 0.123438 0.0013916
0 0.729688 0.0944336 0.298438 0.188867
0 0.617969 0.0391602 0.0796875 0.0705078
0 0.201514 0.546094 0.116504 0.157813
0 0.69375 0.463281 0.145313 0.128125
0 0.589844 0.0274902 0.0375 0.0445313
0 0.501563 0.00078125 0.189844 0.0015625
0 0.614453 0.0401367 0.239063 0.0802734
0 0.350391 0.000646973 0.170313 0.00129395
0 0.551172 0.301953 0.0789063 0.108594
0 0.560547 0.759375 0.130469 0.209375
0 0.453125 0.355273 0.90625 0.710547
0 0.164941 0.637891 0.195898 0.338281
0 0.201367 0.836719 0.185547 0.326562
0 0.234814 0.928125 0.127246 0.14375
0 0.724609 0.148438 0.285156 0.296875
0 0.539062 0.00090332 0.2 0.00180664
0 0.622656 0.0311523 0.059375 0.0504883
0 0.691406 0.0662109 0.210938 0.126367
0 0.370898 0.377344 0.741797 0.754687
0 0.0322754 0.263281 0.0616211 0.142188
0 0.200391 0.881055 0.209375 0.237891
0 0.696875 0.10752 0.075 0.0744141
0 0.603906 0.0338867 0.059375 0.0611328
0 0.934375 0.834375 0.05 0.065625
0 0.314063 0.00012207 0.173438 0.000244141
0 0.685156 0.336719 0.0359375 0.0539063
0 0.689844 0.341016 0.0484375 0.0574219
0 0.651953 0.475 0.053125 0.0859375
0 0.548828 0.0322754 0.119531 0.0542969
0 0.651563 0.0621582 0.179688 0.124316
0 0.5625 0.0297852 0.0851563 0.0509766
0 0.7125 0.0790771 0.0546875 0.089502
0 0.114551 0.583594 0.119727 0.107813
0 0.949219 0.851562 0.05 0.103125
0 0.717578 0.496875 0.0867188 0.0546875
0 0.552734 0.321484 0.0609375 0.0835937
0 0.760938 0.198828 0.175 0.397656
0 0.587891 0.000756836 0.167969 0.00151367
0 0.235107 0.977344 0.121191 0.0453125
0 0.64375 0.400391 0.273438 0.258594
0 0.628125 0.0275879 0.0398437 0.0401367
0 0.605469 0.399121 0.789062 0.795508
0 0.874805 0.894922 0.250391 0.210156
0 0.480078 0.422266 0.905469 0.844531
0 0.593848 0.319141 0.681055 0.638281
0 0.665625 0.0716797 0.14375 0.134375
0 0.206641 0.650391 0.230859 0.391406
0 0.550781 0.491797 0.75625 0.730469
0 0.705469 0.0746094 0.059375 0.110937
0 0.539062 0.715625 0.0734375 0.140625
0 0.0257324 0.223438 0.0422852 0.0726563
0 0.131934 0.585938 0.0919922 0.0976562
0 0.526953 0.656641 0.101562 0.269531
0 0.540625 0.7 0.0671875 0.0992187
0 0.513672 0.682031 0.13125 0.320312
0 0.379785 0.419141 0.654492 0.771094
0 0.0289551 0.231836 0.049707 0.0894531
0 0.8375 0.898047 0.178125 0.203906
0 0.814844 0.903906 0.135937 0.192188
0 0.307031 0.174219 0.05 0.117578
0 0.682813 0.0796875 0.109375 0.125391
0 0.0296387 0.249414 0.0536133 0.132422
0 0.167383 0.639453 0.166797 0.371094
0 0.192139 0.529688 0.0891602 0.121875
0 0.533594 0.734375 0.084375 0.15625
0 0.875 0.85332 0.246875 0.293359
0 0.533594 0.56875 0.0421875 0.078125
0 0.7125 0.0848633 0.0421875 0.0904297
0 0.496484 0.655078 0.169531 0.278906
0 0.535156 0.679688 0.09375 0.346875
0 0.147266 0.560156 0.0816406 0.107813
0 0.781445 0.939844 0.0683594 0.114063
0 0.64375 0.0662598 0.195312 0.13252
0 0.144238 0.575 0.0708984 0.0921875
0 0.792383 0.93125 0.0933594 0.134375
0 0.524219 0.717188 0.0984375 0.11875
0 0.653125 0.207422 0.184375 0.414844
0 0.773438 0.947656 0.046875 0.096875
0 0.532422 0.575781 0.05 0.103125
0 0.525 0.587891 0.0679687 0.128906
0 0.699219 0.341797 0.601562 0.683594
0 0.0238281 0.231445 0.0476562 0.113672
0 0.0322754 0.268555 0.0625977 0.156641
0 0.275 0.500781 0.0523438 0.059375
0 0.547656 0.746094 0.101562 0.242188
0 0.255469 0.647656 0.299219 0.379688
0 0.17832 0.534375 0.0855469 0.115625
0 0.133008 0.586328 0.101953 0.146094
0 0.546875 0.726172 0.065625 0.138281
0 0.197656 0.544141 0.114844 0.153125
0 0.591797 0.125391 0.430469 0.250781
0 0.312109 0.182617 0.0589844 0.145703
0 0.384375 0.648438 0.0539063 0.0632813
0 0.385254 0.642188 0.0669922 0.0789063
0 0.54375 0.733594 0.0609375 0.101562
0 0.124902 0.596875 0.0794922 0.084375
0 0.464063 0.634375 0.235938 0.296875
0 0.300781 0.18208 0.0445313 0.11084
0 0.710156 0.10498 0.053125 0.0681641
0 0.534375 0.763672 0.1125 0.235156
0 0.717969 0.104785 0.05 0.0736328
0 0.715234 0.110254 0.0421875 0.0591797
0 0.545703 0.688281 0.05625 0.0734375
0 0.714844 0.101953 0.0359375 0.0591797
0 0.10791 0.604688 0.0449219 0.0640625
0 0.701172 0.225 0.219531 0.45
0 0.181055 0.555469 0.182812 0.185938
0 0.834375 0.86875 0.078125 0.096875
0 0.418359 0.529297 0.775781 0.677344
0 0.703906 0.0717773 0.059375 0.111914
0 0.570703 0.538965 0.858594 0.67832
0 0.355078 0.579688 0.635938 0.5875
0 0.682813 0.0676758 0.104688 0.116211
0 0.0297852 0.223438 0.05 0.0710938
0 0.034375 0.278125 0.06875 0.192188
0 0.0574219 0.000317383 0.114844 0.000634766
0 0.656641 0.0662109 0.157031 0.125
0 0.0772461 0.000500488 0.154492 0.00100098
0 0.107813 0.588281 0.114453 0.0984375
0 0.361719 0.000463867 0.154688 0.000927734
0 0.604688 0.428516 0.790625 0.857031
0 0.0295776 0.248047 0.0551025 0.128125
0 0.0492188 0.28418 0.0984375 0.174609
0 0.108496 0.594531 0.0867188 0.084375
0 0.110376 0.000439453 0.162061 0.000878906
0 0.398828 0.000463867 0.161719 0.000927734
0 0.0230225 0.21875 0.0408691 0.0738281
0 0.148657 0.000427246 0.160107 0.000854492
0 0.198242 0.000439453 0.158594 0.000878906
0 0.24082 0.953125 0.105078 0.09375
0 0.938281 0.000561523 0.123438 0.00112305
0 0.328516 0.000439453 0.145313 0.000878906
0 0.411328 0.000292969 0.226562 0.000585938
0 0.0415039 0 0.0830078 0
0 0.959375 0.0010498 0.08125 0.00209961
0 0.87168 0.891406 0.247266 0.217188
0 0.234766 0.975781 0.0671875 0.0484375
0 0.435547 0.000415039 0.160938 0.000830078
0 0.401563 0.237891 0.0390625 0.0527344
0 0.210352 0.000292969 0.222266 0.000585938
0 0.0473145 0.363672 0.090918 0.355469
0 0.440234 0.232031 0.0335938 0.0484375
0 0.0824463 0.603125 0.057373 0.0625
0 0.451562 0.251953 0.040625 0.0828125
0 0.233984 0.000512695 0.149219 0.00102539
0 0.191797 0.727344 0.114063 0.142188
0 0.55625 0.311328 0.0671875 0.0648438
0 0.442578 0.269141 0.0570313 0.125
0 0.478906 0.762891 0.285938 0.222656
0 0.473438 0.000537109 0.159375 0.00107422
0 0.608203 0.571094 0.783594 0.857813
0 0.408594 0.236719 0.040625 0.0578125
0 0.255859 0.000366211 0.209375 0.000732422
0 0.231445 0.86582 0.141797 0.268359
0 0.0621094 0.385938 0.123242 0.403125
0 0.710938 0.0765625 0.04375 0.104688
0 0.0346802 0.233398 0.0659912 0.100781
0 0.23125 0.961719 0.0890625 0.0765625
0 0.127344 0.585938 0.096875 0.096875
0 0.765625 0.960938 0.03125 0.0609375
0 0.0729004 0.597656 0.0838867 0.0703125
0 0.0853516 0.591406 0.116992 0.09375
0 0.699219 0.0754883 0.0796875 0.119531
0 0.0227295 0.242188 0.0427246 0.122656
0 0.21958 0.330078 0.0897461 0.117188
0 0.8875 0.732813 0.028125 0.0453125
0 0.510938 0.000708008 0.157813 0.00141602
0 0.974219 0.00218506 0.0515625 0.00437012
0 0.446875 0.231641 0.025 0.040625
0 0.561719 0.000500488 0.1625 0.00100098
0 0.533984 0.694531 0.180469 0.346875
0 0.301172 0.000488281 0.160156 0.000976562
0 0.0954102 0.604688 0.0486328 0.0625
0 0.545313 0.333984 0.0953125 0.11875
0 0.623438 0.0308472 0.046875 0.0474854
0 0.528125 0.564063 0.0445313 0.075
0 0.770703 0.960938 0.0414063 0.071875
0 0.567969 0.314648 0.0453125 0.0582031
0 0.779688 0.946875 0.059375 0.103125
0 0.815625 0.839063 0.1375 0.321875
0 0.917188 0 0.165625 0
0 0.107031 0.601562 0.0644531 0.06875
0 0.141797 0.575 0.0796875 0.0984375
0 0.608984 0.0296753 0.0539063 0.0467041
0 0.888281 0.000561523 0.15625 0.00112305
0 0.0283936 0.000244141 0.0567871 0.000488281
0 0.0371216 0.257031 0.0687256 0.130469
0 0.984766 0.0175049 0.0304688 0.0350098
0 0.8375 0.857813 0.025 0.040625
0 0.0619629 0.589844 0.107715 0.096875
0 0.884375 0.727344 0.03125 0.05
0 0.24707 0.976562 0.0519531 0.046875
0 0.648047 0.0616699 0.186719 0.12334
0 0.453906 0.265039 0.046875 0.104297
0 0.189795 0.861719 0.187598 0.276563
0 0.397656 0.230859 0.05 0.0828125
0 0.559766 0.767969 0.133594 0.192188
0 0.939063 0.832812 0.025 0.046875
0 0.85957 6.10352e-05 0.183984 0.00012207
0 0.700391 0.0494141 0.0578125 0.0648438
0 0.882031 0.720313 0.0328125 0.059375
0 0.0841553 0.753125 0.156299 0.4625
0 0.026062 0.224268 0.0484619 0.112402
0 0.383984 0.619531 0.685156 0.760938
0 0.88125 0.106836 0.03125 0.0644531
0 0.594922 0.0289063 0.0351562 0.0447266
0 0.069873 0.483984 0.131738 0.307031
0 0.338672 0.692578 0.582812 0.614844
0 0.0591309 0.597656 0.0774414 0.075
0 0.452344 0.2875 0.0578125 0.114844
0 0.817187 0.901563 0.134375 0.196875
0 0.256836 0.95 0.104297 0.1
0 0.400781 0.249805 0.0460938 0.0636719
0 0.0537109 0.578906 0.101562 0.125781
0 0.00842285 0.00148926 0.0168457 0.00297852
0 0.410156 0.262109 0.0546875 0.101562
0 0.444922 0.28125 0.0695313 0.132812
0 0.725391 0.0702148 0.139844 0.125586
0 0.515625 0.566406 0.08125 0.0875
0 0.714844 0.105664 0.0351562 0.0519531
0 0.536719 0.774219 0.165625 0.196875
0 0.689063 0.0604492 0.195312 0.120898
0 0.598828 0.000463867 0.153906 0.000927734
0 0.452734 0.296875 0.0960938 0.139844
0 0.413281 0.960938 0.1125 0.078125
0 0.792969 0.939063 0.09375 0.121875
0 0.131543 0.733984 0.14082 0.516406
0 0.825781 0.000537109 0.154688 0.00107422
0 0.646094 0.000415039 0.197656 0.000830078
0 0.84668 0.873438 0.194141 0.253125
0 0.2 0.751563 0.132031 0.159375
0 0.0234375 0.266602 0.046875 0.166406
0 0.244922 0.923438 0.115625 0.153125
0 0.0683106 0.294727 0.131348 0.215234
0 0.149414 0.565625 0.0730469 0.0789063
0 0.101074 0.551953 0.163867 0.185156
0 0.708594 0.0782959 0.065625 0.146143
0 0.63125 0.0365723 0.034375 0.0506836
0 0.842188 0.853906 0.03125 0.046875
0 0.785937 0.848633 0.09375 0.302734
0 0.028418 0.00701904 0.0568359 0.0140381
0 0.560547 0.301953 0.0679687 0.09375
0 0.607031 0.0378906 0.223438 0.0757812
0 0.776563 0.000537109 0.15625 0.00107422
0 0.544141 0.350586 0.107031 0.183984
0 0.233984 0.932031 0.117188 0.135937
0 0.713672 0.0926025 0.0375 0.0714355
0 0.242383 0.969531 0.0613281 0.0609375
0 0.19082 0.698828 0.0855469 0.0898438
0 0.383691 0.954297 0.10918 0.0914062
0 0.680078 0.0524536 0.0835937 0.0796631
0 0.663281 0.0537598 0.100781 0.0850586
0 0.88125 0.111499 0.040625 0.092627
0 0.669922 0.224805 0.147656 0.449609
0 0.147656 0.558984 0.0988281 0.136719
0 0.17793 0.653516 0.230859 0.458594
0 0.266211 0.86875 0.142969 0.2625
0 0.745313 0 0.126563 0
0 0.0598633 0.288477 0.111523 0.145703
0 0.621875 0.0617676 0.229687 0.123535
0 0.708594 0.0985352 0.046875 0.0728516
0 0.0282227 0.946094 0.0509766 0.107813
0 0.467578 0.299414 0.0820312 0.126172
0 0.994141 0.0109253 0.0117188 0.0218506
0 0.224609 0.946094 0.102344 0.107813
0 0.721094 0.0715332 0.0882813 0.137012
0 0.386816 0.388281 0.741992 0.70625
0 0.0861084 0.607031 0.0746582 0.090625
0 0.395703 0.239453 0.0546875 0.114063
0 0.18418 0.710938 0.0976562 0.117188
0 0.211328 0.710938 0.0539063 0.0984375
0 0.0968994 0.485156 0.179639 0.295312
0 0.714063 0 0.15 0
0 0.252148 0.958594 0.0878906 0.0828125
0 0.630859 0.0316406 0.0273438 0.0450195
0 0.0532715 0.603906 0.059082 0.0640625
0 0.393359 0.578906 0.675781 0.55
0 0.70625 0.0723633 0.0609375 0.122461
0 0.563672 0.573047 0.869531 0.655469
0 0.432813 0.576563 0.865625 0.607813
0 0.0484375 0.272266 0.0886719 0.173438
0 0.8875 0.726562 0.03125 0.0484375
0 0.657813 0.0650391 0.148438 0.127734
0 0.716797 0.0748047 0.0398437 0.1125
0 0.0387207 0.245703 0.071582 0.115625
0 0.341211 0.629687 0.605078 0.740625
0 0.890625 0.730469 0.028125 0.0484375
0 0.689063 0.067041 0.090625 0.126855
0 0.885156 0.720313 0.0328125 0.059375
0 0.0365112 0.226953 0.0642822 0.0867188
0 0.0288208 0.224023 0.048999 0.0757812
0 0.628906 0.0627441 0.217188 0.124902
0 0.789062 0.756641 0.0375 0.0617188
0 0.563281 0.3125 0.053125 0.0617188
0 0.697656 0.341992 0.0445313 0.0535156
0 0.0669434 0.276563 0.12666 0.183594
0 0.0519043 0.299805 0.0993164 0.219141
0 0.607031 0.605859 0.785937 0.788281
0 0.88125 0.716016 0.04375 0.0726563
0 0.206055 0.689844 0.0414063 0.0671875
0 0.0862305 0.605469 0.0447266 0.0539063
0 0.324219 0.110156 0.034375 0.112695
0 0.117285 0.589844 0.120117 0.109375
0 0.0489136 0.376563 0.0927979 0.382031
0 0.892188 0.727344 0.0375 0.0546875
0 0.555078 0.30625 0.0429688 0.0515625
0 0.719141 0.0869141 0.0359375 0.0839844
0 0.0665039 0.000671387 0.133008 0.00134277
0 0.209766 0.683594 0.03125 0.05625
0 0.193018 0.698828 0.0749023 0.0835937
0 0.124121 0.000830078 0.162305 0.00166016
0 0.696875 0.0590332 0.06875 0.0975586
0 0.102832 0.607031 0.0460938 0.0585938
0 0.0865479 0.000830078 0.163232 0.00166016
0 0.0503906 0.000830078 0.100781 0.00166016
0 0.0941162 0.609375 0.0465332 0.0539063
0 0.0370605 0.00134277 0.0741211 0.00268555
0 0.664062 0.483594 0.0328125 0.065625
0 0.684375 0.337891 0.028125 0.0507812
0 0.5625 0.760156 0.127344 0.201563
0 0.580566 0.440625 0.748242 0.88125
0 0.720313 0.101562 0.0375 0.0613281
0 0.314063 0.495703 0.603125 0.667969
0 0.231592 0.000939941 0.194629 0.00187988
0 0.947656 0.8375 0.0453125 0.0625
0 0.112329 0.601562 0.0866699 0.071875
0 0.299023 0.186523 0.0355469 0.0804688
0 0.192236 0.0010498 0.224902 0.00209961
0 0.0208984 0.220703 0.0375 0.0578125
0 0.257031 0.978125 0.0539063 0.04375
0 0.162109 0.000854492 0.162109 0.00170898
0 0.0800781 0.604688 0.0503906 0.0609375
0 0.414844 0.000878906 0.221875 0.00175781
0 0.183398 0.715234 0.0894531 0.0945313
0 0.199023 0.000854492 0.159766 0.00170898
0 0.261719 0.978125 0.0328125 0.04375
0 0.946875 0.0012085 0.10625 0.00241699
0 0.541406 0.695312 0.16875 0.3625
0 0.967969 0.00255127 0.0640625 0.00510254
0 0.2625 0.973437 0.0375 0.053125
0 0.722266 0.0725586 0.0617188 0.127148
0 0.453125 0.237891 0.0351562 0.0484375
0 0.560938 0.305859 0.0601563 0.0796875
0 0.366211 0.000683594 0.183203 0.00136719
0 0.0596191 0.17168 0.106934 0.343359
0 0.225391 0.31875 0.0757812 0.108594
0 0.325 0.106348 0.0273438 0.0785156
0 0.0990479 0.600781 0.0710449 0.071875
0 0.0134766 0.00175781 0.0269531 0.00351563
0 0.655469 0.475781 0.040625 0.0625
0 0.400391 0.00078125 0.160156 0.0015625
0 0.45 0.233203 0.0296875 0.0433594
0 0.602734 0.056543 0.250781 0.113086
0 0.400391 0.231641 0.0382813 0.0511719
0 0.466504 0.000891113 0.220117 0.00178223
0 0.0290283 0.233789 0.0580566 0.0933594
0 0.0962647 0.610547 0.0590332 0.071875
0 0.721875 0.100684 0.0484375 0.0830078
0 0.446875 0.244727 0.0554687 0.0691406
0 0.521484 0.00107422 0.23125 0.00214844
0 0.54375 0.771875 0.157813 0.207813
0 0.598828 0.0327148 0.04375 0.0598633
0 0.556641 0.342969 0.0804688 0.16875
0 0.783594 0.757812 0.04375 0.06875
0 0.339063 0.000756836 0.155469 0.00151367
0 0.12207 0.594922 0.090625 0.0914062
0 0.0886963 0.601172 0.0550293 0.06875
0 0.666406 0.489453 0.0265625 0.0578125
0 0.181689 0.627734 0.220215 0.311719
0 0.0328125 0.953125 0.0568359 0.09375
0 0.260352 0.00090332 0.157422 0.00180664
0 0.303906 0.183789 0.0476562 0.0910156
0 0.819531 0.597656 0.0671875 0.120313
0 0.973437 0.69375 0.053125 0.0796875
0 0.247656 0.978125 0.0792969 0.04375
0 0.939063 0.832812 0.03125 0.05
0 0.18418 0.691406 0.0839844 0.08125
0 0.445312 0.233203 0.0484375 0.0515625
0 0.384766 0.348438 0.755469 0.696875
0 0.0709961 0.371094 0.13457 0.378125
0 0.787305 0.75 0.0316406 0.0609375
0 0.0606445 0.233008 0.1125 0.241797
0 0.211328 0.699609 0.0304688 0.0515625
0 0.591406 0.0300293 0.0390625 0.050293
0 0.528906 0.564844 0.053125 0.0929688
0 0.130273 0.282813 0.260547 0.20625
0 0.524219 0.0010376 0.164062 0.0020752
0 0.314063 0.000488281 0.159375 0.000976562
0 0.816406 0.589063 0.05625 0.1
0 0.551172 0.313281 0.0664062 0.08125
0 0.594922 0.0265137 0.0328125 0.0401367
0 0.603906 0.0734863 0.2875 0.146973
0 0.582422 0.0244141 0.269531 0.0488281
0 0.137305 0.583594 0.0925781 0.09375
0 0.314453 0.156641 0.0617188 0.150781
0 0.270703 0.967969 0.0414063 0.0640625
0 0.236719 0.326953 0.0523438 0.0914062
0 0.985156 0.0185791 0.0296875 0.0371582
0 0.926953 0.00090332 0.146094 0.00180664
0 0.608594 0.0311523 0.0515625 0.0518555
0 0.32168 0.0870117 0.0359375 0.130273
0 0.40625 0.233984 0.04375 0.0539063
0 0.696875 0.339844 0.0554687 0.0625
0 0.0566406 0.364063 0.113281 0.178125
0 0.76875 0.963281 0.0359375 0.0671875
0 0.672656 0.0533691 0.1125 0.0928711
0 0.0255981 0.961719 0.0400147 0.0765625
0 0.607031 0.0267456 0.0453125 0.04104
0 0.0435059 0.202539 0.0790039 0.277734
0 0.485547 0.333398 0.541406 0.666797
0 0.0369629 0.231836 0.0739258 0.239453
0 0.689453 0.337891 0.04375 0.0605469
0 0.0218262 0.398438 0.0361328 0.0742188
0 0.520312 0.564453 0.078125 0.114844
0 0.0864258 0.296484 0.167773 0.225781
0 0.397266 0.222266 0.0421875 0.0679687
0 0.129688 0.603516 0.107813 0.138281
0 0.00704346 0.00866699 0.0140869 0.017334
0 0.0750244 0.605469 0.069873 0.0703125
0 0.250781 0.333008 0.03125 0.0550781
0 0.532813 0.560938 0.0453125 0.075
0 0.579688 0.0321167 0.05625 0.0562744
0 0.560156 0.79082 0.142188 0.162109
0 0.15625 0.574609 0.046875 0.0648438
0 0.794531 0.340625 0.0265625 0.0421875
0 0.194922 0.530078 0.0929688 0.124219
0 0.541016 0.321289 0.0984375 0.108984
0 0.701172 0.460938 0.119531 0.135937
0 0.578906 0.0255371 0.065625 0.0423828
0 0.180078 0.713281 0.0820312 0.065625
0 0.317578 0.281641 0.613281 0.561719
0 0.614844 0.0347778 0.0679687 0.067749
0 0.191211 0.718359 0.116406 0.122656
0 0.0688477 0.604688 0.0916016 0.0960938
0 0.254688 0.966016 0.101172 0.0679687
0 0.561328 0.000952148 0.166406 0.0019043
0 0.254883 0.980078 0.0417969 0.0398437
0 0.557422 0.0109131 0.291406 0.0218262
0 0.88125 0.105957 0.03125 0.0662109
0 0.780469 0.763672 0.0546875 0.0898438
0 0.276172 0.965625 0.0566406 0.06875
0 0.522656 0.573828 0.06875 0.0898438
0 0.873047 0.9 0.253906 0.2
0 0.780469 0.955469 0.059375 0.0890625
0 0.873438 0.710547 0.053125 0.0804688
0 0.667969 0.21875 0.139063 0.4375
0 0.403125 0.244922 0.0367188 0.0503906
0 0.0325195 0.000537109 0.0650391 0.00107422
0 0.791406 0.761719 0.040625 0.0796875
0 0.442578 0.226172 0.059375 0.0625
0 0.9125 0.000500488 0.164062 0.00100098
0 0.8625 0.000573731 0.16875 0.00114746
0 0.559375 0.097168 0.367188 0.193555
0 0.182031 0.535937 0.0738281 0.121875
0 0.316797 0.136914 0.0484375 0.0988281
0 0.408594 0.248438 0.0476562 0.0648438
0 0.160547 0.567969 0.0378906 0.053125
0 0.325781 0.131934 0.0835937 0.248242
0 0.796875 0.939063 0.101562 0.121875
0 0.357422 0.767578 0.671875 0.464844
0 0.0674316 0.327734 0.0704102 0.0695313
0 0.0828125 0.604688 0.0734375 0.0890625
0 0.274023 0.974219 0.0621094 0.0515625
0 0.232813 0.976953 0.0769531 0.0460938
0 0.876563 0.720703 0.0578125 0.0648438
0 0.451172 0.447266 0.117969 0.175781
0 0.503516 0.170508 0.482031 0.341016
0 0.798438 0.342969 0.034375 0.0476562
0 1 0.914062 0 0.165625
0 0.0564941 0.627734 0.105371 0.139844
0 0.617969 0.031543 0.0578125 0.0520508
0 0.404687 0.223828 0.053125 0.0640625
0 0.890625 0.705469 0.075 0.0984375
0 0.892188 0.716016 0.046875 0.0742188
0 0.0539063 0.0263184 0.0943359 0.0526367
0 0.465625 0.457813 0.090625 0.15
0 0.658594 0.168945 0.153125 0.334766
0 0.467187 0.475391 0.0820312 0.0875
0 1 0.666016 0 0.163281
0 0.618359 0.0268677 0.046875 0.0409912
0 0.419434 0.224219 0.676758 0.448438
0 0.0300537 0.00681152 0.0601074 0.013623
0 0.0239746 0.24375 0.0477539 0.105469
0 0.0321289 0.273047 0.0591797 0.178906
0 1 0.876563 0 0.16875
0 0.0551758 0.334961 0.103711 0.0941406
0 0.757422 0.775781 0.0960938 0.1125
0 0.564453 0.0322754 0.0796875 0.0570313
0 0.0564575 0.319141 0.0915771 0.122656
0 0.70625 0.346094 0.04375 0.0542969
0 0.613281 0.573047 0.657813 0.821094
0 0.595313 0.0537109 0.292188 0.107422
0 0.0237549 0.558984 0.0397949 0.110156
0 0.000854492 0.00372314 0.00170898 0.00744629
0 0.54375 0.645703 0.13125 0.408594
0 0.45625 0.24375 0.0421875 0.0660156
0 0.0660156 0.292578 0.0957031 0.160938
0 0.0716309 0.32793 0.0481445 0.0519531
0 0.0670898 0.454297 0.125195 0.385938
0 0.654688 0.0428833 0.146875 0.0790771
0 0.316797 0.178516 0.06875 0.129688
0 0.8875 0.000830078 0.1625 0.00166016
0 0.272461 0.335742 0.0632813 0.065625
0 0.2125 0.704297 0.0398437 0.0664062
0 0.0551758 0.952344 0.103906 0.0953125
0 0.248633 0.95625 0.119531 0.0875
0 0.346484 0.100879 0.0804688 0.131445
0 0.266211 0.960156 0.0933594 0.0796875
0 0.339453 0.111133 0.0953125 0.205469
0 1 0.825 0 0.15625
0 0.0446777 0.623438 0.0860352 0.171875
0 0.564063 0.0228027 0.0835937 0.0456055
0 0.822656 0.000500488 0.154688 0.00100098
0 0.496875 0.0090332 0.253906 0.0180664
0 0.100488 0.367969 0.195898 0.376563
0 0.843555 0.914062 0.184766 0.171875
0 0.530469 0.728516 0.0921875 0.155469
0 0.670313 0.120801 0.132812 0.240039
0 0.479688 0.260938 0.0921875 0.109375
0 0.147656 0.573438 0.0789063 0.0859375
0 0.135254 0.336914 0.270508 0.312891
0 0.239453 0.331641 0.0460938 0.0703125
0 0.561719 0.301953 0.0703125 0.101562
0 1 0.7875 0 0.15625
0 0.0288086 0.933594 0.0530273 0.132812
0 0.545313 0.729297 0.0625 0.153906
0 0.0767578 0.00554199 0.153516 0.011084
0 0.0201172 0.207031 0.0351562 0.0625
0 0.65625 0.0663086 0.185938 0.132617
0 0.158789 0.728906 0.0570313 0.0734375
0 0.578906 0.770312 0.110937 0.1875
0 0.0874756 0.585547 0.089502 0.113281
0 0.154395 0.565625 0.175977 0.190625
0 1 0.0583984 0 0.116797
0 0.0782227 0.300391 0.102148 0.141406
0 0.603125 0.0368042 0.05625 0.069751
0 0.683984 0.0974609 0.104688 0.107031
0 0.697656 0.0447754 0.065625 0.0702148
0 0.710156 0.103906 0.046875 0.0603516
0 0.541016 0.979297 0.0664062 0.0414063
0 0.582812 0.0365234 0.084375 0.0719727
0 0.509766 0.578516 0.0679687 0.0695313
0 0.995313 0.00831299 0.009375 0.016626
0 0.246875 0.334375 0.0289063 0.0484375
0 0.059375 0.594531 0.114844 0.128906
0 0.118262 0.585938 0.134961 0.179688
0 1 0.213721 0 0.156152
0 0.163281 0.572656 0.0667969 0.0765625
0 0.95 0.85 0.05625 0.0953125
0 0.807813 0.585938 0.053125 0.0726563
0 1 0.939844 0 0.120313
0 0.699219 0.10498 0.0710938 0.0695313
0 0.671094 0.49375 0.0359375 0.0640625
0 0.0519409 0.0364136 0.087915 0.0646729
0 0.16582 0.564844 0.0488281 0.0570313
0 0.699219 0.0863525 0.0742188 0.118701
0 0.88125 0.111304 0.04375 0.0961426
0 0.521875 0.0894531 0.46875 0.178906
0 1 0.266797 0 0.179688
0 0.690625 0.341211 0.0640625 0.0761719
0 0.724609 0.0717285 0.180469 0.133691
0 0.645312 0.0795898 0.175781 0.156055
0 0.671484 0.0716797 0.366406 0.143359
0 0.23125 0.334375 0.0625 0.0703125
0 0.884375 0.732031 0.05625 0.075
0 0.551562 0.0230957 0.101562 0.0461914
0 0.399316 0.573438 0.67793 0.545313
0 0.566406 0.540234 0.384375 0.591406
0 0.527246 0.538965 0.575195 0.600195
0 0.704688 0.0730469 0.0609375 0.11875
0 0.664844 0.533203 0.526563 0.605469
0 0.657422 0.0699707 0.155469 0.128027
0 0.600684 0.435937 0.729883 0.85
0 0.500781 0.557422 0.426563 0.566406
0 0.365625 0.490234 0.697656 0.661719
0 0.0370605 0.25293 0.0681641 0.126172
0 0.69375 0.0769531 0.084375 0.123828
0 0.626563 0.538184 0.746875 0.639258
0 0.885156 0.728516 0.0359375 0.0539063
0 0.194531 0.709375 0.106641 0.109375
0 0.657422 0.484766 0.0429688 0.0757812
0 0.0491211 0.284375 0.0923828 0.204688
0 0.680078 0.0702148 0.1125 0.125586
0 0.548828 0.746875 0.141406 0.1625
0 0.536328 0.674219 0.167187 0.3
0 0.196289 0.727344 0.124609 0.157813
0 0.713672 0.0765625 0.0554687 0.11582
0 0.0384766 0.270313 0.075 0.173828
0 0.476953 0.651563 0.192969 0.254688
0 0.483691 0.679688 0.23418 0.314063
0 0.138281 0.288672 0.275 0.201563
0 0.560547 0.311719 0.0585938 0.0703125
0 0.11853 0.586719 0.125049 0.114063
0 0.697266 0.344922 0.0546875 0.0640625
0 0.0312012 0.232422 0.0567383 0.0929688
0 0.716406 0.0844727 0.0390625 0.0910156
0 0.564063 0.308398 0.06875 0.0941406
0 0.0792969 0.280273 0.155664 0.187891
0 0.200977 0.698828 0.0734375 0.0921875
0 0.632812 0.0621582 0.221875 0.120215
0 0.663281 0.489844 0.034375 0.0671875
0 0.115332 0.596875 0.0990234 0.0890625
0 0.659375 0.972656 0.06875 0.0546875
0 0.650781 0.480469 0.0515625 0.0828125
0 0.181055 0.725781 0.0957031 0.101562
0 0.495313 0.625 0.148438 0.19375
0 0.526172 0.571094 0.0640625 0.09375
0 0.111719 0.000756836 0.173828 0.00151367
0 0.565625 0.300781 0.078125 0.123047
0 0.219922 0.323047 0.0875 0.114844
0 0.206445 0.516406 0.115234 0.15
0 0.210547 0.691406 0.0386719 0.065625
0 0.0943359 0.603906 0.0591797 0.0671875
0 0.472656 0.528223 0.870313 0.588867
0 0.676172 0.464453 0.647656 0.913281
0 0.107617 0.602344 0.0753906 0.0734375
0 0.8875 0.721484 0.0359375 0.0632813
0 0.149585 0.00078125 0.173877 0.0015625
0 0.184375 0.614062 0.251563 0.314063
0 0.0871338 0.602344 0.0706543 0.078125
0 0.0750977 0.00106201 0.150195 0.00212402
0 0.516406 0.647656 0.109375 0.248438
0 0.211523 0.703906 0.0605469 0.078125
0 0.0811523 0.000732422 0.162305 0.00146484
0 0.129688 0.00119629 0.239453 0.00239258
0 0.359766 0.383203 0.110156 0.171094
0 0.380859 0.275391 0.738281 0.550781
0 0.186719 0.000756836 0.171094 0.00151367
0 0.0624023 0.000634766 0.124805 0.00126953
0 0.0976562 0.341797 0.10957 0.0898438
0 0.179736 0.00131836 0.242871 0.00263672
0 0.551953 0.307031 0.0414063 0.0601563
0 0.528125 0.592969 0.0710938 0.160938
0 0.88125 0.724219 0.04375 0.0703125
0 0.187158 0.735938 0.118652 0.110937
0 0.460938 0.320898 0.695312 0.625391
0 0.698047 0.347852 0.0625 0.0800781
0 0.717188 0.0963135 0.0445313 0.0769043
0 0.686719 0.342187 0.0375 0.05625
0 0.223828 0.00078125 0.16875 0.0015625
0 0.22417 0.00123291 0.227441 0.00246582
0 0.313672 0.445703 0.592188 0.538281
0 0.578906 0.620703 0.214062 0.399219
0 0.509375 0.576563 0.0859375 0.0890625
0 0.530469 0.567969 0.0453125 0.0703125
0 0.0506836 0.360547 0.101172 0.346875
0 0.183594 0.525 0.090625 0.142969
0 0.215234 0.691406 0.0433594 0.0765625
0 0.95 0.867188 0.059375 0.120313
0 0.400391 0.00117188 0.233594 0.00234375
0 0.0429199 0.00137939 0.0858398 0.00275879
0 0.412402 0.000720215 0.175195 0.00144043
0 0.720313 0.0991211 0.05625 0.0927734
0 0.112305 0.355078 0.221484 0.346094
0 0.316211 0.592188 0.514453 0.410938
0 0.209375 0.682813 0.0335938 0.0554687
0 0.705469 0.460938 0.120313 0.140625
0 0.0825195 0.459766 0.15918 0.349219
0 0.390625 0.396484 0.176563 0.157031
0 0.375879 0.000683594 0.168555 0.00136719
0 0.520312 0.00144043 0.245312 0.00288086
0 0.194189 0.75 0.153027 0.16875
0 0.137891 0.577344 0.0917969 0.107031
0 0.0714844 0.360938 0.141406 0.351562
0 0.451465 0.00106201 0.233008 0.00212402
0 0.216602 0.735156 0.0988281 0.157813
0 0.452344 0.608984 0.228125 0.1875
0 0.642969 0.469531 0.071875 0.1125
0 0.165332 0.729297 0.0888672 0.100781
0 0.652344 0.190576 0.171875 0.37666
0 0.0798828 0.337305 0.0957031 0.0933594
0 0.591016 0.0363403 0.0460938 0.0642334
0 0.339453 0.00101318 0.200781 0.00202637
0 0.433594 0.426953 0.257812 0.229687
0 0.512109 0.000976562 0.175 0.00195312
0 0.310547 0.168848 0.0664062 0.128711
0 0.232813 0.336328 0.102344 0.125
0 0.0182373 0.227734 0.0355957 0.0671875
0 0.964063 0.00195312 0.071875 0.00390625
0 0.073584 0.335547 0.0694336 0.0695313
0 0.449902 0.000683594 0.175195 0.00136719
0 0.532422 0.735938 0.0960938 0.176563
0 0.890625 0.727344 0.04375 0.0664062
0 0.501563 0.758594 0.23125 0.18125
0 0.558594 0.335547 0.0796875 0.150781
0 0.0546387 0.309766 0.0985352 0.195312
0 0.641406 0.972266 0.0960938 0.0554687
0 0.0923828 0.604688 0.0847656 0.101562
0 0.39834 0.632031 0.0845703 0.125
0 0.234424 0.610938 0.361621 0.298438
0 0.153711 0.552344 0.261328 0.18125
0 0.625684 0.427344 0.54707 0.789062
0 0.217188 0.707812 0.0546875 0.09375
0 0.601562 0.0292725 0.264062 0.0585449
0 0.551562 0.775781 0.159375 0.154688
0 0.670313 0.494531 0.0421875 0.08125
0 0.218701 0.339453 0.105566 0.148438
0 0.941016 0.00134277 0.117969 0.00268555
0 0.213086 0.727734 0.0796875 0.136719
0 0.116211 0.461328 0.232422 0.334375
0 0.660937 0.970703 0.05 0.0585938
0 0.203906 0.689844 0.0476562 0.0734375
0 0.4 0.232422 0.04375 0.0578125
0 0.723437 0.0741211 0.0671875 0.126172
0 0.245117 0.341992 0.09375 0.0933594
0 0.70625 0.491406 0.114063 0.078125
0 0.576563 0.795117 0.125 0.122266
0 0.695312 0.379297 0.579688 0.758594
0 0.0645508 0.328906 0.0619141 0.0746094
0 0.549219 0.00100098 0.173438 0.00200195
0 0.0568848 0.269336 0.108301 0.158594
0 0.460156 0.446484 0.109375 0.183594
0 0.578906 0.00904541 0.273438 0.0180908
0 0.449219 0.675781 0.228906 0.207813
0 0.0584961 0.366406 0.114258 0.179688
0 0.261719 0.000720215 0.175 0.00144043
0 0.163086 0.58125 0.227734 0.246875
0 0.545703 0.965625 0.282813 0.06875
0 0.435156 0.253125 0.0484375 0.059375
0 0.542188 0.689063 0.0640625 0.0859375
0 0.100293 0.582031 0.123242 0.117188
0 0.301953 0.000842285 0.189063 0.00168457
0 0.376563 0.420703 0.273438 0.209375
0 0.589844 0.0310059 0.0390625 0.050293
0 0.666406 0.965625 0.0429688 0.0625
0 0.592969 0.0257324 0.03125 0.0370117
0 0.270703 0.339063 0.0507812 0.0542969
0 0.657031 0.476562 0.0609375 0.0992187
0 0.0962891 0.35625 0.129688 0.140625
0 0.514844 0.583594 0.0890625 0.117969
0 0.104663 0.572656 0.159033 0.18125
0 0.202734 0.327734 0.120703 0.128125
0 0.703906 0.350195 0.053125 0.0675781
0 0.445312 0.582812 0.251563 0.175
0 0.513672 0.711719 0.117969 0.125
0 0.0768555 0.00518799 0.153711 0.010376
0 0.600391 0.0401245 0.0539063 0.0738525
0 0.0727051 0.296484 0.103809 0.177344
0 0.690625 0.341211 0.0546875 0.0832031
0 0.728516 0.491406 0.0695313 0.0679687
0 0.138184 0.573047 0.183789 0.217969
0 0.152832 0.575 0.0611328 0.0828125
0 0.549219 0.619531 0.151562 0.417188
0 0.550781 0.734375 0.0679687 0.196875
0 0.25918 0.339453 0.0457031 0.0550781
0 0.363672 0.361719 0.100781 0.109375
0 0.525 0.611719 0.078125 0.217188
0 0.578125 0.0337891 0.0554687 0.0561523
0 0.359375 0.40625 0.127344 0.161719
0 0.067627 0.329688 0.0475586 0.0617188
0 0.664844 0.139258 0.153125 0.273047
0 0.61875 0.366602 0.296875 0.262109
0 0.707812 0.0888672 0.0539063 0.104688
0 0.703516 0.482812 0.121094 0.107813
0 0.495703 0.572656 0.101562 0.0875
0 0.230859 0.757422 0.0851563 0.138281
0 0.0237549 0.00159912 0.0475098 0.00319824
0 0.534375 0.699609 0.0765625 0.0898438
0 0.158789 0.566016 0.05 0.0640625
0 0.467187 0.474219 0.0890625 0.109375
0 0.409766 0.242188 0.0453125 0.0660156
0 0.454297 0.399316 0.308594 0.201367
0 0.160156 0.557813 0.071875 0.09375
0 0.484375 0.583203 0.123438 0.146875
0 0.668262 0.5875 0.663477 0.825
0 0.42334 0.689844 0.195508 0.167187
0 0.316797 0.165039 0.0789063 0.163281
0 0.446484 0.635938 0.221094 0.264062
0 0.253906 0.344141 0.059375 0.0640625
0 0.0563965 0.336719 0.0885742 0.114844
0 0.435156 0.430469 0.0835937 0.148438
0 0.605859 0.0256836 0.0445313 0.0375
0 0.582031 0.0408691 0.075 0.0743164
0 0.458203 0.717578 0.241406 0.264844
0 0.516016 0.5625 0.0882813 0.117188
0 0.303516 0.178076 0.0539063 0.0993164
0 0.971875 0.692187 0.05625 0.0859375
0 0.720313 0.468359 0.0921875 0.11875
0 0.16543 0.557813 0.0652344 0.0757812
0 0.680469 0.213281 0.146875 0.426563
0 0.662891 0.473438 0.0851563 0.115625
0 0.614844 0.042395 0.06875 0.080249
0 0.923438 0.00100098 0.153125 0.00200195
0 0.510156 0.286719 0.54375 0.557031
0 0.684375 0.341797 0.05 0.0664062
0 0.436719 0.24375 0.0546875 0.0679687
0 0.541797 0.955078 0.503906 0.0898438
0 0.982813 0.0161133 0.034375 0.0322266
0 0.0851318 0.6125 0.0937988 0.134375
0 0.212695 0.535156 0.384766 0.159375
0 0.0156006 0.219922 0.0287598 0.0617188
0 0.512891 0.0059082 0.238281 0.0118164
0 0.402344 0.375195 0.804688 0.750391
0 0.247266 0.338867 0.0359375 0.05625
0 0.434375 0.447559 0.090625 0.212695
0 0.0741211 0.354883 0.120898 0.159766
0 0.407031 0.640625 0.0867188 0.09375
0 0.273047 0.579688 0.427344 0.234375
0 0.214844 0.500781 0.101953 0.084375
0 0.535156 0.666797 0.0875 0.172656
0 0.172266 0.734375 0.119531 0.13125
0 0.578906 0.0250977 0.065625 0.0367188
0 0.262891 0.337695 0.0625 0.071875
0 0.152734 0.616797 0.191406 0.292188
0 0.561328 0.291797 0.0585938 0.0960938
0 0.538672 0.980078 0.0726563 0.0398437
0 0.875781 0.715234 0.05 0.08125
0 0.100684 0.33125 0.131055 0.121875
0 0.0744629 0.605078 0.0893555 0.0828125
0 0.184766 0.695312 0.0910156 0.0992187
0 0.227344 0.486719 0.434375 0.6125
0 0.368164 0.350977 0.0964844 0.0808594
0 0.617188 0.0594727 0.234375 0.118945
0 0.0792969 0.332422 0.0484375 0.0648438
0 0.10127 0.00568848 0.202539 0.011377
0 0.174219 0.672656 0.178516 0.232813
0 0.54375 0.682031 0.0453125 0.0539063
0 0.446875 0.242578 0.0390625 0.0457031
0 0.0587891 0.565625 0.117578 0.142188
0 0.398438 0.621094 0.224219 0.295312
0 0.689063 0.31582 0.078125 0.137891
0 0.326562 0.236523 0.628125 0.436328
0 0.242578 0.977344 0.0929688 0.0453125
0 0.561719 0.0339844 0.0859375 0.0553711
0 0.0467773 0.259375 0.0783203 0.125781
0 0.413281 0.628125 0.102344 0.134375
0 0.106934 0.603906 0.0947266 0.110937
0 0.124023 0.567969 0.130078 0.13125
0 0.611719 0.7875 0.0375 0.05
0 0.417969 0.257031 0.0484375 0.0679687
0 0.667188 0.0546021 0.13125 0.0907959
0 0.0574219 0.350781 0.104492 0.134375
0 0.263086 0.976562 0.0699219 0.046875
0 0.394141 0.623438 0.0632813 0.115625
0 0.567969 0.732813 0.140625 0.185938
0 0.721875 0.101855 0.06875 0.113086
0 0.0735229 0.608594 0.0982666 0.117188
0 0.0466797 0.246289 0.0890625 0.182422
0 0.271875 0.345313 0.0589844 0.0679687
0 0.512109 0.610156 0.101562 0.173438
0 0.247656 0.334961 0.05625 0.0863281
0 0.539844 0.707812 0.071875 0.132812
0 0.103027 0.547656 0.195898 0.1875
0 0.698438 0.101953 0.0757812 0.0929688
0 0.707812 0.102637 0.0515625 0.0703125
0 0.524219 0.455859 0.0921875 0.135156
0 0.221045 0.506641 0.111816 0.120313
0 0.274609 0.974609 0.105469 0.0507812
0 0.172461 0.539062 0.0761719 0.117188
0 0.251367 0.977734 0.0597656 0.0445313
0 0.544141 0.738672 0.0617188 0.155469
0 0.390625 0.644531 0.0828125 0.0921875
0 0.426465 0.650781 0.120508 0.13125
0 0.168262 0.712891 0.161133 0.141406
0 0.511719 0.968359 0.407813 0.0632813
0 0.629687 0.00131836 0.214844 0.00263672
0 0.900781 0.00114746 0.198437 0.00229492
0 0.404687 0.25 0.04375 0.0617188
0 0.0220703 0.399902 0.0398437 0.0876953
0 0.585938 0.000854492 0.175 0.00170898
0 0.868945 0.00109863 0.208984 0.00219727
0 0.377344 0.382422 0.15 0.130469
0 0.279687 0.336719 0.0410156 0.046875
0 0.422754 0.465234 0.27168 0.289844
0 0.579688 0.307422 0.1125 0.1375
0 0.535156 0.979688 0.0515625 0.040625
0 0.444922 0.565723 0.732031 0.624805
0 0.531934 0.426953 0.69082 0.842969
0 0.702344 0.0740234 0.065625 0.110156
0 0.478027 0.543359 0.495508 0.646094
0 0.458594 0.491797 0.860938 0.707031
0 0.550098 0.486035 0.556055 0.737305
0 0.561719 0.75625 0.146875 0.190625
0 0.19082 0.711719 0.115234 0.121875
0 0.188867 0.851953 0.232422 0.296094
0 0.195654 0.726172 0.136035 0.138281
0 0.691797 0.0730957 0.0867188 0.120215
0 0.663281 0.0733398 0.151562 0.134961
0 0.383984 0.497559 0.645312 0.65332
0 0.483691 0.757031 0.331055 0.210938
0 0.233203 0.944922 0.139844 0.110156
0 0.357422 0.600781 0.589844 0.5875
0 0.619531 0.0259277 0.0484375 0.0381836
0 0.710156 0.0776367 0.0484375 0.0976562
0 0.51875 0.4375 0.94375 0.875
0 0.628906 0.0260254 0.034375 0.0370117
0 0.667969 0.0960938 0.146094 0.186719
0 0.5625 0.292578 0.06875 0.0953125
0 0.704297 0.4625 0.133594 0.13125
0 0.0886719 0.000915527 0.177344 0.00183105
0 0.59375 0.0252441 0.028125 0.0360352
0 0.239453 0.957422 0.133984 0.0851563
0 0.18208 0.694922 0.0975586 0.107031
0 0.236328 0.925781 0.139063 0.148438
0 0.645312 0.0597168 0.192969 0.116113
0 0.0702148 0.000842285 0.14043 0.00168457
0 0.507031 0.688281 0.259375 0.33125
0 0.145313 0.288672 0.284375 0.214844
0 0.65166 0.434375 0.69668 0.865625
0 0.233594 0.964063 0.110156 0.071875
0 0.195752 0.890625 0.224902 0.21875
0 0.596875 0.45625 0.453125 0.9125
0 0.471875 0.710156 0.320312 0.246875
0 0.710938 0.0897461 0.04375 0.0775391
0 0.0894531 0.000927734 0.178906 0.00185547
0 0.440234 0.669141 0.286719 0.242969
0 0.696875 0.340234 0.053125 0.0609375
0 0.657813 0.485156 0.04375 0.0695313
0 0.0595215 0.000744629 0.119043 0.00148926
0 0.119434 0.578906 0.147461 0.111719
0 0.236719 0.975 0.0910156 0.05
0 0.212695 0.611328 0.283203 0.330469
0 0.117188 0.000976562 0.234375 0.00195312
0 0.961719 0.00179443 0.0765625 0.00358887
0 0.42334 0.973047 0.192383 0.0539063
0 0.401465 0.395313 0.781445 0.790625
0 0.0502808 0.299609 0.0953369 0.221094
0 0.480469 0.308984 0.945312 0.617969
0 0.124609 0.000878906 0.177344 0.00175781
0 0.103223 0.589063 0.151367 0.1
0 0.597656 0.0304199 0.0453125 0.0563477
0 0.607813 0.0303589 0.0617188 0.0582275
0 0.635938 0.0255371 0.0609375 0.0360352
0 0.178516 0.724219 0.105859 0.110937
0 0.619141 0.0285645 0.0640625 0.0503906
0 0.423828 0.701563 0.328125 0.196875
0 0.717969 0.0878906 0.0421875 0.0835937
0 0.0916992 0.571094 0.159961 0.129688
0 0.608594 0.0268066 0.05625 0.0444336
0 0.15293 0.560547 0.0796875 0.0882813
0 0.153711 0.553906 0.1 0.107813
0 0.249609 0.935938 0.125781 0.128125
0 0.0944336 0.595313 0.126758 0.0828125
0 0.172656 0.75625 0.167187 0.146875
0 0.13916 0.567187 0.113086 0.1125
0 0.496094 0.978125 0.18125 0.04375
0 0.255469 0.463672 0.144531 0.139844
0 0.68125 0.0829834 0.114844 0.137939
0 0.222266 0.32207 0.0882813 0.103906
0 0.152539 0.5375 0.111328 0.13125
0 0.141504 0.642969 0.200195 0.267188
0 0.716406 0.0960938 0.0546875 0.08125
0 0.542969 0.778906 0.176563 0.185938
0 0.242383 0.347656 0.1125 0.0898438
0 0.141113 0.534766 0.118945 0.161719
0 0.515625 0.974609 0.121875 0.0507812
0 0.188672 0.625781 0.214844 0.3125
0 0.418848 0.964063 0.138867 0.071875
0 0.654688 0.186328 0.175 0.372656
0 0.25625 0.601953 0.389062 0.301563
0 0.0730469 0.5625 0.146094 0.152344
0 0.554297 0.678125 0.178906 0.304688
0 0.35 0.4125 0.120313 0.154688
0 0.617188 0.376563 0.328125 0.289844
0 0.458203 0.771484 0.257031 0.200781
0 0.367578 0.000952148 0.240625 0.0019043
0 0.542969 0.680859 0.0648438 0.0851563
0 0.939453 0.00133057 0.121094 0.00266113
0 0.15957 0.549219 0.0707031 0.0953125
0 0.595703 0.026709 0.0351562 0.0428711
0 0.123438 0.535937 0.143359 0.195312
0 0.18042 0.736719 0.136035 0.120313
0 0.219971 0.865234 0.224902 0.269531
0 0.982813 0.010791 0.034375 0.021582
0 0.119434 0.591406 0.100195 0.0921875
0 0.715234 0.102051 0.040625 0.0583984
0 0.235156 0.341406 0.119531 0.117188
0 0.538672 0.977344 0.0609375 0.0453125
0 0.350195 0.417578 0.335547 0.169531
0 0.573438 0.799219 0.14375 0.115625
0 0.523828 0.00107422 0.249219 0.00214844
0 0.362109 0.000830078 0.176563 0.00166016
0 0.178467 0.78125 0.204785 0.198437
0 0.602344 0.231836 0.342187 0.439453
0 0.698438 0.3375 0.0625 0.08125
0 0.15957 0.55625 0.0550781 0.0765625
0 0.460938 0.454785 0.7375 0.787305
0 0.419922 0.529785 0.657031 0.60293
0 0.539844 0.677344 0.154688 0.298438
0 0.5875 0.452734 0.825 0.872656
0 0.701172 0.071875 0.0664062 0.114844
0 0.21875 0.604688 0.228906 0.298438
0 0.059668 0.275391 0.119336 0.190625
0 0.39541 0.624609 0.595117 0.388281
0 0.262695 0.611719 0.300391 0.309375
0 0.183936 0.701172 0.0969727 0.0945313
0 0.692969 0.0729492 0.090625 0.131445
0 0.558594 0.289453 0.0726563 0.0964844
0 0.939063 0.832812 0.0296875 0.05
0 0.0419922 0.274023 0.0828125 0.182422
0 0.564844 0.739844 0.138281 0.182812
0 0.399902 0.405859 0.204883 0.205469
0 0.0859375 0.287109 0.171875 0.214844
0 0.185742 0.71875 0.1 0.0882813
0 0.0508301 0.299023 0.0946289 0.216016
0 0.553027 0.524219 0.768945 0.621875
0 0.176758 0.609766 0.158594 0.291406
0 0.131445 0.284766 0.262891 0.213281
0 0.560156 0.303711 0.0703125 0.0675781
0 0.517188 0.671875 0.110937 0.28125
0 0.942187 0.832812 0.040625 0.053125
0 0.195508 0.726953 0.126563 0.130469
0 0.638281 0.173438 0.19375 0.332813
0 0.659375 0.483203 0.040625 0.0679687
0 0.707031 0.0761719 0.0507812 0.1
0 0.496094 0.677344 0.164062 0.301563
0 0.0374023 0.265039 0.0679687 0.148828
0 0.698438 0.339453 0.05625 0.0648438
0 0.600781 0.164258 0.275 0.323047
0 0.632031 0.371289 0.2625 0.300391
0 0.419922 0.648828 0.322656 0.248438
0 0.0364746 0.239453 0.0662109 0.110937
0 0.562109 0.644141 0.186719 0.342969
0 0.453027 0.670703 0.251758 0.292969
0 0.33418 0.629297 0.450391 0.357031
0 0.535547 0.565625 0.0367188 0.059375
0 0.177344 0.530859 0.0859375 0.124219
0 0.175781 0.714063 0.0777344 0.0671875
0 0.530469 0.570312 0.0476562 0.0679687
0 0.218945 0.318359 0.0792969 0.08125
0 0.664844 0.488281 0.0296875 0.0609375
0 0.19082 0.525391 0.09375 0.127344
0 0.614453 0.11543 0.244531 0.215234
0 0.0662109 0.307031 0.131641 0.249219
0 0.557813 0.699609 0.145313 0.261719
0 0.467969 0.647656 0.2125 0.239063
0 0.518652 0.361328 0.67207 0.7
0 0.0282104 0.230859 0.0490479 0.100781
0 0.680469 0.186523 0.145313 0.364453
0 0.548047 0.511035 0.264844 0.395117
0 0.541016 0.725781 0.0679687 0.1625
0 0.387891 0.277539 0.747656 0.555078
0 0.682813 0.0951172 0.110937 0.175391
0 0.515625 0.628906 0.109375 0.195312
0 0.210205 0.545313 0.189746 0.176563
0 0.525 0.573438 0.0671875 0.08125
0 0.370703 0.399219 0.149219 0.1875
0 0.885156 0.733984 0.03125 0.0445313
0 0.114258 0.587891 0.141016 0.090625
0 0.54375 0.748828 0.115625 0.188281
0 0.342578 0.400879 0.108594 0.16543
0 0.153906 0.561719 0.0734375 0.08125
0 0.137793 0.582812 0.0888672 0.0921875
0 0.0974854 0.3375 0.193701 0.323438
0 0.558984 0.115332 0.367969 0.215039
0 0.138379 0.607031 0.20957 0.298438
0 0.134863 0.34375 0.269727 0.338281
0 0.455469 0.400391 0.309375 0.208594
0 0.149609 0.571094 0.0679687 0.0710938
0 0.206641 0.692187 0.0398437 0.071875
0 0.022998 0.219531 0.0368164 0.0707031
0 0.688281 0.3375 0.040625 0.059375
0 0.169922 0.539453 0.183594 0.167969
0 0.580078 0.609375 0.221875 0.392188
0 0.0344238 0.228125 0.062207 0.0820312
0 0.61875 0.336914 0.229687 0.241797
0 0.386328 0.248828 0.0625 0.139063
0 0.662109 0.0800781 0.142969 0.141992
0 0.154883 0.715625 0.034375 0.05625
0 0.704688 0.344336 0.0484375 0.0582031
0 0.121582 0.591797 0.0951172 0.0796875
0 0.657813 0.116602 0.153125 0.215234
0 0.45625 0.42959 0.18125 0.193945
0 0.678125 0.0713867 0.114063 0.118945
0 0.653516 0.478906 0.0476562 0.065625
0 0.623047 0.0800781 0.227344 0.137109
0 0.057605 0.284766 0.0953369 0.154688
0 0.702734 0.4625 0.134375 0.13125
0 0.469141 0.460156 0.167969 0.23125
0 0.716406 0.189063 0.2125 0.378125
0 0.132007 0.582031 0.124268 0.096875
0 0.453906 0.445703 0.115625 0.133594
0 0.801562 0.575 0.0328125 0.0640625
0 0.711719 0.0885742 0.0390625 0.0787109
0 0.410547 0.447656 0.226562 0.284375
0 0.166406 0.540625 0.0742188 0.10625
0 0.535937 0.467871 0.285938 0.295508
0 0.313672 0.471875 0.608594 0.628125
0 0.490234 0.472656 0.178906 0.284375
0 0.178076 0.527344 0.236816 0.15625
0 0.795313 0.586719 0.03125 0.0546875
0 0.716797 0.0924072 0.0304688 0.069873
0 0.633594 0.0614746 0.209375 0.116113
0 0.152539 0.56875 0.084375 0.103125
0 0.797656 0.58125 0.0328125 0.0710938
0 0.211719 0.683594 0.0308594 0.0578125
0 0.658594 0.484375 0.075 0.0765625
0 0.662988 0.433203 0.674023 0.857031
0 0.79375 0.340234 0.0265625 0.0453125
0 0.525 0.274805 0.840625 0.526953
0 0.541406 0.755469 0.06875 0.140625
0 0.159277 0.55625 0.0576172 0.084375
0 0.88125 0.717969 0.0375 0.065625
0 0.473047 0.512891 0.172656 0.311719
0 0.8875 0.726562 0.034375 0.05625
0 0.586719 0.676562 0.225 0.295312
0 0.542969 0.707812 0.0609375 0.11875
0 0.539453 0.397266 0.30625 0.227344
0 0.205469 0.514844 0.0992187 0.105469
0 0.446875 0.325781 0.89375 0.651563
0 0.417969 0.405078 0.835938 0.810156
0 0.695703 0.318945 0.0734375 0.115234
0 0.410254 0.360547 0.226367 0.275
0 0.716016 0.104297 0.0296875 0.05
0 0.21543 0.517188 0.123047 0.140625
0 0.390723 0.240039 0.0513672 0.118359
0 0.156445 0.719141 0.0488281 0.0695313
0 0.692187 0.331641 0.0515625 0.0707031
0 0.467969 0.469531 0.0796875 0.0703125
0 0.267773 0.341602 0.05 0.0519531
0 0.667969 0.492188 0.0421875 0.0617188
0 0.251953 0.336719 0.0515625 0.0546875
0 0.946875 0.842188 0.05 0.0734375
0 0.461328 0.363672 0.324219 0.228906
0 0.582812 0.708594 0.167187 0.239063
0 0.327148 0.529785 0.481641 0.54043
0 0.0761475 0.601562 0.0723145 0.065625
0 0.0540039 0.567187 0.104883 0.13125
0 0.446484 0.73125 0.263281 0.178125
0 0.668359 0.152539 0.13125 0.295703
0 0.441406 0.480859 0.232031 0.320312
0 0.715234 0.0802734 0.0414063 0.0935547
0 0.502344 0.405371 0.214062 0.223633
0 0.4625 0.460156 0.096875 0.0992187
0 0.811719 0.591406 0.0640625 0.103125
0 0.226562 0.327344 0.0773438 0.06875
0 0.368945 0.651563 0.321484 0.279687
0 0.0543945 0.351562 0.108789 0.1375
0 0.539062 0.569141 0.05 0.0765625
0 0.803906 0.560938 0.025 0.0421875
0 0.512109 0.599219 0.0945313 0.142969
0 0.117773 0.546875 0.206641 0.185938
0 0.546094 0.681641 0.0453125 0.0539063
0 0.198437 0.5375 0.117188 0.175
0 0.647656 0.464063 0.075 0.109375
0 0.950781 0.853125 0.06875 0.103125
0 0.423828 0.699219 0.308594 0.171875
0 0.233008 0.521875 0.218359 0.1375
0 0.0914062 0.602344 0.0576172 0.0609375
0 0.554688 0.370313 0.353125 0.247656
0 0.415234 0.168164 0.2875 0.272266
0 0.669531 0.461719 0.115625 0.128125
0 0.794531 0.59375 0.028125 0.046875
0 0.527344 0.733594 0.096875 0.182812
0 0.369336 0.587109 0.615234 0.514844
0 0.410938 0.555859 0.80625 0.600781
0 0.462598 0.683594 0.231055 0.326562
0 0.508691 0.435156 0.785742 0.851562
0 0.536719 0.68125 0.151562 0.301563
0 0.703906 0.0733887 0.0609375 0.128223
0 0.525781 0.578125 0.065625 0.0945313
0 0.0385254 0.255664 0.0674805 0.126172
0 0.675781 0.0699219 0.122656 0.127734
0 0.18833 0.846094 0.236621 0.307813
0 0.637891 0.440625 0.724219 0.865625
0 0.567969 0.746875 0.125 0.179688
0 0.504297 0.682422 0.15 0.307031
0 0.0407227 0.285742 0.0744141 0.188672
0 0.578809 0.546094 0.79082 0.603125
0 0.541406 0.724609 0.0671875 0.157031
0 0.529688 0.570703 0.05 0.075
0 0.24082 0.596094 0.322266 0.371875
0 0.453125 0.674219 0.357812 0.35625
0 0.324609 0.616016 0.483594 0.435156
0 0.65 0.19375 0.184375 0.3875
0 0.338281 0.659375 0.530469 0.579688
0 0.624609 0.369336 0.288281 0.326172
0 0.338477 0.423438 0.383203 0.203906
0 0.0461914 0.301563 0.0919922 0.226562
0 0.193164 0.730859 0.121875 0.121094
0 0.5125 0.591406 0.0875 0.11875
0 0.656641 0.48125 0.0476562 0.0742188
0 0.560547 0.295312 0.065625 0.0898438
0 0.696875 0.338281 0.05625 0.0710938
0 0.939063 0.834375 0.028125 0.053125
0 0.469434 0.602344 0.551758 0.492188
0 0.533594 0.566406 0.0398437 0.0640625
0 0.156641 0.458984 0.307813 0.317969
0 0.0551758 0.261719 0.104883 0.142969
0 0.564453 0.696094 0.130469 0.275
0 0.164551 0.825 0.18418 0.273438
0 0.439063 0.650781 0.264062 0.295312
0 0.548438 0.510547 0.267188 0.430469
0 0.15791 0.599609 0.30332 0.341406
0 0.212695 0.515234 0.356641 0.258594
0 0.0787109 0.296094 0.153906 0.207031
0 0.698047 0.205664 0.182031 0.411328
0 0.385254 0.389844 0.74043 0.675
0 0.22168 0.667969 0.377734 0.664062
0 0.366211 0.787305 0.591797 0.425391
0 0.470313 0.529297 0.1875 0.444531
0 0.0401367 0.25332 0.0671875 0.0914062
0 0.672656 0.348438 0.654688 0.688281
0 0.660937 0.0931885 0.15 0.17417
0 0.563281 0.628516 0.195312 0.388281
0 0.65 0.0643555 0.176563 0.12793
0 0.231641 0.850195 0.196094 0.299609
0 0.6625 0.484375 0.034375 0.0703125
0 0.625 0.17041 0.235938 0.337305
0 0.192139 0.571094 0.340723 0.307813
0 0.467969 0.465723 0.196094 0.338867
0 0.455469 0.442285 0.110937 0.149805
0 0.560938 0.303125 0.0578125 0.0664062
0 0.444629 0.439844 0.237305 0.285156
0 0.685938 0.337109 0.0375 0.0640625
0 0.936719 0.834375 0.0390625 0.059375
0 0.66875 0.17168 0.140625 0.339453
0 0.5125 0.629687 0.1125 0.196875
0 0.710938 0.0758789 0.0421875 0.108789
0 0.363281 0.596094 0.358594 0.389062
0 0.0548828 0.574609 0.103906 0.127344
0 0.282422 0.750391 0.414062 0.499219
0 0.0736816 0.269531 0.141699 0.155469
0 0.183398 0.799219 0.187109 0.217188
0 0.411816 0.623438 0.318555 0.35625
0 0.111914 0.350391 0.223828 0.315625
0 0.187695 0.732031 0.102344 0.0984375
0 0.530078 0.733203 0.0851563 0.169531
0 0.585547 0.671875 0.228125 0.317188
0 0.073291 0.374609 0.141699 0.363281
0 0.539844 0.638281 0.135937 0.329688
0 0.399902 0.757812 0.0845703 0.0875
0 0.60625 0.0259277 0.04375 0.0384766
0 0.0512695 0.386719 0.102539 0.39375
0 0.143945 0.294922 0.287891 0.20625
0 0.522656 0.608594 0.08125 0.159375
0 0.157324 0.328711 0.314648 0.248047
0 0.657813 0.485156 0.0671875 0.0796875
0 0.313867 0.483496 0.589453 0.52832
0 0.477344 0.436816 0.117188 0.141992
0 0.183789 0.722266 0.0890625 0.0695313
0 0.198779 0.75 0.271973 0.496875
0 0.488281 0.307031 0.860938 0.583594
0 0.688672 0.460938 0.147656 0.134375
0 0.298047 0.571875 0.382031 0.392188
0 0.16748 0.870508 0.218945 0.249609
0 0.0353027 0.237891 0.0608398 0.115625
0 0.090918 0.00137939 0.157031 0.00275879
0 0.545215 0.202783 0.65332 0.390527
0 0.133008 0.675 0.230859 0.45625
0 0.706641 0.0847656 0.05625 0.0966797
0 0.19375 0.515625 0.364063 0.55625
0 0.541797 0.702344 0.0617188 0.110937
0 0.321875 0.825 0.49375 0.35
0 0.203467 0.742969 0.154004 0.125
0 0.466406 0.458594 0.0859375 0.114063
0 0.620313 0.0266602 0.0421875 0.0394531
0 0.421875 0.37832 0.84375 0.756641
0 0.754687 0.774805 0.0875 0.112891
0 0.419531 0.964063 0.0921875 0.071875
0 0.127515 0.00129395 0.155127 0.00258789
0 0.241064 0.485938 0.350684 0.26875
0 0.594141 0.0257324 0.0257812 0.0375977
0 0.898438 0.571484 0.05 0.0742188
0 0.580078 0.368945 0.277344 0.289453
0 0.531641 0.685547 0.291406 0.322656
0 0.0341797 0.264062 0.0683594 0.180078
0 0.21582 0.808008 0.185547 0.233984
0 0.729297 0.208594 0.271094 0.417188
0 0.490625 0.632031 0.148438 0.205469
0 0.545313 0.245703 0.767188 0.477344
0 0.0432617 0.573438 0.0761719 0.135937
0 0.398438 0.755469 0.0710938 0.0640625
0 0.0297852 0.261719 0.0527344 0.141406
0 0.700781 0.489844 0.117188 0.0734375
0 0.592188 0.19043 0.401563 0.357422
0 0.945312 0.832812 0.0390625 0.05
0 0.261523 0.523535 0.378516 0.306055
0 0.225391 0.960156 0.0867188 0.0796875
0 0.532813 0.596094 0.0703125 0.133594
0 0.461719 0.6375 0.20625 0.229687
0 0.572656 0.771094 0.132812 0.14375
0 0.463281 0.401172 0.201563 0.226562
0 0.535937 0.580469 0.0609375 0.10625
0 0.172852 0.526563 0.34375 0.21875
0 0.467969 0.469141 0.0765625 0.0757812
0 0.0615234 0.299805 0.0996094 0.170703
0 0.559375 0.327344 0.0734375 0.128125
0 0.94375 0.834375 0.05 0.0625
0 0.551562 0.305469 0.0382813 0.05625
0 0.0810547 0.572656 0.157813 0.128125
0 0.632812 0.02677 0.0242188 0.0384521
0 0.233008 0.939063 0.135547 0.121875
0 0.111719 0.576563 0.207031 0.270313
0 0.555469 0.759766 0.15625 0.211719
0 0.170801 0.770312 0.164648 0.15625
0 0.414062 0.426172 0.277344 0.232031
0 0.545313 0.7625 0.059375 0.125
0 0.369531 0.570312 0.628125 0.551562
0 0.408691 0.472266 0.65293 0.746094
0 0.490527 0.45 0.751758 0.89375
0 0.454688 0.585254 0.439063 0.520117
0 0.667578 0.0642578 0.141406 0.125
0 0.635156 0.454688 0.729688 0.909375
0 0.700781 0.067627 0.0734375 0.124902
0 0.185352 0.698438 0.1 0.09375
0 0.037207 0.243945 0.0708984 0.108203
0 0.299023 0.512109 0.585547 0.688281
0 0.368359 0.686719 0.602344 0.626563
0 0.0355957 0.228711 0.0645508 0.0839844
0 0.0591797 0.254492 0.118359 0.138672
0 0.174414 0.83125 0.225391 0.332813
0 0.396875 0.472656 0.79375 0.945312
0 0.0436035 0.252734 0.087207 0.130859
0 0.636328 0.0853271 0.208594 0.165283
0 0.938281 0.832812 0.03125 0.0515625
0 0.0413086 0.284766 0.0826172 0.196875
0 0.0831055 0.280469 0.166211 0.189063
0 0.704688 0.4875 0.110937 0.071875
0 0.549219 0.478516 0.26875 0.335938
0 0.657031 0.113281 0.16875 0.219531
0 0.181836 0.721875 0.0910156 0.0828125
0 0.0552734 0.302344 0.110547 0.228125
0 0.707812 0.0725586 0.0515625 0.110742
0 0.187939 0.716016 0.106934 0.102344
0 0.683594 0.0737305 0.104688 0.125195
0 0.0349365 0.261719 0.069873 0.150781
0 0.484766 0.680469 0.297656 0.348438
0 0.0315918 0.218555 0.0552734 0.0605469
0 0.150195 0.607031 0.257812 0.785937
0 0.944531 0.828125 0.040625 0.046875
0 0.621094 0.12334 0.245312 0.240039
0 0.149414 0.287109 0.298828 0.202344
0 0.530859 0.674609 0.215625 0.338281
0 0.557813 0.489453 0.648438 0.694531
0 0.0770508 0.332227 0.154102 0.285547
0 0.159863 0.789062 0.194336 0.25625
0 0.675391 0.0493164 0.1125 0.0908203
0 0.653125 0.476562 0.053125 0.0734375
0 0.0278809 0.211133 0.0452148 0.0441406
0 0.176758 0.705859 0.0847656 0.075
0 0.699219 0.471875 0.128125 0.107813
0 0.061377 0.371094 0.122754 0.364844
0 0.939063 0.835938 0.040625 0.059375
0 0.687891 0.481641 0.136719 0.0828125
0 0.265039 0.5875 0.504297 0.825
0 0.408594 0.343164 0.789062 0.686328
0 0.165234 0.712109 0.0582031 0.0601563
0 0.178516 0.588281 0.332031 0.823438
0 0.615625 0.0255859 0.053125 0.0375
0 0.653125 0.155273 0.179688 0.310547
0 0.702734 0.0470215 0.05625 0.0813477
0 0.0233643 0.219141 0.0409668 0.0609375
0 0.535547 0.572266 0.325781 0.524219
0 0.564453 0.739844 0.141406 0.173438
0 0.256445 0.607715 0.391016 0.78457
0 0.605469 0.0250488 0.0453125 0.0366211
0 0.362891 0.808594 0.585156 0.382812
0 0.112305 0.304297 0.224609 0.23125
0 0.175977 0.688281 0.234766 0.623438
0 0.206641 0.688672 0.0445313 0.0710938
0 0.629687 0.0256958 0.03125 0.036499
0 0.0451172 0.339844 0.0902344 0.307813
0 0.269531 0.575391 0.340625 0.375781
0 0.151172 0.456348 0.302344 0.354492
0 0.207813 0.461328 0.395313 0.555469
0 0.568359 0.09729 0.352344 0.189795
0 0.552344 0.642578 0.23125 0.369531
0 0.0208496 0.207813 0.0308594 0.0449219
0 0.946875 0.834375 0.053125 0.0625
0 0.11416 0.391406 0.218555 0.407813
0 0.710938 0.492188 0.0953125 0.0554687
0 0.590234 0.198633 0.535156 0.397266
0 0.623047 0.179492 0.272656 0.357422
0 0.22168 0.703125 0.316016 0.59375
0 0.951563 0.826563 0.0515625 0.05
0 0.582812 0.073291 0.314063 0.139551
0 0.661328 0.482031 0.0367188 0.0664062
0 0.210547 0.678125 0.0300781 0.0484375
0 0.114746 0.000402832 0.158789 0.000805664
0 0.418359 0.590625 0.303906 0.370313
0 0.153613 0.621094 0.274414 0.434375
0 0.15752 0.750391 0.188086 0.174219
0 0.688281 0.459375 0.150781 0.132812
0 0.0563477 0.281641 0.106641 0.153906
0 0.6875 0.0441895 0.0859375 0.0772461
0 0.657031 0.480859 0.0796875 0.084375
0 0.194092 0.731641 0.15166 0.133594
0 0.152637 0.000244141 0.158008 0.000488281
0 0.661328 0.0436035 0.104688 0.0819336
0 0.953125 0.85625 0.075 0.109375
0 0.0790039 0.000463867 0.158008 0.000927734
0 0.6625 0.485156 0.0484375 0.071875
0 0.190039 0.000195313 0.157813 0.000390625
0 0.617969 0.030957 0.0671875 0.0575195
0 0.320117 0.382812 0.617578 0.408594
0 0.123535 0.574219 0.227539 0.851562
0 0.365625 0.580859 0.353125 0.407031
0 0.611719 0.107422 0.335938 0.214844
0 0.582031 0.131641 0.315625 0.263281
0 0.638672 0.0254028 0.0382813 0.0357178
0 0.21167 0.959375 0.0891602 0.08125
0 0.472656 0.231641 0.6 0.463281
0 0.368359 0.75625 0.071875 0.0625
0 0.635547 0.452344 0.0945313 0.128125
0 0.365234 0.954688 0.123438 0.090625
0 0.349219 0.423828 0.379688 0.220313
0 0.576172 0.799219 0.136719 0.096875
0 0.593359 0.0249023 0.0257812 0.0356445
0 0.216602 0.834375 0.272656 0.328125
0 0.226367 2.44141e-05 0.151172 4.88281e-05
0 0.142773 0.421484 0.269922 0.466406
0 0.155859 0.714453 0.0390625 0.05625
0 0.115625 0.503516 0.21875 0.627344
0 0.392578 0.24375 0.0609375 0.128125
0 0.201611 0.953125 0.0624023 0.08125
0 0.275195 0.82793 0.411328 0.344141
0 0.216602 0.9375 0.115625 0.117188
0 0.693359 0.334375 0.053125 0.0679687
0 0.645312 0.471484 0.0773438 0.0875
0 0.577734 0.000415039 0.15625 0.000830078
0 0.0821289 0.329297 0.0535156 0.0585938
0 0.428027 0 0.150195 0
0 0.19707 0.945312 0.0453125 0.0703125
0 0.442578 0.417578 0.313281 0.236719
0 0.605078 0.0321289 0.0585938 0.0614258
0 0.0486206 0.249023 0.0642822 0.0859375
0 0.959766 0.9 0.0804688 0.2
0 0.390625 0 0.149219 0
0 0.98125 0.680859 0.0359375 0.0484375
0 0.166211 0.720313 0.0746094 0.0921875
0 0.515625 0.000585938 0.146094 0.00117188
0 0.0773682 0.325781 0.0382324 0.0476562
0 0.187549 0.589844 0.29209 0.414062
0 0.465625 4.88281e-05 0.15 9.76563e-05
0 0.711719 0.0806641 0.0414063 0.0914062
0 0.419434 0.963281 0.126758 0.0734375
0 0.373828 0.582031 0.640625 0.567187
0 0.659375 0.0665039 0.145313 0.133008
0 0.459473 0.539453 0.541992 0.633594
0 0.465527 0.453125 0.754883 0.90625
0 0.702734 0.0666992 0.0710938 0.133398
0 0.705859 0.4875 0.110156 0.075
0 0.942187 0.834375 0.0390625 0.0609375
0 0.0364746 0.251758 0.0713867 0.126172
0 0.356445 0.498437 0.712891 0.671875
0 0.0405762 0.262109 0.0811523 0.160156
0 0.606934 0.456641 0.776758 0.913281
0 0.142578 0.574219 0.09375 0.109375
0 0.708594 0.0713867 0.0539063 0.118164
0 0.684375 0.0681641 0.103906 0.136328
0 0.657813 0.478516 0.0515625 0.084375
0 0.0352051 0.233008 0.0655273 0.0957031
0 0.201611 0.516406 0.115527 0.127344
0 0.131641 0.585547 0.0988281 0.110937
0 0.053418 0.279492 0.106836 0.191016
0 0.544922 0.683594 0.164062 0.373437
0 0.154102 0.559375 0.0921875 0.110937
0 0.5625 0.293359 0.0734375 0.0976562
0 0.945312 0.839063 0.05 0.078125
0 0.203467 0.0012207 0.168848 0.00244141
0 0.12793 0.00123291 0.165625 0.00246582
0 0.941406 0.832812 0.03125 0.053125
0 0.41875 0.416797 0.232031 0.199219
0 0.188672 0.544922 0.181641 0.199219
0 0.166406 0.00117188 0.170313 0.00234375
0 0.613281 0.0371582 0.06875 0.0735352
0 0.0911133 0.00129395 0.168555 0.00258789
0 0.692187 0.337891 0.0492188 0.0679687
0 0.0345703 0.278125 0.0691406 0.197656
0 0.0375977 0.288672 0.0751953 0.222656
0 0.0791016 0.283984 0.158203 0.203906
0 0.514844 0.578906 0.360938 0.539062
0 0.141992 0.286914 0.283984 0.207422
0 0.625 0.0289063 0.0609375 0.0487305
0 0.226758 0.544531 0.267578 0.196875
0 0.238672 0.000817871 0.160938 0.00163574
0 0.403027 0.000891113 0.167383 0.00178223
0 0.608203 0.0253906 0.0492188 0.0375
0 0.308984 0.599219 0.461719 0.421875
0 0.0692383 0.00113525 0.138477 0.00227051
0 0.671094 0.048584 0.117188 0.097168
0 0.690625 0.482812 0.135937 0.0828125
0 0.410059 0.342383 0.729883 0.684766
0 0.607813 0.0313599 0.05625 0.0544678
0 0.366211 0.000976562 0.168359 0.00195312
0 0.510938 0.683984 0.210938 0.386719
0 0.439844 0.000854492 0.164844 0.00170898
0 0.611719 0.0638672 0.245312 0.127734
0 0.540625 0.366992 0.715625 0.733984
0 0.951563 0.854688 0.0671875 0.109375
0 0.565625 0.307031 0.065625 0.075
0 0.643262 0.339844 0.713477 0.679688
0 0.670313 0.958203 0.128125 0.0835937
0 0.56875 0.763672 0.11875 0.189844
0 0.21792 0.632031 0.268066 0.398438
0 0.597656 0.0351562 0.0453125 0.0679687
0 0.558594 0.522656 0.240625 0.379688
0 0.136426 0.544531 0.15293 0.196875
0 0.118555 0.521875 0.237109 0.671875
0 0.119531 0.596094 0.0925781 0.104688
0 0.685547 0.336914 0.0375 0.0636719
0 0.628125 0.0255005 0.040625 0.0366943
0 0.210156 0.00145264 0.266406 0.00290527
0 0.658984 0.959375 0.0929688 0.08125
0 0.0711914 0.360352 0.142383 0.350391
0 0.63125 0.380371 0.260938 0.287695
0 0.456641 0.407813 0.297656 0.196875
0 0.0491211 0.367188 0.0982422 0.365625
0 0.710938 0.492969 0.1 0.0578125
0 0.180518 0.525 0.103027 0.128125
0 0.623828 0.0424805 0.0914062 0.0849609
0 0.032373 0.221875 0.0583008 0.0746094
0 0.638281 0.0729004 0.192969 0.145801
0 0.715625 0.0966797 0.0484375 0.0722656
0 0.71875 0.0980469 0.0625 0.0957031
0 0.478125 0.00109863 0.16875 0.00219727
0 0.148145 0.00131836 0.263086 0.00263672
0 0.0456055 0.301953 0.0912109 0.228906
0 0.150879 0.574219 0.0748047 0.084375
0 0.194727 0.519531 0.0890625 0.115625
0 0.458496 0.432715 0.206445 0.245508
0 0.664453 0.485156 0.0359375 0.071875
0 0.650781 0.470703 0.0539063 0.0921875
0 0.329297 0.00078125 0.164062 0.0015625
0 0.516406 0.00157471 0.167187 0.00314941
0 0.461816 0.69375 0.241992 0.379688
0 0.261328 0.00107422 0.259375 0.00214844
0 0.696875 0.343359 0.0632813 0.0851563
0 0.9375 0.839063 0.05 0.06875
0 0.594531 0.0253418 0.0296875 0.0364258
0 0.645703 0.140039 0.185156 0.280078
0 0.598437 0.0294067 0.040625 0.049585
0 0.505469 0.671094 0.15625 0.41875
0 0.108203 0.00124512 0.216406 0.00249023
0 0.10293 0.457129 0.203906 0.545117
0 0.593359 0.377344 0.183594 0.286719
0 0.0363037 0.249414 0.0726074 0.2125
0 0.213477 0.513379 0.348047 0.607617
0 0.435547 0.00115967 0.261719 0.00231934
0 0.217188 0.969531 0.116406 0.0609375
0 0.375098 0.406152 0.15293 0.17832
0 0.225391 0.975 0.0898438 0.05
0 0.602734 0.0387207 0.05625 0.0774414
0 0.669531 0.491406 0.0421875 0.078125
0 0.65 0.0426758 0.135937 0.0837891
0 0.257227 0.975 0.0957031 0.05
0 0.434473 0.585156 0.25918 0.360938
0 0.572656 0.64375 0.220313 0.38125
0 0.0796875 0.451172 0.157422 0.382031
0 0.553516 0.00107422 0.166406 0.00214844
0 0.642188 0.0322754 0.0609375 0.0553711
0 0.0760742 0.599219 0.0708984 0.0734375
0 0.113062 0.557031 0.157471 0.184375
0 0.602344 0.000878906 0.165625 0.00175781
0 0.575 0.799219 0.127344 0.096875
0 0.641016 0.0254883 0.05 0.0365234
0 0.329297 0.412109 0.658594 0.482812
0 0.385059 0.00126953 0.262695 0.00253906
0 0.425391 0.454785 0.274219 0.27168
0 0.142578 0.362109 0.285156 0.353906
0 0.384473 0.435156 0.22793 0.235156
0 0.651563 0.473438 0.071875 0.103125
0 0.951563 0.833594 0.05 0.065625
0 0.193311 0.608984 0.222754 0.33125
0 0.276758 0.611719 0.396484 0.329688
0 0.521875 0.640625 0.122656 0.460938
0 0.0544922 0.246533 0.108984 0.149121
0 0.266406 0.969922 0.124219 0.0601563
0 0.166211 0.5375 0.0914062 0.11875
0 0.605469 0.103516 0.285938 0.207031
0 0.221875 0.427441 0.439063 0.498242
0 0.138281 0.430859 0.265625 0.496094
0 0.65625 0.0410278 0.08125 0.0730225
0 0.711719 0.0857422 0.046875 0.0871094
0 0.277734 0.000671387 0.170313 0.00134277
0 0.437109 0.248047 0.619531 0.496094
0 0.136157 0.568359 0.175342 0.228906
0 0.0710938 0.599219 0.0876953 0.090625
0 0.195264 0.951953 0.144629 0.0960938
0 0.11748 0.598047 0.0763672 0.08125
0 0.166602 0.577344 0.198828 0.2625
0 0.358984 0.707031 0.592969 0.585938
0 0.564844 0.769531 0.146875 0.145313
0 0.089624 0.601562 0.064502 0.0703125
0 0.278906 0.570312 0.414062 0.234375
0 0.105273 0.580078 0.210547 0.817969
0 0.714063 0.100366 0.0875 0.110205
0 0.16582 0.5125 0.300391 0.65625
0 0.212158 0.521094 0.212402 0.170313
0 0.102734 0.602344 0.0626953 0.0703125
0 0.609375 0.168262 0.265625 0.336523
0 0.217627 0.509375 0.121777 0.110937
0 0.703906 0.0560547 0.05625 0.107227
0 0.576953 0.196875 0.592969 0.39375
0 0.485938 0.00111084 0.257031 0.00222168
0 0.959375 0.899609 0.078125 0.200781
0 0.639844 0.00102539 0.170313 0.00205078
0 0.637891 0.45625 0.084375 0.126563
0 0.352344 0.398438 0.124219 0.178906
0 0.204736 0.935156 0.147559 0.129688
0 0.204736 0.964844 0.151465 0.0703125
0 0.213086 0.957812 0.123047 0.084375
0 0.269531 0.530469 0.332031 0.166406
0 0.553125 0.307031 0.0484375 0.0679687
0 0.0958984 0.541797 0.159375 0.199219
0 0.535156 0.00158691 0.264062 0.00317383
0 0.109082 0.604688 0.0878906 0.104688
0 0.0261597 0.211914 0.0459229 0.0574219
0 0.11521 0.489844 0.0867676 0.109375
0 0.120801 0.458594 0.214258 0.350781
0 0.170898 0.600781 0.256641 0.407813
0 0.146484 0.586719 0.114453 0.151562
0 0.65625 0.0930664 0.157813 0.186133
0 0.609766 0.0487305 0.0757812 0.0974609
0 0.421484 0.560254 0.842969 0.57793
0 0.683203 0.0705566 0.157031 0.141113
0 0.047168 0.250781 0.0679687 0.104688
0 0.68125 0.332422 0.03125 0.0648438
0 0.935938 0.0010498 0.128125 0.00209961
0 0.546094 0.760156 0.153125 0.220313
0 0.247656 0.510938 0.258594 0.16875
0 0.163477 0.639063 0.210547 0.395313
0 0.696875 0.094043 0.0796875 0.0994141
0 0.121973 0.496777 0.177148 0.27832
0 0.55625 0.307227 0.0734375 0.0878906
0 0.0230225 0.225195 0.0455566 0.0773438
0 0.136133 0.601562 0.11875 0.154688
0 0.278516 0.960156 0.124219 0.0796875
0 0.162109 0.5125 0.244531 0.245312
0 0.978906 0.685156 0.0421875 0.059375
0 0.0365723 0.227148 0.0731445 0.405078
0 0.675781 0.000769043 0.1625 0.00153809
0 0.653906 0.0255371 0.0914062 0.0375
0 0.114258 0.592188 0.128516 0.0890625
0 0.024585 0.266455 0.0491699 0.192871
0 0.180273 0.528516 0.0703125 0.117188
0 0.671484 0.507812 0.0445313 0.116406
0 0.342187 0.424121 0.298438 0.21582
0 0.364844 0.622656 0.3375 0.371875
0 0.685156 0.335156 0.0492188 0.0804688
0 0.700781 0.341406 0.05625 0.0640625
0 0.381152 0.56875 0.64707 0.609375
0 0.708594 0.0725586 0.05625 0.111914
0 0.528906 0.555469 0.33125 0.6
0 0.477734 0.54375 0.522656 0.621875
0 0.692969 0.0670898 0.1 0.126563
0 0.664062 0.0668457 0.145313 0.12959
0 0.707812 0.488281 0.104688 0.075
0 0.714063 0.0837891 0.04375 0.0869141
0 0.563281 0.298047 0.0703125 0.0875
0 0.0366333 0.247852 0.0691162 0.114453
0 0.570312 0.771875 0.133594 0.170313
0 0.467578 0.448047 0.767969 0.896094
0 0.0348145 0.230859 0.0625 0.0882813
0 0.659375 0.48125 0.0460938 0.0757812
0 0.0492188 0.265039 0.0984375 0.154297
0 0.0558594 0.289062 0.111719 0.202344
0 0.575781 0.574219 0.235938 0.551562
0 0.576563 0.646484 0.217188 0.369531
0 0.106226 0.00113525 0.179346 0.00227051
0 0.569141 0.30957 0.059375 0.071875
0 0.602246 0.453125 0.779883 0.90625
0 0.94375 0.834375 0.0375 0.0578125
0 0.575 0.773438 0.126563 0.126563
0 0.0791504 0.00107422 0.158301 0.00214844
0 0.143335 0.00101318 0.177002 0.00202637
0 0.539844 0.670313 0.160938 0.364063
0 0.138867 0.582031 0.0933594 0.0953125
0 0.575 0.798438 0.129688 0.096875
0 0.0325684 0.219531 0.0532227 0.0640625
0 0.218555 0.00090332 0.178125 0.00180664
0 0.181445 0.000952148 0.180469 0.0019043
0 0.193164 0.712109 0.108984 0.113281
0 0.146191 0.291992 0.292383 0.206641
0 0.443359 0.00090332 0.176563 0.00180664
0 0.193164 0.725391 0.125 0.117969
0 0.406641 0.000854492 0.178906 0.00170898
0 0.0341309 0.2625 0.0682617 0.153906
0 0.717188 0.0980469 0.0445313 0.0681641
0 0.179297 0.645312 0.179688 0.38125
0 0.480469 0.0010498 0.175781 0.00209961
0 0.0285278 0.215625 0.0437256 0.0539063
0 0.552344 0.296094 0.0875 0.103906
0 0.369141 0.000805664 0.177344 0.00161133
0 0.0803711 0.288867 0.160742 0.204297
0 0.7 0.473438 0.125 0.104688
0 0.0595703 0.000769043 0.119141 0.00153809
0 0.692969 0.339063 0.0421875 0.0597656
0 0.621094 0.0257935 0.0421875 0.0376709
0 0.255078 0.000708008 0.175 0.00141602
0 0.554297 0.308594 0.0664062 0.0742188
0 0.55625 0.00124512 0.176563 0.00249023
0 0.610938 0.0256348 0.0453125 0.0370117
0 0.191211 0.750391 0.143359 0.138281
0 0.51875 0.00134277 0.176563 0.00268555
0 0.0513672 0.358789 0.102734 0.341797
0 0.708594 0.0961182 0.0570313 0.0835449
0 0.216602 0.690625 0.0351562 0.06875
0 0.63125 0.0257812 0.0296875 0.0369141
0 0.528516 0.304297 0.0640625 0.08125
0 0.376563 0.379102 0.7375 0.758203
0 0.105078 0.000524902 0.210156 0.0010498
0 0.219141 0.703125 0.0390625 0.0640625
0 0.135156 0.000512695 0.251953 0.00102539
0 0.707031 0.0505737 0.05 0.0804932
0 0.572656 0.811719 0.148438 0.117188
0 0.56875 0.295312 0.0554687 0.075
0 0.309375 0.508594 0.61875 0.671875
0 0.550781 0.76875 0.161719 0.203125
0 0.719922 0.0988281 0.0609375 0.0960938
0 0.197461 0.000585938 0.256641 0.00117188
0 0.332031 0.00065918 0.171094 0.00131836
0 0.0207275 0.208203 0.0328613 0.0492188
0 0.592969 0.000976562 0.175 0.00195312
0 0.154688 0.566406 0.0625 0.078125
0 0.534375 0.569922 0.0390625 0.06875
0 0.667188 0.486719 0.03125 0.065625
0 0.0607422 0.235742 0.121484 0.187891
0 0.246875 0.000488281 0.252344 0.000976562
0 0.219922 0.713281 0.0476562 0.0765625
0 0.640625 0.0256348 0.0359375 0.0362305
0 0.535156 0.299609 0.0828125 0.0910156
0 0.203564 0.716797 0.0827148 0.0859375
0 0.0431641 0.29043 0.0863281 0.215234
0 0.527344 0.567578 0.0539063 0.08125
0 0.434375 0.000512695 0.252344 0.00102539
0 0.946094 0.8375 0.0453125 0.06875
0 0.56416 0.526563 0.470117 0.664062
0 0.0947266 0.603125 0.0466797 0.0585938
0 0.5625 0.285938 0.0617188 0.0953125
0 0.484277 0.694141 0.245508 0.367969
0 0.197266 0.700391 0.0921875 0.102344
0 0.187891 0.724219 0.142188 0.151562
0 0.203857 0.523047 0.11416 0.122656
0 0.485254 0.000512695 0.249805 0.00102539
0 0.653125 0.473828 0.0421875 0.0625
0 0.534375 0.000793457 0.25625 0.00158691
0 0.595313 0.0252441 0.0273438 0.0358398
0 0.647656 0.0943115 0.18125 0.184814
0 0.696094 0.0944336 0.0828125 0.107227
0 0.721094 0.0770508 0.059375 0.107813
0 0.610938 0.0290527 0.0515625 0.0491211
0 0.659375 0.483594 0.0609375 0.0890625
0 0.672656 0.100977 0.14375 0.201563
0 0.0479614 0.251953 0.0667725 0.100781
0 0.383594 0.000512695 0.251563 0.00102539
0 0.155371 0.571875 0.0486328 0.06875
0 0.685938 0.336719 0.0328125 0.0554687
0 0.616016 0.0336426 0.0585938 0.0641602
0 0.942969 0.00123291 0.114063 0.00246582
0 0.587109 0.678906 0.171875 0.323438
0 0.695312 0.0543823 0.071875 0.0984619
0 0.689063 0.0783203 0.126563 0.149219
0 0.269141 0.341406 0.0507812 0.0601563
0 0.212109 0.683203 0.0328125 0.0578125
0 0.599219 0.0571289 0.282813 0.113477
0 0.631641 0.0010498 0.180469 0.00209961
0 0.146777 0.567969 0.0916016 0.1125
0 0.047168 0.231641 0.0943359 0.255469
0 0.0235107 0.222461 0.044873 0.0714844
0 0.619531 0.0277832 0.0546875 0.0463867
0 0.189502 0.727344 0.10459 0.0953125
0 0.174219 0.766406 0.155859 0.176563
0 0.252344 0.336328 0.0429688 0.065625
0 0.255078 0.340039 0.0335938 0.0527344
0 0.292969 0.000537109 0.178906 0.00107422
0 0.65 0.469141 0.0476562 0.0789063
0 0.0872803 0.601562 0.0477051 0.059375
0 0.160352 0.564844 0.0453125 0.0640625
0 0.700781 0.342187 0.05 0.0617188
0 0.671094 0.492188 0.040625 0.0765625
0 0.675 0.0505737 0.108594 0.0943604
0 0.283594 0.340234 0.04375 0.0546875
0 0.111719 0.442285 0.223438 0.523242
0 0.10332 0.60625 0.0433594 0.0546875
0 0.565234 0.707812 0.144531 0.3
0 0.224414 0.316797 0.0636719 0.090625
0 0.914453 0.00107422 0.171094 0.00214844
0 0.562891 0.32832 0.0757812 0.127734
0 0.959375 0.898438 0.08125 0.203125
0 0.667188 0.000927734 0.171875 0.00185547
0 0.199658 0.79082 0.174121 0.230859
0 0.114355 0.551465 0.228711 0.733008
0 0.295117 0.340234 0.0355469 0.05
0 0.239258 0.629687 0.290234 0.3625
0 0.0351074 0.301563 0.0702148 0.224219
0 0.167676 0.691797 0.172461 0.271094
0 0.206982 0.7375 0.108691 0.120313
0 0.245703 0.3375 0.040625 0.0613281
0 0.589453 0.0251953 0.0351562 0.0365234
0 0.219922 0.320508 0.0917969 0.101172
0 0.103516 0.459766 0.203516 0.364063
0 0.137012 0.581641 0.108008 0.122656
0 0.235742 0.326562 0.0644531 0.0945313
0 0.256641 0.974609 0.0601563 0.0507812
0 0.726562 0.489844 0.06875 0.059375
0 0.513672 0.299023 0.0382813 0.0726563
0 0.65 0.197461 0.179688 0.394922
0 0.658594 0.0253418 0.075 0.0366211
0 0.724219 0.0693359 0.075 0.13125
0 0.509375 0.714844 0.254688 0.309375
0 0.577344 0.313281 0.0484375 0.065625
0 0.210547 0.516406 0.419531 0.676562
0 0.85625 0.000878906 0.175 0.00175781
0 0.51875 0.563672 0.075 0.103906
0 0.307813 0.350195 0.0367188 0.0644531
0 0.705469 0.000878906 0.175 0.00175781
0 0.283594 0.35 0.0613281 0.0757812
0 0.110352 0.600391 0.0556641 0.0710938
0 0.213232 0.763281 0.185254 0.164062
0 0.607422 0.0111816 0.257812 0.0223633
0 0.817969 0.00090332 0.175 0.00180664
0 0.505078 0.761328 0.270313 0.222656
0 0.269531 0.35 0.0636719 0.0773438
0 0.298047 0.348633 0.0460938 0.0691406
0 0.599219 0.0275391 0.0359375 0.0451172
0 0.716406 0.0693359 0.146875 0.133984
0 0.529688 0.694141 0.06875 0.0742188
0 0.682031 0.332227 0.028125 0.0566406
0 0.630859 0.153906 0.219531 0.30625
0 0.657813 0.385254 0.29375 0.27793
0 0.78125 0.000878906 0.175 0.00175781
0 0.255469 0.347266 0.0453125 0.0695313
0 0.575391 0.0850098 0.452344 0.17002
0 0.511719 0.690234 0.109375 0.0875
0 0.0435547 0.000524902 0.0871094 0.0010498
0 0.191406 0.672266 0.161719 0.274219
0 0.928906 0.898438 0.140625 0.203125
0 0.630859 0.0366089 0.0609375 0.0685791
0 0.106152 0.298242 0.212305 0.219922
0 0.657422 0.0338867 0.0695313 0.0583984
0 0.0386719 0.243945 0.0773438 0.213672
0 0.572656 0.285938 0.0476562 0.0703125
0 0.12998 0.558594 0.124414 0.165625
0 0.695312 0.0429688 0.059375 0.0742188
0 0.548438 0.749219 0.0671875 0.16875
0 0.65 0.474219 0.06875 0.0984375
0 0.624219 0.0463379 0.220313 0.0926758
0 0.387109 0.24707 0.771094 0.494141
0 0.224414 0.725 0.0546875 0.090625
0 0.1375 0.354297 0.269531 0.472656
0 0.560938 0.749609 0.1 0.182031
0 0.599219 0.0336426 0.04375 0.0633789
0 0.305078 0.343359 0.0332031 0.0523438
0 0.713672 0.341016 0.0664062 0.065625
0 0.214453 0.709375 0.188672 0.195312
0 0.231055 0.339063 0.0761719 0.0859375
0 0.505078 0.28457 0.053125 0.0699219
0 0.217188 0.832031 0.210156 0.3125
0 0.716797 0.101074 0.0820312 0.108398
0 0.700391 0.345703 0.0601563 0.0828125
0 0.314648 0.355273 0.0359375 0.0644531
0 0.15332 0.591016 0.287109 0.817969
0 0.664453 0.491016 0.0429688 0.0835937
0 0.129102 0.591016 0.0888672 0.096875
0 0.960938 0.00109863 0.078125 0.00219727
0 0.492188 0.275781 0.0390625 0.0578125
0 0.425 0.550781 0.85 0.698438
0 0.742969 0.000793457 0.175 0.00158691
0 0.0911865 0.596875 0.0758301 0.075
0 0.632031 0.0703613 0.214062 0.140723
0 0.582812 0.736719 0.1375 0.221875
0 0.95 0.853125 0.0609375 0.1
0 0.482031 0.271289 0.0765625 0.0773438
0 0.228906 0.289453 0.0289063 0.0359375
0 0.538672 0.690625 0.0570313 0.0695313
0 0.529297 0.122852 0.464063 0.245703
0 0.975781 0.691406 0.0484375 0.075
0 0.489844 0.689844 0.164062 0.364063
0 0.543359 0.8125 0.185156 0.1375
0 0.164453 0.549219 0.0703125 0.104688
0 0.232617 0.323828 0.230859 0.101562
0 0.487891 0.36582 0.2375 0.268359
0 0.644922 0.230078 0.224219 0.460156
0 0.463281 0.475 0.0859375 0.0890625
0 0.467578 0.260938 0.0648438 0.0851563
0 0.580469 0.00615234 0.275 0.0123047
0 0.244531 0.977344 0.0648438 0.0453125
0 0.271484 0.969531 0.108594 0.0609375
0 0.528906 0.291211 0.104688 0.101172
0 0.657031 0.0431519 0.121875 0.0826416
0 0.613965 0.614844 0.718945 0.757812
0 0.929688 0.000354004 0.140625 0.000708008
0 0.229687 0.297656 0.0320312 0.0460938
0 0.675781 0.368555 0.648438 0.737109
0 0.0273438 0.237695 0.0546875 0.104297
0 0.226123 0.331641 0.168848 0.108594
0 0.144702 0.676562 0.163721 0.35625
0 0.524219 0.714844 0.0921875 0.132812
0 0.638281 0.459375 0.075 0.109375
0 0.7375 0.492969 0.04375 0.053125
0 0.546875 0.685938 0.05 0.0640625
0 0.507812 0.295703 0.05 0.0890625
0 0.298438 0.356641 0.0578125 0.0882813
0 0.266797 0.336719 0.257031 0.114844
0 0.242969 0.753906 0.244922 0.154688
0 0.460156 0.253516 0.040625 0.059375
0 0.106738 0.595313 0.10293 0.08125
0 0.369141 0.638379 0.734375 0.68418
0 0.426172 0.549902 0.744531 0.62207
0 0.186328 0.840234 0.233594 0.319531
0 0.0827148 0.465625 0.16543 0.340625
0 0.704688 0.0741699 0.0625 0.115723
0 0.0393555 0.251172 0.0787109 0.119531
0 0.652734 0.0607422 0.164844 0.116016
0 0.7125 0.0749023 0.05 0.106445
0 0.600781 0.448438 0.798438 0.896875
0 0.255859 0.972656 0.0617188 0.0546875
0 0.247656 0.975391 0.0648438 0.0492188
0 0.707812 0.486719 0.107813 0.0796875
0 0.700781 0.471875 0.124219 0.109375
0 0.567578 0.752734 0.138281 0.219531
0 0.563281 0.301172 0.0671875 0.0851563
0 0.318555 0.535547 0.634766 0.699219
0 0.44375 0.435937 0.825 0.871875
0 0.132617 0.579688 0.102734 0.1
0 0.0425781 0.267969 0.0851563 0.15625
0 0.0348633 0.235938 0.0650391 0.0921875
0 0.620313 0.0697266 0.2375 0.130273
0 0.684375 0.0665039 0.109375 0.125977
0 0.0807617 0.545313 0.161523 0.176563
0 0.387109 0.240234 0.765625 0.447656
0 0.582422 0.626563 0.220313 0.410938
0 0.528906 0.69375 0.14375 0.375
0 0.660156 0.480469 0.0453125 0.0765625
0 0.383691 0.451953 0.754492 0.580469
0 0.187842 0.712891 0.100879 0.114844
0 0.0931885 0.602344 0.0487793 0.059375
0 0.567969 0.309766 0.059375 0.071875
0 0.164648 0.805469 0.193359 0.2625
0 0.693359 0.338672 0.0445313 0.0617188
0 0.499609 0.696094 0.164844 0.38125
0 0.0559082 0.314648 0.111816 0.252734
0 0.199023 0.649219 0.258203 0.4
0 0.652734 0.473828 0.0445313 0.0703125
0 0.557031 0.00119629 0.171875 0.00239258
0 0.457422 0.65625 0.221875 0.307813
0 0.610156 0.0254395 0.0390625 0.0360352
0 0.596094 0.0484375 0.289062 0.0933594
0 0.874805 0.903125 0.250391 0.19375
0 0.555469 0.686328 0.159375 0.360156
0 0.559766 0.549902 0.538281 0.625195
0 0.538281 0.298047 0.104688 0.103906
0 0.212109 0.686719 0.034375 0.065625
0 0.559375 0.780469 0.148438 0.192188
0 0.191602 0.725 0.121484 0.121875
0 0.507031 0.691016 0.13125 0.107813
0 0.0299316 0.219141 0.0499023 0.06875
0 0.444531 0.000720215 0.172656 0.00144043
0 0.642969 0.385938 0.278125 0.285938
0 0.119434 0.000830078 0.173633 0.00166016
0 0.717969 0.099707 0.0421875 0.0648438
0 0.524219 0.573438 0.0710938 0.090625
0 0.157007 0.00078125 0.173486 0.0015625
0 0.596094 0.0251465 0.0265625 0.0352539
0 0.407422 0.000634766 0.174219 0.00126953
0 0.519531 0.00119629 0.169531 0.00239258
0 0.0861328 0.599609 0.0488281 0.0632813
0 0.539844 0.760547 0.178125 0.221094
0 0.0777832 0.299219 0.155566 0.223438
0 0.148633 0.603809 0.297266 0.79082
0 0.671094 0.0773438 0.1375 0.147852
0 0.664062 0.485156 0.0335938 0.0703125
0 0.231641 0.000683594 0.171875 0.00136719
0 0.24375 0.966406 0.0789063 0.0671875
0 0.482031 0.000891113 0.173438 0.00178223
0 0.0461914 0.339453 0.0923828 0.302344
0 0.514844 0.582812 0.0898438 0.115625
0 0.621484 0.0255737 0.0390625 0.0365479
0 0.0758789 0.502246 0.151758 0.254883
0 0.559766 0.288086 0.0695313 0.108594
0 0.0489258 0.299609 0.0978516 0.208594
0 0.553125 0.306641 0.053125 0.0699219
0 0.267578 0.965625 0.103125 0.06875
0 0.194873 0.000744629 0.175879 0.00148926
0 0.239648 0.958594 0.120703 0.0828125
0 0.200049 0.691406 0.0686523 0.0828125
0 0.686719 0.336719 0.0359375 0.0578125
0 0.529688 0.569922 0.053125 0.0742188
0 0.10166 0.605078 0.0484375 0.059375
0 0.416309 0.329688 0.783008 0.573438
0 0.370313 0.000646973 0.172656 0.00129395
0 0.0850586 0.000830078 0.170117 0.00166016
0 0.0948975 0.597266 0.067627 0.075
0 0.574219 0.697656 0.157031 0.30625
0 0.0612305 0.388965 0.122461 0.401758
0 0.137402 0.459766 0.274805 0.358594
0 0.521484 0.642188 0.127344 0.43125
0 0.217578 0.699219 0.0382813 0.06875
0 0.108008 0.564844 0.182031 0.2
0 0.18457 0.696875 0.0957031 0.0953125
0 0.239014 0.933984 0.139941 0.132031
0 0.589453 0.025 0.0351562 0.0355469
0 0.124316 0.577344 0.138867 0.120313
0 0.553906 0.308594 0.0765625 0.0921875
0 0.257031 0.964063 0.075 0.071875
0 0.59375 0.000976562 0.172656 0.00195312
0 0.692187 0.0774414 0.0851563 0.122266
0 0.535937 0.310547 0.0890625 0.0867188
0 0.533984 0.000585938 0.241406 0.00117188
0 0.26875 0.000585938 0.172656 0.00117188
0 0.252734 0.95 0.116797 0.1
0 0.714453 0.0925781 0.0414063 0.0742188
0 0.0888672 0.576172 0.151758 0.132031
0 0.480078 0.568848 0.455469 0.591992
0 0.632031 0.0254883 0.028125 0.0360352
0 0.528516 0.692969 0.084375 0.0828125
0 0.114258 0.595703 0.0794922 0.0859375
0 0.592188 0.183203 0.296875 0.366016
0 0.0881836 0.59375 0.118945 0.0921875
0 0.516016 0.566406 0.0757812 0.0953125
0 0.611719 0.028125 0.05 0.0473633
0 0.635938 0.199414 0.210938 0.396484
0 0.251563 0.978906 0.0484375 0.0421875
0 0.473828 0.707812 0.264844 0.346875
0 0.15127 0.571094 0.0630859 0.0765625
0 0.60625 0.0932617 0.267188 0.177148
0 0.0227295 0.211914 0.0384277 0.0527344
0 0.0299316 0.257422 0.0598633 0.145313
0 0.552344 0.562891 0.307813 0.583594
0 0.484375 0.000415039 0.242969 0.000830078
0 0.0772461 0.596875 0.0576172 0.0703125
0 0.0513672 0.253125 0.0601563 0.0894531
0 0.584375 0.731641 0.154688 0.228906
0 0.153613 0.292969 0.307227 0.201563
0 0.708594 0.0932617 0.0546875 0.0876953
0 0.202393 0.7125 0.0780273 0.0859375
0 0.507812 0.698438 0.1 0.0851563
0 0.123242 0.680469 0.212891 0.459375
0 0.0661133 0.000683594 0.132227 0.00136719
0 0.649609 0.0890869 0.176563 0.170264
0 0.247656 0.920313 0.117969 0.159375
0 0.228516 0.972656 0.125781 0.0546875
0 0.153711 0.544922 0.180859 0.198437
0 0.600781 0.12373 0.279687 0.242383
0 0.333203 0.000622559 0.164844 0.00124512
0 0.161719 0.664844 0.189063 0.440625
0 0.667188 0.492188 0.028125 0.05625
0 0.600391 0.027063 0.0367188 0.0443115
0 0.542969 0.685938 0.0609375 0.075
0 0.232227 0.839844 0.212109 0.320312
0 0.433594 0.000390625 0.245312 0.00078125
0 0.21875 0.709766 0.0484375 0.0757812
0 0.239404 0.630078 0.324316 0.389844
0 0.107227 0.508984 0.214453 0.246094
0 0.204297 0.520312 0.121094 0.125
0 0.907031 0.894922 0.182812 0.210156
0 0.720703 0.0988525 0.059375 0.0937012
0 0.0368408 0.311719 0.0736816 0.258594
0 0.134375 0.000378418 0.244531 0.000756836
0 0.258936 0.000378418 0.243066 0.000756836
0 0.564453 0.0728516 0.348438 0.136328
0 0.472656 0.626563 0.179688 0.375
0 0.0871094 0.64375 0.174219 0.38125
0 0.0593262 0.59375 0.104004 0.08125
0 0.169531 0.75625 0.163672 0.154688
0 0.528906 0.692969 0.0640625 0.071875
0 0.141406 0.564063 0.104297 0.115625
0 0.641016 0.12793 0.197656 0.251172
0 0.183984 0.000415039 0.248828 0.000830078
0 0.499219 0.664062 0.148438 0.1875
0 0.0562012 0.238721 0.112402 0.201465
0 0.0939453 0.505371 0.187891 0.60332
0 0.682031 0.331055 0.0296875 0.0589844
0 0.204883 0.71875 0.0921875 0.10625
0 0.691016 0.4625 0.158594 0.134375
0 0.152051 0.558594 0.0791016 0.0960938
0 0.700391 0.342773 0.0507812 0.0652344
0 0.191455 0.745313 0.160059 0.145313
0 0.383203 0.000402832 0.245312 0.000805664
0 0.574219 0.759375 0.134375 0.151562
0 0.274805 0.844531 0.265234 0.310937
0 0.205273 0.683203 0.0421875 0.0648438
0 0.567578 0.00380859 0.227344 0.00761719
0 0.0585938 0.583984 0.117188 0.111719
0 0.0637207 0.326172 0.0579102 0.0664062
0 0.591016 0.677344 0.199219 0.3125
0 0.642969 0.0254028 0.0359375 0.0355225
0 0.936719 0.0010498 0.126563 0.00209961
0 0.0546875 0.541016 0.109375 0.183594
0 0.441309 0.603516 0.226758 0.391406
0 0.352148 0.348828 0.0917969 0.0773438
0 0.123657 0.591406 0.0995606 0.103125
0 0.220117 0.963281 0.142578 0.0734375
0 0.0826172 0.338477 0.0990234 0.0855469
0 0.0990234 0.607031 0.0630859 0.0820312
0 0.650391 0.465234 0.0390625 0.0539063
0 0.5125 0.302734 0.0546875 0.0890625
0 0.560156 0.275977 0.0546875 0.0824219
0 0.0958008 0.584375 0.191602 0.81875
0 0.876367 0.9375 0.247266 0.125
0 0.942187 0.905469 0.1125 0.189063
0 0.273828 0.340039 0.046875 0.0519531
0 0.290234 0.339063 0.0375 0.0460938
0 0.574219 0.79707 0.13125 0.112109
0 0.282813 0.337891 0.0382813 0.0445313
0 0.489063 0.698438 0.075 0.0875
0 0.600781 0.0331055 0.046875 0.0615234
0 0.510156 0.550781 0.0953125 0.139063
0 0.0412109 0.396094 0.0824219 0.421875
0 0.608594 0.597266 0.782813 0.749219
0 0.632031 0.0268677 0.0414063 0.0439209
0 0.7 0.346875 0.0625 0.0835937
0 0.677344 0.334375 0.645312 0.66875
0 0.157422 0.557031 0.0566406 0.0859375
0 0.622656 0.0320801 0.0609375 0.059375
0 0.582812 0.0243164 0.0546875 0.0360352
0 0.696094 0.441504 0.1375 0.163867
0 0.376172 0.284375 0.0757812 0.0554687
0 0.0697754 0.271094 0.139551 0.172656
0 0.610547 0.0338867 0.0570313 0.0639648
0 0.180078 0.721094 0.0878906 0.0921875
0 0.953125 0.000683594 0.09375 0.00136719
0 0.0278809 0.542188 0.0557617 0.10625
0 0.569531 0.302148 0.0734375 0.108203
0 0.0941162 0.33457 0.102783 0.0738281
0 0.524609 0.700781 0.090625 0.110937
0 0.505078 0.754687 0.258594 0.234375
0 0.188623 0.683984 0.146973 0.210156
0 0.942969 0.834375 0.0390625 0.059375
0 0.526172 0.355078 0.850781 0.696875
0 0.206982 0.914062 0.175098 0.170313
0 0.103223 0.000378418 0.206445 0.000756836
0 0.316992 0.35625 0.0410156 0.071875
0 0.50625 0.612891 0.103125 0.146875
0 0.0976562 0.366406 0.195312 0.353125
0 0.0837891 0.333203 0.0765625 0.0679687
0 0.0736328 0.600781 0.0792969 0.0820312
0 0.484473 0.551562 0.612305 0.59375
0 0.387891 0.563281 0.675781 0.551562
0 0.704688 0.0666016 0.078125 0.120703
0 0.489941 0.573438 0.45293 0.553125
0 0.595215 0.439453 0.729883 0.877344
0 0.675781 0.068457 0.129688 0.130664
0 0.656641 0.482422 0.05625 0.0757812
0 0.708203 0.071582 0.0601563 0.108398
0 0.360547 0.392188 0.121875 0.142969
0 0.45 0.674219 0.282813 0.310937
0 0.698438 0.342969 0.0570313 0.0632813
0 0.567187 0.751172 0.120313 0.199219
0 0.386328 0.394922 0.172656 0.15
0 0.361914 0.453027 0.719922 0.743945
0 0.562891 0.307813 0.0671875 0.0730469
0 0.707031 0.487891 0.110937 0.0757812
0 0.654688 0.0740234 0.170313 0.139063
0 0.561719 0.291406 0.0734375 0.101562
0 0.567187 0.311523 0.05625 0.0558594
0 0.700781 0.346875 0.065625 0.0789063
0 0.0640625 0.292188 0.128125 0.228906
0 0.529688 0.677734 0.129688 0.314844
0 0.688281 0.340039 0.0390625 0.0554687
0 0.42666 0.403223 0.254492 0.188867
0 0.651172 0.478906 0.0414063 0.0640625
0 0.380859 0.25 0.761719 0.432813
0 0.665625 0.486719 0.0328125 0.0703125
0 0.456152 0.427344 0.737695 0.854688
0 0.18457 0.746094 0.134375 0.139063
0 0.54375 0.759375 0.135937 0.207813
0 0.646484 0.391309 0.277344 0.276758
0 0.0371094 0.243359 0.0742188 0.117188
0 0.546094 0.625 0.15 0.407813
0 0.489063 0.691406 0.1875 0.342187
0 0.540625 0.316406 0.0984375 0.0796875
0 0.434766 0.433691 0.279687 0.229492
0 0.649219 0.467578 0.0390625 0.046875
0 0.616699 0.293359 0.766602 0.586719
0 0.714063 0.0739746 0.109375 0.140332
0 0.55625 0.307617 0.0578125 0.0617188
0 0.536719 0.564063 0.0375 0.065625
0 0.701563 0.436621 0.135937 0.17832
0 0.0524414 0.324023 0.104883 0.289453
0 0.0317383 0.226953 0.0634766 0.0941406
0 0.699219 0.472656 0.126563 0.107813
0 0.199805 0.639453 0.233203 0.405469
0 0.670313 0.492969 0.0414063 0.078125
0 0.164648 0.652734 0.173828 0.428906
0 0.535156 0.572656 0.059375 0.101562
0 0.648047 0.478516 0.0523438 0.075
0 0.535156 0.567578 0.0484375 0.0742188
0 0.575781 0.511328 0.653125 0.685156
0 0.551562 0.292578 0.075 0.0921875
0 0.189404 0.707422 0.11416 0.103125
0 0.432031 0.487891 0.267969 0.341406
0 0.408594 0.321875 0.817187 0.626563
0 0.143359 0.569922 0.0964844 0.114063
0 0.201611 0.725 0.106934 0.104688
0 0.712109 0.492969 0.0984375 0.059375
0 0.0867432 0.341016 0.105811 0.0976562
0 0.0411133 0.290625 0.0822266 0.223438
0 0.35957 0.350391 0.0941406 0.0695313
0 0.513281 0.30293 0.0390625 0.0730469
0 0.535547 0.298828 0.0898438 0.0933594
0 0.194092 0.520703 0.0891602 0.116406
0 0.70625 0.0483398 0.0578125 0.0753906
0 0.071582 0.336914 0.0710938 0.0847656
0 0.455566 0.374219 0.30918 0.236719
0 0.0370117 0.263672 0.0740234 0.172656
0 0.516016 0.314063 0.0367188 0.0632813
0 0.150879 0.570312 0.0705078 0.08125
0 0.555469 0.694531 0.103125 0.290625
0 0.214453 0.694531 0.0398437 0.0742188
0 0.557813 0.000830078 0.157813 0.00166016
0 0.464063 0.470313 0.0890625 0.084375
0 0.379688 0.426563 0.164062 0.210938
0 0.379883 0.337891 0.759766 0.386719
0 0.0284668 0.212695 0.0543945 0.0707031
0 0.363281 0.362305 0.102344 0.0855469
0 0.566016 0.710156 0.121094 0.235938
0 0.0962891 0.29375 0.192578 0.215625
0 0.695312 0.0763672 0.0859375 0.122852
0 0.563672 0.280078 0.0585938 0.0742188
0 0.58125 0.735156 0.144531 0.196875
0 0.583203 0.621094 0.220313 0.4125
0 0.154688 0.553906 0.0851563 0.10625
0 0.204248 0.719531 0.0875977 0.0796875
0 0.353125 0.413281 0.15 0.184375
0 0.218555 0.725 0.0660156 0.09375
0 0.150684 0.290039 0.301367 0.224609
0 0.358594 0.372266 0.109375 0.129688
0 0.516406 0.583594 0.0882813 0.120313
0 0.164746 0.756641 0.175586 0.160156
0 0.404297 0.375391 0.211719 0.183594
0 0.319336 0.430371 0.281641 0.21582
0 0.667578 0.150195 0.147656 0.291797
0 0.504687 0.298438 0.0507812 0.0875
0 0.454688 0.739844 0.295312 0.229687
0 0.651563 0.475 0.06875 0.0890625
0 0.217578 0.708594 0.046875 0.0671875
0 0.547266 0.314063 0.107031 0.110156
0 0.475 0.470313 0.065625 0.065625
0 0.342578 0.386719 0.105469 0.134375
0 0.697656 0.455469 0.604688 0.910937
0 0.521484 0.000878906 0.150781 0.00175781
0 0.975781 0.685547 0.0484375 0.0679687
0 0.209961 0.513281 0.109375 0.10625
0 0.569531 0.302734 0.0734375 0.117969
0 0.0216309 0.204688 0.0395508 0.0484375
0 0.729297 0.487891 0.06875 0.0632813
0 0.346484 0.356836 0.06875 0.0707031
0 0.667188 0.484766 0.0859375 0.08125
0 0.570703 0.314063 0.0609375 0.0742188
0 0.486719 0.473438 0.0453125 0.0554687
0 0.517578 0.000952148 0.217188 0.0019043
0 0.594531 0.000549316 0.164062 0.00109863
0 0.713672 0.487109 0.152344 0.096875
0 0.512109 0.292188 0.040625 0.0671875
0 0.682813 0.336719 0.0390625 0.0585938
0 0.707031 0.35625 0.0765625 0.101562
0 0.409375 0.346875 0.784375 0.289062
0 0.644922 0.464453 0.0453125 0.0554687
0 0.609375 0.0253906 0.0359375 0.0354492
0 0.622656 0.0256348 0.0359375 0.0359375
0 0.750781 0.0728027 0.153125 0.136035
0 0.218945 0.717578 0.0570313 0.0734375
0 0.511328 0.760547 0.190625 0.210156
0 0.710938 0.348633 0.059375 0.0683594
0 0.566797 0.216211 0.716406 0.416797
0 0.595313 0.0248779 0.0265625 0.0345215
0 0.717188 0.0866211 0.05 0.0990234
0 0.143555 0.582031 0.0824219 0.0914062
0 0.0870117 0.602734 0.0664062 0.0726563
0 0.514063 0.325781 0.0296875 0.0539063
0 0.764844 0.200391 0.173438 0.400781
0 0.512109 0.321484 0.0367188 0.0617188
0 0.885938 0.73125 0.034375 0.05
0 0.525 0.548438 0.071875 0.142188
0 0.1625 0.783008 0.197656 0.212109
0 0.550781 0.278125 0.046875 0.0710938
0 0.324609 0.364063 0.0328125 0.08125
0 0.617969 0.0541504 0.245312 0.10498
0 0.0918945 0.347852 0.123633 0.120703
0 0.332227 0.396191 0.0800781 0.131055
0 0.408984 0.670313 0.309375 0.271875
0 0.501953 0.287109 0.0546875 0.0695313
0 0.109399 0.000366211 0.162061 0.000732422
0 0.566406 0.657813 0.16875 0.334375
0 0.65625 0.427734 0.229687 0.200781
0 0.180518 0.719922 0.136621 0.117969
0 0.755469 0.482031 0.0390625 0.0625
0 0.372852 0.75625 0.130859 0.0859375
0 0.344531 0.201611 0.689063 0.353027
0 0.246094 0.000268555 0.159375 0.000537109
0 0.0872559 0.470313 0.174512 0.5875
0 0.748828 0.484766 0.0328125 0.0601563
0 0.691016 0.171582 0.172656 0.339258
0 0.219141 0.317188 0.0898438 0.096875
0 0.331641 0.359375 0.0417969 0.0671875
0 0.692187 0.346094 0.078125 0.0929688
0 0.159961 0.000317383 0.160547 0.000634766
0 0.0982422 0.605469 0.0544922 0.0617188
0 0.726562 0.517188 0.189063 0.163281
0 0.555469 0.533594 0.259375 0.435156
0 0.631641 0.0256958 0.0289063 0.0357178
0 0.075 0.383203 0.15 0.400781
0 0.131348 0.586719 0.0896484 0.090625
0 0.513281 0.332813 0.034375 0.0570313
0 0.115137 0.533594 0.125977 0.203906
0 0.628125 0.185938 0.230469 0.363672
0 0.447559 0.000268555 0.162695 0.000537109
0 0.528125 0.287305 0.0953125 0.0945313
0 0.660156 0.198096 0.175 0.387402
0 0.264844 0.511816 0.529688 0.701367
0 0.410156 0.000231934 0.167187 0.000463867
0 0.480859 0.000683594 0.232813 0.00136719
0 0.261719 0.335742 0.0484375 0.0503906
0 0.197217 0.000292969 0.16416 0.000585938
0 0.0804199 0.473828 0.16084 0.353906
0 0.633594 0.128516 0.220313 0.246094
0 0.484766 0.460547 0.646094 0.416406
0 0.714453 0.414453 0.142969 0.221094
0 0.588281 0.0245117 0.0328125 0.0345703
0 0.634766 0.258398 0.03125 0.04375
0 0.739844 0.491016 0.046875 0.059375
0 0.491016 0.617969 0.0585938 0.10625
0 0.75625 0.100781 0.164062 0.194922
0 0.132129 0.582812 0.102539 0.116406
0 0.0411133 0.351172 0.0822266 0.350781
0 0.700781 0.0400879 0.0515625 0.0604492
0 0.0689453 0.333594 0.0582031 0.06875
0 0.214062 0.683203 0.0289063 0.0539063
0 0.735938 0.209375 0.15 0.41875
0 0.372852 0.000231934 0.161328 0.000463867
0 0.485156 0.000488281 0.158594 0.000976562
0 0.583594 0.289844 0.110937 0.112891
0 0.660156 0.472656 0.210938 0.114063
0 0.0770508 0.000317383 0.154102 0.000634766
0 0.499609 0.655469 0.144531 0.332813
0 0.130859 0.000610352 0.235938 0.0012207
0 0.273438 0.496875 0.0757812 0.09375
0 0.371875 0.347852 0.0734375 0.0613281
0 0.73125 0.55 0.18125 0.226562
0 0.612109 0.0308105 0.0476562 0.0514648
0 0.707031 0.208594 0.178125 0.415625
0 0.640625 0.182422 0.579688 0.354688
0 0.267969 0.00065918 0.235156 0.00131836
0 0.315234 0.385254 0.194531 0.138867
0 0.592188 0.689453 0.18125 0.272656
0 0.640625 0.0255737 0.0328125 0.0351807
0 0.372266 0.288281 0.0617188 0.040625
0 0.454688 0.447656 0.117188 0.14375
0 0.489844 0.278906 0.0328125 0.0546875
0 0.200781 0.523438 0.113281 0.13125
0 0.478125 0.767969 0.267188 0.210938
0 0.274609 0.337695 0.0476562 0.0453125
0 0.764453 0.480469 0.0632813 0.0734375
0 0.0628418 0.329297 0.0682617 0.0882813
0 0.123242 0.485938 0.105469 0.13125
0 0.528125 0.584375 0.078125 0.135937
0 0.942187 0.829688 0.03125 0.04375
0 0.717188 0.479297 0.0890625 0.0742188
0 0.0694824 0.327734 0.0481445 0.05625
0 0.111914 0.603125 0.0640625 0.0734375
0 0.550781 0.741406 0.0765625 0.165625
0 0.278857 0.440625 0.268848 0.24375
0 0.262891 0.628125 0.321875 0.382812
0 0.165234 0.553125 0.0644531 0.0828125
0 0.680469 0.0584961 0.1 0.104297
0 0.381641 0.28125 0.05 0.0488281
0 0.628516 0.000561523 0.201563 0.00112305
0 0.20918 0.754687 0.160547 0.15
0 0.233203 0.335547 0.105469 0.0757812
0 0.478125 0.273047 0.075 0.0820312
0 0.514453 0.596875 0.103906 0.154688
0 0.723828 0.473828 0.185156 0.128125
0 0.544531 0.751172 0.0632813 0.127344
0 0.600391 0.0287109 0.0367188 0.0469727
0 0.6375 0.490234 0.2 0.207813
0 0.292578 0.595215 0.469531 0.445508
0 0.180273 0.000683594 0.243359 0.00136719
0 0.183398 0.523438 0.0652344 0.096875
0 0.114551 0.574219 0.225586 0.796875
0 0.471777 0.641406 0.337695 0.432813
0 0.334766 0.566406 0.524219 0.542188
0 0.461035 0.553906 0.64043 0.6125
0 0.705078 0.0709961 0.0601563 0.112305
0 0.532031 0.439063 0.692187 0.878125
0 0.690625 0.0677246 0.0921875 0.128223
0 0.467187 0.574609 0.423438 0.569531
0 0.339844 0.455371 0.540625 0.739258
0 0.395703 0.583594 0.382031 0.545313
0 0.671094 0.0691406 0.128125 0.133203
0 0.70625 0.488672 0.110937 0.0695313
0 0.658594 0.482422 0.05 0.075
0 0.703125 0.472656 0.115625 0.103125
0 0.170117 0.748438 0.155469 0.14375
0 0.44209 0.675 0.287695 0.335938
0 0.183252 0.620313 0.193652 0.385938
0 0.433984 0.479688 0.274219 0.319531
0 0.439453 0.377148 0.838281 0.754297
0 0.667578 0.450781 0.664844 0.901563
0 0.528125 0.289844 0.120313 0.104688
0 0.189258 0.708594 0.121094 0.125
0 0.338867 0.722266 0.539453 0.555469
0 0.188477 0.739062 0.141406 0.135937
0 0.378906 0.329492 0.738281 0.556641
0 0.375 0.408594 0.153125 0.163281
0 0.542969 0.770312 0.125 0.196875
0 0.191211 0.757422 0.167578 0.150781
0 0.420703 0.25293 0.841406 0.470703
0 0.526172 0.671484 0.142969 0.313281
0 0.665234 0.4875 0.0351562 0.06875
0 0.369531 0.439844 0.702344 0.651563
0 0.623828 0.174951 0.232813 0.337598
0 0.593848 0.336719 0.593555 0.673438
0 0.217627 0.603906 0.29209 0.384375
0 0.352344 0.359961 0.0820312 0.0667969
0 0.661719 0.191406 0.167187 0.370313
0 0.507812 0.293359 0.80625 0.571875
0 0.534375 0.308008 0.0828125 0.0789063
0 0.686719 0.341016 0.0390625 0.0578125
0 0.558594 0.309375 0.078125 0.08125
0 0.152441 0.637891 0.167773 0.388281
0 0.511328 0.2875 0.0820312 0.0820312
0 0.546875 0.308789 0.103125 0.0980469
0 0.653125 0.477734 0.04375 0.0609375
0 0.5125 0.294922 0.0625 0.0835937
0 0.566406 0.311719 0.0632813 0.065625
0 0.712891 0.0839844 0.05 0.109375
0 0.0949219 0.343359 0.123242 0.0890625
0 0.244531 0.748438 0.3125 0.145313
0 0.270654 0.596094 0.397754 0.428125
0 0.437891 0.785156 0.297656 0.196875
0 0.502344 0.291016 0.0625 0.0925781
0 0.407813 0.440625 0.782813 0.464844
0 0.560547 0.792969 0.144531 0.164062
0 0.715234 0.4625 0.114063 0.127344
0 0.40166 0.661719 0.349805 0.290625
0 0.366602 0.367188 0.111328 0.0828125
0 0.554004 0.236523 0.560742 0.465234
0 0.162695 0.779688 0.194922 0.209375
0 0.716406 0.49375 0.0890625 0.05625
0 0.482422 0.682422 0.197656 0.328906
0 0.238867 0.708984 0.269922 0.197656
0 0.491406 0.207422 0.735938 0.389844
0 0.659375 0.486328 0.0609375 0.090625
0 0.220703 0.312695 0.090625 0.102734
0 0.722656 0.0740234 0.103125 0.138086
0 0.268018 0.726172 0.324121 0.177344
0 0.688281 0.0827881 0.126563 0.157861
0 0.517188 0.309961 0.0414063 0.0632813
0 0.737891 0.489453 0.0492188 0.0601563
0 0.421875 0.520215 0.84375 0.629883
0 0.450879 0.326953 0.306055 0.202344
0 0.49375 0.279883 0.046875 0.0644531
0 0.232813 0.319141 0.11875 0.107031
0 0.68125 0.215234 0.157031 0.430469
0 0.42959 0.735938 0.30332 0.240625
0 0.388672 0.44541 0.182031 0.238867
0 0.416016 0.652734 0.332031 0.419531
0 0.5125 0.27832 0.104688 0.0878906
0 0.728906 0.486719 0.065625 0.0640625
0 0.343945 0.358398 0.0636719 0.0589844
0 0.367188 0.36582 0.125781 0.119922
0 0.557422 0.755078 0.134375 0.200781
0 0.328125 0.587109 0.523438 0.522656
0 0.707812 0.073584 0.0546875 0.113379
0 0.598047 0.432422 0.803906 0.864844
0 0.685547 0.0664551 0.105469 0.124512
0 0.458594 0.599609 0.2375 0.507031
0 0.694531 0.0752197 0.0765625 0.118311
0 0.521484 0.680859 0.125781 0.307031
0 0.169434 0.626172 0.211523 0.363281
0 0.446973 0.693359 0.260742 0.335156
0 0.497656 0.589746 0.1875 0.523633
0 0.543359 0.767188 0.110156 0.1875
0 0.190234 0.734766 0.119141 0.119531
0 0.558594 0.590625 0.269531 0.528125
0 0.659375 0.482422 0.04375 0.0796875
0 0.5375 0.764844 0.0664062 0.110937
0 0.325977 0.685938 0.562109 0.628125
0 0.471094 0.321094 0.851562 0.6375
0 0.492188 0.688281 0.166406 0.328125
0 0.661719 0.0677246 0.146875 0.13252
0 0.716406 0.0841797 0.04375 0.105469
0 0.635938 0.491016 0.595313 0.742969
0 0.641797 0.194727 0.197656 0.380859
0 0.561328 0.752344 0.135156 0.203125
0 0.427246 0.226172 0.698633 0.426563
0 0.399121 0.691406 0.350195 0.275
0 0.666016 0.488281 0.0296875 0.0703125
0 0.602344 0.575 0.432813 0.559375
0 0.149316 0.658594 0.188086 0.385938
0 0.507031 0.52041 0.132812 0.363867
0 0.664062 0.228125 0.153125 0.45625
0 0.398828 0.686328 0.359375 0.391406
0 0.230664 0.621484 0.329297 0.338281
0 0.433203 0.481152 0.275781 0.293945
0 0.528906 0.53291 0.115625 0.40918
0 0.957812 0.901563 0.0765625 0.196875
0 0.540234 0.75 0.071875 0.153125
0 0.653516 0.477734 0.0429688 0.0648438
0 0.186719 0.716797 0.117578 0.109375
0 0.564453 0.785742 0.142969 0.162891
0 0.0293823 0.223242 0.0543213 0.0800781
0 0.717188 0.0976562 0.05 0.11543
0 0.528906 0.752344 0.103125 0.203125
0 0.132617 0.580078 0.0957031 0.128125
0 0.535547 0.721484 0.105469 0.266406
0 0.318945 0.777539 0.534766 0.444922
0 0.347852 0.663281 0.496484 0.504687
0 0.508594 0.617969 0.0953125 0.190625
0 0.4625 0.179688 0.579688 0.341797
0 0.542188 0.549609 0.125 0.477344
0 0.176904 0.752344 0.143848 0.123438
0 0.527344 0.490625 0.0710938 0.19375
0 0.514063 0.570703 0.2875 0.546094
0 0.394629 0.725 0.476367 0.5125
0 0.559375 0.312695 0.06875 0.0710938
0 0.951563 0.875781 0.0640625 0.15
0 0.522656 0.559375 0.0859375 0.165625
0 0.491797 0.491797 0.164844 0.31875
0 0.0830078 0.594922 0.0824219 0.0757812
0 0.45 0.664453 0.0875 0.090625
0 0.325781 0.462109 0.619531 0.641406
0 0.423047 0.637109 0.110937 0.133594
0 0.532031 0.573828 0.046875 0.0867188
0 0.0303711 0.239063 0.0607422 0.114844
0 0.217383 0.742188 0.185547 0.117188
0 0.25083 0.697266 0.283496 0.207031
0 0.542578 0.170117 0.426563 0.338672
0 0.180811 0.526953 0.0790039 0.132031
0 0.714453 0.0742188 0.109375 0.140234
0 0.525781 0.781055 0.0921875 0.147266
0 0.372656 0.758594 0.13125 0.096875
0 0.509375 0.776367 0.142188 0.184766
0 0.229639 0.713281 0.222754 0.164062
0 0.0344727 0.25625 0.0689453 0.139063
0 0.196484 0.709766 0.0871094 0.0804688
0 0.532031 0.594922 0.0578125 0.125781
0 0.568066 0.232227 0.720117 0.463672
0 0.157031 0.703906 0.228125 0.471875
0 0.131445 0.000354004 0.201563 0.000708008
0 0.0951416 0.349609 0.142139 0.117188
0 0.3875 0.746094 0.635938 0.507812
0 0.214844 0.710547 0.0515625 0.084375
0 0.437402 0.765625 0.289258 0.232813
0 0.117578 0.594922 0.0789063 0.0882813
0 0.231445 0.966016 0.0636719 0.0679687
0 0.0867188 0.591797 0.116406 0.0898438
0 0.671094 0.496875 0.0375 0.078125
0 0.561328 0.698047 0.139844 0.288281
0 0.427734 0.650391 0.0992187 0.0984375
0 0.133008 0.575781 0.238672 0.414062
0 0.134375 0.614062 0.182031 0.357812
0 0.169531 0.000415039 0.202734 0.000830078
0 0.255078 0.740625 0.276563 0.1375
0 0.555078 0.452344 0.517969 0.814063
0 0.256055 0.000354004 0.201172 0.000708008
0 0.553906 0.000549316 0.1875 0.00109863
0 0.520312 0.590625 0.0734375 0.126563
0 0.664062 0.489844 0.0367188 0.09375
0 0.0970459 2.44141e-05 0.159424 4.88281e-05
0 0.203174 0.753125 0.14834 0.134375
0 0.657813 0.483203 0.0523438 0.109375
0 0.364063 0.376953 0.133594 0.121875
0 0.442969 0.424219 0.885938 0.845313
0 0.505469 0.590625 0.0828125 0.15
0 0.513281 0.349805 0.160938 0.244141
0 0.591406 0.164453 0.290625 0.323828
0 0.118555 0.591797 0.106836 0.100781
0 0.485938 0.621094 0.18125 0.329688
0 0.208643 0.000488281 0.215527 0.000976562
0 0.974219 0.696875 0.0515625 0.0882813
0 0.671875 0.0693359 0.139063 0.132812
0 0.707031 0.0756836 0.0609375 0.124023
0 0.595313 0.438281 0.809375 0.876563
0 0.390625 0.534375 0.672656 0.6875
0 0.525781 0.695312 0.116406 0.334375
0 0.657031 0.481641 0.0453125 0.075
0 0.5625 0.307422 0.065625 0.0726563
0 0.341016 0.456348 0.600781 0.69668
0 0.695312 0.0801025 0.075 0.131982
0 0.567969 0.769922 0.139063 0.189844
0 0.448828 0.557813 0.897656 0.665625
0 0.500781 0.700391 0.15 0.353906
0 0.348438 0.6125 0.575 0.6375
0 0.542969 0.675781 0.234375 0.384375
0 0.663281 0.485938 0.0320312 0.0703125
0 0.5625 0.308008 0.071875 0.0949219
0 0.520312 0.575781 0.08125 0.110937
0 0.475391 0.315234 0.875781 0.630469
0 0.536328 0.573535 0.333594 0.587305
0 0.458594 0.239844 0.8 0.465625
0 0.95 0.86875 0.05625 0.13125
0 0.0322266 0.232031 0.0589844 0.0953125
0 0.586719 0.580078 0.2625 0.563281
0 0.5375 0.763672 0.110937 0.202344
0 0.472754 0.699219 0.204492 0.378125
0 0.953906 0.899609 0.0734375 0.200781
0 0.580469 0.647656 0.2375 0.435937
0 0.651563 0.475 0.040625 0.0570313
0 0.517969 0.654688 0.115625 0.267188
0 0.64375 0.0683106 0.185156 0.133691
0 0.7125 0.08125 0.046875 0.110156
0 0.537891 0.571875 0.0382813 0.071875
0 0.717969 0.106665 0.0484375 0.0815918
0 0.702344 0.0755859 0.13125 0.145703
0 0.565234 0.538672 0.642969 0.647656
0 0.65625 0.483594 0.0546875 0.0890625
0 0.948438 0.854688 0.05 0.103125
0 0.666406 0.492969 0.0265625 0.0585938
0 0.564844 0.733984 0.140625 0.250781
0 0.589844 0.16875 0.632812 0.3375
0 0.480469 0.178857 0.654688 0.354785
0 0.442969 0.4125 0.885938 0.81875
0 0.678906 0.456348 0.514063 0.79043
0 0.525391 0.577344 0.0648438 0.0875
0 0.714063 0.104517 0.0390625 0.0644043
0 0.398828 0.419434 0.783594 0.550195
0 0.0359863 0.267383 0.0719727 0.153516
0 0.472656 0.599219 0.371875 0.548438
0 0.192383 0.736328 0.130469 0.146094
0 0.680078 0.0727539 0.100781 0.134766
0 0.510547 0.560547 0.0929688 0.135156
0 0.0268555 0.226172 0.0533203 0.0796875
0 0.546875 0.701563 0.128906 0.328125
0 0.201367 0.739062 0.100391 0.120313
0 0.714453 0.0918945 0.0398437 0.0904297
0 0.216602 0.723047 0.0503906 0.101562
0 0.53125 0.735156 0.0921875 0.15625
0 0.12998 0.309766 0.259961 0.260938
0 0.945312 0.832031 0.0421875 0.0578125
0 0.559375 0.306641 0.0546875 0.0585938
0 0.480859 0.657031 0.324219 0.43125
0 0.540625 0.766797 0.071875 0.139844
0 0.435547 0.488672 0.261719 0.354688
0 0.194141 0.651563 0.226953 0.421875
0 0.5625 0.347266 0.078125 0.182812
0 0.50625 0.698438 0.128125 0.11875
0 0.519531 0.75625 0.114063 0.226562
0 0.616406 0.232227 0.767188 0.464453
0 0.352344 0.401563 0.130469 0.1625
0 0.551562 0.771875 0.101562 0.151562
0 0.527344 0.6375 0.110937 0.396875
0 0.885156 0.726562 0.0359375 0.053125
0 0.549219 0.750391 0.0703125 0.175781
0 0.665625 0.964453 0.0804688 0.0710938
0 0.94375 0.829688 0.034375 0.046875
0 0.366602 0.313281 0.733203 0.532031
0 0.0960693 0.355078 0.139111 0.121875
0 0.668359 0.501563 0.028125 0.065625
0 0.664844 0.0535645 0.125 0.0963867
0 0.218799 0.323438 0.0936523 0.126563
0 0.644531 0.194922 0.185938 0.389844
0 0.564844 0.52334 0.16875 0.458008
0 0.391016 0.195654 0.782031 0.366504
0 0.214844 0.741406 0.0726563 0.126563
0 0.5375 0.585156 0.05 0.1
0 0.450781 0.671875 0.090625 0.103125
0 0.564063 0.332617 0.0703125 0.129297
0 0.519531 0.548438 0.0828125 0.140625
0 0.551562 0.727344 0.0578125 0.135937
0 0.573828 0.316797 0.0546875 0.0734375
0 0.567969 0.319531 0.065625 0.0949219
0 0.709766 0.491406 0.108594 0.059375
0 0.598828 0.149023 0.500781 0.298047
0 0.458594 0.260547 0.0453125 0.0648438
0 0.595313 0.024707 0.0257812 0.0327148
0 0.888281 0.732031 0.0328125 0.05
0 0.541797 0.722266 0.0664062 0.132031
0 0.262158 0.000292969 0.178809 0.000585938
0 0.140015 0.000427246 0.184814 0.000854492
0 0.951563 0.840625 0.05625 0.0796875
0 0.179736 0.000439453 0.19209 0.000878906
0 0.664844 0.494141 0.0375 0.0820312
0 0.664062 0.4875 0.0546875 0.078125
0 0.588281 0.0243652 0.03125 0.0330078
0 0.60625 0.0252808 0.034375 0.0340088
0 0.71875 0.11228 0.0578125 0.102783
0 0.617969 0.0255371 0.0421875 0.0352539
0 0.214062 0.745313 0.0960938 0.146875
0 0.194531 0.721875 0.096875 0.104688
0 0.234375 0.332813 0.114063 0.104688
0 0.673828 0.147168 0.146094 0.294336
0 0.627344 0.0311523 0.053125 0.0521484
0 0.220508 0.000488281 0.205859 0.000976562
0 0.527344 0.701953 0.0859375 0.0875
0 0.671875 0.494531 0.040625 0.0640625
0 0.617578 0.0336426 0.05625 0.0577148
0 0.663281 0.225391 0.153125 0.450781
0 0.667578 0.541406 0.436719 0.628125
0 0.105566 0.000305176 0.193945 0.000610352
0 0.609375 0.0616699 0.25 0.119238
0 0.5375 0.523828 0.121875 0.451562
0 0.464844 0.480469 0.078125 0.0765625
0 0.608594 0.0335938 0.046875 0.0572266
0 0.516797 0.514453 0.1125 0.435937
0 0.720703 0.0741211 0.0695313 0.13418
0 0.55 0.344531 0.103906 0.202344
0 0.55 0.314453 0.0765625 0.078125
0 0.599219 0.0366211 0.0421875 0.0638672
0 0.554688 0.000500488 0.185938 0.00100098
0 0.479688 0.635938 0.179688 0.248438
0 0.430859 0.000366211 0.196094 0.000732422
0 0.426465 0.657813 0.108008 0.10625
0 0.45625 0.273633 0.059375 0.0890625
0 0.540625 0.688281 0.053125 0.0609375
0 0.577344 0.695312 0.184375 0.317188
0 0.532813 0.788281 0.0890625 0.154688
0 0.378906 0.000390625 0.184375 0.00078125
0 0.649219 0.0438477 0.121875 0.0824219
0 0.625781 0.0410156 0.0835937 0.0757812
0 0.470215 0.000268555 0.200195 0.000537109
0 0.599219 0.0301636 0.0359375 0.0494385
0 0.509766 0.628516 0.121094 0.191406
0 0.590625 0.000231934 0.182812 0.000463867
0 0.539062 0.689453 0.065625 0.116406
0 0.413379 0.639844 0.113867 0.134375
0 0.67334 0.37207 0.65332 0.744141
0 0.629687 0.0250488 0.034375 0.034082
0 0.484766 0.473047 0.0390625 0.0554687
0 0.496094 0.751953 0.160938 0.250781
0 0.472656 0.475 0.0632813 0.065625
0 0.0926758 0.376953 0.159961 0.14375
0 0.678906 0.960156 0.0921875 0.0796875
0 0.192773 0.530469 0.108984 0.150781
0 0.679688 0.49375 0.0625 0.065625
0 0.346875 0.000366211 0.157031 0.000732422
0 0.3625 0.425 0.164844 0.135937
0 0.54375 0.700781 0.059375 0.0875
0 0.66875 0.962109 0.05 0.0757812
0 0.488281 0.667578 0.148438 0.175
0 0.662891 0.0985352 0.383594 0.19707
0 0.410547 0.635547 0.525781 0.485156
0 0.0850586 0.00032959 0.170117 0.00065918
0 0.740625 0.0823242 0.132812 0.157617
0 0.279687 0.110742 0.0273438 0.0507812
0 0.509766 0.000439453 0.211719 0.000878906
0 0.541406 0.305859 0.096875 0.100781
0 0.646875 0.0334473 0.0765625 0.0573242
0 0.514844 0.666016 0.120313 0.185938
0 0.675 0.502344 0.0382813 0.0609375
0 0.642188 0.0250488 0.0484375 0.0348633
0 0.571875 0.781055 0.125 0.137891
0 0.325977 0.57959 0.537109 0.47207
0 0.0325195 0.249219 0.0650391 0.138672
0 0.562109 0.412891 0.664844 0.825781
0 0.522656 0.554297 0.49375 0.621094
0 0.483984 0.584375 0.371094 0.584375
0 0.564844 0.758594 0.134375 0.203125
0 0.51875 0.688672 0.283594 0.371094
0 0.566016 0.691797 0.217188 0.353906
0 0.506641 0.514453 0.657031 0.774219
0 0.14082 0.292188 0.281641 0.225
0 0.5625 0.305859 0.065625 0.0632813
0 0.710156 0.0767578 0.0554687 0.119922
0 0.400879 0.507715 0.201367 0.381445
0 0.717188 0.471875 0.159375 0.110937
0 0.576172 0.269336 0.694531 0.537109
0 0.385938 0.476465 0.16875 0.312695
0 0.715625 0.491406 0.115625 0.059375
0 0.655469 0.48125 0.0453125 0.0703125
0 0.5625 0.303906 0.071875 0.0828125
0 0.569531 0.30918 0.05 0.0511719
0 0.479297 0.670703 0.330469 0.414844
0 0.549219 0.639844 0.167187 0.415625
0 0.457031 0.707031 0.265625 0.346875
0 0.373047 0.530469 0.582031 0.685938
0 0.389844 0.436719 0.178125 0.226562
0 0.553906 0.7 0.155469 0.321875
0 0.435547 0.324609 0.819531 0.649219
0 0.510938 0.758203 0.250781 0.225781
0 0.56875 0.791406 0.134375 0.160938
0 0.371875 0.418652 0.144531 0.192383
0 0.0832031 0.299219 0.166406 0.215625
0 0.714844 0.4875 0.139063 0.071875
0 0.526563 0.679297 0.135937 0.341406
0 0.0356445 0.275 0.0712891 0.163281
0 0.632812 0.390234 0.28125 0.319531
0 0.458594 0.2625 0.0453125 0.0660156
0 0.650781 0.472656 0.040625 0.0484375
0 0.6625 0.485156 0.0351562 0.071875
0 0.558984 0.619531 0.264844 0.49375
0 0.552344 0.776758 0.16875 0.196484
0 0.69375 0.0896484 0.139063 0.171484
0 0.664453 0.486719 0.025 0.0640625
0 0.655469 0.483203 0.059375 0.0890625
0 0.704688 0.480469 0.129688 0.1
0 0.714063 0.0852539 0.04375 0.0966797
0 0.713672 0.496875 0.0882813 0.0507812
0 0.482031 0.679688 0.184375 0.309375
0 0.718359 0.10918 0.0507812 0.0732422
0 0.388281 0.7375 0.217969 0.284375
0 0.575781 0.735547 0.165625 0.236719
0 0.557422 0.304297 0.0492188 0.0507812
0 0.636719 0.0677246 0.204688 0.13252
0 0.454688 0.542578 0.7125 0.586719
0 0.608203 0.218359 0.577344 0.436719
0 0.374414 0.487891 0.748828 0.735156
0 0.519531 0.717578 0.225 0.311719
0 0.691016 0.0769531 0.0867188 0.141406
0 0.536719 0.566016 0.0320312 0.0539063
0 0.441797 0.503223 0.21875 0.382617
0 0.353516 0.400391 0.128125 0.146094
0 0.666406 0.496484 0.021875 0.0492188
0 0.715234 0.103735 0.0351562 0.0612793
0 0.478125 0.473438 0.05 0.05625
0 0.445703 0.264062 0.0664062 0.06875
0 0.694531 0.492969 0.0921875 0.0625
0 0.305469 0.388379 0.609375 0.71543
0 0.650781 0.474219 0.0476562 0.0640625
0 0.646094 0.471875 0.0632813 0.0960938
0 0.460938 0.268359 0.059375 0.0773438
0 0.517188 0.705078 0.10625 0.0921875
0 0.557813 0.336328 0.0828125 0.164062
0 0.367578 0.432031 0.152344 0.0984375
0 0.0954102 0.348047 0.131055 0.107031
0 0.589453 0.638281 0.20625 0.442188
0 0.436719 0.262109 0.0921875 0.0882813
0 0.549902 0.186719 0.795508 0.373437
0 0.461328 0.635156 0.213281 0.260938
0 0.467187 0.476562 0.071875 0.065625
0 0.575781 0.307422 0.096875 0.103906
0 0.532031 0.689844 0.0765625 0.0578125
0 0.485938 0.473047 0.034375 0.0507812
0 0.707031 0.122852 0.164062 0.239453
0 0.40625 0.258594 0.0421875 0.0585938
0 0.375098 0.528906 0.14668 0.421875
0 0.423047 0.262891 0.0648438 0.0710938
0 0.487891 0.740625 0.301563 0.279687
0 0.526953 0.573438 0.0601563 0.090625
0 0.667969 0.504687 0.0265625 0.05625
0 0.507031 0.278906 0.046875 0.0554687
0 0.494141 0.278516 0.0703125 0.0632813
0 0.709375 0.105835 0.0515625 0.070752
0 0.0330933 0.230078 0.0627197 0.0871094
0 0.689844 0.499219 0.0734375 0.053125
0 0.400391 0.594629 0.489844 0.576367
0 0.451953 0.364844 0.157813 0.279687
0 0.664062 0.4875 0.0609375 0.0726563
0 0.702344 0.464453 0.154688 0.134375
0 0.412109 0.804688 0.166406 0.148438
0 0.365039 0.410156 0.167578 0.136719
0 0.475391 0.784375 0.310156 0.1875
0 0.580078 0.288281 0.117969 0.108594
0 0.546094 0.682031 0.04375 0.0453125
0 0.473438 0.273633 0.0859375 0.0765625
0 0.671875 0.0774414 0.1375 0.149023
0 0.572656 0.81875 0.146875 0.125
0 0.503906 0.366602 0.175 0.285547
0 0.460938 0.495313 0.0859375 0.120313
0 0.590234 0.404004 0.214844 0.35293
0 0.664062 0.496875 0.0375 0.078125
0 0.415625 0.255469 0.0640625 0.0773438
0 0.53125 0.571094 0.0492188 0.0734375
0 0.525781 0.5625 0.0546875 0.0703125
0 0.595313 0.0243896 0.0265625 0.0327637
0 0.417969 0.361914 0.211719 0.273047
0 0.49375 0.291992 0.075 0.0882813
0 0.696875 0.454688 0.229687 0.142188
0 0.573828 0.804688 0.132031 0.0875
0 0.689844 0.341992 0.03125 0.0539063
0 0.550391 0.309375 0.0851563 0.075
0 0.608594 0.0249023 0.034375 0.0342773
0 0.240625 0.34375 0.105469 0.0726563
0 0.328125 0.283984 0.65625 0.540625
0 0.250391 0.344531 0.0734375 0.0617188
0 0.53125 0.735938 0.096875 0.15625
0 0.586719 0.0243408 0.0335938 0.0325684
0 0.535156 0.510059 0.2875 0.420508
0 0.595313 0.295703 0.139063 0.142969
0 0.441406 0.746094 0.260938 0.275
0 0.486328 0.512109 0.174219 0.453906
0 0.714063 0.178516 0.173438 0.353906
0 0.671094 0.494531 0.040625 0.0609375
0 0.409766 0.642188 0.130469 0.14375
0 0.045166 0.284766 0.090332 0.199219
0 0.270313 0.345508 0.0609375 0.0605469
0 0.667969 0.4875 0.0875 0.08125
0 0.562891 0.360938 0.238281 0.25625
0 0.683594 0.338281 0.0265625 0.0453125
0 0.528125 0.696875 0.0929688 0.0984375
0 0.390625 0.394531 0.179688 0.151562
0 0.489063 0.276563 0.09375 0.0742188
0 0.619531 0.0252441 0.0398437 0.0355469
0 0.666406 0.40459 0.242188 0.264258
0 0.0507812 0.319141 0.101562 0.260156
0 0.359375 0.289258 0.0335938 0.0355469
0 0.405469 0.249609 0.0375 0.0554687
0 0.678516 0.107227 0.147656 0.205078
0 0.404297 0.657813 0.227344 0.246875
0 0.0228027 0.220703 0.0418945 0.0578125
0 0.282031 0.342187 0.0414063 0.0484375
0 0.401563 0.766797 0.182812 0.225781
0 0.540234 0.685547 0.0585938 0.0492188
0 0.510938 0.721094 0.119531 0.142188
0 0.454297 0.584473 0.805469 0.61543
0 0.592969 0.41875 0.814063 0.834375
0 0.372266 0.515723 0.739844 0.72793
0 0.447656 0.408594 0.895312 0.817187
0 0.54375 0.53125 0.884375 0.664062
0 0.540527 0.483984 0.654883 0.785156
0 0.404687 0.270313 0.809375 0.527344
0 0.438672 0.623828 0.572656 0.514844
0 0.708594 0.0761719 0.0625 0.135156
0 0.0992187 0.32207 0.198437 0.276953
0 0.707812 0.475781 0.129688 0.126563
0 0.486328 0.698438 0.300781 0.348438
0 0.713281 0.0807617 0.046875 0.10918
0 0.497656 0.33125 0.914062 0.647656
0 0.0774414 0.298438 0.154883 0.225781
0 0.707031 0.491016 0.109375 0.0742188
0 0.0327637 0.270752 0.0655273 0.195215
0 0.191357 0.736719 0.144629 0.157813
0 0.143164 0.322266 0.286328 0.291406
0 0.400098 0.484473 0.198242 0.341992
0 0.628906 0.0643555 0.229687 0.123633
0 0.576953 0.257422 0.846094 0.500781
0 0.608594 0.000354004 0.204688 0.000708008
0 0.353125 0.400684 0.13125 0.158008
0 0.0962891 0.000598145 0.163672 0.00119629
0 0.222656 0.753125 0.0886719 0.146875
0 0.558594 0.000732422 0.210938 0.00146484
0 0.434766 0.7 0.299219 0.354688
0 0.714844 0.0929443 0.040625 0.0844238
0 0.114063 0.476953 0.228125 0.639844
0 0.485156 0.000561523 0.225781 0.00112305
0 0.647656 0.000439453 0.210938 0.000878906
0 0.420703 0.000500488 0.158594 0.00100098
0 0.559375 0.778125 0.154688 0.185938
0 0.132593 0.000585938 0.157471 0.00117188
0 0.382812 0.000512695 0.15625 0.00102539
0 0.17207 0.000500488 0.212891 0.00100098
0 0.27168 0.000341797 0.211328 0.000683594
0 0.0843506 0.194336 0.166455 0.388672
0 0.696094 0.0856445 0.0804688 0.149023
0 0.192236 0.710938 0.120996 0.142188
0 0.322656 0.4 0.642188 0.8
0 0.152539 0.734375 0.0898438 0.117188
0 0.621094 0.394531 0.321875 0.296875
0 0.230273 0.325391 0.124609 0.127344
0 0.232422 0.000500488 0.153906 0.00100098
0 0.571875 0.64375 0.220313 0.446875
0 0.0812988 0.376563 0.162598 0.3875
0 0.156445 0.533594 0.312891 0.735938
0 0.689063 0.465625 0.154688 0.139844
0 0.538281 0.795313 0.204688 0.171875
0 0.590625 0.0284668 0.053125 0.046875
0 0.0923828 0.511719 0.184766 0.832812
0 0.483203 0.764844 0.322656 0.220313
0 0.240234 0.338867 0.111719 0.0925781
0 0.571973 0.563184 0.579492 0.579883
0 0.619141 0.419922 0.722656 0.839844
0 0.322656 0.554297 0.628125 0.571094
0 0.708594 0.0751953 0.0578125 0.118555
0 0.479688 0.578516 0.5125 0.542969
0 0.527344 0.68125 0.139063 0.29375
0 0.484375 0.688281 0.185156 0.320312
0 0.378027 0.493848 0.74707 0.699805
0 0.696875 0.0730469 0.0859375 0.132422
0 0.621875 0.0677734 0.235938 0.126953
0 0.192383 0.735547 0.14375 0.144531
0 0.523438 0.583594 0.359375 0.529688
0 0.0335938 0.271094 0.0671875 0.16875
0 0.375 0.415234 0.153906 0.177344
0 0.128516 0.60459 0.257031 0.781445
0 0.428027 0.491504 0.25957 0.335742
0 0.7125 0.080957 0.04375 0.102148
0 0.547656 0.765625 0.110937 0.160938
0 0.0911133 0.58125 0.182227 0.8375
0 0.527344 0.769141 0.110937 0.163281
0 0.191016 0.719531 0.124219 0.128125
0 0.0734375 0.296484 0.146094 0.211719
0 0.673828 0.0726563 0.125 0.133984
0 0.564063 0.748438 0.115625 0.182812
0 0.705469 0.477344 0.120313 0.104688
0 0.499219 0.664062 0.146875 0.265625
0 0.44375 0.444531 0.810938 0.865625
0 0.702734 0.491406 0.103906 0.065625
0 0.567187 0.310547 0.0546875 0.0507812
0 0.401172 0.465625 0.198437 0.284375
0 0.35332 0.4125 0.135547 0.163281
0 0.276953 0.57334 0.553906 0.789258
0 0.0935547 0.480078 0.187109 0.597656
0 0.542188 0.761719 0.0609375 0.1125
0 0.211523 0.751172 0.116797 0.141406
0 0.042041 0.2875 0.084082 0.21875
0 0.627344 0.389062 0.296875 0.279687
0 0.533984 0.567969 0.034375 0.0578125
0 0.0346558 0.245312 0.0658447 0.117188
0 0.179639 0.842773 0.216504 0.314453
0 0.529297 0.575 0.0484375 0.0804688
0 0.0952881 0.000610352 0.156299 0.0012207
0 0.417969 0.306055 0.814063 0.612109
0 0.65 0.474219 0.05 0.065625
0 0.5625 0.304102 0.0671875 0.0796875
0 0.384766 0.502441 0.175781 0.360742
0 0.713281 0.0985352 0.040625 0.0736328
0 0.0322266 0.23125 0.0591797 0.0945313
0 0.548438 0.760156 0.084375 0.121875
0 0.170313 0.000805664 0.207031 0.00161133
0 0.60625 0.000598145 0.198437 0.00119629
0 0.133203 0.000805664 0.209375 0.00161133
0 0.0788086 0.364453 0.157617 0.349219
0 0.425 0.554688 0.85 0.609375
0 0.473047 0.000854492 0.223438 0.00170898
0 0.618359 0.027002 0.0539063 0.0374023
0 0.131421 0.000610352 0.150439 0.0012207
0 0.615625 0.419922 0.304688 0.202344
0 0.557031 0.0010498 0.204688 0.00209961
0 0.714453 0.0986328 0.0578125 0.0970703
0 0.0544434 0.327344 0.108887 0.277344
0 0.5875 0.0251953 0.0554687 0.0337891
0 0.0366455 0.341602 0.073291 0.316797
0 0.193311 0.757031 0.155566 0.142188
0 0.271045 0.000622559 0.211816 0.00124512
0 0.558594 0.627734 0.190625 0.399219
0 0.437402 0.6875 0.289258 0.33125
0 0.407715 0.000512695 0.151758 0.00102539
0 0.0262695 0.276367 0.0525391 0.195703
0 0.598437 0.0252441 0.0445313 0.034375
0 0.446094 0.000549316 0.160938 0.00109863
0 0.242627 0.000561523 0.146777 0.00112305
0 0.578906 0.0610352 0.324219 0.113086
0 0.369922 0.000512695 0.149219 0.00102539
0 0.178174 0.773438 0.166309 0.18125
0 0.519531 0.614062 0.214062 0.478125
0 0.0224365 0.226172 0.0438965 0.0804688
0 0.515625 0.576172 0.08125 0.0960938
0 0.232813 0.000842285 0.206641 0.00168457
0 0.0896484 0.375 0.158203 0.15
0 0.383594 0.000878906 0.210156 0.00175781
0 0.552344 0.697656 0.159375 0.289062
0 0.160742 0.640723 0.250781 0.688867
0 0.0949219 0.319141 0.189844 0.253125
0 0.646094 0.000683594 0.20625 0.00136719
0 0.0680664 0.00045166 0.136133 0.00090332
0 0.575 0.312305 0.034375 0.04375
0 0.184326 0.657422 0.181348 0.455469
0 0.577344 0.0247559 0.084375 0.0333008
0 0.964063 0.488281 0.071875 0.113281
0 0.441406 0.574609 0.242188 0.319531
0 0.651563 0.483984 0.05625 0.0773438
0 0.705859 0.0877197 0.0945313 0.163623
0 0.611719 0.0303711 0.0578125 0.0488281
0 0.212061 0.734375 0.0829102 0.129688
0 0.418652 0.632812 0.133008 0.126563
0 0.626563 0.0262207 0.0445313 0.0352539
0 0.226953 0.966797 0.0851563 0.0664062
0 0.689063 0.464063 0.154688 0.132812
0 0.509766 0.0010498 0.16875 0.00209961
0 0.600781 0.0324341 0.0546875 0.055249
0 0.461621 0.635156 0.201758 0.225
0 0.205518 0.719141 0.0858398 0.0945313
0 0.197852 0.703906 0.0953125 0.0859375
0 0.173633 0.728906 0.127734 0.134375
0 0.214062 0.644922 0.323438 0.685156
0 0.371289 0.940625 0.115234 0.11875
0 0.961719 0.458496 0.0765625 0.175195
0 0.701172 0.000463867 0.144531 0.000927734
0 0.528125 0.770312 0.0890625 0.129688
0 0.217188 0.725 0.0601563 0.10625
0 0.5625 0.951172 0.104688 0.0976562
0 0.170898 0.726172 0.240234 0.525781
0 0.154492 0.798438 0.182031 0.210938
0 0.34082 0.40166 0.176172 0.151367
0 0.575781 0.0281128 0.0695313 0.0426025
0 0.644531 0.466016 0.0515625 0.065625
0 0.973437 0.690625 0.05 0.0734375
0 0.133691 0.328516 0.267383 0.275781
0 0.0220703 0.262109 0.0441406 0.1625
0 0.0840088 0.471191 0.166357 0.374805
0 0.087207 0.596094 0.0908203 0.075
0 0.702344 0.0746094 0.134375 0.137891
0 0.707031 0.102759 0.0484375 0.0687012
0 0.33418 0.000439453 0.143359 0.000878906
0 0.30918 0.000610352 0.216016 0.0012207
0 0.557813 0.308203 0.0703125 0.0566406
0 0.514844 0.783594 0.129688 0.164062
0 0.202734 0.7625 0.272656 0.459375
0 0.321875 0.396875 0.275781 0.152344
0 0.0352539 0.40459 0.0705078 0.458008
0 0.363672 0.566016 0.657031 0.524219
0 0.550781 0.541504 0.8375 0.59043
0 0.704688 0.0740723 0.065625 0.122559
0 0.301563 0.598047 0.545313 0.435156
0 0.604688 0.432813 0.790625 0.865625
0 0.477344 0.679297 0.200781 0.303906
0 0.696094 0.0714355 0.0929688 0.13291
0 0.408203 0.50625 0.767969 0.63125
0 0.505469 0.667188 0.142188 0.28125
0 0.671094 0.071875 0.132812 0.135937
0 0.188672 0.551172 0.246875 0.185156
0 0.124023 0.55625 0.186719 0.179688
0 0.130566 0.58125 0.0927734 0.103125
0 0.628125 0.0683106 0.21875 0.127637
0 0.526563 0.676953 0.142188 0.296094
0 0.547656 0.736719 0.117969 0.175
0 0.146289 0.577344 0.202734 0.225
0 0.425781 0.66875 0.305469 0.298438
0 0.187305 0.525391 0.0851563 0.125781
0 0.121484 0.590625 0.0910156 0.1
0 0.702344 0.345703 0.0546875 0.0617188
0 0.713281 0.0779541 0.0484375 0.10542
0 0.952344 0.865625 0.071875 0.128125
0 0.5625 0.310547 0.059375 0.0585938
0 0.171582 0.589063 0.216992 0.257812
0 0.973437 0.690625 0.053125 0.0796875
0 0.11123 0.584766 0.186133 0.205469
0 0.510547 0.567969 0.432031 0.51875
0 0.475391 0.635156 0.196094 0.21875
0 0.0646484 0.292188 0.129297 0.203906
0 0.427734 0.4375 0.255469 0.232031
0 0.641406 0.458594 0.059375 0.0765625
0 0.567969 0.311719 0.0484375 0.0460938
0 0.647656 0.467187 0.0515625 0.0671875
0 0.0359619 0.272314 0.0719238 0.195215
0 0.0863037 0.603125 0.114111 0.075
0 0.154102 0.541406 0.235938 0.189063
0 0.560938 0.299609 0.0671875 0.1
0 0.148926 0.570312 0.0771484 0.09375
0 0.684375 0.0851807 0.113281 0.162842
0 0.61875 0.0258789 0.046875 0.0359375
0 0.714063 0.347656 0.071875 0.0640625
0 0.0405762 0.320117 0.0811523 0.279297
0 0.152344 0.555078 0.09375 0.121094
0 0.609375 0.0254395 0.0484375 0.0358398
0 0.03125 0.255518 0.0625 0.166309
0 0.221436 0.966406 0.0930664 0.0671875
0 0.311719 0.700391 0.589063 0.599219
0 0.113477 0.590625 0.125 0.107813
0 0.648438 0.477344 0.0601563 0.084375
0 0.767969 0.960156 0.0390625 0.071875
0 0.194727 0.744141 0.149609 0.147656
0 0.211279 0.616406 0.386035 0.329688
0 0.596875 0.0246338 0.0328125 0.0339355
0 0.673047 0.0444824 0.107031 0.0760742
0 0.549609 0.6875 0.14375 0.273438
0 0.720703 0.0915039 0.122656 0.172461
0 0.444531 0.421875 0.889063 0.84375
0 0.536328 0.566016 0.034375 0.05625
0 0.044873 0.286914 0.0897461 0.205859
0 0.21875 0.548828 0.347656 0.188281
0 0.588281 0.0244873 0.0414063 0.0340332
0 0.103125 0.000634766 0.144922 0.00126953
0 0.951563 0.902344 0.09375 0.195312
0 0.547266 0.978125 0.0671875 0.04375
0 0.0746582 0.601562 0.0991211 0.0898438
0 0.172168 0.531641 0.0822266 0.124219
0 0.691406 0.343359 0.04375 0.0554687
0 0.589063 0.947656 0.128125 0.104688
0 0.694922 0.0568481 0.0664062 0.0925537
0 0.611719 0.0314331 0.0546875 0.0519775
0 0.0964844 0.551562 0.192969 0.19375
0 0.682422 0.0621582 0.0945313 0.11084
0 0.638281 0.464844 0.078125 0.1
0 0.225195 0.974609 0.0824219 0.0507812
0 0.383496 0.414746 0.19707 0.183008
0 0.203857 0.637891 0.255566 0.367969
0 0.133105 0.582422 0.107617 0.146094
0 0.751563 0.0986328 0.178125 0.185547
0 0.702734 0.345508 0.0664062 0.0800781
0 0.603027 0.497656 0.626758 0.679688
0 0.630469 0.0254395 0.0328125 0.0339844
0 0.100781 0.58125 0.151172 0.128125
0 0.139453 0.000561523 0.141406 0.00112305
0 0.0956787 0.604688 0.0691895 0.0703125
0 0.111035 0.601172 0.0783203 0.090625
0 0.645312 0.393359 0.310937 0.285938
0 0.601953 0.0297852 0.04375 0.0487305
0 0.16377 0.632031 0.216211 0.346875
0 0.5125 0.736719 0.153125 0.179688
0 0.108984 0.602344 0.0644531 0.071875
0 0.118555 0.000622559 0.206641 0.00124512
0 0.698438 0.073584 0.132812 0.137793
0 0.592188 0.0286133 0.0421875 0.046582
0 0.206592 0.511719 0.118066 0.13125
0 0.564063 0.95625 0.1125 0.0875
0 0.214111 0.531641 0.27334 0.1625
0 0.0758789 0.472266 0.151758 0.341406
0 0.150977 0.516406 0.294922 0.244531
0 0.228906 0.000512695 0.144922 0.00102539
0 0.528906 0.576563 0.05 0.0804688
0 0.714063 0.09729 0.0734375 0.113232
0 0.164844 0.000561523 0.140625 0.00112305
0 0.962109 0.809961 0.0757812 0.380078
0 0.035498 0.235352 0.0672852 0.102734
0 0.287109 0.517578 0.557031 0.610156
0 0.621094 0.0300781 0.0578125 0.0480469
0 0.165723 0.000671387 0.202539 0.00134277
0 0.253467 0.000634766 0.205566 0.00126953
0 0.0834961 0.508203 0.166992 0.602344
0 0.107617 0.598437 0.107031 0.0875
0 0.634375 0.452344 0.075 0.0867188
0 0.969531 0.704688 0.0609375 0.107813
0 0.496094 0.746484 0.207813 0.185156
0 0.533594 0.56875 0.0453125 0.071875
0 0.651563 0.478906 0.08125 0.090625
0 0.122437 0.595313 0.108252 0.145313
0 0.0920898 0.00065918 0.18418 0.00131836
0 0.515625 0.579688 0.08125 0.0929688
0 0.667188 0.0342773 0.0953125 0.0540039
0 0.142285 0.567187 0.110742 0.145313
0 0.466406 0.472266 0.08125 0.0695313
0 0.695312 0.0418823 0.05625 0.0640869
0 0.599219 0.000537109 0.182812 0.00107422
0 0.510938 0.980469 0.120313 0.0390625
0 0.192188 0.727344 0.126953 0.135937
0 0.580469 0.0606934 0.321094 0.114355
0 0.563281 0.747266 0.123438 0.158594
0 0.532813 0.712109 0.120313 0.225781
0 0.0755371 0.325781 0.151074 0.273438
0 0.291016 0.580469 0.575 0.532813
0 0.705469 0.0750977 0.065625 0.118555
0 0.397754 0.569141 0.637305 0.567969
0 0.51084 0.560547 0.44707 0.572656
0 0.476562 0.683594 0.196875 0.315625
0 0.517188 0.677734 0.125 0.300781
0 0.671094 0.0695313 0.132812 0.129688
0 0.563281 0.427344 0.68125 0.854688
0 0.696875 0.0655273 0.0820312 0.121094
0 0.314453 0.678125 0.589844 0.64375
0 0.632812 0.0669922 0.204688 0.123047
0 0.562891 0.309375 0.0585938 0.0632813
0 0.550781 0.739844 0.121875 0.176563
0 0.569141 0.312109 0.0460938 0.0492188
0 0.561719 0.302344 0.065625 0.090625
0 0.547266 0.491797 0.564844 0.674219
0 0.427734 0.460254 0.254688 0.285742
0 0.346875 0.498437 0.69375 0.7
0 0.0743164 0.471973 0.14668 0.343555
0 0.499219 0.645703 0.145313 0.241406
0 0.187549 0.526563 0.0842773 0.117969
0 0.379004 0.419531 0.166992 0.196875
0 0.192627 0.739062 0.135059 0.146875
0 0.129395 0.614453 0.254883 0.771094
0 0.507812 0.617578 0.2625 0.463281
0 0.426465 0.674609 0.293945 0.325781
0 0.339063 0.403125 0.102344 0.146094
0 0.657422 0.0884766 0.157813 0.164453
0 0.0344238 0.276563 0.0682617 0.190625
0 0.7125 0.077832 0.046875 0.105078
0 0.135645 0.583594 0.0826172 0.0945313
0 0.195117 0.839063 0.197266 0.321875
0 0.546875 0.68125 0.164844 0.303125
0 0.118555 0.544141 0.185938 0.192969
0 0.194727 0.632715 0.365234 0.73457
0 0.436328 0.428125 0.767969 0.85625
0 0.128418 0.585156 0.0958984 0.115625
0 0.352344 0.414062 0.133594 0.182812
0 0.501953 0.753125 0.202344 0.207813
0 0.0478516 0.285938 0.0957031 0.198437
0 0.183936 0.544531 0.23916 0.191406
0 0.516406 0.578125 0.0734375 0.0984375
0 0.201172 0.655859 0.232031 0.424219
0 0.682813 0.0667969 0.09375 0.115625
0 0.541406 0.566797 0.323438 0.544531
0 0.532813 0.570312 0.0375 0.065625
0 0.0855469 0.567187 0.171094 0.825
0 0.411328 0.423828 0.21875 0.205469
0 0.528125 0.577344 0.0484375 0.084375
0 0.0805176 0.504785 0.161035 0.62168
0 0.0889648 0.566016 0.15 0.15625
0 0.650781 0.478125 0.05 0.08125
0 0.952344 0.864062 0.059375 0.121875
0 0.508594 0.741406 0.154688 0.2
0 0.562109 0.325586 0.0640625 0.121484
0 0.164648 0.695312 0.301172 0.60625
0 0.649219 0.46875 0.0453125 0.0640625
0 0.487598 0.682031 0.262305 0.346875
0 0.129492 0.528906 0.136328 0.185938
0 0.228516 0.961719 0.1 0.0765625
0 0.707031 0.0832275 0.096875 0.156201
0 0.212061 0.752344 0.105566 0.140625
0 0.0655762 0.295703 0.131152 0.214844
0 0.561719 0.764453 0.146875 0.208594
0 0.701563 0.471484 0.127344 0.109375
0 0.6375 0.384473 0.271875 0.293555
0 0.152441 0.556641 0.207227 0.207813
0 0.106152 0.544531 0.133398 0.184375
0 0.0732422 0.329492 0.146484 0.286328
0 0.466504 0.61875 0.195117 0.228125
0 0.228125 0.972656 0.0792969 0.0546875
0 0.507812 0.56875 0.0921875 0.125
0 0.702344 0.484375 0.117188 0.08125
0 0.417969 0.635938 0.110156 0.129688
0 0.173828 0.624219 0.20625 0.348438
0 0.682031 0.444922 0.598437 0.886719
0 0.0855469 0.603125 0.0945313 0.078125
0 0.574219 0.741016 0.119531 0.172656
0 0.544922 0.761719 0.059375 0.10625
0 0.561719 0.960938 0.103906 0.078125
0 0.127539 0.576563 0.205078 0.254688
0 0.450781 0.594141 0.325781 0.519531
0 0.0901367 0.37168 0.133398 0.154297
0 0.696484 0.0647461 0.0648438 0.106445
0 0.975 0.690234 0.05 0.075
0 0.354297 0.387109 0.105469 0.161719
0 0.0377441 0.295312 0.0754883 0.242188
0 0.206641 0.757812 0.355469 0.484375
0 0.603906 0.000610352 0.2 0.0012207
0 0.585547 0.0630859 0.298438 0.117969
0 0.0904297 0.530469 0.180859 0.21875
0 0.112915 0.572656 0.132373 0.142188
0 0.155664 0.573828 0.05625 0.0765625
0 0.199219 0.520703 0.10625 0.132031
0 0.212695 0.520312 0.289062 0.175
0 0.479297 0.475 0.0523438 0.0640625
0 0.541406 0.716016 0.0679687 0.121094
0 0.120703 0.596875 0.0824219 0.0875
0 0.0395508 0.34082 0.0791016 0.322266
0 0.465625 0.477344 0.0789063 0.078125
0 0.688281 0.4625 0.154688 0.13125
0 0.551562 0.0010498 0.19375 0.00209961
0 0.193164 0.760938 0.154297 0.14375
0 0.102637 0.000732422 0.14668 0.00146484
0 0.0312012 0.258203 0.059375 0.146484
0 0.618359 0.0256348 0.0421875 0.0349609
0 0.175781 0.533594 0.0753906 0.114063
0 0.768359 0.958594 0.0351562 0.0625
0 0.571484 0.314063 0.05625 0.0609375
0 0.698828 0.344531 0.0453125 0.053125
0 0.675 0.0486328 0.101562 0.0816406
0 0.155859 0.685938 0.205078 0.423438
0 0.3625 0.351953 0.0867188 0.0679687
0 0.540625 0.737109 0.0765625 0.163281
0 0.5875 0.024707 0.0390625 0.0337891
0 0.235889 0.935938 0.136816 0.128125
0 0.608984 0.0251831 0.0460938 0.03479
0 0.596484 0.0246338 0.0320312 0.0335449
0 0.551562 0.978125 0.0640625 0.04375
0 0.143555 0.575 0.0925781 0.120313
0 0.570703 0.95 0.116406 0.1
0 0.509766 0.000927734 0.228906 0.00185547
0 0.225 0.757422 0.084375 0.124219
0 0.567969 0.300977 0.075 0.112891
0 0.672266 0.473438 0.238281 0.110937
0 0.138867 0.000646973 0.142578 0.00129395
0 0.159277 0.557813 0.0755859 0.103125
0 0.111523 0.592969 0.11875 0.101562
0 0.446484 0.413379 0.288281 0.22168
0 0.251953 0.975781 0.0695313 0.0484375
0 0.554688 0.628906 0.25625 0.43125
0 0.16416 0.000610352 0.142773 0.0012207
0 0.229687 0.000585938 0.152344 0.00117188
0 0.117773 0.000561523 0.213672 0.00112305
0 0.401563 0.494434 0.203125 0.343945
0 0.460938 0.464844 0.101562 0.134375
0 0.139673 0.548828 0.137061 0.154688
0 0.390234 0.493359 0.741406 0.54375
0 0.602344 0.00695801 0.245312 0.013916
0 0.458203 0.724219 0.239844 0.248438
0 0.0859375 0.609766 0.0808594 0.103125
0 0.210938 0.739062 0.0847656 0.134375
0 0.64375 0.461719 0.0539063 0.0734375
0 0.552344 0.311914 0.0703125 0.0824219
0 0.478906 0.761719 0.270313 0.220313
0 0.307617 0.587109 0.606641 0.553906
0 0.707812 0.0761719 0.0671875 0.116406
0 0.669141 0.0713867 0.139844 0.129492
0 0.496484 0.5625 0.580469 0.6
0 0.520312 0.680078 0.128125 0.300781
0 0.6 0.426563 0.796875 0.853125
0 0.482031 0.689453 0.188281 0.327344
0 0.533984 0.569922 0.333594 0.575781
0 0.414844 0.594141 0.542969 0.558594
0 0.6375 0.0719727 0.201563 0.130469
0 0.545313 0.690234 0.160938 0.317969
0 0.5625 0.306641 0.0601563 0.071875
0 0.559766 0.766406 0.125781 0.1875
0 0.445312 0.689453 0.264062 0.349219
0 0.522266 0.492188 0.713281 0.690625
0 0.544531 0.655469 0.28125 0.421875
0 0.373047 0.485547 0.728906 0.632031
0 0.7125 0.0789063 0.0484375 0.105078
0 0.567578 0.311328 0.05 0.0539063
0 0.337891 0.707031 0.594531 0.585938
0 0.571875 0.591016 0.248438 0.530469
0 0.600391 0.563672 0.366406 0.588281
0 0.425 0.423828 0.249219 0.210156
0 0.561328 0.300781 0.0695313 0.0972656
0 0.392871 0.447656 0.739258 0.432813
0 0.510156 0.633594 0.121875 0.210938
0 0.388672 0.425 0.190625 0.203125
0 0.5125 0.692578 0.264062 0.355469
0 0.524219 0.761719 0.173438 0.2125
0 0.542969 0.750391 0.129688 0.213281
0 0.300391 0.498047 0.582031 0.499219
0 0.435156 0.420703 0.870313 0.689844
0 0.953125 0.8625 0.065625 0.115625
0 0.513281 0.697266 0.1625 0.339844
0 0.710938 0.0810547 0.103125 0.14668
0 0.199414 0.753906 0.142578 0.145313
0 0.556641 0.305859 0.046875 0.059375
0 0.197656 0.639941 0.382031 0.718555
0 0.254492 0.71875 0.468359 0.5625
0 0.609766 0.446094 0.280469 0.211719
0 0.445703 0.646875 0.246094 0.246875
0 0.566016 0.790625 0.13125 0.160938
0 0.133105 0.630469 0.266211 0.735938
0 0.573438 0.750781 0.132812 0.185938
0 0.544531 0.763281 0.0671875 0.107813
0 0.752734 0.126563 0.164844 0.246094
0 0.705469 0.473438 0.117188 0.103125
0 0.126758 0.589844 0.0820312 0.0890625
0 0.616016 0.471191 0.616406 0.785742
0 0.231836 0.961719 0.0949219 0.0765625
0 0.576953 0.627344 0.214844 0.396875
0 0.356641 0.417578 0.199219 0.1875
0 0.564063 0.728125 0.130469 0.245312
0 0.191797 0.732031 0.132422 0.142188
0 0.383594 0.324609 0.746875 0.636719
0 0.640234 0.164355 0.317969 0.320508
0 0.403516 0.469531 0.210156 0.296094
0 0.416797 0.637109 0.110156 0.124219
0 0.475781 0.630469 0.18125 0.2125
0 0.342187 0.407422 0.110156 0.152344
0 0.208545 0.781445 0.337598 0.437109
0 0.946875 0.901563 0.101562 0.196875
0 0.355859 0.41875 0.141406 0.175
0 0.945312 0.842188 0.046875 0.075
0 0.422656 0.648438 0.0921875 0.0953125
0 0.331836 0.423047 0.318359 0.196875
0 0.239063 0.967188 0.0695313 0.065625
0 0.657031 0.111621 0.170313 0.212695
0 0.101147 0.561719 0.144971 0.171875
0 0.688281 0.0744141 0.09375 0.114453
0 0.723047 0.0698242 0.105469 0.120117
0 0.460254 0.675391 0.349805 0.391406
0 0.975391 0.691016 0.0492188 0.0773438
0 0.534375 0.632812 0.140625 0.384375
0 0.873438 0.900781 0.248438 0.198437
0 0.477441 0.759375 0.260742 0.21875
0 0.13584 0.582812 0.0802734 0.090625
0 0.554688 0.761719 0.09375 0.117188
0 0.564063 0.0741699 0.340625 0.135645
0 0.532813 0.570312 0.0359375 0.065625
0 0.303906 0.403027 0.5875 0.44082
0 0.515625 0.578125 0.0796875 0.107813
0 0.626172 0.116797 0.225781 0.223438
0 0.204639 0.653125 0.250879 0.432813
0 0.578125 0.69375 0.190625 0.290625
0 0.191797 0.838086 0.217188 0.323828
0 0.528125 0.577734 0.05 0.090625
0 0.569531 0.311719 0.0609375 0.0648438
0 0.094165 0.598437 0.0628418 0.0734375
0 0.186914 0.522656 0.0816406 0.122656
0 0.0898438 0.381348 0.159375 0.15293
0 0.165625 0.711719 0.310937 0.573438
0 0.751563 0.0894531 0.164062 0.160938
0 0.630859 0.448047 0.252344 0.164844
0 0.499609 0.629687 0.0882813 0.1875
0 0.563281 0.691406 0.229687 0.353125
0 0.215674 0.7625 0.110059 0.134375
0 0.707812 0.441016 0.584375 0.880469
0 0.671094 0.139648 0.289062 0.274609
0 0.549219 0.748438 0.078125 0.146875
0 0.552344 0.309766 0.06875 0.0789063
0 0.653125 0.467578 0.214062 0.117188
0 0.482422 0.475781 0.046875 0.06875
0 0.942187 0.833594 0.0359375 0.0578125
0 0.116309 0.547656 0.142773 0.16875
0 0.540625 0.506641 0.271875 0.369531
0 0.238623 0.938281 0.13291 0.123438
0 0.767188 0.95625 0.0359375 0.065625
0 0.651172 0.473828 0.0492188 0.0804688
0 0.643359 0.551172 0.508594 0.622656
0 0.5625 0.957422 0.103125 0.0851563
0 0.921094 0.9 0.15625 0.196875
0 0.691406 0.464844 0.153125 0.125
0 0.464063 0.478906 0.084375 0.0875
0 0.10625 0.465723 0.211719 0.32793
0 0.0789063 0.567969 0.151562 0.145313
0 0.355078 0.572266 0.615625 0.596094
0 0.408203 0.527734 0.778906 0.674219
0 0.535547 0.541016 0.813281 0.644531
0 0.708594 0.0754883 0.0640625 0.118945
0 0.666016 0.0700684 0.142969 0.130566
0 0.438672 0.682813 0.285156 0.314063
0 0.522656 0.685938 0.135937 0.317188
0 0.59375 0.409766 0.784375 0.819531
0 0.523828 0.541797 0.563281 0.628906
0 0.561719 0.301172 0.0601563 0.0773438
0 0.55625 0.7625 0.110937 0.1875
0 0.686328 0.0688965 0.103906 0.126855
0 0.305078 0.497559 0.600781 0.718945
0 0.490625 0.696094 0.204688 0.3375
0 0.713672 0.0812256 0.046875 0.10083
0 0.565625 0.308203 0.0539063 0.0574219
0 0.346094 0.710938 0.560938 0.578125
0 0.536719 0.5625 0.034375 0.0554687
0 0.18667 0.756641 0.148535 0.160156
0 0.0304688 0.273047 0.0609375 0.203906
0 0.698438 0.517969 0.5375 0.66875
0 0.399316 0.634375 0.466992 0.475
0 0.532422 0.5625 0.0390625 0.0640625
0 0.953125 0.8625 0.0625 0.115625
0 0.0332886 0.260938 0.063501 0.146484
0 0.382812 0.424609 0.179688 0.211719
0 0.553906 0.301172 0.0421875 0.0648438
0 0.525781 0.570312 0.0671875 0.101562
0 0.95 0.85 0.053125 0.090625
0 0.460547 0.671875 0.326562 0.390625
0 0.552344 0.688281 0.128125 0.320312
0 0.18418 0.786133 0.173047 0.218359
0 0.116797 7.32422e-05 0.160938 0.000146484
0 0.0921875 0.56875 0.145703 0.148438
0 0.153931 4.88281e-05 0.159326 9.76563e-05
0 0.435156 0.424219 0.276563 0.224219
0 0.218018 0 0.163184 0
0 0.208789 0.770312 0.160938 0.179688
0 0.531641 0.569531 0.046875 0.075
0 0.163184 0.7625 0.16582 0.170313
0 0.683203 0.339063 0.0273438 0.0539063
0 0.526563 0.552734 0.0546875 0.0890625
0 0.714844 0.096582 0.0476562 0.0869141
0 0.126953 0.587891 0.0816406 0.0867188
0 0.50625 0.644141 0.135937 0.232813
0 0.951563 0.901563 0.0875 0.196875
0 0.127441 0.296289 0.254883 0.226172
0 0.698438 0.0800781 0.0875 0.118945
0 0.653906 0.0905273 0.167187 0.170898
0 0.3875 0.333984 0.757031 0.507031
0 0.41709 0 0.158008 0
0 0.708203 0.0757812 0.090625 0.139063
0 0.0307739 0.231641 0.0577881 0.105859
0 0.94375 0.832812 0.0375 0.0546875
0 0.946094 0.8375 0.0453125 0.065625
0 0.135937 0.000817871 0.235938 0.00163574
0 0.252539 2.44141e-05 0.155078 4.88281e-05
0 0.0937744 0.598437 0.0562012 0.0671875
0 0.0811523 3.66211e-05 0.161914 7.32422e-05
0 0.185986 0.00090332 0.238965 0.00180664
0 0.192188 0.739062 0.121094 0.125
0 0.358398 0.415234 0.155078 0.190625
0 0.32207 0.723437 0.502734 0.459375
0 0.527344 0.762891 0.129688 0.208594
0 0.285547 0.619922 0.535156 0.447656
0 0.378906 0 0.15625 0
0 0.540625 0.566016 0.053125 0.0773438
0 0.0695313 0.321094 0.139063 0.279687
0 0.247998 0.000854492 0.236816 0.00170898
0 0.569531 0.325586 0.201563 0.202734
0 0.538281 0.763672 0.0648438 0.105469
0 0.541406 0.742188 0.110156 0.220313
0 0.0841797 0.597656 0.0535156 0.0664062
0 0.976562 0.689063 0.0453125 0.0703125
0 0.212891 0.760938 0.129688 0.142188
0 0.621875 0.371875 0.26875 0.304688
0 0.0743164 0.469531 0.144727 0.339844
0 0.216406 0.826367 0.191016 0.297266
0 0.455371 0 0.162695 0
0 0.6875 0.343164 0.0328125 0.0566406
0 0.71875 0.40625 0.5625 0.8125
0 0.137793 0.578906 0.0759766 0.0859375
0 0.583203 0.25332 0.657031 0.506641
0 0.400391 0.6625 0.319531 0.259375
0 0.563281 0.7875 0.121875 0.165625
0 0.202148 0.742188 0.163672 0.159375
0 0.585156 0.292383 0.1125 0.105078
0 0.246484 0.762109 0.249219 0.172656
0 0.428125 0.393359 0.85625 0.783594
0 0.445215 0.540234 0.75957 0.607031
0 0.374219 0.571875 0.6 0.535937
0 0.588672 0.519629 0.700781 0.591992
0 0.53125 0.676562 0.173438 0.296875
0 0.232617 0.000195313 0.168359 0.000390625
0 0.195117 0.000195313 0.169531 0.000390625
0 0.659375 0.0687012 0.15625 0.127051
0 0.610938 0.339063 0.778125 0.671875
0 0.156348 0.00020752 0.16582 0.000415039
0 0.119507 0.00020752 0.168408 0.000415039
0 0.464063 0.680859 0.298438 0.310156
0 0.4375 0.612109 0.485938 0.458594
0 0.419141 7.32422e-05 0.163281 0.000146484
0 0.566797 0.747656 0.107813 0.153125
0 0.707031 0.0716797 0.0671875 0.121875
0 0.268164 0.000280762 0.162891 0.000561523
0 0.250586 0.000939941 0.237109 0.00187988
0 0.380859 7.32422e-05 0.161719 0.000146484
0 0.458203 0.000170898 0.169531 0.000341797
0 0.200977 0.00107422 0.240234 0.00214844
0 0.0837891 0.000170898 0.167578 0.000341797
0 0.150879 0.000854492 0.236914 0.00170898
0 0.343359 2.44141e-05 0.161719 4.88281e-05
0 0.461719 0.000744629 0.232813 0.00148926
0 0.569141 0.414941 0.655469 0.373242
0 0.305859 0.000195313 0.165625 0.000390625
0 0.621094 0.375 0.276563 0.300781
0 0.974609 0.690625 0.0507812 0.075
0 0.496875 0.000439453 0.175 0.000878906
0 0.108594 0.000695801 0.217188 0.0013916
0 0.411328 0.000952148 0.234375 0.0019043
0 0.56875 0.000402832 0.165625 0.000805664
0 0.299219 0.000732422 0.225781 0.00146484
0 0.713281 0.0827881 0.046875 0.098877
0 0.683594 0.0669922 0.125 0.122852
0 0.5125 0.000939941 0.23125 0.00187988
0 0.360547 0.000732422 0.230469 0.00146484
0 0.60625 0.000695801 0.207813 0.0013916
0 0.531641 0.000634766 0.166406 0.00126953
0 0.0306396 0.275586 0.0612793 0.216016
0 0.603906 0.000354004 0.157813 0.000708008
0 0.563281 0.679688 0.129688 0.2875
0 0.842969 0.000170898 0.1625 0.000341797
0 0.373437 0.407422 0.148438 0.175
0 0.0630371 4.88281e-05 0.126074 9.76563e-05
0 0.0463379 0.2875 0.0926758 0.224219
0 0.560156 0.00102539 0.21875 0.00205078
0 0.563281 0.301953 0.0578125 0.078125
0 0.553516 0.763672 0.119531 0.146094
0 0.805469 0.000195313 0.160938 0.000390625
0 0.9375 0.000463867 0.125 0.000927734
0 0.5375 0.558594 0.034375 0.05625
0 0.706641 0.485156 0.113281 0.0765625
0 0.90625 0.000256348 0.1625 0.000512695
0 0.715625 0.000195313 0.15625 0.000390625
0 0.564063 0.79043 0.11875 0.116016
0 0.645312 0.000854492 0.210938 0.00170898
0 0.767969 0.958594 0.034375 0.0625
0 0.767188 0.000158691 0.15625 0.000317383
0 0.857031 0.000695801 0.2125 0.0013916
0 0.385938 0.344141 0.753125 0.447656
0 0.101172 0.571094 0.149219 0.146875
0 0.922656 0.000720215 0.154688 0.00144043
0 0.686719 0.518359 0.535937 0.632031
0 0.689063 0.000317383 0.151562 0.000634766
0 0.43291 0.494141 0.266992 0.361719
0 0.369922 0.571094 0.558594 0.53125
0 0.423828 0.543848 0.724219 0.607617
0 0.621875 0.379004 0.272656 0.301367
0 0.5375 0.679297 0.160938 0.294531
0 0.65625 0.0697266 0.159375 0.128125
0 0.508594 0.691406 0.223438 0.329688
0 0.703125 0.0773438 0.06875 0.122656
0 0.70625 0.478906 0.107813 0.090625
0 0.704688 0.491406 0.10625 0.0601563
0 0.564063 0.298828 0.0625 0.0921875
0 0.689063 0.0698242 0.0953125 0.125586
0 0.565625 0.752344 0.114844 0.171875
0 0.607813 0.319141 0.320312 0.40625
0 0.974609 0.692578 0.0507812 0.071875
0 0.566797 0.308008 0.0570313 0.0667969
0 0.607031 0.432715 0.301563 0.179883
0 0.35918 0.35 0.0777344 0.0601563
0 0.571875 0.296289 0.05 0.0851563
0 0.499121 0.506934 0.57832 0.533008
0 0.710938 0.0844727 0.0484375 0.0970703
0 0.673438 0.385059 0.170313 0.287695
0 0.945312 0.832812 0.034375 0.05
0 0.669531 0.272266 0.4125 0.498437
0 0.117773 0.589844 0.116406 0.090625
0 0.109863 0.586328 0.14043 0.108594
0 0.554688 0.293359 0.071875 0.0976562
0 0.161035 2.44141e-05 0.139258 4.88281e-05
0 0.187109 0 0.142578 0
0 0.212842 0 0.142285 0
0 0.548047 0.337158 0.457031 0.375684
0 0.125977 4.88281e-05 0.147656 9.76563e-05
0 0.43125 0.484766 0.270313 0.334375
0 0.575 0.311328 0.0382813 0.0574219
0 0.2375 0 0.141406 0
0 0.553906 0.769531 0.129688 0.179688
0 0.0892578 7.32422e-05 0.148438 0.000146484
0 0.167187 0.000585938 0.210156 0.00117188
0 0.977344 0.705469 0.0453125 0.0921875
0 0.451172 0.422754 0.316406 0.213867
0 0.4 0 0.136719 0
0 0.0871094 0.597656 0.0755859 0.06875
0 0.42666 0 0.143555 0
0 0.240039 0.000524902 0.204297 0.0010498
0 0.11875 0.000463867 0.210938 0.000927734
0 0.442578 0.676562 0.30625 0.310937
0 0.46875 0.000524902 0.209375 0.0010498
0 0.646484 0.451562 0.219531 0.142188
0 0.685547 0.474609 0.141406 0.0953125
0 0.204248 0.000708008 0.209473 0.00141602
0 0.133496 0.583203 0.0873047 0.084375
0 0.389746 0.423047 0.186133 0.203906
0 0.885938 0.734766 0.03125 0.0421875
0 0.42334 0.000610352 0.193945 0.0012207
0 0.983594 0.694531 0.0328125 0.0710938
0 0.375 0 0.135937 0
0 0.767969 0.959375 0.034375 0.0625
0 0.551172 0.717188 0.140625 0.254688
0 0.479688 0.619531 0.359375 0.454688
0 0.694531 0.442285 0.126563 0.163867
0 0.453906 4.88281e-05 0.153125 9.76563e-05
0 0.576563 0.378906 0.373437 0.279687
0 0.687891 0.405469 0.140625 0.240625
0 0.102539 0.562109 0.147266 0.175781
0 0.714063 0.107715 0.0375 0.0552734
0 0.090332 0.572266 0.149023 0.135156
0 0.5375 0.562891 0.0328125 0.0617188
0 0.0300049 0.27583 0.0600098 0.212402
0 0.483203 0.657422 0.217969 0.263281
0 0.7125 0.0731445 0.0546875 0.124023
0 0.2625 0.00012207 0.142969 0.000244141
0 0.382422 0.000585938 0.184375 0.00117188
0 0.70625 0.465234 0.110937 0.132031
0 0.585938 0.296875 0.0859375 0.109375
0 0.602344 0.292969 0.101562 0.132031
0 0.349805 0 0.133203 0
0 0.574609 0.803906 0.130469 0.084375
0 0.274805 0.000500488 0.194141 0.00100098
0 0.543359 0.3 0.090625 0.0851563
0 0.507812 0.000671387 0.209375 0.00134277
0 0.667188 0.0447754 0.115625 0.0791992
0 0.638184 0.266016 0.64082 0.532031
0 0.0851563 0.000390625 0.170313 0.00078125
0 0.357227 0.348047 0.0925781 0.08125
0 0.533594 0.557422 0.034375 0.0625
0 0.0960938 0.604688 0.0527344 0.0578125
0 0.629297 0.290625 0.0546875 0.117188
0 0.565625 0.000439453 0.153125 0.000878906
0 0.237549 0.93125 0.150684 0.1375
0 0.596484 0.000537109 0.178125 0.00107422
0 0.349609 0.357812 0.0671875 0.0640625
0 0.692187 0.484766 0.103125 0.0757812
0 0.373047 0.709375 0.242188 0.182812
0 0.58125 0.538672 0.615625 0.596094
0 0.0334961 0.269531 0.0650391 0.158203
0 0.48125 0.271484 0.0921875 0.114844
0 0.351953 0.412891 0.141406 0.180469
0 0.295752 0.628906 0.370215 0.328125
0 0.709375 0.418848 0.1125 0.212305
0 0.567969 0.801367 0.122656 0.112891
0 0.401953 0.575781 0.753906 0.629687
0 0.390527 0.596973 0.562695 0.591992
0 0.658594 0.0673828 0.145313 0.126172
0 0.551953 0.698438 0.171094 0.346875
0 0.565625 0.760938 0.132812 0.220313
0 0.508691 0.555859 0.529492 0.633594
0 0.692578 0.0663086 0.0820312 0.122852
0 0.703906 0.0708496 0.0664062 0.123145
0 0.622266 0.378516 0.28125 0.307031
0 0.697656 0.34043 0.053125 0.0597656
0 0.359375 0.341602 0.0960938 0.0832031
0 0.974219 0.697656 0.0515625 0.0875
0 0.705859 0.485156 0.107031 0.071875
0 0.564063 0.291797 0.0617188 0.0898438
0 0.623828 0.555469 0.433594 0.635938
0 0.536719 0.559766 0.0328125 0.0570313
0 0.575781 0.2875 0.0609375 0.0898438
0 0.377344 0.713281 0.240625 0.204688
0 0.507031 0.695703 0.201563 0.350781
0 0.0802734 0.597656 0.0767578 0.0625
0 0.567578 0.56875 0.307031 0.609375
0 0.685938 0.335547 0.0328125 0.0519531
0 0.589844 0.290234 0.104688 0.109766
0 0.110547 0.589063 0.126953 0.0890625
0 0.705469 0.343164 0.0453125 0.0558594
0 0.479297 0.696094 0.295312 0.36875
0 0.6375 0.251172 0.0382813 0.0507812
0 0.8875 0.732031 0.03125 0.0414063
0 0.521094 0.564844 0.0625 0.0953125
0 0.711719 0.0743652 0.0484375 0.107129
0 0.526563 0.563281 0.0484375 0.075
0 0.572656 0.294922 0.075 0.110156
0 0.533984 0.563281 0.04375 0.071875
0 0.567969 0.305664 0.05625 0.0707031
0 0.530078 0.548047 0.0445313 0.0835937
0 0.670313 0.0549805 0.120313 0.0976562
0 0.135645 0.580469 0.0841797 0.084375
0 0.097168 0.603125 0.0560547 0.0578125
0 0.707031 0.471484 0.109375 0.110156
0 0.0312988 0.253125 0.0599609 0.153906
0 0.655469 0.480859 0.0453125 0.0757812
0 0.118384 0.593359 0.094873 0.0742188
0 0.369531 0.757031 0.122656 0.078125
0 0.335938 0.599609 0.554688 0.475781
0 0.689844 0.339063 0.0429688 0.0574219
0 0.599609 0.276172 0.103125 0.10625
0 0.633203 0.253906 0.0273438 0.0460938
0 0.521094 0.694531 0.138281 0.339063
0 0.65625 0.0426758 0.13125 0.0789063
0 0.0996094 0.595313 0.0878906 0.06875
0 0.984375 0.696484 0.03125 0.0820312
0 0.94375 0.83125 0.0375 0.046875
0 0.575 0.310352 0.0375 0.0550781
0 0.101929 0.573047 0.141846 0.124219
0 0.651563 0.470703 0.05 0.0695313
0 0.354883 0.352539 0.0886719 0.0714844
0 0.226367 0.971875 0.0871094 0.05625
0 0.401563 0.667969 0.298438 0.290625
0 0.480469 0.272266 0.0921875 0.107813
0 0.10498 0.553906 0.180273 0.166406
0 0.231641 0.9625 0.1 0.075
0 0.190186 0.689063 0.0813477 0.0625
0 0.0347168 0.274561 0.0680664 0.200879
0 0.491406 0.283203 0.0953125 0.1
0 0.189893 0.711719 0.112402 0.109375
0 0.703516 0.34043 0.0554687 0.0699219
0 0.201367 0.680078 0.0402344 0.04375
0 0.158008 0.567187 0.0414063 0.05625
0 0.425391 0.438184 0.29375 0.250195
0 0.566406 0.330859 0.167187 0.2
0 0.145117 0.570703 0.0699219 0.0828125
0 0.540625 0.5625 0.0421875 0.065625
0 0.535156 0.548438 0.040625 0.071875
0 0.508594 0.561719 0.09375 0.115625
0 0.193701 0.727734 0.144629 0.147656
0 0.105176 0.599219 0.0568359 0.0578125
0 0.419922 0.674609 0.438281 0.422656
0 0.099707 0 0.138672 0
0 0.575 0.816406 0.138281 0.107813
0 0.182764 0.698438 0.0938477 0.0851563
0 0.43584 0.321484 0.26582 0.188281
0 0.664062 0.488281 0.034375 0.065625
0 0.237891 0.939844 0.132812 0.120313
0 0.0865234 0.593359 0.109961 0.0796875
0 0.334375 0.512891 0.101562 0.0890625
0 0.125 0 0.138672 0
0 0.149316 0 0.13418 0
0 0.116211 0.596484 0.0738281 0.065625
0 0.884375 0.723437 0.03125 0.05
0 0.950781 0.867188 0.065625 0.125
0 0.124902 0.525781 0.238086 0.2125
0 0.545703 0.682813 0.0507812 0.05625
0 0.990625 0.692969 0.01875 0.075
0 0.175391 0 0.136328 0
0 0.509766 0.285938 0.0359375 0.0492188
0 0.251563 0.974219 0.0648438 0.0515625
0 0.136938 0.000390625 0.189404 0.00078125
0 0.498437 0.760156 0.273438 0.229687
0 0.525 0.326953 0.229687 0.196875
0 0.213086 0 0.132812 0
0 0.367578 0.434473 0.252344 0.243555
0 0.551562 0.503809 0.425781 0.52832
0 0.171875 0.00045166 0.182812 0.00090332
0 0.88125 0.731641 0.0375 0.0492188
0 0.697656 0.453125 0.129688 0.1375
0 0.635547 0.258594 0.0351562 0.05
0 0.542188 0.300781 0.090625 0.0960938
0 0.460938 0.000366211 0.179688 0.000732422
0 0.0855469 0.000256348 0.171094 0.000512695
0 0.513672 0.203906 0.457031 0.401563
0 0.53125 0.564844 0.0492188 0.105469
0 0.207031 0.677734 0.034375 0.046875
0 0.503906 0.285547 0.05 0.0640625
0 0.576563 0.345703 0.385156 0.335938
0 0.236719 0 0.128516 0
0 0.427734 0.00032959 0.160938 0.00065918
0 0.114941 0.466016 0.229883 0.335938
0 0.617578 0.322266 0.299219 0.395313
0 0.513672 0.285742 0.132031 0.110547
0 0.495313 0.282422 0.0625 0.0757812
0 0.476562 0.666406 0.19375 0.2875
0 0.540625 0.689844 0.0609375 0.0757812
0 0.208203 0.000415039 0.178906 0.000830078
0 0.123047 0.577344 0.123438 0.110937
0 0.3625 0.341602 0.0914062 0.0613281
0 0.714063 0.496094 0.0875 0.0492188
0 0.230078 0.628125 0.339063 0.353125
0 0.644922 0.464844 0.0632813 0.0984375
0 0.26958 0.732031 0.306152 0.153125
0 0.975 0.714063 0.05 0.09375
0 0.949219 0.842188 0.0546875 0.0734375
0 0.630469 0.253711 0.034375 0.053125
0 0.697656 0.34668 0.0640625 0.0722656
0 0.704297 0.4125 0.125 0.220313
0 0.962109 0.461328 0.0757812 0.1625
0 0.116211 0.567187 0.135547 0.157813
0 0.571094 0.790625 0.13125 0.165625
0 0.544531 0.308594 0.2125 0.16875
0 0.0984375 0.604688 0.065625 0.0765625
0 0.792969 0.339453 0.025 0.0425781
0 0.50625 0.560938 0.0796875 0.078125
0 0.0608398 0.592578 0.113672 0.090625
0 0.227148 0.736719 0.224609 0.139063
0 0.400781 0 0.123438 0
0 0.575391 0.310547 0.046875 0.0703125
0 0.715234 0.344922 0.053125 0.0566406
0 0.685938 0.336523 0.053125 0.0742188
0 0.063623 0.595703 0.0981445 0.0726563
0 0.767188 0.955469 0.0359375 0.0609375
0 0.555859 0.321289 0.0835937 0.140234
0 0.666016 0.495313 0.0257812 0.0484375
0 0.619141 0.438184 0.285156 0.22207
0 0.637109 0.263672 0.04375 0.0625
0 0.545703 0.345313 0.136719 0.225
0 0.0847656 0.603125 0.0839844 0.0890625
0 0.957812 0.902344 0.071875 0.190625
0 0.642969 0.255859 0.0484375 0.0570313
0 0.882031 0.71875 0.0375 0.0640625
0 0.0274414 0.220508 0.0476562 0.0957031
0 0.988281 0.707812 0.0234375 0.0953125
0 0.248047 0.951563 0.125 0.096875
0 0.730469 0.488281 0.0609375 0.0609375
0 0.161035 0.540625 0.246289 0.18125
0 0.616016 0.0245605 0.0492188 0.0364258
0 0.527734 0.53125 0.0570313 0.15
0 0.963672 0.484375 0.0726563 0.111719
0 0.657422 0.481641 0.053125 0.0929688
0 0.207861 0.741406 0.136621 0.126563
0 0.670313 0.0375 0.0929688 0.0628906
0 0.333008 0.765625 0.0691406 0.09375
0 0.585938 0.406348 0.226562 0.357617
0 0.414062 0.766016 0.147656 0.0773438
0 0.367188 0.735938 0.219531 0.15625
0 0.208203 0.6875 0.0414063 0.0546875
0 0.596875 0.023999 0.03125 0.0346191
0 0.132593 0.535937 0.133252 0.163281
0 0.0601074 0.566797 0.120215 0.151562
0 0.510938 0.294336 0.0359375 0.0628906
0 0.644531 0.250195 0.0398437 0.0496094
0 0.746875 0.484375 0.03125 0.0625
0 0.53125 0.692187 0.0890625 0.110937
0 0.361914 0.323828 0.108984 0.08125
0 0.0505859 0.285547 0.101172 0.211719
0 0.360742 0.798438 0.571484 0.35625
0 0.678906 0.485938 0.06875 0.06875
0 0.37666 0 0.12168 0
0 0.666406 0.497656 0.03125 0.059375
0 0.531641 0.397656 0.508594 0.329688
0 0.407422 0.742188 0.316406 0.153125
0 0.607031 0.429785 0.321875 0.379492
0 0.201953 0.748047 0.165625 0.153906
0 0.630469 0.276953 0.0570313 0.0992187
0 0.664844 0.0267334 0.157813 0.0534668
0 0.0352539 0.238281 0.0654297 0.0976562
0 0.632812 0.0680664 0.201563 0.132227
0 0.343945 0.71875 0.172266 0.182812
0 0.640625 0.244922 0.0375 0.0472656
0 0.607422 0.261719 0.0835937 0.08125
0 0.885938 0.735156 0.0375 0.0546875
0 0.796875 0.341797 0.034375 0.0523438
0 0.661719 0.479688 0.0796875 0.0921875
0 0.317773 0.431934 0.269922 0.239258
0 0.564844 0.580566 0.220313 0.456055
0 0.542578 0.686719 0.0632813 0.121875
0 0.503125 0.000512695 0.190625 0.00102539
0 0.634375 0.033606 0.10625 0.0636475
0 0.261719 0 0.133594 0
0 0.7125 0.097168 0.0421875 0.0660156
0 0.588672 0.0238037 0.040625 0.0350098
0 0.393848 0.494531 0.137305 0.126563
0 0.513281 0.569531 0.0710938 0.0789063
0 0.202734 0.707812 0.0773438 0.06875
0 0.640234 0.44375 0.242188 0.164844
0 0.0827148 0.540625 0.159766 0.19375
0 0.464844 0.278516 0.0796875 0.096875
0 0.694922 0.333789 0.071875 0.0941406
0 0.498437 0.308789 0.295312 0.174609
0 0.682813 0.473828 0.134375 0.109375
0 0.327344 0.517969 0.0796875 0.0734375
0 0.173828 0.725 0.15 0.128125
0 0.682031 0.38584 0.167187 0.281445
0 0.0837891 0.588281 0.143359 0.105469
0 0.569531 0.166797 0.33125 0.327734
0 0.630469 0.265625 0.046875 0.075
0 0.25625 0.960938 0.110937 0.078125
0 0.569141 0.503906 0.227344 0.426563
0 0.33418 0.351562 0.05625 0.065625
0 0.528906 0.432813 0.071875 0.102344
0 0.572656 0.79668 0.127344 0.0878906
0 0.461035 0.749219 0.368555 0.20625
0 0.561328 0.277734 0.0546875 0.0734375
0 0.0605469 0 0.121094 0
0 0.379688 0.488281 0.144531 0.15625
0 0.533984 0.687109 0.0585938 0.0617188
0 0.240625 0.96875 0.0742188 0.0609375
0 0.478027 0.337109 0.26582 0.216406
0 0.0466797 0.325781 0.0917969 0.209375
0 0.348633 0.427344 0.187109 0.229687
0 0.0750977 0.369922 0.150195 0.160938
0 0.554688 0.684375 0.046875 0.0671875
0 0.144629 0.566797 0.0974609 0.114844
0 0.638672 0.273438 0.0539063 0.0882813
0 0.391016 0.30332 0.178906 0.176172
0 0.346094 0.000256348 0.130469 0.000512695
0 0.5625 0.291016 0.172656 0.130469
0 0.627344 0.0197021 0.204688 0.0394043
0 0.318945 0.765625 0.0976562 0.1125
0 0.403809 0.398828 0.764258 0.330469
0 0.0620117 0.332031 0.0654297 0.0757812
0 0.203076 0.533203 0.305566 0.160156
0 0.395215 0.573828 0.768945 0.591406
0 0.544141 0.692187 0.170313 0.334375
0 0.453516 0.560156 0.557031 0.604688
0 0.567969 0.550781 0.365625 0.617188
0 0.703906 0.0725098 0.065625 0.125684
0 0.0318848 0.267236 0.0631836 0.19209
0 0.0339844 0.257227 0.0661133 0.139453
0 0.561719 0.760547 0.139063 0.199219
0 0.6625 0.0691406 0.133594 0.129102
0 0.51875 0.682422 0.121875 0.313281
0 0.691797 0.0680176 0.0828125 0.129199
0 0.572656 0.586719 0.234375 0.55
0 0.360547 0.346484 0.0960938 0.0695313
0 0.535156 0.563672 0.0367188 0.0664062
0 0.563281 0.295703 0.065625 0.103125
0 0.0402344 0.286719 0.0804688 0.220313
0 0.70625 0.490234 0.10625 0.0640625
0 0.628906 0.542188 0.370313 0.620313
0 0.504687 0.691406 0.175781 0.35625
0 0.696484 0.341406 0.0546875 0.0597656
0 0.185156 0.703906 0.0988281 0.090625
0 0.457422 0.683984 0.239063 0.336719
0 0.709375 0.478125 0.0984375 0.0953125
0 0.546875 0.435937 0.70625 0.871875
0 0.524219 0.565234 0.053125 0.0828125
0 0.565625 0.308594 0.0601563 0.0710938
0 0.517969 0.561328 0.0664062 0.107813
0 0.636719 0.0643066 0.185938 0.121387
0 0.311328 0.58125 0.566406 0.525
0 0.974219 0.707422 0.0515625 0.0976562
0 0.712109 0.0748047 0.0492188 0.1125
0 0.533594 0.760156 0.140625 0.207813
0 0.55 0.725781 0.142188 0.270313
0 0.542188 0.579688 0.159375 0.435937
0 0.195312 0.723828 0.136719 0.138281
0 0.508594 0.551562 0.090625 0.142969
0 0.572656 0.312891 0.0429688 0.0574219
0 0.68125 0.0789063 0.110156 0.151562
0 0.0444824 0.326562 0.087207 0.276563
0 0.525 0.544531 0.059375 0.114063
0 0.522656 0.43584 0.554688 0.414258
0 0.355078 0.357422 0.09375 0.0867188
0 0.426953 0.444434 0.285156 0.262695
0 0.260547 0.735938 0.275 0.135937
0 0.367969 0.757031 0.121094 0.0734375
0 0.592969 0.410156 0.340625 0.469531
0 0.184326 0.691406 0.0899414 0.059375
0 0.370703 0.714453 0.239844 0.183594
0 0.521777 0.476172 0.79082 0.489844
0 0.564453 0.280078 0.0554687 0.0789063
0 0.635156 0.391309 0.251563 0.286133
0 0.332813 0.517188 0.0914062 0.096875
0 0.533203 0.566406 0.0460938 0.0890625
0 0.672266 0.0561523 0.109375 0.0972656
0 0.0529297 0.297266 0.104102 0.214062
0 0.368359 0.444531 0.233594 0.260938
0 0.380859 0.475 0.750781 0.460156
0 0.352539 0.82207 0.576953 0.346484
0 0.652344 0.479688 0.05 0.0859375
0 0.0654785 0.327734 0.0569336 0.0683594
0 0.0830078 0.599219 0.0710938 0.0640625
0 0.658594 0.483594 0.0421875 0.0757812
0 0.0763672 0.295312 0.147656 0.204688
0 0.0726563 0.326953 0.0453125 0.0550781
0 0.0308594 0.330078 0.0617188 0.296875
0 0.538281 0.564844 0.0484375 0.075
0 0.541406 0.692969 0.0625 0.0921875
0 0.026355 0.287891 0.0523682 0.23125
0 0.0332886 0.236133 0.0621338 0.123047
0 0.546094 0.689063 0.053125 0.0703125
0 0.339063 0.651563 0.552344 0.396875
0 0.660156 0.0439453 0.128125 0.0769531
0 0.135156 0.581641 0.0839844 0.090625
0 0.505469 0.564453 0.0875 0.0882813
0 0.573438 0.729688 0.146094 0.204688
0 0.604688 0.170703 0.260938 0.332813
0 0.0890625 0.000195313 0.136328 0.000390625
0 0.542578 0.740234 0.0695313 0.180469
0 0.0970947 0.604297 0.0562012 0.059375
0 0.196484 0.680859 0.0429688 0.0398437
0 0.685938 0.3375 0.034375 0.0554687
0 0.326562 0.521875 0.0777344 0.0796875
0 0.557813 0.625391 0.192188 0.399219
0 0.885938 0.731641 0.034375 0.0492188
0 0.698438 0.461328 0.115625 0.123438
0 0.5875 0.287305 0.0984375 0.107813
0 0.480859 0.670703 0.184375 0.297656
0 0.183203 0.739062 0.153125 0.123438
0 0.228125 0.748438 0.219531 0.140625
0 0.675684 0.416797 0.601758 0.833594
0 0.0273926 0.225391 0.0494141 0.116406
0 0.513281 0.571875 0.071875 0.0828125
0 0.605469 0.429785 0.3 0.356055
0 0.125488 0.00012207 0.130664 0.000244141
0 0.288477 0.751953 0.359766 0.119531
0 0.228516 0.967188 0.0886719 0.065625
0 0.347656 0.727734 0.296875 0.150781
0 0.637109 0.248633 0.0429688 0.0542969
0 0.9625 0.463281 0.075 0.154688
0 0.239453 0.960156 0.109375 0.0796875
0 0.118262 0.594141 0.0953125 0.078125
0 0.951563 0.86875 0.065625 0.128125
0 0.492188 0.746484 0.223438 0.233594
0 0.395703 0.38457 0.791406 0.769141
0 0.150488 0.00012207 0.127148 0.000244141
0 0.111328 0.589453 0.122266 0.0929688
0 0.963281 0.4875 0.0734375 0.0929688
0 0.0509766 0.331641 0.0935547 0.164062
0 0.573828 0.503516 0.2 0.422656
0 0.575391 0.680859 0.205469 0.288281
0 0.454688 0.000463867 0.160156 0.000927734
0 0.238867 0.9375 0.132422 0.125
0 0.0750977 0.596484 0.0921875 0.0726563
0 0.456641 0.76875 0.271875 0.185938
0 0.342969 0.735156 0.555469 0.271875
0 0.10332 0.595703 0.0923828 0.071875
0 0.554688 0.328711 0.140625 0.197266
0 0.509375 0.775781 0.176563 0.192188
0 0.211914 0.738281 0.141406 0.117188
0 0.38291 0.315234 0.757617 0.488281
0 0.664062 0.497656 0.0359375 0.065625
0 0.528516 0.74375 0.084375 0.175
0 0.0728516 0.000317383 0.145703 0.000634766
0 0.486328 0.372656 0.552344 0.740625
0 0.175195 0.757422 0.18125 0.158594
0 0.105664 0.605078 0.0507812 0.0570313
0 0.10166 0.460254 0.20332 0.351367
0 0.284375 0.715234 0.330469 0.166406
0 0.176953 8.54492e-05 0.130859 0.000170898
0 0.232422 0.974219 0.0804688 0.0515625
0 0.975781 0.693359 0.0484375 0.0789063
0 0.710938 0.094043 0.046875 0.0806641
0 0.521875 0.622656 0.11875 0.426563
0 0.403223 0.691406 0.307617 0.232813
0 0.607813 0.199414 0.639063 0.398828
0 0.424902 0.000476074 0.150195 0.000952148
0 0.988672 0.697266 0.0226563 0.0828125
0 0.414453 0.765234 0.140625 0.0710938
0 0.736328 0.489844 0.0476562 0.0609375
0 0.206641 0.679688 0.0359375 0.0421875
0 0.386719 0.753516 0.084375 0.0570313
0 0.047168 0.377246 0.0931641 0.381445
0 0.226953 0.000415039 0.155078 0.000830078
0 0.536719 0.557031 0.059375 0.0765625
0 0.202002 7.32422e-05 0.12959 0.000146484
0 0.715625 0.496094 0.0859375 0.0515625
0 0.699219 0.423828 0.120313 0.199219
0 0.704688 0.344531 0.0484375 0.0585938
0 0.340576 0.760938 0.375879 0.0984375
0 0.567578 0.790625 0.132812 0.1375
0 0.526953 0.671094 0.096875 0.164062
0 0.532031 0.333203 0.132812 0.203906
0 0.560938 0.319141 0.06875 0.141406
0 0.060498 0.592188 0.117285 0.0976562
0 0.437109 0.785742 0.297656 0.141016
0 0.477344 0.672656 0.439063 0.392188
0 0.146289 0.571094 0.0660156 0.0882813
0 0.964844 0.910937 0.0671875 0.103125
0 0.577344 0.454688 0.203125 0.245312
0 0.393359 0.754297 0.315625 0.124219
0 0.509766 0.503125 0.130469 0.376563
0 0.574609 0.76875 0.121094 0.146875
0 0.502734 0.249219 0.483594 0.489063
0 0.105103 0.6 0.0620605 0.0625
0 0.964453 0.926562 0.0710938 0.140625
0 0.653906 0.0875 0.159375 0.166016
0 0.45459 0.343945 0.304883 0.203516
0 0.0589844 0.33125 0.0789063 0.107031
0 0.548438 0.701953 0.0671875 0.104688
0 0.403125 0.75625 0.135937 0.078125
0 0.164868 0.726172 0.180811 0.114844
0 0.978906 0.6875 0.040625 0.0640625
0 0.549219 0.723437 0.0726563 0.153125
0 0.604688 0.270703 0.090625 0.105469
0 0.0530762 0.364453 0.106152 0.152344
0 0.521875 0.517969 0.078125 0.192188
0 0.303711 0.43291 0.598828 0.443555
0 0.582812 0.274023 0.08125 0.08125
0 0.54375 0.293945 0.0890625 0.0984375
0 0.663281 0.49375 0.0296875 0.0554687
0 0.542969 0.669531 0.0671875 0.175781
0 0.482812 0.000610352 0.167187 0.0012207
0 0.535156 0.692187 0.0640625 0.075
0 0.545703 0.187109 0.461719 0.374219
0 0.357227 0.358008 0.107422 0.128516
0 0.39834 0.000585938 0.143945 0.00117188
0 0.0244873 0.320703 0.0489746 0.25
0 0.669531 0.408984 0.182812 0.232031
0 0.127441 0.298633 0.253711 0.184766
0 0.488281 0.466406 0.185938 0.315625
0 0.574219 0.313672 0.05 0.0742188
0 0.958594 0.891406 0.0484375 0.065625
0 0.708594 0.0832031 0.1 0.158984
0 0.648438 0.189648 0.178125 0.378516
0 0.205664 0.69375 0.0472656 0.0476562
0 0.173828 0.836328 0.217188 0.327344
0 0.193555 0.722656 0.124219 0.0875
0 0.0770508 0.367969 0.154102 0.153906
0 0.696875 0.34668 0.0640625 0.0746094
0 0.532813 0.573438 0.05 0.123438
0 0.330859 0.532031 0.071875 0.0789063
0 0.505469 0.572266 0.148438 0.424219
0 0.511719 0.326562 0.198437 0.203125
0 0.423535 0.330469 0.24043 0.190625
0 0.594531 0.403516 0.229687 0.371875
0 0.490625 0.275586 0.0953125 0.0855469
0 0.646875 0.471094 0.0585938 0.0992187
0 0.158301 0.564844 0.0466797 0.0640625
0 0.248633 0.000158691 0.120703 0.000317383
0 0.254688 0.975 0.0835937 0.05
0 0.747656 0.483594 0.0328125 0.065625
0 0.420703 0.361328 0.841406 0.503906
0 0.378906 0.754687 0.116406 0.0609375
0 0.683594 0.526563 0.51875 0.6625
0 0.529688 0.767188 0.0703125 0.126563
0 0.666797 0.00861816 0.151562 0.0172363
0 0.476562 0.267578 0.09375 0.101172
0 0.344727 0.365234 0.0855469 0.0828125
0 0.957812 0.903125 0.075 0.19375
0 0.767188 0.962891 0.0484375 0.0742188
0 0.632422 0.252344 0.0296875 0.0511719
0 0.172461 0.716406 0.122656 0.13125
0 0.372266 0.000512695 0.138281 0.00102539
0 0.103687 0.570312 0.140283 0.13125
0 0.0619141 0.577344 0.123828 0.132812
0 0.12793 0.579688 0.0996094 0.110937
0 0.448828 0.402441 0.299219 0.206055
0 0.193018 0.709375 0.0936523 0.0609375
0 0.236328 0.620313 0.313281 0.359375
0 0.422656 0.560059 0.753125 0.573633
0 0.494629 0.503809 0.770117 0.648633
0 0.578125 0.444922 0.84375 0.889844
0 0.533594 0.677344 0.154688 0.3
0 0.704688 0.0737793 0.0609375 0.12666
0 0.444629 0.682031 0.26543 0.335938
0 0.0314453 0.256641 0.0628906 0.182812
0 0.480859 0.677734 0.195312 0.310156
0 0.690625 0.0719727 0.096875 0.133008
0 0.359766 0.571191 0.532031 0.518555
0 0.534766 0.563281 0.0351562 0.065625
0 0.563281 0.766406 0.135937 0.176563
0 0.0421875 0.286523 0.084375 0.223047
0 0.0880859 0 0.128125 0
0 0.706641 0.489453 0.108594 0.0648438
0 0.111914 0 0.124609 0
0 0.530469 0.558203 0.0398437 0.0648438
0 0.137891 0 0.124219 0
0 0.539062 0.764453 0.13125 0.188281
0 0.663281 0.0696289 0.136719 0.12832
0 0.033606 0.249219 0.0654053 0.132031
0 0.162793 0 0.12207 0
0 0.709375 0.477734 0.102344 0.096875
0 0.361133 0.346484 0.0917969 0.0679687
0 0.525781 0.564453 0.0484375 0.08125
0 0.0650391 0.000219727 0.130078 0.000439453
0 0.577344 0.752734 0.123438 0.164844
0 0.612109 0.169727 0.261719 0.333984
0 0.189404 0 0.125879 0
0 0.451172 0.000341797 0.149219 0.000683594
0 0.521875 0.561719 0.05625 0.103906
0 0.223486 0.000268555 0.141309 0.000537109
0 0.563281 0.298242 0.065625 0.0988281
0 0.432129 0.478027 0.27168 0.342383
0 0.711719 0.0753662 0.046875 0.113721
0 0.642969 0.191602 0.198437 0.377734
0 0.0288574 0.347656 0.0577148 0.339063
0 0.424902 0.000317383 0.148633 0.000634766
0 0.492188 0.000585938 0.159375 0.00117188
0 0.248242 0 0.116797 0
0 0.401563 0 0.120313 0
0 0.575391 0.000244141 0.132812 0.000488281
0 0.369336 0.705859 0.210547 0.194531
0 0.614062 0.000415039 0.151562 0.000830078
0 0.363281 0.353516 0.0921875 0.0976562
0 0.376953 0 0.119531 0
0 0.346094 0.000244141 0.133594 0.000488281
0 0.0407227 0.345313 0.0814453 0.317188
0 0.558984 0.69375 0.177344 0.26875
0 0.386719 0.478516 0.205469 0.333594
0 0.042334 0.322656 0.084668 0.228906
0 0.513281 0.764063 0.134375 0.196875
0 0.365625 0.753906 0.115625 0.075
0 0.659766 0.0436523 0.134375 0.0755859
0 0.537109 0.000732422 0.144531 0.00146484
0 0.397754 0.622656 0.287305 0.34375
0 0.403809 0.688281 0.27832 0.2375
0 0.633594 0.403809 0.25625 0.245508
0 0.411719 0.416406 0.823438 0.832812
0 0.321094 0.000170898 0.129688 0.000341797
0 0.561719 0.626563 0.203906 0.382812
0 0.195117 0.745313 0.153516 0.15
0 0.0527832 0.324023 0.105566 0.269141
0 0.228906 0.967188 0.0765625 0.065625
0 0.527734 0.540234 0.536719 0.607031
0 0.508594 0.546484 0.0898438 0.157813
0 0.637598 0.382617 0.688867 0.765234
0 0.638672 0.0637207 0.184375 0.119238
0 0.711719 0.0915771 0.0453125 0.0859863
0 0.0826172 0.596484 0.0691406 0.0710938
0 0.525098 0.195117 0.560742 0.390234
0 0.570703 0.792188 0.130469 0.128125
0 0.0450195 0.000341797 0.0900391 0.000683594
0 0.274609 2.44141e-05 0.128125 4.88281e-05
0 0.0263672 0.288086 0.0527344 0.234766
0 0.661328 0.488672 0.0359375 0.0679687
0 0.672656 0.0518555 0.110937 0.0886719
0 0.515234 0.000463867 0.134375 0.000927734
0 0.123071 0.586719 0.105029 0.0984375
0 0.346484 0.444531 0.242969 0.257812
0 0.446484 0.739844 0.260156 0.242188
0 0.686719 0.448438 0.626563 0.896875
0 0.382031 0.392578 0.757031 0.63125
0 0.483984 0.792969 0.197656 0.157813
0 0.667188 0.00263672 0.15625 0.00527344
0 0.460059 0.582031 0.52832 0.539062
0 0.653125 0.479688 0.046875 0.08125
0 0.594531 0.0242676 0.0289063 0.0335938
0 0.448438 0.773438 0.246094 0.179688
0 0.767969 0.961719 0.04375 0.075
0 0.526563 0.547656 0.05 0.103125
0 0.189893 0.719531 0.113184 0.135937
0 0.646875 0.000415039 0.175 0.000830078
0 0.677344 0.0974365 0.128125 0.185205
0 0.441016 0.548828 0.622656 0.617969
0 0.485156 0.564844 0.446094 0.596875
0 0.582812 0.430469 0.834375 0.860938
0 0.525391 0.680078 0.134375 0.303906
0 0.546484 0.494434 0.702344 0.704883
0 0.551562 0.556641 0.310937 0.607031
0 0.705469 0.0750977 0.059375 0.126563
0 0.445312 0.683594 0.269531 0.339063
0 0.448047 0.650781 0.420312 0.43125
0 0.55 0.690625 0.16875 0.315625
0 0.0338135 0.260938 0.067627 0.167187
0 0.498828 0.678906 0.161719 0.314063
0 0.538281 0.639453 0.151562 0.375781
0 0.516406 0.655078 0.353906 0.422656
0 0.689844 0.070752 0.101562 0.129199
0 0.090625 0 0.142578 0
0 0.127441 0 0.139258 0
0 0.549219 0.766406 0.125 0.190625
0 0.152539 0 0.137891 0
0 0.36582 0.482031 0.731641 0.695312
0 0.179346 0 0.142871 0
0 0.204639 0 0.140723 0
0 0.0321777 0.341211 0.0643555 0.316797
0 0.45791 0.000354004 0.176367 0.000708008
0 0.403516 0 0.135937 0
0 0.379004 0 0.13418 0
0 0.0709961 0.000158691 0.141992 0.000317383
0 0.227686 0.000219727 0.161035 0.000439453
0 0.0438965 0.285742 0.087793 0.220703
0 0.428516 0 0.1375 0
0 0.362109 0.346875 0.101562 0.0742188
0 0.707031 0.490234 0.1125 0.0640625
0 0.0577637 0.314453 0.115527 0.255469
0 0.535937 0.564063 0.0359375 0.065625
0 0.670703 0.441406 0.658594 0.882812
0 0.577344 9.76563e-05 0.14375 0.000195313
0 0.61875 0.171875 0.248438 0.333984
0 0.577344 0.658594 0.253125 0.410938
0 0.353906 0 0.128906 0
0 0.0435547 0.329883 0.0871094 0.285547
0 0.667969 0.0696289 0.135937 0.124023
0 0.617188 0.000463867 0.164062 0.000927734
0 0.194092 0.720703 0.133691 0.141406
0 0.433203 0.482812 0.272656 0.35
0 0.5625 0.298828 0.06875 0.0976562
0 0.5 0.00065918 0.189063 0.00131836
0 0.356641 0.591797 0.525781 0.485156
0 0.261719 0 0.130469 0
0 0.54375 0.000805664 0.170313 0.00161133
0 0.324805 0.000195313 0.146484 0.000390625
0 0.414062 0.549902 0.828125 0.625195
0 0.564844 0.753516 0.1375 0.194531
0 0.0628906 0.363477 0.125781 0.351953
0 0.769922 0.9625 0.0429688 0.075
0 0.664453 0.194141 0.157813 0.380469
0 0.594531 0.37207 0.704688 0.744141
0 0.030957 0.409766 0.0619141 0.471094
0 0.032959 0.279883 0.065918 0.243359
0 0.0770508 0.300977 0.154102 0.222266
0 0.0280762 0.272266 0.0561523 0.210156
0 0.65 0.000488281 0.1875 0.000976562
0 0.289844 0 0.141406 0
0 0.661328 0.0436646 0.132812 0.073999
0 0.387109 0.337891 0.774219 0.675781
0 0.53125 0.557813 0.040625 0.0671875
0 0.194922 0.696875 0.101172 0.0921875
0 0.0334473 0.239453 0.0639648 0.117188
0 0.366016 0.755469 0.11875 0.08125
0 0.409766 0.656641 0.310156 0.307031
0 0.201953 0.741406 0.152344 0.146875
0 0.526563 0.564844 0.0484375 0.0796875
0 0.0512695 0.000244141 0.102539 0.000488281
0 0.522656 0.766797 0.11875 0.196094
0 0.691406 0.000463867 0.165625 0.000927734
0 0.191016 0.835156 0.195312 0.329688
0 0.582422 0.699219 0.211719 0.282813
0 0.675781 0.0494141 0.107031 0.0824219
0 0.711719 0.0819336 0.0453125 0.105664
0 0.226758 0.972266 0.0839844 0.0554687
0 0.686719 0.0578247 0.0890625 0.0980225
0 0.364453 0.707422 0.204688 0.200781
0 0.521875 0.5625 0.05625 0.096875
0 0.564063 0.280469 0.0625 0.0886719
0 0.663281 0.489453 0.0359375 0.0664062
0 0.663672 0.000134277 0.139844 0.000268555
0 0.565625 0.7875 0.140625 0.15
0 0.555469 0.288281 0.0859375 0.110156
0 0.0916992 0.332031 0.183398 0.28125
0 0.369727 0.406934 0.157422 0.175195
0 0.448828 0.7375 0.264844 0.260938
0 0.523438 0.177686 0.452344 0.336816
0 0.486719 0.296094 0.604688 0.582812
0 0.381934 0.482812 0.187695 0.335938
0 0.7125 0.09646 0.0421875 0.077002
0 0.596875 0.0248047 0.0328125 0.0351562
0 0.712891 0 0.139844 0
0 0.708203 0.478125 0.111719 0.0984375
0 0.226172 0.835938 0.172266 0.328125
0 0.240039 0.935156 0.142188 0.129688
0 0.461719 0.558984 0.81875 0.591406
0 0.550391 0.518652 0.874219 0.693945
0 0.583594 0.420312 0.832812 0.834375
0 0.418848 0.590234 0.685742 0.488281
0 0.528125 0.694531 0.140625 0.321875
0 0.550391 0.767969 0.115625 0.19375
0 0.704688 0.075415 0.0585938 0.121045
0 0.659082 0.482812 0.681836 0.842188
0 0.70625 0.489453 0.115625 0.0648438
0 0.533594 0.760156 0.10625 0.196875
0 0.453125 0.448828 0.90625 0.822656
0 0.486328 0.689844 0.192969 0.334375
0 0.565234 0.75 0.135156 0.210938
0 0.707812 0.476562 0.121875 0.101562
0 0.369336 0.757031 0.132422 0.084375
0 0.0301758 0.255273 0.0591797 0.183984
0 0.548047 0.722656 0.146094 0.278125
0 0.772656 0.964063 0.0515625 0.071875
0 0.536328 0.565625 0.0375 0.065625
0 0.558594 0.296484 0.078125 0.1125
0 0.442578 0.682031 0.28125 0.332813
0 0.776758 0.967188 0.0714844 0.065625
0 0.0915039 0 0.148242 0
0 0.5375 0.757031 0.078125 0.151562
0 0.694531 0.0696289 0.075 0.124414
0 0.035498 0.27207 0.0709961 0.203516
0 0.569531 0.696875 0.196875 0.309375
0 0.154297 0 0.146094 0
0 0.653906 0.479688 0.0546875 0.0859375
0 0.193555 0.722266 0.135156 0.149219
0 0.128711 0 0.144531 0
0 0.626172 0.19082 0.244531 0.371484
0 0.591504 0.185547 0.723242 0.352734
0 0.120996 0.589063 0.106641 0.104688
0 0.710938 0.0825928 0.0453125 0.102783
0 0.683594 0.374805 0.609375 0.749609
0 0.364063 0.342773 0.103125 0.0730469
0 0.777344 0.95625 0.059375 0.0875
0 0.526172 0.567969 0.0476562 0.078125
0 0.959375 0.910937 0.078125 0.140625
0 0.564063 0.78457 0.13125 0.165234
0 0.161743 0.000292969 0.195654 0.000585938
0 0.53125 0.558594 0.040625 0.0640625
0 0.54375 0.642969 0.165625 0.38125
0 0.201221 0.742969 0.144434 0.145313
0 0.659375 0.484766 0.046875 0.071875
0 0.964453 0.925781 0.0710938 0.146875
0 0.578906 0 0.15 0
0 0.202539 0.689844 0.0851563 0.0828125
0 0.180078 0 0.149219 0
0 0.95 0.908984 0.090625 0.182031
0 0.0774902 0.000195313 0.15498 0.000390625
0 0.712109 0.0993164 0.0414063 0.0701172
0 0.582031 0.73125 0.176563 0.2375
0 0.355078 0.722656 0.199219 0.164062
0 0.375 0.757031 0.161719 0.10625
0 0.474609 0.000390625 0.191406 0.00078125
0 0.971875 0.7 0.053125 0.09375
0 0.314063 0.732813 0.154688 0.139063
0 0.932813 0.90625 0.121875 0.1875
0 0.113477 0.583594 0.139453 0.113281
0 0.545313 0.684375 0.053125 0.071875
0 0.541406 0.728125 0.08125 0.176563
0 0.521484 0.565625 0.0585938 0.096875
0 0.528516 0.767969 0.0820312 0.1375
0 0.542969 0.689063 0.0640625 0.0921875
0 0.607813 0.000427246 0.178125 0.000854492
0 0.364453 0.744141 0.216406 0.130469
0 0.5625 0.301953 0.059375 0.09375
0 0.228125 0.96875 0.0773438 0.0625
0 0.501563 0.658203 0.148438 0.258594
0 0.404297 0 0.142188 0
0 0.792969 0.969141 0.101562 0.0617188
0 0.338672 0.191016 0.121094 0.167969
0 0.5125 0.000598145 0.192969 0.00119629
0 0.521094 0.737109 0.11875 0.258594
0 0.200342 0.725 0.117285 0.117188
0 0.436719 0.000268555 0.197656 0.000537109
0 0.522656 0.730859 0.109375 0.169531
0 0.951563 0.867188 0.059375 0.121875
0 0.415234 0.66875 0.328906 0.265625
0 0.883594 0.904688 0.223438 0.190625
0 0.262305 0 0.134375 0
0 0.546094 0.000732422 0.179688 0.00146484
0 0.0869141 0.599219 0.0609375 0.0679687
0 0.23833 0.000146484 0.16084 0.000292969
0 0.433984 0.571191 0.832031 0.556055
0 0.55 0.537402 0.873438 0.648633
0 0.585156 0.427344 0.829688 0.848437
0 0.55 0.753125 0.110937 0.19375
0 0.53125 0.691406 0.139063 0.323438
0 0.707812 0.0753662 0.053125 0.114893
0 0.409375 0.607031 0.689844 0.448438
0 0.526953 0.757812 0.115625 0.20625
0 0.550781 0.734375 0.129688 0.242188
0 0.536719 0.564844 0.0367188 0.0609375
0 0.514844 0.66875 0.115625 0.276563
0 0.574609 0.748828 0.125781 0.191406
0 0.257422 0.972656 0.0683594 0.0546875
0 0.194141 0.745313 0.150781 0.15
0 0.532031 0.560156 0.040625 0.059375
0 0.558594 0.298633 0.075 0.106641
0 0.707812 0.485156 0.11875 0.0765625
0 0.525781 0.569531 0.0515625 0.0757812
0 0.674219 0.0666504 0.122656 0.121973
0 0.118848 0.594531 0.0992187 0.0890625
0 0.564063 0.287305 0.0609375 0.0957031
0 0.241992 0.974219 0.075 0.0515625
0 0.567187 0.693359 0.167187 0.303906
0 0.545313 0.682813 0.0507812 0.059375
0 0.63916 0.380273 0.693555 0.760547
0 0.521875 0.567969 0.065625 0.09375
0 0.540234 0.753906 0.071875 0.135937
0 0.107129 0.599219 0.0929688 0.078125
0 0.185889 0.725781 0.142285 0.145313
0 0.503125 0.691406 0.153125 0.348438
0 0.542188 0.730859 0.0796875 0.166406
0 0.580469 0.80957 0.151562 0.105859
0 0.568359 0.312891 0.0546875 0.0726563
0 0.707031 0.470313 0.128125 0.117188
0 0.542578 0.689063 0.0585938 0.0789063
0 0.239453 0.96875 0.0933594 0.0625
0 0.266992 0.969531 0.101172 0.0609375
0 0.105469 0.5875 0.135742 0.107813
0 0.0351074 0.2625 0.0661133 0.166406
0 0.0884766 0.00045166 0.176953 0.00090332
0 0.361328 0.343359 0.100781 0.0742188
0 0.7125 0.101001 0.040625 0.0640137
0 0.122827 0.000524902 0.193408 0.0010498
0 0.115234 0 0.146484 0
0 0.363867 0.759766 0.137891 0.0835937
0 0.250781 0.976562 0.06875 0.046875
0 0.652344 0.479688 0.0484375 0.075
0 0.160254 0.000524902 0.195898 0.0010498
0 0.46084 0.678125 0.24082 0.325
0 0.696484 0.0752197 0.0734375 0.121045
0 0.130664 0.583594 0.0988281 0.101562
0 0.563281 0.312695 0.0601563 0.0898438
0 0.771484 0.967188 0.0523438 0.065625
0 0.231836 0.741406 0.222266 0.142188
0 0.659766 0.485156 0.0445313 0.0695313
0 0.237305 0.961719 0.112109 0.0765625
0 0.601562 0.181836 0.735938 0.346484
0 0.571094 0.789062 0.139063 0.123438
0 0.0803711 0 0.151758 0
0 0.153125 0 0.144922 0
0 0.528906 0.546094 0.046875 0.0734375
0 0.501563 0.760156 0.164062 0.2125
0 0.542578 0.295703 0.0953125 0.101562
0 0.536328 0.283203 0.08125 0.0882813
0 0.110449 0.601562 0.0578125 0.0671875
0 0.426172 0.454004 0.289844 0.28418
0 0.50625 0.562109 0.110937 0.119531
0 0.101074 0.603516 0.0591797 0.0679687
0 0.532813 0.766797 0.071875 0.119531
0 0.715625 0.112305 0.046875 0.0652344
0 0.535156 0.572656 0.0453125 0.0734375
0 0.556641 0.322461 0.0789063 0.129297
0 0.530859 0.740625 0.090625 0.167187
0 0.598437 0.000598145 0.189063 0.00119629
0 0.441016 0.426563 0.882031 0.853125
0 0.105566 0.556641 0.152148 0.175781
0 0.204102 0.688672 0.0585938 0.0671875
0 0.535547 0.702344 0.0796875 0.1
0 0.576953 0.798438 0.136719 0.0796875
0 0.117212 0.573828 0.139014 0.127344
0 0.235498 0.941406 0.13291 0.117188
0 0.126465 0.594531 0.111133 0.146875
0 0.251172 0.95625 0.103125 0.0875
0 0.198633 0.680078 0.0375 0.0492188
0 0.554297 0.276953 0.0515625 0.0742188
0 0.256836 0.754687 0.269141 0.154688
0 0.199658 0.000585938 0.202246 0.00117188
0 0.527344 0.689844 0.101562 0.117188
0 0.55 0.715625 0.0703125 0.13125
0 0.361133 0.350391 0.0839844 0.0601563
0 0.179248 0 0.147754 0
0 0.441406 0.313867 0.882812 0.611328
0 0.528906 0.6625 0.103906 0.182812
0 0.777344 0.95625 0.059375 0.0875
0 0.35625 0.000476074 0.183594 0.000952148
0 0.507812 0.567187 0.0859375 0.0820312
0 0.463965 0.000524902 0.206445 0.0010498
0 0.379688 0.75625 0.107813 0.065625
0 0.703906 0.494141 0.107813 0.0570313
0 0.548828 0.696484 0.0609375 0.0882813
0 0.283594 0.733203 0.311719 0.147656
0 0.360938 0.723437 0.216406 0.164062
0 0.446875 0.746484 0.282813 0.203906
0 0.420996 0.765234 0.145508 0.0820312
0 0.411621 0.000500488 0.201758 0.00100098
0 0.419531 0.660937 0.323438 0.29375
0 0.239014 0.000366211 0.171191 0.000732422
0 0.637891 0.000708008 0.192188 0.00141602
0 0.258643 0.708594 0.27334 0.189063
0 0.329492 0.760938 0.105078 0.115625
0 0.19707 0.877148 0.216797 0.245703
0 0.554688 0.767578 0.125781 0.142969
0 0.607813 0.198828 0.2625 0.388281
0 0.49375 0.274609 0.0890625 0.0953125
0 0.541016 0.55625 0.0578125 0.0671875
0 0.503125 0.000708008 0.207813 0.00141602
0 0.189502 0.696875 0.0928711 0.0890625
0 0.516406 0.282422 0.0382813 0.0585938
0 0.603906 0.244531 0.792188 0.482031
0 0.767188 0.960938 0.0390625 0.071875
0 0.224023 0.972656 0.117188 0.0546875
0 0.437891 0.565625 0.696094 0.570312
0 0.579297 0.438281 0.841406 0.867188
0 0.462109 0.45791 0.797656 0.76543
0 0.550879 0.480371 0.549805 0.751758
0 0.5375 0.6875 0.15 0.321875
0 0.708594 0.0750977 0.0546875 0.115625
0 0.535937 0.565625 0.0359375 0.065625
0 0.515625 0.666016 0.115625 0.275781
0 0.561719 0.748828 0.129688 0.197656
0 0.377344 0.596875 0.5875 0.475
0 0.509766 0.683203 0.139844 0.327344
0 0.525391 0.56875 0.0515625 0.0765625
0 0.563672 0.293359 0.0648438 0.1125
0 0.521875 0.567969 0.0640625 0.09375
0 0.572266 0.722656 0.139844 0.2375
0 0.570312 0.692187 0.164062 0.298438
0 0.673047 0.0674805 0.13125 0.125586
0 0.544531 0.684375 0.05 0.0640625
0 0.12229 0.590234 0.102686 0.0976562
0 0.238672 0.972656 0.0742188 0.0546875
0 0.0894531 0.598047 0.0878906 0.0734375
0 0.469922 0.672656 0.21875 0.317188
0 0.566406 0.311328 0.05625 0.084375
0 0.53125 0.749609 0.14375 0.211719
0 0.7125 0.0983398 0.0421875 0.0697266
0 0.259375 0.971875 0.0898438 0.05625
0 0.707812 0.489453 0.115625 0.0734375
0 0.573438 0.807031 0.148438 0.121875
0 0.113672 0.585938 0.135547 0.109375
0 0.695312 0.0756104 0.0765625 0.122607
0 0.361133 0.345508 0.0972656 0.0730469
0 0.563281 0.277344 0.05625 0.0796875
0 0.239063 0.963281 0.0953125 0.0734375
0 0.542188 0.727344 0.0835937 0.176563
0 0.0850586 0.000476074 0.170117 0.000952148
0 0.114282 0 0.144873 0
0 0.541797 0.691016 0.0585938 0.0835937
0 0.193945 0.744922 0.155078 0.152344
0 0.50625 0.561719 0.1125 0.120313
0 0.0339355 0.261328 0.0646484 0.176172
0 0.541406 0.566797 0.04375 0.0726563
0 0.707812 0.477344 0.125 0.110937
0 0.530469 0.549219 0.0421875 0.0765625
0 0.50625 0.567187 0.0890625 0.0828125
0 0.241357 0.941406 0.136035 0.117188
0 0.61875 0.201953 0.245312 0.396094
0 0.114941 0.597266 0.0783203 0.0773438
0 0.0964844 0.601953 0.0595703 0.065625
0 0.139478 0 0.143311 0
0 0.534375 0.573438 0.0460938 0.0820312
0 0.225781 0.971094 0.0945313 0.0578125
0 0.564453 0.17832 0.513281 0.340234
0 0.104102 0.558594 0.156641 0.173438
0 0.539453 0.748438 0.0734375 0.13125
0 0.560156 0.635156 0.19375 0.389062
0 0.168945 0.000488281 0.186719 0.000976562
0 0.426172 0.660547 0.305469 0.294531
0 0.236328 0.954688 0.121094 0.090625
0 0.455469 0.517969 0.664062 0.6625
0 0.532422 0.490625 0.458594 0.73125
0 0.570312 0.542578 0.36875 0.630469
0 0.566406 0.44375 0.84375 0.876563
0 0.616797 0.468652 0.311719 0.773633
0 0.542188 0.688281 0.167969 0.328125
0 0.439844 0.613965 0.601562 0.481445
0 0.709375 0.0748535 0.053125 0.115137
0 0.378516 0.555078 0.492188 0.563281
0 0.517578 0.676172 0.121094 0.302344
0 0.534375 0.567187 0.0375 0.0726563
0 0.55166 0.466016 0.507617 0.932031
0 0.563281 0.303125 0.0625 0.0882813
0 0.524219 0.567969 0.053125 0.078125
0 0.571094 0.753125 0.128125 0.192188
0 0.491406 0.686328 0.2125 0.352344
0 0.514453 0.567969 0.0796875 0.0890625
0 0.707812 0.489063 0.114063 0.071875
0 0.708984 0.453906 0.528906 0.810938
0 0.34375 0.605469 0.454688 0.445312
0 0.709375 0.476562 0.119531 0.10625
0 0.574219 0.802344 0.14375 0.104688
0 0.461719 0.669922 0.235156 0.308594
0 0.653906 0.0678223 0.164062 0.124512
0 0.567969 0.311914 0.053125 0.0726563
0 0.5625 0.285547 0.0640625 0.09375
0 0.56875 0.712109 0.15 0.277344
0 0.55 0.751953 0.151562 0.208594
0 0.508203 0.561328 0.101562 0.1125
0 0.539453 0.570312 0.0484375 0.084375
0 0.532031 0.571875 0.0492188 0.0921875
0 0.526953 0.572656 0.0601563 0.109375
0 0.713281 0.0969727 0.0421875 0.0724609
0 0.560156 0.634375 0.19375 0.390625
0 0.106445 0.000390625 0.181641 0.00078125
0 0.0829102 0.000390625 0.16582 0.00078125
0 0.563281 0.316992 0.0671875 0.128516
0 0.695703 0.0744141 0.0789063 0.120898
0 0.54375 0.684375 0.05 0.0640625
0 0.374609 0.716406 0.222656 0.189063
0 0.121777 0.589844 0.106445 0.1
0 0.142554 0.000390625 0.181299 0.00078125
0 0.509766 0.665234 0.327344 0.378906
0 0.673438 0.0822266 0.1375 0.154688
0 0.528906 0.550391 0.04375 0.0789063
0 0.0296387 0.254639 0.0569336 0.189941
0 0.240234 0.938281 0.139063 0.123438
0 0.565234 0.177002 0.592969 0.336621
0 0.541016 0.689844 0.0578125 0.08125
0 0.180859 0.000476074 0.182812 0.000952148
0 0.653125 0.197852 0.179688 0.393359
0 0.583203 0.727344 0.139844 0.225
0 0.715625 0.0967773 0.0515625 0.0914062
0 0.114258 0.585156 0.140234 0.107813
0 0.614844 0.0706055 0.242188 0.129102
0 0.421484 0.764844 0.142969 0.0890625
0 0.227002 0.000366211 0.168652 0.000732422
0 0.351953 0.000390625 0.167187 0.00078125
0 0.457813 0.000439453 0.185938 0.000878906
0 0.498437 0.000622559 0.192188 0.00124512
0 0.406152 0.000427246 0.18457 0.000854492
0 0.0851563 0.600391 0.0679687 0.0671875
0 0.361523 0.348633 0.101953 0.0769531
0 0.617188 0.00065918 0.170313 0.00131836
0 0.347266 0.576563 0.480469 0.551562
0 0.521094 0.678125 0.121875 0.303125
0 0.407129 0.527734 0.588867 0.611719
0 0.607813 0.544531 0.285938 0.620313
0 0.548828 0.685938 0.167969 0.320312
0 0.705469 0.0723633 0.0609375 0.122461
0 0.564063 0.301758 0.0640625 0.084375
0 0.507129 0.563281 0.31543 0.590625
0 0.584766 0.445312 0.819531 0.884375
0 0.567187 0.753516 0.123438 0.188281
0 0.534375 0.568359 0.0390625 0.075
0 0.626563 0.440625 0.314063 0.815625
0 0.525098 0.541797 0.44043 0.603906
0 0.701953 0.470215 0.482031 0.773633
0 0.474219 0.682031 0.208594 0.33125
0 0.569922 0.30918 0.05 0.0664062
0 0.532813 0.614062 0.159375 0.476562
0 0.525391 0.567969 0.05 0.075
0 0.542188 0.753906 0.128125 0.201563
0 0.670313 0.0675293 0.13125 0.12627
0 0.0293945 0.24707 0.0566406 0.165625
0 0.707422 0.479297 0.113281 0.09375
0 0.70625 0.489844 0.109375 0.065625
0 0.514844 0.567187 0.075 0.084375
0 0.533203 0.571094 0.0484375 0.0953125
0 0.485938 0.660156 0.175 0.273438
0 0.539844 0.571484 0.0484375 0.0867188
0 0.560547 0.287695 0.0609375 0.09375
0 0.551562 0.721484 0.13125 0.264844
0 0.446094 0.564453 0.775 0.617969
0 0.433594 0.667188 0.282813 0.301563
0 0.694531 0.06875 0.0796875 0.125977
0 0.0299316 0.227344 0.0547852 0.105078
0 0.0334839 0.269531 0.0664307 0.191797
0 0.194727 0.744531 0.155469 0.142188
0 0.0920898 0 0.158008 0
0 0.563281 0.319141 0.0695313 0.132031
0 0.560156 0.538281 0.16875 0.482812
0 0.511719 0.564844 0.0914062 0.1
0 0.120215 0.000354004 0.190039 0.000708008
0 0.120605 0.589063 0.10918 0.10625
0 0.65625 0.082251 0.1625 0.153467
0 0.539062 0.753125 0.0710938 0.120313
0 0.713281 0.0820068 0.0421875 0.101221
0 0.532422 0.579688 0.0554687 0.120313
0 0.636719 0.0688965 0.199219 0.129004
0 0.0732422 0.000268555 0.146484 0.000537109
0 0.157837 0.000366211 0.190576 0.000732422
0 0.219727 0.000378418 0.186719 0.000756836
0 0.542969 0.741406 0.0875 0.157813
0 0.355859 0.000366211 0.180469 0.000732422
0 0.569922 0.291797 0.0664062 0.0992187
0 0.527734 0.554297 0.0460938 0.0851563
0 0.706641 0.444141 0.586719 0.886719
0 0.571094 0.801367 0.14375 0.0941406
0 0.396191 0.000415039 0.191992 0.000830078
0 0.462109 0.000427246 0.200781 0.000854492
0 0.582812 0.727734 0.140625 0.214844
0 0.0739746 0.37207 0.147949 0.157422
0 0.582031 0.689063 0.184375 0.296875
0 0.252734 0.000354004 0.174609 0.000708008
0 0.715234 0.0994141 0.0398437 0.0708984
0 0.660937 0.484375 0.0328125 0.0734375
0 0.361719 0.346875 0.0984375 0.0710938
0 0.193701 0 0.15791 0
0 0.699609 0.467969 0.128906 0.121094
0 0.376172 0.711719 0.229687 0.203125
0 0.576563 0.626953 0.210938 0.402344
0 0.501563 0.000573731 0.20625 0.00114746
0 0.539062 0.350391 0.115625 0.194531
0 0.464844 0.478125 0.084375 0.0796875
0 0.664062 0.490625 0.0296875 0.0617188
0 0.115015 0.573047 0.146533 0.126563
0 0.54375 0.299805 0.0859375 0.0824219
0 0.716406 0.0964844 0.0484375 0.0878906
0 0.429785 0 0.156055 0
0 0.6 0.0329956 0.046875 0.0593994
0 0.547266 0.000720215 0.189844 0.00144043
0 0.520312 0.540527 0.122656 0.458008
0 0.24043 0.939453 0.133203 0.121094
0 0.436328 0.436035 0.278906 0.243555
0 0.520312 0.591016 0.0875 0.15625
0 0.0863525 0.599219 0.0628418 0.065625
0 0.540625 0.689453 0.053125 0.0765625
0 0.566016 0.175586 0.608594 0.340234
0 0.547656 0.330859 0.103125 0.167969
0 0.595703 0.000585938 0.185938 0.00117188
0 0.667188 0.498047 0.0226563 0.0453125
0 0.396875 0.495313 0.126563 0.120313
0 0.598437 0.024292 0.0335938 0.0342285
0 0.456641 0.723437 0.259375 0.275
0 0.317969 0.000341797 0.176563 0.000683594
0 0.608984 0.0340942 0.0578125 0.0628662
0 0.529688 0.761328 0.071875 0.108594
0 0.501563 0.732813 0.173438 0.257812
0 0.544922 0.684375 0.046875 0.059375
0 0.598828 0.271875 0.735156 0.5375
0 0.378906 0.429297 0.186719 0.221875
0 0.667969 0.498437 0.0265625 0.0578125
0 0.201758 0.730469 0.128516 0.140625
0 0.0567871 0.376953 0.113574 0.155469
0 0.664453 0.0417847 0.121094 0.0756104
0 0.219531 0.74375 0.0945313 0.132812
0 0.284766 0.000488281 0.192969 0.000976562
0 0.499609 0.543359 0.147656 0.425781
0 0.115796 0.593359 0.0918457 0.0867188
0 0.0235596 0.214648 0.0396973 0.0921875
0 0.490723 0.28125 0.57793 0.550781
0 0.530078 0.732031 0.0992187 0.164062
0 0.0638672 0.564844 0.127734 0.142188
0 0.414062 0.702344 0.317969 0.232813
0 0.633984 0.00065918 0.185156 0.00131836
0 0.464063 0.472656 0.096875 0.10625
0 0.6125 0.0249512 0.05 0.0356445
0 0.600781 0.0288574 0.0390625 0.046582
0 0.554297 0.755469 0.116406 0.139063
0 0.657031 0.191455 0.167187 0.37959
0 0.522656 0.364063 0.146875 0.227344
0 0.0980469 0.604688 0.0515625 0.059375
0 0.358594 0.588672 0.551562 0.564844
0 0.508691 0.557422 0.491992 0.627344
0 0.542969 0.692969 0.178125 0.332813
0 0.705469 0.0739746 0.065625 0.123926
0 0.507812 0.691406 0.203125 0.339063
0 0.563281 0.291016 0.0679687 0.0964844
0 0.563281 0.571191 0.316406 0.601367
0 0.705078 0.480469 0.110937 0.090625
0 0.435156 0.552344 0.6625 0.576563
0 0.6875 0.0696289 0.103125 0.131445
0 0.704688 0.490234 0.10625 0.0632813
0 0.560938 0.763281 0.140625 0.203125
0 0.535937 0.56875 0.0375 0.071875
0 0.565625 0.303516 0.0625 0.0765625
0 0.585938 0.454688 0.80625 0.90625
0 0.434375 0.442969 0.275781 0.253906
0 0.461328 0.687891 0.247656 0.342969
0 0.660937 0.0706055 0.153125 0.133008
0 0.0323242 0.260156 0.0637695 0.152344
0 0.510547 0.683594 0.14375 0.317188
0 0.194531 0.748828 0.163672 0.139844
0 0.524219 0.568359 0.053125 0.0703125
0 0.0293457 0.242188 0.0549805 0.128906
0 0.0306763 0.223047 0.055835 0.0945313
0 0.555859 0.278711 0.0484375 0.0722656
0 0.513281 0.56875 0.075 0.0773438
0 0.530078 0.5625 0.0414063 0.0640625
0 0.0863281 0.000390625 0.172656 0.00078125
0 0.694531 0.466406 0.139063 0.123438
0 0.533594 0.761328 0.2 0.217969
0 0.10354 7.32422e-05 0.158154 0.000146484
0 0.118335 0.589063 0.114111 0.107813
0 0.499316 0.686328 0.274805 0.369531
0 0.572266 0.811719 0.161719 0.0921875
0 0.133984 0.000427246 0.19375 0.000854492
0 0.396875 0.427734 0.203125 0.217969
0 0.3625 0.345703 0.0914062 0.0625
0 0.572656 0.537109 0.214062 0.480469
0 0.171484 0.000463867 0.192969 0.000927734
0 0.450781 0.415234 0.64375 0.794531
0 0.0224121 0.216406 0.037207 0.0929688
0 0.511719 0.645703 0.128125 0.239844
0 0.355859 0.000415039 0.179688 0.000830078
0 0.218701 0.000415039 0.18291 0.000830078
0 0.534375 0.573438 0.0484375 0.0859375
0 0.184814 0.730469 0.142871 0.14375
0 0.380078 0 0.153906 0
0 0.409375 0.000463867 0.192969 0.000927734
0 0.548047 0.296094 0.0828125 0.0835937
0 0.65166 0.550879 0.656055 0.793555
0 0.113184 0.573047 0.145117 0.130469
0 0.462109 0.000488281 0.200781 0.000976562
0 0.371094 0.316016 0.717188 0.589844
0 0.508594 0.566797 0.0953125 0.0945313
0 0.0749512 0.375391 0.149902 0.155469
0 0.252393 0.000415039 0.17334 0.000830078
0 0.660156 0.485156 0.0359375 0.071875
0 0.510938 0.333398 0.177344 0.192578
0 0.451465 0.411035 0.312695 0.213867
0 0.407715 0.645312 0.44707 0.457813
0 0.501953 0.00065918 0.207031 0.00131836
0 0.7125 0.0824219 0.0484375 0.101953
0 0.508594 0.487598 0.592188 0.51543
0 0.571094 0.793555 0.132812 0.0722656
0 0.539062 0.329297 0.121875 0.182812
0 0.557031 0.170215 0.36875 0.325977
0 0.231641 0.974219 0.0757812 0.0515625
0 0.657031 0.198047 0.170313 0.391406
0 0.546094 0.000793457 0.185938 0.00158691
0 0.663281 0.042041 0.126563 0.0760742
0 0.597656 0.0240723 0.0328125 0.0342773
0 0.419531 0.525879 0.789062 0.463867
0 0.570703 0.264453 0.641406 0.525781
0 0.664453 0.492969 0.0296875 0.05625
0 0.407031 0.348438 0.764063 0.402344
0 0.478906 0.664062 0.20625 0.28125
0 0.43916 0.735156 0.320117 0.254688
0 0.100586 0.366406 0.159375 0.142969
0 0.0857178 0.6 0.0684082 0.065625
0 0.596094 0.000634766 0.185938 0.00126953
0 0.487598 0.345313 0.231055 0.207813
0 0.0534668 0.368555 0.106934 0.153516
0 0.540234 0.281836 0.0671875 0.0726563
0 0.240039 0.940625 0.134766 0.11875
0 0.467871 0.759375 0.300195 0.2125
0 0.0632324 0.565625 0.126465 0.142188
0 0.716797 0.0974609 0.0515625 0.0871094
0 0.509277 0.208984 0.526758 0.411719
0 0.318359 0.000390625 0.176563 0.00078125
0 0.4625 0.475 0.0875 0.0765625
0 0.675781 0.0514648 0.110937 0.0884766
0 0.653125 0.481641 0.0476562 0.0773438
0 0.263281 0.973047 0.105469 0.0539063
0 0.560938 0.319531 0.075 0.136719
0 0.101147 0.552344 0.172705 0.1875
0 0.0607422 0 0.121484 0
0 0.635938 0.000708008 0.190625 0.00141602
0 0.589063 0.0236084 0.0445313 0.0341309
0 0.123438 0.594141 0.113672 0.146094
0 0.565625 0.273438 0.053125 0.0679687
0 0.611328 0.0247803 0.0484375 0.0355957
0 0.732813 0.491406 0.0554687 0.05625
0 0.714063 0.106836 0.040625 0.0558594
0 0.362891 0.590234 0.553906 0.557031
0 0.54375 0.692187 0.178125 0.33125
0 0.528223 0.554297 0.449805 0.624219
0 0.706641 0.0739746 0.0648438 0.122754
0 0.564063 0.291406 0.0664062 0.0933594
0 0.443848 0.55625 0.629492 0.5625
0 0.704688 0.490234 0.10625 0.0617188
0 0.564844 0.586328 0.282813 0.561719
0 0.704688 0.48125 0.110937 0.0875
0 0.607813 0.547266 0.315625 0.652344
0 0.565625 0.305078 0.0609375 0.0679687
0 0.5875 0.459375 0.80625 0.9125
0 0.561719 0.296875 0.05625 0.06875
0 0.565234 0.765625 0.133594 0.190625
0 0.493848 0.691016 0.263867 0.353906
0 0.535156 0.567969 0.0375 0.06875
0 0.521875 0.677344 0.125 0.304688
0 0.689063 0.0694336 0.101562 0.129883
0 0.555078 0.277539 0.0453125 0.0679687
0 0.525781 0.475 0.526563 0.80625
0 0.525 0.56875 0.0515625 0.0671875
0 0.433594 0.453516 0.273438 0.271094
0 0.692969 0.466406 0.142188 0.123438
0 0.570703 0.810742 0.157813 0.0910156
0 0.515234 0.569141 0.0710938 0.0734375
0 0.116699 0.588281 0.116992 0.107031
0 0.0881836 0.00045166 0.176367 0.00090332
0 0.659375 0.0695801 0.159375 0.12998
0 0.19375 0.748438 0.167187 0.139063
0 0.512891 0.64375 0.121094 0.23125
0 0.7125 0.0805664 0.0492188 0.104102
0 0.111499 0.000463867 0.198877 0.000927734
0 0.632031 0.199219 0.225 0.390625
0 0.0327637 0.261914 0.0641602 0.151953
0 0.0314453 0.221875 0.05625 0.0898438
0 0.364258 0.34375 0.0808594 0.0539063
0 0.6625 0.485938 0.0328125 0.06875
0 0.400684 0.435156 0.206445 0.229687
0 0.571094 0.794531 0.129688 0.06875
0 0.53125 0.760938 0.20625 0.215625
0 0.530469 0.375781 0.60625 0.751563
0 0.598437 0.0241211 0.034375 0.0347656
0 0.458691 0.510254 0.641992 0.40293
0 0.0295044 0.239063 0.0544678 0.119531
0 0.671094 0.0880859 0.1375 0.167383
0 0.160767 0.000463867 0.199561 0.000927734
0 0.526172 0.574219 0.0601563 0.0859375
0 0.357422 0.00045166 0.184375 0.00090332
0 0.611719 0.0247803 0.05 0.0361816
0 0.665234 0.491797 0.0296875 0.05625
0 0.605859 0.169922 0.285156 0.326562
0 0.462598 0.000537109 0.201367 0.00107422
0 0.231055 0.000415039 0.182422 0.000830078
0 0.396777 0.000500488 0.19082 0.00100098
0 0.111621 0.571875 0.148242 0.133594
0 0.549609 0.29375 0.0679687 0.0765625
0 0.197852 0.000512695 0.197266 0.00102539
0 0.502344 0.000695801 0.20625 0.0013916
0 0.571094 0.534766 0.209375 0.491406
0 0.428516 0.683594 0.308594 0.334375
0 0.620703 0.000732422 0.182031 0.00146484
0 0.589063 0.0236084 0.0460938 0.0344238
0 0.418359 0.767969 0.1375 0.0625
0 0.720313 0.491406 0.08125 0.0546875
0 0.541016 0.280469 0.0570313 0.0664062
0 0.661719 0.0403442 0.126563 0.0730225
0 0.510156 0.567187 0.090625 0.09375
0 0.421777 0.318164 0.686133 0.633984
0 0.545703 0.000830078 0.183594 0.00166016
0 0.553125 0.782617 0.1625 0.178516
0 0.425781 0.651953 0.432813 0.439844
0 0.656641 0.483203 0.0429688 0.075
0 0.576172 0.217969 0.578906 0.433594
0 0.717188 0.0967773 0.053125 0.0849609
0 0.454688 0.416797 0.314063 0.222656
0 0.585938 0.000634766 0.19375 0.00126953
0 0.272266 0.000561523 0.19375 0.00112305
0 0.667188 0.496875 0.0234375 0.0453125
0 0.0233643 0.216357 0.0387207 0.0907227
0 0.539844 0.573828 0.0539063 0.0867188
0 0.263672 0.972656 0.101953 0.0546875
0 0.716016 0.101978 0.04375 0.0644043
0 0.428516 9.76563e-05 0.153906 0.000195313
0 0.389844 0.441016 0.779688 0.496094
0 0.476172 0.656641 0.210156 0.264844
0 0.564844 0.272656 0.0546875 0.0667969
0 0.371875 0.423047 0.153125 0.199219
0 0.0867188 0.373242 0.173438 0.142578
0 0.0838867 0.596094 0.0814453 0.071875
0 0.320117 0.000439453 0.182422 0.000878906
0 0.66875 0.226953 0.160938 0.453906
0 0.600781 0.0279785 0.0414063 0.0457031
0 0.464063 0.475 0.0820312 0.0710938
0 0.111743 0.594531 0.102686 0.084375
0 0.625781 0.0249512 0.0421875 0.0350586
0 0.473828 0.473828 0.0617188 0.0601563
0 0.369922 0.750781 0.0875 0.0515625
0 0.232031 0.974219 0.0734375 0.0515625
0 0.0878906 0.603125 0.0666016 0.0664062
0 0.123145 0.59375 0.113477 0.141406
0 0.6 0.0320801 0.05 0.0571289
0 0.60625 0.549609 0.285938 0.617969
0 0.388281 0.568848 0.576563 0.57793
0 0.544531 0.6875 0.178125 0.340625
0 0.478223 0.558984 0.485742 0.602344
0 0.706641 0.0720703 0.0679687 0.125586
0 0.703906 0.488281 0.109375 0.065625
0 0.569141 0.592578 0.2375 0.536719
0 0.5125 0.685156 0.189844 0.339063
0 0.569141 0.760547 0.132031 0.207031
0 0.524219 0.672656 0.129688 0.321875
0 0.475098 0.538672 0.693555 0.557031
0 0.564063 0.289453 0.06875 0.105469
0 0.328125 0.585156 0.45625 0.484375
0 0.703906 0.479297 0.117188 0.0914062
0 0.567969 0.304297 0.059375 0.0828125
0 0.712891 0.0799072 0.0515625 0.106592
0 0.492871 0.6875 0.25957 0.3625
0 0.703125 0.466406 0.13125 0.123438
0 0.691016 0.0691895 0.102344 0.131152
0 0.559766 0.274219 0.0570313 0.078125
0 0.530078 0.567578 0.0484375 0.0773438
0 0.573047 0.308594 0.0476562 0.0710938
0 0.561719 0.646094 0.186719 0.428125
0 0.5125 0.64375 0.126563 0.242188
0 0.455566 0.671484 0.25918 0.314844
0 0.660937 0.482812 0.0421875 0.0757812
0 0.570312 0.798438 0.146875 0.101562
0 0.616406 0.407813 0.304688 0.809375
0 0.571094 0.280859 0.053125 0.0898438
0 0.575781 0.810742 0.176563 0.112891
0 0.716406 0.0974609 0.0515625 0.0792969
0 0.667188 0.439453 0.414062 0.878906
0 0.665625 0.489844 0.034375 0.0640625
0 0.125024 0.582031 0.107373 0.126563
0 0.551172 0.268359 0.0382813 0.059375
0 0.717188 0.0974609 0.0640625 0.0992187
0 0.578125 0.413965 0.370313 0.683008
0 0.586719 0.163281 0.325 0.321875
0 0.532422 0.577344 0.0601563 0.107813
0 0.654297 0.201563 0.185156 0.401563
0 0.561328 0.73125 0.142188 0.259375
0 0.598828 0.0237061 0.034375 0.035791
0 0.672656 0.0917725 0.139063 0.178174
0 0.611719 0.0244385 0.05 0.0372559
0 0.0296387 0.254346 0.0591797 0.178809
0 0.370313 0.713281 0.217188 0.201563
0 0.523438 0.58125 0.071875 0.123438
0 0.667188 0.494531 0.0265625 0.0523438
0 0.488379 0.448438 0.576367 0.725
0 0.273047 0.562109 0.34375 0.485156
0 0.626953 0.378223 0.275 0.312305
0 0.667969 0.0697754 0.145313 0.129004
0 0.567578 0.264844 0.046875 0.0601563
0 0.653125 0.478906 0.0523438 0.08125
0 0.665625 0.492188 0.0421875 0.075
0 0.539844 0.742188 0.110937 0.164062
0 0.393359 0.584473 0.607031 0.581055
0 0.54375 0.689063 0.172656 0.339063
0 0.515234 0.546875 0.491406 0.6375
0 0.710156 0.0738281 0.05625 0.117188
0 0.51875 0.677734 0.11875 0.310156
0 0.704297 0.489844 0.108594 0.0625
0 0.565625 0.763281 0.139063 0.198437
0 0.4875 0.611328 0.409375 0.517969
0 0.598437 0.540234 0.354688 0.653906
0 0.578906 0.610547 0.26875 0.516406
0 0.564453 0.295312 0.0664062 0.100781
0 0.499609 0.690234 0.1875 0.367969
0 0.513281 0.632422 0.121094 0.213281
0 0.706641 0.48125 0.117188 0.0859375
0 0.571484 0.304297 0.0515625 0.0851563
0 0.0321289 0.262891 0.0634766 0.163281
0 0.535937 0.570312 0.040625 0.078125
0 0.708594 0.469531 0.13125 0.114063
0 0.569531 0.799219 0.140625 0.0953125
0 0.665625 0.491016 0.0304688 0.0617188
0 0.716016 0.0982422 0.0460938 0.0755859
0 0.45459 0.680469 0.251758 0.33125
0 0.703906 0.0685547 0.0828125 0.126953
0 0.417188 0.541016 0.8125 0.549219
0 0.546094 0.47959 0.720313 0.49707
0 0.125781 0.580078 0.104297 0.120313
0 0.555859 0.419531 0.775781 0.839063
0 0.529297 0.573047 0.0476562 0.0804688
0 0.667188 0.494922 0.025 0.0515625
0 0.553125 0.729688 0.159375 0.265625
0 0.575781 0.313477 0.040625 0.0644531
0 0.576953 0.812695 0.147656 0.102734
0 0.426465 0.642188 0.493945 0.465625
0 0.537109 0.754687 0.078125 0.125
0 0.566406 0.533984 0.207813 0.510156
0 0.717188 0.0984375 0.0554687 0.09375
0 0.438281 0.453809 0.28125 0.264258
0 0.294531 0.578906 0.417188 0.492188
0 0.422754 0.524121 0.62793 0.423633
0 0.657813 0.483594 0.040625 0.075
0 0.475 0.644922 0.204688 0.246094
0 0.565625 0.792969 0.169531 0.11875
0 0.686328 0.0828369 0.116406 0.158545
0 0.382812 0.418359 0.166406 0.18125
0 0.366406 0.755078 0.126563 0.0695313
0 0.689453 0.065332 0.100781 0.123633
0 0.086377 0.37207 0.172754 0.145703
0 0.640625 0.379297 0.270313 0.303125
0 0.570312 0.773047 0.134375 0.119531
0 0.56875 0.320703 0.05625 0.107813
0 0.511719 0.689063 0.132812 0.117188
0 0.113086 0.567187 0.159766 0.135937
0 0.559375 0.316797 0.08125 0.127344
0 0.671094 0.494141 0.0375 0.0632813
0 0.400781 0.437402 0.202344 0.229883
0 0.619531 0.025293 0.0453125 0.0380859
0 0.510156 0.283398 0.0398437 0.0566406
0 0.237305 0.973047 0.0664062 0.0539063
0 0.553125 0.278906 0.0453125 0.0726563
0 0.765625 0.964844 0.0375 0.0703125
0 0.255078 0.972656 0.0835937 0.0546875
0 0.438281 0.590234 0.720313 0.594531
0 0.529688 0.549219 0.575 0.657813
0 0.544531 0.687891 0.175 0.347656
0 0.579297 0.441797 0.841406 0.882031
0 0.710938 0.074707 0.05 0.116406
0 0.0328125 0.263672 0.0648438 0.157031
0 0.515625 0.6875 0.141406 0.35
0 0.705078 0.489063 0.110937 0.0671875
0 0.50625 0.692187 0.196875 0.378125
0 0.570312 0.798633 0.141406 0.0964844
0 0.563281 0.766797 0.146875 0.202344
0 0.126172 0.580859 0.103125 0.119531
0 0.561719 0.294141 0.071875 0.117188
0 0.571094 0.8125 0.157813 0.114063
0 0.528125 0.570312 0.0515625 0.08125
0 0.5125 0.654688 0.125 0.267188
0 0.707422 0.479297 0.121875 0.09375
0 0.437891 0.45 0.278906 0.261719
0 0.237891 0.973437 0.0671875 0.053125
0 0.623828 0.188867 0.747656 0.361328
0 0.359961 0.34707 0.0933594 0.0636719
0 0.714844 0.0951172 0.0390625 0.0757812
0 0.566406 0.314063 0.0601563 0.0945313
0 0.255078 0.972656 0.0820312 0.0546875
0 0.383984 0.412109 0.167969 0.175781
0 0.617188 0.0252441 0.0484375 0.0383789
0 0.192773 0.744531 0.169531 0.1375
0 0.243555 0.936719 0.128125 0.126563
0 0.072168 0.375 0.144336 0.15625
0 0.707422 0.467187 0.134375 0.121875
0 0.767188 0.963281 0.0390625 0.0734375
0 0.113086 0.567969 0.159766 0.135937
0 0.116895 0.000415039 0.167773 0.000830078
0 0.459375 0.678516 0.244531 0.339844
0 0.0786133 0.000390625 0.157227 0.00078125
0 0.641016 0.382422 0.272656 0.296875
0 0.23667 0.927344 0.154004 0.145313
0 0.625781 0.0250977 0.0375 0.0365234
0 0.231836 0.967578 0.0683594 0.0648438
0 0.519531 0.570312 0.0625 0.0859375
0 0.336328 0.581641 0.525 0.507031
0 0.15603 0.000415039 0.169189 0.000830078
0 0.600391 0.0236816 0.0367188 0.0355469
0 0.352344 0.403516 0.134375 0.157031
0 0.564844 0.779883 0.173438 0.133984
0 0.400684 0.437402 0.200195 0.233008
0 0.571484 0.792383 0.136719 0.158984
0 0.449609 0.596191 0.742969 0.576367
0 0.576563 0.477734 0.81875 0.811719
0 0.553516 0.516309 0.619531 0.725195
0 0.54375 0.6875 0.175781 0.35
0 0.0334961 0.264844 0.065918 0.153906
0 0.707422 0.0741699 0.0585938 0.128418
0 0.627344 0.489063 0.745313 0.94375
0 0.102051 0.000134277 0.149805 0.000268555
0 0.238086 0.973437 0.0691406 0.053125
0 0.415723 0.341211 0.793555 0.682422
0 0.442188 0.525391 0.884375 0.686719
0 0.507422 0.686719 0.164844 0.35
0 0.255859 0.972656 0.084375 0.0546875
0 0.0807129 0.000366211 0.161426 0.000732422
0 0.126001 0.582812 0.103857 0.126563
0 0.139941 0 0.149805 0
0 0.364063 0.345703 0.0882813 0.0617188
0 0.494531 0.692969 0.225 0.376563
0 0.572266 0.81582 0.163281 0.124609
0 0.166504 0 0.150586 0
0 0.231641 0.9625 0.090625 0.075
0 0.233008 0.967188 0.0707031 0.065625
0 0.113574 0.567969 0.15957 0.142188
0 0.244141 0.940234 0.123438 0.119531
0 0.616406 0.0250488 0.05 0.0384766
0 0.526953 0.571094 0.0546875 0.08125
0 0.569922 0.799219 0.146875 0.104688
0 0.0567383 0.000354004 0.113477 0.000708008
0 0.0862305 0.373047 0.172461 0.151562
0 0.714063 0.0838867 0.040625 0.0988281
0 0.569531 0.77793 0.142188 0.191016
0 0.234766 0.957031 0.1125 0.0859375
0 0.217188 0.000341797 0.158984 0.000683594
0 0.625 0.0249512 0.040625 0.0367188
0 0.247266 0.976562 0.0742188 0.046875
0 0.23667 0.930078 0.149316 0.139844
0 0.193164 0.742188 0.168359 0.142188
0 0.0303223 0.233545 0.056543 0.143848
0 0.387109 0.256641 0.741406 0.492969
0 0.605469 0.000512695 0.165625 0.00102539
0 0.0625977 0.565234 0.125195 0.152344
0 0.601172 0.0234375 0.0382813 0.0356445
0 0.0395508 0.284766 0.0791016 0.203906
0 0.561719 0.295703 0.0734375 0.124219
0 0.457422 0.000292969 0.167969 0.000585938
0 0.70625 0.485156 0.11875 0.08125
0 0.353516 0.000305176 0.150781 0.000610352
0 0.364258 0.351953 0.0738281 0.0578125
0 0.429297 0.000317383 0.155469 0.000634766
0 0.767188 0.963281 0.040625 0.0734375
0 0.252734 0.000317383 0.158984 0.000634766
0 0.972656 0.00396729 0.0546875 0.00793457
0 0.566406 0.642969 0.21875 0.454688
0 0.436816 0.972266 0.13418 0.0554687
0 0.397656 0.495703 0.155469 0.123438
0 0.0913086 0.559375 0.16582 0.160938
0 0.513281 0.570312 0.0765625 0.0890625
0 0.114478 0.596875 0.0937012 0.0859375
0 0.240234 0.476953 0.169141 0.117188
0 0.326953 0.589453 0.505469 0.489844
0 0.392285 0.000378418 0.148242 0.000756836
0 0.382812 0.591504 0.610156 0.532617
0 0.486719 0.583203 0.540625 0.549219
0 0.532031 0.690625 0.148438 0.335938
0 0.563672 0.454297 0.872656 0.897656
0 0.567187 0.585938 0.339063 0.55
0 0.707812 0.0742676 0.059375 0.129395
0 0.534766 0.507129 0.451562 0.685742
0 0.0335938 0.266797 0.0652344 0.153125
0 0.496484 0.692578 0.175781 0.364844
0 0.507812 0.672656 0.135937 0.298438
0 0.291406 0.591309 0.425 0.470508
0 0.605469 0.524902 0.326562 0.66582
0 0.127148 0.583594 0.104297 0.121875
0 0.705859 0.486328 0.114844 0.0765625
0 0.0901367 7.32422e-05 0.153711 0.000146484
0 0.464941 0.678516 0.22793 0.327344
0 0.566406 0.664844 0.264062 0.40625
0 0.371875 0.346484 0.0734375 0.0554687
0 0.528906 0.570312 0.05 0.075
0 0.542969 0.636328 0.167187 0.391406
0 0.1125 0.580469 0.145313 0.123438
0 0.714453 0.0837891 0.0414063 0.0986328
0 0.258789 0.973437 0.0902344 0.053125
0 0.5625 0.290625 0.0679687 0.104297
0 0.0751953 0.000439453 0.150391 0.000878906
0 0.238281 0.974219 0.0703125 0.0515625
0 0.126855 0 0.151758 0
0 0.616406 0.0251465 0.0515625 0.0380859
0 0.56875 0.775 0.140625 0.179688
0 0.571094 0.817187 0.159375 0.128125
0 0.112988 0.557813 0.156055 0.18125
0 0.138379 0.55625 0.152539 0.190625
0 0.475098 0.505859 0.743555 0.758594
0 0.623828 0.0250488 0.0429688 0.0364258
0 0.16582 0 0.153125 0
0 0.0301636 0.232617 0.0547119 0.133984
0 0.564844 0.313281 0.0617188 0.0875
0 0.601562 0.0236816 0.0390625 0.0356445
0 0.517969 0.578125 0.06875 0.103125
0 0.421191 0.765625 0.141992 0.075
0 0.569531 0.798438 0.146875 0.110937
0 0.50166 0.460938 0.60918 0.921875
0 0.0872559 0.370898 0.174512 0.148828
0 0.0422852 0.285352 0.0845703 0.204297
0 0.233984 0.9625 0.0960938 0.075
0 0.0498535 0.000488281 0.099707 0.000976562
0 0.11604 0.596484 0.0983887 0.0882813
0 0.245312 0.941797 0.127344 0.116406
0 0.21958 0.000415039 0.171777 0.000830078
0 0.226953 0.971875 0.08125 0.05625
0 0.402441 0.620313 0.299805 0.354688
0 0.166406 0.546875 0.194141 0.195312
0 0.19292 0.741406 0.16416 0.139063
0 0.715234 0.0987305 0.0429688 0.071875
0 0.661719 0.486719 0.0359375 0.071875
0 0.113867 0.6 0.0769531 0.0765625
0 0.248438 0.95625 0.116797 0.0875
0 0.437109 0.398438 0.0921875 0.0914062
0 0.604688 0.000561523 0.163281 0.00112305
0 0.236719 0.63125 0.313281 0.390625
0 0.444434 0.000366211 0.170508 0.000732422
0 0.231982 0.921875 0.158691 0.15625
0 0.247656 0.977344 0.0734375 0.0453125
0 0.428906 0.363477 0.857813 0.721484
0 0.0901367 0.598047 0.0779297 0.071875
0 0.376172 0.355469 0.0632813 0.0554687
0 0.0623535 0.566016 0.124707 0.153906
0 0.0982422 0.605469 0.0552734 0.065625
0 0.530469 0.579688 0.05625 0.0953125
0 0.610938 0.0294434 0.0546875 0.0498047
0 0.591797 0.0230225 0.0453125 0.0350098
0 0.705859 0.467969 0.125781 0.123438
0 0.184326 0.524219 0.0899414 0.134375
0 0.406152 0.000439453 0.162695 0.000878906
0 0.600781 0.0310547 0.0515625 0.0585938
0 0.428906 0.561328 0.832812 0.483594
0 0.667969 0.496484 0.03125 0.0671875
0 0.546094 0.754297 0.153125 0.227344
0 0.354688 0.000341797 0.157813 0.000683594
0 0.601562 0.0283203 0.04375 0.0473633
0 0.434277 0.453125 0.254883 0.25625
0 0.144336 0.571094 0.0839844 0.1
0 0.138672 0.533984 0.192578 0.20625
0 0.253955 0.000366211 0.166309 0.000732422
0 0.510938 0.560938 0.09375 0.125
0 0.398047 0.495703 0.15 0.124219
0 0.716406 0.0958008 0.0523438 0.0892578
0 0.974609 0.00439453 0.0507812 0.00878906
0 0.0918945 0.567969 0.161523 0.142188
0 0.383984 0.570703 0.608594 0.513281
0 0.491016 0.570312 0.525781 0.5375
0 0.531641 0.685938 0.144531 0.325
0 0.708594 0.0748535 0.0609375 0.130762
0 0.551562 0.460156 0.864062 0.920313
0 0.548438 0.579004 0.335156 0.524805
0 0.510938 0.659375 0.128125 0.271875
0 0.30293 0.580859 0.444141 0.483594
0 0.535937 0.569531 0.040625 0.0734375
0 0.366016 0.347266 0.0882813 0.0585938
0 0.70625 0.486719 0.114063 0.075
0 0.50625 0.685938 0.154688 0.351562
0 0.563281 0.290625 0.0671875 0.0976562
0 0.128223 0.583203 0.104492 0.116406
0 0.0335938 0.263477 0.0641602 0.148828
0 0.525 0.569531 0.0570313 0.0765625
0 0.542969 0.64375 0.165625 0.359375
0 0.714063 0.0765625 0.0484375 0.113281
0 0.467578 0.663672 0.221094 0.294531
0 0.258594 0.973437 0.0976562 0.053125
0 0.420703 0.766406 0.130469 0.06875
0 0.564844 0.308008 0.0609375 0.0765625
0 0.523438 0.569531 0.065625 0.0953125
0 0.237695 0.974219 0.0753906 0.0515625
0 0.0844727 0.000537109 0.168945 0.00107422
0 0.429004 0.442578 0.260742 0.249219
0 0.193311 0.739062 0.153223 0.140625
0 0.569531 0.753906 0.132812 0.173438
0 0.232813 0.921094 0.154297 0.157813
0 0.375684 0.354688 0.0689453 0.0625
0 0.575781 0.820312 0.140625 0.1125
0 0.236133 0.93125 0.120703 0.1375
0 0.437891 0.397656 0.0992187 0.100781
0 0.567969 0.628125 0.220313 0.434375
0 0.571875 0.313086 0.046875 0.0644531
0 0.532031 0.577344 0.0546875 0.0945313
0 0.112329 0.581641 0.144873 0.121875
0 0.714844 0.0911133 0.0421875 0.0869141
0 0.569531 0.798438 0.145313 0.107813
0 0.662109 0.486719 0.034375 0.071875
0 0.120898 0.000512695 0.18125 0.00102539
0 0.502246 0.444531 0.542383 0.870313
0 0.590625 0.544531 0.335938 0.598437
0 0.102515 0.558203 0.157471 0.172656
0 0.0734375 0.374414 0.146875 0.156641
0 0.66875 0.496094 0.0296875 0.0671875
0 0.372266 0.435937 0.171094 0.239063
0 0.191846 0.851562 0.238965 0.296875
0 0.403809 0.615625 0.293945 0.354688
0 0.15896 0.000512695 0.180908 0.00102539
0 0.616406 0.0252441 0.0515625 0.0375977
0 0.664844 0.494922 0.0375 0.0773438
0 0.0597656 0.000524902 0.119531 0.0010498
0 0.541016 0.754297 0.0703125 0.119531
0 0.667188 0.0689453 0.142188 0.126758
0 0.226562 0.971094 0.0882813 0.0578125
0 0.600781 0.0239014 0.0390625 0.035498
0 0.234375 0.960938 0.107422 0.078125
0 0.398047 0.408203 0.195312 0.178906
0 0.24082 0.953516 0.125781 0.0929688
0 0.70625 0.46875 0.120313 0.121094
0 0.0996094 0.60625 0.0533203 0.0617188
0 0.229248 0.000488281 0.162598 0.000976562
0 0.225977 0.944141 0.122266 0.111719
0 0.514844 0.564063 0.0890625 0.113281
0 0.514063 0.575 0.071875 0.0953125
0 0.545703 0.742188 0.148438 0.21875
0 0.353516 0.000488281 0.153906 0.000976562
0 0.562891 0.294141 0.0601563 0.0757812
0 0.248047 0.976562 0.0804688 0.046875
0 0.197217 0.000585938 0.184473 0.00117188
0 0.671484 0.508594 0.03125 0.084375
0 0.695703 0.0735352 0.0757812 0.123242
0 0.380469 0.714453 0.220313 0.185156
0 0.128711 0.567578 0.123828 0.175
0 0.364453 0.363867 0.0945313 0.113672
0 0.113867 0.600781 0.0740234 0.0734375
0 0.186328 0.526563 0.09375 0.132812
0 0.625 0.201953 0.235938 0.397656
0 0.392188 0.000561523 0.159375 0.00112305
0 0.457031 0.000488281 0.171875 0.000976562
0 0.667188 0.494922 0.0257812 0.0539063
0 0.528125 0.585156 0.065625 0.117188
0 0.0900391 0.603906 0.065625 0.0734375
0 0.591406 0.0234131 0.046875 0.0353027
0 0.116797 0.596094 0.100391 0.0890625
0 0.423828 0.777344 0.133594 0.0671875
0 0.396875 0.494922 0.151562 0.125781
0 0.718359 0.0982422 0.0546875 0.0951172
0 0.35918 0.355469 0.0917969 0.0671875
0 0.539453 0.572656 0.0523438 0.0859375
0 0.480469 0.642969 0.178125 0.240625
0 0.527734 0.558203 0.0554687 0.10625
0 0.485938 0.701172 0.207813 0.357031
0 0.446875 0.411328 0.265625 0.1875
0 0.395215 0.66875 0.25957 0.246875
0 0.350781 0.425781 0.177344 0.210156
0 0.541797 0.740625 0.0945313 0.159375
0 0.388281 0.349805 0.776563 0.698047
0 0.257617 0.870313 0.177734 0.251563
0 0.714063 0.495313 0.0921875 0.053125
0 0.376172 0.753125 0.0953125 0.0609375
0 0.550781 0.723828 0.06875 0.155469
0 0.601562 0.0285156 0.04375 0.0475586
0 0.0285156 0.229248 0.0503906 0.125098
0 0.0637695 0.563281 0.127539 0.1625
0 0.392871 0.663281 0.637695 0.673438
0 0.617969 0.000683594 0.164062 0.00136719
0 0.0921875 0.597266 0.0849609 0.0726563
0 0.330273 0.505469 0.110547 0.11875
0 0.410938 0.765234 0.147656 0.100781
0 0.402441 0.469531 0.213867 0.30625
0 0.563672 0.445703 0.399219 0.794531
0 0.192773 0.892578 0.205469 0.214844
0 0.0416992 0.284375 0.0830078 0.203906
0 0.38125 0.485938 0.151562 0.15625
0 0.104102 0.609375 0.0630859 0.0828125
0 0.45 0.474609 0.246875 0.302344
0 0.565234 0.528809 0.224219 0.46582
0 0.403027 0.569531 0.633008 0.528125
0 0.515234 0.541406 0.49375 0.6375
0 0.542969 0.4625 0.867188 0.925
0 0.548438 0.688281 0.179688 0.332813
0 0.711719 0.0753906 0.053125 0.119531
0 0.5625 0.288672 0.0695313 0.104688
0 0.70625 0.486328 0.113281 0.0773438
0 0.498437 0.684766 0.180469 0.330469
0 0.535937 0.569141 0.040625 0.0757812
0 0.570312 0.798242 0.145313 0.0972656
0 0.36582 0.34668 0.0871094 0.0574219
0 0.419922 0.767578 0.138281 0.0664062
0 0.0327148 0.264062 0.0625977 0.15625
0 0.485938 0.688672 0.251563 0.358594
0 0.564063 0.304688 0.0640625 0.0898438
0 0.542188 0.576563 0.367188 0.55
0 0.571094 0.755469 0.132812 0.176563
0 0.516797 0.679688 0.122656 0.315625
0 0.191846 0.738281 0.153809 0.140625
0 0.528125 0.575 0.05625 0.0890625
0 0.127344 0.582812 0.105469 0.121875
0 0.230273 0.972656 0.0824219 0.0546875
0 0.575781 0.815625 0.14375 0.0953125
0 0.237305 0.928125 0.158594 0.14375
0 0.261328 0.973828 0.1125 0.0523438
0 0.0844727 0.000524902 0.168945 0.0010498
0 0.566406 0.626563 0.215625 0.403125
0 0.460156 0.66875 0.239844 0.303125
0 0.525 0.582031 0.065625 0.114063
0 0.23457 0.947656 0.112891 0.104688
0 0.0735352 0.373633 0.14707 0.157422
0 0.24375 0.974219 0.0742188 0.0515625
0 0.108765 0.000512695 0.181689 0.00102539
0 0.707422 0.467187 0.116406 0.125
0 0.328516 0.597266 0.500781 0.461719
0 0.493066 0.455469 0.573242 0.910937
0 0.714844 0.0878906 0.0429688 0.0951172
0 0.410938 0.364063 0.821875 0.727344
0 0.617969 0.202539 0.251563 0.398047
0 0.224561 0.960547 0.107129 0.0789063
0 0.102734 0.553906 0.163281 0.18125
0 0.157642 0.000537109 0.176123 0.00107422
0 0.518359 0.569531 0.0726563 0.084375
0 0.392188 0.24707 0.0585938 0.129297
0 0.368164 0.356641 0.0808594 0.0695313
0 0.189258 0.878906 0.230469 0.242188
0 0.0567871 0.000500488 0.113574 0.00100098
0 0.217969 0.000537109 0.167187 0.00107422
0 0.112793 0.569922 0.155273 0.1375
0 0.242578 0.966797 0.123438 0.0664062
0 0.430078 0.445703 0.263281 0.258594
0 0.552344 0.273633 0.0429688 0.0707031
0 0.366797 0.000537109 0.15625 0.00107422
0 0.409375 0.765625 0.15625 0.1
0 0.696484 0.478125 0.134375 0.1
0 0.566016 0.80625 0.185156 0.123438
0 0.716406 0.0958008 0.0546875 0.0958984
0 0.552734 0.752344 0.160156 0.209375
0 0.456348 0.000500488 0.168555 0.00100098
0 0.528027 0.17793 0.51582 0.344922
0 0.671875 0.510547 0.03125 0.0851563
0 0.405859 0.000585938 0.165625 0.00117188
0 0.232031 0.909766 0.135547 0.180469
0 0.680469 0.0696777 0.120313 0.130176
0 0.636719 0.385059 0.265625 0.298633
0 0.396484 0.495313 0.152344 0.125781
0 0.66875 0.497266 0.0296875 0.0695313
0 0.396484 0.405078 0.192969 0.173438
0 0.516797 0.242578 0.653906 0.4625
0 0.694531 0.0736328 0.0765625 0.125391
0 0.410938 0.575391 0.639063 0.549219
0 0.522266 0.552441 0.480469 0.635742
0 0.547656 0.689844 0.175 0.332813
0 0.535156 0.460156 0.839063 0.917188
0 0.5625 0.288281 0.0695313 0.104688
0 0.513281 0.687891 0.1375 0.335156
0 0.710938 0.0748047 0.053125 0.118359
0 0.705859 0.485938 0.1125 0.075
0 0.191602 0.736719 0.151172 0.1375
0 0.502734 0.689453 0.196094 0.361719
0 0.0322144 0.264844 0.0619385 0.154297
0 0.571484 0.809375 0.158594 0.104688
0 0.571094 0.767188 0.134375 0.165625
0 0.535937 0.569531 0.040625 0.0765625
0 0.420703 0.76875 0.136719 0.059375
0 0.553516 0.273633 0.0460938 0.0730469
0 0.565625 0.307031 0.0625 0.0929688
0 0.639063 0.383203 0.259375 0.297656
0 0.0852539 0.000537109 0.170508 0.00107422
0 0.464453 0.675391 0.228906 0.316406
0 0.365625 0.346484 0.0882813 0.0558594
0 0.127319 0.582031 0.104736 0.124219
0 0.239014 0.9375 0.146191 0.125
0 0.528125 0.575781 0.05625 0.090625
0 0.567578 0.626563 0.215625 0.4
0 0.479688 0.266797 0.09375 0.0984375
0 0.110181 0.000537109 0.185889 0.00107422
0 0.612109 0.201953 0.260156 0.39375
0 0.571875 0.795117 0.135937 0.0753906
0 0.430859 0.453906 0.266406 0.271875
0 0.403125 0.355469 0.80625 0.709375
0 0.231641 0.920313 0.160938 0.159375
0 0.0239258 0.229297 0.0407227 0.124609
0 0.524219 0.582031 0.0671875 0.117188
0 0.263477 0.974219 0.114063 0.0515625
0 0.187305 0.000622559 0.189063 0.00124512
0 0.530078 0.565625 0.0445313 0.075
0 0.392188 0.246484 0.0578125 0.128125
0 0.553906 0.751172 0.15625 0.217969
0 0.707031 0.466406 0.117188 0.125
0 0.145923 0.000549316 0.180029 0.00109863
0 0.366797 0.000524902 0.155469 0.0010498
0 0.0729492 0.371094 0.145898 0.157813
0 0.218359 0.000537109 0.16875 0.00107422
0 0.102905 0.551562 0.160986 0.1875
0 0.113086 0.570312 0.155078 0.135937
0 0.230469 0.973828 0.0820312 0.0523438
0 0.392188 0.250195 0.784375 0.473047
0 0.578906 0.289844 0.096875 0.121875
0 0.05625 0.000488281 0.1125 0.000976562
0 0.396484 0.406348 0.195312 0.173242
0 0.515625 0.659375 0.110937 0.265625
0 0.548438 0.290625 0.075 0.096875
0 0.45625 0.000524902 0.16875 0.0010498
0 0.407031 0.000585938 0.16875 0.00117188
0 0.540625 0.175732 0.460156 0.337598
0 0.456641 0.343359 0.315625 0.196094
0 0.362891 0.396484 0.129688 0.15
0 0.24043 0.953125 0.132422 0.09375
0 0.540625 0.748438 0.0703125 0.125
0 0.499609 0.339844 0.700781 0.672656
0 0.504297 0.201563 0.616406 0.379688
0 0.24375 0.975391 0.0730469 0.0492188
0 0.565625 0.789844 0.175 0.121875
0 0.334961 0.599121 0.500391 0.46582
0 0.19668 0.837695 0.247656 0.324609
0 0.680469 0.0698242 0.11875 0.129492
0 0.232813 0.960938 0.110937 0.078125
0 0.165039 0.763281 0.182422 0.160938
0 0.517969 0.570312 0.071875 0.084375
0 0.410059 0.76875 0.156445 0.090625
0 0.367969 0.357422 0.0789063 0.0640625
0 0.0389771 0.284961 0.0767334 0.207422
0 0.654297 0.21875 0.196094 0.4375
0 0.5125 0.577344 0.0726563 0.10625
0 0.0314331 0.232422 0.0564697 0.123828
0 0.262842 0.721875 0.290723 0.192188
0 0.203076 0.758203 0.193066 0.152344
0 0.242969 0.967188 0.122656 0.065625
0 0.696094 0.477344 0.134375 0.0984375
0 0.714844 0.0887695 0.0421875 0.0912109
0 0.250586 0.000512695 0.157422 0.00102539
0 0.561719 0.321094 0.0703125 0.142188
0 0.401172 0.576172 0.600781 0.557031
0 0.509277 0.550391 0.504883 0.616406
0 0.535156 0.687891 0.148438 0.328906
0 0.5625 0.286328 0.06875 0.103125
0 0.517188 0.669922 0.115625 0.294531
0 0.710938 0.0745117 0.0546875 0.117773
0 0.538965 0.577246 0.37207 0.564258
0 0.705469 0.485156 0.1125 0.0765625
0 0.567969 0.764844 0.139063 0.182812
0 0.0325317 0.261719 0.0624756 0.144531
0 0.640625 0.382812 0.253125 0.296094
0 0.601172 0.546094 0.303906 0.6125
0 0.530469 0.569531 0.046875 0.075
0 0.434375 0.448828 0.276563 0.259375
0 0.471777 0.678125 0.211133 0.325
0 0.191211 0.7375 0.153906 0.135937
0 0.567969 0.625781 0.21875 0.392188
0 0.365625 0.396777 0.135156 0.14707
0 0.553906 0.270703 0.0460938 0.0703125
0 0.533984 0.461719 0.707031 0.920313
0 0.564844 0.304492 0.065625 0.106641
0 0.364063 0.347656 0.09375 0.0570313
0 0.541406 0.745703 0.0695313 0.119531
0 0.551172 0.746094 0.149219 0.221875
0 0.569922 0.8 0.144531 0.09375
0 0.398438 0.403125 0.201563 0.164844
0 0.0243164 0.229346 0.0415039 0.126465
0 0.524219 0.580859 0.0679687 0.116406
0 0.611328 0.201563 0.261719 0.392188
0 0.457422 0.343164 0.321875 0.194141
0 0.541406 0.735156 0.0945313 0.151562
0 0.707422 0.465625 0.116406 0.125
0 0.127637 0.582422 0.104492 0.124219
0 0.395215 0.435937 0.195508 0.230469
0 0.551172 0.724219 0.0726563 0.154688
0 0.421777 0.767969 0.14082 0.0578125
0 0.682813 0.0683594 0.114844 0.126367
0 0.579688 0.289062 0.0976562 0.117969
0 0.567578 0.526563 0.223438 0.472656
0 0.385547 0.386816 0.174219 0.129492
0 0.548047 0.287891 0.0773438 0.104688
0 0.429785 0.659766 0.295117 0.288281
0 0.0322388 0.232617 0.0579834 0.123438
0 0.164746 0.758984 0.179883 0.150781
0 0.0866211 0.000500488 0.173242 0.00100098
0 0.239453 0.9375 0.15 0.125
0 0.5625 0.267188 0.0578125 0.0679687
0 0.532031 0.578906 0.0546875 0.101562
0 0.479688 0.265234 0.09375 0.0929688
0 0.201367 0.753906 0.193359 0.142188
0 0.504297 0.274023 0.492969 0.541016
0 0.517969 0.570312 0.071875 0.084375
0 0.113892 0.571094 0.158154 0.13125
0 0.233984 0.753125 0.265234 0.151562
0 0.425684 0.3875 0.25332 0.135156
0 0.557813 0.31875 0.10625 0.175781
0 0.111304 0.000500488 0.190674 0.00100098
0 0.45625 0.403125 0.317969 0.175781
0 0.263086 0.725 0.299609 0.18125
0 0.367188 0.359375 0.0820312 0.0648438
0 0.549219 0.262891 0.0328125 0.0519531
0 0.330078 0.597656 0.473438 0.470313
0 0.381641 0.328906 0.763281 0.65625
0 0.651563 0.217188 0.195312 0.434375
0 0.560938 0.702734 0.164062 0.294531
0 0.535937 0.758984 0.0609375 0.102344
0 0.403516 0.472266 0.211719 0.305469
0 0.0720703 0.369336 0.144141 0.155078
0 0.548535 0.170508 0.385742 0.325781
0 0.694531 0.475781 0.1375 0.100781
0 0.391504 0.245703 0.0560547 0.126563
0 0.403125 0.621094 0.320312 0.348438
0 0.515234 0.327539 0.173438 0.195703
0 0.54375 0.277734 0.0546875 0.0851563
0 0.507031 0.698828 0.159375 0.352344
0 0.160181 0.000512695 0.185889 0.00102539
0 0.366016 0.374414 0.130469 0.110547
0 0.69375 0.0736328 0.078125 0.124219
0 0.103418 0.550781 0.15957 0.189063
0 0.475 0.252344 0.0921875 0.0808594
0 0.378125 0.244922 0.75625 0.461719
0 0.566406 0.803906 0.184375 0.123438
0 0.532031 0.207813 0.467969 0.4125
0 0.540625 0.333789 0.121875 0.204297
0 0.571094 0.791406 0.140625 0.139063
0 0.592578 0.2875 0.113281 0.133594
0 0.0379395 0.28457 0.074707 0.205859
0 0.199414 0.000573731 0.190625 0.00114746
0 0.569531 0.272852 0.065625 0.0855469
0 0.172266 0.727734 0.139063 0.128906
0 0.428906 0.397656 0.0765625 0.0914062
0 0.5625 0.321484 0.0703125 0.153125
0 0.367188 0.000500488 0.157813 0.00100098
0 0.456934 0.000500488 0.17207 0.00100098
0 0.395703 0.575781 0.595313 0.573438
0 0.514063 0.549902 0.486719 0.623633
0 0.53125 0.689063 0.14375 0.332813
0 0.562891 0.285742 0.0703125 0.102734
0 0.516406 0.6625 0.114063 0.275
0 0.526563 0.578125 0.371094 0.576563
0 0.565625 0.766406 0.146875 0.19375
0 0.710156 0.0746582 0.05625 0.118652
0 0.705469 0.485156 0.1125 0.0773438
0 0.435254 0.445703 0.281055 0.257031
0 0.559375 0.276172 0.059375 0.0875
0 0.536719 0.569141 0.0398437 0.0757812
0 0.367188 0.398438 0.140625 0.157031
0 0.59375 0.551562 0.307813 0.61875
0 0.475391 0.68125 0.201563 0.334375
0 0.546875 0.751172 0.148438 0.222656
0 0.625781 0.380469 0.271875 0.302344
0 0.529688 0.571875 0.0507812 0.08125
0 0.564844 0.303125 0.06875 0.116797
0 0.362109 0.348438 0.0984375 0.0632813
0 0.539062 0.745313 0.075 0.126563
0 0.390527 0.418359 0.187695 0.197656
0 0.190967 0.738281 0.154785 0.1375
0 0.0327148 0.259375 0.0628906 0.142188
0 0.554297 0.271484 0.046875 0.0726563
0 0.523438 0.578125 0.06875 0.114063
0 0.457715 0.338281 0.323633 0.203125
0 0.528906 0.732031 0.132812 0.267188
0 0.569922 0.798438 0.145313 0.1
0 0.437891 0.407813 0.280469 0.180469
0 0.565234 0.527344 0.227344 0.478906
0 0.690625 0.0698242 0.104688 0.129102
0 0.516797 0.569531 0.0742188 0.084375
0 0.613672 0.201172 0.257812 0.392188
0 0.550391 0.725 0.075 0.15625
0 0.580469 0.288281 0.0984375 0.117578
0 0.539453 0.735938 0.0984375 0.154688
0 0.55625 0.322266 0.115625 0.184375
0 0.398047 0.391016 0.201563 0.142969
0 0.571484 0.640625 0.235156 0.445312
0 0.563281 0.267188 0.0578125 0.0679687
0 0.428809 0.664062 0.29707 0.301563
0 0.70625 0.465234 0.11875 0.125781
0 0.12793 0.582031 0.104688 0.123438
0 0.329688 0.588184 0.479688 0.495508
0 0.0885742 0.000524902 0.177148 0.0010498
0 0.454688 0.383496 0.314063 0.162695
0 0.541016 0.334766 0.125 0.208594
0 0.364844 0.359375 0.0875 0.0726563
0 0.163843 0.761719 0.18208 0.1625
0 0.422266 0.767578 0.14375 0.0601563
0 0.516406 0.329688 0.177344 0.201563
0 0.559375 0.707031 0.171875 0.301563
0 0.239453 0.935938 0.151953 0.128125
0 0.0237793 0.227686 0.0405273 0.121973
0 0.532813 0.759766 0.0703125 0.111719
0 0.509766 0.700781 0.142969 0.354688
0 0.547656 0.2875 0.08125 0.109375
0 0.507812 0.217578 0.475 0.429688
0 0.480469 0.264844 0.09375 0.0921875
0 0.651563 0.217578 0.189063 0.435156
0 0.112598 0.000512695 0.195898 0.00102539
0 0.262305 0.728906 0.301953 0.18125
0 0.576172 0.814258 0.144531 0.0964844
0 0.570312 0.271094 0.0617188 0.08125
0 0.509766 0.546484 0.100781 0.153906
0 0.578516 0.326172 0.14375 0.192188
0 0.196484 0.755469 0.191406 0.148438
0 0.55 0.264062 0.034375 0.0546875
0 0.366211 0.375781 0.133984 0.115625
0 0.175195 0.000561523 0.195312 0.00112305
0 0.565625 0.789062 0.175 0.128125
0 0.0714844 0.369141 0.142969 0.154688
0 0.114355 0.569531 0.157227 0.135937
0 0.579688 0.370703 0.207813 0.292969
0 0.232617 0.753906 0.268359 0.15625
0 0.368164 0.000537109 0.165234 0.00107422
0 0.373242 0.356445 0.0730469 0.0621094
0 0.669531 0.0714844 0.1375 0.129688
0 0.543359 0.27832 0.0585938 0.0890625
0 0.40166 0.619922 0.32793 0.355469
0 0.458203 0.000500488 0.178906 0.00100098
0 0.103711 0.55 0.157813 0.192188
0 0.492969 0.762109 0.210938 0.208594
0 0.694922 0.475781 0.138281 0.101562
0 0.169727 0.79375 0.198828 0.235938
0 0.170703 0.728125 0.141797 0.13125
0 0.190283 0.845703 0.238184 0.308594
0 0.395313 0.573047 0.596875 0.569531
0 0.508203 0.548828 0.479688 0.617969
0 0.525 0.689063 0.13125 0.332813
0 0.552344 0.689063 0.185938 0.328125
0 0.5625 0.286523 0.0703125 0.103125
0 0.564063 0.766406 0.146094 0.192188
0 0.705859 0.489844 0.110937 0.065625
0 0.535937 0.569141 0.040625 0.0773438
0 0.710156 0.0749023 0.0546875 0.118555
0 0.564844 0.304297 0.0671875 0.114063
0 0.475 0.68125 0.2 0.335938
0 0.432813 0.452441 0.276563 0.273242
0 0.364648 0.399902 0.136328 0.161133
0 0.5375 0.747656 0.078125 0.129688
0 0.528906 0.571875 0.0515625 0.08125
0 0.361523 0.348047 0.0972656 0.0640625
0 0.584766 0.551465 0.319531 0.614258
0 0.535937 0.751563 0.126563 0.21875
0 0.70625 0.478125 0.114063 0.096875
0 0.514063 0.652344 0.117969 0.253125
0 0.521875 0.578906 0.0703125 0.114063
0 0.638281 0.383203 0.253125 0.296094
0 0.385547 0.420996 0.178125 0.204883
0 0.553906 0.273828 0.046875 0.0742188
0 0.515625 0.569531 0.075 0.084375
0 0.566406 0.644922 0.226562 0.432031
0 0.190967 0.739062 0.154004 0.135937
0 0.560938 0.529785 0.229687 0.501367
0 0.569531 0.798633 0.145313 0.105859
0 0.550781 0.324414 0.114063 0.186328
0 0.547656 0.720313 0.155469 0.28125
0 0.576563 0.289453 0.0890625 0.116406
0 0.683203 0.0717285 0.114063 0.132715
0 0.538672 0.7375 0.0992187 0.157813
0 0.327148 0.582031 0.475391 0.50625
0 0.55 0.726562 0.075 0.159375
0 0.45625 0.340625 0.321875 0.199219
0 0.429688 0.664062 0.294531 0.304688
0 0.128223 0.582812 0.104492 0.123438
0 0.0328613 0.271289 0.0644531 0.180859
0 0.0899414 0.000512695 0.179883 0.00102539
0 0.645312 0.206055 0.196875 0.403516
0 0.422656 0.767578 0.139844 0.0617188
0 0.529688 0.7625 0.078125 0.117188
0 0.238477 0.925781 0.165234 0.148438
0 0.364063 0.358203 0.0859375 0.0695313
0 0.508594 0.550781 0.1 0.142969
0 0.536719 0.34082 0.126563 0.221484
0 0.433203 0.410059 0.271875 0.187695
0 0.564063 0.26875 0.0578125 0.0695313
0 0.515625 0.330469 0.173438 0.201563
0 0.124512 0.000524902 0.196289 0.0010498
0 0.176172 0.000585938 0.199219 0.00117188
0 0.396094 0.39209 0.197656 0.14707
0 0.35625 0.000512695 0.167187 0.00102539
0 0.480469 0.265234 0.0921875 0.0902344
0 0.564844 0.774219 0.165625 0.139063
0 0.460059 0.000500488 0.186133 0.00100098
0 0.546094 0.289453 0.08125 0.103906
0 0.397559 0.000537109 0.183008 0.00107422
0 0.0711426 0.369922 0.142285 0.155469
0 0.575781 0.817383 0.14375 0.102734
0 0.104004 0.55 0.155273 0.195312
0 0.165723 0.783008 0.190039 0.208984
0 0.372656 0.355469 0.0726563 0.0601563
0 0.195703 0.837305 0.251172 0.325391
0 0.571875 0.327344 0.139844 0.192188
0 0.500781 0.216797 0.489063 0.424219
0 0.212109 0.000561523 0.194531 0.00112305
0 0.114551 0.56875 0.153711 0.140625
0 0.393359 0.571094 0.594531 0.564063
0 0.522266 0.689063 0.125781 0.33125
0 0.5 0.548438 0.478125 0.6125
0 0.5625 0.287109 0.0703125 0.103125
0 0.563281 0.766016 0.14375 0.189844
0 0.565625 0.305664 0.065625 0.107813
0 0.535937 0.569531 0.040625 0.078125
0 0.70625 0.490625 0.110937 0.0640625
0 0.539062 0.576172 0.33125 0.567969
0 0.710156 0.0749512 0.0546875 0.118066
0 0.477344 0.682031 0.195312 0.334375
0 0.537109 0.75 0.078125 0.129688
0 0.528125 0.572266 0.0515625 0.08125
0 0.546094 0.69375 0.164062 0.3375
0 0.532813 0.753906 0.117188 0.209375
0 0.361328 0.348047 0.0945313 0.0617188
0 0.514063 0.653906 0.117188 0.25625
0 0.521875 0.579688 0.06875 0.1125
0 0.560156 0.662109 0.210938 0.392969
0 0.432031 0.45625 0.275781 0.278906
0 0.706641 0.479297 0.113281 0.0945313
0 0.363281 0.400781 0.134375 0.161719
0 0.515625 0.569531 0.071875 0.0828125
0 0.636719 0.383203 0.254688 0.295312
0 0.553516 0.273828 0.0453125 0.0726563
0 0.12832 0.583594 0.104297 0.125
0 0.538672 0.738281 0.0976562 0.157813
0 0.0891602 0.000500488 0.17832 0.00100098
0 0.529297 0.763281 0.0789063 0.11875
0 0.569531 0.797656 0.146094 0.107813
0 0.191211 0.740625 0.152734 0.135937
0 0.574219 0.29043 0.084375 0.115234
0 0.430371 0.664062 0.292383 0.301563
0 0.549219 0.325391 0.114063 0.185938
0 0.550391 0.728906 0.0742188 0.160938
0 0.382422 0.424219 0.171875 0.210156
0 0.683203 0.0715332 0.114063 0.131934
0 0.423438 0.767188 0.134375 0.0609375
0 0.558203 0.529785 0.232031 0.50918
0 0.324219 0.581934 0.471875 0.504883
0 0.123022 0.000524902 0.191455 0.0010498
0 0.0326172 0.271875 0.0638672 0.178906
0 0.239648 0.935156 0.148828 0.129688
0 0.175586 0.000561523 0.196484 0.00112305
0 0.571875 0.813281 0.160938 0.11875
0 0.355078 0.000500488 0.1625 0.00100098
0 0.364844 0.357227 0.0820312 0.0644531
0 0.646094 0.206836 0.19375 0.405078
0 0.459766 0.000500488 0.183594 0.00100098
0 0.508984 0.55625 0.0976562 0.129688
0 0.396777 0.000537109 0.179883 0.00107422
0 0.564453 0.774609 0.164844 0.139844
0 0.211328 0.000561523 0.191797 0.00112305
0 0.455859 0.343359 0.321094 0.19375
0 0.564063 0.269141 0.05625 0.06875
0 0.104199 0.55 0.154883 0.195312
0 0.537109 0.341992 0.124219 0.220703
0 0.480859 0.264844 0.0898438 0.0882813
0 0.516016 0.330469 0.171094 0.199219
0 0.0700684 0.371094 0.140137 0.154688
0 0.114746 0.569531 0.151758 0.142188
0 0.0583008 0.000439453 0.116602 0.000878906
0 0.561719 0.325586 0.071875 0.173047
0 0.574219 0.744531 0.1375 0.2
0 0.19375 0.838672 0.245312 0.322656
0 0.358594 0.588672 0.551562 0.564844
0 0.508203 0.557422 0.492969 0.627344
0 0.542969 0.692969 0.178125 0.332813
0 0.705469 0.0739258 0.065625 0.124023
0 0.507812 0.691406 0.203125 0.339063
0 0.563281 0.291016 0.06875 0.0964844
0 0.563281 0.571094 0.316406 0.601562
0 0.705078 0.480469 0.110937 0.090625
0 0.435059 0.552344 0.664258 0.576563
0 0.6875 0.0696289 0.103125 0.131445
0 0.704688 0.490234 0.10625 0.0632813
0 0.560938 0.763281 0.140625 0.203125
0 0.535937 0.56875 0.0375 0.071875
0 0.585938 0.454688 0.80625 0.904688
0 0.565625 0.303516 0.0625 0.0765625
0 0.434375 0.442969 0.275781 0.253125
0 0.461328 0.688281 0.247656 0.342187
0 0.660937 0.0706055 0.153125 0.133008
0 0.0323242 0.260156 0.0637695 0.152344
0 0.510156 0.683203 0.14375 0.316406
0 0.194531 0.748828 0.163672 0.139844
0 0.524219 0.568359 0.053125 0.0703125
0 0.0293457 0.242188 0.0549805 0.128906
0 0.0306763 0.223047 0.055835 0.0945313
0 0.555859 0.278711 0.0484375 0.0722656
0 0.513281 0.56875 0.075 0.0773438
0 0.530078 0.5625 0.0414063 0.0640625
0 0.694531 0.466406 0.139063 0.123438
0 0.0863281 0.000390625 0.172656 0.00078125
0 0.533984 0.761328 0.199219 0.217969
0 0.118359 0.589063 0.114063 0.107813
0 0.103613 7.32422e-05 0.158008 0.000146484
0 0.499121 0.686719 0.273633 0.36875
0 0.571875 0.811719 0.1625 0.0921875
0 0.133984 0.000427246 0.19375 0.000854492
0 0.510254 0.473047 0.54668 0.652344
0 0.572656 0.537402 0.214062 0.479883
0 0.3625 0.345703 0.0914062 0.0625
0 0.396875 0.427734 0.203906 0.217969
0 0.448438 0.415625 0.649219 0.796875
0 0.171484 0.000463867 0.192969 0.000927734
0 0.0224121 0.216406 0.037207 0.0929688
0 0.511719 0.646094 0.128125 0.240625
0 0.218701 0.000415039 0.18291 0.000830078
0 0.355859 0.000415039 0.179688 0.000830078
0 0.534375 0.573438 0.0484375 0.0859375
0 0.184961 0.730469 0.142578 0.14375
0 0.380078 0 0.153906 0
0 0.547656 0.295898 0.0828125 0.0839844
0 0.65166 0.550781 0.656055 0.79375
0 0.409375 0.000476074 0.192969 0.000952148
0 0.113184 0.573047 0.145117 0.130469
0 0.462109 0.000488281 0.200781 0.000976562
0 0.371094 0.316211 0.717188 0.591016
0 0.508594 0.566797 0.0953125 0.0945313
0 0.0749512 0.375391 0.149902 0.155469
0 0.252393 0.000415039 0.17334 0.000830078
0 0.660156 0.485156 0.0359375 0.071875
0 0.510938 0.333398 0.177344 0.192578
0 0.451953 0.411035 0.3125 0.213867
0 0.407422 0.645703 0.447656 0.457031
0 0.7125 0.0824219 0.0484375 0.101953
0 0.501953 0.000646973 0.207031 0.00129395
0 0.571094 0.793555 0.132812 0.0722656
0 0.539062 0.329102 0.121875 0.183203
0 0.556641 0.170215 0.369531 0.325977
0 0.231641 0.974219 0.0757812 0.0515625
0 0.657031 0.198047 0.170313 0.391406
0 0.546094 0.000793457 0.185938 0.00158691
0 0.663281 0.042041 0.126563 0.0760742
0 0.597656 0.0240967 0.0328125 0.0342285
0 0.664453 0.492969 0.0296875 0.05625
0 0.571094 0.264453 0.642188 0.526563
0 0.407031 0.348633 0.764063 0.405859
0 0.478906 0.664062 0.20625 0.28125
0 0.0857666 0.6 0.0683106 0.065625
0 0.445215 0.765625 0.300195 0.198437
0 0.10061 0.366406 0.159717 0.142969
0 0.487598 0.345313 0.231055 0.207813
0 0.540234 0.281836 0.0671875 0.0726563
0 0.0534668 0.368555 0.106934 0.153516
0 0.596094 0.000634766 0.185938 0.00126953
0 0.239795 0.940625 0.134473 0.11875
0 0.0631836 0.565625 0.126367 0.142188
0 0.716797 0.0973633 0.0515625 0.0873047
0 0.509473 0.20918 0.52793 0.412109
0 0.4625 0.475 0.0875 0.0765625
0 0.653125 0.481641 0.0476562 0.0773438
0 0.675781 0.0514648 0.110937 0.0884766
0 0.318359 0.000390625 0.176563 0.00078125
0 0.263281 0.973047 0.105469 0.0539063
0 0.101172 0.552344 0.173047 0.1875
0 0.560938 0.319531 0.075 0.136719
0 0.0607422 0 0.121484 0
0 0.635938 0.000708008 0.190625 0.00141602
0 0.123438 0.594531 0.113672 0.146875
0 0.589063 0.0236084 0.0445313 0.0341309
0 0.565625 0.273242 0.053125 0.0679687
0 0.732422 0.491406 0.05625 0.05625
0 0.489844 0.760156 0.283594 0.220313
0 0.611328 0.0247803 0.0484375 0.0355957
0 0.714063 0.106836 0.040625 0.0558594
