0 0.375586 0.454297 0.751172 0.903906
0 0.449316 0.689063 0.645117 0.5875
0 0.259375 0.1875 0.511719 0.374609
0 0.357812 0.298438 0.715625 0.59375
0 0.15498 0.253125 0.309961 0.503906
0 0.197656 0.623535 0.395313 0.626367
0 0.360547 0.208203 0.670313 0.4125
0 0.198828 0.391016 0.397656 0.771094
0 0.692187 0.482031 0.615625 0.964063
0 0.497656 0.604297 0.540625 0.791406
0 0.40459 0.658594 0.62207 0.682813
0 0.533984 0.689063 0.466406 0.495313
0 0.350977 0.786719 0.512109 0.357812
0 0.457422 0.758984 0.777344 0.455469
0 0.116016 0.17832 0.232031 0.356641
0 0.508203 0.480078 0.802344 0.958594
0 0.554297 0.735742 0.432031 0.528516
0 0.311914 0.688086 0.623828 0.623828
0 0.3 0.742188 0.589063 0.515625
0 0.639844 0.257812 0.55 0.505469
0 0.708984 0.345508 0.582031 0.679297
0 0.126172 0.226172 0.252344 0.452344
0 0.416797 0.482422 0.549219 0.863281
0 0.19082 0.522266 0.381641 0.810156
0 0.577344 0.555469 0.770312 0.889063
0 0.601953 0.608203 0.524219 0.783594
0 0.212109 0.676172 0.424219 0.647656
0 0.186328 0.158887 0.348047 0.317773
0 0.292969 0.137891 0.525781 0.272656
0 0.603906 0.185742 0.454688 0.366406
0 0.85293 0.23125 0.294141 0.446875
0 0.531641 0.230078 0.492969 0.433594
0 0.155762 0.312109 0.311523 0.600781
0 0.789844 0.446875 0.420312 0.89375
0 0.522656 0.530469 0.501563 0.939063
0 0.450781 0.591797 0.870313 0.816406
0 0.685938 0.610547 0.628125 0.778906
0 0.797656 0.605078 0.404687 0.597656
0 0.676953 0.701563 0.646094 0.596875
0 0.151172 0.825 0.302344 0.335938
0 0.495703 0.802344 0.930469 0.376563
0 0.305469 0.860938 0.560938 0.271875
0 0.364648 0.114746 0.500391 0.226758
0 0.490625 0.119336 0.449219 0.233984
0 0.58125 0.315625 0.582812 0.584375
0 0.80957 0.319922 0.380859 0.569531
0 0.29375 0.535937 0.5875 0.90625
0 0.447656 0.683984 0.8625 0.632031
0 0.767969 0.591016 0.464063 0.817969
0 0.755859 0.746484 0.488281 0.507031
0 0.265625 0.702344 0.53125 0.595313
0 0.557813 0.732422 0.884375 0.535156
0 0.259375 0.820508 0.51875 0.352734
0 0.169922 0.903125 0.339063 0.184375
0 0.281641 0.899219 0.557813 0.192188
0 0.321484 0.0764648 0.594531 0.15293
0 0.578125 0.127246 0.396875 0.249805
0 0.653516 0.137305 0.577344 0.269141
0 0.752734 0.149805 0.494531 0.292969
0 0.849805 0.146289 0.300391 0.285547
0 0.446094 0.14707 0.582812 0.285156
0 0.854688 0.265234 0.290625 0.485156
0 0.190234 0.548828 0.380469 0.608594
0 0.791406 0.720313 0.417188 0.528125
0 0.339063 0.716016 0.56875 0.471094
0 0.552344 0.863281 0.895312 0.267188
0 0.723047 0.798633 0.553906 0.402734
0 0.0908203 0.141992 0.181641 0.283984
0 0.125 0.206445 0.25 0.366797
0 0.150586 0.263086 0.301172 0.422266
0 0.858398 0.361133 0.283203 0.308203
0 0.808594 0.383496 0.382812 0.348633
0 0.838672 0.499121 0.322656 0.450195
0 0.859961 0.603125 0.280078 0.454688
0 0.214453 0.738281 0.428906 0.489063
0 0.308203 0.0577148 0.55 0.11543
0 0.566016 0.0750977 0.608594 0.150195
0 0.842969 0.0943359 0.314063 0.188672
0 0.119922 0.15957 0.239844 0.319141
0 0.18418 0.345313 0.368359 0.459375
0 0.87832 0.400781 0.243359 0.339063
0 0.838672 0.703516 0.322656 0.442969
0 0.772461 0.824805 0.455078 0.350391
0 0.230469 0.928125 0.460938 0.134375
0 0.435547 0.0625488 0.553906 0.123926
0 0.863281 0.326562 0.273438 0.349219
0 0.198437 0.460254 0.396875 0.393555
0 0.204688 0.592871 0.409375 0.462695
0 0.208008 0.714063 0.416016 0.559375
0 0.309766 0.921875 0.551562 0.15
0 0.149414 0.0133057 0.298828 0.0266113
0 0.244922 0.0107178 0.489844 0.0214355
0 0.342773 0.00661621 0.685547 0.0132324
0 0.767578 0.00974121 0.464844 0.0194824
0 0.810938 0.0171143 0.378125 0.0342285
0 0.0507812 0.111133 0.101562 0.222266
0 0.694922 0.0664551 0.588281 0.13291
0 0.803906 0.782813 0.392188 0.379688
0 0.186133 0.8125 0.372266 0.3625
0 0.701563 0.874219 0.596875 0.245312
0 0.479688 0.927344 0.853125 0.139063
0 0.615625 0.953125 0.76875 0.090625
0 0.0771973 0.0378906 0.154395 0.0757812
0 0.120313 0.0226563 0.240625 0.0453125
0 0.456641 0.00584717 0.588281 0.0116943
0 0.560547 0.00621338 0.682031 0.0124268
0 0.661719 0.00574951 0.639063 0.011499
0 0.202734 0.807617 0.405469 0.337891
0 0.232422 0.885938 0.464844 0.2125
0 0.526953 0.911719 0.946094 0.173438
0 0.656152 0.90625 0.687695 0.18125
0 0.744141 0.953125 0.511719 0.090625
0 0.271875 0.996875 0.54375 0.00625
0 0.231836 0.996094 0.463672 0.0078125
0 0.460938 0.996484 0.80625 0.00703125
0 0.517188 0.942187 0.965625 0.1125
0 0.17793 0.992969 0.355859 0.0140625
0 0.208594 0.996484 0.417188 0.00703125
0 0.598828 0.997656 0.760156 0.0046875
0 0.750391 0.992188 0.499219 0.015625
0 0.521484 0.996094 0.957031 0.0078125
0 0.711328 0.996875 0.577344 0.00625
0 0.114453 0.0427734 0.217188 0.0849609
0 0.935938 0.0336182 0.128125 0.0672363
0 0.115332 0.0977539 0.210742 0.195508
0 0.168652 0.0812012 0.110742 0.162402
0 0.232227 0.932813 0.279687 0.125
0 0.757812 0.0373047 0.0609375 0.0726563
0 0.112012 0.0666992 0.224023 0.133398
0 0.342969 0.0407104 0.323438 0.0787354
0 0.539453 0.0395996 0.408594 0.0770508
0 0.69375 0.0462891 0.217188 0.0925781
0 0.759375 0.0976562 0.0625 0.194531
0 0.860352 0.0404175 0.279297 0.0801025
0 0.541797 0.0697266 0.267969 0.139063
0 0.690625 0.0914062 0.185938 0.182812
0 0.867969 0.054248 0.264062 0.108496
0 0.941406 0.0463867 0.117188 0.0925781
0 0.932813 0.431934 0.13125 0.14082
0 0.666406 0.691406 0.248438 0.101562
0 0.476172 0.917188 0.202344 0.1625
0 0.145215 0.0177246 0.258789 0.0321289
0 0.152539 0.0198975 0.305078 0.0377441
0 0.853516 0.0231934 0.292969 0.0428711
0 0.989844 0.0107422 0.0203125 0.0193359
0 0.00999756 0.0801758 0.0199951 0.160352
0 0.0569336 0.0395996 0.112695 0.0788086
0 0.153125 0.0443359 0.2625 0.0886719
0 0.295898 0.0405396 0.192578 0.0779053
0 0.289062 0.0588867 0.147656 0.116602
0 0.316797 0.0711914 0.178906 0.141211
0 0.489844 0.0715332 0.194531 0.14209
0 0.728125 0.103711 0.142188 0.207422
0 0.147632 0.100977 0.150049 0.201953
0 0.767969 0.104395 0.0828125 0.208789
0 0.76875 0.139941 0.096875 0.279883
0 0.861719 0.300781 0.176563 0.317969
0 0.869922 0.451465 0.260156 0.17207
0 0.711719 0.601172 0.115625 0.232031
0 0.204883 0.607031 0.325391 0.221875
0 0.674219 0.635938 0.192188 0.167969
0 0.702344 0.628125 0.121875 0.18125
0 0.720703 0.635938 0.0820312 0.161719
0 0.721094 0.666016 0.084375 0.101562
0 0.698438 0.663281 0.142188 0.13125
0 0.268555 0.839063 0.295703 0.201563
0 0.387891 0.850781 0.39375 0.220313
0 0.474121 0.869531 0.218945 0.246875
0 0.254492 0.880469 0.284766 0.123438
0 0.254102 0.90625 0.287109 0.171875
0 0.104712 0.960156 0.194873 0.075
0 0.555078 0.982813 0.407813 0.034375
0 0.4125 1 0.53125 0
0 0.810352 1 0.379297 0
0 0.857422 1 0.285156 0
0 0.0286377 0.0583008 0.0572754 0.116602
0 0.257812 0.0170654 0.484375 0.0324707
0 0.339063 0.017334 0.453125 0.0288086
0 0.557031 0.0182617 0.465625 0.0324219
0 0.612891 0.0150391 0.417969 0.0300781
0 0.642969 0.0180176 0.35625 0.0342773
0 0.945312 0.023999 0.109375 0.0447754
0 0.0414551 0.0328613 0.0829102 0.0655273
0 0.229687 0.0366699 0.415625 0.0729492
0 0.425098 0.0359375 0.368555 0.06875
0 0.664844 0.0413086 0.1875 0.0826172
0 0.805469 0.042688 0.145313 0.0837646
0 0.336328 0.0805664 0.25625 0.160547
0 0.400391 0.0886719 0.158594 0.177344
0 0.429297 0.0888672 0.144531 0.177734
0 0.454688 0.087207 0.154688 0.174023
0 0.615234 0.0825195 0.167187 0.165039
0 0.821875 0.0512695 0.15625 0.101562
0 0.293945 0.0820312 0.171484 0.163281
0 0.543359 0.099707 0.247656 0.199023
0 0.70625 0.116797 0.215625 0.233594
0 0.160254 0.125586 0.137305 0.251172
0 0.714844 0.161035 0.234375 0.32207
0 0.653125 0.172656 0.204688 0.345313
0 0.599219 0.195508 0.179688 0.280078
0 0.173242 0.264258 0.201953 0.268359
0 0.45625 0.380469 0.286719 0.171094
0 0.455078 0.403516 0.225781 0.188281
0 0.433203 0.427441 0.160156 0.188867
0 0.883594 0.399121 0.232813 0.211133
0 0.934766 0.422656 0.130469 0.153125
0 0.278125 0.410059 0.317188 0.26582
0 0.3875 0.471094 0.189063 0.325
0 0.710938 0.413379 0.126563 0.285742
0 0.914062 0.438672 0.171875 0.148438
0 0.41875 0.547266 0.138281 0.447656
0 0.863672 0.494141 0.272656 0.183594
0 0.944141 0.514453 0.111719 0.152344
0 0.394141 0.549609 0.192969 0.428906
0 0.210205 0.564844 0.312402 0.230469
0 0.183984 0.652734 0.315625 0.178906
0 0.173828 0.6875 0.290234 0.2
0 0.660156 0.715625 0.220313 0.1375
0 0.683594 0.705859 0.16875 0.138281
0 0.729688 0.717188 0.203125 0.140625
0 0.645312 0.748047 0.182812 0.182031
0 0.153906 0.799219 0.226562 0.24375
0 0.489063 0.778906 0.21875 0.201563
0 0.00600586 0.850781 0.0120117 0.235938
0 0.198096 0.823438 0.162402 0.192188
0 0.521875 0.838867 0.152344 0.316016
0 0.00554199 0.885938 0.011084 0.2125
0 0.329297 0.870313 0.164844 0.1875
0 0.523047 0.878125 0.125781 0.2375
0 0.254736 0.871875 0.301465 0.184375
0 0.9375 0.891406 0.125 0.160938
0 0.00437012 0.910156 0.00874023 0.179688
0 0.113574 0.896875 0.227148 0.196875
0 0.185352 0.914062 0.216016 0.146875
0 0.341797 0.892969 0.149219 0.157813
0 0.521875 0.9125 0.114063 0.171875
0 0.856445 0.910937 0.287109 0.16875
0 0.00217285 0.934375 0.0043457 0.128125
0 0.00268555 0.95 0.00537109 0.090625
0 0.820312 0.969531 0.359375 0.0578125
0 0.14082 0.98125 0.281641 0.0375
0 0.201172 0.978125 0.402344 0.04375
0 0.232422 0.970313 0.442188 0.059375
0 0.394434 0.974219 0.429883 0.0515625
0 0.402344 0.965625 0.398438 0.06875
0 0.460059 0.976562 0.320508 0.046875
0 0.777539 0.986719 0.444922 0.0265625
0 0.850977 0.986719 0.298047 0.0265625
0 0.995313 0.986328 0.009375 0.0273438
0 0.242578 1 0.485156 0
0 0.533984 1 0.550781 0
0 0.717578 1 0.555469 0
0 0.0778809 0.0165527 0.155762 0.0305664
0 0.784375 0.0307129 0.109375 0.059082
0 0.839844 0.0216797 0.225 0.0396484
0 0.767188 0.0477051 0.075 0.0944336
0 0.0550781 0.0616211 0.110156 0.123242
0 0.234766 0.0686035 0.240625 0.137207
0 0.643359 0.0839356 0.110937 0.167871
0 0.941406 0.0584473 0.117188 0.116895
0 0.99375 0.0865234 0.0125 0.173047
0 0.0098877 0.127051 0.0197754 0.254102
0 0.803906 0.103613 0.153125 0.205273
0 0.837695 0.0887695 0.196484 0.176367
0 0.876953 0.0887695 0.246094 0.177539
0 0.939844 0.0834473 0.120313 0.166895
0 0.209961 0.103906 0.1875 0.20625
0 0.00925293 0.168359 0.0185059 0.232813
0 0.234326 0.114844 0.254785 0.229687
0 0.360938 0.114258 0.307031 0.207031
0 0.573438 0.125 0.263281 0.25
0 0.860742 0.113672 0.259766 0.208984
0 0.895312 0.114453 0.209375 0.222266
0 0.126001 0.126855 0.195654 0.253711
0 0.482812 0.146069 0.175 0.192627
0 0.599219 0.161621 0.217969 0.323242
0 0.86582 0.146704 0.268359 0.180029
0 0.482812 0.175391 0.164062 0.157031
0 0.572656 0.173828 0.246875 0.266797
0 0.830469 0.182471 0.207813 0.259277
0 0.864062 0.19917 0.257812 0.192285
0 0.00860596 0.221826 0.0172119 0.200098
0 0.427246 0.195508 0.198633 0.116016
0 0.700391 0.179883 0.160156 0.330859
0 0.143652 0.201221 0.287305 0.252246
0 0.434766 0.220264 0.24375 0.132129
0 0.471191 0.223779 0.262305 0.164941
0 0.598047 0.243311 0.160156 0.235254
0 0.887109 0.285352 0.225781 0.308984
0 0.00836182 0.268945 0.0167236 0.169141
0 0.459375 0.266406 0.28125 0.173438
0 0.138281 0.254297 0.276563 0.248438
0 0.175391 0.252148 0.178906 0.199219
0 0.510156 0.284961 0.209375 0.180078
0 0.663281 0.313281 0.229687 0.401563
0 0.903906 0.320703 0.192188 0.341406
0 0.00865479 0.359375 0.0173096 0.180469
0 0.444922 0.347852 0.319531 0.169141
0 0.565234 0.327295 0.214844 0.305566
0 0.00634766 0.383203 0.0126953 0.169531
0 0.25 0.691406 0.252344 0.592188
0 0.246875 0.7875 0.2625 0.375
0 0.352148 0.69375 0.523828 0.584375
0 0.0743164 0.0751953 0.148633 0.150391
0 0.0686035 0.975 0.137207 0.05
0 0.261719 0.507422 0.190234 0.336719
0 0.582812 0.0589844 0.321875 0.117969
0 0.578516 0.1875 0.357812 0.375
0 0.258789 0.594141 0.201172 0.178125
0 0.476172 0.953906 0.294531 0.0921875
0 0.0880859 0.0964844 0.176172 0.192969
0 0.678516 0.353125 0.174219 0.09375
0 0.444434 0.916406 0.27207 0.167187
0 0.072168 0.925 0.144336 0.15
0 0.0293457 0.540625 0.0586914 0.189063
0 0.668359 0.334375 0.1875 0.136719
0 0.356641 0.896484 0.424219 0.207031
0 0.677344 0.0653809 0.414062 0.130762
0 0.298779 0.842773 0.369629 0.314453
0 0.523828 0.974609 0.344531 0.0507812
0 0.27832 0.640625 0.307422 0.63125
0 0.552734 0.900781 0.391406 0.198437
0 0.282422 0.510547 0.238281 0.392188
0 0.189648 0.0808594 0.379297 0.161719
0 0.932422 0.211279 0.135156 0.25166
0 0.0727539 0.12207 0.145508 0.244141
0 0.0294434 0.683203 0.0588867 0.410156
0 0.6375 0.193359 0.235938 0.386719
0 0.0287598 0.46875 0.0575195 0.146094
0 0.928906 0.13418 0.142188 0.268359
0 0.321875 0.816406 0.509375 0.367188
0 0.24082 0.825781 0.252734 0.265625
0 0.0293457 0.720313 0.0586914 0.282813
0 0.472266 0.610156 0.783594 0.7
0 0.421191 0.975391 0.326367 0.0492188
0 0.365625 0.848047 0.41875 0.303906
0 0.100977 0.0776367 0.201953 0.155273
0 0.557422 0.0956055 0.391406 0.191211
0 0.0363281 0.278174 0.0726563 0.241309
0 0.327344 0.499121 0.388281 0.36582
0 0.483594 0.857813 0.19375 0.284375
0 0.639453 0.978125 0.292969 0.04375
0 0.714844 0.179688 0.329688 0.359375
0 0.0325195 0.452441 0.0650391 0.21543
0 0.539746 0.952344 0.389258 0.0953125
0 0.521777 0.0576172 0.35332 0.115234
0 0.22417 0.494922 0.260254 0.346875
0 0.17832 0.526563 0.356641 0.292188
0 0.728516 0.0677734 0.285156 0.135547
0 0.0370117 0.400781 0.0740234 0.210938
0 0.439453 0.496973 0.685156 0.49043
0 0.0494629 0.15293 0.0989258 0.305859
0 0.0957031 0.468359 0.191406 0.24375
0 0.596094 0.899219 0.410938 0.201563
0 0.311719 0.978125 0.273438 0.04375
0 0.176367 0.454297 0.352734 0.405469
0 0.410156 0.399219 0.740625 0.610156
0 0.213477 0.875 0.205469 0.15
0 0.123828 0.925781 0.247656 0.148438
0 0.357422 0.976562 0.257031 0.046875
0 0.0379883 0.240234 0.0759766 0.480469
0 0.251758 0.395313 0.503516 0.549219
0 0.935938 0.208154 0.128125 0.128223
0 0.80625 0.327734 0.3875 0.130469
0 0.681641 0.378125 0.172656 0.127344
0 0.182617 0.574316 0.365234 0.407617
0 0.400879 0.0634277 0.287305 0.126855
0 0.382812 0.0873047 0.309375 0.174609
0 0.125293 0.430371 0.250586 0.25332
0 0.185938 0.667285 0.371875 0.624805
0 0.271826 0.89375 0.350098 0.2125
0 0.757812 0.0439453 0.325 0.0878906
0 0.887305 0.0776367 0.225391 0.155273
0 0.0761231 0.25 0.152246 0.5
0 0.346484 0.494922 0.603906 0.367188
0 0.595703 0.562891 0.558594 0.533594
0 0.582812 0.976562 0.35625 0.046875
0 0.566797 0.247266 0.385156 0.471875
0 0.0330566 0.747656 0.0661133 0.1125
0 0.462891 0.0878906 0.347656 0.175781
0 0.521484 0.205469 0.486719 0.410938
0 0.0300537 0.719531 0.0601074 0.16875
0 0.845703 0.892188 0.308594 0.215625
0 0.194141 0.395703 0.388281 0.469531
0 0.585938 0.538672 0.38125 0.491406
0 0.846094 0.849609 0.307813 0.300781
0 0.158789 0.0671875 0.317578 0.134375
0 0.392188 0.320703 0.784375 0.628906
0 0.775 0.428125 0.375 0.282813
0 0.141797 0.979688 0.283594 0.040625
0 0.683984 0.0486328 0.288281 0.0972656
0 0.940234 0.262891 0.119531 0.135937
0 0.913281 0.270313 0.173438 0.125781
0 0.0386719 0.819531 0.0773438 0.15625
0 0.536719 0.851562 0.320312 0.296875
0 0.182861 0.925 0.22334 0.15
0 0.867578 0.925 0.264844 0.15
0 0.717188 0.978125 0.267188 0.04375
0 0.317969 0.0731445 0.360938 0.146289
0 0.181934 0.150781 0.363867 0.301563
0 0.725391 0.241357 0.317969 0.310254
0 0.074707 0.364063 0.149414 0.392188
0 0.682031 0.419629 0.176563 0.281055
0 0.478223 0.778906 0.21543 0.442188
0 0.0696289 0.140234 0.139258 0.142188
0 0.955469 0.306641 0.0890625 0.114063
0 0.078418 0.428125 0.156836 0.340625
0 0.657813 0.414453 0.214062 0.236719
0 0.0835937 0.6125 0.167187 0.4875
0 0.198389 0.985156 0.227441 0.0296875
0 0.785742 0.976953 0.309766 0.0460938
0 0.845898 0.0716309 0.308203 0.143262
0 0.285547 0.288867 0.571094 0.577734
0 0.792969 0.351758 0.414062 0.0996094
0 0.642188 0.460938 0.254688 0.335938
0 0.0746094 0.0551758 0.149219 0.110352
0 0.127734 0.669531 0.255469 0.514063
0 0.0647461 0.897656 0.129492 0.204688
0 0.245264 0.9125 0.265723 0.175
0 0.0758301 0.95625 0.15166 0.0875
0 0.788867 0.187695 0.422266 0.375391
0 0.876563 0.196484 0.246875 0.130469
0 0.9625 0.383594 0.075 0.107031
0 0.188672 0.685156 0.377344 0.292188
0 0.961328 0.293359 0.0773438 0.0882813
0 0.517969 0.495313 0.507812 0.422656
0 0.608594 0.452734 0.307031 0.261719
0 0.879687 0.733594 0.240625 0.279687
0 0.719531 0.693359 0.090625 0.0773438
0 0.615234 0.854297 0.457031 0.291406
0 0.344922 0.162109 0.308594 0.142969
0 0.9625 0.338281 0.075 0.0890625
0 0.801562 0.372266 0.396875 0.104688
0 0.178613 0.711719 0.357227 0.229687
0 0.0382813 0.254297 0.0765625 0.105469
0 0.143945 0.233594 0.287891 0.467187
0 0.165234 0.285938 0.330469 0.571875
0 0.703125 0.444629 0.2375 0.37793
0 0.632031 0.632031 0.470313 0.646875
0 0.228711 0.980469 0.263672 0.0390625
0 0.559766 0.336328 0.402344 0.4
0 0.129199 0.892188 0.258398 0.215625
0 0.927344 0.165649 0.145313 0.188232
0 0.900781 0.507422 0.198437 0.116406
0 0.898438 0.589453 0.203125 0.197656
0 0.655078 0.554785 0.410156 0.481055
0 0.426953 0.772656 0.365625 0.442188
0 0.682813 0.891406 0.548438 0.217188
0 0.469922 0.0494141 0.26875 0.0988281
0 0.781055 0.0902344 0.400391 0.180469
0 0.0478516 0.192578 0.0957031 0.0941406
0 0.897656 0.237891 0.204688 0.0882813
0 0.598828 0.409766 0.325781 0.267188
0 0.7125 0.642578 0.116406 0.175781
0 0.927344 0.129004 0.145313 0.0939453
0 0.141211 0.817187 0.282422 0.209375
0 0.132812 0.960547 0.265625 0.0789063
0 0.180078 0.0499023 0.341406 0.0998047
0 0.933594 0.630859 0.132812 0.18125
0 0.857422 0.810742 0.285156 0.319141
0 0.394531 0.957812 0.338281 0.084375
0 0.921875 0.975 0.15625 0.05
0 0.474316 0.149609 0.426367 0.299219
0 0.0289063 0.45 0.0578125 0.0890625
0 0.0280518 0.498437 0.0561035 0.0929688
0 0.642969 0.674219 0.339063 0.138281
0 0.665625 0.69375 0.328125 0.0984375
0 0.618359 0.786914 0.460156 0.426172
0 0.805469 0.917188 0.389062 0.165625
0 0.900781 0.111816 0.198437 0.223633
0 0.935156 0.241797 0.129688 0.0886719
0 0.850391 0.196826 0.299219 0.150879
0 0.0335449 0.310156 0.0670898 0.0753906
0 0.0330566 0.350781 0.0661133 0.0945313
0 0.83125 0.979688 0.321875 0.040625
0 0.836328 0.23457 0.327344 0.162891
0 0.0306396 0.407422 0.0612793 0.107813
0 0.370508 0.133789 0.283203 0.207031
0 0.772656 0.460254 0.454688 0.263867
0 0.720313 0.657813 0.0921875 0.0898438
0 0.9125 0.746094 0.175 0.295312
0 0.869141 0.045752 0.261719 0.0915039
0 0.862109 0.124805 0.275781 0.107422
0 0.0274414 0.586719 0.0548828 0.176563
0 0.428809 0.365234 0.686133 0.453906
0 0.963281 0.439453 0.0734375 0.101562
0 0.184863 0.753906 0.369727 0.389062
0 0.701953 0.829492 0.302344 0.319141
0 0.756641 0.848437 0.486719 0.303125
0 0.878125 0.985156 0.24375 0.0296875
0 0.855664 0.242969 0.288672 0.0921875
0 0.846875 0.337891 0.30625 0.084375
0 0.9875 0.445312 0.025 0.104688
0 0.795313 0.846484 0.409375 0.307031
0 0.755469 0.572266 0.471875 0.314844
0 0.529785 0.264648 0.476367 0.395703
0 0.387891 0.433496 0.685156 0.375195
0 0.0270508 0.652344 0.0541016 0.0921875
0 0.753906 0.73125 0.257812 0.117188
0 0.7375 0.634766 0.0625 0.146875
0 0.306592 0.0453125 0.318848 0.090625
0 0.969531 0.398047 0.0609375 0.0984375
0 0.841992 0.448438 0.316016 0.114063
0 0.855078 0.515625 0.289844 0.121094
0 0.395996 0.300391 0.601758 0.600781
0 0.842773 0.391797 0.314453 0.0867188
0 0.623438 0.0477539 0.23125 0.0955078
0 0.467578 0.342773 0.607813 0.169141
0 0.224805 0.950781 0.244922 0.0984375
0 0.921875 0.567969 0.15625 0.145313
0 0.757422 0.965625 0.414844 0.06875
0 0.867578 0.272656 0.264844 0.119922
0 0.0267822 0.629687 0.0535645 0.155469
0 0.366406 0.047168 0.285156 0.0943359
0 0.0266113 0.703125 0.0532227 0.110937
0 0.0256836 0.804492 0.0513672 0.106641
0 0.265967 0.0549316 0.248535 0.109863
0 0.288477 0.957812 0.316016 0.084375
0 0.870703 0.95 0.258594 0.1
0 0.883594 0.646094 0.232813 0.192188
0 0.8875 0.910156 0.225 0.121875
0 0.7875 0.558984 0.425 0.119531
0 0.810547 0.963672 0.378906 0.0726563
0 0.736719 0.657031 0.053125 0.0984375
0 0.921875 0.95 0.15625 0.1
0 0.0498047 0.859375 0.0996094 0.117188
0 0.862891 0.588281 0.274219 0.170313
0 0.853125 0.730469 0.29375 0.115625
0 0.634375 0.957031 0.365625 0.0859375
0 0.685156 0.0442383 0.246875 0.0884766
0 0.849023 0.471777 0.301953 0.195508
0 0.8875 0.894531 0.225 0.184375
0 0.831445 0.874219 0.337109 0.251563
0 0.871094 0.121973 0.257812 0.243945
0 0.0746582 0.0662109 0.149316 0.132422
0 0.427734 0.0501953 0.246875 0.100391
0 0.79707 0.0433105 0.246484 0.0866211
0 0.847656 0.0829102 0.271875 0.16582
0 0.911328 0.603906 0.177344 0.101562
0 0.876563 0.866992 0.246875 0.247266
0 0.887305 0.562109 0.225391 0.117969
0 0.746875 0.682813 0.0765625 0.0890625
0 0.0735352 0.917969 0.14707 0.135937
0 0.803125 0.652344 0.214062 0.09375
0 0.9125 0.650781 0.175 0.1
0 0.813867 0.613281 0.291016 0.110156
0 0.908984 0.744141 0.182031 0.185156
0 0.850391 0.75 0.299219 0.101562
0 0.847266 0.685938 0.305469 0.0859375
0 0.0250244 0.823438 0.0500488 0.226562
0 0.972656 0.974609 0.0546875 0.0507812
0 0.724609 0.0497559 0.117969 0.0995117
0 0.971875 0.974219 0.05 0.0515625
0 0.0483398 0.0696289 0.0966797 0.139258
0 0.932813 0.147754 0.11875 0.295508
0 0.984766 0.96875 0.0304688 0.0625
0 0.692578 0.0476074 0.0992187 0.0952148
0 0.0373779 0.0738281 0.0747559 0.147656
0 0.032373 0.131738 0.0647461 0.122461
0 0.434766 0.0521484 0.192969 0.104297
0 0.709375 0.045752 0.0921875 0.0915039
0 0.935156 0.0587891 0.129688 0.117578
0 0.046582 0.0976562 0.0931641 0.195312
0 0.0317383 0.0987305 0.0634766 0.183008
0 0.469922 0.0493652 0.155469 0.0987305
0 0.745703 0.340234 0.0546875 0.111719
0 0.0234863 0.903906 0.0469727 0.189063
0 0.0244141 0.509375 0.0488281 0.245312
0 0.0396484 0.969531 0.0792969 0.0609375
0 0.518359 0.0430664 0.127344 0.0861328
0 0.932813 0.0786133 0.11875 0.157227
0 0.740625 0.349609 0.0640625 0.136719
0 0.0134277 0.970313 0.0268555 0.059375
0 0.0449707 0.970313 0.0629883 0.059375
0 0.376465 0.974609 0.0642578 0.0507812
0 0.74375 0.0667969 0.171875 0.133594
0 0.763672 0.0453125 0.189844 0.090625
0 0.0284668 0.96875 0.0569336 0.0625
0 0.34375 0.974219 0.0546875 0.0515625
0 0.0280762 0.311328 0.0561523 0.242188
0 0.95 0.974219 0.065625 0.0515625
0 0.973437 0.0346436 0.053125 0.0692871
0 0.520703 0.0540039 0.180469 0.108008
0 0.671094 0.0474121 0.110937 0.0948242
0 0.693359 0.0726563 0.110937 0.145313
0 0.717578 0.0746094 0.0898438 0.149219
0 0.985547 0.458984 0.0289063 0.16875
0 0.392285 0.974219 0.0544922 0.0515625
0 0.0245605 0.349219 0.0491211 0.1875
0 0.731641 0.337695 0.0679687 0.107422
0 0.0237793 0.692187 0.0475586 0.210938
0 0.185107 0.882812 0.137598 0.0875
0 0.0683106 0.971875 0.0844727 0.05625
0 0.591406 0.978125 0.0859375 0.04375
0 0.044043 0.753125 0.0880859 0.38125
0 0.0235352 0.86875 0.0470703 0.132812
0 0.896875 0.0902344 0.059375 0.180469
0 0.974609 0.484766 0.0507812 0.195312
0 0.985938 0.4875 0.028125 0.173438
0 0.294141 0.974219 0.0550781 0.0515625
0 0.331836 0.826367 0.466016 0.347266
0 0.338281 0.826367 0.489063 0.347266
0 0.439063 0.826367 0.259375 0.347266
0 0.458203 0.800391 0.242188 0.399219
0 0.335742 0.623438 0.528516 0.753125
0 0.445703 0.605078 0.308594 0.789844
0 0.467187 0.775195 0.242969 0.449609
0 0.331836 0.752344 0.477734 0.495313
0 0.396484 0.8 0.350781 0.4
0 0.275 0.74082 0.55 0.518359
0 0.277539 0.610938 0.555078 0.778125
0 0.469922 0.617188 0.725781 0.765625
0 0.373828 0.580469 0.642188 0.839063
0 0.3 0.548828 0.6 0.902344
0 0.125391 0.150391 0.250781 0.300781
0 0.453516 0.704688 0.594531 0.590625
0 0.249219 0.851172 0.498437 0.297656
0 0.438281 0.625391 0.477344 0.749219
0 0.742969 0.315234 0.479688 0.275781
0 0.657715 0.290625 0.662695 0.242188
0 0.345898 0.557031 0.433984 0.885938
0 0.278125 0.873438 0.470313 0.245312
0 0.132617 0.177344 0.265234 0.354688
0 0.482812 0.53125 0.5375 0.642188
0 0.660547 0.273096 0.228906 0.200684
0 0.361133 0.605859 0.382422 0.692969
0 0.925 0.535254 0.15 0.326367
0 0.402344 0.757422 0.404687 0.485156
0 0.209375 0.79082 0.41875 0.418359
0 0.200977 0.545313 0.401953 0.909375
0 0.216992 0.662109 0.433984 0.675781
0 0.251367 0.494141 0.502734 0.911719
0 0.947656 0.512109 0.104688 0.403906
0 0.673828 0.360498 0.652344 0.375879
0 0.921094 0.398047 0.157813 0.394531
0 0.648047 0.445215 0.680469 0.517383
0 0.257812 0.174316 0.515625 0.348633
0 0.645312 0.318799 0.2875 0.293652
0 0.272266 0.23418 0.544531 0.468359
0 0.664062 0.241846 0.242188 0.291309
0 0.303125 0.446094 0.4 0.892188
0 0.625391 0.230469 0.686719 0.2625
0 0.903125 0.335938 0.109375 0.370313
0 0.940234 0.52666 0.119531 0.354492
0 0.713281 0.319727 0.345313 0.158203
0 0.628125 0.289453 0.307813 0.145313
0 0.790625 0.486328 0.41875 0.526563
0 0.420703 0.63125 0.663281 0.639063
0 0.923438 0.521875 0.125 0.24375
0 0.630469 0.541406 0.739062 0.332813
0 0.202344 0.860156 0.404687 0.279687
0 0.582812 0.243164 0.290625 0.171484
0 0.571094 0.635254 0.614062 0.54668
0 0.648438 0.314844 0.29375 0.45
0 0.298633 0.45 0.584766 0.9
0 0.632812 0.634375 0.298438 0.6
0 0.0767578 0.902344 0.15332 0.195312
0 0.925 0.473047 0.15 0.572656
0 0.137695 0.194531 0.265234 0.389062
0 0.949219 0.366797 0.101562 0.472656
0 0.0836914 0.903516 0.167187 0.192969
0 0.187939 0.182715 0.178809 0.36543
0 0.388379 0.414844 0.39668 0.829688
0 0.795313 0.528906 0.409375 0.353125
0 0.338281 0.892188 0.289844 0.215625
0 0.721875 0.391797 0.53125 0.403906
0 0.222656 0.894531 0.44375 0.210938
0 0.299219 0.276563 0.598437 0.395313
0 0.65752 0.606641 0.684961 0.453906
0 0.109375 0.176953 0.217969 0.35
0 0.719531 0.490234 0.507812 0.602344
0 0.925781 0.467187 0.148438 0.390625
0 0.519922 0.24043 0.239844 0.166797
0 0.566016 0.281641 0.260156 0.107813
0 0.212109 0.408203 0.420312 0.816406
0 0.610938 0.270703 0.678125 0.510156
0 0.847266 0.677734 0.305469 0.346094
0 0.8625 0.596875 0.151562 0.264062
0 0.187891 0.901563 0.375781 0.196875
0 0.403027 0.843359 0.483008 0.313281
0 0.299609 0.349609 0.599219 0.385938
0 0.928125 0.471484 0.14375 0.3375
0 0.839844 0.59375 0.207813 0.195312
0 0.949609 0.415234 0.100781 0.419531
0 0.921875 0.567969 0.11875 0.3
0 0.472754 0.842188 0.485742 0.279687
0 0.68125 0.8625 0.0625 0.140625
0 0.291016 0.158887 0.582031 0.317773
0 0.223828 0.685156 0.447656 0.515625
0 0.971094 0.323633 0.0578125 0.473828
0 0.8875 0.609375 0.120313 0.354688
0 0.849219 0.635938 0.115625 0.275
0 0.140625 0.270313 0.28125 0.348438
0 0.21582 0.490234 0.431641 0.613281
0 0.519922 0.785742 0.549219 0.322266
0 0.946875 0.544141 0.10625 0.303906
0 0.623535 0.595313 0.643555 0.225
0 0.160742 0.4125 0.315625 0.803125
0 0.867188 0.529688 0.15625 0.21875
0 0.202734 0.190039 0.405469 0.380078
0 0.690625 0.270703 0.301563 0.541406
0 0.642969 0.876563 0.13125 0.207813
0 0.973828 0.398047 0.0523438 0.575781
0 0.467578 0.898047 0.489063 0.203906
0 0.539062 0.288281 0.314063 0.424219
0 0.160645 0.718359 0.321289 0.563281
0 0.109961 0.827734 0.219922 0.344531
0 0.630078 0.527441 0.317969 0.432617
0 0.0976562 0.714844 0.195312 0.495313
0 0.542188 0.279687 0.285938 0.0742188
0 0.589063 0.662891 0.685938 0.2125
0 0.888281 0.532031 0.121875 0.251563
0 0.79668 0.710938 0.112891 0.132812
0 0.896875 0.653125 0.08125 0.459375
0 0.804492 0.623438 0.137891 0.217188
0 0.669141 0.805469 0.121875 0.159375
0 0.964844 0.730859 0.0703125 0.139844
0 0.775195 0.788281 0.333984 0.423438
0 0.765625 0.280859 0.34375 0.561719
0 0.892188 0.280078 0.215625 0.439844
0 0.925 0.464063 0.15 0.204688
0 0.941406 0.80332 0.117188 0.205859
0 0.708594 0.806445 0.142188 0.293359
0 0.472266 0.165723 0.327344 0.315039
0 0.225586 0.409766 0.451172 0.567969
0 0.105859 0.90625 0.211719 0.1875
0 0.96875 0.154492 0.0625 0.308984
0 0.698438 0.87832 0.48125 0.243359
0 0.889063 0.161133 0.221875 0.322266
0 0.087207 0.922266 0.174414 0.155469
0 0.920313 0.709766 0.115625 0.252344
0 0.165332 0.288672 0.330273 0.465625
0 0.955469 0.584375 0.0890625 0.230469
0 0.947656 0.884375 0.104688 0.16875
0 0.782617 0.649219 0.156641 0.245312
0 0.785156 0.912109 0.348438 0.175781
0 0.462402 0.273047 0.317383 0.442969
0 0.0785156 0.936719 0.156641 0.126563
0 0.529688 0.197461 0.304688 0.352344
0 0.620703 0.896094 0.195312 0.170313
0 0.754687 0.202734 0.326562 0.405469
0 0.962891 0.685938 0.0742188 0.1125
0 0.657813 0.839258 0.325 0.315234
0 0.897656 0.912109 0.179688 0.175781
0 0.437402 0.911719 0.551758 0.134375
0 0.364063 0.282227 0.565625 0.363672
0 0.163574 0.619141 0.327148 0.674219
0 0.747266 0.77832 0.128906 0.365234
0 0.903125 0.890625 0.15625 0.21875
0 0.916406 0.148145 0.167187 0.296289
0 0.603125 0.251953 0.339063 0.467187
0 0.947656 0.296289 0.104688 0.424609
0 0.942187 0.657031 0.071875 0.170313
0 0.569531 0.901563 0.307031 0.1875
0 0.914062 0.428516 0.096875 0.139844
0 0.947656 0.156738 0.104688 0.313477
0 0.726953 0.276172 0.546094 0.552344
0 0.699609 0.914062 0.502344 0.171875
0 0.753125 0.936719 0.367188 0.126563
0 0.94375 0.939844 0.1125 0.120313
0 0.986328 0.942578 0.0273438 0.114844
0 0.875781 0.244336 0.248438 0.488672
0 0.903906 0.557813 0.114063 0.196875
0 0.986719 0.995703 0.0265625 0.00859375
0 0.532031 0.168945 0.29375 0.337891
0 0.792188 0.955469 0.176563 0.0890625
0 0.270313 0.897656 0.275781 0.204688
0 0.672656 0.788867 0.396875 0.331641
0 0.80625 0.96875 0.204688 0.0625
0 0.825195 0.990625 0.130859 0.01875
0 0.914844 0.984375 0.10625 0.03125
0 0.624121 0.825 0.551758 0.2625
0 0.664746 0.898438 0.662695 0.203125
0 0.901563 0.929688 0.09375 0.140625
0 0.861719 0.995313 0.0859375 0.009375
0 0.9125 0.421484 0.103125 0.196094
0 0.604688 0.220898 0.320312 0.441797
0 0.855469 0.950781 0.0890625 0.0984375
0 0.589844 0.272852 0.3125 0.137109
0 0.623438 0.875586 0.246875 0.248828
0 0.822266 0.261328 0.355469 0.477344
0 0.702344 0.293555 0.595313 0.412891
0 0.814063 0.683203 0.239063 0.314844
0 0.326172 0.830859 0.336719 0.338281
0 0.9 0.332422 0.2 0.346875
0 0.953516 0.992188 0.0929688 0.015625
0 0.917188 0.2875 0.165625 0.425781
0 0.826953 0.580469 0.346094 0.460938
0 0.592969 0.442188 0.320312 0.3875
0 0.798633 0.361914 0.402734 0.571484
0 0.799219 0.351562 0.401563 0.38125
0 0.889063 0.413281 0.096875 0.179688
0 0.435059 0.391016 0.42832 0.391406
0 0.889063 0.428516 0.107813 0.132031
0 0.870313 0.427734 0.09375 0.153125
0 0.917188 0.390234 0.109375 0.203906
0 0.867188 0.567187 0.265625 0.376563
0 0.84375 0.450781 0.071875 0.152344
0 0.935938 0.415625 0.0921875 0.229687
0 0.889844 0.355469 0.09375 0.195312
0 0.85 0.432031 0.084375 0.132031
0 0.878906 0.392578 0.1 0.172656
0 0.890625 0.428125 0.129688 0.09375
0 0.85625 0.433203 0.103125 0.0929688
0 0.490625 0.314453 0.280469 0.425781
0 0.884375 0.296094 0.103125 0.102734
0 0.824805 0.218701 0.109766 0.113379
0 0.490527 0.377148 0.387695 0.754297
0 0.452344 0.325 0.395313 0.338281
0 0.888281 0.445312 0.140625 0.110937
0 0.83125 0.170508 0.090625 0.0921875
0 0.878125 0.278906 0.120313 0.0976562
0 0.529688 0.458203 0.359375 0.603125
0 0.851562 0.205859 0.125 0.145313
0 0.828125 0.196289 0.10625 0.126172
0 0.845313 0.394531 0.08125 0.175781
0 0.661328 0.342187 0.19375 0.335156
0 0.388965 0.190039 0.0798828 0.101953
0 0.878906 0.494531 0.167187 0.21875
0 0.404785 0.179102 0.113867 0.108203
0 0.876563 0.29707 0.11875 0.0753906
0 0.863281 0.452344 0.121875 0.103906
0 0.903125 0.337891 0.11875 0.176563
0 0.424609 0.214111 0.125781 0.12334
0 0.176758 0.271484 0.171484 0.4375
0 0.795508 0.253516 0.230859 0.108594
0 0.357031 0.20957 0.0929688 0.105078
0 0.389746 0.232813 0.14082 0.0929688
0 0.42959 0.251563 0.142383 0.105469
0 0.873438 0.191211 0.1375 0.144922
0 0.9 0.202002 0.10625 0.160059
0 0.9 0.355859 0.2 0.291406
0 0.422754 0.180908 0.11543 0.118652
0 0.388965 0.215234 0.114258 0.0929688
0 0.864062 0.267383 0.153125 0.115234
0 0.209326 0.295312 0.107129 0.4375
0 0.896875 0.250342 0.128125 0.219629
0 0.923438 0.414941 0.114063 0.28418
0 0.0347656 0.923438 0.0563477 0.153125
0 0.846875 0.249805 0.120313 0.142578
0 0.072168 0.913281 0.137695 0.173438
0 0.146069 0.268359 0.185205 0.439063
0 0.246289 0.444629 0.127734 0.462305
0 0.945312 0.439844 0.109375 0.31875
0 0.854297 0.499902 0.291406 0.318945
0 0.361914 0.222656 0.119141 0.113281
0 0.785937 0.273828 0.276563 0.119531
0 0.442969 0.229297 0.121875 0.135937
0 0.898438 0.321875 0.10625 0.127344
0 0.477734 0.798438 0.211719 0.378125
0 0.703125 0.362451 0.107813 0.39541
0 0.427441 0.861719 0.276367 0.276563
0 0.20957 0.27832 0.149219 0.444922
0 0.233984 0.301953 0.101562 0.447656
0 0.481641 0.826563 0.211719 0.346875
0 0.896094 0.185596 0.129688 0.16084
0 0.0301758 0.98125 0.0443359 0.0375
0 0.40791 0.210986 0.124805 0.0983398
0 0.360938 0.198047 0.096875 0.0773438
0 0.442969 0.200586 0.114063 0.155078
0 0.228125 0.477344 0.1125 0.476562
0 0.854688 0.355469 0.0984375 0.101562
0 0.255469 0.393359 0.104688 0.460938
0 0.0575195 0.120703 0.115039 0.241406
0 0.217578 0.220703 0.0921875 0.441406
0 0.94375 0.382129 0.1125 0.28418
0 0.230664 0.896875 0.223047 0.20625
0 0.0422363 0.910937 0.0688477 0.178125
0 0.464941 0.939844 0.25918 0.120313
0 0.79082 0.230664 0.0652344 0.185547
0 0.219141 0.353125 0.0878906 0.471875
0 0.456348 0.901953 0.237305 0.196094
0 0.242188 0.350977 0.0859375 0.469141
0 0.445703 0.170703 0.107813 0.136328
0 0.790625 0.214258 0.0546875 0.0988281
0 0.439844 0.783594 0.226562 0.354688
0 0.252148 0.883984 0.252734 0.232031
0 0.84375 0.169336 0.078125 0.110156
0 0.162012 0.222266 0.149805 0.432813
0 0.388184 0.255859 0.183008 0.103906
0 0.196924 0.419141 0.128809 0.496875
0 0.945312 0.428125 0.0796875 0.271875
0 0.114746 0.122266 0.229492 0.244531
0 0.113086 0.250781 0.213281 0.442188
0 0.882031 0.467969 0.126563 0.10625
0 0.202393 0.654688 0.220996 0.460938
0 0.163672 0.398828 0.196484 0.482031
0 0.273438 0.713281 0.179688 0.370313
0 0.789062 0.182764 0.0765625 0.0782227
0 0.43125 0.276172 0.15625 0.104688
0 0.382812 0.868945 0.290625 0.262109
0 0.593359 0.33457 0.208594 0.294922
0 0.459473 0.746484 0.22793 0.352344
0 0.46875 0.237695 0.11875 0.0832031
0 0.329688 0.471484 0.227344 0.321875
0 0.246533 0.692969 0.18584 0.420312
0 0.335352 0.195264 0.0714844 0.0891602
0 0.443359 0.942969 0.269531 0.114063
0 0.653906 0.398438 0.214062 0.448438
0 0.360156 0.189648 0.117188 0.0867188
0 0.197998 0.634375 0.39541 0.56875
0 0.247852 0.676562 0.494922 0.546875
0 0.223438 0.225977 0.350781 0.451953
0 0.254688 0.754297 0.478906 0.410156
0 0.217383 0.307813 0.352734 0.615625
0 0.222656 0.406934 0.445312 0.595508
0 0.429688 0.881055 0.282031 0.234766
0 0.144434 0.248047 0.193164 0.496094
0 0.177686 0.239648 0.350098 0.479297
0 0.414941 0.879687 0.366992 0.19375
0 0.348047 0.870313 0.495313 0.232813
0 0.204102 0.506934 0.398047 0.412695
0 0.331641 0.785937 0.463281 0.359375
0 0.224414 0.736719 0.348828 0.432813
0 0.294531 0.825781 0.475781 0.254688
0 0.467871 0.875195 0.231445 0.249609
0 0.308203 0.626172 0.23125 0.636719
0 0.396484 0.858594 0.376563 0.282813
0 0.118164 0.249609 0.236328 0.499219
0 0.175391 0.328906 0.350781 0.657813
0 0.306055 0.715625 0.412109 0.43125
0 0.385547 0.815625 0.416406 0.36875
0 0.320312 0.650781 0.45 0.60625
0 0.828125 0.201367 0.335938 0.402734
0 0.247656 0.446875 0.395313 0.821875
0 0.6625 0.512402 0.21875 0.49082
0 0.175195 0.695312 0.350391 0.584375
0 0.482422 0.859375 0.171875 0.28125
0 0.686719 0.444141 0.192188 0.347656
0 0.175098 0.632422 0.350195 0.580469
0 0.177539 0.405566 0.355078 0.607617
0 0.274023 0.875 0.359766 0.25
0 0.630078 0.323828 0.341406 0.0945313
0 0.326172 0.469531 0.16875 0.303125
0 0.14541 0.313281 0.29082 0.626563
0 0.710156 0.204688 0.579688 0.4
0 0.835547 0.683594 0.328906 0.4
0 0.345703 0.238281 0.685156 0.476562
0 0.828906 0.548828 0.342187 0.591406
0 0.333594 0.544629 0.165625 0.466992
0 0.358594 0.374023 0.647656 0.748047
0 0.87832 0.874023 0.212109 0.251953
0 0.728906 0.3375 0.0671875 0.0984375
0 0.126074 0.179297 0.197461 0.358594
0 0.839844 0.830469 0.320312 0.339063
0 0.263867 0.156055 0.527734 0.312109
0 0.357422 0.180176 0.619531 0.360352
0 0.832617 0.753906 0.322266 0.492188
0 0.607031 0.392578 0.354688 0.224219
0 0.380469 0.180078 0.723437 0.360156
0 0.48291 0.116309 0.437305 0.232617
0 0.647266 0.442188 0.269531 0.359375
0 0.374805 0.803906 0.224609 0.284375
0 0.336328 0.877148 0.432031 0.245703
0 0.302734 0.296875 0.516406 0.59375
0 0.675 0.201172 0.65 0.402344
0 0.323047 0.178906 0.646094 0.357812
0 0.560938 0.122949 0.582812 0.245898
0 0.521875 0.958203 0.10625 0.0835937
0 0.9 0.211523 0.1875 0.420703
0 0.649707 0.668066 0.700586 0.663867
0 0.112695 0.236328 0.225391 0.472656
0 0.625391 0.316406 0.296094 0.071875
0 0.252686 0.462598 0.311816 0.313867
0 0.271094 0.801562 0.388281 0.228125
0 0.760938 0.576172 0.396875 0.624219
0 0.701563 0.825 0.596875 0.35
0 0.694531 0.347461 0.146875 0.118359
0 0.501563 0.934375 0.151562 0.13125
0 0.700781 0.541016 0.20625 0.530469
0 0.114648 0.216406 0.229297 0.432813
0 0.839844 0.878125 0.307813 0.24375
0 0.485547 0.785156 0.509375 0.429688
0 0.860156 0.920703 0.242188 0.158594
0 0.404004 0.643359 0.34043 0.632031
0 0.51875 0.900781 0.103125 0.198437
0 0.252734 0.386816 0.242188 0.207617
0 0.139844 0.0970703 0.159766 0.194141
0 0.617578 0.781445 0.764844 0.437109
0 0.145923 0.128906 0.17417 0.257812
0 0.257227 0.814844 0.289453 0.234375
0 0.621094 0.192578 0.757812 0.385156
0 0.248828 0.874805 0.304688 0.250391
0 0.474219 0.457031 0.767188 0.903125
0 0.726562 0.849023 0.546875 0.301953
0 0.183594 0.869531 0.339063 0.260938
0 0.842188 0.929688 0.29375 0.140625
0 0.646973 0.79082 0.706055 0.418359
0 0.163672 0.390625 0.327344 0.710938
0 0.604297 0.11875 0.791406 0.2375
0 0.599219 0.853906 0.625 0.292188
0 0.179102 0.433203 0.358203 0.584375
0 0.89375 0.857813 0.165625 0.284375
0 0.751563 0.480469 0.495313 0.426563
0 0.760938 0.341602 0.467187 0.102734
0 0.369531 0.864844 0.222656 0.1875
0 0.512109 0.281836 0.703906 0.563672
0 0.903125 0.754687 0.15 0.490625
0 0.177295 0.851562 0.121973 0.159375
0 0.471875 0.678027 0.510938 0.639258
0 0.282031 0.408203 0.267188 0.192188
0 0.325 0.871875 0.139063 0.179688
0 0.823438 0.281641 0.342187 0.528906
0 0.765625 0.796289 0.46875 0.407422
0 0.177539 0.550391 0.231641 0.275781
0 0.276367 0.350586 0.242578 0.280078
0 0.208984 0.341602 0.255469 0.291016
0 0.674512 0.797656 0.650977 0.404687
0 0.714844 0.335352 0.109375 0.119141
0 0.137305 0.161914 0.157422 0.3
0 0.172852 0.337891 0.180859 0.296875
0 0.399316 0.828906 0.27793 0.248438
0 0.466504 0.903906 0.198242 0.192188
0 0.296875 0.65625 0.582812 0.6875
0 0.646094 0.3 0.707812 0.6
0 0.689844 0.578516 0.620313 0.653906
0 0.905469 0.879687 0.189063 0.240625
0 0.143164 0.0894531 0.173047 0.178906
0 0.536328 0.442969 0.478906 0.325
0 0.749219 0.420703 0.496875 0.286719
0 0.890625 0.619531 0.173438 0.607813
0 0.238867 0.765234 0.320703 0.469531
0 0.129785 0.368164 0.25957 0.736328
0 0.330078 0.633594 0.0695313 0.145313
0 0.186328 0.561035 0.372656 0.695117
0 0.651172 0.626953 0.697656 0.746094
0 0.300977 0.462598 0.240234 0.299805
0 0.790625 0.359766 0.389062 0.610156
0 0.246094 0.775781 0.264062 0.30625
0 0.221826 0.85 0.215723 0.15625
0 0.349609 0.294336 0.699219 0.588672
0 0.866406 0.215234 0.2125 0.430469
0 0.1875 0.866602 0.375 0.266797
0 0.752344 0.238623 0.492188 0.329004
0 0.186914 0.790625 0.138672 0.253125
0 0.307813 0.901563 0.16875 0.096875
0 0.259375 0.734375 0.223047 0.346875
0 0.741016 0.88457 0.517969 0.230859
0 0.189014 0.167285 0.372754 0.33457
0 0.682813 0.320312 0.1625 0.084375
0 0.334961 0.799219 0.255859 0.292188
0 0.894531 0.394629 0.1875 0.745117
0 0.276953 0.574219 0.176563 0.270313
0 0.181445 0.876367 0.362891 0.247266
0 0.198682 0.743945 0.303418 0.512109
0 0.301367 0.663281 0.128906 0.204688
0 0.457031 0.352344 0.623438 0.704688
0 0.55625 0.490234 0.0484375 0.0390625
0 0.561719 0.5 0.053125 0.0390625
0 0.173047 0.386719 0.166797 0.205469
0 0.123438 0.248047 0.246875 0.496094
0 0.337891 0.876563 0.119531 0.153125
0 0.337061 0.530371 0.393066 0.425195
0 0.382715 0.120313 0.57832 0.240625
0 0.175732 0.455566 0.167285 0.295117
0 0.226953 0.245703 0.453906 0.491406
0 0.525 0.93125 0.0984375 0.1375
0 0.644141 0.842969 0.711719 0.314063
0 0.294141 0.604297 0.14375 0.260156
0 0.89375 0.532129 0.1625 0.512305
0 0.311719 0.259375 0.623438 0.51875
0 0.532813 0.642969 0.704688 0.714063
0 0.644531 0.184082 0.710938 0.368164
0 0.916406 0.222266 0.167187 0.444531
0 0.714063 0.355859 0.103125 0.1375
0 0.250977 0.860938 0.285547 0.184375
0 0.307617 0.753906 0.227734 0.334375
0 0.85 0.16582 0.3 0.331641
0 0.433496 0.569629 0.758008 0.673242
0 0.551172 0.480078 0.0375 0.0460938
0 0.19375 0.400684 0.128125 0.167383
0 0.299414 0.202148 0.598828 0.404297
0 0.290625 0.655859 0.150391 0.308594
0 0.839063 0.105664 0.321875 0.211328
0 0.823633 0.398047 0.308984 0.796094
0 0.140039 0.216211 0.153516 0.210547
0 0.255078 0.642578 0.215625 0.388281
0 0.204102 0.783008 0.178906 0.287109
0 0.297656 0.82207 0.264062 0.274609
0 0.629687 0.609473 0.429688 0.65293
0 0.192578 0.79043 0.385156 0.419141
0 0.471484 0.939844 0.191406 0.120313
0 0.192969 0.70625 0.385938 0.5875
0 0.814844 0.122852 0.339063 0.245703
0 0.320508 0.634375 0.06875 0.132812
0 0.920313 0.845703 0.159375 0.308594
0 0.200391 0.438281 0.101562 0.0921875
0 0.562891 0.489063 0.0554687 0.04375
0 0.721875 0.336914 0.0640625 0.121484
0 0.270264 0.689453 0.191504 0.257031
0 0.519141 0.951953 0.113281 0.0960938
0 0.171191 0.781055 0.102539 0.269141
0 0.438184 0.735938 0.201758 0.260938
0 0.85957 0.11084 0.249609 0.22168
0 0.475781 0.783008 0.0578125 0.115234
0 0.135352 0.487891 0.248047 0.380469
0 0.471875 0.794531 0.0625 0.151562
0 0.544531 0.489063 0.028125 0.034375
0 0.285938 0.869531 0.217188 0.170313
0 0.885742 0.452734 0.228516 0.357031
0 0.255273 0.408984 0.178516 0.166406
0 0.495313 0.785937 0.10625 0.123438
0 0.517188 0.757031 0.158594 0.1875
0 0.575 0.48125 0.0335938 0.0515625
0 0.909375 0.132422 0.18125 0.264844
0 0.407422 0.750781 0.221094 0.248438
0 0.545313 0.496875 0.0265625 0.03125
0 0.925 0.592188 0.15 0.298438
0 0.54375 0.471484 0.028125 0.0304688
0 0.882812 0.0861816 0.234375 0.172363
0 0.875 0.382812 0.25 0.490625
0 0.137085 0.260156 0.154346 0.289844
0 0.667969 0.320703 0.0398437 0.0460938
0 0.158496 0.775781 0.14707 0.295312
0 0.276563 0.4875 0.182031 0.274219
0 0.915234 0.753516 0.169531 0.492969
0 0.210352 0.504687 0.180469 0.235938
0 0.682031 0.315039 0.05625 0.0511719
0 0.657031 0.321875 0.065625 0.0457031
0 0.0408691 0.113477 0.065918 0.226953
0 0.698438 0.275391 0.14375 0.240625
0 0.918359 0.653906 0.163281 0.335938
0 0.917578 0.841992 0.164844 0.316016
0 0.0635742 0.528906 0.127148 0.290625
0 0.561328 0.741016 0.244531 0.230469
0 0.839063 0.325391 0.321875 0.650781
0 0.683984 0.339063 0.160156 0.0859375
0 0.580469 0.476172 0.0265625 0.05625
0 0.0492188 0.548828 0.0984375 0.286719
0 0.55625 0.496094 0.0421875 0.0367188
0 0.19082 0.512109 0.258984 0.253906
0 0.254297 0.541406 0.185547 0.264062
0 0.517969 0.810938 0.151562 0.1875
0 0.486719 0.732813 0.0953125 0.2375
0 0.216211 0.483691 0.0996094 0.26543
0 0.742578 0.347461 0.0492188 0.105078
0 0.924219 0.887109 0.151562 0.225781
0 0.195898 0.458984 0.113672 0.153906
0 0.19292 0.8625 0.144629 0.140625
0 0.533984 0.930469 0.141406 0.139063
0 0.716406 0.307227 0.104688 0.178516
0 0.253516 0.502734 0.157031 0.228906
0 0.164941 0.233252 0.193164 0.241309
0 0.329297 0.897656 0.139844 0.14375
0 0.308203 0.520312 0.246875 0.353125
0 0.178711 0.878125 0.161328 0.15625
0 0.433203 0.652734 0.210938 0.247656
0 0.330078 0.432715 0.2375 0.24082
0 0.671094 0.323828 0.0289063 0.0476562
0 0.13186 0.788281 0.188232 0.2625
0 0.107813 0.132812 0.215625 0.265625
0 0.133887 0.339453 0.158008 0.296094
0 0.070752 0.47334 0.141504 0.286133
0 0.928906 0.917969 0.142188 0.164062
0 0.698438 0.316016 0.0953125 0.0589844
0 0.113379 0.269336 0.15918 0.285547
0 0.148804 0.615625 0.190674 0.309375
0 0.292969 0.732031 0.174219 0.30625
0 0.132202 0.545313 0.170361 0.321875
0 0.188086 0.592578 0.253906 0.289844
0 0.0366211 0.533984 0.0732422 0.317969
0 0.234766 0.558594 0.253906 0.275
0 0.285547 0.9125 0.210156 0.090625
0 0.789062 0.962891 0.353125 0.0742188
0 0.652344 0.313672 0.078125 0.0523438
0 0.0413574 0.594531 0.0813477 0.276563
0 0.837891 0.95625 0.324219 0.0875
0 0.125195 0.614062 0.139063 0.179688
0 0.325977 0.645312 0.0960938 0.167187
0 0.199023 0.648438 0.276563 0.403125
0 0.432715 0.935938 0.25957 0.128125
0 0.917969 0.0844727 0.164062 0.168945
0 0.164844 0.882812 0.129297 0.19375
0 0.585938 0.467969 0.021875 0.0390625
0 0.734375 0.356445 0.08125 0.138672
0 0.150098 0.832031 0.153711 0.179688
0 0.0479492 0.119238 0.0439453 0.238477
0 0.558984 0.936719 0.192969 0.126563
0 0.0390625 0.128809 0.078125 0.257617
0 0.9 0.633594 0.2 0.348438
0 0.472656 0.839063 0.104688 0.246875
0 0.345508 0.935938 0.124609 0.128125
0 0.237939 0.903125 0.241309 0.078125
0 0.514844 0.848242 0.139063 0.259766
0 0.0463013 0.0861816 0.0544678 0.172363
0 0.664062 0.312109 0.1375 0.0722656
0 0.288477 0.628516 0.138672 0.157031
0 0.872461 0.651563 0.255078 0.390625
0 0.0433594 0.750781 0.0867188 0.298438
0 0.207422 0.901563 0.226562 0.167187
0 0.856055 0.130859 0.287891 0.261719
0 0.898828 0.572656 0.202344 0.28125
0 0.584766 0.471875 0.025 0.05
0 0.553125 0.504297 0.04375 0.0570313
0 0.437109 0.648438 0.188281 0.0859375
0 0.0947021 0.626172 0.0734863 0.141406
0 0.596875 0.921094 0.26875 0.157813
0 0.1 0.260352 0.2 0.290234
0 0.172656 0.28208 0.192188 0.313965
0 0.742578 0.360547 0.040625 0.0734375
0 0.2625 0.767773 0.274219 0.464453
0 0.245312 0.708203 0.257812 0.583594
0 0.254102 0.673438 0.210938 0.221875
0 0.257422 0.732031 0.285156 0.364063
0 0.244092 0.623438 0.238379 0.645312
0 0.145215 0.0816406 0.166992 0.163281
0 0.511328 0.945312 0.133594 0.109375
0 0.69375 0.316406 0.11875 0.149219
0 0.22207 0.821094 0.239453 0.185938
0 0.266992 0.818555 0.323047 0.197266
0 0.251221 0.6875 0.240527 0.278125
0 0.243945 0.391797 0.298047 0.175781
0 0.268799 0.848437 0.313184 0.14375
0 0.318164 0.886719 0.147266 0.15
0 0.212109 0.513184 0.283203 0.458008
0 0.241992 0.650391 0.248047 0.176563
0 0.296094 0.589453 0.253906 0.588281
0 0.223047 0.517969 0.0765625 0.164062
0 0.136328 0.078125 0.272656 0.15625
0 0.26167 0.861133 0.27666 0.277734
0 0.132031 0.196484 0.236328 0.392969
0 0.215625 0.3 0.271484 0.6
0 0.27832 0.876563 0.228516 0.134375
0 0.519531 0.94375 0.113281 0.1125
0 0.318945 0.769727 0.450391 0.460547
0 0.201221 0.825781 0.171777 0.176563
0 0.489063 0.945312 0.18125 0.1
0 0.195312 0.388672 0.279687 0.189063
0 0.112305 0.0658203 0.224609 0.131641
0 0.188623 0.263867 0.221973 0.527734
0 0.278906 0.51416 0.303125 0.510742
0 0.306641 0.673828 0.104688 0.222656
0 0.120117 0.141602 0.240234 0.283203
0 0.223633 0.848633 0.216016 0.158984
0 0.241016 0.39209 0.193359 0.17207
0 0.280859 0.660156 0.155469 0.195312
0 0.303125 0.676953 0.1875 0.611719
0 0.672656 0.294141 0.159375 0.242188
0 0.530469 0.942969 0.101562 0.114063
0 0.154102 0.226367 0.308203 0.452734
0 0.193945 0.21875 0.274219 0.4375
0 0.210156 0.400098 0.272656 0.566992
0 0.356641 0.63125 0.288281 0.673438
0 0.324219 0.6625 0.442188 0.532813
0 0.132056 0.147559 0.181982 0.295117
0 0.201611 0.519531 0.134277 0.18125
0 0.646094 0.307031 0.198437 0.127734
0 0.116992 0.105273 0.233984 0.210547
0 0.234961 0.659277 0.321484 0.589258
0 0.450879 0.803906 0.381055 0.392188
0 0.200586 0.857617 0.376172 0.284766
0 0.303125 0.302344 0.29375 0.604688
0 0.31875 0.874414 0.453125 0.251172
0 0.267188 0.288672 0.257812 0.577344
0 0.184375 0.382031 0.210156 0.175
0 0.689844 0.335547 0.142188 0.239063
0 0.178809 0.147949 0.357617 0.295898
0 0.305469 0.391309 0.326562 0.17207
0 0.266016 0.614453 0.532031 0.771094
0 0.702344 0.307031 0.140625 0.614062
0 0.293359 0.30293 0.414844 0.605859
0 0.51709 0.801758 0.401758 0.396484
0 0.166309 0.304492 0.332617 0.608984
0 0.652734 0.8 0.182031 0.4
0 0.273438 0.428223 0.452344 0.773242
0 0.430469 0.542188 0.221875 0.8125
0 0.178613 0.699609 0.357227 0.594531
0 0.610156 0.8 0.290625 0.4
0 0.19043 0.21582 0.380859 0.431641
0 0.578906 0.775 0.246875 0.45
0 0.788867 0.224023 0.191016 0.448047
0 0.237158 0.539844 0.207715 0.23125
0 0.363672 0.277344 0.217969 0.554688
0 0.182764 0.080957 0.0946289 0.161914
0 0.154297 0.587891 0.308594 0.583594
0 0.437891 0.417969 0.207031 0.835938
0 0.816406 0.243945 0.139063 0.487891
0 0.660547 0.310937 0.233594 0.621875
0 0.333203 0.9 0.122656 0.178125
0 0.0785156 0.5375 0.157031 0.576563
0 0.732813 0.269922 0.21875 0.539844
0 0.792383 0.265234 0.230859 0.530469
0 0.476465 0.750586 0.275195 0.498828
0 0.131445 0.0427246 0.262891 0.0854492
0 0.260352 0.558984 0.205078 0.274219
0 0.128027 0.26875 0.256055 0.5375
0 0.151147 0.0507812 0.159033 0.101562
0 0.789258 0.310352 0.196484 0.620703
0 0.175879 0.648828 0.351758 0.605469
0 0.628516 0.775195 0.201563 0.449609
0 0.266992 0.630469 0.181641 0.13125
0 0.864062 0.408203 0.121875 0.816406
0 0.495313 0.512891 0.08125 0.836719
0 0.827344 0.361719 0.164062 0.723437
0 0.317969 0.863281 0.58125 0.273438
0 0.396094 0.723828 0.350781 0.552344
0 0.401953 0.585547 0.261719 0.575781
0 0.177246 0.498437 0.354492 0.63125
0 0.125195 0.142188 0.250391 0.284375
0 0.507812 0.407031 0.109375 0.814063
0 0.423438 0.638965 0.213281 0.587695
0 0.461719 0.571094 0.151562 0.857813
0 0.857813 0.331836 0.1125 0.663672
0 0.195312 0.721484 0.390625 0.557031
0 0.167383 0.459766 0.182422 0.275781
0 0.854688 0.214648 0.109375 0.429297
0 0.667188 0.334766 0.169531 0.266406
0 0.311719 0.235938 0.177344 0.471875
0 0.668359 0.775 0.146094 0.45
0 0.576563 0.725 0.157813 0.55
0 0.76875 0.352734 0.1375 0.613281
0 0.751563 0.8 0.134375 0.4
0 0.904688 0.391797 0.104688 0.783594
0 0.308203 0.251367 0.184375 0.502734
0 0.238477 0.188281 0.271875 0.376563
0 0.163184 0.828125 0.162305 0.167187
0 0.554297 0.26875 0.110937 0.5375
0 0.668359 0.431934 0.188281 0.768945
0 0.460938 0.329883 0.133594 0.659766
0 0.523438 0.725 0.150781 0.55
0 0.809375 0.188281 0.121875 0.376563
0 0.771094 0.20625 0.15 0.4125
0 0.799219 0.799805 0.1375 0.400391
0 0.364258 0.242188 0.133203 0.484375
0 0.625391 0.282617 0.269531 0.241797
0 0.660937 0.242383 0.188281 0.484766
0 0.423828 0.328125 0.155469 0.65625
0 0.504297 0.291406 0.108594 0.582812
0 0.596875 0.825 0.339063 0.35
0 0.215625 0.734375 0.43125 0.53125
0 0.310937 0.898438 0.158594 0.2
0 0.623047 0.725 0.15 0.55
0 0.167773 0.496484 0.171875 0.146094
0 0.946875 0.338672 0.10625 0.583594
0 0.176221 0.345703 0.191309 0.182031
0 0.297266 0.882812 0.202344 0.184375
0 0.234766 0.860938 0.469531 0.278125
0 0.823438 0.349805 0.145313 0.607422
0 0.829883 0.8 0.168359 0.4
0 0.552734 0.920313 0.0507812 0.146875
0 0.643359 0.2125 0.160938 0.425
0 0.667188 0.824609 0.298438 0.350781
0 0.641406 0.270703 0.171875 0.541406
0 0.210205 0.833008 0.322559 0.190234
0 0.707031 0.775 0.13125 0.45
0 0.470703 0.616406 0.144531 0.634375
0 0.0943359 0.192383 0.188672 0.384766
0 0.505469 0.597656 0.104688 0.804688
0 0.121289 0.329688 0.0746094 0.289844
0 0.299023 0.694531 0.128516 0.26875
0 0.717188 0.749805 0.1375 0.500391
0 0.360156 0.890625 0.0773438 0.11875
0 0.668359 0.725 0.139844 0.55
0 0.835938 0.800195 0.25625 0.399609
0 0.198828 0.854883 0.397656 0.290234
0 0.0323975 0.558984 0.0647949 0.703906
0 0.22832 0.832422 0.456641 0.335156
0 0.120996 0.340625 0.0705078 0.205469
0 0.552344 0.216406 0.103125 0.432813
0 0.597266 0.243555 0.0875 0.487109
0 0.459375 0.237891 0.121875 0.475781
0 0.224609 0.587891 0.279297 0.28125
0 0.357422 0.250195 0.129688 0.500391
0 0.381641 0.901563 0.0382813 0.090625
0 0.503906 0.211328 0.107813 0.422656
0 0.719531 0.205664 0.154688 0.411328
0 0.9 0.391504 0.101562 0.585742
0 0.454785 0.674219 0.212305 0.55
0 0.762891 0.750195 0.128906 0.499609
0 0.809375 0.75 0.123438 0.5
0 0.169434 0.401953 0.190039 0.275781
0 0.603125 0.19375 0.1 0.3875
0 0.251367 0.4125 0.146875 0.235156
0 0.55 0.416797 0.090625 0.736719
0 0.761328 0.824805 0.302344 0.350391
0 0.910156 0.106055 0.179688 0.212109
0 0.453906 0.183398 0.108594 0.366797
0 0.51875 0.6375 0.139063 0.575
0 0.20625 0.044043 0.0488281 0.0880859
0 0.619531 0.328516 0.273438 0.117188
0 0.237061 0.774805 0.325879 0.450391
0 0.474609 0.939844 0.192969 0.120313
0 0.652734 0.19375 0.1125 0.3875
0 0.665625 0.537891 0.132031 0.575781
0 0.903125 0.215625 0.103125 0.43125
0 0.857813 0.75 0.121875 0.5
0 0.23125 0.449609 0.0492188 0.0734375
0 0.762891 0.534766 0.127344 0.569531
0 0.180518 0.488281 0.176465 0.227344
0 0.0272949 0.652344 0.0545898 0.601562
0 0.470313 0.952344 0.232813 0.0953125
0 0.403906 0.248438 0.0992187 0.496875
0 0.503125 0.178125 0.109375 0.35625
0 0.163086 0.79043 0.326172 0.419141
0 0.113306 0.084375 0.163232 0.16875
0 0.550781 0.160742 0.101562 0.321484
0 0.411328 0.240234 0.124219 0.480469
0 0.551172 0.933594 0.0476562 0.0890625
0 0.12168 0.825 0.243359 0.165625
0 0.558984 0.557715 0.116406 0.61582
0 0.761719 0.686719 0.126563 0.573438
0 0.250195 0.617969 0.235938 0.140625
0 0.0480469 0.539062 0.0960938 0.575
0 0.709375 0.536328 0.120313 0.572656
0 0.148145 0.814063 0.160352 0.2125
0 0.614062 0.542969 0.128906 0.585938
0 0.904688 0.75 0.11875 0.5
0 0.716406 0.267188 0.0546875 0.135937
0 0.401172 0.188672 0.103125 0.377344
0 0.0628906 0.840625 0.125781 0.31875
0 0.719922 0.686719 0.141406 0.573438
0 0.185938 0.0547363 0.075 0.109473
0 0.896875 0.150781 0.10625 0.301563
0 0.371875 0.903125 0.0484375 0.1
0 0.343359 0.424902 0.328906 0.100195
0 0.196143 0.736719 0.326465 0.526563
0 0.889063 0.799219 0.221875 0.401563
0 0.0644531 0.302734 0.128906 0.279687
0 0.853125 0.392578 0.10625 0.5875
0 0.075 0.691406 0.15 0.579688
0 0.85 0.194531 0.09375 0.389062
0 0.133594 0.455371 0.267188 0.733008
0 0.857813 0.686328 0.11875 0.572656
0 0.105078 0.290625 0.0589844 0.304688
0 0.139063 0.0270508 0.278125 0.0541016
0 0.810938 0.6875 0.123438 0.575
0 0.355664 0.183203 0.115234 0.366406
0 0.80957 0.535937 0.121484 0.571875
0 0.570703 0.637891 0.142188 0.575781
0 0.941406 0.2125 0.117188 0.425
0 0.854102 0.825 0.291797 0.35
0 0.854688 0.582812 0.110937 0.565625
0 0.946094 0.436719 0.107813 0.575
0 0.901563 0.536719 0.103125 0.573438
0 0.0901367 0.310498 0.106055 0.297754
0 0.0662598 0.819141 0.13252 0.361719
0 0.9375 0.3125 0.125 0.625
0 0.898438 0.289453 0.203125 0.578906
0 0.937109 0.528906 0.125781 0.557813
0 0.334766 0.627344 0.0539063 0.10625
0 0.227734 0.457031 0.0515625 0.05625
0 0.646484 0.228711 0.1 0.457422
0 0.191992 0.0893555 0.130469 0.178711
0 0.455469 0.223047 0.115625 0.446094
0 0.312891 0.18418 0.166406 0.368359
0 0.295117 0.389062 0.225391 0.170313
0 0.903125 0.685156 0.1125 0.570312
0 0.714844 0.501563 0.132812 0.80625
0 0.5375 0.950781 0.1375 0.0984375
0 0.946875 0.163477 0.10625 0.326953
0 0.910937 0.157227 0.178125 0.314453
0 0.139746 0.115039 0.151367 0.230078
0 0.116895 0.0498047 0.226367 0.0996094
0 0.694531 0.250391 0.0984375 0.500781
0 0.990234 0.0123291 0.0195312 0.0246582
0 0.24707 0.86875 0.258984 0.140625
0 0.33418 0.925 0.122266 0.15
0 0.621094 0.413672 0.128125 0.733594
0 0.164648 0.322266 0.163672 0.170313
0 0.926562 0.250391 0.146875 0.500781
0 0.900781 0.775 0.140625 0.45
0 0.670313 0.519531 0.159375 0.84375
0 0.802344 0.241016 0.121875 0.482031
0 0.211914 0.0210449 0.0390625 0.0420898
0 0.989453 0.0150635 0.0210938 0.030127
0 0.621094 0.305859 0.271875 0.103125
0 0.442285 0.939063 0.25918 0.121875
0 0.749609 0.255664 0.125781 0.511328
0 0.719922 0.287891 0.0570313 0.1125
0 0.199805 0.050293 0.0488281 0.100586
0 0.157129 0.35918 0.156055 0.263672
0 0.937109 0.627344 0.125781 0.554688
0 0.0601563 0.305078 0.120313 0.279687
0 0.230078 0.446875 0.090625 0.2875
0 0.176758 0.814844 0.292578 0.184375
0 0.369531 0.427734 0.1875 0.110937
0 0.321875 0.907031 0.154688 0.185938
0 0.892969 0.233984 0.214062 0.467969
0 0.61875 0.635938 0.139063 0.571875
0 0.928125 0.725 0.14375 0.55
0 0.913281 0.75 0.173438 0.5
0 0.990625 0.0121582 0.01875 0.0243164
0 0.399609 0.417578 0.186719 0.0851563
0 0.762109 0.205273 0.117969 0.410547
0 0.81582 0.444531 0.130859 0.589063
0 0.988281 0.0122314 0.0234375 0.0244629
0 0.703906 0.173438 0.104688 0.346875
0 0.7125 0.349414 0.1125 0.241797
0 0.212109 0.0349609 0.0398437 0.0699219
0 0.103027 0.328711 0.0994141 0.280859
0 0.228516 0.490234 0.0578125 0.114844
0 0.557813 0.890625 0.046875 0.090625
0 0.205469 0.0216064 0.04375 0.0432129
0 0.714063 0.267773 0.04375 0.116797
0 0.0908203 0.0848633 0.141406 0.169727
0 0.280078 0.886719 0.0546875 0.09375
0 0.350977 0.920313 0.108203 0.159375
0 0.549219 0.9125 0.053125 0.040625
0 0.960938 0.426953 0.078125 0.560938
0 0.384375 0.914844 0.0257812 0.0640625
0 0.218945 0.494141 0.0886719 0.154688
0 0.230664 0.50625 0.0867188 0.182812
0 0.261328 0.682813 0.206641 0.31875
0 0.198242 0.497656 0.130859 0.157813
0 0.148047 0.879687 0.0664062 0.08125
0 0.221436 0.821875 0.212598 0.189063
0 0.146973 0.89375 0.0623047 0.0625
0 0.16543 0.878125 0.0984375 0.084375
0 0.188086 0.723437 0.376172 0.490625
0 0.142578 0.180273 0.0710938 0.0777344
0 0.259375 0.561328 0.142188 0.283594
0 0.0722656 0.697266 0.0404297 0.0765625
0 0.32207 0.917188 0.133203 0.06875
0 0.0782227 0.694531 0.0306641 0.0601563
0 0.165625 0.104492 0.113281 0.183984
0 0.354883 0.86875 0.0707031 0.16875
0 0.320898 0.882812 0.136328 0.159375
0 0.220654 0.888281 0.225879 0.0734375
0 0.12959 0.903125 0.0269531 0.046875
0 0.261328 0.640625 0.203516 0.207031
0 0.224219 0.748438 0.0476562 0.0546875
0 0.733594 0.305469 0.03125 0.0625
0 0.219092 0.898438 0.304785 0.065625
0 0.363672 0.890625 0.0523438 0.121875
0 0.249023 0.826563 0.256641 0.221875
0 0.341406 0.879687 0.0984375 0.178125
0 0.136133 0.173535 0.0558594 0.0537109
0 0.175049 0.539062 0.188184 0.234375
0 0.17832 0.742969 0.356641 0.378125
0 0.717969 0.287109 0.0890625 0.176563
0 0.151172 0.126587 0.215625 0.18667
0 0.229297 0.744531 0.0640625 0.0671875
0 0.175195 0.0868164 0.169531 0.173633
0 0.19458 0.880469 0.0639648 0.075
0 0.214258 0.499609 0.304297 0.582031
0 0.0701172 0.687891 0.0359375 0.0703125
0 0.735938 0.314063 0.0320312 0.0753906
0 0.379004 0.921875 0.0263672 0.078125
0 0.203857 0.491406 0.0680664 0.134375
0 0.157324 0.511719 0.216602 0.176563
0 0.202344 0.114551 0.0289063 0.0857422
0 0.195898 0.102759 0.0441406 0.094873
0 0.248828 0.635938 0.226953 0.296875
0 0.370313 0.898438 0.0429688 0.123438
0 0.36875 0.923438 0.0460938 0.08125
0 0.152832 0.491406 0.305664 0.535156
0 0.258984 0.763672 0.416406 0.425781
0 0.730469 0.283398 0.03125 0.104297
0 0.177783 0.876563 0.0670898 0.071875
0 0.372656 0.925 0.0304688 0.065625
0 0.0707031 0.70625 0.0501953 0.0898438
0 0.216016 0.517578 0.0734375 0.171875
0 0.300391 0.878125 0.210156 0.179688
0 0.292773 0.9 0.05 0.04375
0 0.215234 0.876563 0.0539063 0.0625
0 0.154102 0.175342 0.0925781 0.0844727
0 0.228125 0.573438 0.220703 0.325
0 0.323828 0.614844 0.075 0.126563
0 0.744531 0.324219 0.046875 0.0945313
0 0.723047 0.283398 0.0421875 0.103516
0 0.148853 0.0970703 0.158936 0.194141
0 0.13457 0.9 0.03125 0.040625
0 0.204297 0.890625 0.0460938 0.0484375
0 0.240625 0.739844 0.075 0.0984375
0 0.235938 0.748047 0.0839844 0.0617188
0 0.347852 0.782031 0.532422 0.375
0 0.135156 0.89375 0.0480469 0.0625
0 0.752344 0.313672 0.0640625 0.0765625
0 0.148438 0.460059 0.258203 0.30332
0 0.736328 0.304688 0.0421875 0.0726563
0 0.295312 0.680469 0.140625 0.298438
0 0.739844 0.301758 0.03125 0.08125
0 0.7375 0.295312 0.0546875 0.194531
0 0.194482 0.0924805 0.0625977 0.0962891
0 0.194092 0.494531 0.161816 0.344531
0 0.177148 0.853906 0.0800781 0.117188
0 0.248633 0.716406 0.244531 0.309375
0 0.350781 0.633594 0.0695313 0.116406
0 0.351953 0.659375 0.0226563 0.05625
0 0.235352 0.771484 0.205078 0.307031
0 0.0533325 0.666016 0.0628662 0.123438
0 0.190625 0.890625 0.0484375 0.046875
0 0.17583 0.602344 0.20459 0.385938
0 0.220703 0.75 0.0765625 0.0578125
0 0.205469 0.510938 0.0554687 0.140625
0 0.0555664 0.699219 0.078125 0.110937
0 0.721484 0.287109 0.0570313 0.114063
0 0.178906 0.10127 0.0769531 0.115625
0 0.719531 0.261719 0.0453125 0.06875
0 0.245703 0.780469 0.0992187 0.121875
0 0.131641 0.173828 0.0578125 0.0710938
0 0.181299 0.0584961 0.187402 0.116992
0 0.576172 0.9 0.0960938 0.2
0 0.246094 0.759375 0.0953125 0.139063
0 0.177002 0.85625 0.247559 0.140625
0 0.219531 0.0231445 0.0289063 0.0462891
0 0.710938 0.310352 0.10625 0.206641
0 0.660937 0.278516 0.201563 0.199219
0 0.245312 0.546875 0.128125 0.34375
0 0.233594 0.672656 0.292188 0.223438
0 0.201953 0.760156 0.307813 0.304688
0 0.286133 0.916406 0.376172 0.0734375
0 0.358203 0.672266 0.03125 0.0835937
0 0.336328 0.619531 0.0558594 0.132812
0 0.142578 0.519922 0.264062 0.239844
0 0.383691 0.928125 0.0341797 0.090625
0 0.134546 0.0775391 0.198096 0.155078
0 0.143164 0.16123 0.0734375 0.100586
0 0.217529 0.0734375 0.21416 0.146875
0 0.192139 0.871875 0.0766602 0.078125
0 0.178516 0.122266 0.08125 0.139063
0 0.217188 0.540625 0.0617188 0.120313
0 0.762891 0.333984 0.0789063 0.110937
0 0.219531 0.752344 0.03125 0.0484375
0 0.345117 0.0301758 0.028125 0.0603516
0 0.35625 0.0303711 0.0269531 0.0607422
0 0.202686 0.84375 0.231348 0.171875
0 0.364453 0.0312988 0.0359375 0.0625977
0 0.294727 0.896094 0.0550781 0.0578125
0 0.260938 0.907813 0.253125 0.084375
0 0.294336 0.815625 0.588672 0.36875
0 0.203125 0.495313 0.040625 0.134375
0 0.361328 0.660547 0.0726563 0.0742188
0 0.374902 0.9375 0.0533203 0.10625
0 0.203516 0.890625 0.03125 0.040625
0 0.262939 0.560547 0.176465 0.332031
0 0.75 0.294336 0.059375 0.102734
0 0.345508 0.621094 0.0390625 0.130469
0 0.371094 0.0298828 0.0367188 0.0597656
0 0.28457 0.889844 0.0507812 0.071875
0 0.366016 0.0229004 0.0492188 0.0458008
0 0.329883 0.609766 0.0535156 0.125781
0 0.18125 0.886719 0.129297 0.0765625
0 0.346875 0.649219 0.0507812 0.0671875
0 0.353906 0.0221191 0.0476562 0.0442383
0 0.217188 0.466016 0.0671875 0.0695313
0 0.228906 0.560547 0.0757812 0.09375
0 0.351172 0.654297 0.028125 0.05625
0 0.0495972 0.684375 0.0797119 0.115625
0 0.573438 0.883398 0.0640625 0.233203
0 0.892969 0.055127 0.214062 0.110254
0 0.200781 0.114648 0.0296875 0.0550781
0 0.740625 0.338281 0.04375 0.0984375
0 0.353906 0.850781 0.127344 0.220313
0 0.13457 0.162305 0.0587891 0.0871094
0 0.880469 0.055957 0.239063 0.111914
0 0.157617 0.158984 0.0953125 0.111719
0 0.228516 0.528906 0.0789063 0.151562
0 0.559375 0.965625 0.0375 0.065625
0 0.385156 0.0288086 0.0382813 0.0576172
0 0.126953 0.175781 0.0570313 0.09375
0 0.319922 0.0302979 0.028125 0.0605957
0 0.731641 0.304688 0.0429688 0.0960938
0 0.55625 0.8875 0.0671875 0.223438
0 0.716016 0.276367 0.0390625 0.0902344
0 0.195654 0.537109 0.353223 0.458594
0 0.196289 0.0736328 0.199609 0.147266
0 0.130078 0.903125 0.0519531 0.06875
0 0.870117 0.0568359 0.259766 0.113672
0 0.114355 0.100781 0.212305 0.201563
0 0.225 0.871875 0.0546875 0.0625
0 0.108105 0.16377 0.0798828 0.102539
0 0.187158 0.820508 0.147559 0.218359
0 0.202344 0.0943604 0.0425781 0.0870605
0 0.580469 0.0335449 0.04375 0.0670898
0 0.291406 0.0219971 0.0460938 0.0439941
0 0.332031 0.0312988 0.028125 0.0625977
0 0.715234 0.257812 0.03125 0.0476562
0 0.341797 0.021875 0.0464844 0.04375
0 0.315625 0.595703 0.0757812 0.096875
0 0.304297 0.909375 0.071875 0.071875
0 0.55625 0.948438 0.0390625 0.08125
0 0.378809 0.0233154 0.0486328 0.0466309
0 0.892188 0.0374512 0.040625 0.0749023
0 0.203174 0.072168 0.0780273 0.129492
0 0.567187 0.0333984 0.0445313 0.0667969
0 0.249414 0.473047 0.160938 0.242188
0 0.354688 0.891406 0.0664062 0.134375
0 0.281641 0.45166 0.232031 0.30918
0 0.203516 0.0554687 0.0644531 0.110937
0 0.165039 0.8875 0.096875 0.05
0 0.351172 0.864844 0.0890625 0.214062
0 0.903906 0.0462402 0.192188 0.0924805
0 0.274805 0.612891 0.197656 0.235156
0 0.0547852 0.71875 0.0712891 0.123438
0 0.353125 0.932813 0.0703125 0.075
0 0.201563 0.446484 0.0867188 0.115625
0 0.398438 0.0241211 0.0375 0.0482422
0 0.164258 0.84375 0.0613281 0.126563
0 0.301563 0.620313 0.125 0.21875
0 0.55625 0.0326172 0.0375 0.0652344
0 0.235547 0.461719 0.0578125 0.0648438
0 0.354297 0.934375 0.0703125 0.10625
0 0.313281 0.622656 0.0933594 0.128125
0 0.519531 0.0320312 0.0390625 0.0640625
0 0.292578 0.909375 0.0484375 0.0625
0 0.6625 0.317969 0.210938 0.23125
0 0.125 0.108569 0.25 0.196533
0 0.301758 0.0333008 0.0386719 0.0666016
0 0.0725586 0.669141 0.145117 0.289844
0 0.372656 0.625781 0.0460938 0.121875
0 0.282031 0.0295654 0.0414063 0.0591309
0 0.564844 0.0247559 0.05 0.0495117
0 0.0798828 0.685938 0.0457031 0.0710938
0 0.739453 0.263281 0.0625 0.236719
0 0.505469 0.0326172 0.040625 0.0652344
0 0.288672 0.0311523 0.0421875 0.0623047
0 0.0700195 0.710547 0.0341797 0.1
0 0.0763428 0.674219 0.0484863 0.0953125
0 0.296484 0.075 0.235156 0.15
0 0.265234 0.0320801 0.0421875 0.0641602
0 0.745313 0.326367 0.0429688 0.130859
0 0.382031 0.673438 0.04375 0.0820312
0 0.219922 0.553906 0.0476562 0.107813
0 0.291602 0.867188 0.298047 0.185938
0 0.546094 0.0301514 0.034375 0.0603027
0 0.748828 0.330078 0.0304688 0.121094
0 0.90625 0.590625 0.0375 0.0898438
0 0.217188 0.764063 0.0765625 0.08125
0 0.917969 0.0538574 0.164062 0.107715
0 0.744141 0.283008 0.0929688 0.196484
0 0.280469 0.0219727 0.0425781 0.0439453
0 0.578125 0.0259521 0.0492188 0.0519043
0 0.304688 0.02229 0.0460938 0.0445801
0 0.170703 0.865625 0.308594 0.184375
0 0.226172 0.454688 0.071875 0.0515625
0 0.904688 0.0392578 0.040625 0.0785156
0 0.203125 0.10498 0.0375 0.0818359
0 0.854688 0.045459 0.240625 0.090918
0 0.214844 0.388184 0.111719 0.304883
0 0.250391 0.4625 0.0421875 0.06875
0 0.306641 0.590234 0.0734375 0.0585938
0 0.4 0.0645508 0.316406 0.129102
0 0.392188 0.0222412 0.0484375 0.0444824
0 0.905469 0.467187 0.189063 0.298438
0 0.26875 0.0371094 0.0570313 0.0742188
0 0.212109 0.889063 0.0332031 0.040625
0 0.892188 0.610156 0.0375 0.0875
0 0.195312 0.0806641 0.0730469 0.10625
0 0.552344 0.0232178 0.0484375 0.0464355
0 0.18418 0.0856445 0.0613281 0.0923828
0 0.358203 0.0266846 0.0375 0.0533691
0 0.549219 0.965625 0.0523438 0.06875
0 0.91875 0.59375 0.0390625 0.1
0 0.735156 0.319727 0.053125 0.118359
0 0.217188 0.758203 0.0398437 0.0601563
0 0.749609 0.35625 0.0289063 0.0757812
0 0.333984 0.934375 0.096875 0.0953125
0 0.151367 0.900781 0.302734 0.0609375
0 0.279687 0.688281 0.19375 0.153125
0 0.526563 0.905469 0.134375 0.189063
0 0.710156 0.25957 0.0203125 0.0539063
0 0.533984 0.0305664 0.0382813 0.0611328
0 0.399609 0.0318604 0.0484375 0.0637207
0 0.734375 0.275391 0.0476562 0.140625
0 0.211328 0.0314453 0.0515625 0.0628906
0 0.0512207 0.0556641 0.102441 0.111328
0 0.330078 0.0218994 0.0453125 0.0437988
0 0.684766 0.319922 0.0320312 0.0882813
0 0.125781 0.90625 0.0421875 0.05625
0 0.592188 0.0328125 0.0453125 0.065625
0 0.907031 0.0693359 0.185938 0.138672
0 0.919531 0.491797 0.160938 0.182031
0 0.193164 0.10625 0.213281 0.208984
0 0.290039 0.564063 0.180078 0.25625
0 0.317188 0.0220215 0.046875 0.044043
0 0.303516 0.602344 0.090625 0.08125
0 0.400781 0.905859 0.599219 0.188281
0 0.371484 0.0345215 0.0523438 0.069043
0 0.359375 0.0540039 0.03125 0.0824219
0 0.517969 0.0222412 0.04375 0.0444824
0 0.890625 0.0456055 0.0421875 0.0910156
0 0.403125 0.935938 0.0539063 0.084375
0 0.75625 0.369531 0.025 0.0476562
0 0.55625 0.920313 0.125 0.159375
0 0.169336 0.832031 0.266406 0.189063
0 0.16543 0.139673 0.0886719 0.139795
0 0.6125 0.0586914 0.3 0.117383
0 0.367383 0.831055 0.123047 0.262891
0 0.294531 0.0272705 0.0382813 0.054541
0 0.207471 0.472266 0.0725586 0.0710938
0 0.250391 0.0299805 0.0429688 0.0599609
0 0.90625 0.578125 0.034375 0.0875
0 0.542188 0.0625488 0.299219 0.125098
0 0.195312 0.0538086 0.235938 0.107617
0 0.592188 0.026123 0.046875 0.0522461
0 0.492188 0.0324219 0.0398437 0.0648438
0 0.239453 0.871094 0.0722656 0.0609375
0 0.921094 0.112695 0.157813 0.225391
0 0.00751953 0.145605 0.0150391 0.291211
0 0.559766 0.917188 0.0414063 0.128125
0 0.541406 0.0223877 0.046875 0.0447754
0 0.984375 0.550391 0.03125 0.0882813
0 0.00913086 0.124219 0.0182617 0.248438
0 0.565625 0.859375 0.0992187 0.28125
0 0.566406 0.967188 0.028125 0.065625
0 0.927734 0.667188 0.144531 0.30625
0 0.114453 0.158008 0.05625 0.090625
0 0.409375 0.0212158 0.0335938 0.0424316
0 0.917188 0.0425781 0.04375 0.0851563
0 0.432813 0.783203 0.639063 0.433594
0 0.364844 0.786523 0.43125 0.426953
0 0.455078 0.915625 0.234375 0.16875
0 0.331982 0.716406 0.36416 0.420312
0 0.312109 0.815625 0.385156 0.24375
0 0.179688 0.810938 0.123047 0.18125
0 0.35625 0.778516 0.417188 0.442969
0 0.724219 0.301758 0.0796875 0.180078
0 0.325781 0.621094 0.0742188 0.11875
0 0.545703 0.915625 0.0632813 0.1625
0 0.25918 0.665234 0.282422 0.522656
0 0.735156 0.302148 0.059375 0.173047
0 0.462598 0.868359 0.226367 0.263281
0 0.341748 0.642188 0.384473 0.534375
0 0.292578 0.764844 0.327344 0.328125
0 0.516016 0.88125 0.125781 0.2375
0 0.335938 0.614062 0.0867188 0.142188
0 0.713672 0.304102 0.115625 0.179297
0 0.280469 0.621875 0.182812 0.125
0 0.367383 0.871094 0.438672 0.257812
0 0.509375 0.921875 0.14375 0.15625
0 0.411621 0.624219 0.526758 0.567187
0 0.340625 0.577344 0.109375 0.239063
0 0.316211 0.624609 0.105859 0.126563
0 0.652344 0.299023 0.221875 0.187891
0 0.212939 0.507812 0.0866211 0.165625
0 0.337695 0.63125 0.0542969 0.103125
0 0.808594 0.264062 0.260938 0.370313
0 0.355859 0.597266 0.0960938 0.180469
0 0.350781 0.61875 0.090625 0.128125
0 0.774805 0.240576 0.225391 0.279785
0 0.268945 0.5625 0.191016 0.254688
0 0.379004 0.515625 0.45918 0.350781
0 0.736328 0.337109 0.0484375 0.10625
0 0.711719 0.283594 0.078125 0.126563
0 0.558691 0.181055 0.418555 0.0664062
0 0.328711 0.405469 0.345703 0.565625
0 0.289844 0.775 0.326562 0.45
0 0.270313 0.477734 0.221875 0.464844
0 0.207227 0.809375 0.178125 0.182812
0 0.286133 0.511328 0.272266 0.367969
0 0.545313 0.204688 0.339063 0.0625
0 0.357617 0.841406 0.438672 0.317188
0 0.546094 0.886914 0.059375 0.226172
0 0.703125 0.275586 0.126563 0.250391
0 0.436719 0.400098 0.400781 0.26543
0 0.27168 0.687891 0.202344 0.261719
0 0.721484 0.299219 0.0546875 0.132031
0 0.455469 0.866016 0.239844 0.267969
0 0.548438 0.945312 0.0515625 0.109375
0 0.536621 0.154004 0.420508 0.0607422
0 0.381641 0.355859 0.248438 0.322656
0 0.500879 0.180078 0.391992 0.0585938
0 0.186768 0.503906 0.128809 0.151562
0 0.374609 0.598437 0.124219 0.1625
0 0.694922 0.313281 0.15625 0.221875
0 0.249414 0.624219 0.230078 0.132812
0 0.405859 0.446191 0.511719 0.48418
0 0.532422 0.844141 0.0984375 0.311719
0 0.312891 0.560547 0.164844 0.257031
0 0.283984 0.821875 0.211719 0.209375
0 0.576563 0.898438 0.370313 0.203125
0 0.484473 0.4875 0.67793 0.45625
0 0.547266 0.857031 0.0695313 0.260938
0 0.341406 0.639844 0.0429688 0.0890625
0 0.648047 0.407422 0.289844 0.571094
0 0.528125 0.230469 0.359375 0.0621094
0 0.219336 0.8125 0.0625 0.19375
0 0.149976 0.810938 0.191846 0.2
0 0.8375 0.630078 0.325 0.0570313
0 0.463965 0.853516 0.325195 0.292969
0 0.512891 0.957812 0.114844 0.08125
0 0.288086 0.79082 0.201953 0.337109
0 0.486035 0.741406 0.27168 0.517188
0 0.211523 0.463281 0.08125 0.128125
0 0.721875 0.317383 0.401563 0.554297
0 0.213281 0.432031 0.0726563 0.16875
0 0.219531 0.5625 0.096875 0.289062
0 0.850781 0.230078 0.298438 0.0578125
0 0.851172 0.255273 0.297656 0.0558594
0 0.254492 0.785937 0.288672 0.428125
0 0.725 0.318945 0.0484375 0.124609
0 0.838281 0.603906 0.323438 0.0578125
0 0.480078 0.204297 0.342187 0.0554687
0 0.218359 0.393359 0.0828125 0.254688
0 0.539062 0.952734 0.0640625 0.0945313
0 0.851367 0.280469 0.297266 0.05625
0 0.658594 0.267383 0.209375 0.261328
0 0.839063 0.653125 0.321875 0.0546875
0 0.850977 0.204688 0.298047 0.0578125
0 0.24668 0.809375 0.138672 0.20625
0 0.270313 0.706641 0.1875 0.371094
0 0.499219 0.13125 0.45625 0.0589844
0 0.804688 0.295312 0.215625 0.282813
0 0.280859 0.307764 0.249219 0.281348
0 0.714063 0.328906 0.096875 0.247656
0 0.184814 0.824219 0.201465 0.159375
0 0.553125 0.903906 0.05 0.192188
0 0.660156 0.510156 0.353125 0.625
0 0.500098 0.252539 0.33418 0.0535156
0 0.852148 0.305078 0.295703 0.0546875
0 0.432422 0.153125 0.311719 0.0578125
0 0.382715 0.794531 0.112695 0.328125
0 0.215039 0.8625 0.0652344 0.078125
0 0.236377 0.301221 0.224902 0.339746
0 0.582031 0.715234 0.244531 0.569531
0 0.350781 0.622266 0.0640625 0.117188
0 0.839453 0.230078 0.321094 0.0585938
0 0.825586 0.578906 0.348828 0.0578125
0 0.555469 0.952734 0.040625 0.0945313
0 0.852344 0.330859 0.295312 0.0558594
0 0.481641 0.228711 0.346875 0.0554687
0 0.716016 0.270313 0.0609375 0.136719
0 0.317969 0.673047 0.09375 0.221094
0 0.415625 0.939063 0.34375 0.121875
0 0.838281 0.179297 0.323438 0.0558594
0 0.380859 0.84375 0.114844 0.215625
0 0.542969 0.865625 0.416406 0.26875
0 0.540625 0.894531 0.0664062 0.135937
0 0.547656 0.812695 0.0859375 0.324609
0 0.843164 0.678906 0.313672 0.0546875
0 0.744531 0.198242 0.273438 0.357422
0 0.571094 0.12832 0.3875 0.0787109
0 0.83125 0.254102 0.289062 0.0582031
0 0.854102 0.353906 0.291797 0.053125
0 0.521875 0.234375 0.282813 0.0851563
0 0.265039 0.795313 0.137891 0.232813
0 0.347266 0.660156 0.0304688 0.046875
0 0.812109 0.603906 0.375781 0.053125
0 0.558594 0.972656 0.03125 0.0546875
0 0.501563 0.279687 0.389062 0.0546875
0 0.723437 0.279687 0.059375 0.139844
0 0.715625 0.266211 0.0828125 0.239453
0 0.675781 0.336719 0.192188 0.301563
0 0.280469 0.865625 0.229687 0.142188
0 0.539844 0.761719 0.182812 0.476562
0 0.192188 0.280859 0.384375 0.0554687
0 0.521875 0.833203 0.325781 0.333594
0 0.838672 0.154102 0.322656 0.0558594
0 0.40625 0.567187 0.517969 0.23125
0 0.555469 0.964844 0.04375 0.0703125
0 0.633594 0.263232 0.276563 0.230566
0 0.828906 0.279297 0.28125 0.0578125
0 0.739062 0.342969 0.0507812 0.16875
0 0.194873 0.796875 0.123535 0.23125
0 0.831055 0.303711 0.287891 0.05625
0 0.516016 0.354297 0.432813 0.0546875
0 0.839453 0.553906 0.321094 0.0609375
0 0.539844 0.753125 0.107813 0.221875
0 0.785742 0.308203 0.187891 0.16875
0 0.535156 0.959375 0.0828125 0.08125
0 0.143164 0.503125 0.286328 0.053125
0 0.206982 0.466406 0.0758789 0.090625
0 0.346094 0.666406 0.0296875 0.0703125
0 0.806445 0.903125 0.387109 0.053125
0 0.429785 0.17832 0.276367 0.0570313
0 0.914844 0.304688 0.170313 0.0554687
0 0.230469 0.775781 0.0890625 0.229687
0 0.742578 0.338867 0.0484375 0.124609
0 0.707031 0.412109 0.384375 0.427344
0 0.503516 0.304297 0.380469 0.0554687
0 0.856836 0.379004 0.286328 0.0544922
0 0.385156 0.252344 0.445312 0.0539063
0 0.549219 0.216016 0.246875 0.121094
0 0.740234 0.348047 0.0414063 0.101562
0 0.416016 0.381641 0.198437 0.29375
0 0.537891 0.277734 0.263281 0.0539063
0 0.205518 0.763867 0.207715 0.472266
0 0.172461 0.303516 0.344922 0.0535156
0 0.331641 0.637891 0.0675781 0.150781
0 0.356836 0.130078 0.370703 0.0542969
0 0.147949 0.878125 0.0587891 0.071875
0 0.608594 0.924609 0.267969 0.150781
0 0.838281 0.12793 0.323438 0.0605469
0 0.55625 0.45625 0.107813 0.115625
0 0.811719 0.628906 0.376563 0.053125
0 0.355469 0.658203 0.0371094 0.0546875
0 0.526563 0.329688 0.396875 0.0550781
0 0.566016 0.455469 0.0640625 0.120313
0 0.582031 0.4625 0.0445313 0.158594
0 0.342578 0.65625 0.0421875 0.0609375
0 0.460547 0.328711 0.410156 0.0535156
0 0.557813 0.84082 0.065625 0.293359
0 0.539844 0.703906 0.110937 0.128125
0 0.703516 0.298828 0.0875 0.102344
0 0.354297 0.660547 0.04375 0.128125
0 0.221094 0.85 0.0734375 0.10625
0 0.230664 0.373828 0.0710938 0.298438
0 0.515527 0.608594 0.45957 0.401563
0 0.692578 0.247217 0.133594 0.223535
0 0.705469 0.422266 0.134375 0.392969
0 0.240283 0.820117 0.257715 0.187891
0 0.512891 0.96875 0.134375 0.0625
0 0.210547 0.835156 0.059375 0.134375
0 0.538281 0.921875 0.059375 0.13125
0 0.588281 0.903906 0.15 0.192188
0 0.475098 0.10332 0.445117 0.0552734
0 0.83418 0.330078 0.297266 0.0578125
0 0.347852 0.104199 0.334766 0.0552734
0 0.186719 0.478906 0.134766 0.128125
0 0.764844 0.293945 0.16875 0.204297
0 0.346094 0.202734 0.29375 0.0507812
0 0.400391 0.279492 0.491406 0.0542969
0 0.542969 0.448047 0.123438 0.130469
0 0.210547 0.803125 0.0648438 0.176563
0 0.76875 0.64375 0.192188 0.279687
0 0.839844 0.527344 0.320312 0.0617188
0 0.186133 0.872656 0.140234 0.065625
0 0.18584 0.529688 0.37168 0.0546875
0 0.857813 0.703125 0.284375 0.053125
0 0.219336 0.493359 0.0664062 0.192188
0 0.168848 0.875 0.0947266 0.075
0 0.364063 0.621094 0.0734375 0.121094
0 0.745313 0.365039 0.053125 0.177734
0 0.533203 0.944141 0.0820312 0.111719
0 0.399609 0.598047 0.160938 0.163281
0 0.704297 0.360938 0.120313 0.2625
0 0.223438 0.870313 0.0703125 0.0625
0 0.557031 0.698828 0.0796875 0.1375
0 0.25 0.851562 0.0898438 0.0953125
0 0.176367 0.86875 0.180078 0.08125
0 0.441406 0.27793 0.314844 0.059375
0 0.240234 0.102637 0.410938 0.0537109
0 0.348438 0.645703 0.0609375 0.127344
0 0.439063 0.253516 0.308594 0.059375
0 0.744531 0.898438 0.414062 0.04375
0 0.174609 0.327734 0.349219 0.0523438
0 0.621094 0.232422 0.36875 0.0789063
0 0.593359 0.900391 0.238281 0.199219
0 0.361719 0.588281 0.157031 0.195312
0 0.944531 0.331055 0.110937 0.0546875
0 0.253467 0.775 0.286035 0.282813
0 0.557813 0.484766 0.51875 0.585156
0 0.534375 0.304102 0.248438 0.0550781
0 0.553906 0.449121 0.107813 0.22832
0 0.704688 0.252148 0.0890625 0.210547
0 0.0394531 0.55 0.0789063 0.298438
0 0.745313 0.374414 0.03125 0.0660156
0 0.628125 0.511328 0.129688 0.209375
0 0.567187 0.697656 0.0578125 0.123438
0 0.532422 0.782813 0.132812 0.271875
0 0.614062 0.764844 0.275 0.470313
0 0.547656 0.875 0.059375 0.134375
0 0.341797 0.227344 0.382812 0.05
0 0.831836 0.879687 0.336328 0.0546875
0 0.109375 0.301953 0.21875 0.05
0 0.21875 0.467969 0.0648438 0.096875
0 0.578516 0.302344 0.217188 0.0539063
0 0.771484 0.193164 0.200781 0.288672
0 0.521094 0.938281 0.107813 0.123438
0 0.202539 0.848437 0.0675781 0.10625
0 0.801172 0.527344 0.397656 0.053125
0 0.388379 0.229687 0.279492 0.053125
0 0.453516 0.939844 0.191406 0.120313
0 0.771875 0.242969 0.29375 0.401563
0 0.801758 0.501563 0.396484 0.053125
0 0.32793 0.878906 0.130859 0.146875
0 0.598437 0.878711 0.271875 0.242578
0 0.66875 0.519531 0.0625 0.195312
0 0.185742 0.470313 0.03125 0.0875
0 0.70625 0.492969 0.13125 0.249219
0 0.806055 0.362109 0.259766 0.538281
0 0.608984 0.179346 0.336719 0.0584961
0 0.137012 0.25293 0.274023 0.0519531
0 0.557031 0.917188 0.0578125 0.146875
0 0.365234 0.560938 0.101562 0.253125
0 0.665625 0.538281 0.053125 0.157813
0 0.445312 0.957812 0.0796875 0.0796875
0 0.502441 0.933984 0.273242 0.132031
0 0.825 0.201563 0.35 0.0507812
0 0.863281 0.402246 0.273438 0.0548828
0 0.797656 0.651172 0.3375 0.0515625
0 0.547656 0.654297 0.2125 0.691406
0 0.743359 0.279102 0.110156 0.215234
0 0.105664 0.500391 0.211328 0.0507812
0 0.186328 0.484375 0.0328125 0.0515625
0 0.792383 0.10166 0.355859 0.0509766
0 0.883008 0.903125 0.233984 0.053125
0 0.16377 0.832617 0.15332 0.150391
0 0.611719 0.475781 0.326562 0.60625
0 0.732031 0.510059 0.260938 0.551758
0 0.711719 0.321875 0.0921875 0.102344
0 0.553906 0.896875 0.05 0.123438
0 0.801562 0.551562 0.396875 0.05
0 0.801367 0.576563 0.397266 0.05
0 0.539062 0.219922 0.246875 0.165234
0 0.741797 0.319727 0.0570313 0.169141
0 0.864453 0.503906 0.271094 0.05625
0 0.185547 0.513281 0.185938 0.165625
0 0.564844 0.329102 0.232031 0.0546875
0 0.361328 0.860938 0.0601563 0.171875
0 0.40625 0.301953 0.340625 0.0539063
0 0.0479492 0.387891 0.0958984 0.265625
0 0.198828 0.829883 0.0695313 0.146484
0 0.123828 0.478906 0.247656 0.0546875
0 0.58125 0.472656 0.040625 0.08125
0 0.841992 0.376172 0.316016 0.05
0 0.81543 0.128906 0.369141 0.0539063
0 0.382129 0.861719 0.0966797 0.170313
0 0.575 0.467969 0.053125 0.0890625
0 0.417285 0.239063 0.360742 0.478125
0 0.332373 0.240234 0.322754 0.480469
0 0.316016 0.218359 0.215625 0.436719
0 0.508496 0.234766 0.31582 0.469531
0 0.635547 0.792188 0.264844 0.415625
0 0.7 0.782031 0.215625 0.435937
0 0.422656 0.334375 0.305469 0.66875
0 0.530469 0.358203 0.271094 0.716406
0 0.499219 0.236719 0.210938 0.473438
0 0.377344 0.287891 0.3125 0.575781
0 0.421484 0.273047 0.310156 0.546094
0 0.330859 0.693359 0.311719 0.613281
0 0.621875 0.647754 0.310937 0.704492
0 0.582422 0.357422 0.263281 0.714844
0 0.366797 0.616016 0.300781 0.719531
0 0.471484 0.362109 0.286719 0.710938
0 0.492578 0.262891 0.121094 0.133594
0 0.220313 0.239648 0.339063 0.479297
0 0.822656 0.236719 0.304688 0.473438
0 0.0983398 0.764063 0.19668 0.471875
0 0.250195 0.718359 0.364453 0.563281
0 0.514063 0.260547 0.176563 0.128906
0 0.620313 0.233594 0.285938 0.467187
0 0.46084 0.255664 0.27207 0.511328
0 0.370117 0.746875 0.321484 0.50625
0 0.620313 0.748828 0.309375 0.502344
0 0.287305 0.287891 0.330078 0.575781
0 0.204883 0.176758 0.340234 0.353516
0 0.0654785 0.814648 0.130957 0.370703
0 0.657422 0.829297 0.285156 0.341406
0 0.465625 0.744531 0.29375 0.510938
0 0.306055 0.742578 0.344141 0.514844
0 0.320312 0.465625 0.294531 0.709375
0 0.415625 0.505078 0.290625 0.733594
0 0.670313 0.234766 0.290625 0.469531
0 0.883594 0.235938 0.232813 0.471875
0 0.370508 0.458691 0.294922 0.720117
0 0.767969 0.238086 0.303125 0.476172
0 0.122461 0.830078 0.244922 0.339844
0 0.516406 0.617285 0.30625 0.71543
0 0.230078 0.663379 0.336719 0.673242
0 0.414941 0.647656 0.304492 0.704688
0 0.574609 0.798828 0.301563 0.402344
0 0.250391 0.823438 0.278906 0.353125
0 0.703906 0.708594 0.235938 0.582812
0 0.119238 0.237305 0.238477 0.474609
0 0.628516 0.357812 0.271875 0.715625
0 0.611328 0.835938 0.300781 0.328125
0 0.86875 0.330078 0.2625 0.660156
0 0.421777 0.716797 0.314258 0.566406
0 0.154297 0.832812 0.283594 0.334375
0 0.26875 0.571484 0.314063 0.710156
0 0.0958008 0.819922 0.191602 0.360156
0 0.371875 0.216016 0.299219 0.432031
0 0.469141 0.558594 0.301563 0.729688
0 0.705469 0.591309 0.2125 0.74707
0 0.174512 0.310937 0.295117 0.621875
0 0.573438 0.211328 0.30625 0.422656
0 0.144922 0.209375 0.289844 0.41875
0 0.227295 0.311914 0.305566 0.623828
0 0.173438 0.742969 0.296094 0.514063
0 0.224805 0.469531 0.303516 0.70625
0 0.326367 0.3375 0.312891 0.675
0 0.355469 0.181641 0.192188 0.363281
0 0.517285 0.751367 0.287305 0.497266
0 0.56875 0.654297 0.303125 0.691406
0 0.406152 0.828516 0.287695 0.342969
0 0.272266 0.373437 0.302344 0.697656
0 0.764844 0.780859 0.295312 0.438281
0 0.862305 0.259766 0.275391 0.519531
0 0.307031 0.160547 0.210156 0.321094
0 0.08125 0.320312 0.1625 0.640625
0 0.113867 0.313086 0.227734 0.626172
0 0.129688 0.358594 0.259375 0.717188
0 0.0705566 0.195508 0.141113 0.391016
0 0.572656 0.72207 0.309375 0.555859
0 0.672266 0.443848 0.297656 0.743555
0 0.567969 0.498828 0.295312 0.738281
0 0.767188 0.69375 0.304688 0.6125
0 0.567578 0.271094 0.171094 0.05
0 0.475 0.267969 0.103125 0.141406
0 0.0339355 0.717188 0.0678711 0.04375
0 0.174219 0.571875 0.292188 0.69375
0 0.417188 0.779688 0.278125 0.440625
0 0.0346191 0.739844 0.0692383 0.0484375
0 0.033374 0.691016 0.066748 0.0429688
0 0.507812 0.833008 0.296875 0.333984
0 0.0342773 0.764453 0.0685547 0.0460938
0 0.0630859 0.774609 0.126172 0.450781
0 0.172656 0.417188 0.288672 0.7
0 0.302734 0.823828 0.280469 0.352344
0 0.889844 0.357812 0.220313 0.715625
0 0.470703 0.687012 0.294531 0.625977
0 0.731641 0.746094 0.282031 0.507812
0 0.0344482 0.789844 0.0688965 0.046875
0 0.757031 0.833203 0.296875 0.333594
0 0.554688 0.273242 0.11875 0.104297
0 0.621484 0.496875 0.297656 0.734375
0 0.888281 0.490527 0.223438 0.748633
0 0.763281 0.495703 0.285938 0.736719
0 0.101953 0.186914 0.203906 0.373828
0 0.823438 0.330469 0.282813 0.660937
0 0.0738281 0.393359 0.147656 0.719531
0 0.136035 0.284766 0.27207 0.569531
0 0.816406 0.785937 0.296875 0.428125
0 0.886328 0.658301 0.227344 0.683398
0 0.0327393 0.666797 0.0654785 0.0476562
0 0.860742 0.186523 0.278516 0.373047
0 0.0344482 0.813281 0.0688965 0.05
0 0.257227 0.751172 0.307422 0.497656
0 0.0598633 0.784375 0.104883 0.071875
0 0.582812 0.291602 0.34375 0.583203
0 0.0614258 0.7125 0.106641 0.071875
0 0.0602539 0.733984 0.105078 0.0757812
0 0.0595215 0.758594 0.104004 0.0703125
0 0.0594727 0.80957 0.103906 0.0746094
0 0.510156 0.27832 0.15625 0.148828
0 0.540625 0.243555 0.1125 0.0335938
0 0.689453 0.354883 0.261719 0.709766
0 0.522656 0.24668 0.288281 0.493359
0 0.571875 0.265625 0.139063 0.101562
0 0.0605469 0.6875 0.104492 0.0671875
0 0.914062 0.284375 0.171875 0.56875
0 0.585938 0.258984 0.123438 0.0851563
0 0.885547 0.186328 0.228906 0.372656
0 0.512891 0.243359 0.116406 0.03125
0 0.852539 0.835156 0.294922 0.329688
0 0.0581543 0.832812 0.100879 0.0625
0 0.722656 0.284961 0.29375 0.569922
0 0.8125 0.490527 0.2875 0.74707
0 0.75 0.582031 0.209375 0.728125
0 0.883398 0.781055 0.233203 0.437891
0 0.85957 0.689063 0.280859 0.621875
0 0.714453 0.182031 0.280469 0.364063
0 0.815625 0.186328 0.282813 0.372656
0 0.0825684 0.24375 0.165137 0.4875
0 0.318555 0.766406 0.264453 0.467187
0 0.467969 0.182617 0.285938 0.365234
0 0.525391 0.277734 0.128906 0.0992187
0 0.864648 0.538672 0.270703 0.747656
0 0.0602539 0.663281 0.103906 0.071875
0 0.664062 0.183984 0.279687 0.367969
0 0.032959 0.641016 0.065918 0.04375
0 0.914453 0.543066 0.171094 0.749805
0 0.0338623 0.840625 0.0677246 0.040625
0 0.533594 0.21582 0.1 0.0558594
0 0.513672 0.260547 0.125781 0.0664062
0 0.036377 0.863281 0.0727539 0.040625
0 0.10957 0.38916 0.219141 0.73418
0 0.878711 0.834375 0.242578 0.33125
0 0.820508 0.724219 0.299609 0.551562
0 0.173145 0.157617 0.299414 0.315234
0 0.0596191 0.85625 0.108105 0.0625
0 0.719531 0.383203 0.264062 0.764844
0 0.988281 0.0336426 0.0234375 0.0672852
0 0.0605957 0.639844 0.105566 0.0625
0 0.783008 0.155273 0.233984 0.310547
0 0.0325928 0.614844 0.0651855 0.05
0 0.9125 0.211719 0.175 0.423438
0 0.560938 0.239844 0.103125 0.0484375
0 0.127148 0.763281 0.254297 0.473438
0 0.773047 0.349609 0.269531 0.699219
0 0.750781 0.667188 0.1375 0.0484375
0 0.775195 0.71875 0.137109 0.04375
0 0.417188 0.180078 0.2875 0.360156
0 0.480859 0.2625 0.117188 0.0929688
0 0.0558594 0.878125 0.108203 0.090625
0 0.757031 0.694531 0.148438 0.0359375
0 0.912891 0.393066 0.174219 0.75293
0 0.0867188 0.788867 0.123828 0.0503906
0 0.0882813 0.814063 0.126563 0.053125
0 0.0852539 0.763281 0.12168 0.05
0 0.783594 0.975391 0.103125 0.0492188
0 0.452344 0.299609 0.126563 0.0886719
0 0.808594 0.974609 0.103125 0.0507812
0 0.0850586 0.7375 0.12207 0.05625
0 0.0855469 0.836719 0.119727 0.05
0 0.758203 0.976172 0.102344 0.0476562
0 0.812305 0.971875 0.178516 0.05625
0 0.540234 0.305078 0.149219 0.15
0 0.0594727 0.614844 0.103711 0.065625
0 0.733594 0.977344 0.103125 0.0453125
0 0.833594 0.975 0.103125 0.05
0 0.815625 0.634375 0.290625 0.73125
0 0.771875 0.720313 0.179688 0.0359375
0 0.765625 0.973047 0.185938 0.0539063
0 0.859375 0.975781 0.103125 0.0484375
0 0.0858154 0.857813 0.123291 0.0546875
0 0.111133 0.675879 0.222266 0.648242
0 0.914062 0.682813 0.171875 0.634375
0 0.770312 0.667188 0.125 0.0523438
0 0.0587891 0.532813 0.103906 0.065625
0 0.0338379 0.589844 0.0676758 0.0429688
0 0.755469 0.941406 0.154688 0.04375
0 0.524219 0.155859 0.242188 0.311719
0 0.455078 0.292383 0.122656 0.131641
0 0.860938 0.971875 0.16875 0.05625
0 0.708594 0.978125 0.104688 0.04375
0 0.884375 0.975781 0.103125 0.0484375
0 0.373437 0.0922852 0.1375 0.0380859
0 0.827344 0.468359 0.142188 0.0453125
0 0.0462891 0.8875 0.0925781 0.0875
0 0.582422 0.319141 0.114844 0.0773438
0 0.775781 0.914844 0.14375 0.040625
0 0.825 0.916406 0.140625 0.040625
0 0.087793 0.714844 0.126172 0.0546875
0 0.560156 0.216211 0.103906 0.0574219
0 0.801562 0.915625 0.145313 0.040625
0 0.749219 0.914062 0.140625 0.040625
0 0.406641 0.119238 0.152344 0.0392578
0 0.0583496 0.561719 0.103027 0.05625
0 0.0619141 0.516406 0.109375 0.05625
0 0.0605957 0.589844 0.107324 0.0546875
0 0.728906 0.942187 0.15 0.0421875
0 0.803125 0.940625 0.151562 0.04375
0 0.825 0.939063 0.14375 0.04375
0 0.909375 0.976562 0.104688 0.046875
0 0.689063 0.00532227 0.128125 0.0106445
0 0.359375 0.116992 0.1625 0.0410156
0 0.769141 0.732813 0.127344 0.0609375
0 0.982031 0.0444336 0.0359375 0.0888672
0 0.848437 0.915625 0.1375 0.040625
0 0.664844 0.00544434 0.125781 0.0108887
0 0.639063 0.00529785 0.121094 0.0105957
0 0.910937 0.972656 0.16875 0.0546875
0 0.798438 0.442969 0.134375 0.040625
0 0.751563 0.79043 0.146875 0.0410156
0 0.571094 0.158398 0.247656 0.316797
0 0.807031 0.469531 0.151562 0.0390625
0 0.0447266 0.907813 0.0347656 0.046875
0 0.428516 0.118262 0.145313 0.0441406
0 0.130078 0.504004 0.260156 0.724805
0 0.483594 0.241797 0.114063 0.0453125
0 0.626172 0.15918 0.255469 0.318359
0 0.509375 0.239063 0.0328125 0.0328125
0 0.510938 0.216406 0.110937 0.0523438
0 0.782031 0.791406 0.154688 0.0421875
0 0.365234 0.00527344 0.121094 0.0105469
0 0.48125 0.318359 0.126563 0.147656
0 0.832812 0.867188 0.15625 0.046875
0 0.787305 0.842188 0.166016 0.04375
0 0.0580566 0.982031 0.102441 0.0359375
0 0.934375 0.976562 0.103125 0.046875
0 0.772266 0.763672 0.135156 0.0445313
0 0.684766 0.978906 0.107031 0.0421875
0 0.385938 0.0371582 0.161719 0.0743164
0 0.938281 0.973047 0.123438 0.0539063
0 0.757812 0.642578 0.153125 0.0445313
0 0.341016 0.00522461 0.124219 0.0104492
0 0.722656 0.915625 0.135937 0.040625
0 0.871875 0.915625 0.134375 0.0421875
0 0.614844 0.00541992 0.120313 0.0108398
0 0.0616211 0.508984 0.123242 0.739844
0 0.390625 0.00533447 0.122656 0.0106689
0 0.80332 0.667188 0.146484 0.05
0 0.746094 0.732813 0.132812 0.0625
0 0.0905273 0.938281 0.12832 0.040625
0 0.953906 0.975781 0.0921875 0.0484375
0 0.0327026 0.914062 0.0408447 0.046875
0 0.589063 0.00545654 0.117188 0.0109131
0 0.715625 0.00541992 0.128125 0.0108398
0 0.0398437 0.885938 0.0796875 0.071875
0 0.782031 0.467187 0.157813 0.0421875
0 0.80332 0.417969 0.146484 0.0554687
0 0.414844 0.00529785 0.121875 0.0105957
0 0.0340088 0.490625 0.0680176 0.0390625
0 0.318359 0.00534668 0.133594 0.0106934
0 0.0884766 0.689063 0.126172 0.0515625
0 0.795313 0.737109 0.13125 0.05
0 0.564063 0.00543213 0.11875 0.0108643
0 0.785156 0.867188 0.160938 0.0453125
0 0.739062 0.717578 0.175 0.0390625
0 0.0797852 0.904688 0.111523 0.05625
0 0.538281 0.00544434 0.116406 0.0108887
0 0.741797 0.7625 0.125781 0.0453125
0 0.0475586 0.932813 0.0902344 0.046875
0 0.873438 0.939063 0.139063 0.0453125
0 0.0699219 0.969531 0.132031 0.046875
0 0.135937 0.978516 0.108203 0.0429688
0 0.512891 0.00540771 0.114844 0.0108154
0 0.763281 0.817187 0.16875 0.040625
0 0.798633 0.691797 0.137109 0.046875
0 0.810156 0.89375 0.160938 0.04375
0 0.835742 0.841406 0.162891 0.04375
0 0.439063 0.00532227 0.11875 0.0106445
0 0.487891 0.00535889 0.114844 0.0107178
0 0.839844 0.00523682 0.121875 0.0104736
0 0.0357666 0.560938 0.0715332 0.0492188
0 0.896875 0.914844 0.134375 0.04375
0 0.463281 0.00532227 0.115625 0.0106445
0 0.803906 0.765234 0.148438 0.0429688
0 0.635547 0.200781 0.224219 0.0507812
0 0.820312 0.485938 0.129688 0.0554687
0 0.750781 0.464844 0.14375 0.0492188
0 0.721875 0.788281 0.139063 0.0453125
0 0.329688 0.115234 0.151562 0.0429688
0 0.0356934 0.517578 0.0713867 0.0421875
0 0.658594 0.978906 0.105469 0.0421875
0 0.714844 0.761328 0.128125 0.0476562
0 0.808594 0.791992 0.157813 0.0441406
0 0.374219 0.875 0.545313 0.20625
0 0.326953 0.846875 0.439844 0.210938
0 0.371094 0.797656 0.533594 0.396875
0 0.324219 0.692187 0.442188 0.5875
0 0.2625 0.85918 0.501563 0.175391
0 0.237891 0.817187 0.475781 0.204688
0 0.426563 0.85293 0.58125 0.294141
0 0.471094 0.719922 0.565625 0.560156
0 0.242969 0.732813 0.485938 0.442188
0 0.203467 0.828906 0.183691 0.189063
0 0.60625 0.603125 0.521875 0.582812
0 0.666797 0.492871 0.497656 0.386133
0 0.205469 0.788867 0.410938 0.259766
0 0.209766 0.734375 0.419531 0.3875
0 0.55459 0.708984 0.52207 0.582031
0 0.624219 0.6875 0.5625 0.523438
0 0.242578 0.675 0.485156 0.65
0 0.437109 0.622754 0.569531 0.735742
0 0.191846 0.858594 0.156934 0.129688
0 0.182617 0.203906 0.365234 0.407813
0 0.314258 0.564844 0.494922 0.423438
0 0.217188 0.659375 0.434375 0.54375
0 0.212109 0.358398 0.424219 0.716797
0 0.260938 0.488281 0.507812 0.469531
0 0.989062 0.0175781 0.021875 0.0351562
0 0.327344 0.639844 0.532813 0.720313
0 0.356641 0.602344 0.466406 0.342187
0 0.677344 0.425391 0.470313 0.272656
0 0.470703 0.408203 0.594531 0.763281
0 0.419531 0.834961 0.351562 0.330078
0 0.515723 0.508594 0.532617 0.532031
0 0.202734 0.158008 0.405469 0.316016
0 0.346094 0.389746 0.410156 0.764258
0 0.25625 0.580469 0.5125 0.614062
0 0.341406 0.669141 0.503125 0.424219
0 0.146484 0.882031 0.0726563 0.06875
0 0.206689 0.859375 0.195215 0.15
0 0.683594 0.607422 0.473438 0.517969
0 0.382031 0.552246 0.503906 0.362695
0 0.523438 0.615625 0.55625 0.61875
0 0.207031 0.2875 0.414062 0.575
0 0.678906 0.454297 0.182812 0.346875
0 0.179688 0.746484 0.359375 0.363281
0 0.182812 0.125195 0.365625 0.250391
0 0.131152 0.902344 0.0248047 0.0421875
0 0.242969 0.480859 0.485938 0.386719
0 0.744531 0.351367 0.467187 0.348828
0 0.607813 0.511621 0.545313 0.470508
0 0.133984 0.890625 0.084375 0.0640625
0 0.138086 0.888281 0.0398437 0.0578125
0 0.132422 0.892969 0.0292969 0.05625
0 0.246094 0.491797 0.492188 0.524219
0 0.246875 0.373437 0.49375 0.746875
0 0.750781 0.350195 0.0335938 0.0925781
0 0.514063 0.935938 0.125 0.128125
0 0.487891 0.920313 0.170313 0.153125
0 0.174023 0.832812 0.149609 0.182812
0 0.638672 0.397754 0.25 0.22793
0 0.443848 0.9 0.256055 0.19375
0 0.583984 0.78418 0.510156 0.419141
0 0.128809 0.901563 0.0716797 0.05
0 0.558594 0.963281 0.028125 0.05625
0 0.254688 0.804688 0.509375 0.3375
0 0.386328 0.45459 0.510156 0.74082
0 0.641016 0.440234 0.249219 0.321094
0 0.745313 0.481934 0.5 0.358008
0 0.732422 0.251953 0.460156 0.503906
0 0.757422 0.270361 0.441406 0.239746
0 0.249219 0.0994141 0.439063 0.198828
0 0.989844 0.012915 0.0203125 0.0258301
0 0.180908 0.0716309 0.0952148 0.143262
0 0.982422 0.018457 0.0351562 0.0369141
0 0.13252 0.885938 0.0333984 0.08125
0 0.132031 0.907813 0.0339844 0.05625
0 0.75 0.363477 0.03125 0.0777344
0 0.640625 0.341406 0.235938 0.130469
0 0.683594 0.607813 0.0421875 0.0703125
0 0.761719 0.194922 0.440625 0.367969
0 0.558594 0.966016 0.0484375 0.0679687
0 0.745313 0.345313 0.0359375 0.0960938
0 0.6 0.332031 0.670313 0.575781
0 0.910937 0.49375 0.071875 0.0992187
0 0.90625 0.570312 0.1875 0.140625
0 0.55625 0.94375 0.0328125 0.084375
0 0.936719 0.489844 0.126563 0.126563
0 0.74375 0.329297 0.0390625 0.0859375
0 0.685938 0.617188 0.0390625 0.0445313
0 0.682813 0.694531 0.484375 0.403125
0 0.548438 0.951172 0.0515625 0.0976562
0 0.916016 0.545313 0.167969 0.135937
0 0.847656 0.826563 0.204688 0.15
0 0.155078 0.85625 0.125781 0.128125
0 0.555859 0.960938 0.03125 0.06875
0 0.747656 0.0957031 0.485938 0.191406
0 0.149609 0.890625 0.0933594 0.046875
0 0.948828 0.497266 0.102344 0.142188
0 0.164258 0.892188 0.0984375 0.040625
0 0.924219 0.521094 0.151562 0.1375
0 0.807813 0.828125 0.257812 0.160938
0 0.634375 0.835742 0.453125 0.281641
0 0.921875 0.592969 0.153125 0.117969
0 0.903125 0.841406 0.153125 0.151562
0 0.646094 0.344531 0.551562 0.360156
0 0.158984 0.880469 0.109766 0.0640625
0 0.74375 0.341602 0.0375 0.133984
0 0.461719 0.151172 0.129688 0.163281
0 0.948438 0.571875 0.103125 0.1375
0 0.153613 0.146875 0.131055 0.277344
0 0.189844 0.169531 0.379688 0.339063
0 0.95 0.59375 0.1 0.114063
0 0.130859 0.901563 0.0292969 0.053125
0 0.436035 0.141968 0.126367 0.151611
0 0.658301 0.104688 0.683398 0.209375
0 0.454688 0.150098 0.145313 0.122852
0 0.173828 0.8875 0.101953 0.040625
0 0.946094 0.530078 0.107813 0.147656
0 0.884375 0.810156 0.128125 0.125
0 0.424609 0.146582 0.152344 0.12207
0 0.238281 0.632031 0.476562 0.735938
0 0.457031 0.155664 0.2 0.173438
0 0.281641 0.857813 0.455469 0.284375
0 0.420312 0.163965 0.217188 0.131055
0 0.923438 0.496094 0.075 0.103906
0 0.739062 0.325586 0.0546875 0.0914062
0 0.454297 0.935938 0.232031 0.125
0 0.929688 0.61875 0.128125 0.109375
0 0.266797 0.822656 0.311719 0.192188
0 0.875195 0.574609 0.212109 0.155469
0 0.557031 0.487891 0.0382813 0.0429688
0 0.8875 0.596875 0.184375 0.125
0 0.691797 0.268359 0.616406 0.536719
0 0.150781 0.1125 0.135937 0.225
0 0.187695 0.875 0.0953125 0.071875
0 0.739844 0.316797 0.0351562 0.0652344
0 0.151758 0.9 0.0734375 0.04375
0 0.516406 0.9625 0.116406 0.071875
0 0.209375 0.885938 0.0578125 0.040625
0 0.194141 0.890625 0.0402344 0.0359375
0 0.156738 0.878125 0.0818359 0.075
0 0.9125 0.82168 0.129688 0.144141
0 0.460938 0.874023 0.379688 0.251953
0 0.950781 0.621875 0.0984375 0.101562
0 0.730859 0.3125 0.0359375 0.0640625
0 0.4625 0.119727 0.126563 0.136719
0 0.437109 0.112866 0.123438 0.127393
0 0.747656 0.353125 0.0328125 0.130469
0 0.460938 0.0895508 0.125 0.131055
0 0.703125 0.328711 0.0671875 0.0941406
0 0.93125 0.642969 0.114063 0.10625
0 0.773242 0.230518 0.453516 0.241309
0 0.517969 0.151074 0.169531 0.164258
0 0.907813 0.503125 0.145313 0.1125
0 0.224219 0.304688 0.448438 0.609375
0 0.148438 0.839844 0.129688 0.170313
0 0.5625 0.957812 0.03125 0.046875
0 0.882812 0.521094 0.195312 0.1375
0 0.876758 0.547656 0.208984 0.148438
0 0.921094 0.539453 0.157813 0.160156
0 0.867188 0.852344 0.21875 0.142188
0 0.475 0.185742 0.145313 0.126172
0 0.78418 0.853125 0.169141 0.1125
0 0.763672 0.845313 0.0539063 0.1
0 0.898438 0.619922 0.153125 0.116406
0 0.574121 0.876172 0.467383 0.247656
0 0.960156 0.491797 0.0796875 0.151562
0 0.932813 0.578516 0.134375 0.147656
0 0.948438 0.464063 0.103125 0.152344
0 0.554688 0.491016 0.025 0.0367188
0 0.268359 0.649609 0.169531 0.235156
0 0.934375 0.407031 0.121875 0.109375
0 0.435937 0.0867432 0.122656 0.125732
0 0.760156 0.841406 0.075 0.0921875
0 0.988281 0.0223633 0.0234375 0.0447266
0 0.98125 0.0266602 0.0375 0.0533203
0 0.13457 0.907813 0.0777344 0.05625
0 0.40459 0.1375 0.142383 0.146094
0 0.219141 0.882812 0.0410156 0.040625
0 0.678906 0.599219 0.034375 0.08125
0 0.214795 0.886133 0.398535 0.227734
0 0.381348 0.913281 0.0263672 0.0359375
0 0.541406 0.173242 0.179688 0.165234
0 0.183789 0.895312 0.0574219 0.046875
0 0.752344 0.369141 0.0320312 0.05625
0 0.963281 0.185889 0.0734375 0.111816
0 0.885156 0.864844 0.1625 0.134375
0 0.553906 0.48125 0.0375 0.0625
0 0.947656 0.20957 0.104688 0.11875
0 0.48125 0.218164 0.117969 0.0949219
0 0.208643 0.478125 0.107715 0.109375
0 0.93125 0.678125 0.10625 0.09375
0 0.7 0.313672 0.0679687 0.06875
0 0.381934 0.926562 0.0236328 0.0625
0 0.485938 0.973437 0.034375 0.046875
0 0.950391 0.701172 0.0992187 0.103906
0 0.900781 0.124219 0.198437 0.248438
0 0.510156 0.22207 0.126563 0.0992187
0 0.948438 0.414062 0.103125 0.125781
0 0.210156 0.874219 0.05625 0.0578125
0 0.464453 0.179248 0.236719 0.157129
0 0.947656 0.726172 0.104688 0.110156
0 0.56875 0.871875 0.0234375 0.04375
0 0.529297 0.123242 0.146094 0.146484
0 0.378516 0.926562 0.034375 0.065625
0 0.958984 0.625 0.0820312 0.104688
0 0.6875 0.609375 0.0625 0.0757812
0 0.521875 0.948438 0.108594 0.103125
0 0.93125 0.701172 0.1125 0.105469
0 0.529297 0.0898193 0.138281 0.132861
0 0.951172 0.649219 0.0976562 0.10625
0 0.951172 0.680469 0.0976562 0.1
0 0.408594 0.111133 0.13125 0.126953
0 0.961719 0.732031 0.0765625 0.117188
0 0.859375 0.802344 0.13125 0.154688
0 0.935156 0.460938 0.129688 0.1625
0 0.549219 0.926953 0.0546875 0.146094
0 0.3875 0.928125 0.0445313 0.065625
0 0.901563 0.642188 0.13125 0.114063
0 0.959375 0.755469 0.08125 0.128125
0 0.780469 0.840625 0.126563 0.125
0 0.959375 0.441797 0.071875 0.0960938
0 0.559375 0.967188 0.034375 0.065625
0 0.934375 0.208984 0.13125 0.127344
0 0.780664 0.151074 0.438672 0.302148
0 0.495313 0.125879 0.176563 0.15293
0 0.898438 0.476562 0.06875 0.0875
0 0.917188 0.475781 0.0796875 0.0984375
0 0.433594 0.0586914 0.11875 0.111133
0 0.458203 0.0577148 0.120313 0.109961
0 0.510938 0.194873 0.175 0.133691
0 0.260205 0.30625 0.391309 0.563281
0 0.743359 0.367188 0.0382813 0.170313
0 0.130957 0.882031 0.0554687 0.0921875
0 0.63125 0.0733398 0.6625 0.14668
0 0.548438 0.934375 0.0398437 0.075
0 0.348047 0.654688 0.0289063 0.040625
0 0.408203 0.0859375 0.124219 0.122266
0 0.558984 0.130957 0.146094 0.162695
0 0.91875 0.750781 0.1625 0.132812
0 0.975 0.206445 0.05 0.146484
0 0.961719 0.703906 0.0765625 0.107031
0 0.559375 0.490625 0.028125 0.0375
0 0.284375 0.89375 0.0542969 0.071875
0 0.564063 0.485938 0.0484375 0.046875
0 0.802344 0.859375 0.139063 0.171875
0 0.714844 0.330469 0.0890625 0.101562
0 0.502344 0.885742 0.146875 0.222266
0 0.204492 0.11875 0.408984 0.2375
0 0.859375 0.76875 0.075 0.107813
0 0.961719 0.458984 0.0765625 0.138281
0 0.948438 0.185889 0.103125 0.113379
0 0.871875 0.785742 0.075 0.0878906
0 0.949219 0.786719 0.101562 0.164062
0 0.944531 0.524609 0.110937 0.175781
0 0.703125 0.629687 0.0921875 0.138281
0 0.215039 0.117773 0.319922 0.235547
0 0.276953 0.892188 0.0351562 0.0625
0 0.542969 0.929688 0.0390625 0.059375
0 0.499219 0.0929688 0.165625 0.140625
0 0.557813 0.0979492 0.1375 0.148242
0 0.689063 0.338672 0.126563 0.125
0 0.827344 0.80918 0.207813 0.125391
0 0.200342 0.079541 0.131348 0.159082
0 0.930469 0.727734 0.139063 0.125781
0 0.789258 0.859375 0.255859 0.15625
0 0.859375 0.789062 0.075 0.0921875
0 0.9375 0.21875 0.125 0.142578
0 0.960938 0.767188 0.078125 0.140625
0 0.68125 0.6 0.0484375 0.0953125
0 0.407422 0.0615234 0.121094 0.115625
0 0.90625 0.678516 0.121875 0.103125
0 0.481641 0.982422 0.0257812 0.0351562
0 0.907813 0.705469 0.125 0.115625
0 0.940625 0.485156 0.078125 0.103125
0 0.68125 0.619531 0.0328125 0.0578125
0 0.297266 0.9 0.075 0.0875
0 0.566797 0.426465 0.619531 0.375195
0 0.267188 0.426953 0.534375 0.582812
0 0.792188 0.190039 0.0234375 0.0371094
0 0.485156 0.972656 0.114063 0.0546875
0 0.961719 0.68125 0.0765625 0.102344
0 0.682031 0.623438 0.028125 0.0390625
0 0.707812 0.338086 0.0984375 0.129297
0 0.713672 0.212305 0.572656 0.424609
0 0.458594 0.0422852 0.117969 0.0845703
0 0.751953 0.0613281 0.0335938 0.0431641
0 0.547656 0.198047 0.15 0.136328
0 0.509375 0.245703 0.117188 0.100781
0 0.433984 0.0415527 0.117188 0.0831055
0 0.896094 0.829688 0.207813 0.164062
0 0.567187 0.482031 0.065625 0.0625
0 0.389062 0.175586 0.23125 0.140234
0 0.921094 0.564844 0.157813 0.167187
0 0.522266 0.925781 0.101562 0.148438
0 0.421875 0.117993 0.0734375 0.105811
0 0.691016 0.447656 0.0304688 0.0453125
0 0.960938 0.651563 0.078125 0.107813
0 0.388965 0.932813 0.0345703 0.05625
0 0.94375 0.236328 0.1125 0.123438
0 0.530469 0.0577148 0.13125 0.109961
0 0.986719 0.0272217 0.0265625 0.0544434
0 0.266406 0.6 0.532813 0.695312
0 0.307813 0.673535 0.605469 0.65293
0 0.553906 0.407031 0.46875 0.601562
0 0.442188 0.673535 0.734375 0.65293
0 0.234717 0.669922 0.360254 0.660156
0 0.323047 0.723047 0.425781 0.553906
0 0.693359 0.426563 0.613281 0.597656
0 0.58125 0.699219 0.757812 0.601562
0 0.567578 0.610254 0.438281 0.623242
0 0.24043 0.752344 0.312891 0.495313
0 0.34082 0.787305 0.484766 0.425391
0 0.186816 0.328516 0.373633 0.657031
0 0.260938 0.330078 0.521875 0.660156
0 0.329297 0.34043 0.658594 0.680859
0 0.689063 0.499219 0.592188 0.401563
0 0.248633 0.7625 0.310547 0.376563
0 0.531641 0.492871 0.561719 0.74082
0 0.539844 0.648438 0.509375 0.703125
0 0.783203 0.394531 0.433594 0.667188
0 0.14541 0.28418 0.29082 0.568359
0 0.746094 0.381641 0.507812 0.763281
0 0.570703 0.512109 0.442969 0.425781
0 0.447754 0.820312 0.345117 0.359375
0 0.181445 0.73125 0.329688 0.5375
0 0.358984 0.599219 0.644531 0.801562
0 0.828516 0.499219 0.342969 0.701563
0 0.813867 0.513281 0.362891 0.4125
0 0.198437 0.611719 0.338281 0.709375
0 0.965625 0.0827148 0.06875 0.16543
0 0.468359 0.849219 0.228125 0.301563
0 0.766211 0.299805 0.467578 0.599609
0 0.827148 0.624316 0.345703 0.751367
0 0.485938 0.592578 0.678125 0.741406
0 0.986719 0.0188965 0.0265625 0.037793
0 0.786719 0.672266 0.4125 0.655469
0 0.946875 0.084082 0.10625 0.168164
0 0.825781 0.429688 0.348438 0.6125
0 0.990625 0.012146 0.01875 0.024292
0 0.390625 0.843945 0.385938 0.312109
0 0.756641 0.863281 0.486719 0.273438
0 0.67002 0.792188 0.659961 0.415625
0 0.732031 0.714844 0.509375 0.570312
0 0.85332 0.100195 0.293359 0.200391
0 0.814063 0.412109 0.371875 0.824219
0 0.541406 0.928906 0.06875 0.142188
0 0.16123 0.157227 0.12832 0.314453
0 0.61709 0.768359 0.492383 0.463281
0 0.98125 0.0229492 0.0375 0.0458984
0 0.700391 0.643359 0.0898438 0.142969
0 0.655859 0.849609 0.688281 0.300781
0 0.166211 0.110059 0.107422 0.220117
0 0.704688 0.514844 0.390625 0.43125
0 0.959766 0.0371094 0.0804688 0.0742188
0 0.959375 0.139941 0.028125 0.0486328
0 0.967578 0.053418 0.0648438 0.106836
0 0.157813 0.323047 0.315625 0.646094
0 0.959375 0.132422 0.0390625 0.0925781
0 0.954688 0.147168 0.040625 0.0654297
0 0.766211 0.770898 0.467578 0.458203
0 0.393848 0.4 0.738867 0.8
0 0.953125 0.133398 0.0453125 0.0988281
0 0.946875 0.0486328 0.10625 0.0972656
0 0.960938 0.118652 0.04375 0.117383
0 0.490723 0.135352 0.698242 0.270703
0 0.207227 0.816406 0.212109 0.210938
0 0.714844 0.412109 0.117188 0.289844
0 0.551172 0.929688 0.0570313 0.140625
0 0.229297 0.407422 0.457031 0.721875
0 0.986719 0.0131104 0.0265625 0.0262207
0 0.920313 0.0966797 0.159375 0.193359
0 0.930469 0.0747559 0.139063 0.149512
0 0.716016 0.361523 0.114063 0.181641
0 0.175732 0.402441 0.307129 0.726367
0 0.178076 0.810938 0.129785 0.209375
0 0.303125 0.459766 0.605469 0.696094
0 0.514844 0.929297 0.138281 0.141406
0 0.152051 0.195898 0.148242 0.382422
0 0.212305 0.727734 0.0785156 0.349219
0 0.706641 0.625781 0.0882813 0.18125
0 0.699219 0.595313 0.0984375 0.246875
0 0.192383 0.38125 0.0921875 0.379688
0 0.526953 0.926562 0.0984375 0.146875
0 0.620313 0.366992 0.126563 0.178516
0 0.539844 0.871484 0.0765625 0.257031
0 0.926562 0.836719 0.034375 0.04375
0 0.157813 0.871875 0.0898438 0.0875
0 0.208203 0.793555 0.0601563 0.222266
0 0.709375 0.463672 0.129688 0.380469
0 0.291406 0.748438 0.160938 0.3625
0 0.624609 0.84707 0.394531 0.305859
0 0.948438 0.148438 0.053125 0.0792969
0 0.984375 0.0228271 0.03125 0.0456543
0 0.927344 0.337109 0.0265625 0.04375
0 0.830469 0.175781 0.339063 0.351562
0 0.949219 0.00568848 0.101562 0.011377
0 0.96875 0.0247803 0.0625 0.0495605
0 0.618066 0.679688 0.526367 0.640625
0 0.970313 0.104004 0.04375 0.142773
0 0.71875 0.0704102 0.24375 0.14082
0 0.119531 0.0941406 0.239063 0.188281
0 0.186279 0.733594 0.105566 0.38125
0 0.144043 0.13125 0.152539 0.2625
0 0.625 0.394531 0.139063 0.234375
0 0.208594 0.599902 0.417188 0.69082
0 0.832812 0.355078 0.334375 0.710156
0 0.959375 0.10127 0.078125 0.202539
0 0.246875 0.732031 0.114063 0.334375
0 0.648828 0.30625 0.0664062 0.0679687
0 0.932813 0.83125 0.05625 0.05625
0 0.936719 0.0354492 0.126563 0.0708984
0 0.321484 0.750391 0.172656 0.377344
0 0.667969 0.371094 0.20625 0.198437
0 0.925 0.828906 0.046875 0.0703125
0 0.755078 0.0523438 0.0414063 0.0660156
0 0.182373 0.764844 0.0883789 0.284375
0 0.313281 0.745703 0.239063 0.353906
0 0.971875 0.00339355 0.05625 0.00678711
0 0.4875 0.866406 0.175 0.267188
0 0.161719 0.24375 0.166406 0.398438
0 0.539062 0.240234 0.884375 0.480469
0 0.167383 0.361523 0.112109 0.366797
0 0.399609 0.110352 0.685938 0.220703
0 0.9375 0.152637 0.03125 0.0576172
0 0.205859 0.796094 0.162109 0.234375
0 0.989844 0.0280273 0.0203125 0.0560547
0 0.832617 0.474316 0.334766 0.682617
0 0.219922 0.526172 0.410938 0.757031
0 0.925 0.336328 0.0328125 0.05625
0 0.592188 0.352734 0.63125 0.705469
0 0.95 0.150977 0.065625 0.065625
0 0.7 0.680469 0.0375 0.06875
0 0.668359 0.295508 0.0414063 0.0902344
0 0.263281 0.442188 0.250781 0.25625
0 0.942187 0.0668457 0.115625 0.133691
0 0.525781 0.5625 0.0476562 0.0796875
0 0.9375 0.823438 0.0625 0.0875
0 0.269531 0.802148 0.371094 0.395703
0 0.600391 0.433203 0.157813 0.319531
0 0.613672 0.0438477 0.133594 0.0876953
0 0.613281 0.0386719 0.279687 0.0773438
0 0.673047 0.439941 0.194531 0.348242
0 0.318359 0.836133 0.392969 0.327734
0 0.708594 0.682422 0.071875 0.0617188
0 0.555078 0.961719 0.0414063 0.0765625
0 0.68125 0.587109 0.142969 0.266406
0 0.223047 0.773047 0.084375 0.260156
0 0.160547 0.826367 0.0980469 0.184766
0 0.545703 0.0996094 0.517969 0.199219
0 0.279492 0.499316 0.245703 0.36543
0 0.628125 0.301758 0.0320312 0.0542969
0 0.46875 0.93125 0.228906 0.1375
0 0.218164 0.854297 0.226953 0.291406
0 0.925781 0.346484 0.034375 0.059375
0 0.735547 0.151172 0.528906 0.302344
0 0.707812 0.333398 0.0976562 0.181641
0 0.703906 0.677344 0.05625 0.0796875
0 0.709375 0.101172 0.565625 0.202344
0 0.608594 0.0548706 0.128125 0.0951416
0 0.649609 0.292188 0.0757812 0.0925781
0 0.669141 0.306641 0.0382813 0.06875
0 0.818359 0.879687 0.363281 0.240625
0 0.921875 0.8375 0.0484375 0.046875
0 0.935938 0.162109 0.03125 0.0425781
0 0.867383 0.0250732 0.265234 0.0501465
0 0.210156 0.417969 0.420312 0.829688
0 0.542188 0.573438 0.134375 0.24375
0 0.749219 0.0526367 0.0484375 0.105273
0 0.957031 0.108765 0.065625 0.125439
0 0.400781 0.551172 0.15 0.377344
0 0.801172 0.836133 0.397656 0.327734
0 0.707422 0.573438 0.102344 0.310937
0 0.582422 0.0422363 0.192969 0.0844727
0 0.709375 0.507715 0.103125 0.395508
0 0.626172 0.0518066 0.0820312 0.0729492
0 0.546094 0.95625 0.0578125 0.0875
0 0.152734 0.742969 0.078125 0.332813
0 0.928906 0.34043 0.0390625 0.0871094
0 0.522266 0.552734 0.0523438 0.0960938
0 0.614844 0.0439941 0.0484375 0.0643555
0 0.896875 0.588281 0.034375 0.0585938
0 0.595703 0.346875 0.141406 0.142188
0 0.521094 0.560547 0.0664062 0.107813
0 0.428516 0.258203 0.857031 0.516406
0 0.970313 0.0861328 0.053125 0.166016
0 0.533594 0.553906 0.0375 0.05625
0 0.7 0.639844 0.1125 0.164844
0 0.557031 0.0487793 0.2375 0.0975586
0 0.621875 0.0423828 0.090625 0.0847656
0 0.532422 0.0412109 0.28125 0.0824219
0 0.207813 0.410156 0.0851563 0.371875
0 0.501953 0.914453 0.146875 0.171094
0 0.376563 0.51084 0.185156 0.30332
0 0.909766 0.040332 0.180469 0.0806641
0 0.229248 0.741406 0.121973 0.379688
0 0.529297 0.849219 0.100781 0.298438
0 0.704688 0.296045 0.0953125 0.248535
0 0.910937 0.596875 0.059375 0.0703125
0 0.539062 0.964063 0.06875 0.071875
0 0.109766 0.167773 0.171875 0.335547
0 0.169922 0.741797 0.125 0.421094
0 0.68125 0.0622559 0.234375 0.124512
0 0.923438 0.84375 0.0296875 0.04375
0 0.552344 0.948047 0.0453125 0.103906
0 0.833008 0.553906 0.333984 0.548438
0 0.645703 0.0453125 0.123438 0.090625
0 0.558594 0.940625 0.0375 0.115625
0 0.952344 0 0.0953125 0
0 0.929688 0.35332 0.0375 0.0722656
0 0.703125 0.658594 0.0632813 0.119531
0 0.697266 0.052832 0.163281 0.105664
0 0.714453 0.0372803 0.358594 0.0745605
0 0.560156 0.96875 0.0296875 0.0625
0 0.61875 0.0454102 0.0703125 0.0586914
0 0.980078 0.0367676 0.0398437 0.0735352
0 0.89375 0.578906 0.021875 0.0484375
0 0.63125 0.0245361 0.378125 0.0490723
0 0.921875 0.334766 0.040625 0.0679687
0 0.126367 0.340625 0.100781 0.423438
0 0.153516 0.811719 0.071875 0.204688
0 0.156348 0.825 0.14707 0.223438
0 0.372266 0.88418 0.192969 0.231641
0 0.935156 0.165625 0.0359375 0.05625
0 0.846484 0.908594 0.307031 0.182812
0 0.769922 0.0711426 0.0882813 0.142285
0 0.145898 0.875781 0.0847656 0.0765625
0 0.357227 0.518359 0.213672 0.367188
0 0.514844 0.607031 0.178125 0.315625
0 0.267383 0.770703 0.196875 0.294531
0 0.984375 0.0447266 0.03125 0.0894531
0 0.885938 0.0484375 0.228125 0.096875
0 0.390234 0.924219 0.169531 0.151562
0 0.0716309 0.657031 0.0428711 0.0976562
0 0.360156 0.147363 0.720313 0.294727
0 0.174023 0.548828 0.135156 0.440625
0 0.674219 0.288672 0.0359375 0.115625
0 0.703906 0.682031 0.053125 0.0578125
0 0.7125 0.495313 0.0359375 0.0765625
0 0.697656 0.684375 0.0320312 0.05625
0 0.399609 0.465723 0.14375 0.198242
0 0.671875 0.300781 0.0296875 0.0757812
0 0.286914 0.681641 0.151562 0.219531
0 0.648438 0.0456055 0.084375 0.075
0 0.701563 0.485156 0.0609375 0.128125
0 0.10957 0.562109 0.195703 0.421094
0 0.540625 0.528906 0.13125 0.159375
0 0.676172 0.344531 0.182031 0.185938
0 0.928906 0.845313 0.040625 0.05
0 0.145801 0.553906 0.174805 0.4375
0 0.407715 0.932813 0.133008 0.134375
0 0.760938 0.0505371 0.053125 0.101074
0 0.133496 0.250391 0.106836 0.455469
0 0.53125 0.190234 0.24375 0.203516
0 0.662891 0.291406 0.0414063 0.1
0 0.970313 0.117773 0.059375 0.235547
0 0.199268 0.604297 0.136621 0.391406
0 0.975 0.0833008 0.034375 0.166602
0 0.206055 0.857227 0.385547 0.285547
0 0.601562 0.313477 0.09375 0.0757812
0 0.566406 0.414453 0.189063 0.275781
0 0.152734 0.406152 0.0738281 0.40332
0 0.146484 0.824414 0.292969 0.351172
0 0.876367 0.932422 0.247266 0.135156
0 0.330469 0.796875 0.257031 0.251563
0 0.224561 0.432422 0.129004 0.316406
0 0.917188 0.832812 0.046875 0.0625
0 0.621875 0.299609 0.05 0.05
0 0.927344 0.81875 0.05625 0.0875
0 0.191602 0.660937 0.383203 0.55625
0 0.212305 0.551953 0.424609 0.896094
0 0.885547 0.0761719 0.228906 0.152344
0 0.707031 0.473047 0.0507812 0.100781
0 0.716016 0.48125 0.0289063 0.0484375
0 0.322656 0.494922 0.25625 0.34375
0 0.9125 0.607031 0.0546875 0.0695313
0 0.360742 0.918359 0.223047 0.163281
0 0.909375 0.838281 0.065625 0.0546875
0 0.155176 0.724609 0.310352 0.460156
0 0.532813 0.560938 0.0578125 0.06875
0 0.967188 0.032666 0.065625 0.065332
0 0.754687 0.0283936 0.390625 0.0567871
0 0.605469 0.0425781 0.04375 0.0720703
0 0.546875 0.287109 0.90625 0.574219
0 0.619141 0.0673828 0.0960938 0.116797
0 0.964063 0.119238 0.059375 0.131445
0 0.946875 0.125293 0.0703125 0.106445
0 0.516406 0.604297 0.125 0.309375
0 0.522656 0.967969 0.11875 0.0640625
0 0.717578 0.653906 0.0875 0.139063
0 0.946875 0.829688 0.078125 0.05625
0 0.11377 0.202734 0.204883 0.382812
0 0.236328 0.492578 0.163281 0.363281
0 0.945312 0.161621 0.059375 0.0783203
0 0.277344 0.827344 0.121875 0.2125
0 0.980859 0.050293 0.0382813 0.100586
0 0.144043 0.0892578 0.197461 0.178516
0 0.595703 0.477344 0.0710938 0.0695313
0 0.633594 0.0553711 0.0992187 0.105078
0 0.12832 0.742188 0.0871094 0.340625
0 0.934375 0.170605 0.028125 0.0462891
0 0.632031 0.0464722 0.065625 0.0564697
0 0.205469 0.423047 0.410938 0.846094
0 0.140723 0.40625 0.263867 0.8125
0 0.64375 0.593359 0.4375 0.588281
0 0.325 0.653516 0.45 0.692969
0 0.355078 0.69375 0.504687 0.6125
0 0.57041 0.649219 0.393555 0.701563
0 0.237109 0.65 0.474219 0.7
0 0.204297 0.686719 0.408594 0.626563
0 0.345508 0.773438 0.513672 0.453125
0 0.49375 0.700391 0.541406 0.599219
0 0.408594 0.671484 0.538281 0.657031
0 0.329492 0.753125 0.517578 0.479688
0 0.22207 0.705078 0.327734 0.432031
0 0.133301 0.0863281 0.181836 0.172656
0 0.273438 0.699219 0.503906 0.601562
0 0.415625 0.705859 0.604688 0.511719
0 0.549219 0.970703 0.05 0.0585938
0 0.690625 0.516406 0.553125 0.438281
0 0.263281 0.390625 0.475 0.78125
0 0.186719 0.658496 0.333594 0.664258
0 0.711328 0.649219 0.553906 0.701563
0 0.371094 0.799219 0.422656 0.401563
0 0.546875 0.955469 0.0609375 0.0890625
0 0.497754 0.749414 0.318555 0.501172
0 0.502344 0.930469 0.140625 0.139063
0 0.125098 0.266211 0.250195 0.532422
0 0.172266 0.0787109 0.106641 0.157422
0 0.203174 0.753906 0.327246 0.3375
0 0.469922 0.805664 0.228906 0.388672
0 0.465723 0.868555 0.229492 0.262891
0 0.68125 0.639844 0.142188 0.14375
0 0.545703 0.970313 0.0742188 0.059375
0 0.119238 0.156738 0.206055 0.249023
0 0.553125 0.960938 0.040625 0.078125
0 0.278906 0.807031 0.557813 0.385938
0 0.535156 0.933594 0.0820312 0.132812
0 0.562891 0.739648 0.399219 0.520703
0 0.744531 0.364453 0.040625 0.0585938
0 0.736719 0.341602 0.0523438 0.0871094
0 0.205273 0.84375 0.208594 0.135937
0 0.113281 0.0608398 0.11582 0.0505859
0 0.707031 0.641406 0.1 0.139844
0 0.9125 0.433594 0.03125 0.046875
0 0.742188 0.351562 0.0453125 0.0742188
0 0.121387 0.12854 0.200195 0.171436
0 0.312109 0.806445 0.473438 0.305859
0 0.222852 0.639063 0.445703 0.684375
0 0.555469 0.9375 0.0484375 0.125
0 0.462891 0.932031 0.227344 0.135937
0 0.742188 0.35918 0.0375 0.105859
0 0.736719 0.319141 0.0609375 0.0632813
0 0.632812 0.308789 0.096875 0.0496094
0 0.404297 0.895312 0.371094 0.209375
0 0.760547 0.44375 0.457031 0.296875
0 0.147363 0.16582 0.142773 0.233594
0 0.907813 0.431641 0.0375 0.0515625
0 0.210889 0.84375 0.144629 0.132812
0 0.737891 0.329688 0.059375 0.0929688
0 0.276172 0.692187 0.184375 0.259375
0 0.150977 0.0818359 0.132031 0.163672
0 0.180859 0.0813477 0.0804688 0.0541016
0 0.528125 0.966797 0.104688 0.0664062
0 0.387891 0.479297 0.160938 0.200781
0 0.146582 0.427734 0.293164 0.855469
0 0.293945 0.402734 0.219922 0.1625
0 0.767969 0.522656 0.464063 0.445312
0 0.179248 0.102148 0.0688477 0.106836
0 0.118945 0.0601563 0.0792969 0.0533203
0 0.0898682 0.0627441 0.110107 0.0499023
0 0.546094 0.942187 0.065625 0.096875
0 0.747656 0.380859 0.0390625 0.1
0 0.5125 0.786523 0.263281 0.426953
0 0.604688 0.362109 0.18125 0.154688
0 0.177734 0.825195 0.142969 0.187109
0 0.525391 0.954297 0.107813 0.0914062
0 0.624609 0.375879 0.192969 0.170117
0 0.296484 0.85918 0.566406 0.281641
0 0.179443 0.469922 0.314551 0.872656
0 0.910937 0.438281 0.04375 0.0546875
0 0.169531 0.209766 0.16875 0.322656
0 0.190674 0.14209 0.0553711 0.0498047
0 0.732813 0.315039 0.0484375 0.0523438
0 0.720313 0.320312 0.090625 0.0707031
0 0.124805 0.0786133 0.190234 0.129102
0 0.0805176 0.118164 0.161035 0.167969
0 0.20332 0.148438 0.0300781 0.0628906
0 0.676562 0.378223 0.18125 0.174805
0 0.200391 0.130664 0.0367188 0.0585938
0 0.166016 0.88125 0.1125 0.0671875
0 0.132227 0.0599609 0.103125 0.0585938
0 0.183252 0.117773 0.0709961 0.0796875
0 0.366797 0.871094 0.439844 0.257812
0 0.20625 0.143555 0.0246094 0.0535156
0 0.291016 0.426563 0.220313 0.25625
0 0.345313 0.667969 0.0390625 0.078125
0 0.717969 0.683984 0.08125 0.0554687
0 0.0974609 0.0677246 0.132617 0.0579102
0 0.315625 0.420996 0.273438 0.211133
0 0.646484 0.316406 0.0882813 0.0554687
0 0.132812 0.325391 0.265625 0.650781
0 0.180908 0.542188 0.184277 0.225
0 0.190674 0.0350586 0.0741211 0.0701172
0 0.797656 0.196875 0.0515625 0.04375
0 0.272998 0.722656 0.200879 0.3625
0 0.687695 0.369336 0.624609 0.738672
0 0.166602 0.073291 0.0722656 0.0561523
0 0.15957 0.884375 0.0832031 0.0625
0 0.916406 0.442188 0.0453125 0.065625
0 0.652344 0.636719 0.217188 0.142188
0 0.685547 0.409375 0.160938 0.240625
0 0.769531 0.455566 0.460938 0.282617
0 0.75 0.390723 0.0328125 0.0873047
0 0.496875 0.828711 0.167969 0.342578
0 0.195117 0.156934 0.0464844 0.0845703
0 0.542188 0.926562 0.071875 0.1125
0 0.521875 0.973437 0.139063 0.053125
0 0.150781 0.831055 0.100781 0.175391
0 0.546094 0.93125 0.0671875 0.1375
0 0.607031 0.43125 0.171875 0.304688
0 0.703906 0.324219 0.0929688 0.0445313
0 0.442188 0.420312 0.0335938 0.075
0 0.342969 0.655469 0.0390625 0.0671875
0 0.150195 0.119336 0.133594 0.238672
0 0.667188 0.324219 0.0453125 0.0476562
0 0.574609 0.754687 0.0601563 0.0859375
0 0.717969 0.654688 0.117188 0.120313
0 0.198437 0.15332 0.0398437 0.0660156
0 0.150586 0.0548706 0.123828 0.0648682
0 0.444141 0.435156 0.0335938 0.078125
0 0.101855 0.111035 0.200586 0.13418
0 0.0494141 0.125586 0.0988281 0.202734
0 0.654688 0.417578 0.232813 0.267188
0 0.584766 0.750781 0.0398437 0.078125
0 0.202734 0.148828 0.0410156 0.0800781
0 0.17041 0.0857422 0.0982422 0.0673828
0 0.65 0.316211 0.0734375 0.0449219
0 0.376953 0.497656 0.189844 0.270313
0 0.986719 0.0175293 0.0265625 0.0350586
0 0.141797 0.0665039 0.119922 0.0839844
0 0.736719 0.354297 0.059375 0.10625
0 0.3375 0.439941 0.257812 0.148242
0 0.991016 0.0171875 0.0179687 0.034375
0 0.174609 0.0767334 0.0347656 0.0469238
0 0.525 0.933594 0.133594 0.13125
0 0.797656 0.202734 0.0640625 0.053125
0 0.721094 0.338672 0.0984375 0.107031
0 0.373633 0.929688 0.0425781 0.065625
0 0.714844 0.333203 0.129688 0.100781
0 0.79375 0.475 0.4125 0.214062
0 0.725 0.672656 0.0945313 0.0796875
0 0.579297 0.372266 0.21875 0.176563
0 0.242383 0.846875 0.111328 0.126563
0 0.725 0.313281 0.0726563 0.0554687
0 0.15918 0.0738281 0.116406 0.0757812
0 0.173438 0.0802734 0.0519531 0.0533203
0 0.187549 0.111108 0.0647461 0.106689
0 0.349609 0.468066 0.238281 0.238867
0 0.316016 0.884375 0.130469 0.14375
0 0.523438 0.959375 0.142188 0.078125
0 0.439063 0.412109 0.034375 0.0632813
0 0.340234 0.651953 0.0367188 0.05
0 0.173047 0.0605957 0.0414063 0.0592773
0 0.372656 0.45459 0.190625 0.17207
0 0.402734 0.506152 0.141406 0.308008
0 0.642188 0.317969 0.125 0.0609375
0 0.907813 0.429688 0.028125 0.046875
0 0.189502 0.0419922 0.0897461 0.0839844
0 0.322852 0.910937 0.132422 0.1625
0 0.550781 0.488281 0.0359375 0.053125
0 0.675 0.5875 0.0570313 0.065625
0 0.751953 0.467187 0.0328125 0.0609375
0 0.252734 0.8125 0.06875 0.05625
0 0.925 0.457031 0.0625 0.0960938
0 0.223242 0.80625 0.355078 0.253125
0 0.280859 0.66875 0.166406 0.195312
0 0.717969 0.69375 0.071875 0.0453125
0 0.189844 0.497656 0.379688 0.9125
0 0.184424 0.0827148 0.0741211 0.155664
0 0.0980713 0.0799805 0.133154 0.0976562
0 0.337109 0.652344 0.0570313 0.0796875
0 0.983594 0.0218506 0.0328125 0.0437012
0 0.18125 0.111328 0.0941406 0.103906
0 0.308984 0.884375 0.175 0.182812
0 0.196924 0.806055 0.181152 0.203516
0 0.104688 0.0482422 0.209375 0.0964844
0 0.0808594 0.15 0.161719 0.250781
0 0.627734 0.558984 0.416406 0.347656
0 0.731641 0.667578 0.0640625 0.0710938
0 0.662891 0.327344 0.0578125 0.0859375
0 0.361719 0.930469 0.0648438 0.0671875
0 0.552344 0.950781 0.0703125 0.0984375
0 0.123853 0.0775391 0.105029 0.0960938
0 0.677344 0.594141 0.0625 0.0859375
0 0.0960938 0.276172 0.150586 0.178906
0 0.441406 0.439844 0.0390625 0.115625
0 0.179492 0.8875 0.124609 0.059375
0 0.179492 0.0423706 0.121875 0.0765869
0 0.170898 0.0972412 0.106641 0.0672363
0 0.3125 0.484375 0.254688 0.301563
0 0.537891 0.848828 0.0835937 0.302344
0 0.423828 0.432031 0.0765625 0.10625
0 0.106152 0.0836914 0.190039 0.100195
0 0.507031 0.862305 0.129688 0.275391
0 0.201563 0.121289 0.046875 0.109766
0 0.0646973 0.107202 0.129395 0.152002
0 0.258789 0.660937 0.216016 0.259375
0 0.224219 0.859375 0.244141 0.16875
0 0.709375 0.54375 0.128125 0.0875
0 0.182812 0.0857422 0.0632813 0.118164
0 0.585547 0.729688 0.0335938 0.046875
0 0.0335938 0.153223 0.0671875 0.270117
0 0.171582 0.519531 0.202539 0.315625
0 0.623047 0.303516 0.0539063 0.0460938
0 0.371875 0.944531 0.0578125 0.0984375
0 0.270654 0.405469 0.197754 0.20625
0 0.712695 0.429395 0.574609 0.550586
0 0.43125 0.414844 0.0609375 0.0914062
0 0.733594 0.467187 0.0710938 0.0703125
0 0.179102 0.854688 0.156641 0.15
0 0.560938 0.421094 0.223438 0.310937
0 0.55625 0.999219 0.0640625 0.0015625
0 0.732813 0.492578 0.075 0.0992187
0 0.151562 0.84375 0.164062 0.146875
0 0.414062 0.425 0.107813 0.0953125
0 0.00380859 0.125977 0.00761719 0.251953
0 0.79375 0.191602 0.0484375 0.0457031
0 0.135156 0.294531 0.0824219 0.0976562
0 0.314648 0.358008 0.123047 0.0816406
0 0.10752 0.589844 0.0482422 0.075
0 0.648047 0.342969 0.703906 0.685938
0 0.517188 0.925781 0.1125 0.148438
0 0.750781 0.428125 0.034375 0.104688
0 0.175195 0.0532715 0.0484375 0.0788086
0 0.0714844 0.0703613 0.0962891 0.052832
0 0.710938 0.350977 0.142188 0.131641
0 0.416406 0.412402 0.0976562 0.0767578
0 0.186719 0.0538086 0.0664062 0.107617
0 0.136914 0.28125 0.075 0.0671875
0 0.749219 0.399609 0.0375 0.128125
0 0.128516 0.196094 0.207031 0.323047
0 0.108008 0.596875 0.028125 0.0625
0 0.7 0.382715 0.117969 0.167383
0 0.102832 0.054248 0.0982422 0.0508789
0 0.509375 0.977734 0.176563 0.0445313
0 0.546094 0.483594 0.04375 0.065625
0 0.199023 0.0283203 0.0589844 0.0566406
0 0.792969 0.195752 0.0671875 0.0483398
0 0.295312 0.876563 0.140625 0.142188
0 0.319531 0.617969 0.105469 0.1
0 0.703125 0.614844 0.107813 0.182812
0 0.174805 0.588281 0.349609 0.823438
0 0.156641 0.895312 0.0761719 0.04375
0 0.0858398 0.087793 0.17168 0.12168
0 0.110547 0.589453 0.0351562 0.0679687
0 0.147852 0.903906 0.0691406 0.046875
0 0.175391 0.144727 0.16875 0.214844
0 0.442969 0.444531 0.0414063 0.0859375
0 0.19082 0.137695 0.0589844 0.0691406
0 0.347266 0.672656 0.0671875 0.0953125
0 0.647656 0.329688 0.107813 0.0984375
0 0.434375 0.408984 0.0515625 0.0726563
0 0.253125 0.835938 0.0929688 0.1
0 0.289062 0.903125 0.0632813 0.0625
0 0.708594 0.338281 0.114844 0.0789063
0 0.349414 0.91875 0.105078 0.071875
0 0.0987305 0.332813 0.146289 0.213281
0 0.749219 0.454688 0.0328125 0.0578125
0 0.208008 0.0291748 0.0414063 0.0583496
0 0.639844 0.632812 0.234375 0.203125
0 0.222461 0.45625 0.0746094 0.0578125
0 0.22168 0.396875 0.265625 0.194531
0 0.567187 0.484375 0.071875 0.0625
0 0.118164 0.0656738 0.236328 0.131348
0 0.240576 0.722656 0.196973 0.378125
0 0.338672 0.642188 0.0453125 0.0539063
0 0.528516 0.901563 0.121875 0.071875
0 0.399902 0.840625 0.281445 0.31875
0 0.158398 0.0452026 0.119141 0.0713135
0 0.621484 0.320312 0.113281 0.0695313
0 0.283203 0.867188 0.209375 0.146875
0 0.762891 0.520703 0.474219 0.332813
0 0.796875 0.191797 0.034375 0.04375
0 0.307031 0.730078 0.129688 0.299219
0 0.262842 0.43584 0.177441 0.286133
0 0.752344 0.452734 0.0328125 0.0695313
0 0.301563 0.625 0.16875 0.110937
0 0.408594 0.948438 0.11875 0.103125
0 0.330078 0.617188 0.0632813 0.100781
0 0.742969 0.394141 0.040625 0.149219
0 0.305078 0.885938 0.0984375 0.08125
0 0.631641 0.307031 0.0742188 0.0414063
0 0.215234 0.867188 0.158594 0.06875
0 0.411816 0.948047 0.216992 0.103906
0 0.414844 0.396191 0.0914062 0.0576172
0 0.187891 0.0238281 0.0804688 0.0476562
0 0.704297 0.694531 0.0460938 0.0421875
0 0.495313 0.584375 0.157813 0.3
0 0.224023 0.464063 0.08125 0.078125
0 0.107227 0.454785 0.169922 0.187305
0 0.645312 0.594531 0.235938 0.23125
0 0.711719 0.298242 0.0921875 0.162109
0 0.192578 0.575098 0.385156 0.71543
0 0.170996 0.451562 0.341992 0.903125
0 0.351953 0.771875 0.460938 0.440625
0 0.68125 0.630859 0.159375 0.157813
0 0.182324 0.637891 0.364648 0.622656
0 0.734375 0.335156 0.06875 0.116406
0 0.814844 0.721094 0.370313 0.496875
0 0.295312 0.643066 0.590625 0.64043
0 0.425 0.363281 0.658594 0.726562
0 0.35 0.652734 0.446094 0.649219
0 0.144824 0.0526367 0.161914 0.105273
0 0.152539 0.433594 0.305078 0.867188
0 0.255078 0.766406 0.296094 0.353125
0 0.552734 0.965625 0.0476562 0.06875
0 0.207422 0.603906 0.414844 0.704688
0 0.671875 0.755859 0.65625 0.488281
0 0.131738 0.364844 0.263477 0.729688
0 0.739844 0.354688 0.0546875 0.1
0 0.732813 0.633203 0.190625 0.149219
0 0.836719 0.215039 0.326562 0.407422
0 0.533203 0.266211 0.41875 0.509766
0 0.186426 0.643359 0.372852 0.591406
0 0.770312 0.611328 0.239063 0.19375
0 0.705859 0.326758 0.1125 0.181641
0 0.724219 0.671094 0.078125 0.084375
0 0.659375 0.525 0.214062 0.154688
0 0.137207 0.067627 0.170508 0.135254
0 0.703125 0.35918 0.127344 0.255078
0 0.554688 0.932813 0.0484375 0.134375
0 0.508594 0.770898 0.720313 0.458203
0 0.723047 0.649219 0.08125 0.128125
0 0.363477 0.861719 0.441016 0.276563
0 0.727344 0.314063 0.0765625 0.140625
0 0.375 0.815625 0.402344 0.36875
0 0.193359 0.538281 0.386719 0.923438
0 0.139941 0.106055 0.16543 0.212109
0 0.181641 0.514063 0.363281 0.971875
0 0.317969 0.873438 0.139063 0.14375
0 0.658594 0.503906 0.2125 0.103906
0 0.83418 0.307422 0.331641 0.613281
0 0.553906 0.939844 0.0390625 0.117188
0 0.694141 0.210547 0.611719 0.421094
0 0.480469 0.93125 0.185156 0.1375
0 0.691406 0.511328 0.146875 0.111719
0 0.771875 0.576563 0.25625 0.284375
0 0.174707 0.0546387 0.106836 0.109277
0 0.539844 0.928125 0.0671875 0.134375
0 0.642969 0.672656 0.236719 0.242188
0 0.629687 0.635938 0.271875 0.173438
0 0.654688 0.579688 0.223438 0.26875
0 0.548438 0.478125 0.0398437 0.0671875
0 0.674609 0.609375 0.18125 0.196875
0 0.392188 0.841406 0.246094 0.25625
0 0.521875 0.700781 0.146875 0.171875
0 0.682813 0.399609 0.170313 0.304688
0 0.553125 0.957812 0.0390625 0.075
0 0.432031 0.846875 0.159375 0.25625
0 0.693359 0.534766 0.142188 0.158594
0 0.221875 0.783594 0.203125 0.285938
0 0.232422 0.599219 0.404687 0.801562
0 0.417871 0.849219 0.317383 0.301563
0 0.694141 0.580469 0.139844 0.257812
0 0.283203 0.677344 0.160156 0.215625
0 0.735156 0.301953 0.140625 0.182812
0 0.598047 0.403223 0.328125 0.38418
0 0.715234 0.678516 0.0648438 0.0703125
0 0.17583 0.8125 0.131152 0.217188
0 0.567187 0.478809 0.364063 0.47207
0 0.712891 0.644531 0.096875 0.148438
0 0.723828 0.755469 0.196094 0.128125
0 0.171289 0.853125 0.114063 0.129688
0 0.640234 0.511719 0.267969 0.11875
0 0.304492 0.659375 0.300391 0.68125
0 0.164941 0.871875 0.0978516 0.078125
0 0.78457 0.769141 0.430859 0.461719
0 0.277344 0.748438 0.185156 0.335938
0 0.739453 0.499219 0.521094 0.596875
0 0.662109 0.39375 0.421094 0.361719
0 0.437109 0.642578 0.621875 0.677344
0 0.917188 0.104785 0.165625 0.20957
0 0.161523 0.0713379 0.114844 0.142676
0 0.55791 0.739844 0.50918 0.517188
0 0.546484 0.954688 0.0609375 0.0875
0 0.630469 0.635547 0.448438 0.278906
0 0.240234 0.814258 0.266406 0.230859
0 0.277344 0.456152 0.207813 0.281445
0 0.213672 0.63252 0.427344 0.734961
0 0.3 0.857813 0.172656 0.178125
0 0.712109 0.290625 0.084375 0.11875
0 0.200586 0.0521484 0.321484 0.104297
0 0.486719 0.7 0.221875 0.170313
0 0.710156 0.402344 0.545313 0.399219
0 0.456641 0.857617 0.15625 0.281641
0 0.923828 0.0524902 0.152344 0.10498
0 0.217773 0.511719 0.0945313 0.164062
0 0.261377 0.696484 0.205371 0.241406
0 0.400098 0.891797 0.351367 0.216406
0 0.547656 0.920313 0.05625 0.109375
0 0.367578 0.391016 0.185156 0.152344
0 0.746875 0.361523 0.0359375 0.0808594
0 0.634766 0.555469 0.291406 0.214062
0 0.24707 0.736719 0.228516 0.36875
0 0.509375 0.493359 0.482812 0.55
0 0.293945 0.817187 0.587891 0.365625
0 0.722656 0.795508 0.198437 0.202734
0 0.710156 0.527344 0.107813 0.06875
0 0.679688 0.335352 0.164062 0.245703
0 0.650781 0.496094 0.0484375 0.0875
0 0.717188 0.378906 0.0960938 0.278125
0 0.27207 0.300781 0.174609 0.195312
0 0.776367 0.499609 0.287891 0.161719
0 0.30625 0.87207 0.553125 0.255859
0 0.551562 0.483594 0.053125 0.0773438
0 0.659375 0.376172 0.209375 0.296094
0 0.2875 0.557031 0.207031 0.26875
0 0.903125 0.078125 0.19375 0.15625
0 0.328516 0.63125 0.0679687 0.09375
0 0.671875 0.685156 0.18125 0.310937
0 0.723437 0.517969 0.0859375 0.08125
0 0.686328 0.298633 0.113281 0.163672
0 0.514844 0.93125 0.108594 0.1375
0 0.6125 0.626172 0.4 0.198437
0 0.210156 0.82207 0.195703 0.190234
0 0.491016 0.636719 0.194531 0.217188
0 0.672656 0.60625 0.059375 0.120313
0 0.245703 0.433594 0.375781 0.867188
0 0.201563 0.782813 0.342187 0.325
0 0.775 0.649219 0.195312 0.213281
0 0.582812 0.067334 0.265625 0.123535
0 0.821289 0.414844 0.357422 0.410938
0 0.709375 0.278906 0.0453125 0.121094
0 0.550781 0.0814209 0.198437 0.153174
0 0.2125 0.0535156 0.217969 0.107031
0 0.775 0.304102 0.189063 0.176172
0 0.697266 0.428027 0.139844 0.26582
0 0.276758 0.630469 0.172266 0.15
0 0.719922 0.710156 0.202344 0.201563
0 0.745313 0.330078 0.06875 0.127344
0 0.378906 0.42334 0.171875 0.217383
0 0.241406 0.676562 0.482812 0.646875
0 0.278125 0.607422 0.165625 0.289062
0 0.201953 0.446094 0.403906 0.892188
0 0.91875 0.0405273 0.1625 0.0810547
0 0.448828 0.475391 0.625781 0.625781
0 0.326758 0.357422 0.0816406 0.0820312
0 0.274805 0.345313 0.180469 0.275781
0 0.800391 0.622656 0.399219 0.204688
0 0.32168 0.622656 0.0867188 0.104688
0 0.75625 0.670313 0.129688 0.198437
0 0.435254 0.955469 0.274805 0.0890625
0 0.686719 0.617188 0.0671875 0.146875
0 0.719531 0.657813 0.16875 0.203906
0 0.688281 0.682813 0.134375 0.273438
0 0.564844 0.480859 0.075 0.065625
0 0.672266 0.582812 0.0546875 0.0640625
0 0.710156 0.312109 0.0914062 0.114063
0 0.168164 0.823242 0.112109 0.172266
0 0.57334 0.610156 0.411133 0.298438
0 0.744531 0.366602 0.053125 0.103516
0 0.197656 0.746875 0.170703 0.342187
0 0.575391 0.200342 0.357812 0.396191
0 0.880664 0.571484 0.238672 0.220313
0 0.846875 0.4 0.30625 0.61875
0 0.516406 0.0740234 0.260938 0.143945
0 0.705469 0.674219 0.075 0.0828125
0 0.857617 0.101733 0.241016 0.187158
0 0.70625 0.624609 0.100781 0.147656
0 0.336328 0.6375 0.053125 0.084375
0 0.548047 0.814648 0.603906 0.370703
0 0.927344 0.639063 0.145313 0.314063
0 0.70625 0.465527 0.125 0.19082
0 0.920313 0.147656 0.159375 0.260156
0 0.621094 0.49375 0.101562 0.0898438
0 0.703125 0.651563 0.0835937 0.126563
0 0.607813 0.495313 0.178125 0.09375
0 0.690625 0.282031 0.0578125 0.129688
0 0.644531 0.416309 0.264062 0.264258
0 0.851562 0.497266 0.19375 0.179688
0 0.186914 0.0447754 0.0734375 0.0895508
0 0.68125 0.295312 0.040625 0.0945313
0 0.941406 0.318164 0.117188 0.291016
0 0.772656 0.273877 0.192188 0.262402
0 0.702734 0.219531 0.594531 0.439063
0 0.778125 0.676172 0.145313 0.224219
0 0.917188 0.928125 0.165625 0.14375
0 0.871289 0.0387207 0.257422 0.0774414
0 0.442578 0.633594 0.260938 0.232813
0 0.900391 0.61875 0.199219 0.265625
0 0.59375 0.4875 0.0671875 0.0796875
0 0.141772 0.150586 0.157861 0.301172
0 0.873828 0.131641 0.252344 0.248047
0 0.949219 0.791406 0.101562 0.289062
0 0.738672 0.35293 0.0757812 0.112109
0 0.11416 0.0737793 0.22832 0.147559
0 0.874219 0.534375 0.251563 0.253125
0 0.677344 0.592969 0.0679687 0.1
0 0.814844 0.50166 0.370313 0.599805
0 0.679297 0.576563 0.0664062 0.0578125
0 0.941016 0.269922 0.117969 0.269531
0 0.244727 0.816016 0.489453 0.367969
0 0.920313 0.201514 0.159375 0.186035
0 0.575391 0.482812 0.0609375 0.0671875
0 0.783594 0.23833 0.21875 0.325684
0 0.660156 0.646875 0.396875 0.157813
0 0.586719 0.513281 0.154688 0.132812
0 0.678125 0.313672 0.028125 0.071875
0 0.354102 0.882812 0.150391 0.153125
0 0.657813 0.551953 0.496875 0.746094
0 0.5625 0.492188 0.0703125 0.0921875
0 0.781055 0.330273 0.206641 0.173047
0 0.752344 0.372266 0.0296875 0.0828125
0 0.727344 0.502344 0.0796875 0.110937
0 0.134766 0.046875 0.269531 0.09375
0 0.292578 0.665625 0.135156 0.176563
0 0.935938 0.220264 0.128125 0.250098
0 0.701563 0.275195 0.0609375 0.133203
0 0.277734 0.393848 0.185938 0.16543
0 0.536035 0.591016 0.451367 0.510156
0 0.643359 0.824219 0.163281 0.21875
0 0.808594 0.486719 0.260938 0.15625
0 0.662109 0.496875 0.0703125 0.0859375
0 0.714063 0.638672 0.0921875 0.104688
0 0.399219 0.298438 0.798438 0.596875
0 0.95625 0.678125 0.0875 0.290625
0 0.223828 0.44375 0.0960938 0.315625
0 0.15752 0.8625 0.0830078 0.110937
0 0.757812 0.499609 0.257812 0.117969
0 0.55 0.528906 0.0953125 0.167187
0 0.728125 0.527344 0.0734375 0.0679687
0 0.63125 0.4875 0.217188 0.0765625
0 0.953516 0.735938 0.0929688 0.25625
0 0.772852 0.889063 0.454297 0.221875
0 0.482812 0.752344 0.053125 0.06875
0 0.883594 0.238672 0.232813 0.194922
0 0.826758 0.620703 0.143359 0.322656
0 0.594141 0.250195 0.300781 0.477734
0 0.381641 0.46416 0.167187 0.237305
0 0.170313 0.765625 0.154688 0.31875
0 0.967188 0.75625 0.065625 0.4875
0 0.710938 0.292969 0.0578125 0.145313
0 0.706641 0.545703 0.110156 0.0960938
0 0.903906 0.0268066 0.192188 0.0536133
0 0.477344 0.769531 0.08125 0.10625
0 0.582812 0.539062 0.189063 0.18125
0 0.575 0.493359 0.071875 0.0929688
0 0.548438 0.130078 0.204688 0.233594
0 0.544531 0.472656 0.0273438 0.0554687
0 0.119238 0.197266 0.238477 0.394531
0 0.652344 0.520703 0.0515625 0.0640625
0 0.940625 0.66875 0.11875 0.28125
0 0.810156 0.938281 0.379688 0.123438
0 0.791992 0.714063 0.0535156 0.121875
0 0.172266 0.18208 0.185156 0.272559
0 0.857617 0.157031 0.228516 0.279687
0 0.290039 0.623047 0.144531 0.107031
0 0.730469 0.658594 0.071875 0.0828125
0 0.477344 0.759375 0.0671875 0.078125
0 0.66875 0.592969 0.0546875 0.0882813
0 0.164648 0.885156 0.0953125 0.065625
0 0.932813 0.805469 0.134375 0.254688
0 0.255859 0.429297 0.155469 0.346875
0 0.872656 0.620313 0.254688 0.33125
0 0.117773 0.20918 0.235547 0.418359
0 0.539453 0.478516 0.0578125 0.0875
0 0.201563 0.373633 0.403125 0.747266
0 0.787695 0.728906 0.0652344 0.107813
0 0.796094 0.696875 0.0484375 0.14375
0 0.752344 0.388281 0.0390625 0.117188
0 0.885742 0.193018 0.228516 0.193652
0 0.69375 0.537891 0.107813 0.0867188
0 0.525781 0.642969 0.129688 0.223438
0 0.264111 0.640625 0.19834 0.2375
0 0.146777 0.782813 0.195508 0.2875
0 0.532031 0.675 0.135937 0.167187
0 0.114746 0.105371 0.229492 0.210742
0 0.876953 0.204102 0.246094 0.257031
0 0.764063 0.696094 0.110937 0.182812
0 0.297656 0.795508 0.177344 0.312109
0 0.655469 0.509375 0.05625 0.065625
0 0.819531 0.718359 0.175 0.341406
0 0.967188 0.690625 0.065625 0.251563
0 0.908594 0.575781 0.182812 0.199219
0 0.339844 0.373828 0.0585938 0.0820312
0 0.671484 0.5375 0.0914062 0.0890625
0 0.4375 0.937891 0.301563 0.124219
0 0.921484 0.294922 0.157031 0.233594
0 0.921875 0.25293 0.15625 0.212109
0 0.685156 0.323047 0.046875 0.103906
0 0.654688 0.53125 0.0710938 0.0921875
0 0.225 0.275 0.096875 0.155469
0 0.265186 0.0598145 0.258691 0.119629
0 0.832812 0.272461 0.25625 0.264453
0 0.501563 0.801562 0.190625 0.296875
0 0.538281 0.541797 0.11875 0.189844
0 0.177148 0.31875 0.190234 0.253125
0 0.817969 0.611719 0.2 0.35
0 0.938672 0.902344 0.122656 0.195312
0 0.689844 0.560156 0.0765625 0.059375
0 0.625 0.830078 0.75 0.339844
0 0.263086 0.400781 0.447266 0.801562
0 0.254883 0.766406 0.262109 0.467187
0 0.225928 0.388281 0.309082 0.776563
0 0.689063 0.445703 0.173438 0.442969
0 0.726172 0.332813 0.071875 0.117188
0 0.12168 0.121875 0.238672 0.24375
0 0.201367 0.0431152 0.0398437 0.0862305
0 0.689063 0.316797 0.175 0.633594
0 0.269189 0.708594 0.212402 0.582812
0 0.324609 0.885938 0.125 0.134375
0 0.126465 0.0967041 0.18457 0.176904
0 0.161035 0.291602 0.200586 0.580859
0 0.268164 0.566406 0.218359 0.373437
0 0.204297 0.0765625 0.0488281 0.153125
0 0.268018 0.638672 0.216309 0.427344
0 0.708984 0.335938 0.102344 0.129688
0 0.215625 0.507812 0.107422 0.15625
0 0.736719 0.349805 0.04375 0.102734
0 0.280078 0.616016 0.228906 0.680469
0 0.175977 0.383984 0.202734 0.767969
0 0.258789 0.808203 0.274609 0.383594
0 0.197217 0.0871094 0.0594727 0.174219
0 0.110449 0.154297 0.220898 0.308594
0 0.199805 0.0387695 0.0503906 0.0775391
0 0.275586 0.560156 0.303516 0.353125
0 0.730859 0.364844 0.0742188 0.185156
0 0.744531 0.351953 0.0359375 0.0898438
0 0.169629 0.0907227 0.0986328 0.172461
0 0.138965 0.343164 0.201758 0.686328
0 0.310547 0.529297 0.513281 0.475781
0 0.332813 0.430469 0.385156 0.723437
0 0.302734 0.442188 0.291406 0.640625
0 0.735547 0.444922 0.105469 0.43125
0 0.353906 0.781641 0.182031 0.436719
0 0.708594 0.417871 0.117188 0.289258
0 0.69375 0.292969 0.120313 0.209375
0 0.730469 0.416309 0.078125 0.30332
0 0.162891 0.879687 0.107813 0.0671875
0 0.150195 0.108203 0.132812 0.202344
0 0.30293 0.773047 0.288672 0.419531
0 0.207373 0.465625 0.112598 0.0953125
0 0.172461 0.0439941 0.108984 0.0879883
0 0.279102 0.9 0.0449219 0.059375
0 0.2875 0.674219 0.139844 0.189063
0 0.733203 0.335742 0.046875 0.109766
0 0.276953 0.896094 0.0367188 0.0484375
0 0.195264 0.282422 0.143848 0.561719
0 0.742969 0.345313 0.0460938 0.1
0 0.196289 0.058252 0.0421875 0.0760742
0 0.269189 0.846094 0.245215 0.307813
0 0.187109 0.0515137 0.0753906 0.103027
0 0.152734 0.150977 0.128125 0.301953
0 0.176563 0.458203 0.169531 0.133594
0 0.275391 0.890625 0.0445313 0.06875
0 0.227734 0.520703 0.103125 0.173438
0 0.748438 0.359375 0.0335938 0.0757812
0 0.552344 0.970313 0.0390625 0.059375
0 0.428125 0.891016 0.294531 0.217969
0 0.556641 0.939453 0.0484375 0.121094
0 0.184814 0.493359 0.161621 0.158594
0 0.282227 0.898438 0.0367188 0.046875
0 0.208203 0.0374756 0.0375 0.0749512
0 0.173535 0.421973 0.164258 0.16543
0 0.202344 0.871875 0.0613281 0.06875
0 0.521094 0.946094 0.110937 0.107813
0 0.549219 0.955469 0.0429688 0.0890625
0 0.272266 0.558594 0.188281 0.254688
0 0.191846 0.0666504 0.0772461 0.133301
0 0.291211 0.711328 0.234766 0.508594
0 0.328125 0.705469 0.138281 0.570312
0 0.366406 0.93125 0.0367188 0.06875
0 0.192236 0.0678711 0.0452148 0.0630859
0 0.338672 0.649219 0.0382813 0.0640625
0 0.278516 0.892188 0.0304688 0.059375
0 0.703125 0.653125 0.11875 0.126563
0 0.0820801 0.281055 0.16416 0.562109
0 0.707812 0.689063 0.053125 0.05
0 0.219336 0.478906 0.0949219 0.117188
0 0.191797 0.0552246 0.0597656 0.110449
0 0.17207 0.860938 0.11875 0.103125
0 0.291406 0.640625 0.139844 0.182812
0 0.218555 0.393652 0.0964844 0.220508
0 0.734766 0.336328 0.108594 0.576563
0 0.176172 0.383691 0.180859 0.232617
0 0.692969 0.361133 0.1375 0.162891
0 0.335938 0.624219 0.0554687 0.123438
0 0.690234 0.402246 0.146094 0.242383
0 0.1875 0.133984 0.132422 0.267969
0 0.20293 0.525 0.128125 0.1875
0 0.200586 0.0506836 0.0371094 0.0664062
0 0.200195 0.879687 0.0402344 0.05625
0 0.499609 0.944531 0.149219 0.110937
0 0.352344 0.770312 0.410156 0.434375
0 0.345703 0.652344 0.0308594 0.0484375
0 0.361719 0.925 0.05625 0.0828125
0 0.115039 0.164941 0.230078 0.329883
0 0.724219 0.311719 0.0460938 0.101562
0 0.717969 0.302539 0.078125 0.194922
0 0.366016 0.489453 0.292969 0.533594
0 0.406641 0.793555 0.310937 0.403516
0 0.178955 0.871094 0.102246 0.078125
0 0.676953 0.339648 0.114844 0.127734
0 0.164648 0.0545898 0.128125 0.10918
0 0.532031 0.925 0.0921875 0.146875
0 0.721094 0.657813 0.0921875 0.117188
0 0.193945 0.354688 0.142969 0.280469
0 0.35293 0.573047 0.161328 0.399219
0 0.696094 0.637109 0.134375 0.1625
0 0.209375 0.875 0.0429688 0.05625
0 0.170508 0.157031 0.105469 0.314063
0 0.20957 0.882812 0.059375 0.05
0 0.549219 0.946875 0.053125 0.10625
0 0.31582 0.870313 0.110937 0.10625
0 0.341797 0.657031 0.0320312 0.0578125
0 0.216748 0.353125 0.103223 0.274219
0 0.153516 0.892188 0.0785156 0.053125
0 0.265625 0.884375 0.113281 0.146875
0 0.174707 0.835938 0.130664 0.15
0 0.163867 0.885938 0.0886719 0.05625
0 0.285938 0.903125 0.0382813 0.059375
0 0.710938 0.30625 0.0796875 0.101562
0 0.667969 0.27168 0.20625 0.543359
0 0.353516 0.884766 0.158594 0.230469
0 0.542969 0.9375 0.0765625 0.125
0 0.192578 0.0951172 0.160156 0.190234
0 0.698438 0.696094 0.034375 0.0429688
0 0.287891 0.614844 0.148438 0.282813
0 0.713281 0.680469 0.0640625 0.071875
0 0.141113 0.885938 0.0515625 0.059375
0 0.130078 0.896875 0.0257812 0.04375
0 0.721875 0.677344 0.090625 0.078125
0 0.168457 0.114355 0.0935547 0.12207
0 0.208643 0.867188 0.183496 0.11875
0 0.248828 0.860938 0.25625 0.153125
0 0.286719 0.696875 0.164844 0.254688
0 0.174023 0.161621 0.169531 0.30957
0 0.330859 0.903906 0.119531 0.192188
0 0.371875 0.925 0.0367188 0.071875
0 0.198047 0.885938 0.0398437 0.040625
0 0.181055 0.112476 0.0621094 0.126611
0 0.667969 0.321484 0.03125 0.0625
0 0.298438 0.875 0.0726563 0.103125
0 0.557031 0.961719 0.0335938 0.0765625
0 0.720313 0.684375 0.08125 0.0585938
0 0.198437 0.314453 0.132812 0.20625
0 0.192773 0.140234 0.0871094 0.271875
0 0.243359 0.860938 0.0855469 0.08125
0 0.201953 0.0273926 0.0421875 0.0547852
0 0.255859 0.871094 0.0859375 0.101562
0 0.304297 0.620313 0.117188 0.121094
0 0.817187 0.700781 0.139063 0.471875
0 0.3375 0.915625 0.107031 0.090625
0 0.295117 0.8875 0.194141 0.225
0 0.673047 0.317578 0.0320312 0.0546875
0 0.198877 0.0292725 0.0608398 0.0585449
0 0.703125 0.259961 0.0945313 0.283203
0 0.187109 0.483984 0.034375 0.0523438
0 0.267969 0.898438 0.084375 0.179688
0 0.210156 0.0271973 0.0351562 0.0543945
0 0.188281 0.0774414 0.05 0.0730469
0 0.15293 0.877344 0.0738281 0.075
0 0.192139 0.475 0.0454102 0.05625
0 0.509375 0.923438 0.132031 0.153125
0 0.466406 0.721875 0.284375 0.46875
0 0.689063 0.325391 0.08125 0.0976562
0 0.191846 0.863281 0.0772461 0.0796875
0 0.247461 0.283594 0.0375 0.0734375
0 0.676562 0.312891 0.04375 0.075
0 0.534375 0.886719 0.107813 0.226562
0 0.208984 0.164844 0.236719 0.329688
0 0.229297 0.457031 0.0550781 0.0851563
0 0.245898 0.8875 0.118359 0.096875
0 0.233203 0.514844 0.0878906 0.104688
0 0.160742 0.437402 0.139453 0.131445
0 0.199023 0.271875 0.130078 0.195703
0 0.634766 0.344141 0.121094 0.128125
0 0.222266 0.301758 0.0898438 0.158203
0 0.187939 0.885938 0.0530273 0.0515625
0 0.213086 0.878125 0.0628906 0.065625
0 0.185107 0.496094 0.156348 0.232031
0 0.219922 0.266992 0.0921875 0.124219
0 0.142676 0.146094 0.154102 0.219922
0 0.283203 0.875 0.0421875 0.09375
0 0.109766 0.482715 0.219531 0.601758
0 0.0663086 0.523828 0.132617 0.498437
0 0.703906 0.205859 0.0390625 0.0898438
0 0.162793 0.875 0.114258 0.0921875
0 0.251367 0.16543 0.198047 0.330859
0 0.0914062 0.355078 0.182812 0.710156
0 0.162402 0.0838867 0.125977 0.167773
0 0.199414 0.472656 0.0511719 0.0625
0 0.676953 0.108594 0.224219 0.217188
0 0.176563 0.464844 0.0648438 0.0898438
0 0.18457 0.475 0.0515625 0.0625
0 0.217188 0.866406 0.028125 0.065625
0 0.249268 0.252344 0.150684 0.501563
0 0.218359 0.508594 0.0992187 0.115625
0 0.8875 0.126074 0.203125 0.252148
0 0.3625 0.898438 0.18125 0.203125
0 0.179346 0.484375 0.0342773 0.0546875
0 0.178467 0.0949219 0.0719727 0.0962891
0 0.260156 0.859375 0.289062 0.28125
0 0.717969 0.296875 0.0617188 0.096875
0 0.730469 0.317383 0.0484375 0.0964844
0 0.753906 0.351758 0.04375 0.0949219
0 0.700391 0.298828 0.0804688 0.0953125
0 0.381152 0.141406 0.186133 0.282813
0 0.351172 0.201367 0.198437 0.402734
0 0.215283 0.0772461 0.0827148 0.154492
0 0.634766 0.11123 0.219531 0.222461
0 0.820508 0.129297 0.212109 0.258594
0 0.550781 0.928125 0.0578125 0.140625
0 0.203857 0.169434 0.122754 0.338867
0 0.974219 0.786914 0.0515625 0.426172
0 0.766406 0.142383 0.159375 0.284766
0 0.314648 0.605078 0.090625 0.0992187
0 0.173438 0.320312 0.189063 0.207813
0 0.9 0.274414 0.2 0.548828
0 0.327148 0.339258 0.0289063 0.046875
0 0.183203 0.842969 0.09375 0.126563
0 0.552344 0.9 0.040625 0.0875
0 0.287891 0.741406 0.170313 0.35625
0 0.224219 0.460938 0.0730469 0.0796875
0 0.269336 0.872656 0.0574219 0.084375
0 0.288086 0.56875 0.149219 0.220313
0 0.174219 0.481641 0.0488281 0.0804688
0 0.176367 0.279248 0.184375 0.221973
0 0.482031 0.954688 0.170313 0.090625
0 0.244141 0.292969 0.0367188 0.0835937
0 0.436816 0.676172 0.24043 0.489844
0 0.235156 0.485547 0.111719 0.182031
0 0.201563 0.135547 0.0273438 0.0570313
0 0.190234 0.102832 0.0496094 0.117969
0 0.242188 0.367188 0.122656 0.2625
0 0.527344 0.965625 0.0984375 0.06875
0 0.446973 0.418848 0.231055 0.37793
0 0.307813 0.167871 0.219531 0.335742
0 0.759375 0.642969 0.182812 0.485938
0 0.214453 0.548438 0.125 0.273438
0 0.187109 0.452344 0.0855469 0.107813
0 0.344336 0.641797 0.0421875 0.0648438
0 0.324609 0.616016 0.0671875 0.116406
0 0.353906 0.839063 0.0300781 0.040625
0 0.211523 0.864062 0.0445313 0.06875
0 0.23457 0.857813 0.0644531 0.075
0 0.684375 0.684375 0.0796875 0.075
0 0.23457 0.344141 0.0941406 0.271094
0 0.513281 0.761328 0.198437 0.477344
0 0.660937 0.317773 0.05 0.0671875
0 0.546875 0.934375 0.0421875 0.0953125
0 0.062793 0.22207 0.125586 0.444141
0 0.286328 0.353516 0.239063 0.707031
0 0.232813 0.300391 0.0894531 0.194531
0 0.189844 0.546875 0.148438 0.2
0 0.31875 0.853125 0.108594 0.084375
0 0.335938 0.320703 0.2375 0.641406
0 0.214062 0.470703 0.0742188 0.0726563
0 0.208594 0.0141602 0.0296875 0.0283203
0 0.550781 0.917188 0.034375 0.05
0 0.175 0.224561 0.185547 0.249316
0 0.528125 0.134375 0.203906 0.26875
0 0.20625 0.462891 0.084375 0.0828125
0 0.547656 0.913281 0.04375 0.08125
0 0.909375 0.10791 0.18125 0.21582
0 0.538281 0.971094 0.08125 0.0578125
0 0.193164 0.818945 0.139844 0.177734
0 0.21875 0.749219 0.025 0.04375
0 0.580469 0.120801 0.213281 0.241602
0 0.918359 0.328516 0.163281 0.453906
0 0.553906 0.904688 0.03125 0.0796875
0 0.678906 0.841602 0.173438 0.316797
0 0.480078 0.816406 0.19375 0.367188
0 0.324219 0.342578 0.0382813 0.05
0 0.914062 0.00860596 0.123438 0.0172119
0 0.0374268 0.636719 0.0748535 0.478125
0 0.181299 0.0665039 0.0795898 0.113477
0 0.945312 0.713281 0.109375 0.503125
0 0.921094 0.768945 0.157813 0.462109
0 0.242578 0.442578 0.0273438 0.0585938
0 0.95625 0.0955078 0.0875 0.191016
0 0.204297 0.0178711 0.0480469 0.0357422
0 0.714063 0.111328 0.223438 0.222656
0 0.864062 0.0083374 0.125 0.0166748
0 0.839063 0.00836182 0.121875 0.0167236
0 0.889844 0.00859375 0.125 0.0171875
0 0.361133 0.926562 0.0457031 0.065625
0 0.937891 0.00899658 0.124219 0.0179932
0 0.316016 0.589844 0.05 0.0734375
0 0.716406 0.228125 0.170313 0.45625
0 0.949219 0.621094 0.101562 0.528125
0 0.610156 0.841406 0.185938 0.317188
0 0.107617 0.28125 0.0496094 0.0742188
0 0.814063 0.00849609 0.121875 0.0169922
0 0.424219 0.14209 0.204688 0.28418
0 0.336328 0.652344 0.0484375 0.0796875
0 0.096875 0.281641 0.0353516 0.0578125
0 0.291016 0.896875 0.0492188 0.0671875
0 0.477344 0.14082 0.201563 0.281641
0 0.246484 0.812695 0.492969 0.374609
0 0.789844 0.00856934 0.121875 0.0171387
0 0.212891 0.803906 0.170313 0.20625
0 0.206055 0.835156 0.185547 0.154688
0 0.166113 0.114063 0.10957 0.228125
0 0.229687 0.847656 0.229687 0.145313
0 0.535156 0.934766 0.0882813 0.130469
0 0.134766 0.305078 0.269531 0.610156
0 0.295312 0.641406 0.128125 0.114063
0 0.698047 0.294727 0.105469 0.169922
0 0.317188 0.423438 0.271875 0.25
0 0.183008 0.501172 0.199609 0.196094
0 0.288477 0.44375 0.219922 0.289062
0 0.160742 0.136133 0.125391 0.208594
0 0.14873 0.621875 0.297461 0.592188
0 0.440625 0.619141 0.309375 0.361719
0 0.198047 0.867188 0.184375 0.109375
0 0.22207 0.508594 0.0996094 0.175
0 0.129004 0.135645 0.197461 0.218555
0 0.175195 0.15625 0.156641 0.241016
0 0.146875 0.107422 0.148438 0.214844
0 0.18208 0.117188 0.116309 0.234375
0 0.241797 0.457031 0.119531 0.277344
0 0.262939 0.793945 0.245996 0.243359
0 0.867188 0.416016 0.265625 0.389062
0 0.149023 0.463672 0.298047 0.342969
0 0.554688 0.932031 0.104688 0.135937
0 0.714844 0.30957 0.1 0.185547
0 0.267236 0.767578 0.303027 0.313281
0 0.260889 0.733203 0.367285 0.386719
0 0.176953 0.847656 0.228125 0.142188
0 0.280078 0.598437 0.158594 0.16875
0 0.151953 0.889063 0.303906 0.071875
0 0.175781 0.810156 0.238281 0.204688
0 0.281055 0.626563 0.149219 0.110937
0 0.632031 0.134375 0.375 0.26875
0 0.457031 0.822656 0.240625 0.3375
0 0.729688 0.29668 0.11875 0.196484
0 0.276953 0.381641 0.185938 0.169531
0 0.306641 0.628125 0.102344 0.121094
0 0.236523 0.445703 0.172266 0.305469
0 0.359375 0.389062 0.208594 0.184375
0 0.257812 0.113184 0.467187 0.226367
0 0.669141 0.861523 0.360156 0.276953
0 0.22168 0.44209 0.246875 0.30332
0 0.504297 0.926562 0.141406 0.134375
0 0.149512 0.491016 0.250977 0.219531
0 0.112305 0.194531 0.224609 0.389062
0 0.176953 0.176953 0.192969 0.259375
0 0.89375 0.112305 0.2125 0.224609
0 0.279687 0.513672 0.175781 0.322656
0 0.243311 0.851367 0.300098 0.159766
0 0.191846 0.8875 0.18584 0.078125
0 0.260156 0.728125 0.227734 0.371875
0 0.21792 0.282861 0.143848 0.276465
0 0.226562 0.8625 0.10625 0.078125
0 0.11084 0.150098 0.22168 0.267383
0 0.237109 0.555469 0.0992187 0.096875
0 0.206836 0.300781 0.179297 0.2125
0 0.157031 0.876563 0.289453 0.09375
0 0.778906 0.861719 0.442188 0.276563
0 0.299609 0.800195 0.400781 0.227734
0 0.153516 0.529297 0.307031 0.352344
0 0.178516 0.292383 0.203125 0.340234
0 0.237109 0.838281 0.110156 0.13125
0 0.19668 0.150391 0.139453 0.2625
0 0.27832 0.415234 0.186328 0.239844
0 0.325586 0.910937 0.143359 0.08125
0 0.119629 0.100366 0.191211 0.173486
0 0.711719 0.139453 0.342187 0.278906
0 0.189063 0.294922 0.378125 0.589844
0 0.225391 0.744531 0.154688 0.320312
0 0.232813 0.403516 0.25 0.217969
0 0.298828 0.896875 0.08125 0.0703125
0 0.705469 0.271094 0.06875 0.124609
0 0.71875 0.335156 0.0929688 0.167187
0 0.225781 0.498047 0.0742188 0.157031
0 0.163184 0.389941 0.326367 0.451367
0 0.178516 0.457422 0.192969 0.204688
0 0.860352 0.239795 0.279297 0.318066
0 0.300586 0.37207 0.125391 0.119922
0 0.85 0.139453 0.195312 0.06875
0 0.216992 0.271289 0.133984 0.390234
0 0.322266 0.895312 0.142188 0.075
0 0.496875 0.678125 0.0914062 0.0585938
0 0.288672 0.895312 0.0542969 0.06875
0 0.425 0.779688 0.30625 0.345313
0 0.180664 0.415234 0.209375 0.266406
0 0.703125 0.636719 0.126563 0.111719
0 0.284375 0.851562 0.213281 0.15
0 0.248828 0.752344 0.107813 0.123438
0 0.285352 0.857031 0.313672 0.285938
0 0.15918 0.890625 0.0996094 0.0578125
0 0.178711 0.871875 0.103125 0.071875
0 0.902734 0.0418945 0.194531 0.0837891
0 0.217578 0.481641 0.084375 0.124219
0 0.682813 0.294922 0.155469 0.166406
0 0.248438 0.461035 0.45 0.387305
0 0.293359 0.658594 0.133594 0.1
0 0.281055 0.8875 0.0460938 0.0796875
0 0.188867 0.314063 0.227734 0.245312
0 0.441406 0.679688 0.0890625 0.05
0 0.271094 0.879687 0.0773438 0.0953125
0 0.232031 0.514844 0.135937 0.176563
0 0.404297 0.678125 0.0726563 0.0484375
0 0.228125 0.75 0.075 0.107813
0 0.878516 0.655469 0.242969 0.432813
0 0.17168 0.115137 0.0871094 0.14707
0 0.695312 0.622656 0.15 0.116406
0 0.524219 0.678125 0.0984375 0.0625
0 0.265039 0.567187 0.187109 0.157813
0 0.269141 0.358984 0.173438 0.1375
0 0.4625 0.679297 0.103125 0.0539063
0 0.0708496 0.126465 0.141699 0.25293
0 0.193799 0.870313 0.0819336 0.06875
0 0.281445 0.638672 0.163281 0.192188
0 0.704688 0.326562 0.125 0.178906
0 0.279297 0.369922 0.138281 0.130469
0 0.629687 0.527734 0.096875 0.0625
0 0.545703 0.915625 0.0601563 0.10625
0 0.441016 0.655469 0.0890625 0.0578125
0 0.20542 0.205859 0.137598 0.357031
0 0.325586 0.648047 0.071875 0.075
0 0.707031 0.814844 0.4375 0.370313
0 0.247461 0.865625 0.0992187 0.09375
0 0.163086 0.886719 0.282813 0.226562
0 0.304688 0.882812 0.09375 0.1
0 0.444922 0.701563 0.298438 0.304688
0 0.626953 0.50625 0.10625 0.059375
0 0.753906 0.294922 0.16875 0.199219
0 0.614062 0.554297 0.0703125 0.0585938
0 0.710938 0.65 0.104688 0.0921875
0 0.5 0.655469 0.0953125 0.059375
0 0.397266 0.444141 0.139844 0.0859375
0 0.515625 0.654688 0.08125 0.0609375
0 0.533203 0.911719 0.0851563 0.1
0 0.391797 0.423828 0.148438 0.110937
0 0.216748 0.871094 0.104004 0.0609375
0 0.263086 0.670313 0.203516 0.246875
0 0.244922 0.503516 0.096875 0.158594
0 0.458496 0.447656 0.262695 0.0664062
0 0.330078 0.651563 0.185156 0.0648438
0 0.672656 0.6375 0.184375 0.0953125
0 0.35332 0.957812 0.0707031 0.059375
0 0.628906 0.554688 0.090625 0.0609375
0 0.540625 0.655469 0.0828125 0.0609375
0 0.715234 0.272656 0.06875 0.135937
0 0.545313 0.482812 0.107813 0.05
0 0.727734 0.321875 0.0976562 0.215625
0 0.312891 0.358984 0.0984375 0.0898438
0 0.464063 0.655469 0.0976562 0.0578125
0 0.461719 0.732031 0.0734375 0.0648438
0 0.56875 0.655469 0.0765625 0.0609375
0 0.857031 0.870898 0.285938 0.258203
0 0.171289 0.878125 0.126172 0.0625
0 0.844922 0.926953 0.310156 0.146094
0 0.608203 0.579297 0.0703125 0.0632813
0 0.567187 0.630469 0.0859375 0.0625
0 0.168164 0.896875 0.183984 0.05625
0 0.569141 0.579688 0.0929688 0.0640625
0 0.448438 0.191992 0.395313 0.383984
0 0.301953 0.703125 0.486719 0.448438
0 0.525 0.453125 0.11875 0.0585938
0 0.295703 0.663672 0.149609 0.075
0 0.621094 0.480469 0.128125 0.05625
0 0.24375 0.884375 0.301563 0.23125
0 0.577344 0.114453 0.3625 0.228906
0 0.880078 0.168262 0.239844 0.263867
0 0.564844 0.604688 0.09375 0.0625
0 0.671484 0.620313 0.184375 0.102344
0 0.13877 0.8125 0.204102 0.215625
0 0.457422 0.736719 0.292969 0.410938
0 0.697656 0.903125 0.415625 0.19375
0 0.543359 0.555469 0.124219 0.059375
0 0.251563 0.854688 0.102344 0.140625
0 0.152051 0.876563 0.0880859 0.08125
0 0.214648 0.116406 0.180078 0.232813
0 0.727344 0.3375 0.0640625 0.132812
0 0.336328 0.648438 0.0496094 0.06875
0 0.314844 0.657031 0.120313 0.08125
0 0.584375 0.457813 0.090625 0.05
0 0.578125 0.554688 0.0890625 0.059375
0 0.685547 0.269141 0.0773438 0.119531
0 0.494141 0.480469 0.197656 0.0484375
0 0.598437 0.630078 0.0703125 0.0648438
0 0.861328 0.730469 0.277344 0.3125
0 0.691406 0.283984 0.1 0.107422
0 0.349609 0.676562 0.120313 0.0484375
0 0.540234 0.677734 0.0835937 0.0632813
0 0.6 0.603906 0.0734375 0.0625
0 0.517578 0.629687 0.104688 0.0578125
0 0.635938 0.457422 0.104688 0.0570313
0 0.554688 0.53125 0.129688 0.0570313
0 0.585156 0.252148 0.303125 0.277734
0 0.675781 0.351562 0.185938 0.114063
0 0.133789 0.877344 0.267578 0.245312
0 0.5375 0.629687 0.0953125 0.0609375
0 0.302539 0.396094 0.133984 0.155469
0 0.714844 0.259961 0.11875 0.261328
0 0.392969 0.652734 0.0867188 0.0617188
0 0.446094 0.732031 0.078125 0.0625
0 0.489844 0.732031 0.08125 0.0671875
0 0.236133 0.155469 0.216016 0.271094
0 0.577344 0.434766 0.071875 0.0484375
0 0.596094 0.653906 0.071875 0.0625
0 0.322656 0.903125 0.114844 0.0640625
0 0.626953 0.579297 0.100781 0.065625
0 0.515625 0.510938 0.110937 0.05
0 0.205664 0.378125 0.236328 0.196094
0 0.598437 0.507031 0.0890625 0.0539063
0 0.489844 0.631641 0.110937 0.053125
0 0.627344 0.629687 0.129688 0.0765625
0 0.833203 0.273096 0.333594 0.253027
0 0.0867188 0.494629 0.173438 0.324805
0 0.544141 0.509375 0.121094 0.0515625
0 0.304492 0.529688 0.231641 0.289062
0 0.260938 0.371094 0.126563 0.159375
0 0.316602 0.889063 0.108203 0.084375
0 0.273486 0.835156 0.29209 0.189063
0 0.237891 0.488281 0.0765625 0.139063
0 0.144336 0.885156 0.0847656 0.071875
0 0.535156 0.580469 0.110937 0.0609375
0 0.534375 0.605469 0.103125 0.0609375
0 0.663281 0.671094 0.103125 0.0703125
0 0.577344 0.9125 0.139063 0.175
0 0.697656 0.277002 0.11875 0.237402
0 0.332617 0.639844 0.05625 0.084375
0 0.122876 0.4875 0.180029 0.210938
0 0.589063 0.529688 0.0851563 0.0585938
0 0.15957 0.885938 0.131641 0.059375
0 0.230273 0.772656 0.0882813 0.159375
0 0.489063 0.960938 0.165625 0.078125
0 0.287109 0.879687 0.06875 0.101562
0 0.171289 0.619531 0.342578 0.584375
0 0.60625 0.457813 0.11875 0.0554687
0 0.428906 0.734375 0.0734375 0.0578125
0 0.856641 0.802344 0.286719 0.395313
0 0.144824 0.360156 0.285742 0.428125
0 0.546875 0.932813 0.059375 0.134375
0 0.26543 0.595703 0.196484 0.211719
0 0.122852 0.858594 0.245703 0.13125
0 0.584766 0.433984 0.122656 0.05
0 0.365234 0.951563 0.126563 0.071875
0 0.626563 0.65 0.114063 0.071875
0 0.483594 0.828906 0.154688 0.0609375
0 0.883594 0.294189 0.232813 0.292871
0 0.324805 0.628906 0.071875 0.110156
0 0.271875 0.884375 0.0359375 0.0734375
0 0.620703 0.602344 0.122656 0.06875
0 0.35625 0.385156 0.360938 0.260156
0 0.703906 0.289844 0.0828125 0.120313
0 0.497266 0.111328 0.434375 0.222656
0 0.182227 0.0929688 0.0910156 0.135547
0 0.714844 0.298438 0.0695313 0.154688
0 0.600781 0.48125 0.101562 0.05
0 0.111426 0.770312 0.222852 0.309375
0 0.166113 0.86875 0.104102 0.0921875
0 0.65625 0.528125 0.103125 0.065625
0 0.451562 0.75 0.090625 0.0671875
0 0.239844 0.573828 0.108594 0.121094
0 0.405859 0.561719 0.0726563 0.0476562
0 0.501563 0.60625 0.123438 0.05625
0 0.465234 0.632812 0.0992187 0.0515625
0 0.842578 0.538672 0.314844 0.434375
0 0.17334 0.110742 0.0783203 0.221484
0 0.445703 0.974219 0.110937 0.0515625
0 0.245312 0.328516 0.140234 0.220313
0 0.403125 0.428223 0.108594 0.118555
0 0.17207 0.759375 0.228906 0.275
0 0.186133 0.228711 0.115234 0.135156
0 0.719531 0.210107 0.134375 0.37666
0 0.600781 0.678906 0.071875 0.059375
0 0.578125 0.508594 0.120313 0.0515625
0 0.514063 0.555859 0.123438 0.0578125
0 0.4375 0.608984 0.0773438 0.0460938
0 0.428223 0.124414 0.318555 0.248828
0 0.666406 0.458984 0.110937 0.0585938
0 0.330859 0.921875 0.123438 0.06875
0 0.514453 0.580859 0.128906 0.0578125
0 0.515625 0.53125 0.114063 0.0578125
0 0.624219 0.435547 0.128125 0.0523438
0 0.226172 0.464844 0.0757812 0.153125
0 0.399609 0.583594 0.0695313 0.040625
0 0.453906 0.830469 0.0828125 0.0515625
0 0.466406 0.608594 0.108594 0.05
0 0.303906 0.870313 0.171875 0.121875
0 0.216016 0.777344 0.0796875 0.148438
0 0.24375 0.345117 0.4875 0.690234
0 0.65625 0.320898 0.225 0.125391
0 0.436719 0.635156 0.078125 0.0515625
0 0.466406 0.582422 0.11875 0.0507812
0 0.128516 0.0635254 0.175781 0.127051
0 0.299023 0.636719 0.203516 0.0851563
0 0.569531 0.678125 0.0765625 0.0625
0 0.216016 0.751563 0.0753906 0.1
0 0.430078 0.752734 0.0757812 0.0601563
0 0.487109 0.582031 0.133594 0.053125
0 0.633594 0.410156 0.14375 0.053125
0 0.484375 0.94375 0.170313 0.0859375
0 0.251563 0.363867 0.0921875 0.155859
0 0.236328 0.299219 0.132812 0.210156
0 0.110449 0.919141 0.220898 0.161719
0 0.371484 0.756641 0.483594 0.441406
0 0.306201 0.565234 0.275879 0.599219
0 0.242773 0.742188 0.248438 0.390625
0 0.273633 0.579688 0.222266 0.68125
0 0.308789 0.755469 0.513672 0.489063
0 0.658594 0.471484 0.239063 0.507812
0 0.336328 0.597754 0.364844 0.635742
0 0.569141 0.4625 0.414844 0.528125
0 0.539941 0.534375 0.454492 0.589063
0 0.17998 0.733594 0.359961 0.396875
0 0.475 0.639746 0.596875 0.562695
0 0.675781 0.7375 0.370313 0.353125
0 0.133496 0.251953 0.260742 0.503906
0 0.364453 0.666406 0.49375 0.667188
0 0.370898 0.526953 0.421484 0.447656
0 0.449121 0.914844 0.267383 0.170313
0 0.361719 0.838281 0.436719 0.323438
0 0.735156 0.471191 0.140625 0.510742
0 0.433203 0.754297 0.341406 0.491406
0 0.750781 0.472266 0.3625 0.507031
0 0.119141 0.174219 0.238281 0.348438
0 0.153223 0.349023 0.306445 0.698047
0 0.425391 0.824805 0.35625 0.350391
0 0.707812 0.623438 0.1125 0.184375
0 0.172852 0.521094 0.309375 0.60625
0 0.249658 0.747656 0.274902 0.504687
0 0.473047 0.940625 0.199219 0.11875
0 0.134766 0.476953 0.269531 0.725781
0 0.194971 0.280469 0.303027 0.560938
0 0.293408 0.504687 0.336621 0.565625
0 0.541016 0.926172 0.0828125 0.147656
0 0.14043 0.113281 0.176172 0.226562
0 0.413281 0.949219 0.332031 0.101562
0 0.184033 0.895312 0.27959 0.0625
0 0.163379 0.107813 0.112305 0.215625
0 0.715625 0.319336 0.096875 0.211328
0 0.177344 0.890625 0.128906 0.078125
0 0.2 0.374023 0.4 0.748047
0 0.176172 0.613672 0.352344 0.625781
0 0.739062 0.433984 0.078125 0.259375
0 0.206641 0.888281 0.413281 0.0828125
0 0.171387 0.408203 0.320508 0.789844
0 0.334766 0.917188 0.108594 0.103125
0 0.120508 0.860938 0.241016 0.15
0 0.514844 0.948828 0.120313 0.102344
0 0.135547 0.871094 0.271094 0.115625
0 0.710156 0.574219 0.110156 0.270313
0 0.220654 0.878125 0.229004 0.096875
0 0.0980469 0.446875 0.196094 0.557813
0 0.234375 0.4625 0.46875 0.673438
0 0.115918 0.125781 0.231445 0.251563
0 0.218164 0.161426 0.324609 0.322852
0 0.180029 0.895312 0.152441 0.05625
0 0.747656 0.394629 0.05625 0.348242
0 0.557422 0.930469 0.05625 0.139063
0 0.709375 0.644531 0.108594 0.123438
0 0.424219 0.555859 0.614062 0.660156
0 0.390625 0.914062 0.385938 0.171875
0 0.291602 0.915625 0.210547 0.109375
0 0.520312 0.960938 0.10625 0.078125
0 0.550391 0.940625 0.05625 0.11875
0 0.184766 0.112109 0.0839844 0.224219
0 0.71875 0.429297 0.1125 0.258594
0 0.8125 0.397754 0.29375 0.366992
0 0.711719 0.515234 0.125 0.41875
0 0.733594 0.670313 0.059375 0.06875
0 0.657813 0.317578 0.214062 0.230469
0 0.181299 0.878906 0.163184 0.0953125
0 0.369141 0.929688 0.0453125 0.0625
0 0.55 0.967969 0.0570313 0.0640625
0 0.770703 0.30957 0.180469 0.288672
0 0.31875 0.921875 0.153906 0.115625
0 0.83125 0.450391 0.3375 0.350781
0 0.52041 0.692969 0.479492 0.614062
0 0.166309 0.890625 0.106055 0.065625
0 0.553125 0.914062 0.05625 0.121875
0 0.623438 0.767969 0.3875 0.35
0 0.168555 0.180469 0.208203 0.275781
0 0.517188 0.26875 0.485938 0.5375
0 0.741406 0.336523 0.0703125 0.226172
0 0.173145 0.869531 0.11543 0.107813
0 0.734766 0.146484 0.507031 0.292969
0 0.226172 0.898438 0.342969 0.101562
0 0.313086 0.475391 0.280859 0.346094
0 0.141211 0.898438 0.05625 0.0578125
0 0.460156 0.443066 0.482812 0.45918
0 0.209814 0.835938 0.203809 0.189063
0 0.175391 0.851562 0.170313 0.157813
0 0.135937 0.621484 0.271875 0.585156
0 0.579688 0.926562 0.109375 0.146875
0 0.423828 0.890625 0.322656 0.21875
0 0.745703 0.399316 0.0398437 0.220117
0 0.55625 0.922656 0.046875 0.154688
0 0.249609 0.670313 0.223438 0.320312
0 0.23042 0.546094 0.225098 0.592188
0 0.733203 0.314258 0.122656 0.223828
0 0.174512 0.844531 0.120508 0.170313
0 0.157813 0.89375 0.315625 0.078125
0 0.608203 0.662891 0.374219 0.528906
0 0.686328 0.798438 0.425781 0.403125
0 0.135254 0.142188 0.178711 0.219531
0 0.715625 0.382031 0.104688 0.3875
0 0.556348 0.820117 0.49043 0.359766
0 0.555469 0.957422 0.0453125 0.0851563
0 0.514844 0.925 0.128125 0.15
0 0.37666 0.925 0.0763672 0.078125
0 0.746484 0.386328 0.0421875 0.140625
0 0.749219 0.667969 0.034375 0.0578125
0 0.542969 0.971875 0.0625 0.05625
0 0.197656 0.833789 0.395313 0.332422
0 0.167187 0.85918 0.334375 0.281641
0 0.558203 0.953516 0.0664062 0.0929688
0 0.747656 0.357031 0.0367188 0.075
0 0.730859 0.655859 0.0671875 0.0867188
0 0.151074 0.592285 0.292383 0.593555
0 0.161035 0.878125 0.0970703 0.090625
0 0.36875 0.939063 0.040625 0.053125
0 0.174609 0.137109 0.0835937 0.15625
0 0.728516 0.675781 0.0796875 0.071875
0 0.75 0.41875 0.0375 0.226562
0 0.742969 0.666797 0.046875 0.0617188
0 0.334375 0.935938 0.110156 0.0765625
0 0.745703 0.357422 0.0421875 0.107031
0 0.710938 0.345703 0.107813 0.169531
0 0.184961 0.9125 0.177734 0.078125
0 0.682813 0.628516 0.164062 0.175
0 0.311768 0.423828 0.299121 0.328125
0 0.695312 0.317383 0.139844 0.220703
0 0.240625 0.467578 0.45 0.597656
0 0.642969 0.517578 0.265625 0.372656
0 0.322461 0.138184 0.318359 0.276367
0 0.340039 0.671484 0.0527344 0.0992187
0 0.0370605 0.915625 0.0324219 0.05
0 0.296826 0.425781 0.25791 0.417188
0 0.0405273 0.917188 0.0335938 0.059375
0 0.490625 0.816016 0.226562 0.367969
0 0.119531 0.898438 0.239063 0.065625
0 0.184424 0.800781 0.13584 0.254688
0 0.75625 0.440625 0.110937 0.236719
0 0.65625 0.414062 0.234375 0.276563
0 0.715625 0.66875 0.09375 0.0921875
0 0.55625 0.936328 0.5125 0.127344
0 0.676562 0.537891 0.198437 0.346094
0 0.546875 0.93125 0.195312 0.1375
0 0.343555 0.65625 0.0421875 0.0546875
0 0.205518 0.105273 0.101465 0.210547
0 0.645312 0.838086 0.398438 0.323828
0 0.0337891 0.903125 0.0375977 0.075
0 0.18125 0.735156 0.122656 0.3875
0 0.0298706 0.89375 0.041626 0.1
0 0.827734 0.137988 0.344531 0.275977
0 0.482812 0.378027 0.348438 0.50332
0 0.249268 0.425781 0.168652 0.378906
0 0.370117 0.926562 0.0574219 0.071875
0 0.232227 0.123242 0.290234 0.246484
0 0.0441284 0.926562 0.0396729 0.08125
0 0.514453 0.971875 0.120313 0.05625
0 0.683984 0.231445 0.503906 0.462891
0 0.151074 0.898438 0.0724609 0.0625
0 0.271289 0.908594 0.261328 0.1625
0 0.571875 0.936719 0.175 0.126563
0 0.248242 0.871875 0.306641 0.11875
0 0.741406 0.361719 0.04375 0.148438
0 0.223877 0.466406 0.105371 0.303125
0 0.818164 0.135352 0.363672 0.270703
0 0.223779 0.778906 0.218848 0.3
0 0.720313 0.308398 0.065625 0.179297
0 0.201367 0.0577148 0.0527344 0.11543
0 0.328906 0.93125 0.122656 0.1
0 0.16748 0.910937 0.108789 0.08125
0 0.219727 0.527344 0.0992187 0.179688
0 0.748438 0.372656 0.0546875 0.111719
0 0.130273 0.687109 0.260547 0.469531
0 0.13418 0.169922 0.209766 0.252344
0 0.71875 0.646094 0.107031 0.1625
0 0.280664 0.7875 0.561328 0.425
0 0.194727 0.0812988 0.0652344 0.162598
0 0.789062 0.335742 0.164062 0.261328
0 0.139941 0.882812 0.0619141 0.0875
0 0.748047 0.414746 0.0453125 0.298633
0 0.660156 0.925781 0.357812 0.148438
0 0.583594 0.96875 0.0671875 0.0625
0 0.585938 0.86582 0.125 0.268359
0 0.165332 0.900781 0.0998047 0.053125
0 0.747656 0.393359 0.0578125 0.1625
0 0.159766 0.747656 0.141406 0.36875
0 0.446094 0.444531 0.040625 0.0554687
0 0.357812 0.923438 0.0757812 0.084375
0 0.723437 0.296094 0.075 0.239063
0 0.227344 0.372852 0.447656 0.745703
0 0.851562 0.0518066 0.090625 0.0635742
0 0.174609 0.726953 0.30625 0.408594
0 0.844531 0.470703 0.310937 0.546094
0 0.19292 0.0710938 0.0852539 0.142188
0 0.365234 0.940625 0.0460938 0.065625
0 0.741406 0.339063 0.0554687 0.148438
0 0.554688 0.920313 0.11875 0.159375
0 0.167969 0.117578 0.09375 0.127734
0 0.340234 0.658984 0.05 0.071875
0 0.0908936 0.901563 0.149072 0.071875
0 0.746484 0.408203 0.0601563 0.242188
0 0.820898 0.932422 0.358203 0.135156
0 0.341406 0.694531 0.0578125 0.176563
0 0.878906 0.0532349 0.10625 0.0616943
0 0.118262 0.895312 0.211133 0.0859375
0 0.473047 0.0222656 0.295312 0.0445313
0 0.4875 0.919922 0.175 0.160156
0 0.276904 0.461719 0.216504 0.31875
0 0.262891 0.142383 0.347656 0.284766
0 0.102148 0.554688 0.204297 0.528125
0 0.205664 0.0272461 0.046875 0.0544922
0 0.441406 0.0550781 0.120313 0.0615234
0 0.553906 0.828516 0.142188 0.342969
0 0.771094 0.409473 0.096875 0.329492
0 0.714453 0.264258 0.0429688 0.101562
0 0.593359 0.726953 0.025 0.0453125
0 0.392871 0.942969 0.11582 0.114063
0 0.798633 0.421484 0.152734 0.324219
0 0.730469 0.369531 0.06875 0.152344
0 0.308594 0.851562 0.560938 0.296875
0 0.536719 0.925781 0.084375 0.148438
0 0.313281 0.917188 0.1625 0.165625
0 0.377246 0.0502808 0.104883 0.06604
0 0.233936 0.658984 0.236035 0.441406
0 0.225391 0.389453 0.166406 0.392188
0 0.602344 0.825 0.16875 0.35
0 0.205273 0.0413574 0.0449219 0.0827148
0 0.144922 0.816406 0.192188 0.23125
0 0.764063 0.75625 0.460938 0.2625
0 0.378223 0.361914 0.431055 0.480859
0 0.147461 0.928125 0.065625 0.0328125
0 0.626563 0.0444214 0.28125 0.0740479
0 0.332031 0.641406 0.0585938 0.126563
0 0.404785 0.896875 0.423242 0.164062
0 0.283398 0.748438 0.184766 0.40625
0 0.34668 0.934375 0.0777344 0.071875
0 0.648438 0.435156 0.259375 0.358594
0 0.464844 0.0576172 0.105469 0.0550781
0 0.734375 0.335547 0.0546875 0.172656
0 0.251953 0.839844 0.308594 0.196875
0 0.0926758 0.120703 0.185352 0.241406
0 0.348047 0.0497925 0.102344 0.0677979
0 0.402734 0.0522461 0.165625 0.0667969
0 0.785156 0.705469 0.420312 0.382812
0 0.4875 0.85918 0.202344 0.281641
0 0.739453 0.4875 0.0804688 0.378125
0 0.339648 0.7625 0.175391 0.403125
0 0.259961 0.376172 0.188672 0.352344
0 0.220313 0.849609 0.339844 0.300781
0 0.648438 0.610156 0.242188 0.235938
0 0.646094 0.0699219 0.157813 0.0699219
0 0.563281 0.928906 0.05625 0.142188
0 0.182031 0.129785 0.0636719 0.25957
0 0.384277 0.0838867 0.0861328 0.0533203
0 0.372852 0.460254 0.445703 0.362305
0 0.615625 0.0781494 0.090625 0.0558105
0 0.41875 0.437891 0.0914062 0.133594
0 0.114844 0.102539 0.229687 0.205078
0 0.7875 0.439844 0.142188 0.245312
0 0.110156 0.239648 0.220313 0.479297
0 0.391797 0.91875 0.0726563 0.06875
0 0.808008 0.0773193 0.149609 0.0687988
0 0.138477 0.871875 0.0851563 0.1125
0 0.646875 0.826758 0.25625 0.346484
0 0.240234 0.565625 0.104688 0.125
0 0.785937 0.346094 0.11875 0.20625
0 0.486621 0.0307373 0.239258 0.0614746
0 0.533203 0.837695 0.128906 0.324609
0 0.125171 0.89375 0.183643 0.13125
0 0.582031 0.933984 0.0796875 0.132031
0 0.761328 0.814844 0.477344 0.196875
0 0.174121 0.246436 0.212695 0.284473
0 0.59375 0.0820312 0.1 0.0521484
0 0.174902 0.136328 0.0861328 0.242188
0 0.708594 0.264844 0.0578125 0.116406
0 0.370117 0.495996 0.212891 0.35332
0 0.191406 0.0962891 0.0691406 0.192578
0 0.247266 0.285547 0.0515625 0.0914062
0 0.336914 0.0397949 0.236328 0.0795898
0 0.177344 0.344922 0.221094 0.458594
0 0.391016 0.955859 0.464063 0.0882813
0 0.186719 0.109375 0.071875 0.180078
0 0.164062 0.14082 0.107422 0.187109
0 0.354297 0.0859619 0.0867188 0.0565918
0 0.587109 0.240625 0.0460938 0.0875
0 0.550391 0.487891 0.0429688 0.0476562
0 0.125586 0.89375 0.0628906 0.1
0 0.417188 0.0852539 0.122656 0.0638672
0 0.809375 0.470703 0.276563 0.509375
0 0.0455078 0.944531 0.0388672 0.103125
0 0.772656 0.0471802 0.1875 0.0693115
0 0.572656 0.973437 0.1 0.053125
0 0.351562 0.0282227 0.26875 0.0564453
0 0.205127 0.362109 0.249121 0.35
0 0.394141 0.0842041 0.132812 0.0585449
0 0.441016 0.43125 0.046875 0.0890625
0 0.383203 0.112402 0.0820312 0.0679687
0 0.395215 0.969141 0.333008 0.0617188
0 0.423828 0.0232666 0.289844 0.0465332
0 0.396875 0.112305 0.114063 0.0703125
0 0.340625 0.716016 0.497656 0.461719
0 0.262451 0.730078 0.275098 0.405469
0 0.325781 0.640234 0.551562 0.594531
0 0.247656 0.644922 0.367969 0.575781
0 0.165234 0.878125 0.100391 0.084375
0 0.564844 0.480469 0.410938 0.528125
0 0.244531 0.330078 0.448438 0.660156
0 0.319727 0.785937 0.494922 0.428125
0 0.452734 0.810156 0.566406 0.379688
0 0.572656 0.386328 0.376563 0.335156
0 0.533203 0.563281 0.444531 0.578125
0 0.389453 0.447266 0.142969 0.19375
0 0.189111 0.354883 0.320996 0.709766
0 0.422266 0.672266 0.621094 0.639844
0 0.317578 0.79375 0.530469 0.384375
0 0.419434 0.813281 0.323633 0.373437
0 0.714453 0.308984 0.0914062 0.16875
0 0.521875 0.921094 0.114063 0.157813
0 0.147461 0.338477 0.246484 0.676953
0 0.542188 0.929688 0.0625 0.140625
0 0.427344 0.510938 0.676562 0.51875
0 0.546094 0.309375 0.423438 0.452344
0 0.129004 0.250781 0.233398 0.501563
0 0.516797 0.949609 0.138281 0.100781
0 0.529688 0.221289 0.448438 0.442578
0 0.253516 0.488672 0.416406 0.353906
0 0.360938 0.848242 0.440625 0.303516
0 0.654297 0.469922 0.260156 0.49375
0 0.503125 0.928906 0.153125 0.142188
0 0.261719 0.742578 0.216797 0.357031
0 0.179102 0.870313 0.126172 0.0875
0 0.393359 0.90625 0.375781 0.1875
0 0.279492 0.801758 0.322266 0.302734
0 0.19917 0.874219 0.165723 0.0984375
0 0.234375 0.422656 0.46875 0.845313
0 0.496875 0.71875 0.517188 0.5625
0 0.205664 0.839063 0.183203 0.167187
0 0.246484 0.301953 0.439844 0.485156
0 0.542969 0.919531 0.078125 0.160938
0 0.461719 0.522656 0.717188 0.335938
0 0.185986 0.851562 0.147559 0.121875
0 0.322266 0.910937 0.124219 0.1125
0 0.246875 0.388672 0.428906 0.455469
0 0.476562 0.816797 0.210938 0.366406
0 0.113672 0.153516 0.227344 0.307031
0 0.340625 0.655078 0.0398437 0.0539063
0 0.259033 0.679297 0.209277 0.328906
0 0.126758 0.19668 0.208984 0.393359
0 0.536816 0.8 0.449805 0.395313
0 0.170898 0.112305 0.0898438 0.218359
0 0.349219 0.490234 0.214062 0.367188
0 0.669531 0.225586 0.176563 0.308203
0 0.722656 0.288086 0.05 0.224609
0 0.469141 0.925781 0.214844 0.148438
0 0.721094 0.292383 0.0515625 0.162109
0 0.174512 0.86875 0.145508 0.109375
0 0.188086 0.114941 0.071875 0.22207
0 0.624609 0.920313 0.19375 0.159375
0 0.141797 0.891406 0.0539063 0.0609375
0 0.703516 0.269727 0.103125 0.246484
0 0.730469 0.321875 0.0640625 0.197656
0 0.347266 0.654688 0.0328125 0.053125
0 0.549219 0.921875 0.046875 0.15625
0 0.549316 0.341797 0.40918 0.301563
0 0.360156 0.439063 0.205469 0.222656
0 0.340234 0.659375 0.0464844 0.0734375
0 0.158203 0.898438 0.0851563 0.046875
0 0.13916 0.863281 0.169336 0.123438
0 0.497656 0.189844 0.516406 0.379688
0 0.32832 0.614844 0.0664062 0.142188
0 0.675781 0.291797 0.16875 0.199219
0 0.707812 0.647656 0.109375 0.1375
0 0.315039 0.90625 0.198047 0.103125
0 0.150781 0.850781 0.207813 0.151562
0 0.138086 0.898438 0.046875 0.04375
0 0.175732 0.885156 0.110254 0.0515625
0 0.205078 0.692969 0.309375 0.454688
0 0.150781 0.882812 0.0738281 0.08125
0 0.132227 0.897656 0.0339844 0.0421875
0 0.199414 0.607422 0.3375 0.632031
0 0.55 0.901563 0.059375 0.146875
0 0.690625 0.208203 0.128125 0.372656
0 0.311719 0.617578 0.0992187 0.14375
0 0.382129 0.434375 0.15918 0.259375
0 0.214844 0.788281 0.198437 0.276563
0 0.241602 0.609375 0.451953 0.71875
0 0.558984 0.916406 0.102344 0.167187
0 0.159766 0.8875 0.117578 0.0578125
0 0.730469 0.313086 0.0984375 0.181641
0 0.716406 0.275781 0.046875 0.107813
0 0.555859 0.940625 0.0398437 0.11875
0 0.17832 0.10332 0.0699219 0.206641
0 0.335352 0.633203 0.0511719 0.116406
0 0.196045 0.871094 0.116504 0.0734375
0 0.211523 0.158887 0.0964844 0.248242
0 0.746484 0.658984 0.0359375 0.059375
0 0.338281 0.645312 0.0445313 0.078125
0 0.128149 0.871875 0.178076 0.253125
0 0.555469 0.886328 0.0546875 0.227344
0 0.229639 0.705859 0.227441 0.388281
0 0.660156 0.932031 0.253125 0.135937
0 0.670313 0.633984 0.179688 0.170313
0 0.16853 0.213867 0.199658 0.348047
0 0.550391 0.948438 0.0429688 0.103125
0 0.414746 0.939063 0.32832 0.121875
0 0.133105 0.902344 0.0414063 0.0484375
0 0.6875 0.132422 0.0265625 0.0566406
0 0.123145 0.114063 0.18457 0.228125
0 0.410938 0.426953 0.100781 0.110156
0 0.701563 0.639453 0.104688 0.105469
0 0.742578 0.65 0.0476562 0.0703125
0 0.719531 0.639844 0.084375 0.103125
0 0.337305 0.419922 0.226953 0.253125
0 0.753125 0.664062 0.021875 0.0460938
0 0.333984 0.653906 0.0515625 0.0679687
0 0.202344 0.859375 0.149219 0.090625
0 0.702344 0.281445 0.0851563 0.139453
0 0.111719 0.223438 0.223438 0.446875
0 0.254688 0.420312 0.423438 0.236719
0 0.528125 0.90625 0.0953125 0.13125
0 0.222266 0.139844 0.0980469 0.225
0 0.654688 0.272461 0.210938 0.216016
0 0.871094 0.170703 0.257812 0.341406
0 0.517969 0.956641 0.107813 0.0867188
0 0.172656 0.830469 0.148438 0.190625
0 0.331055 0.93125 0.109766 0.075
0 0.339258 0.898438 0.0964844 0.145313
0 0.510547 0.917969 0.139844 0.164062
0 0.223828 0.867188 0.168359 0.10625
0 0.670313 0.189063 0.134375 0.289453
0 0.289453 0.486719 0.217969 0.385938
0 0.575781 0.910937 0.145313 0.178125
0 0.445312 0.891406 0.257812 0.217188
0 0.178125 0.291846 0.203906 0.399121
0 0.446094 0.445703 0.034375 0.0554687
0 0.710547 0.271875 0.0609375 0.122656
0 0.7375 0.645312 0.0515625 0.0875
0 0.292969 0.416406 0.226562 0.24375
0 0.73125 0.308594 0.0515625 0.2375
0 0.5125 0.967188 0.128125 0.065625
0 0.605469 0.958984 0.470313 0.0820312
0 0.728906 0.675 0.0765625 0.078125
0 0.173535 0.108887 0.0787109 0.151758
0 0.171289 0.828125 0.108594 0.18125
0 0.735938 0.321094 0.0453125 0.165625
0 0.196143 0.885156 0.0717773 0.0453125
0 0.43125 0.150977 0.025 0.0375
0 0.714063 0.262109 0.040625 0.090625
0 0.323438 0.910937 0.160156 0.071875
0 0.233398 0.853125 0.166406 0.15
0 0.134473 0.889063 0.0443359 0.06875
0 0.740625 0.672266 0.0492188 0.0820312
0 0.377246 0.513965 0.201758 0.345508
0 0.544531 0.925 0.134375 0.15
0 0.7 0.386719 0.15 0.328125
0 0.589844 0.814844 0.278125 0.370313
0 0.441016 0.451562 0.0523438 0.0703125
0 0.362109 0.182227 0.475781 0.364453
0 0.00512695 0.900781 0.0102539 0.198437
0 0.198242 0.885938 0.0503906 0.0421875
0 0.339063 0.665625 0.0554687 0.104688
0 0.553906 0.960156 0.0390625 0.0796875
0 0.553906 0.892969 0.0359375 0.214062
0 0.350391 0.664844 0.0492188 0.075
0 0.226123 0.800781 0.343066 0.25625
0 0.560156 0.957812 0.0304688 0.084375
0 0.698047 0.617188 0.0671875 0.05625
0 0.00549316 0.214258 0.0109863 0.307422
0 0.186914 0.12041 0.0589844 0.24082
0 0.849805 0.886719 0.300391 0.226562
0 0.714063 0.616797 0.0726563 0.0523438
0 0.143164 0.16875 0.183203 0.3375
0 0.713281 0.344141 0.0953125 0.163281
0 0.678906 0.411621 0.192188 0.336133
0 0.251514 0.853125 0.262598 0.284375
0 0.749219 0.664453 0.028125 0.0539063
0 0.746875 0.296875 0.135937 0.207813
0 0.440625 0.441016 0.0421875 0.06875
0 0.733594 0.635938 0.0570313 0.0703125
0 0.343555 0.664453 0.0398437 0.0976562
0 0.436328 0.410938 0.660156 0.5625
0 0.814063 0.460059 0.310937 0.47832
0 0.221143 0.873438 0.152246 0.06875
0 0.689063 0.126953 0.025 0.0402344
0 0.640234 0.167578 0.507031 0.335156
0 0.727344 0.624219 0.0359375 0.0453125
0 0.689063 0.143164 0.03125 0.0699219
0 0.707812 0.315625 0.105469 0.264062
0 0.188232 0.0929688 0.0711914 0.185938
0 0.704688 0.606641 0.0226563 0.034375
0 0.230273 0.571875 0.112891 0.1375
0 0.141504 0.86875 0.0787109 0.103125
0 0.247266 0.613672 0.228125 0.335156
0 0.852344 0.170508 0.295312 0.341016
0 0.350195 0.65625 0.0621094 0.0828125
0 0.278711 0.522754 0.165234 0.32168
0 0.431641 0.430859 0.059375 0.114844
0 0.710938 0.252148 0.0328125 0.0785156
0 0.164453 0.121191 0.124219 0.242383
0 0.685156 0.139844 0.0476562 0.0769531
0 0.191016 0.128613 0.0445313 0.257227
0 0.374414 0.471094 0.130078 0.192188
0 0.699609 0.629687 0.121094 0.170313
0 0.345898 0.490234 0.289453 0.294531
0 0.710938 0.255078 0.0515625 0.0949219
0 0.00557861 0.291016 0.0111572 0.328125
0 0.467871 0.866797 0.217383 0.266406
0 0.682031 0.212305 0.115625 0.241797
0 0.618359 0.0462402 0.040625 0.0524414
0 0.166309 0.842188 0.136133 0.140625
0 0.55 0.927344 0.225 0.145313
0 0.210498 0.86582 0.215723 0.268359
0 0.121851 0.857813 0.125049 0.134375
0 0.70625 0.304102 0.0890625 0.127734
0 0.00515137 0.535937 0.0103027 0.298438
0 0.660937 0.15625 0.129688 0.3125
0 0.582031 0.82832 0.179688 0.343359
0 0.426953 0.539062 0.2125 0.332813
0 0.00554199 0.153906 0.011084 0.307813
0 0.704688 0.466797 0.140625 0.428906
0 0.739062 0.341016 0.040625 0.167187
0 0.504687 0.800391 0.1625 0.399219
0 0.516406 0.896094 0.126563 0.207813
0 0.375 0.929688 0.028125 0.059375
0 0.219531 0.101953 0.0882813 0.203906
0 0.362695 0.490625 0.105078 0.163281
0 0.360938 0.93125 0.0546875 0.065625
0 0.648828 0.392578 0.238281 0.349219
0 0.44834 0.908594 0.542383 0.182812
0 0.702734 0.583594 0.0257812 0.05625
0 0.716406 0.618359 0.0484375 0.0539063
0 0.214258 0.179883 0.108984 0.343359
0 0.857422 0.823438 0.285156 0.353125
0 0.430469 0.451562 0.06875 0.084375
0 0.00527344 0.48125 0.0105469 0.320312
0 0.541406 0.882812 0.078125 0.15625
0 0.724609 0.385547 0.0992187 0.280469
0 0.742578 0.326562 0.034375 0.14375
0 0.139941 0.0974609 0.167383 0.194922
0 0.00494385 0.587109 0.0098877 0.2875
0 0.648438 0.59375 0.223438 0.259375
0 0.400391 0.423535 0.139063 0.124805
0 0.231982 0.0921875 0.133691 0.184375
0 0.676172 0.291406 0.028125 0.108594
0 0.43125 0.145703 0.028125 0.0425781
0 0.128906 0.892969 0.0648438 0.090625
0 0.5625 0.955078 0.059375 0.0898438
0 0.00565186 0.380859 0.0113037 0.35625
0 0.685938 0.468359 0.189063 0.35625
0 0.711719 0.319141 0.103125 0.125
0 0.101245 0.296094 0.185791 0.592188
0 0.709375 0.617188 0.0367188 0.053125
0 0.262891 0.358594 0.104688 0.157813
0 0.763281 0.320508 0.146875 0.259766
0 0.620313 0.0438965 0.0578125 0.0612305
0 0.133203 0.88125 0.0808594 0.1
0 0.692187 0.149219 0.0390625 0.08125
0 0.461328 0.321484 0.622656 0.642969
0 0.735938 0.220117 0.321875 0.264062
0 0.75 0.355078 0.0265625 0.0882813
0 0.180273 0.151562 0.0851563 0.241797
0 0.658594 0.510547 0.223438 0.3875
0 0.137695 0.262305 0.172656 0.495703
0 0.174902 0.771094 0.293945 0.359375
0 0.677344 0.306836 0.0234375 0.06875
0 0.189453 0.15 0.0328125 0.257031
0 0.315234 0.651563 0.0945313 0.119531
0 0.707812 0.675781 0.103906 0.0796875
0 0.458203 0.00588379 0.239063 0.0117676
0 0.257031 0.358203 0.0765625 0.139063
0 0.417188 0.443359 0.108594 0.13125
0 0.754687 0.667969 0.034375 0.0609375
0 0.623438 0.971094 0.453125 0.0578125
0 0.366016 0.423047 0.107031 0.18125
0 0.559375 0.667969 0.05625 0.071875
0 0.652344 0.331836 0.215625 0.298047
0 0.254883 0.879687 0.186328 0.1125
0 0.538281 0.827734 0.115625 0.344531
0 0.485547 0.225781 0.596094 0.451562
0 0.6375 0.0489746 0.075 0.0655273
0 0.182617 0.0859375 0.0675781 0.136719
0 0.221826 0.0250977 0.146973 0.0501953
0 0.396484 0.413184 0.125781 0.0830078
0 0.213672 0.0244141 0.0289063 0.0488281
0 0.714063 0.39834 0.1125 0.389258
0 0.508594 0.00582275 0.239063 0.0116455
0 0.452344 0.441797 0.0640625 0.0820312
0 0.429688 0.150977 0.034375 0.0453125
0 0.197852 0.0237061 0.122656 0.0474121
0 0.535156 0.928906 0.0867188 0.142188
0 0.369922 0.925 0.0414063 0.078125
0 0.40791 0.452246 0.11543 0.175195
0 0.408984 0.00571289 0.235938 0.0114258
0 0.746875 0.346875 0.03125 0.146094
0 0.206592 0.882812 0.0711914 0.0515625
0 0.300781 0.766016 0.196875 0.353906
0 0.441016 0.461719 0.0664062 0.10625
0 0.416016 0.459375 0.125781 0.134375
0 0.16543 0.83125 0.246484 0.182812
0 0.355859 0.628906 0.078125 0.135937
0 0.257812 0.619141 0.292188 0.636719
0 0.213281 0.837305 0.200781 0.187891
0 0.341797 0.627734 0.485938 0.625781
0 0.551562 0.920313 0.0546875 0.159375
0 0.204297 0.633203 0.324219 0.607031
0 0.705469 0.655469 0.107031 0.126563
0 0.346875 0.801562 0.457813 0.396875
0 0.250781 0.407813 0.446875 0.815625
0 0.211279 0.784375 0.196973 0.295312
0 0.211377 0.871875 0.195215 0.115625
0 0.344531 0.867578 0.457813 0.264844
0 0.14502 0.864062 0.0646484 0.121875
0 0.450781 0.649219 0.6125 0.701563
0 0.246143 0.696484 0.26709 0.477344
0 0.659375 0.457031 0.216406 0.535156
0 0.158203 0.878125 0.0890625 0.096875
0 0.712109 0.289648 0.0773438 0.141797
0 0.710938 0.280908 0.0890625 0.399121
0 0.256201 0.428223 0.187598 0.268555
0 0.694141 0.642969 0.0851563 0.120313
0 0.721875 0.301953 0.059375 0.150781
0 0.65 0.263232 0.198437 0.193066
0 0.302344 0.378125 0.323438 0.755469
0 0.171875 0.366797 0.311719 0.733594
0 0.526953 0.919531 0.0851563 0.160938
0 0.509766 0.579297 0.483594 0.569531
0 0.184766 0.0826172 0.071875 0.165234
0 0.715625 0.329102 0.084375 0.153516
0 0.717969 0.284766 0.059375 0.128125
0 0.180859 0.0914062 0.0679687 0.121094
0 0.652734 0.262305 0.201563 0.278516
0 0.184375 0.160352 0.0761719 0.320703
0 0.173438 0.871875 0.125781 0.115625
0 0.699219 0.291211 0.10625 0.294922
0 0.73125 0.322852 0.0671875 0.144141
0 0.192188 0.0683594 0.0628906 0.136719
0 0.189453 0.857813 0.15 0.146875
0 0.123242 0.0986328 0.188281 0.197266
0 0.549219 0.899219 0.0585938 0.11875
0 0.29043 0.850781 0.364453 0.298438
0 0.557031 0.502441 0.423438 0.454492
0 0.694922 0.504687 0.164844 0.440625
0 0.375684 0.448535 0.13457 0.193555
0 0.7 0.261328 0.1 0.478125
0 0.196484 0.0553711 0.059375 0.110742
0 0.7125 0.369531 0.0945313 0.30625
0 0.139453 0.884375 0.0492188 0.065625
0 0.649219 0.352539 0.21875 0.331641
0 0.314893 0.489844 0.288184 0.626563
0 0.248242 0.846875 0.270703 0.282813
0 0.551562 0.938281 0.04375 0.123438
0 0.514063 0.921094 0.123438 0.157813
0 0.164258 0.848633 0.0988281 0.165234
0 0.741016 0.341211 0.0476562 0.132422
0 0.189063 0.751563 0.150781 0.339063
0 0.305859 0.419531 0.290625 0.23125
0 0.478906 0.924219 0.185938 0.151562
0 0.690625 0.147852 0.04375 0.0917969
0 0.703906 0.303125 0.0828125 0.146094
0 0.309961 0.641797 0.277734 0.666406
0 0.501563 0.677344 0.46875 0.645312
0 0.201172 0.0427734 0.0484375 0.0855469
0 0.426172 0.835156 0.310156 0.329688
0 0.701563 0.271094 0.0859375 0.138672
0 0.705078 0.554688 0.10625 0.328125
0 0.717578 0.271875 0.0484375 0.103906
0 0.694141 0.166797 0.0625 0.333594
0 0.717969 0.645312 0.0914062 0.1375
0 0.720313 0.536719 0.117188 0.449219
0 0.217529 0.902344 0.221973 0.195312
0 0.658594 0.413379 0.220313 0.29043
0 0.477344 0.775195 0.216406 0.449609
0 0.560156 0.91875 0.0796875 0.1625
0 0.330859 0.905078 0.470313 0.189844
0 0.377734 0.424316 0.157031 0.229492
0 0.549219 0.945312 0.05625 0.109375
0 0.140991 0.13877 0.16958 0.277539
0 0.234961 0.553516 0.0957031 0.121094
0 0.676172 0.302344 0.025 0.0773438
0 0.208398 0.0240723 0.0363281 0.0481445
0 0.650391 0.339453 0.197656 0.147656
0 0.648047 0.296484 0.203125 0.460156
0 0.138379 0.317578 0.245898 0.635156
0 0.714844 0.683984 0.096875 0.0765625
0 0.243408 0.741406 0.24834 0.357812
0 0.70625 0.628125 0.071875 0.0859375
0 0.149023 0.84375 0.0777344 0.15625
0 0.684375 0.127344 0.03125 0.0550781
0 0.660937 0.531641 0.208594 0.367969
0 0.712891 0.253516 0.0414063 0.0875
0 0.713281 0.220898 0.0804688 0.328516
0 0.180664 0.829883 0.133203 0.205859
0 0.728125 0.341797 0.10625 0.160156
0 0.248047 0.689844 0.233594 0.307813
0 0.313672 0.899219 0.103906 0.08125
0 0.628906 0.503125 0.278125 0.435156
0 0.680469 0.283789 0.05 0.107422
0 0.734375 0.34668 0.0640625 0.151953
0 0.319922 0.904688 0.140625 0.08125
0 0.716406 0.360156 0.0875 0.204688
0 0.692969 0.159277 0.040625 0.0712891
0 0.165625 0.882031 0.0992187 0.125
0 0.740234 0.414062 0.065625 0.26875
0 0.304883 0.889063 0.0914062 0.090625
0 0.707812 0.644141 0.120313 0.167187
0 0.675781 0.29375 0.0328125 0.0882813
0 0.748438 0.357422 0.0375 0.147656
0 0.251563 0.625781 0.213281 0.325
0 0.183545 0.12373 0.0586914 0.0740234
0 0.652344 0.374609 0.201563 0.214844
0 0.578906 0.727734 0.0484375 0.0648438
0 0.138965 0.871094 0.0517578 0.0953125
0 0.714844 0.304248 0.0703125 0.293066
0 0.260352 0.4625 0.189844 0.410938
0 0.203906 0.0287109 0.0414063 0.0574219
0 0.427344 0.651953 0.489844 0.696094
0 0.183154 0.139844 0.0633789 0.116797
0 0.196045 0.860938 0.178223 0.209375
0 0.457031 0.84668 0.234375 0.303516
0 0.683984 0.116992 0.0375 0.0808594
0 0.550391 0.822656 0.059375 0.354688
0 0.219141 0.239063 0.0625 0.0984375
0 0.532031 0.905469 0.084375 0.121875
0 0.714844 0.257031 0.0507812 0.11875
0 0.65 0.308203 0.197656 0.195312
0 0.70625 0.178906 0.0835937 0.357812
0 0.127344 0.236328 0.203906 0.472656
0 0.678906 0.312109 0.0320312 0.1
0 0.639063 0.21333 0.189063 0.20459
0 0.190039 0.201953 0.0910156 0.403906
0 0.699219 0.202539 0.0507812 0.157813
0 0.744141 0.368945 0.0507812 0.155859
0 0.571875 0.735547 0.0578125 0.0867188
0 0.751172 0.426953 0.046875 0.241406
0 0.187549 0.105078 0.0522461 0.105664
0 0.329688 0.896094 0.133594 0.120313
0 0.692969 0.266797 0.0859375 0.170313
0 0.528125 0.95 0.09375 0.1
0 0.664844 0.196533 0.160938 0.271777
0 0.685156 0.142383 0.0375 0.0890625
0 0.265234 0.540625 0.188672 0.4125
0 0.708203 0.224658 0.04375 0.163965
0 0.628516 0.8125 0.2125 0.375
0 0.685938 0.127246 0.0453125 0.0779297
0 0.678125 0.112134 0.05 0.104248
0 0.702344 0.672656 0.0953125 0.0828125
0 0.193359 0.433203 0.065625 0.129688
0 0.653125 0.145215 0.142188 0.29043
0 0.202734 0.219336 0.0945313 0.438672
0 0.609766 0.728516 0.388281 0.542969
0 0.675 0.305859 0.028125 0.0585938
0 0.35625 0.447559 0.101562 0.187695
0 0.616016 0.755078 0.190625 0.489844
0 0.58125 0.725781 0.0390625 0.05625
0 0.288281 0.899219 0.0519531 0.059375
0 0.29043 0.890625 0.0605469 0.075
0 0.679688 0.639063 0.0601563 0.0859375
0 0.412891 0.882422 0.335156 0.235156
0 0.692187 0.615234 0.084375 0.129688
0 0.215625 0.22793 0.0601563 0.078125
0 0.739453 0.326562 0.125781 0.159375
0 0.37666 0.493359 0.14043 0.271094
0 0.44375 0.920313 0.282031 0.159375
0 0.206299 0.458203 0.0842773 0.422656
0 0.26167 0.842188 0.300098 0.192188
0 0.170313 0.143359 0.107031 0.286719
0 0.157642 0.192773 0.185889 0.385547
0 0.185156 0.5375 0.370313 0.770312
0 0.570312 0.876758 0.096875 0.246484
0 0.185938 0.452344 0.0425781 0.071875
0 0.715625 0.6125 0.0445313 0.0484375
0 0.240039 0.551562 0.141016 0.476562
0 0.356055 0.414062 0.100391 0.180469
0 0.585938 0.720313 0.03125 0.040625
0 0.201367 0.0821777 0.071875 0.164355
0 0.508203 0.224023 0.46875 0.437891
0 0.342187 0.419531 0.0875 0.211719
0 0.226514 0.495996 0.117285 0.486133
0 0.692187 0.141113 0.0859375 0.282227
0 0.5125 0.811328 0.134375 0.377344
0 0.601172 0.931641 0.169531 0.136719
0 0.684375 0.634375 0.0765625 0.0984375
0 0.535547 0.932813 0.0765625 0.134375
0 0.617969 0.320703 0.1375 0.263281
0 0.689063 0.138867 0.053125 0.0996094
0 0.161035 0.814258 0.0818359 0.146484
0 0.546484 0.863477 0.0609375 0.273047
0 0.185352 0.438281 0.0589844 0.1125
0 0.738281 0.928906 0.410938 0.142188
0 0.725781 0.368359 0.0796875 0.145313
0 0.211133 0.438281 0.0859375 0.139063
0 0.206445 0.0739746 0.0976562 0.147949
0 0.520703 0.965234 0.117969 0.0695313
0 0.135645 0.878125 0.0419922 0.0875
0 0.256445 0.895312 0.292578 0.209375
0 0.329688 0.446777 0.05625 0.15332
0 0.729688 0.645312 0.0671875 0.121875
0 0.673438 0.288672 0.04375 0.100781
0 0.746094 0.301953 0.140625 0.2875
0 0.227344 0.244922 0.065625 0.123047
0 0.173633 0.224023 0.142969 0.448047
0 0.136621 0.843555 0.0763672 0.166016
0 0.752344 0.485156 0.0453125 0.298438
0 0.165234 0.813867 0.129688 0.231641
0 0.697266 0.167578 0.0476562 0.139063
0 0.182031 0.459375 0.0328125 0.0640625
0 0.192578 0.457813 0.0589844 0.084375
0 0.602344 0.314063 0.096875 0.139844
0 0.182764 0.128711 0.0516602 0.0542969
0 0.408594 0.411328 0.0921875 0.121094
0 0.413281 0.413281 0.0789063 0.0890625
0 0.724219 0.663281 0.0773438 0.109375
0 0.208545 0.135547 0.111816 0.271094
0 0.544922 0.31875 0.40625 0.415625
0 0.750781 0.365039 0.028125 0.131641
0 0.22793 0.0487793 0.126953 0.0975586
0 0.691797 0.319727 0.0632813 0.123047
0 0.692187 0.904297 0.321875 0.191406
0 0.666406 0.661719 0.0265625 0.0476562
0 0.542188 0.736719 0.110937 0.0875
0 0.201563 0.120703 0.0214844 0.0558594
0 0.696094 0.184424 0.040625 0.103027
0 0.143164 0.885938 0.0605469 0.1125
0 0.330273 0.413281 0.0640625 0.211719
0 0.25708 0.603223 0.174121 0.46543
0 0.326758 0.355273 0.0773438 0.105078
0 0.589844 0.718359 0.0179687 0.0351562
0 0.198047 0.118555 0.0289063 0.0726563
0 0.722266 0.620703 0.0335938 0.0507812
0 0.628125 0.402441 0.15 0.276367
0 0.719922 0.417285 0.0960938 0.329492
0 0.694531 0.227686 0.0726563 0.192285
0 0.742969 0.657031 0.04375 0.05625
0 0.240186 0.0626465 0.159473 0.125293
0 0.283203 0.876563 0.0578125 0.09375
0 0.136816 0.85625 0.0603516 0.134375
0 0.126758 0.836719 0.0992187 0.1875
0 0.742188 0.33457 0.065625 0.152734
0 0.701563 0.602344 0.0734375 0.109375
0 0.547656 0.836719 0.08125 0.326562
0 0.572266 0.829297 0.103125 0.341406
0 0.337109 0.90625 0.164844 0.115625
0 0.496094 0.471973 0.517188 0.462305
0 0.347266 0.641406 0.0363281 0.0921875
0 0.621875 0.281445 0.148438 0.198828
0 0.549219 0.871875 0.0664062 0.140625
0 0.643359 0.0951172 0.132031 0.190234
0 0.407129 0.401953 0.0779297 0.0914062
0 0.172461 0.803906 0.0828125 0.154688
0 0.326953 0.451562 0.04375 0.125781
0 0.292773 0.874219 0.0707031 0.107813
0 0.206445 0.85625 0.193359 0.2875
0 0.703906 0.167969 0.071875 0.335938
0 0.342578 0.637109 0.0414063 0.116406
0 0.752344 0.377344 0.0390625 0.15
0 0.558203 0.738281 0.0851563 0.1
0 0.403223 0.401465 0.0654297 0.0595703
0 0.728906 0.632422 0.0585938 0.0851563
0 0.164844 0.0854492 0.125 0.170898
0 0.377734 0.397559 0.0859375 0.136133
0 0.347266 0.469531 0.0796875 0.153125
0 0.708594 0.208789 0.0640625 0.164453
0 0.358594 0.8875 0.0742188 0.1125
0 0.390234 0.406641 0.732813 0.813281
0 0.564844 0.895312 0.040625 0.109375
0 0.394629 0.395215 0.0748047 0.10957
0 0.204297 0.214844 0.0417969 0.0535156
0 0.208398 0.545313 0.0738281 0.440625
0 0.725391 0.258984 0.105469 0.496875
0 0.626953 0.261719 0.1875 0.245312
0 0.235156 0.68125 0.0703125 0.153906
0 0.580859 0.208594 0.317969 0.417188
0 0.211523 0.21582 0.05625 0.0621094
0 0.678516 0.315234 0.0382813 0.121875
0 0.215234 0.202148 0.0710938 0.404297
0 0.749219 0.662109 0.03125 0.05
0 0.686328 0.636719 0.135156 0.160938
0 0.675 0.675391 0.0546875 0.06875
0 0.547266 0.926562 0.065625 0.146875
0 0.397266 0.407422 0.0984375 0.140625
0 0.210547 0.0364258 0.0546875 0.0728516
0 0.338281 0.3875 0.0820312 0.179688
0 0.463672 0.176953 0.0304688 0.0523438
0 0.215039 0.552734 0.0621094 0.110156
0 0.417871 0.532813 0.67832 0.609375
0 0.461719 0.932422 0.226562 0.135156
0 0.149805 0.734766 0.248828 0.502344
0 0.658594 0.475781 0.225 0.370313
0 0.338281 0.364453 0.0804688 0.119531
0 0.237109 0.264453 0.0558594 0.120313
0 0.685156 0.830078 0.329688 0.339844
0 0.645703 0.95 0.285156 0.1
0 0.282422 0.888281 0.0476562 0.0703125
0 0.108301 0.844531 0.168555 0.173438
0 0.61875 0.263672 0.265625 0.505469
0 0.671094 0.278516 0.0484375 0.140625
0 0.732813 0.286133 0.084375 0.1625
0 0.205078 0.0234619 0.0445313 0.0469238
0 0.145093 0.742188 0.189502 0.376563
0 0.726172 0.707031 0.125781 0.585938
0 0.364258 0.642871 0.480859 0.714258
0 0.283643 0.605078 0.333496 0.633594
0 0.472656 0.631641 0.598437 0.736719
0 0.255859 0.669531 0.296875 0.570312
0 0.560547 0.612402 0.435156 0.686133
0 0.21875 0.605859 0.329688 0.633594
0 0.35 0.757031 0.496094 0.485938
0 0.586719 0.492871 0.384375 0.443945
0 0.659375 0.359375 0.21875 0.178906
0 0.281836 0.840039 0.349609 0.319922
0 0.233398 0.815625 0.240625 0.217188
0 0.342773 0.327344 0.428516 0.654688
0 0.362305 0.82793 0.453516 0.344141
0 0.395215 0.375586 0.437695 0.751172
0 0.407422 0.698047 0.432813 0.603906
0 0.558691 0.763281 0.416992 0.473438
0 0.539453 0.925391 0.0914062 0.149219
0 0.357227 0.620313 0.388672 0.621875
0 0.654297 0.399902 0.264844 0.264258
0 0.682031 0.354102 0.163281 0.166797
0 0.694141 0.493066 0.185156 0.454492
0 0.442188 0.403125 0.6625 0.80625
0 0.339063 0.902344 0.502344 0.195312
0 0.715234 0.342578 0.0960938 0.140625
0 0.279883 0.358203 0.504297 0.716406
0 0.664062 0.334766 0.20625 0.148438
0 0.635938 0.751563 0.728125 0.496875
0 0.700391 0.374219 0.128906 0.2
0 0.446777 0.311523 0.636133 0.603516
0 0.3375 0.425781 0.326562 0.246875
0 0.276953 0.887305 0.339844 0.225391
0 0.185938 0.870313 0.141406 0.11875
0 0.273828 0.873438 0.328906 0.146875
0 0.609375 0.724219 0.559375 0.551562
0 0.192529 0.805469 0.158691 0.2375
0 0.404297 0.542188 0.453906 0.445312
0 0.726172 0.335156 0.0789063 0.119531
0 0.461328 0.728516 0.39375 0.542969
0 0.461328 0.534375 0.630469 0.917188
0 0.584375 0.303906 0.375 0.58125
0 0.193555 0.86875 0.164844 0.184375
0 0.273828 0.828125 0.334375 0.204688
0 0.710547 0.660937 0.103906 0.129688
0 0.345703 0.446094 0.317969 0.748438
0 0.729297 0.351953 0.0992187 0.159375
0 0.257764 0.672656 0.23916 0.242188
0 0.746094 0.498437 0.226562 0.457813
0 0.317383 0.340039 0.634766 0.680078
0 0.741797 0.338281 0.127344 0.135937
0 0.271875 0.69375 0.305469 0.3
0 0.437891 0.622656 0.533594 0.620313
0 0.508984 0.926953 0.126563 0.146094
0 0.661719 0.313672 0.220313 0.560156
0 0.713281 0.329688 0.0828125 0.114063
0 0.232031 0.859375 0.236328 0.128125
0 0.268311 0.760938 0.332129 0.3125
0 0.332422 0.565527 0.308594 0.498633
0 0.739844 0.351562 0.0515625 0.0851563
0 0.300391 0.417285 0.242188 0.223242
0 0.212842 0.767188 0.19541 0.3125
0 0.666016 0.304688 0.216406 0.159375
0 0.273828 0.573438 0.182031 0.303125
0 0.143164 0.878516 0.237891 0.242969
0 0.153687 0.867188 0.188721 0.204688
0 0.634766 0.794336 0.642969 0.411328
0 0.561719 0.922656 0.117188 0.154688
0 0.549219 0.897656 0.0671875 0.09375
0 0.444141 0.351172 0.888281 0.702344
0 0.200586 0.702734 0.303125 0.594531
0 0.225586 0.724219 0.222656 0.551562
0 0.542969 0.914062 0.078125 0.121875
0 0.638281 0.388184 0.259375 0.431445
0 0.672266 0.421875 0.203125 0.267969
0 0.198633 0.87207 0.201172 0.255859
0 0.260498 0.914844 0.279785 0.170313
0 0.721094 0.325391 0.0625 0.105469
0 0.738281 0.339844 0.0578125 0.114063
0 0.704688 0.410254 0.123438 0.268555
0 0.157715 0.863281 0.0923828 0.121875
0 0.169531 0.784375 0.157031 0.292188
0 0.578125 0.892969 0.15625 0.214062
0 0.74375 0.367578 0.0429688 0.053125
0 0.639844 0.720313 0.31875 0.559375
0 0.75 0.35625 0.179688 0.172656
0 0.541504 0.261328 0.599805 0.522656
0 0.183203 0.750781 0.151562 0.357812
0 0.665625 0.248633 0.215625 0.201563
0 0.702344 0.645312 0.09375 0.120313
0 0.472266 0.517188 0.611719 0.576563
0 0.539844 0.946094 0.0710938 0.107813
0 0.289844 0.419531 0.391406 0.839063
0 0.275586 0.647656 0.185938 0.271875
0 0.557031 0.895312 0.05 0.078125
0 0.260742 0.764063 0.295703 0.24375
0 0.459375 0.883008 0.235938 0.233984
0 0.265625 0.4 0.170703 0.19375
0 0.478516 0.790039 0.469531 0.419922
0 0.253564 0.895312 0.300684 0.190625
0 0.658203 0.820312 0.513281 0.359375
0 0.241064 0.558594 0.386621 0.832812
0 0.313477 0.466016 0.274609 0.314844
0 0.503906 0.929688 0.164062 0.140625
0 0.18457 0.564453 0.369141 0.871094
0 0.150781 0.744922 0.232031 0.510156
0 0.74375 0.354102 0.046875 0.130078
0 0.316797 0.617969 0.0851563 0.108594
0 0.542188 0.901563 0.1 0.196875
0 0.729688 0.361328 0.0765625 0.142188
0 0.130762 0.826367 0.180664 0.231641
0 0.585938 0.855078 0.171875 0.289844
0 0.480859 0.959375 0.200781 0.08125
0 0.636719 0.596094 0.273438 0.260938
0 0.524609 0.963672 0.105469 0.0726563
0 0.554688 0.914062 0.0609375 0.11875
0 0.285889 0.594629 0.237598 0.673242
0 0.748047 0.373047 0.0320312 0.0523438
0 0.647656 0.452441 0.267188 0.235742
0 0.271484 0.495703 0.184375 0.311719
0 0.748828 0.363867 0.0359375 0.0910156
0 0.619922 0.320703 0.113281 0.0992187
0 0.160938 0.0359863 0.133203 0.0695313
0 0.753516 0.320312 0.161719 0.201563
0 0.486328 0.942969 0.182812 0.114063
0 0.256299 0.921875 0.390527 0.15625
0 0.204492 0.318164 0.367578 0.636328
0 0.549121 0.77168 0.654883 0.456641
0 0.514453 0.970703 0.141406 0.0585938
0 0.131641 0.89375 0.0292969 0.0484375
0 0.632031 0.367383 0.173438 0.198047
0 0.241602 0.518652 0.127734 0.317383
0 0.145703 0.876563 0.0570313 0.090625
0 0.743359 0.367773 0.05625 0.133984
0 0.661328 0.209375 0.204688 0.252734
0 0.207617 0.910937 0.23125 0.178125
0 0.686328 0.334375 0.217969 0.446094
0 0.314844 0.610156 0.0679687 0.0953125
0 0.130664 0.903906 0.0332031 0.065625
0 0.254297 0.458496 0.153125 0.325195
0 0.446191 0.853125 0.306055 0.259375
0 0.536328 0.9 0.0851563 0.101562
0 0.705859 0.655859 0.139844 0.161719
0 0.542188 0.855859 0.109375 0.288281
0 0.234717 0.664844 0.186035 0.345313
0 0.715625 0.326953 0.109375 0.182031
0 0.221484 0.466406 0.0859375 0.117188
0 0.715625 0.314453 0.071875 0.0875
0 0.717578 0.378027 0.0976562 0.143945
0 0.114063 0.89375 0.210938 0.2125
0 0.285938 0.363672 0.183594 0.138281
0 0.309375 0.329297 0.178125 0.196094
0 0.722656 0.315625 0.053125 0.0800781
0 0.281641 0.353906 0.127344 0.117188
0 0.702344 0.320312 0.0921875 0.101562
0 0.175195 0.885742 0.345703 0.228516
0 0.302344 0.380078 0.244531 0.146094
0 0.714844 0.29082 0.0765625 0.117578
0 0.119922 0.079248 0.239844 0.158496
0 0.665234 0.464063 0.217969 0.4
0 0.551562 0.492578 0.0484375 0.0664062
0 0.487109 0.9125 0.185156 0.175
0 0.555469 0.498437 0.0625 0.0820312
0 0.245312 0.559766 0.114063 0.13125
0 0.652344 0.278906 0.192188 0.308594
0 0.511328 0.967969 0.136719 0.0640625
0 0.425781 0.8875 0.332813 0.225
0 0.580078 0.932031 0.189844 0.135937
0 0.630859 0.348047 0.14375 0.161719
0 0.674609 0.594531 0.1875 0.264062
0 0.103906 0.853125 0.179688 0.23125
0 0.583984 0.48125 0.140625 0.128125
0 0.566406 0.892969 0.03125 0.059375
0 0.672656 0.28457 0.198437 0.255859
0 0.728125 0.413379 0.0953125 0.274805
0 0.328711 0.923438 0.181641 0.096875
0 0.741406 0.38291 0.065625 0.131055
0 0.523828 0.950391 0.122656 0.0992187
0 0.763281 0.39375 0.209375 0.225
0 0.13418 0.890625 0.0445313 0.059375
0 0.541406 0.961328 0.06875 0.0773438
0 0.739844 0.000610352 0.153125 0.0012207
0 0.297656 0.625781 0.147656 0.129688
0 0.644922 0.49375 0.266406 0.21875
0 0.698828 0.697266 0.196094 0.292969
0 0.678125 0.658594 0.20625 0.239063
0 0.727344 0.323438 0.046875 0.0976562
0 0.14043 0.745703 0.195703 0.375781
0 0.132715 0.873438 0.0470703 0.084375
0 0.697656 0.634766 0.06875 0.096875
0 0.574219 0.400684 0.325 0.245508
0 0.455859 0.952344 0.242969 0.0953125
0 0.714844 0.597656 0.117188 0.25625
0 0.527734 0.889063 0.114063 0.221875
0 0.571875 0.440723 0.346875 0.173242
0 0.632422 0.492188 0.372656 0.223438
0 0.715625 0.344141 0.101562 0.164844
0 0.350391 0.638281 0.470313 0.723437
0 0.714063 0.66875 0.0984375 0.101562
0 0.249023 0.695312 0.286328 0.609375
0 0.55625 0.930469 0.059375 0.139063
0 0.262891 0.421875 0.36875 0.83125
0 0.342187 0.425781 0.49375 0.839063
0 0.346875 0.786328 0.515625 0.427344
0 0.247217 0.844336 0.27041 0.311328
0 0.714844 0.307422 0.0976562 0.213281
0 0.25957 0.853125 0.309766 0.2375
0 0.534375 0.93125 0.0890625 0.134375
0 0.3375 0.857617 0.500781 0.284766
0 0.354688 0.915625 0.465625 0.16875
0 0.555078 0.916406 0.0523438 0.110937
0 0.707422 0.685156 0.100781 0.075
0 0.681641 0.48125 0.197656 0.476562
0 0.187305 0.0919678 0.0703125 0.150049
0 0.712109 0.486719 0.153906 0.471094
0 0.715625 0.373242 0.107813 0.187891
0 0.505469 0.933984 0.146875 0.132031
0 0.729688 0.337891 0.0734375 0.127344
0 0.429297 0.682422 0.721094 0.635156
0 0.553906 0.940625 0.05 0.08125
0 0.456934 0.9375 0.23457 0.125
0 0.44375 0.398047 0.7125 0.775781
0 0.203857 0.792188 0.181348 0.3125
0 0.707812 0.326172 0.0921875 0.160938
0 0.541406 0.946875 0.065625 0.10625
0 0.713281 0.273877 0.107031 0.244434
0 0.555469 0.900781 0.05625 0.090625
0 0.26167 0.889844 0.310254 0.220313
0 0.540625 0.48125 0.0734375 0.0765625
0 0.183008 0.347656 0.199609 0.6625
0 0.559375 0.492969 0.0703125 0.053125
0 0.7125 0.675781 0.115625 0.132031
0 0.566406 0.49375 0.0765625 0.071875
0 0.744141 0.338672 0.157031 0.203125
0 0.218555 0.82832 0.214062 0.255859
0 0.551172 0.485938 0.0648438 0.075
0 0.718359 0.251123 0.116406 0.321191
0 0.193799 0.414844 0.238965 0.825
0 0.525 0.95 0.096875 0.1
0 0.17041 0.0911133 0.100977 0.15918
0 0.181982 0.0993164 0.0641602 0.10918
0 0.187549 0.758203 0.16084 0.335156
0 0.645312 0.403516 0.282813 0.303125
0 0.702344 0.692969 0.090625 0.0578125
0 0.156152 0.842383 0.0857422 0.152734
0 0.504297 0.970313 0.1375 0.059375
0 0.769922 0.505566 0.286719 0.485742
0 0.65 0.503516 0.245312 0.483594
0 0.392969 0.929297 0.385938 0.141406
0 0.548438 0.907813 0.0671875 0.109375
0 0.558984 0.890625 0.0460938 0.0640625
0 0.746094 0.374219 0.046875 0.117188
0 0.710156 0.248047 0.0351562 0.0890625
0 0.559375 0.5 0.059375 0.0640625
0 0.696875 0.41084 0.171875 0.370508
0 0.505078 0.975 0.178906 0.05
0 0.240625 0.442969 0.154688 0.345313
0 0.557813 0.496875 0.05625 0.046875
0 0.584375 0.496094 0.129688 0.0984375
0 0.748438 0.3875 0.04375 0.0882813
0 0.150977 0.860938 0.0722656 0.1125
0 0.551172 0.951172 0.0429688 0.0976562
0 0.711719 0.257812 0.040625 0.110156
0 0.707031 0.295312 0.0859375 0.117188
0 0.149707 0.878125 0.0701172 0.078125
0 0.32793 0.930078 0.137109 0.139844
0 0.446191 0.566797 0.649805 0.386719
0 0.746875 0.374219 0.0453125 0.08125
0 0.450098 0.496094 0.67793 0.3125
0 0.566797 0.884375 0.0398437 0.053125
0 0.597656 0.512891 0.353125 0.492188
0 0.739844 0.349609 0.0585938 0.0953125
0 0.748438 0.273242 0.167187 0.320703
0 0.711328 0.6125 0.115625 0.220313
0 0.781445 0.297266 0.277734 0.594531
0 0.5625 0.93125 0.0984375 0.1375
0 0.575781 0.486719 0.05625 0.065625
0 0.6875 0.314648 0.159375 0.230078
0 0.744531 0.360547 0.0507812 0.0789063
0 0.560938 0.480469 0.08125 0.075
0 0.685156 0.692578 0.0765625 0.0625
0 0.13479 0.351172 0.131201 0.696094
0 0.710938 0.409766 0.120313 0.297656
0 0.198828 0.45 0.101172 0.132812
0 0.2125 0.717969 0.180469 0.389062
0 0.702344 0.335742 0.0828125 0.123047
0 0.732031 0.6625 0.0640625 0.103125
0 0.55625 0.953125 0.0453125 0.078125
0 0.571094 0.498047 0.0851563 0.0960938
0 0.327734 0.576563 0.33125 0.846875
0 0.742578 0.657813 0.0476562 0.0710938
0 0.715625 0.267578 0.0484375 0.0875
0 0.509375 0.957812 0.128125 0.084375
0 0.713281 0.288281 0.0671875 0.0992187
0 0.230469 0.765234 0.235938 0.374219
0 0.15918 0.8375 0.126172 0.15
0 0.707812 0.2375 0.0382813 0.078125
0 0.198437 0.466406 0.0800781 0.0914062
0 0.544922 0.909375 0.0992187 0.18125
0 0.685938 0.696875 0.06875 0.0484375
0 0.533203 0.500391 0.492969 0.466406
0 0.6875 0.288672 0.065625 0.105469
0 0.678906 0.31543 0.03125 0.0585938
0 0.267188 0.5875 0.182031 0.34375
0 0.26582 0.577344 0.219141 0.83125
0 0.689063 0.304688 0.0546875 0.0757812
0 0.507812 0.953516 0.167187 0.0929688
0 0.712109 0.703125 0.103906 0.165625
0 0.706641 0.246289 0.0476562 0.11875
0 0.70625 0.266016 0.0625 0.142188
0 0.111523 0.12002 0.209375 0.225977
0 0.681641 0.678125 0.0570313 0.071875
0 0.2 0.0798828 0.0765625 0.159766
0 0.332422 0.929688 0.146875 0.096875
0 0.330664 0.901563 0.150391 0.159375
0 0.425391 0.910156 0.363281 0.179688
0 0.71875 0.271875 0.0523438 0.134375
0 0.704688 0.197705 0.101562 0.291309
0 0.611719 0.503906 0.157813 0.0828125
0 0.553125 0.967188 0.0453125 0.0640625
0 0.381934 0.95625 0.108008 0.0875
0 0.289258 0.463672 0.255859 0.353125
0 0.191748 0.859375 0.147754 0.146875
0 0.232813 0.558594 0.0992187 0.164062
0 0.142773 0.883594 0.0505859 0.06875
0 0.698438 0.318359 0.0703125 0.0867188
0 0.564453 0.508203 0.0734375 0.0875
0 0.549219 0.508594 0.0789063 0.0984375
0 0.343359 0.539844 0.184375 0.328125
0 0.703906 0.283594 0.0625 0.1
0 0.698047 0.227295 0.0679687 0.143848
0 0.696094 0.28418 0.0679687 0.120703
0 0.543848 0.581641 0.462305 0.348438
0 0.733203 0.66875 0.132031 0.114063
0 0.467578 0.7625 0.667969 0.475
0 0.219189 0.477344 0.112402 0.264844
0 0.341602 0.926562 0.107422 0.084375
0 0.371484 0.944531 0.109375 0.110937
0 0.49834 0.430859 0.56582 0.380469
0 0.523047 0.666406 0.503906 0.304688
0 0.190674 0.0567383 0.0616211 0.0861328
0 0.367969 0.932031 0.21875 0.135937
0 0.193945 0.455859 0.065625 0.0929688
0 0.333984 0.496094 0.0625 0.114063
0 0.541016 0.961719 0.0609375 0.0765625
0 0.528906 0.964844 0.0859375 0.0703125
0 0.183936 0.45625 0.0579102 0.0828125
0 0.792188 0.701563 0.290625 0.240625
0 0.747656 0.530469 0.215625 0.471094
0 0.678125 0.309375 0.0375 0.0613281
0 0.642969 0.524609 0.0265625 0.0390625
0 0.761328 0.321875 0.192969 0.240625
0 0.352539 0.921875 0.0761719 0.084375
0 0.645312 0.521094 0.0421875 0.046875
0 0.538281 0.476562 0.059375 0.0632813
0 0.75625 0.398828 0.0296875 0.075
0 0.285156 0.771875 0.18125 0.389062
0 0.35918 0.93125 0.0683594 0.065625
0 0.723437 0.361719 0.090625 0.140625
0 0.719531 0.175977 0.104688 0.351953
0 0.80957 0.24668 0.380859 0.493359
0 0.175195 0.795313 0.154688 0.2625
0 0.182422 0.838867 0.13125 0.166016
0 0.433203 0.925 0.291406 0.15
0 0.48584 0.694922 0.600195 0.466406
0 0.416016 0.948828 0.374219 0.102344
0 0.741797 0.348242 0.0773438 0.130078
0 0.445312 0.454004 0.288281 0.212305
0 0.680469 0.616797 0.176563 0.213281
0 0.489941 0.343945 0.579492 0.449609
0 0.589063 0.725781 0.03125 0.040625
0 0.670313 0.376172 0.2125 0.316406
0 0.117871 0.166992 0.235742 0.314844
0 0.680078 0.298242 0.0460938 0.0808594
0 0.741016 0.619922 0.160156 0.219531
0 0.343945 0.516016 0.0738281 0.09375
0 0.979688 0.0797852 0.040625 0.15957
0 0.188086 0.0678711 0.0648438 0.120117
0 0.548828 0.967969 0.0609375 0.0640625
0 0.653906 0.585938 0.2375 0.298438
0 0.691016 0.272266 0.084375 0.169531
0 0.738672 0.647656 0.149219 0.154688
0 0.157227 0.189795 0.126172 0.317285
0 0.197607 0.87168 0.171973 0.231641
0 0.362109 0.945312 0.0734375 0.109375
0 0.653906 0.521875 0.05625 0.05
0 0.701953 0.653125 0.0890625 0.134375
0 0.565625 0.88125 0.046875 0.06875
0 0.3 0.521875 0.279687 0.31875
0 0.245703 0.689063 0.0695313 0.139063
0 0.689844 0.216211 0.06875 0.137109
0 0.664062 0.335352 0.235938 0.235547
0 0.55 0.492969 0.0828125 0.0859375
0 0.21875 0.35625 0.279687 0.676562
0 0.79375 0.806445 0.351562 0.387109
0 0.745313 0.398438 0.05625 0.117969
0 0.436328 0.971484 0.178906 0.0570313
0 0.702344 0.280469 0.204688 0.560938
0 0.605859 0.932813 0.216406 0.134375
0 0.236914 0.510547 0.142969 0.222656
0 0.538281 0.877344 0.0875 0.126563
0 0.283398 0.479688 0.254297 0.915625
0 0.583594 0.490625 0.0734375 0.0804688
0 0.688281 0.237061 0.08125 0.17041
0 0.155273 0.871875 0.214062 0.25625
0 0.218018 0.416406 0.116309 0.38125
0 0.603809 0.818555 0.770508 0.362891
0 0.184766 0.473438 0.0714844 0.096875
0 0.450879 0.488379 0.33418 0.262305
0 0.682813 0.326562 0.0507812 0.0914062
0 0.698438 0.167578 0.126563 0.334375
0 0.686328 0.230859 0.122656 0.275
0 0.986719 0.0125244 0.0265625 0.0250488
0 0.210596 0.0845459 0.117871 0.155908
0 0.724219 0.664062 0.0796875 0.0828125
0 0.661328 0.521875 0.0789063 0.0679687
0 0.71875 0.303906 0.0640625 0.122266
0 0.224219 0.541406 0.078125 0.151562
0 0.694922 0.677344 0.152344 0.204688
0 0.767969 0.409375 0.229687 0.342969
0 0.459375 0.495703 0.334375 0.160156
0 0.272266 0.719141 0.186719 0.333594
0 0.587891 0.929688 0.132031 0.140625
0 0.160352 0.123438 0.11875 0.217188
0 0.715625 0.690625 0.09375 0.0984375
0 0.537109 0.9 0.0914062 0.115625
0 0.564063 0.871094 0.127344 0.257812
0 0.721094 0.323242 0.0734375 0.130078
0 0.137109 0.865625 0.0683594 0.103125
0 0.651172 0.532422 0.0484375 0.0492188
0 0.342578 0.654688 0.0453125 0.0796875
0 0.714063 0.653906 0.173438 0.248438
0 0.288281 0.910156 0.576563 0.179688
0 0.141016 0.89375 0.0464844 0.05
0 0.649219 0.513281 0.0460938 0.0578125
0 0.651953 0.801172 0.696094 0.397656
0 0.551953 0.858984 0.0898438 0.282031
0 0.654688 0.514063 0.0625 0.0609375
0 0.297314 0.435547 0.282715 0.264844
0 0.17832 0.446094 0.0578125 0.0914062
0 0.730469 0.385156 0.084375 0.121094
0 0.257422 0.474902 0.185156 0.339258
0 0.393359 0.459473 0.175781 0.195117
0 0.753125 0.395996 0.034375 0.0955078
0 0.510938 0.924219 0.64375 0.151562
0 0.145703 0.867969 0.0589844 0.09375
0 0.674219 0.683594 0.0429688 0.0625
0 0.155469 0.884375 0.0917969 0.10625
0 0.669531 0.677734 0.03125 0.0492188
0 0.244336 0.363086 0.0753906 0.162891
0 0.692969 0.695703 0.0625 0.0742188
0 0.4875 0.935156 0.1875 0.129688
0 0.17793 0.11543 0.0976562 0.199219
0 0.156738 0.85625 0.160742 0.225
0 0.739062 0.648828 0.0484375 0.0820312
0 0.341797 0.491016 0.0828125 0.139844
0 0.15625 0.860156 0.122266 0.110937
0 0.11709 0.301367 0.114844 0.602734
0 0.192236 0.767188 0.0881836 0.142188
0 0.605859 0.417871 0.346094 0.368945
0 0.192578 0.517969 0.0832031 0.183594
0 0.250781 0.355078 0.100781 0.153906
0 0.31582 0.9125 0.193359 0.1125
0 0.350391 0.90625 0.0789063 0.1125
0 0.433594 0.960938 0.159375 0.078125
0 0.212842 0.356055 0.110254 0.325391
0 0.787695 0.767188 0.277734 0.315625
0 0.203125 0.526563 0.0734375 0.176563
0 0.313281 0.623438 0.09375 0.128906
0 0.586719 0.733203 0.034375 0.0460938
0 0.678125 0.182422 0.142188 0.339063
0 0.715625 0.237109 0.265625 0.474219
0 0.976172 0.0625977 0.0476562 0.125195
0 0.40752 0.538281 0.505273 0.815625
0 0.379297 0.9 0.330469 0.175
0 0.663281 0.293359 0.225 0.569531
0 0.754297 0.394629 0.0476562 0.0857422
0 0.175391 0.461719 0.0421875 0.06875
0 0.321875 0.917969 0.149219 0.096875
0 0.554688 0.888281 0.0625 0.0890625
0 0.288281 0.878125 0.195312 0.1875
0 0.695312 0.699219 0.0515625 0.059375
0 0.677344 0.280469 0.05625 0.125
0 0.328906 0.63125 0.0726563 0.129688
0 0.236133 0.698047 0.0707031 0.120313
0 0.134766 0.882031 0.0449219 0.0796875
0 0.255859 0.683203 0.196094 0.333594
0 0.7 0.204492 0.059375 0.119141
0 0.741797 0.300586 0.178906 0.484766
0 0.392188 0.971094 0.126563 0.0578125
0 0.64375 0.470313 0.29375 0.253906
0 0.708594 0.697266 0.125 0.207031
0 0.183252 0.780469 0.105371 0.157813
0 0.195898 0.48125 0.107422 0.159375
0 0.179102 0.442969 0.0679687 0.1125
0 0.161328 0.747656 0.161328 0.359375
0 0.357812 0.736328 0.489844 0.514844
0 0.448438 0.653516 0.665625 0.692969
0 0.539844 0.65791 0.501563 0.68418
0 0.655469 0.413281 0.239063 0.272656
0 0.280859 0.754687 0.345313 0.392188
0 0.364453 0.616699 0.489844 0.766602
0 0.370313 0.804688 0.458594 0.373437
0 0.464844 0.394141 0.646875 0.761719
0 0.514063 0.953906 0.121875 0.0921875
0 0.226562 0.744922 0.234375 0.357031
0 0.536328 0.0858398 0.1625 0.140039
0 0.312109 0.647656 0.398438 0.654688
0 0.923438 0.614062 0.145313 0.1625
0 0.50625 0.936719 0.15625 0.126563
0 0.205859 0.767969 0.1875 0.317188
0 0.901563 0.0861328 0.19375 0.136328
0 0.336914 0.319531 0.321484 0.614062
0 0.452344 0.106079 0.21875 0.147998
0 0.720313 0.650391 0.0875 0.130469
0 0.595703 0.383496 0.344531 0.733008
0 0.545313 0.647656 0.520312 0.44375
0 0.497656 0.0878906 0.198437 0.137891
0 0.472559 0.137109 0.229883 0.210938
0 0.901563 0.234375 0.1875 0.186719
0 0.904688 0.123242 0.178125 0.188281
0 0.850781 0.0875977 0.2125 0.136523
0 0.196289 0.0958008 0.0738281 0.150781
0 0.0553711 0.230273 0.110742 0.223438
0 0.0504395 0.346484 0.100879 0.214062
0 0.655469 0.404687 0.2625 0.795313
0 0.0629883 0.202686 0.119727 0.168066
0 0.698438 0.416406 0.15 0.270313
0 0.184424 0.738281 0.177246 0.373437
0 0.871875 0.108179 0.232813 0.154346
0 0.705469 0.607422 0.540625 0.697656
0 0.197852 0.815625 0.164844 0.204688
0 0.660547 0.206299 0.226562 0.32959
0 0.903125 0.638281 0.189063 0.207813
0 0.624609 0.207227 0.151562 0.326953
0 0.595996 0.553125 0.501758 0.334375
0 0.050293 0.298047 0.100586 0.217188
0 0.723437 0.33125 0.09375 0.113281
0 0.251758 0.595313 0.238672 0.679688
0 0.525098 0.775781 0.660742 0.445312
0 0.826563 0.105176 0.221875 0.147852
0 0.896875 0.75 0.19375 0.260938
0 0.0674805 0.507812 0.120313 0.175
0 0.552344 0.892969 0.0640625 0.1
0 0.540625 0.479688 0.0875 0.08125
0 0.0516602 0.387891 0.10332 0.286719
0 0.535156 0.40625 0.46875 0.803125
0 0.395313 0.431152 0.192188 0.23457
0 0.550781 0.917188 0.0671875 0.15
0 0.557813 0.580469 0.467187 0.495313
0 0.571094 0.0820557 0.123438 0.146045
0 0.629687 0.592578 0.267188 0.258594
0 0.872656 0.14707 0.23125 0.234375
0 0.056543 0.325 0.107227 0.177344
0 0.522656 0.941406 0.117188 0.117188
0 0.708594 0.399316 0.565625 0.785742
0 0.296436 0.298242 0.275098 0.547266
0 0.0588379 0.42959 0.117676 0.256445
0 0.800781 0.483984 0.375 0.480469
0 0.290674 0.821875 0.363965 0.345313
0 0.25 0.351562 0.5 0.690625
0 0.405078 0.29707 0.453906 0.585547
0 0.0635254 0.244141 0.120215 0.203906
0 0.14541 0.753906 0.234961 0.339063
0 0.526563 0.922266 0.107813 0.155469
0 0.435156 0.832812 0.301563 0.320312
0 0.0525391 0.175195 0.105078 0.205469
0 0.383496 0.401172 0.173633 0.180469
0 0.864062 0.764063 0.253125 0.285938
0 0.825195 0.136719 0.230859 0.214062
0 0.0706055 0.469922 0.116016 0.211719
0 0.567969 0.0835937 0.2125 0.146875
0 0.257812 0.735156 0.219531 0.39375
0 0.942187 0.596094 0.1125 0.142188
0 0.619531 0.826172 0.257812 0.347656
0 0.582422 0.819141 0.164844 0.361719
0 0.0617188 0.496094 0.123438 0.207813
0 0.717969 0.58125 0.126563 0.284375
0 0.0691895 0.542969 0.12373 0.195312
0 0.7125 0.343945 0.115625 0.152734
0 0.709375 0.635938 0.103906 0.142188
0 0.808008 0.0873047 0.187109 0.1375
0 0.0570313 0.168945 0.106055 0.169531
0 0.758594 0.605469 0.198437 0.251563
0 0.928125 0.0822266 0.123438 0.142969
0 0.407422 0.104712 0.214844 0.141357
0 0.0581055 0.274805 0.104297 0.209766
0 0.310352 0.394922 0.230859 0.185938
0 0.91875 0.769141 0.153125 0.247656
0 0.0672852 0.432031 0.120898 0.203906
0 0.18833 0.104126 0.0733398 0.121826
0 0.857031 0.550781 0.253125 0.345313
0 0.691406 0.601953 0.309375 0.277344
0 0.9375 0.637109 0.123438 0.183594
0 0.725 0.663281 0.0796875 0.090625
0 0.430566 0.132715 0.21543 0.193945
0 0.0630859 0.369531 0.116016 0.19375
0 0.254736 0.834375 0.283496 0.26875
0 0.295898 0.222705 0.199609 0.384277
0 0.942969 0.80332 0.110937 0.393359
0 0.256201 0.336914 0.287598 0.642578
0 0.0637207 0.561719 0.127441 0.267188
0 0.896875 0.695312 0.196875 0.229687
0 0.925781 0.56875 0.140625 0.182812
0 0.539844 0.894531 0.0875 0.107813
0 0.715625 0.670313 0.114063 0.1875
0 0.316016 0.106348 0.171094 0.138086
0 0.615625 0.316797 0.096875 0.0902344
0 0.921094 0.216455 0.148438 0.152246
0 0.736328 0.342969 0.0671875 0.108594
0 0.0829102 0.763281 0.128711 0.321875
0 0.256592 0.210156 0.216504 0.375
0 0.916406 0.839063 0.0515625 0.05625
0 0.0572754 0.480469 0.114551 0.273438
0 0.742578 0.374609 0.0585938 0.155469
0 0.352734 0.105469 0.157813 0.134375
0 0.86875 0.717969 0.24375 0.275
0 0.259961 0.889844 0.317578 0.220313
0 0.286719 0.339844 0.197656 0.279687
0 0.312109 0.484766 0.265625 0.375781
0 0.540625 0.946094 0.0765625 0.107813
0 0.640625 0.213672 0.178125 0.398438
0 0.290625 0.773828 0.182812 0.352344
0 0.925 0.147754 0.128125 0.235352
0 0.204297 0.0442871 0.0566406 0.0836914
0 0.766797 0.635547 0.436719 0.392969
0 0.75 0.749219 0.1875 0.171875
0 0.629687 0.383984 0.282813 0.249219
0 0.26582 0.100098 0.208594 0.158008
0 0.917188 0.260498 0.1625 0.211816
0 0.522656 0.104395 0.1875 0.148242
0 0.945312 0.5625 0.107813 0.189063
0 0.916406 0.664062 0.164062 0.221094
0 0.521875 0.132812 0.203125 0.205469
0 0.528125 0.951563 0.0984375 0.096875
0 0.895312 0.294141 0.203125 0.223438
0 0.600781 0.620703 0.30625 0.344531
0 0.376563 0.0951172 0.203906 0.140234
0 0.221094 0.831055 0.212109 0.222266
0 0.726953 0.638672 0.0726563 0.105469
0 0.746875 0.381641 0.05 0.126563
0 0.896875 0.812695 0.196875 0.299609
0 0.431641 0.0872803 0.251563 0.142236
0 0.707812 0.320508 0.1125 0.0964844
0 0.728516 0.355078 0.0867188 0.159375
0 0.55 0.876563 0.06875 0.1125
0 0.857813 0.683594 0.220313 0.242188
0 0.297656 0.0865234 0.275 0.161328
0 0.941406 0.164258 0.109375 0.224219
0 0.708594 0.190967 0.260938 0.329785
0 0.796094 0.357617 0.245312 0.362109
0 0.551172 0.942969 0.0632813 0.109375
0 0.550781 0.9625 0.0585938 0.075
0 0.726562 0.326367 0.075 0.0988281
0 0.551172 0.814453 0.104688 0.371094
0 0.233789 0.0885742 0.155469 0.162305
0 0.782813 0.646875 0.246875 0.252344
0 0.506934 0.624219 0.29082 0.373437
0 0.317578 0.610156 0.0808594 0.0953125
0 0.333984 0.923438 0.122656 0.09375
0 0.321875 0.917188 0.154688 0.109375
0 0.217578 0.454688 0.0835937 0.0757812
0 0.717188 0.282031 0.0828125 0.15
0 0.273096 0.177734 0.214746 0.294531
0 0.153711 0.0889648 0.144922 0.167383
0 0.182227 0.834375 0.141016 0.182812
0 0.743359 0.35957 0.053125 0.102734
0 0.539062 0.901563 0.084375 0.196875
0 0.239063 0.695312 0.228125 0.36875
0 0.528906 0.719141 0.192188 0.141406
0 0.936719 0.238672 0.123438 0.192188
0 0.252344 0.439941 0.153125 0.385742
0 0.498047 0.9125 0.166406 0.175
0 0.754297 0.699609 0.164844 0.216406
0 0.210156 0.0768555 0.102344 0.153711
0 0.778125 0.144629 0.215625 0.23418
0 0.925 0.828906 0.146875 0.342187
0 0.325 0.627344 0.0914062 0.126563
0 0.308008 0.632812 0.114063 0.15625
0 0.90625 0.838281 0.084375 0.078125
0 0.703906 0.507031 0.146875 0.121875
0 0.551172 0.828125 0.596094 0.329688
0 0.915625 0.839844 0.040625 0.046875
0 0.19707 0.0561523 0.0511719 0.0597656
0 0.8125 0.320117 0.278125 0.276172
0 0.463184 0.877344 0.273633 0.245312
0 0.658594 0.33418 0.221094 0.233203
0 0.276172 0.458203 0.19375 0.375
0 0.190967 0.075293 0.0618164 0.0832031
0 0.719922 0.308984 0.0835937 0.100781
0 0.312109 0.602344 0.275781 0.795313
0 0.287695 0.620313 0.125781 0.14375
0 0.162695 0.865625 0.0949219 0.109375
0 0.0669922 0.682813 0.121875 0.189063
0 0.351172 0.414453 0.345313 0.351562
0 0.737109 0.357764 0.111719 0.372754
0 0.163574 0.848437 0.10293 0.139063
0 0.680078 0.319141 0.242969 0.285156
0 0.316016 0.772656 0.159375 0.392188
0 0.396094 0.400391 0.125781 0.084375
0 0.630078 0.35 0.153125 0.192188
0 0.688281 0.529688 0.378125 0.5125
0 0.9125 0.535937 0.16875 0.24375
0 0.907813 0.161719 0.176563 0.226562
0 0.735156 0.658984 0.0625 0.0796875
0 0.519531 0.486719 0.129688 0.0953125
0 0.708984 0.29375 0.104688 0.128125
0 0.657031 0.307031 0.1125 0.0875
0 0.557031 0.878125 0.05625 0.06875
0 0.191406 0.0772461 0.0980469 0.154492
0 0.754687 0.203174 0.2125 0.371777
0 0.946875 0.659375 0.10625 0.2125
0 0.399609 0.421875 0.132031 0.132812
0 0.542969 0.860938 0.0859375 0.109375
0 0.181689 0.0499146 0.0944336 0.0868896
0 0.534766 0.7375 0.146094 0.165625
0 0.295703 0.358594 0.124219 0.117188
0 0.560938 0.739062 0.0945313 0.164062
0 0.485156 0.926562 0.13125 0.146875
0 0.181982 0.784375 0.14541 0.290625
0 0.939063 0.684375 0.11875 0.203125
0 0.915625 0.465234 0.165625 0.192969
0 0.702734 0.496484 0.180469 0.128906
0 0.0501465 0.138379 0.100293 0.237305
0 0.0590332 0.592188 0.118066 0.304688
0 0.267188 0.307422 0.1375 0.205469
0 0.725781 0.690625 0.129688 0.221875
0 0.650781 0.314453 0.0921875 0.078125
0 0.329102 0.280273 0.246484 0.407422
0 0.98125 0.00979004 0.0375 0.0195801
0 0.407031 0.397559 0.451562 0.342383
0 0.508594 0.9625 0.14375 0.075
0 0.485547 0.855859 0.209375 0.288281
0 0.571484 0.710938 0.0757812 0.125781
0 0.525 0.486719 0.096875 0.0859375
0 0.967578 0.0106079 0.0648438 0.0212158
0 0.699609 0.679688 0.140625 0.2125
0 0.767578 0.722656 0.152344 0.173438
0 0.765625 0.0845459 0.229687 0.143799
0 0.5625 0.873047 0.123438 0.253906
0 0.715625 0.525879 0.121875 0.40293
0 0.751563 0.393652 0.0421875 0.142383
0 0.498828 0.477344 0.158594 0.1
0 0.217578 0.491406 0.0917969 0.163281
0 0.216992 0.735938 0.0976562 0.14375
0 0.525781 0.894531 0.114063 0.145313
0 0.380859 0.125879 0.213281 0.173242
0 0.725391 0.79082 0.227344 0.240234
0 0.573438 0.707812 0.0671875 0.0984375
0 0.503516 0.189453 0.211719 0.292969
0 0.433594 0.410547 0.0703125 0.0914062
0 0.262109 0.595313 0.177344 0.3875
0 0.0626953 0.292236 0.11543 0.331152
0 0.333984 0.352734 0.0789063 0.0828125
0 0.722656 0.491406 0.1 0.104688
0 0.198877 0.463281 0.11709 0.09375
0 0.949609 0.37959 0.100781 0.264258
0 0.194189 0.448438 0.127246 0.107813
0 0.557031 0.480859 0.0875 0.071875
0 0.56875 0.686719 0.0703125 0.122656
0 0.416406 0.400781 0.0851563 0.0703125
0 0.338867 0.535059 0.251953 0.442383
0 0.398047 0.958203 0.11875 0.0835937
0 0.0681641 0.596484 0.121094 0.241406
0 0.201221 0.0784912 0.0600586 0.144189
0 0.304883 0.654688 0.13125 0.195312
0 0.947656 0.259766 0.104688 0.213672
0 0.808008 0.680469 0.358984 0.303125
0 0.744141 0.390625 0.0679687 0.195312
0 0.428516 0.455371 0.258594 0.23457
0 0.55625 0.917188 0.111719 0.165625
0 0.577344 0.711719 0.0585938 0.075
0 0.597656 0.397559 0.207813 0.250195
0 0.381152 0.501172 0.187695 0.410938
0 0.9125 0.823438 0.071875 0.0875
0 0.6625 0.567969 0.21875 0.310937
0 0.2625 0.344922 0.167187 0.328906
0 0.752344 0.446875 0.0484375 0.215625
0 9.76563e-05 0.101367 0.000195313 0.202734
0 0.609766 0.230469 0.141406 0.45
0 0.898438 0.458984 0.2 0.234375
0 0.877344 0.35332 0.228125 0.283984
0 0.717188 0.407031 0.115625 0.30625
0 0.576953 0.73125 0.059375 0.1
0 0.866406 0.23457 0.201563 0.183984
0 0.694531 0.361328 0.3625 0.666406
0 0.433203 0.960938 0.149219 0.078125
0 0.85332 0.311719 0.227734 0.25625
0 0.946875 0.714063 0.10625 0.210938
0 0.535937 0.799609 0.157813 0.400781
0 0.616016 0.355664 0.132812 0.238672
0 0.301953 0.746484 0.151562 0.482031
0 0 0.270508 0 0.197266
0 0.293359 0.338672 0.128125 0.1
0 0.345508 0.371875 0.0941406 0.122656
0 0.388672 0.398828 0.114063 0.115625
0 0.245361 0.75 0.263965 0.448438
0 0.254346 0.85293 0.29834 0.231641
0 0.305273 0.753516 0.416016 0.469531
0 0.728906 0.338281 0.0734375 0.110937
0 0.407031 0.787891 0.361719 0.424219
0 0.707031 0.635938 0.114063 0.164062
0 0.264111 0.631152 0.210059 0.661133
0 0.721094 0.313672 0.0921875 0.160156
0 0.273633 0.252539 0.327734 0.503516
0 0.529688 0.911719 0.09375 0.176563
0 0.739844 0.344922 0.0546875 0.105469
0 0.544531 0.925 0.078125 0.15
0 0.745313 0.351367 0.0421875 0.0980469
0 0.303125 0.405371 0.322656 0.20332
0 0.644922 0.410156 0.260156 0.26875
0 0.751563 0.362891 0.03125 0.0929688
0 0.30918 0.457129 0.326953 0.312305
0 0.29668 0.318555 0.330859 0.366797
0 0.244727 0.812305 0.269141 0.247266
0 0.721875 0.349609 0.0984375 0.172656
0 0.672656 0.466504 0.210938 0.520117
0 0.519141 0.9625 0.114063 0.075
0 0.780469 0.474121 0.265625 0.467383
0 0.749219 0.374023 0.0421875 0.145703
0 0.721484 0.330469 0.0867188 0.404687
0 0.715625 0.342383 0.1 0.119141
0 0.192578 0.0880859 0.0652344 0.154297
0 0.310742 0.405078 0.316797 0.29375
0 0.428125 0.439844 0.309375 0.21875
0 0.213086 0.461719 0.0929688 0.08125
0 0.728906 0.420703 0.0890625 0.305469
0 0.429688 0.491406 0.314063 0.273438
0 0.270313 0.40791 0.228125 0.198242
0 0.753906 0.387598 0.034375 0.12793
0 0.713672 0.280469 0.0664062 0.15
0 0.363086 0.615625 0.395703 0.642188
0 0.549219 0.910937 0.0671875 0.134375
0 0.743359 0.35625 0.053125 0.136719
0 0.210547 0.817187 0.191406 0.215625
0 0.249219 0.644141 0.239063 0.327344
0 0.708984 0.518066 0.132031 0.42168
0 0.554688 0.926562 0.0546875 0.146875
0 0.738281 0.343164 0.0671875 0.135547
0 0.441797 0.832812 0.275781 0.31875
0 0.349609 0.793945 0.486719 0.393359
0 0.540625 0.900781 0.075 0.1125
0 0.172754 0.0828125 0.102148 0.165625
0 0.371289 0.393652 0.200391 0.186133
0 0.199023 0.0993164 0.0480469 0.123633
0 0.119238 0.0955078 0.206836 0.190625
0 0.725 0.20625 0.0859375 0.4125
0 0.5125 0.933594 0.120313 0.132812
0 0.703125 0.303711 0.13125 0.235547
0 0.287305 0.701563 0.314453 0.55
0 0.532813 0.9125 0.090625 0.13125
0 0.525391 0.470313 0.528906 0.517188
0 0.617969 0.382812 0.321875 0.2625
0 0.710547 0.603125 0.11875 0.238281
0 0.263477 0.535156 0.203516 0.249219
0 0.218311 0.274219 0.333691 0.548438
0 0.525 0.946484 0.0953125 0.107031
0 0.449316 0.902344 0.254492 0.195312
0 0.539844 0.482812 0.0796875 0.0734375
0 0.241211 0.838281 0.255859 0.173438
0 0.75 0.401563 0.053125 0.260156
0 0.153906 0.0847656 0.142969 0.168164
0 0.742578 0.382422 0.059375 0.174219
0 0.216016 0.845313 0.199219 0.15
0 0.685156 0.423438 0.176563 0.2875
0 0.757031 0.370313 0.0359375 0.0875
0 0.721094 0.299805 0.071875 0.167578
0 0.716406 0.330859 0.0859375 0.09375
0 0.713281 0.273242 0.0484375 0.145313
0 0.483984 0.845703 0.202344 0.308594
0 0.726562 0.2375 0.075 0.338281
0 0.557031 0.939844 0.046875 0.120313
0 0.316406 0.621094 0.0898438 0.110937
0 0.285352 0.495215 0.240234 0.393945
0 0.196875 0.453906 0.114844 0.096875
0 0.498828 0.916406 0.155469 0.167187
0 0.429688 0.410156 0.279687 0.196875
0 0.240967 0.86875 0.265723 0.121875
0 0.274414 0.749219 0.201953 0.390625
0 0.746484 0.202734 0.172656 0.405469
0 0.223828 0.667969 0.279687 0.576563
0 0.73125 0.333398 0.0875 0.295703
0 0.252539 0.337061 0.251953 0.337598
0 0.691797 0.628906 0.0828125 0.160938
0 0.203467 0.771094 0.187598 0.315625
0 0.713281 0.380078 0.121875 0.244531
0 0.178125 0.0922119 0.0847656 0.133154
0 0.558984 0.960938 0.0367188 0.078125
0 0.627344 0.29082 0.284375 0.387109
0 0.709375 0.247852 0.040625 0.0898438
0 0.3375 0.510547 0.351562 0.411719
0 0.314453 0.607813 0.0765625 0.0984375
0 0.707812 0.283594 0.0953125 0.146094
0 0.707031 0.658594 0.10625 0.11875
0 0.546875 0.960938 0.0578125 0.078125
0 0.823242 0.424609 0.312891 0.338281
0 0.558203 0.482812 0.0773438 0.0710938
0 0.614844 0.330273 0.325 0.251172
0 0.755469 0.411816 0.0351562 0.145117
0 0.121191 0.146387 0.242383 0.263477
0 0.344141 0.649219 0.034375 0.0859375
0 0.198047 0.0500488 0.0476562 0.0782227
0 0.713281 0.309766 0.09375 0.116406
0 0.338086 0.629687 0.0492188 0.109375
0 0.555859 0.896094 0.0539063 0.0984375
0 0.533984 0.955469 0.078125 0.0890625
0 0.220654 0.447656 0.119629 0.129688
0 0.738281 0.277539 0.0984375 0.282422
0 0.686719 0.614453 0.0765625 0.126563
0 0.671094 0.29375 0.19375 0.228125
0 0.751953 0.398047 0.0414063 0.158594
0 0.192139 0.107813 0.0774414 0.211719
0 0.751172 0.348242 0.0539063 0.111328
0 0.199414 0.872656 0.166406 0.1
0 0.278125 0.635156 0.175781 0.24375
0 0.688672 0.521484 0.189844 0.400781
0 0.27207 0.539844 0.203125 0.3875
0 0.709375 0.43584 0.13125 0.35332
0 0.469434 0.638281 0.617383 0.723437
0 0.223828 0.360547 0.291797 0.721094
0 0.426172 0.868945 0.314063 0.262109
0 0.175 0.13418 0.195312 0.264453
0 0.213086 0.65625 0.284766 0.379688
0 0.407715 0.900781 0.356445 0.198437
0 0.662891 0.566406 0.214844 0.328125
0 0.330078 0.621094 0.0628906 0.127344
0 0.691406 0.275586 0.153125 0.253516
0 0.221875 0.496875 0.125781 0.210156
0 0.683203 0.211768 0.189844 0.376465
0 0.551562 0.809375 0.10625 0.38125
0 0.203516 0.107324 0.0335938 0.105273
0 0.267773 0.583594 0.198828 0.25
0 0.732813 0.638281 0.1625 0.165625
0 0.738281 0.401172 0.071875 0.160156
0 0.70625 0.243945 0.0304688 0.0757812
0 0.228955 0.407813 0.137402 0.200781
0 0.129395 0.133887 0.203711 0.260352
0 0.530859 0.805859 0.0992187 0.388281
0 0.11416 0.106348 0.22832 0.211523
0 0.823438 0.398535 0.178125 0.243555
0 0.4875 0.944531 0.173438 0.110937
0 0.400781 0.527734 0.25625 0.347656
0 0.564844 0.888281 0.034375 0.0765625
0 0.798438 0.381641 0.134375 0.208594
0 0.539453 0.723828 0.129688 0.108594
0 0.63125 0.286328 0.282813 0.239063
0 0.24707 0.509375 0.169141 0.253125
0 0.555078 0.916406 0.0945313 0.167187
0 0.299805 0.621094 0.125391 0.117188
0 0.528906 0.967578 0.0890625 0.0648438
0 0.714063 0.674219 0.090625 0.0875
0 0.188672 0.849219 0.14375 0.148438
0 0.679688 0.623438 0.06875 0.159375
0 0.197266 0.469141 0.0570313 0.0664062
0 0.761328 0.353906 0.0835937 0.161719
0 0.623438 0.584375 0.2625 0.290625
0 0.523047 0.923438 0.108594 0.153125
0 0.398047 0.418848 0.121094 0.0919922
0 0.663281 0.570312 0.034375 0.059375
0 0.189063 0.465234 0.059375 0.0703125
0 0.204102 0.238281 0.194922 0.476562
0 0.525391 0.49375 0.11875 0.0960938
0 0.293945 0.370117 0.105859 0.101953
0 0.251953 0.571875 0.132812 0.129688
0 0.5 0.581934 0.56875 0.548633
0 0.151855 0.875 0.0701172 0.0859375
0 0.234766 0.551172 0.09375 0.128125
0 0.549219 0.500391 0.08125 0.0984375
0 0.189258 0.148633 0.114063 0.292578
0 0.339844 0.647656 0.0421875 0.0984375
0 0.666406 0.372656 0.2125 0.250781
0 0.755078 0.436035 0.034375 0.129492
0 0.178516 0.112012 0.0730469 0.12207
0 0.209814 0.0877197 0.0881836 0.166357
0 0.754297 0.579297 0.210156 0.285938
0 0.417969 0.419531 0.0960938 0.0976562
0 0.735938 0.484375 0.078125 0.479688
0 0.715625 0.560156 0.151562 0.307813
0 0.490234 0.450098 0.188281 0.17793
0 0.6625 0.557031 0.0429688 0.096875
0 0.163184 0.871875 0.100195 0.09375
0 0.70625 0.245703 0.0546875 0.103125
0 0.526953 0.482031 0.0898438 0.0671875
0 0.560156 0.488281 0.0609375 0.0625
0 0.521875 0.884961 0.110937 0.230078
0 0.741406 0.325 0.0796875 0.15
0 0.721094 0.383594 0.0921875 0.174219
0 0.569922 0.478906 0.065625 0.0734375
0 0.297461 0.318945 0.230078 0.372266
0 0.194531 0.435937 0.107031 0.123438
0 0.152051 0.857813 0.0759766 0.120313
0 0.663281 0.578906 0.028125 0.0484375
0 0.428125 0.411328 0.0703125 0.0804688
0 0.182812 0.0660156 0.0777344 0.110937
0 0.364648 0.928125 0.0566406 0.075
0 0.48125 0.892969 0.192188 0.214062
0 0.671875 0.608984 0.0695313 0.136719
0 0.682031 0.554688 0.075 0.13125
0 0.539062 0.745313 0.132812 0.159375
0 0.352539 0.925 0.0714844 0.078125
0 0.657422 0.257227 0.224219 0.285547
0 0.540625 0.894531 0.0765625 0.210938
0 0.188867 0.0500977 0.071875 0.0767578
0 0.491797 0.741406 0.0617188 0.0734375
0 0.482422 0.745313 0.071875 0.0796875
0 0.543359 0.875781 0.0796875 0.11875
0 0.761719 0.414941 0.0734375 0.260742
0 0.337891 0.306445 0.217188 0.355859
0 0.347852 0.660156 0.0359375 0.075
0 0.328516 0.921875 0.135937 0.0921875
0 0.200781 0.118555 0.0371094 0.0962891
0 0.692187 0.274805 0.0867188 0.190234
0 0.205078 0.212695 0.0910156 0.425391
0 0.200391 0.192578 0.14375 0.379688
0 0.330859 0.748047 0.120313 0.457031
0 0.203125 0.036731 0.0484375 0.0499756
0 0.702734 0.686328 0.06875 0.0648438
0 0.341602 0.923438 0.0980469 0.084375
0 0.7 0.679688 0.0921875 0.0765625
0 0.328711 0.643359 0.0675781 0.115625
0 0.432031 0.425098 0.0703125 0.106055
0 0.196045 0.149609 0.0774414 0.291797
0 0.509375 0.621094 0.259375 0.364063
0 0.204688 0.128809 0.0273438 0.0652344
0 0.219092 0.541797 0.105566 0.122656
0 0.158496 0.84375 0.0939453 0.146875
0 0.384473 0.4125 0.10918 0.108594
0 0.674219 0.547266 0.0546875 0.105469
0 0.3125 0.635938 0.103125 0.142188
0 0.758203 0.460938 0.0351562 0.09375
0 0.666016 0.532813 0.0507812 0.08125
0 0.482422 0.928125 0.196094 0.14375
0 0.694531 0.523438 0.128125 0.129688
0 0.149829 0.158203 0.183154 0.298438
0 0.339453 0.632031 0.0640625 0.140625
0 0.259424 0.894531 0.340527 0.210938
0 0.682813 0.596094 0.0640625 0.0953125
0 0.402246 0.434766 0.12832 0.126563
0 0.73125 0.288281 0.0828125 0.179688
0 0.672656 0.558984 0.0453125 0.0867188
0 0.526563 0.735938 0.148438 0.129688
0 0.289062 0.623047 0.146875 0.200781
0 0.140723 0.772266 0.262305 0.311719
0 0.661719 0.606641 0.220313 0.232031
0 0.342969 0.659375 0.0476562 0.0953125
0 0.268359 0.875 0.257031 0.18125
0 0.660937 0.549219 0.0546875 0.096875
0 0.373828 0.486328 0.269531 0.329688
0 0.579688 0.478125 0.0460938 0.0609375
0 0.673438 0.59375 0.0570313 0.090625
0 0.664844 0.516406 0.05625 0.0898438
0 0.681641 0.569531 0.0609375 0.123438
0 0.564844 0.875 0.0421875 0.0671875
0 0.296289 0.733594 0.162109 0.4625
0 0.234766 0.388965 0.171484 0.237695
0 0.505469 0.728125 0.103125 0.101562
0 0.735156 0.425 0.0789063 0.147656
0 0.238672 0.567969 0.109766 0.109375
0 0.685938 0.534766 0.0953125 0.132031
0 0.560547 0.717188 0.0875 0.090625
0 0.736719 0.484766 0.0703125 0.140625
0 0.155469 0.401953 0.272266 0.216406
0 0.644531 0.511816 0.259375 0.341992
0 0.232617 0.559375 0.08125 0.101562
0 0.662109 0.584766 0.0335938 0.0578125
0 0.658594 0.521094 0.04375 0.0546875
0 0.20708 0.118555 0.0866211 0.231641
0 0.75625 0.475 0.034375 0.115625
0 0.327148 0.608594 0.0484375 0.0960938
0 0.186523 0.342969 0.298047 0.328125
0 0.307031 0.357422 0.111719 0.0914062
0 0.753125 0.457031 0.0382813 0.121875
0 0.70625 0.237695 0.0382813 0.0835937
0 0.400781 0.748438 0.242969 0.465625
0 0.697656 0.3125 0.0875 0.0929688
0 0.134961 0.883594 0.0376953 0.071875
0 0.521875 0.803906 0.142188 0.392188
0 0.697656 0.551562 0.104688 0.153125
0 0.36875 0.467187 0.441406 0.354688
0 0.212891 0.435547 0.0941406 0.117188
0 0.613281 0.923438 0.198437 0.153125
0 0.549219 0.873438 0.06875 0.084375
0 0.749219 0.474219 0.046875 0.138281
0 0.531641 0.885156 0.0890625 0.1125
0 0.508984 0.475781 0.160156 0.201563
0 0.68125 0.644141 0.05625 0.132031
0 0.442969 0.425 0.05 0.0953125
0 0.638281 0.45 0.2875 0.307031
0 0.369531 0.4125 0.114844 0.123438
0 0.555469 0.735156 0.103125 0.13125
0 0.328906 0.628906 0.09375 0.160938
0 0.182031 0.129883 0.0785156 0.101172
0 0.747266 0.502344 0.0585938 0.43125
0 0.130371 0.29082 0.176758 0.581641
0 0.23667 0.696094 0.22666 0.39375
0 0.232422 0.454688 0.0601563 0.071875
0 0.346289 0.631152 0.474609 0.714258
0 0.666406 0.407813 0.20625 0.266406
0 0.260547 0.246289 0.330469 0.492578
0 0.255664 0.593848 0.276172 0.743555
0 0.260938 0.837305 0.284375 0.234766
0 0.176758 0.251172 0.191016 0.502344
0 0.254102 0.342578 0.299609 0.685156
0 0.480371 0.649121 0.575195 0.67207
0 0.239111 0.666797 0.258496 0.541406
0 0.178467 0.384375 0.203223 0.76875
0 0.561719 0.482031 0.0671875 0.0640625
0 0.238672 0.751953 0.258594 0.367969
0 0.698047 0.412109 0.147656 0.259375
0 0.565234 0.632422 0.411719 0.735156
0 0.611719 0.569141 0.323438 0.607031
0 0.525 0.909375 0.1 0.175
0 0.135767 0.077124 0.167529 0.148877
0 0.349609 0.732422 0.489844 0.488281
0 0.211719 0.458594 0.0984375 0.08125
0 0.558984 0.487109 0.0445313 0.059375
0 0.198877 0.566016 0.361621 0.755469
0 0.549219 0.48125 0.0453125 0.06875
0 0.755859 0.392969 0.0398437 0.18125
0 0.378125 0.388281 0.171875 0.165625
0 0.34707 0.822656 0.454297 0.339063
0 0.698047 0.508984 0.152344 0.464063
0 0.717969 0.267188 0.040625 0.149219
0 0.20542 0.466406 0.0821289 0.0703125
0 0.125781 0.251953 0.251563 0.503906
0 0.191064 0.444531 0.0944336 0.111719
0 0.663281 0.501172 0.221875 0.454688
0 0.28418 0.760938 0.183203 0.382812
0 0.256299 0.349219 0.219434 0.308594
0 0.449219 0.438184 0.258594 0.170508
0 0.558594 0.921875 0.046875 0.15625
0 0.617188 0.400098 0.213281 0.266992
0 0.54375 0.479688 0.065625 0.0671875
0 0.301172 0.40625 0.272656 0.203125
0 0.239453 0.542188 0.389844 0.903125
0 0.208545 0.4375 0.109473 0.129688
0 0.163574 0.0870117 0.116602 0.163281
0 0.111133 0.082251 0.222266 0.162842
0 0.715234 0.250391 0.0351562 0.1375
0 0.191406 0.460938 0.0652344 0.0734375
0 0.262451 0.398438 0.18916 0.196875
0 0.677734 0.325586 0.172656 0.394141
0 0.503125 0.909375 0.140625 0.18125
0 0.312109 0.435156 0.303906 0.25625
0 0.183008 0.430469 0.0960938 0.138281
0 0.744141 0.338672 0.0414063 0.132812
0 0.678125 0.332227 0.173438 0.260547
0 0.38125 0.548047 0.191406 0.450781
0 0.257227 0.696094 0.223828 0.284375
0 0.758203 0.427734 0.0414063 0.230469
0 0.229492 0.824219 0.228125 0.198437
0 0.751563 0.363672 0.0375 0.141406
0 0.189111 0.478125 0.0358398 0.0625
0 0.702344 0.282813 0.116406 0.544531
0 0.751563 0.408496 0.040625 0.223633
0 0.566406 0.921484 0.04375 0.157031
0 0.35918 0.404687 0.212109 0.198437
0 0.182617 0.346484 0.192969 0.311719
0 0.184033 0.467969 0.0397461 0.0640625
0 0.657813 0.526563 0.0359375 0.0453125
0 0.185107 0.09729 0.0688477 0.146436
0 0.665625 0.271289 0.192188 0.273047
0 0.418848 0.896875 0.323242 0.20625
0 0.749219 0.373437 0.0375 0.182812
0 0.419922 0.42041 0.213281 0.181055
0 0.476562 0.897656 0.184375 0.204688
0 0.567578 0.491406 0.0664062 0.071875
0 0.721875 0.671094 0.078125 0.0867188
0 0.475391 0.448535 0.192969 0.179492
0 0.346484 0.647656 0.0359375 0.103125
0 0.135742 0.890625 0.0324219 0.05625
0 0.721094 0.269141 0.0546875 0.160938
0 0.542969 0.475 0.0484375 0.0578125
0 0.364063 0.888281 0.432031 0.223438
0 0.707031 0.213867 0.0390625 0.169141
0 0.715234 0.336719 0.0914062 0.158594
0 0.216455 0.404785 0.118652 0.195117
0 0.730469 0.330469 0.071875 0.141406
0 0.704297 0.381348 0.117969 0.31543
0 0.738672 0.329688 0.0460938 0.127344
0 0.563281 0.964844 0.0296875 0.0671875
0 0.682813 0.348828 0.164062 0.153906
0 0.116016 0.176367 0.232031 0.332031
0 0.503125 0.96875 0.146875 0.0625
0 0.158398 0.875 0.0886719 0.0875
0 0.275342 0.864062 0.233691 0.184375
0 0.711719 0.235352 0.0328125 0.143359
0 0.560938 0.480078 0.0875 0.0796875
0 0.552734 0.907813 0.05 0.15
0 0.728125 0.29668 0.05 0.124219
0 0.732813 0.309766 0.0609375 0.139063
0 0.322461 0.633984 0.336328 0.732031
0 0.149609 0.883594 0.0636719 0.0734375
0 0.248047 0.460938 0.0351562 0.0765625
0 0.549219 0.489844 0.071875 0.0804688
0 0.758594 0.469531 0.0359375 0.107813
0 0.225391 0.451172 0.0691406 0.0875
0 0.3375 0.618359 0.0429688 0.124219
0 0.724219 0.41416 0.1 0.273242
0 0.562598 0.38916 0.404492 0.285742
0 0.333594 0.275391 0.464063 0.535937
0 0.497656 0.925 0.152344 0.15
0 0.342578 0.619531 0.0398437 0.10625
0 0.709375 0.257617 0.0578125 0.192578
0 0.14209 0.0837402 0.227539 0.16748
0 0.178906 0.0800781 0.0882813 0.151562
0 0.263281 0.546094 0.185547 0.278125
0 0.565625 0.289844 0.338281 0.525
0 0.169141 0.425 0.0609375 0.142969
0 0.325977 0.605469 0.0488281 0.090625
0 0.761328 0.420312 0.0398437 0.176563
0 0.713281 0.290234 0.084375 0.133594
0 0.186914 0.415625 0.148047 0.169531
0 0.70625 0.689063 0.05 0.0546875
0 0.542969 0.914062 0.071875 0.142188
0 0.198047 0.0876953 0.05 0.175391
0 0.139258 0.879687 0.0445313 0.08125
0 0.700781 0.302148 0.101562 0.115234
0 0.316797 0.504785 0.254688 0.41543
0 0.658594 0.425781 0.215625 0.373437
0 0.51875 0.78125 0.139063 0.4375
0 0.329688 0.615625 0.0664062 0.107813
0 0.394922 0.405371 0.164844 0.192383
0 0.206641 0.086084 0.0476562 0.172168
0 0.35 0.659375 0.034375 0.0914062
0 0.560938 0.927344 0.034375 0.134375
0 0.377734 0.482422 0.178906 0.327344
0 0.204248 0.852344 0.173535 0.142188
0 0.562891 0.900781 0.0390625 0.13125
0 0.488281 0.941406 0.170313 0.117188
0 0.15459 0.89375 0.0728516 0.1
0 0.699219 0.691797 0.0421875 0.0523438
0 0.147046 0.130664 0.152393 0.256641
0 0.222461 0.50625 0.106641 0.209375
0 0.473438 0.361914 0.589063 0.421484
0 0.203516 0.110571 0.0320312 0.116357
0 0.235156 0.45 0.0476562 0.0890625
0 0.103223 0.224219 0.206445 0.438281
0 0.236377 0.390527 0.159277 0.22207
0 0.534375 0.476953 0.0671875 0.0585938
0 0.500781 0.969531 0.220313 0.0609375
0 0.466406 0.820508 0.217969 0.340234
0 0.242969 0.45 0.0390625 0.0859375
0 0.757812 0.450391 0.0375 0.166406
0 0.209424 0.35332 0.121777 0.290234
0 0.0982422 0.280469 0.0304688 0.0539063
0 0.658594 0.338672 0.190625 0.585156
0 0.632422 0.409766 0.297656 0.302344
0 0.563379 0.499219 0.41543 0.467187
0 0.619531 0.275391 0.239063 0.550781
0 0.560938 0.953125 0.0328125 0.0875
0 0.178516 0.133105 0.135156 0.261133
0 0.726562 0.294922 0.046875 0.171094
0 0.70625 0.553906 0.121875 0.3375
0 0.708203 0.246484 0.0914062 0.492969
0 0.744531 0.405469 0.0554687 0.20625
0 0.20625 0.123438 0.0289063 0.0832031
0 0.403809 0.40459 0.0908203 0.0923828
0 0.503125 0.494531 0.140625 0.123438
0 0.119043 0.376172 0.238086 0.752344
0 0.700781 0.278906 0.1 0.163281
0 0.716406 0.321289 0.0875 0.463672
0 0.237939 0.8875 0.24209 0.09375
0 0.177393 0.455469 0.0514648 0.0835937
0 0.532031 0.482812 0.084375 0.0703125
0 0.707812 0.242139 0.0453125 0.175098
0 0.209375 0.0421387 0.0375 0.0745117
0 0.285156 0.535254 0.234375 0.40918
0 0.206641 0.133398 0.0265625 0.0587891
0 0.574219 0.478906 0.059375 0.0578125
0 0.394141 0.531934 0.170313 0.356445
0 0.18833 0.832031 0.145996 0.184375
0 0.333594 0.611719 0.0355469 0.1
0 0.24458 0.527344 0.139746 0.234375
0 0.709766 0.649219 0.103125 0.1375
0 0.223877 0.320703 0.265527 0.351562
0 0.405371 0.760547 0.304883 0.428906
0 0.907031 0.0015625 0.185938 0.003125
0 0.661719 0.520312 0.053125 0.0578125
0 0.195508 0.447266 0.255859 0.894531
0 0.268555 0.898438 0.290234 0.184375
0 0.733594 0.316406 0.0429688 0.135937
0 0.665625 0.453809 0.210156 0.186133
0 0.689063 0.233203 0.114063 0.466406
0 0.206055 0.0900147 0.0394531 0.143018
0 0.187842 0.38125 0.153223 0.239063
0 0.294531 0.876563 0.190625 0.15
0 0.318359 0.333984 0.0492188 0.0460938
0 0.207227 0.055957 0.0425781 0.108203
0 0.254492 0.287109 0.0359375 0.114063
0 0.113086 0.0634277 0.226172 0.126855
0 0.183154 0.864844 0.136035 0.120313
0 0.390625 0.391406 0.139063 0.0625
0 0.0993164 0.012439 0.198633 0.0248779
0 0.442188 0.291797 0.65 0.5625
0 0.6 0.361914 0.31875 0.390234
0 0.219336 0.459375 0.0890625 0.109375
0 0.446875 0.427734 0.0421875 0.120313
0 0.318164 0.603125 0.075 0.090625
0 0.216748 0.477734 0.108691 0.160938
0 0.0754883 0.00869141 0.150977 0.0173828
0 0.234717 0.6875 0.230566 0.36875
0 0.640625 0.498828 0.28125 0.139844
0 0.267773 0.585547 0.192188 0.444531
0 0.480859 0.941406 0.176563 0.117188
0 0.676172 0.309766 0.03125 0.075
0 0.534375 0.761328 0.109375 0.477344
0 0.114453 0.123926 0.219531 0.244336
0 0.710547 0.684375 0.0671875 0.059375
0 0.614844 0.495313 0.165625 0.105469
0 0.161523 0.00150146 0.298438 0.00300293
0 0.386328 0.391406 0.0757812 0.0671875
0 0.580469 0.426953 0.267188 0.336719
0 0.152344 0.896875 0.0640625 0.06875
0 0.263086 0.657031 0.191016 0.201563
0 0.223779 0.453906 0.130566 0.128125
0 0.270703 0.00936279 0.20625 0.0187256
0 0.56875 0.901563 0.034375 0.11875
0 0.329297 0.599609 0.0375 0.0757812
0 0.663672 0.313672 0.210156 0.175
0 0.134863 0.9 0.0324219 0.05
0 0.571094 0.665234 0.125 0.439844
0 0.428223 0.464746 0.232617 0.236133
0 0.702344 0.19082 0.0375 0.123828
0 0.31543 0.310107 0.389453 0.372754
0 0.425684 0.564746 0.18457 0.40957
0 0.907031 0.00965576 0.185938 0.0193115
0 0.546875 0.666406 0.146875 0.442188
0 0.7625 0.452734 0.0390625 0.189844
0 0.354492 0.670313 0.0308594 0.0734375
0 0.760156 0.485156 0.0328125 0.110937
0 0.600391 0.0405762 0.307031 0.0811523
0 0.721094 0.250195 0.0734375 0.394922
0 0.422266 0.416797 0.0875 0.110156
0 0.787305 0.19668 0.0253906 0.0472656
0 0.515625 0.830078 0.124219 0.339844
0 0.108594 0.596094 0.0355469 0.0578125
0 0.920313 0.839063 0.028125 0.046875
0 0.438672 0.415625 0.0546875 0.100781
0 0.655469 0.579688 0.223438 0.264844
0 0.705469 0.615234 0.10625 0.188281
0 0.337109 0.323242 0.241406 0.263672
0 0.214062 0.583594 0.0273438 0.0476562
0 0.151758 0.860938 0.0753906 0.114063
0 0.851758 0.00144043 0.296484 0.00288086
0 0.206836 0.476953 0.0671875 0.0765625
0 0.410156 0.854688 0.342187 0.2875
0 0.219141 0.575781 0.0425781 0.0671875
0 0.251172 0.278516 0.040625 0.139844
0 0.525781 0.00155029 0.298438 0.00310059
0 0.601172 0.00148926 0.297656 0.00297852
0 0.746875 0.663281 0.0359375 0.071875
0 0.219531 0.583984 0.0390625 0.0515625
0 0.686719 0.280859 0.0640625 0.155078
0 0.655078 0.517188 0.0484375 0.059375
0 0.115234 0.400781 0.0269531 0.0554687
0 0.928125 0.00102539 0.14375 0.00205078
0 0.759766 0.508203 0.0304688 0.0820312
0 0.159766 0.376953 0.034375 0.0664062
0 0.400391 0.395313 0.0984375 0.065625
0 0.463672 0.0015625 0.298438 0.003125
0 0.159375 0.41875 0.0609375 0.146094
0 0.616797 0.009021 0.20625 0.018042
0 0.538281 0.505469 0.0671875 0.110937
0 0.372266 0.38125 0.111719 0.0554687
0 0.153516 0.174023 0.151562 0.33125
0 0.605859 0.65625 0.188281 0.41875
0 0.210742 0.219922 0.112891 0.439844
0 0.108594 0.600781 0.0292969 0.05
0 0.871875 0.00904541 0.2125 0.0180908
0 0.71875 0.00808106 0.207813 0.0161621
0 0.559375 0.392578 0.267969 0.252344
0 0.344531 0.362891 0.0828125 0.107031
0 0.223438 0.418066 0.0617188 0.14043
0 0.555859 0.935938 0.0335938 0.128125
0 0.569531 0.00975342 0.209375 0.0195068
0 0.668359 0.00860596 0.214844 0.0172119
0 0.89375 0.0384277 0.2125 0.0768555
0 0.519922 0.0092041 0.213281 0.0184082
0 0.675 0.216992 0.103125 0.433984
0 0.557031 0.648828 0.10625 0.566406
0 0.207861 0.421484 0.0897461 0.161719
0 0.508594 0.4875 0.126563 0.0828125
0 0.550781 0.785156 0.110937 0.429688
0 0.301367 0.00148926 0.293359 0.00297852
0 0.342969 0.642188 0.040625 0.128125
0 0.328711 0.335352 0.0414063 0.0476562
0 0.554688 0.498437 0.298438 0.096875
0 0.196143 0.8875 0.159277 0.084375
0 0.690625 0.258252 0.071875 0.206152
0 0.316211 0.632812 0.090625 0.15625
0 0.517188 0.587891 0.146875 0.290625
0 0.203516 0.0845703 0.120703 0.161328
0 0.133203 0.389453 0.0738281 0.0734375
0 0.317578 0.00869141 0.213281 0.0173828
0 0.475 0.563379 0.203125 0.445117
0 0.351172 0.643359 0.503906 0.700781
0 0.438672 0.629004 0.660156 0.741992
0 0.582812 0.638672 0.378125 0.686719
0 0.265625 0.829688 0.2875 0.278125
0 0.183008 0.130762 0.10625 0.261523
0 0.282422 0.43125 0.361719 0.8625
0 0.230811 0.603027 0.314941 0.708008
0 0.524219 0.785352 0.15625 0.429297
0 0.178174 0.0974609 0.100684 0.194922
0 0.7125 0.416797 0.125 0.275
0 0.287061 0.660156 0.350098 0.626563
0 0.638281 0.631152 0.26875 0.69082
0 0.198779 0.161523 0.139941 0.323047
0 0.173438 0.426563 0.279297 0.853125
0 0.219922 0.394531 0.306641 0.789062
0 0.7125 0.475 0.126563 0.391406
0 0.65 0.411035 0.251563 0.274805
0 0.666016 0.463281 0.216406 0.553125
0 0.503906 0.846094 0.173438 0.307813
0 0.4625 0.847656 0.246875 0.304688
0 0.5375 0.858398 0.0828125 0.283203
0 0.544531 0.760156 0.117969 0.479688
0 0.264502 0.866406 0.260059 0.225
0 0.5375 0.905078 0.0796875 0.189844
0 0.206201 0.83125 0.172754 0.2125
0 0.541016 0.83125 0.121875 0.3375
0 0.199219 0.220313 0.142578 0.440625
0 0.688281 0.0827148 0.0453125 0.136914
0 0.655469 0.379785 0.23125 0.73418
0 0.170605 0.877344 0.113086 0.117188
0 0.348828 0.801367 0.479688 0.397266
0 0.698047 0.482715 0.158594 0.483008
0 0.247314 0.710156 0.272559 0.490625
0 0.557031 0.921875 0.053125 0.146875
0 0.179248 0.83457 0.12041 0.205859
0 0.736719 0.419531 0.08125 0.275781
0 0.688281 0.0925781 0.0390625 0.108398
0 0.708594 0.565625 0.128125 0.3125
0 0.373437 0.728125 0.43125 0.542188
0 0.202734 0.0858398 0.0589844 0.17168
0 0.752344 0.39375 0.046875 0.175781
0 0.192969 0.528906 0.343359 0.83125
0 0.687109 0.101538 0.0296875 0.0785645
0 0.162305 0.864062 0.0925781 0.10625
0 0.552344 0.878516 0.0578125 0.242969
0 0.549609 0.910937 0.0648438 0.140625
0 0.705469 0.284961 0.126563 0.516016
0 0.689063 0.112695 0.0359375 0.0806641
0 0.204297 0.0458984 0.0492188 0.0917969
0 0.698438 0.209766 0.13125 0.419531
0 0.211914 0.0206787 0.0320312 0.0413574
0 0.208008 0.112891 0.119531 0.225781
0 0.698438 0.358643 0.145313 0.383496
0 0.369727 0.861328 0.430859 0.277344
0 0.745313 0.379297 0.0515625 0.170313
0 0.739844 0.341211 0.0640625 0.115234
0 0.173145 0.211719 0.192773 0.41875
0 0.266406 0.562109 0.410938 0.875781
0 0.646094 0.447754 0.267188 0.39043
0 0.190039 0.0842773 0.0726563 0.16582
0 0.724219 0.339063 0.09375 0.117969
0 0.697656 0.204688 0.101562 0.409375
0 0.0278809 0.89375 0.0557617 0.104688
0 0.107617 0.598047 0.040625 0.0570313
0 0.181689 0.0982422 0.0913086 0.139844
0 0.710938 0.642188 0.103125 0.15
0 0.0317871 0.910937 0.0520508 0.0671875
0 0.652344 0.0777344 0.126563 0.155469
0 0.295508 0.473828 0.223828 0.360156
0 0.537109 0.659375 0.173438 0.428125
0 0.696875 0.615234 0.154688 0.650781
0 0.166602 0.341406 0.198047 0.682813
0 0.685938 0.0795898 0.0695313 0.15918
0 0.196533 0.0592773 0.0631836 0.118555
0 0.169824 0.627441 0.297852 0.632617
0 0.722656 0.671484 0.08125 0.0898438
0 0.0364136 0.917188 0.0418213 0.065625
0 0.180908 0.871875 0.147559 0.14375
0 0.747656 0.405078 0.0546875 0.227344
0 0.555078 0.964453 0.0445313 0.0710938
0 0.26582 0.771875 0.242578 0.392188
0 0.166016 0.900781 0.0941406 0.0765625
0 0.653125 0.110742 0.126563 0.221484
0 0.514844 0.9625 0.11875 0.075
0 0.163574 0.12373 0.136523 0.247461
0 0.219189 0.219531 0.106152 0.439063
0 0.677344 0.353516 0.185938 0.319531
0 0.619531 0.0619629 0.046875 0.0504883
0 0.985938 0.0137207 0.028125 0.0274414
0 0.557031 0.951563 0.0390625 0.096875
0 0.686719 0.405078 0.18125 0.660156
0 0.754687 0.472656 0.046875 0.154688
0 0.196875 0.096875 0.0578125 0.152734
0 0.464063 0.89375 0.223438 0.2125
0 0.714063 0.278906 0.05625 0.146484
0 0.580469 0.245898 0.04375 0.0960938
0 0.170996 0.851562 0.11543 0.134375
0 0.162109 0.162109 0.215625 0.324219
0 0.586719 0.252539 0.0359375 0.0820312
0 0.153027 0.872656 0.0822266 0.0859375
0 0.226953 0.546875 0.107031 0.29375
0 0.485254 0.635547 0.238867 0.422656
0 0.515234 0.908594 0.11875 0.182812
0 0.617188 0.053125 0.05625 0.0625
0 0.692969 0.110449 0.0539063 0.220898
0 0.203711 0.105176 0.046875 0.181055
0 0.173438 0.136816 0.175 0.273633
0 0.275781 0.551172 0.191406 0.289844
0 0.112012 0.591016 0.0474609 0.0632813
0 0.238477 0.14834 0.108203 0.29668
0 0.755078 0.42334 0.0476562 0.22207
0 0.164258 0.856445 0.103906 0.174609
0 0.982031 0.017749 0.0359375 0.035498
0 0.625 0.0531738 0.0609375 0.078418
0 0.708594 0.24375 0.0359375 0.0742188
0 0.512891 0.951563 0.139844 0.096875
0 0.710938 0.259375 0.0453125 0.122656
0 0.139063 0.896875 0.05 0.053125
0 0.472754 0.678027 0.237305 0.639258
0 0.601562 0.413672 0.340625 0.666406
0 0.202734 0.14707 0.040625 0.146484
0 0.684375 0.414453 0.176563 0.275
0 0.588672 0.269922 0.0296875 0.0621094
0 0.145996 0.0925781 0.154883 0.185156
0 0.535937 0.94375 0.0875 0.1125
0 0.507031 0.970313 0.157031 0.059375
0 0.196289 0.702344 0.237109 0.401563
0 0.745313 0.349805 0.0546875 0.144141
0 0.224414 0.803125 0.213672 0.279687
0 0.204492 0.123438 0.0367188 0.128125
0 0.157129 0.913281 0.0849609 0.05
0 0.216016 0.0145752 0.0671875 0.0291504
0 0.206201 0.349219 0.13916 0.451562
0 0.714844 0.250391 0.0515625 0.0804688
0 0.673438 0.0794678 0.0765625 0.141064
0 0.489063 0.767969 0.207813 0.464063
0 0.0393555 0.929688 0.0394531 0.078125
0 0.11875 0.315625 0.178125 0.63125
0 0.294922 0.197998 0.0414063 0.0477539
0 0.542969 0.479688 0.0546875 0.0703125
0 0.309375 0.529297 0.241406 0.426563
0 0.988281 0.0154053 0.0234375 0.0308105
0 0.29668 0.897656 0.191016 0.178125
0 0.185547 0.886719 0.161719 0.1
0 0.740625 0.382422 0.0640625 0.2125
0 0.635156 0.0762695 0.170313 0.152539
0 0.610938 0.416797 0.2125 0.288281
0 0.367188 0.929688 0.053125 0.0828125
0 0.354883 0.410156 0.474609 0.820312
0 0.4 0.421094 0.765625 0.842188
0 0.703125 0.276953 0.078125 0.15625
0 0.715625 0.275391 0.078125 0.142969
0 0.113867 0.582422 0.053125 0.0859375
0 0.578906 0.728906 0.0546875 0.125
0 0.952344 0.0172363 0.0953125 0.0344727
0 0.560547 0.849219 0.0984375 0.301563
0 0.208008 0.0318115 0.0433594 0.063623
0 0.25332 0.605469 0.174609 0.434375
0 0.217188 0.02146 0.040625 0.0429199
0 0.668359 0.246484 0.199219 0.305469
0 0.232031 0.690234 0.230859 0.375781
0 0.69375 0.119336 0.0429688 0.104688
0 0.576953 0.229883 0.046875 0.0664062
0 0.154395 0.848437 0.0794922 0.1375
0 0.140039 0.88125 0.0558594 0.071875
0 0.101758 0.603906 0.0433594 0.05625
0 0.135254 0.890625 0.0458984 0.0609375
0 0.375781 0.526953 0.163281 0.447656
0 0.667188 0.305664 0.203125 0.268359
0 0.694531 0.171582 0.05625 0.343164
0 0.730859 0.323242 0.0765625 0.0886719
0 0.138477 0.857813 0.0886719 0.13125
0 0.110352 0.598437 0.05625 0.075
0 0.471094 0.933594 0.20625 0.132812
0 0.566406 0.521484 0.415625 0.502344
0 0.153418 0.895312 0.0759766 0.0859375
0 0.212109 0.0371338 0.0546875 0.0742676
0 0.540234 0.476953 0.040625 0.0632813
0 0.26543 0.465625 0.165625 0.390625
0 0.73125 0.309375 0.0703125 0.0804688
0 0.132227 0.898438 0.0363281 0.04375
0 0.701172 0.251172 0.0640625 0.0984375
0 0.572656 0.740625 0.0632813 0.1375
0 0.655859 0.175684 0.132812 0.351367
0 0.692969 0.103418 0.0476562 0.138086
0 0.508594 0.700781 0.164062 0.582812
0 0.126538 0.839844 0.195752 0.204688
0 0.696094 0.212695 0.0703125 0.425391
0 0.0375488 0.910937 0.0541992 0.08125
0 0.125488 0.220703 0.198633 0.441406
0 0.486328 0.908203 0.172656 0.183594
0 0.553125 0.482031 0.0695313 0.0703125
0 0.0962891 0.612891 0.0564453 0.078125
0 0.157813 0.977344 0.0269531 0.0453125
0 0.374219 0.927344 0.0421875 0.075
0 0.186328 0.0649414 0.0828125 0.110742
0 0.365039 0.951563 0.0433594 0.0671875
0 0.613281 0.317188 0.090625 0.0945313
0 0.549219 0.975781 0.0546875 0.0484375
0 0.709375 0.619531 0.114063 0.210938
0 0.755078 0.464941 0.0476562 0.351367
0 0.391309 0.393066 0.156445 0.0748047
0 0.435937 0.415234 0.05625 0.107031
0 0.516406 0.390625 0.517188 0.78125
0 0.491406 0.942187 0.167187 0.115625
0 0.141797 0.684375 0.251563 0.51875
0 0.367969 0.948438 0.0523438 0.09375
0 0.332227 0.451953 0.290234 0.317188
0 0.209375 0.773438 0.361719 0.373437
0 0.670313 0.208203 0.154688 0.416406
0 0.12959 0.145117 0.23457 0.290234
0 0.521484 0.58125 0.504687 0.635938
0 0.441797 0.431641 0.053125 0.114063
0 0.69375 0.0857422 0.0578125 0.154688
0 0.213281 0.248633 0.139844 0.488672
0 0.418359 0.532031 0.192969 0.351562
0 0.18125 0.340625 0.189844 0.422656
0 0.228564 0.391406 0.119434 0.473438
0 0.636328 0.0523438 0.0890625 0.0789063
0 0.208008 0.0541016 0.0660156 0.108203
0 0.565234 0.751953 0.0765625 0.167969
0 0.712109 0.209961 0.0992187 0.353516
0 0.679688 0.341797 0.182812 0.213281
0 0.164258 0.741016 0.226172 0.403906
0 0.43125 0.402441 0.059375 0.0779297
0 0.717969 0.511328 0.11875 0.561719
0 0.245703 0.553906 0.114063 0.121094
0 0.689844 0.280469 0.0734375 0.164062
0 0.717188 0.291016 0.09375 0.122656
0 0.759375 0.448438 0.05625 0.203125
0 0.564844 0.788281 0.0648438 0.0890625
0 0.713281 0.358789 0.101562 0.166016
0 0.73125 0.646875 0.0625 0.1125
0 0.917188 0.0026001 0.165625 0.0052002
0 0.3625 0.383984 0.0890625 0.0648438
0 0.266211 0.646875 0.207813 0.279687
0 0.5625 0.813281 0.06875 0.129688
0 0.253174 0.00262451 0.239746 0.00524902
0 0.565625 0.908594 0.04375 0.13125
0 0.129663 0.112305 0.197705 0.224609
0 0.403516 0.394531 0.111719 0.0648438
0 0.0428223 0.940625 0.0394531 0.096875
0 0.0743652 0.307617 0.12627 0.615234
0 0.194727 0.76875 0.0734375 0.090625
0 0.296094 0.752734 0.196875 0.464844
0 0.611719 0.308984 0.0828125 0.0679687
0 0.202734 0.757812 0.0746094 0.0921875
0 0.71875 0.634375 0.090625 0.104688
0 0.182031 0.576563 0.185156 0.378125
0 0.217236 0.0874023 0.112402 0.174805
0 0.161914 0.263672 0.224609 0.439844
0 0.584375 0.659375 0.202344 0.428125
0 0.642188 0.0715332 0.107813 0.120996
0 0.638281 0.0838379 0.234375 0.167676
0 0.299219 0.195703 0.0539063 0.0621094
0 0.739453 0.663281 0.0523438 0.0859375
0 0.716406 0.319141 0.102344 0.0953125
0 0.428125 0.392188 0.0570313 0.0546875
0 0.378906 0.935156 0.11875 0.128125
0 0.382031 0.389062 0.096875 0.06875
0 0.192578 0.0863281 0.190625 0.172656
0 0.576172 0.753516 0.059375 0.105469
0 0.565625 0.878125 0.0789063 0.24375
0 0.192578 0.0294922 0.141406 0.0589844
0 0.159375 0.910156 0.0929688 0.0671875
0 0.338672 0.9125 0.124219 0.1125
0 0.357812 0.923438 0.0726563 0.084375
0 0.238672 0.461621 0.109766 0.442383
0 0.596484 0.465625 0.197656 0.441406
0 0.695703 0.137695 0.0445313 0.09375
0 0.594922 0.292188 0.0398437 0.0515625
0 0.532031 0.914062 0.0890625 0.146875
0 0.183984 0.127344 0.0722656 0.161719
0 0.553125 0.650781 0.151562 0.535937
0 0.525781 0.975781 0.103125 0.0484375
0 0.723437 0.370703 0.0890625 0.197656
0 0.663281 0.578125 0.20625 0.282813
0 0.134277 0.850781 0.138477 0.184375
0 0.655469 0.523438 0.05 0.0515625
0 0.206641 0.165234 0.0546875 0.175781
0 0.728906 0.317188 0.05625 0.117969
0 0.160742 0.832812 0.0828125 0.13125
0 0.166797 0.925 0.0425781 0.03125
0 0.589453 0.289062 0.0367188 0.0601563
0 0.814063 0.490625 0.304688 0.455469
0 0.469141 0.00133057 0.261719 0.00266113
0 0.0353516 0.907031 0.0633789 0.123438
0 0.396191 0.453223 0.173242 0.291992
0 0.164941 0.817969 0.0740234 0.0953125
0 0.530859 0.00129395 0.275781 0.00258789
0 0.231836 0.22832 0.114453 0.414453
0 0.179102 0.84375 0.140625 0.157813
0 0.369336 0.921875 0.0738281 0.090625
0 0.621094 0.0693359 0.122656 0.138672
0 0.269922 0.700781 0.210156 0.370313
0 0.881445 0.000915527 0.237109 0.00183105
0 0.180273 0.890625 0.102734 0.1
0 0.433203 0.889844 0.333594 0.220313
0 0.7125 0.35918 0.117969 0.330859
0 0.789062 0.198437 0.028125 0.0429688
0 0.307422 0.475879 0.274219 0.35293
0 0.35 0.673438 0.491406 0.623438
0 0.707422 0.301953 0.117188 0.188281
0 0.224805 0.674219 0.277734 0.545313
0 0.25957 0.622559 0.201172 0.667383
0 0.709766 0.245312 0.11875 0.280469
0 0.254688 0.447656 0.390625 0.396875
0 0.156543 0.12666 0.143164 0.227539
0 0.29707 0.380469 0.310547 0.5125
0 0.249414 0.278906 0.406641 0.526563
0 0.226172 0.825781 0.233203 0.209375
0 0.452344 0.854688 0.288281 0.290625
0 0.270703 0.539844 0.209375 0.285938
0 0.673438 0.24375 0.185938 0.28125
0 0.127441 0.12666 0.206055 0.227148
0 0.318359 0.426465 0.286719 0.264258
0 0.646875 0.192578 0.222656 0.367969
0 0.307422 0.592578 0.26875 0.577344
0 0.151074 0.161719 0.247852 0.304688
0 0.552344 0.91875 0.0609375 0.125
0 0.240186 0.753125 0.264941 0.409375
0 0.559375 0.48125 0.0796875 0.0671875
0 0.682422 0.206299 0.117188 0.30459
0 0.38125 0.85625 0.404687 0.2875
0 0.618359 0.0425293 0.059375 0.0591797
0 0.281592 0.834375 0.346973 0.223438
0 0.367188 0.747266 0.442969 0.505469
0 0.371289 0.492578 0.433984 0.367969
0 0.368359 0.650391 0.705469 0.699219
0 0.246289 0.587598 0.270703 0.674805
0 0.686328 0.286133 0.0617188 0.116406
0 0.256299 0.373242 0.376465 0.676953
0 0.662891 0.53125 0.0578125 0.0609375
0 0.585156 0.281641 0.378125 0.538281
0 0.148926 0.214844 0.222461 0.39375
0 0.523438 0.849219 0.128125 0.292188
0 0.399609 0.331055 0.750781 0.654297
0 0.707812 0.248047 0.0328125 0.0902344
0 0.638281 0.305469 0.26875 0.529688
0 0.282422 0.753516 0.182031 0.446094
0 0.534375 0.922656 0.0828125 0.151562
0 0.564063 0.479688 0.0828125 0.09375
0 0.710938 0.260547 0.03125 0.0835937
0 0.696875 0.229883 0.0921875 0.255078
0 0.708594 0.294336 0.0984375 0.124609
0 0.665625 0.19082 0.154688 0.341797
0 0.707422 0.264258 0.0515625 0.146484
0 0.661719 0.528906 0.046875 0.0484375
0 0.553906 0.479688 0.05625 0.065625
0 0.724609 0.283789 0.122656 0.234766
0 0.274805 0.49375 0.213672 0.396875
0 0.671484 0.536719 0.0695313 0.0835937
0 0.448535 0.925 0.270117 0.15
0 0.203906 0.544434 0.334375 0.762695
0 0.183008 0.137109 0.179297 0.255469
0 0.560938 0.486719 0.0625 0.05625
0 0.196094 0.212451 0.292969 0.392285
0 0.179883 0.139648 0.348438 0.25
0 0.659766 0.526563 0.0359375 0.040625
0 0.707031 0.249609 0.0421875 0.111719
0 0.691406 0.269531 0.06875 0.164062
0 0.608203 0.0455566 0.0570313 0.0670898
0 0.577734 0.478906 0.046875 0.06875
0 0.263867 0.346875 0.383984 0.327344
0 0.717969 0.281641 0.0453125 0.125
0 0.214844 0.159961 0.370313 0.301172
0 0.744531 0.357812 0.0445313 0.071875
0 0.726562 0.315039 0.0671875 0.143359
0 0.716406 0.310547 0.109375 0.150781
0 0.741406 0.337109 0.0484375 0.110156
0 0.658594 0.302344 0.2375 0.179688
0 0.190576 0.361719 0.25166 0.689063
0 0.646094 0.39375 0.278125 0.315625
0 0.696094 0.143555 0.0414063 0.0582031
0 0.68125 0.298047 0.0484375 0.0992187
0 0.17793 0.828906 0.138281 0.2
0 0.441797 0.509375 0.571875 0.391406
0 0.672266 0.550781 0.0625 0.0875
0 0.516016 0.921875 0.113281 0.15625
0 0.548438 0.9 0.0648438 0.103125
0 0.585156 0.0443237 0.126563 0.0693604
0 0.751563 0.374219 0.03125 0.0554687
0 0.749219 0.366406 0.034375 0.0632813
0 0.676953 0.242578 0.186719 0.432813
0 0.673438 0.303906 0.0296875 0.0769531
0 0.226123 0.524219 0.119629 0.21875
0 0.158398 0.284375 0.216016 0.5375
0 0.564063 0.493359 0.0765625 0.0796875
0 0.465234 0.328125 0.616406 0.520312
0 0.610938 0.191016 0.3125 0.357422
0 0.705469 0.220264 0.0453125 0.143066
0 0.607813 0.50625 0.185156 0.122656
0 0.257227 0.803906 0.295703 0.279687
0 0.740625 0.343359 0.0625 0.1125
0 0.235156 0.205664 0.421875 0.376953
0 0.142969 0.869531 0.0640625 0.0953125
0 0.274658 0.875 0.347559 0.154688
0 0.701953 0.205859 0.0601563 0.188672
0 0.212939 0.460938 0.0803711 0.090625
0 0.542188 0.473828 0.0445313 0.0585938
0 0.751563 0.378809 0.040625 0.0767578
0 0.714453 0.193164 0.300781 0.361328
0 0.741406 0.25293 0.142188 0.277734
0 0.544531 0.484375 0.096875 0.0765625
0 0.541797 0.345898 0.478906 0.449609
0 0.592969 0.482031 0.14375 0.123438
0 0.63125 0.0465942 0.090625 0.0697021
0 0.173145 0.86875 0.123242 0.11875
0 0.531641 0.485156 0.111719 0.103906
0 0.536719 0.896094 0.0796875 0.207813
0 0.229687 0.344531 0.272266 0.320312
0 0.346875 0.805469 0.495313 0.365625
0 0.689844 0.149414 0.0554687 0.0675781
0 0.559375 0.904688 0.046875 0.1125
0 0.548438 0.914844 0.0671875 0.160938
0 0.696875 0.234766 0.059375 0.155469
0 0.212158 0.510156 0.0991211 0.2
0 0.604297 0.489063 0.203125 0.0921875
0 0.258545 0.49834 0.18916 0.256445
0 0.695703 0.175439 0.0640625 0.121777
0 0.725 0.332617 0.0890625 0.126953
0 0.186328 0.200781 0.189063 0.401563
0 0.719922 0.289258 0.0601563 0.153906
0 0.667969 0.523438 0.071875 0.0921875
0 0.489063 0.924219 0.175 0.151562
0 0.54375 0.477344 0.0328125 0.0640625
0 0.135742 0.879687 0.0443359 0.075
0 0.205469 0.319873 0.266797 0.38916
0 0.28125 0.674609 0.177344 0.296094
0 0.673047 0.302344 0.046875 0.0921875
0 0.7 0.196436 0.175 0.375879
0 0.223242 0.878906 0.233984 0.123438
0 0.324023 0.621875 0.0855469 0.110937
0 0.258936 0.457715 0.246191 0.768945
0 0.659375 0.520703 0.0484375 0.0515625
0 0.675781 0.555469 0.0640625 0.0671875
0 0.169043 0.703125 0.281445 0.482812
0 0.555078 0.936719 0.04375 0.11875
0 0.713672 0.274609 0.0679687 0.161719
0 0.555469 0.957812 0.0390625 0.08125
0 0.397559 0.201953 0.748633 0.382031
0 0.653906 0.539844 0.08125 0.084375
0 0.194873 0.434375 0.300879 0.86875
0 0.673438 0.315039 0.0320312 0.0734375
0 0.614062 0.0586426 0.0625 0.084668
0 0.649219 0.065332 0.167187 0.109375
0 0.717969 0.338086 0.117188 0.234766
0 0.559375 0.9625 0.03125 0.0625
0 0.745313 0.369531 0.0609375 0.0828125
0 0.527344 0.496094 0.13125 0.101562
0 0.677344 0.283008 0.065625 0.130078
0 0.396875 0.39541 0.0578125 0.0623047
0 0.542188 0.476172 0.06875 0.0695313
0 0.546875 0.969531 0.05625 0.0609375
0 0.573438 0.0462402 0.233594 0.0924805
0 0.362891 0.424121 0.197656 0.251758
0 0.430859 0.479297 0.688281 0.683594
0 0.259375 0.451172 0.198437 0.332031
0 0.276563 0.626563 0.184375 0.221875
0 0.619531 0.435156 0.223438 0.283594
0 0.134766 0.875 0.0566406 0.090625
0 0.463672 0.59375 0.649219 0.8125
0 0.658984 0.0977539 0.146094 0.176367
0 0.310937 0.339063 0.534375 0.663281
0 0.672656 0.331445 0.203906 0.498047
0 0.333008 0.622266 0.0597656 0.105469
0 0.155859 0.866406 0.0886719 0.107813
0 0.7125 0.400391 0.126563 0.367969
0 0.520312 0.961719 0.109375 0.0765625
0 0.18457 0.268945 0.210547 0.313672
0 0.181201 0.118555 0.0891602 0.223047
0 0.495313 0.439453 0.203125 0.174219
0 0.582031 0.494141 0.117188 0.119531
0 0.124414 0.156445 0.248828 0.278125
0 0.196826 0.464063 0.0618164 0.0828125
0 0.602734 0.39541 0.203906 0.304492
0 0.748047 0.199951 0.469531 0.371973
0 0.703906 0.523438 0.167187 0.116406
0 0.140845 0.833008 0.132764 0.190234
0 0.114258 0.367578 0.142578 0.666406
0 0.199414 0.455469 0.0761719 0.096875
0 0.0912354 0.315234 0.110498 0.591406
0 0.349219 0.665625 0.0460938 0.0703125
0 0.552344 0.496875 0.0796875 0.0765625
0 0.546094 0.940625 0.065625 0.11875
0 0.514844 0.941406 0.135937 0.117188
0 0.21792 0.45625 0.136816 0.311719
0 0.703516 0.185352 0.0804688 0.200391
0 0.194531 0.0578003 0.0671875 0.0984619
0 0.748438 0.381641 0.0484375 0.0992187
0 0.346094 0.655469 0.0359375 0.0703125
0 0.17207 0.336328 0.196875 0.3375
0 0.739453 0.335156 0.0742188 0.141406
0 0.18457 0.129004 0.132422 0.247852
0 0.0891602 0.181445 0.161719 0.339063
0 0.566406 0.90625 0.0375 0.109375
0 0.192627 0.0811523 0.0709961 0.151367
0 0.539844 0.485938 0.172656 0.08125
0 0.696875 0.544141 0.139063 0.135937
0 0.174512 0.154199 0.0962891 0.136133
0 0.729688 0.288672 0.071875 0.196094
0 0.689453 0.685156 0.0515625 0.0640625
0 0.540234 0.861133 0.0820312 0.274609
0 0.535937 0.469141 0.0546875 0.0539063
0 0.596094 0.0446289 0.0890625 0.0693359
0 0.30918 0.295264 0.248828 0.344629
0 0.696484 0.15 0.0632813 0.0867188
0 0.535937 0.896094 0.0765625 0.0984375
0 0.133691 0.861719 0.0697266 0.11875
0 0.960156 0.0161621 0.0796875 0.0323242
0 0.678125 0.320703 0.040625 0.0789063
0 0.710938 0.223242 0.065625 0.169141
0 0.563281 0.0443481 0.178125 0.0728272
0 0.205859 0.884375 0.190625 0.0984375
0 0.585547 0.475391 0.03125 0.0710938
0 0.638672 0.26958 0.224219 0.205371
0 0.234375 0.561719 0.253906 0.292188
0 0.589844 0.26875 0.028125 0.0578125
0 0.194531 0.0453979 0.05625 0.0715088
0 0.163062 0.716797 0.191846 0.428906
0 0.536719 0.50625 0.107813 0.0890625
0 0.251367 0.394434 0.180859 0.248633
0 0.133594 0.898438 0.0316406 0.0390625
0 0.94375 0.014209 0.1125 0.028418
0 0.653125 0.520312 0.06875 0.0859375
0 0.133105 0.892188 0.0351562 0.0484375
0 0.268555 0.421094 0.189453 0.249219
0 0.187109 0.0727539 0.0710938 0.112305
0 0.691797 0.215967 0.0710938 0.156348
0 0.682031 0.260938 0.0671875 0.152734
0 0.249219 0.552344 0.120313 0.129688
0 0.191602 0.484473 0.146484 0.25293
0 0.692969 0.689063 0.03125 0.053125
0 0.400098 0.398828 0.0763672 0.0726563
0 0.588281 0.260156 0.0328125 0.0675781
0 0.602344 0.0572754 0.248438 0.114551
0 0.696875 0.139648 0.0515625 0.0738281
0 0.109961 0.126758 0.219922 0.230078
0 0.232617 0.410156 0.190234 0.373437
0 0.190625 0.396191 0.166406 0.387305
0 0.344141 0.643359 0.0382813 0.0710938
0 0.133496 0.895312 0.0494141 0.0625
0 0.699219 0.688672 0.046875 0.0585938
0 0.20625 0.0422363 0.046875 0.0645508
0 0.586719 0.065625 0.128125 0.110742
0 0.178467 0.0943359 0.0750977 0.113477
0 0.669531 0.572266 0.028125 0.0421875
0 0.670313 0.571094 0.0492188 0.065625
0 0.234717 0.532031 0.196191 0.249219
0 0.318359 0.594922 0.059375 0.0703125
0 0.13291 0.492969 0.208789 0.898438
0 0.575781 0.0386597 0.15 0.0511963
0 0.407813 0.394141 0.0523438 0.0578125
0 0.66875 0.3125 0.053125 0.0890625
0 0.220313 0.118359 0.134375 0.227344
0 0.689844 0.325977 0.075 0.108203
0 0.120996 0.405469 0.168164 0.810938
0 0.650781 0.291406 0.134375 0.114844
0 0.657031 0.132031 0.155469 0.242188
0 0.929688 0.0119873 0.140625 0.0239746
0 0.658594 0.512109 0.0609375 0.06875
0 0.342187 0.651563 0.053125 0.0890625
0 0.667188 0.356445 0.2125 0.310547
0 0.698047 0.698438 0.034375 0.0421875
0 0.201514 0.735547 0.196973 0.391406
0 0.316406 0.610156 0.0890625 0.105469
0 0.265039 0.00202637 0.280078 0.00405273
0 0.915625 0.00263672 0.16875 0.00527344
0 0.340039 0.63125 0.0441406 0.096875
0 0.549219 0.8875 0.059375 0.078125
0 0.266357 0.89375 0.315723 0.129688
0 0.227686 0.354297 0.193848 0.326562
0 0.267188 0.574609 0.175781 0.135937
0 0.717188 0.684375 0.0875 0.0671875
0 0.478516 0.00177002 0.3 0.00354004
0 0.220703 0.453906 0.059375 0.078125
0 0.621094 0.242236 0.259375 0.259277
0 0.218164 0.482812 0.0917969 0.154688
0 0.174414 0.148047 0.078125 0.114453
0 0.0535156 0.235547 0.0685547 0.433594
0 0.214844 0.83418 0.326562 0.234766
0 0.166406 0.166016 0.119922 0.119141
0 0.740234 0.303516 0.0789063 0.214062
0 0.625781 0.058252 0.071875 0.0885742
0 0.210938 0.0337402 0.0328125 0.0530273
0 0.381934 0.539062 0.0595703 0.0671875
0 0.356055 0.66875 0.0433594 0.059375
0 0.541016 0.00168457 0.301563 0.00336914
0 0.617969 0.038916 0.0453125 0.055957
0 0.229297 0.451562 0.0554687 0.071875
0 0.226221 0.010083 0.218652 0.020166
0 0.564063 0.0404297 0.204688 0.0808594
0 0.178076 0.883594 0.17041 0.109375
0 0.646094 0.505469 0.08125 0.0796875
0 0.5125 0.971094 0.134375 0.0578125
0 0.38125 0.533984 0.135937 0.346094
0 0.651563 0.00249023 0.298438 0.00498047
0 0.18208 0.126392 0.0733398 0.140967
0 0.214062 0.0199707 0.0363281 0.0399414
0 0.190283 0.473438 0.0459961 0.0703125
0 0.374609 0.660254 0.5625 0.679492
0 0.709375 0.335938 0.115625 0.127344
0 0.226953 0.720703 0.309375 0.516406
0 0.708203 0.298242 0.116406 0.198828
0 0.403125 0.609082 0.80625 0.781836
0 0.268945 0.873438 0.322266 0.190625
0 0.503125 0.594922 0.864062 0.810156
0 0.280029 0.403125 0.328223 0.80625
0 0.280469 0.59541 0.439063 0.757617
0 0.718359 0.358594 0.116406 0.173438
0 0.666406 0.498437 0.220313 0.459375
0 0.338281 0.710156 0.514063 0.539062
0 0.681641 0.29375 0.16875 0.213281
0 0.244092 0.819531 0.278223 0.226562
0 0.666406 0.326172 0.210938 0.160156
0 0.179639 0.0833008 0.0946289 0.151367
0 0.221094 0.882812 0.233594 0.109375
0 0.300195 0.514453 0.248828 0.450781
0 0.258594 0.898438 0.3 0.153125
0 0.295361 0.389453 0.266309 0.505469
0 0.214844 0.860938 0.222266 0.1375
0 0.175049 0.109375 0.109277 0.201563
0 0.444531 0.406641 0.889063 0.813281
0 0.726953 0.291797 0.127344 0.221094
0 0.282422 0.369922 0.430469 0.721875
0 0.275049 0.576563 0.201465 0.351562
0 0.651563 0.446094 0.254688 0.398438
0 0.239453 0.779883 0.321094 0.346484
0 0.701172 0.367969 0.140625 0.203125
0 0.29375 0.642188 0.258594 0.66875
0 0.204736 0.813281 0.213184 0.245312
0 0.117188 0.150781 0.234375 0.290625
0 0.273096 0.320312 0.302246 0.613281
0 0.19707 0.888281 0.191016 0.0875
0 0.200732 0.840625 0.204785 0.175
0 0.705078 0.247656 0.117969 0.297656
0 0.345508 0.829883 0.526172 0.333984
0 0.656641 0.318359 0.239844 0.296875
0 0.735938 0.338281 0.0765625 0.122656
0 0.198389 0.428906 0.361035 0.842188
0 0.709375 0.660937 0.1125 0.121875
0 0.379004 0.854102 0.418555 0.291797
0 0.354688 0.38125 0.644531 0.745313
0 0.577734 0.524219 0.402344 0.570312
0 0.160156 0.326953 0.312891 0.628906
0 0.303125 0.426465 0.239063 0.323633
0 0.650781 0.578906 0.295312 0.635938
0 0.649609 0.382812 0.257031 0.308594
0 0.456641 0.907813 0.253125 0.184375
0 0.534473 0.651172 0.724805 0.697656
0 0.112109 0.0966797 0.224219 0.183203
0 0.660547 0.377246 0.228906 0.242383
0 0.658594 0.215234 0.234375 0.430469
0 0.425391 0.290625 0.686719 0.571875
0 0.173535 0.705469 0.232617 0.496875
0 0.448047 0.850195 0.270313 0.299609
0 0.140625 0.178516 0.275 0.340625
0 0.314063 0.623047 0.307031 0.753906
0 0.170117 0.880469 0.123828 0.0953125
0 0.215186 0.0991211 0.134473 0.188477
0 0.713281 0.396973 0.121875 0.260742
0 0.946875 0.614062 0.10625 0.689063
0 0.744531 0.344531 0.05 0.100781
0 0.814844 0.520215 0.370313 0.56582
0 0.476172 0.952344 0.207031 0.0953125
0 0.719531 0.320312 0.114063 0.155469
0 0.71875 0.672266 0.10625 0.100781
0 0.417969 0.324023 0.835938 0.648047
0 0.608203 0.433984 0.336719 0.480469
0 0.161523 0.0709473 0.123828 0.127246
0 0.582812 0.380566 0.38125 0.623242
0 0.46084 0.935156 0.243945 0.129688
0 0.189795 0.154297 0.129004 0.296094
0 0.70625 0.524219 0.142188 0.396094
0 0.252686 0.198633 0.221973 0.397266
0 0.739062 0.216748 0.13125 0.357129
0 0.689844 0.6875 0.0539063 0.065625
0 0.221875 0.635059 0.34375 0.56582
0 0.535937 0.939063 0.110937 0.121875
0 0.233789 0.158203 0.416016 0.294141
0 0.553125 0.942969 0.05 0.114063
0 0.281641 0.84375 0.414844 0.275
0 0.129199 0.423438 0.214258 0.8375
0 0.233008 0.163086 0.300391 0.308203
0 0.619531 0.241992 0.310937 0.447266
0 0.708594 0.592578 0.11875 0.255469
0 0.505859 0.925 0.147656 0.15
0 0.7 0.235352 0.160938 0.470703
0 0.517969 0.953906 0.146875 0.0921875
0 0.198633 0.0459961 0.0597656 0.0777344
0 0.504004 0.224219 0.54043 0.421875
0 0.707812 0.230469 0.23125 0.448438
0 0.205078 0.0425293 0.046875 0.069043
0 0.910937 0.585059 0.178125 0.798633
0 0.783594 0.24375 0.289062 0.4875
0 0.742188 0.347656 0.0609375 0.128125
0 0.700391 0.684375 0.05625 0.06875
0 0.716406 0.682813 0.09375 0.0757812
0 0.734766 0.317969 0.147656 0.214844
0 0.220361 0.143164 0.157715 0.278906
0 0.175 0.141992 0.170703 0.253516
0 0.192578 0.0525879 0.071875 0.0930664
0 0.739062 0.588379 0.251563 0.629492
0 0.709766 0.634375 0.119531 0.173438
0 0.115332 0.225391 0.230664 0.432031
0 0.696875 0.215234 0.10625 0.430469
0 0.75 0.359961 0.0390625 0.0769531
0 0.71875 0.21543 0.105469 0.430859
0 0.170313 0.8625 0.132422 0.13125
0 0.653516 0.624219 0.374219 0.729688
0 0.211523 0.209375 0.176953 0.415625
0 0.673438 0.214453 0.142188 0.428906
0 0.697656 0.689844 0.0453125 0.05625
0 0.24082 0.102637 0.175391 0.198242
0 0.219189 0.529785 0.345996 0.57168
0 0.767969 0.234375 0.464063 0.453125
0 0.125781 0.0687012 0.200391 0.123535
0 0.157788 0.788281 0.17583 0.289062
0 0.431152 0.89375 0.312695 0.2125
0 0.553516 0.928125 0.0609375 0.14375
0 0.402734 0.925 0.2875 0.15
0 0.166406 0.832812 0.151562 0.198437
0 0.178125 0.0524902 0.0953125 0.0887695
0 0.285547 0.491406 0.221875 0.35625
0 0.794336 0.628223 0.411328 0.737305
0 0.392188 0.174805 0.784375 0.330078
0 0.273877 0.524219 0.213184 0.254688
0 0.753906 0.370703 0.034375 0.0585938
0 0.929688 0.683594 0.140625 0.553125
0 0.189111 0.0683594 0.0811523 0.131641
0 0.986719 0.675391 0.0265625 0.525781
0 0.76543 0.313672 0.469141 0.622656
0 0.965625 0.0248047 0.06875 0.0496094
0 0.361719 0.901563 0.296875 0.1875
0 0.416504 0.95625 0.262305 0.0875
0 0.69375 0.673438 0.08125 0.0859375
0 0.252393 0.441309 0.196777 0.368945
0 0.558594 0.957812 0.040625 0.078125
0 0.758203 0.507031 0.483594 0.8
0 0.549609 0.957031 0.0507812 0.0859375
0 0.682031 0.682813 0.0421875 0.0609375
0 0.521094 0.964063 0.184375 0.071875
0 0.124805 0.137305 0.228516 0.235547
0 0.429297 0.710156 0.333594 0.579688
0 0.28457 0.8875 0.224609 0.16875
0 0.321289 0.872656 0.532422 0.232813
0 0.965625 0.0088623 0.06875 0.0177246
0 0.7125 0.233789 0.0359375 0.0875
0 0.249609 0.488281 0.173438 0.229687
0 0.245752 0.548438 0.256934 0.264062
0 0.200781 0.841992 0.401563 0.212891
0 0.543359 0.922656 0.0921875 0.154688
0 0.198437 0.514063 0.226562 0.220313
0 0.155835 0.738672 0.198877 0.391406
0 0.30293 0.9125 0.211328 0.151562
0 0.490234 0.905859 0.180469 0.188281
0 0.881055 0.564453 0.237891 0.871094
0 0.954688 0.0171387 0.090625 0.0342773
0 0.00723877 0.180469 0.0144775 0.360938
0 0.674219 0.310742 0.03125 0.0839844
0 0.169141 0.0521606 0.135547 0.0861084
0 0.251758 0.885938 0.444922 0.198437
0 0.686719 0.283398 0.075 0.171484
0 0.14043 0.84375 0.144922 0.170313
0 0.185938 0.0627075 0.071875 0.0988037
0 0.210547 0.0356934 0.0359375 0.0563477
0 0.753125 0.373437 0.0453125 0.0921875
0 0.675 0.306641 0.040625 0.105469
0 0.682031 0.299609 0.05625 0.140625
0 0.739062 0.212109 0.126563 0.424219
0 0.658203 0.716797 0.650781 0.547656
0 0.703906 0.277344 0.0875 0.189063
0 0.70625 0.237842 0.0578125 0.137598
0 0.713281 0.253906 0.0484375 0.135156
0 0.11748 0.793945 0.234961 0.280859
0 0.125 0.832031 0.194141 0.201563
0 0.345508 0.632715 0.476953 0.723633
0 0.709375 0.314648 0.104688 0.151953
0 0.348047 0.454688 0.350781 0.31875
0 0.275342 0.692969 0.311035 0.559375
0 0.347266 0.796289 0.475781 0.407422
0 0.362305 0.857813 0.425391 0.284375
0 0.710938 0.280273 0.0953125 0.222266
0 0.261133 0.824219 0.301953 0.228125
0 0.427344 0.632422 0.540625 0.735156
0 0.253906 0.617188 0.253906 0.684375
0 0.745313 0.346875 0.0375 0.0898438
0 0.717188 0.332031 0.10625 0.1375
0 0.740625 0.337109 0.0546875 0.115625
0 0.450391 0.85625 0.258594 0.2875
0 0.408984 0.59375 0.432813 0.8125
0 0.750781 0.359766 0.028125 0.0835937
0 0.439844 0.452344 0.539062 0.308594
0 0.189453 0.0887695 0.0660156 0.166992
0 0.479688 0.435059 0.596875 0.454883
0 0.324414 0.414941 0.276172 0.24043
0 0.201563 0.0399414 0.05 0.0757812
0 0.680469 0.277002 0.16875 0.22959
0 0.716797 0.347266 0.116406 0.225781
0 0.557422 0.911719 0.0484375 0.134375
0 0.550781 0.923438 0.059375 0.153125
0 0.75 0.349023 0.03125 0.113672
0 0.751563 0.374414 0.0328125 0.119922
0 0.174805 0.09021 0.0894531 0.171924
0 0.672656 0.305469 0.0328125 0.0882813
0 0.648047 0.402246 0.242969 0.275195
0 0.671875 0.297656 0.0359375 0.11875
0 0.271094 0.575781 0.186328 0.34375
0 0.302148 0.723047 0.383203 0.458594
0 0.716016 0.674219 0.096875 0.0953125
0 0.709375 0.240625 0.0359375 0.100781
0 0.519531 0.965234 0.110937 0.0695313
0 0.707812 0.238281 0.0320312 0.0664062
0 0.680469 0.283789 0.059375 0.160938
0 0.554688 0.936719 0.040625 0.126563
0 0.671875 0.310547 0.0265625 0.0609375
0 0.216211 0.457813 0.0832031 0.090625
0 0.198437 0.116602 0.0925781 0.228516
0 0.222266 0.50625 0.0960938 0.19375
0 0.528125 0.942969 0.1 0.114063
0 0.707812 0.65 0.100781 0.139063
0 0.554004 0.427246 0.454492 0.31582
0 0.714063 0.266797 0.046875 0.154688
0 0.688281 0.314063 0.151562 0.157813
0 0.183398 0.106348 0.0730469 0.152539
0 0.554297 0.486328 0.0585938 0.0625
0 0.638281 0.439453 0.270313 0.367188
0 0.730078 0.340625 0.078125 0.139063
0 0.551562 0.957031 0.0453125 0.0859375
0 0.695312 0.27168 0.08125 0.198437
0 0.547656 0.481641 0.0546875 0.0632813
0 0.550391 0.485938 0.0789063 0.075
0 0.713672 0.277344 0.0601563 0.176953
0 0.535156 0.926562 0.090625 0.146875
0 0.703125 0.260352 0.0609375 0.186719
0 0.744531 0.355664 0.0492188 0.141797
0 0.256641 0.507031 0.158984 0.199219
0 0.703906 0.259375 0.10625 0.290625
0 0.698438 0.697656 0.040625 0.04375
0 0.311719 0.31543 0.314844 0.630859
0 0.700391 0.679297 0.0695313 0.078125
0 0.558594 0.960156 0.0359375 0.0765625
0 0.697656 0.453516 0.14375 0.544531
0 0.560156 0.903906 0.0429688 0.103125
0 0.752344 0.363672 0.040625 0.0898438
0 0.195898 0.0736328 0.0617188 0.145703
0 0.603125 0.480371 0.345313 0.495508
0 0.671875 0.312891 0.040625 0.0890625
0 0.223242 0.453125 0.065625 0.0671875
0 0.300977 0.616406 0.262109 0.645312
0 0.656641 0.458594 0.239844 0.533594
0 0.742188 0.377344 0.0578125 0.165625
0 0.196484 0.106152 0.040625 0.136914
0 0.690625 0.291406 0.0765625 0.152734
0 0.328857 0.373047 0.331348 0.429688
0 0.692969 0.694531 0.034375 0.0453125
0 0.707031 0.227734 0.0875 0.402344
0 0.690625 0.690234 0.0453125 0.0570313
0 0.722266 0.301953 0.122656 0.205469
0 0.550391 0.349023 0.430469 0.392578
0 0.746094 0.358203 0.0546875 0.0976562
0 0.717578 0.245508 0.105469 0.491016
0 0.529785 0.609473 0.61543 0.781055
0 0.206445 0.13457 0.121875 0.269141
0 0.194727 0.0592285 0.0570313 0.109863
0 0.667969 0.311719 0.0398437 0.0714844
0 0.684375 0.683594 0.0484375 0.0578125
0 0.46084 0.314063 0.63457 0.608594
0 0.207227 0.038623 0.0378906 0.0665039
0 0.697266 0.6875 0.0476562 0.059375
0 0.693359 0.301172 0.0984375 0.134375
0 0.674609 0.341016 0.182812 0.196875
0 0.753125 0.385938 0.0390625 0.145313
0 0.272656 0.487598 0.192969 0.257617
0 0.178857 0.136035 0.0774414 0.134961
0 0.179297 0.0436035 0.096875 0.0799805
0 0.750391 0.39375 0.0429688 0.183594
0 0.530469 0.492188 0.126563 0.0984375
0 0.349609 0.660156 0.0367188 0.0828125
0 0.239258 0.333594 0.213672 0.65625
0 0.220117 0.817969 0.21875 0.210938
0 0.344531 0.652344 0.0394531 0.0835937
0 0.554688 0.966406 0.04375 0.0671875
0 0.230518 0.172266 0.15459 0.3375
0 0.429785 0.821484 0.323242 0.357031
0 0.173926 0.142676 0.167773 0.285352
0 0.223828 0.449219 0.053125 0.0578125
0 0.271094 0.738281 0.203516 0.432813
0 0.653516 0.326758 0.225781 0.145703
0 0.147266 0.873438 0.0667969 0.0890625
0 0.558984 0.493359 0.059375 0.0570313
0 0.125195 0.157715 0.250391 0.29043
0 0.218018 0.0870117 0.0983398 0.174023
0 0.514453 0.924219 0.121094 0.151562
0 0.666406 0.310156 0.053125 0.078125
0 0.138672 0.0902344 0.161719 0.172656
0 0.682813 0.33125 0.059375 0.127344
0 0.202734 0.114063 0.0273438 0.106055
0 0.657031 0.29668 0.220313 0.194922
0 0.690625 0.675 0.0734375 0.0859375
0 0.161133 0.308203 0.25 0.616406
0 0.733203 0.389746 0.0804688 0.162695
0 0.203564 0.338281 0.324902 0.676562
0 0.242969 0.547656 0.1 0.125
0 0.339453 0.629687 0.0476562 0.120313
0 0.294922 0.455859 0.234375 0.339063
0 0.704688 0.689844 0.05625 0.0609375
0 0.654688 0.346533 0.235938 0.356152
0 0.199805 0.128027 0.0347656 0.120898
0 0.321875 0.625391 0.09375 0.15
0 0.173438 0.176563 0.201563 0.353125
0 0.700781 0.316992 0.125 0.119141
0 0.517578 0.958203 0.146875 0.0835937
0 0.75625 0.380469 0.0359375 0.100781
0 0.704688 0.239258 0.0375 0.0847656
0 0.183203 0.0597656 0.0832031 0.113672
0 0.467969 0.166602 0.65625 0.30625
0 0.717188 0.247266 0.0835937 0.286719
0 0.202148 0.460156 0.103516 0.104688
0 0.713672 0.393359 0.107031 0.442969
0 0.560547 0.89375 0.0414063 0.071875
0 0.168164 0.871875 0.112891 0.1
0 0.25708 0.873438 0.288965 0.203125
0 0.19292 0.441016 0.114941 0.165625
0 0.208594 0.481641 0.108594 0.171094
0 0.713281 0.355859 0.10625 0.159375
0 0.18125 0.137988 0.0648438 0.0916016
0 0.253516 0.359766 0.352344 0.719531
0 0.699219 0.379785 0.142188 0.285742
0 0.237695 0.734766 0.262109 0.385156
0 0.678125 0.232031 0.196875 0.4625
0 0.706641 0.620313 0.110156 0.201563
0 0.692187 0.247656 0.071875 0.172656
0 0.199219 0.469922 0.0808594 0.0796875
0 0.540234 0.501563 0.0960938 0.0875
0 0.742969 0.353516 0.0640625 0.121875
0 0.202148 0.757031 0.196484 0.339063
0 0.79043 0.283984 0.247266 0.560938
0 0.708594 0.571094 0.121875 0.307813
0 0.663281 0.53125 0.05 0.0546875
0 0.348633 0.653906 0.04375 0.107813
0 0.136133 0.885156 0.0476562 0.0671875
0 0.338477 0.824219 0.480859 0.295312
0 0.309961 0.645312 0.111719 0.19375
0 0.338477 0.655469 0.0628906 0.13125
0 0.7875 0.454004 0.259375 0.598242
0 0.673438 0.682813 0.0335938 0.05625
0 0.654688 0.527344 0.0359375 0.0421875
0 0.715625 0.299609 0.0765625 0.197656
0 0.249219 0.447754 0.151562 0.360742
0 0.717969 0.688281 0.0875 0.0898438
0 0.178711 0.152344 0.0699219 0.103906
0 0.203906 0.191406 0.140234 0.382812
0 0.721094 0.375781 0.0976562 0.153125
0 0.111133 0.092749 0.222266 0.183643
0 0.132397 0.129785 0.179346 0.25957
0 0.25083 0.655469 0.230371 0.335938
0 0.173535 0.117407 0.0865234 0.129639
0 0.717969 0.218359 0.0851563 0.436719
0 0.128809 0.897656 0.0320312 0.0453125
0 0.168652 0.0661133 0.133008 0.130664
0 0.203174 0.0441895 0.0678711 0.0883789
0 0.552344 0.497656 0.0695313 0.08125
0 0.2125 0.0262207 0.028125 0.0383789
0 0.666406 0.320117 0.0484375 0.109766
0 0.667969 0.668359 0.021875 0.03125
0 0.332031 0.641406 0.071875 0.15625
0 0.325 0.367773 0.267188 0.164453
0 0.206641 0.444922 0.0851563 0.135937
0 0.17832 0.472266 0.05625 0.0726563
0 0.540625 0.479688 0.0390625 0.0578125
0 0.229102 0.533594 0.0941406 0.160938
0 0.272998 0.394629 0.199316 0.298242
0 0.202686 0.48584 0.124316 0.289258
0 0.16543 0.78418 0.139453 0.281641
0 0.671875 0.330078 0.046875 0.138281
0 0.535156 0.472656 0.0375 0.046875
0 0.279687 0.635156 0.177344 0.323438
0 0.228955 0.344971 0.228809 0.381934
0 0.214453 0.24375 0.128516 0.4875
0 0.649219 0.525 0.034375 0.040625
0 0.233594 0.5625 0.071875 0.0875
0 0.331836 0.513965 0.298047 0.364258
0 0.172852 0.128882 0.0714844 0.108643
0 0.184375 0.233984 0.179297 0.467969
0 0.708594 0.431152 0.13125 0.354883
0 0.496875 0.847266 0.1875 0.305469
0 0.186719 0.477734 0.0507812 0.0695313
0 0.548047 0.900781 0.0640625 0.109375
0 0.691406 0.345313 0.08125 0.165625
0 0.173242 0.857813 0.126172 0.125
0 0.163672 0.0499023 0.166406 0.0998047
0 0.569141 0.501172 0.527344 0.546094
0 0.391016 0.396094 0.065625 0.065625
0 0.255859 0.566797 0.125 0.139844
0 0.288281 0.191602 0.258594 0.364453
0 0.695312 0.238086 0.0625 0.128516
0 0.304297 0.601953 0.090625 0.132031
0 0.300781 0.391504 0.245312 0.241992
0 0.738281 0.336719 0.135937 0.24375
0 0.542188 0.909375 0.0773438 0.18125
0 0.655078 0.296875 0.0890625 0.132812
0 0.572266 0.477734 0.0546875 0.0640625
0 0.2 0.0317871 0.0496094 0.0503906
0 0.198242 0.109766 0.0605469 0.170313
0 0.677344 0.265967 0.13125 0.310254
0 0.186328 0.454688 0.0941406 0.115625
0 0.731641 0.379785 0.0882813 0.306055
0 0.271875 0.569531 0.173438 0.1375
0 0.173047 0.823438 0.121875 0.204688
0 0.205469 0.130298 0.0375 0.111279
0 0.702344 0.233594 0.0453125 0.107031
0 0.539453 0.972266 0.078125 0.0554687
0 0.196045 0.0972656 0.0735352 0.194531
0 0.682031 0.268555 0.0734375 0.176172
0 0.736719 0.260547 0.117188 0.265625
0 0.613672 0.363281 0.288281 0.1875
0 0.639063 0.225 0.253125 0.404687
0 0.224023 0.425781 0.148828 0.392188
0 0.195117 0.478125 0.0609375 0.0859375
0 0.568359 0.889844 0.0367188 0.0890625
0 0.24707 0.387598 0.183594 0.332617
0 0.202539 0.475 0.0882813 0.123438
0 0.392969 0.401953 0.09375 0.0828125
0 0.13916 0.896875 0.0494141 0.053125
0 0.219141 0.551562 0.059375 0.109375
0 0.525 0.910937 0.107031 0.157813
0 0.227734 0.697266 0.2875 0.505469
0 0.409375 0.410938 0.113281 0.125
0 0.286719 0.525098 0.21875 0.312305
0 0.241016 0.0878906 0.134766 0.175781
0 0.689844 0.259814 0.0875 0.369434
0 0.351562 0.664062 0.51875 0.670313
0 0.713672 0.325781 0.102344 0.142969
0 0.713281 0.293555 0.101562 0.206641
0 0.258984 0.852344 0.315625 0.185938
0 0.225342 0.689063 0.289941 0.56875
0 0.420996 0.654785 0.704883 0.69043
0 0.304102 0.374609 0.385547 0.721875
0 0.348438 0.792188 0.496875 0.378125
0 0.524609 0.924219 0.114844 0.151562
0 0.7375 0.337891 0.05625 0.11875
0 0.180273 0.319531 0.190234 0.373437
0 0.26875 0.546875 0.191406 0.284375
0 0.389062 0.85332 0.394531 0.283984
0 0.22168 0.847656 0.219922 0.153125
0 0.713281 0.247852 0.0414063 0.126172
0 0.561719 0.9125 0.04375 0.146875
0 0.311914 0.454004 0.313672 0.535742
0 0.708984 0.278906 0.0976562 0.138281
0 0.717969 0.349023 0.113281 0.169922
0 0.325586 0.706641 0.476953 0.492969
0 0.213721 0.455859 0.0983398 0.0929688
0 0.244531 0.750781 0.274219 0.373437
0 0.675 0.308984 0.028125 0.0695313
0 0.692969 0.267188 0.06875 0.151562
0 0.716797 0.356445 0.111719 0.307422
0 0.254883 0.895312 0.308984 0.18125
0 0.216748 0.489063 0.10791 0.165625
0 0.682813 0.279883 0.04375 0.128906
0 0.744531 0.344141 0.0453125 0.1
0 0.709375 0.242188 0.0359375 0.1
0 0.21167 0.168262 0.119629 0.336523
0 0.71875 0.275781 0.0484375 0.150781
0 0.748828 0.353906 0.0351562 0.0804688
0 0.446094 0.385352 0.653125 0.770703
0 0.286328 0.750391 0.173828 0.482031
0 0.203711 0.0402344 0.0492188 0.0791016
0 0.542578 0.921875 0.0804688 0.15625
0 0.399219 0.898438 0.369531 0.2
0 0.730469 0.332227 0.065625 0.148047
0 0.701563 0.256836 0.115625 0.277734
0 0.682813 0.299609 0.0445313 0.0945313
0 0.186133 0.0876953 0.0929688 0.170703
0 0.206641 0.612109 0.344531 0.635156
0 0.278467 0.817187 0.393848 0.245312
0 0.554688 0.919922 0.05625 0.160156
0 0.691406 0.315234 0.0609375 0.0789063
0 0.566406 0.900781 0.0375 0.115625
0 0.353906 0.364844 0.707812 0.723437
0 0.200049 0.3125 0.240527 0.603125
0 0.722656 0.294141 0.0578125 0.177344
0 0.676562 0.320508 0.0296875 0.0621094
0 0.753906 0.364063 0.0296875 0.0851563
0 0.705859 0.24707 0.0515625 0.149219
0 0.220117 0.451953 0.0726563 0.0726563
0 0.21333 0.401563 0.361621 0.784375
0 0.701563 0.312891 0.126563 0.178906
0 0.705859 0.237109 0.0382813 0.121094
0 0.175049 0.192383 0.196777 0.384766
0 0.689063 0.23457 0.104688 0.249219
0 0.254688 0.509375 0.173438 0.204688
0 0.199561 0.218359 0.157129 0.436719
0 0.209961 0.0378052 0.0378906 0.0720459
0 0.303711 0.495313 0.286328 0.367969
0 0.452734 0.665234 0.425 0.669531
0 0.710156 0.327344 0.0992187 0.0851563
0 0.160645 0.88125 0.0912109 0.08125
0 0.729688 0.283398 0.107813 0.221484
0 0.55625 0.340234 0.440625 0.680469
0 0.336914 0.864062 0.504297 0.189063
0 0.419434 0.433691 0.70957 0.75293
0 0.252539 0.615234 0.233984 0.602344
0 0.555469 0.901563 0.0546875 0.115625
0 0.17207 0.0763916 0.1125 0.147998
0 0.196924 0.071582 0.0678711 0.136523
0 0.181641 0.0430176 0.0984375 0.084082
0 0.690625 0.330469 0.0609375 0.096875
0 0.202734 0.100098 0.0992187 0.199023
0 0.199658 0.436328 0.10459 0.152344
0 0.256592 0.79668 0.309473 0.284766
0 0.275391 0.557031 0.191406 0.439063
0 0.263086 0.330078 0.290234 0.647656
0 0.45 0.853516 0.277344 0.292969
0 0.274023 0.479688 0.215234 0.239063
0 0.183545 0.10459 0.0790039 0.156445
0 0.723047 0.441797 0.125781 0.463281
0 0.754687 0.380859 0.03125 0.114063
0 0.166602 0.0961914 0.135156 0.192383
0 0.39541 0.396484 0.129492 0.065625
0 0.246875 0.55625 0.090625 0.107813
0 0.501172 0.932422 0.15 0.135156
0 0.19375 0.0472168 0.0734375 0.0932617
0 0.539844 0.887305 0.084375 0.225391
0 0.225 0.441406 0.0679687 0.0960938
0 0.175732 0.373437 0.182129 0.263281
0 0.221094 0.5125 0.122656 0.223438
0 0.712109 0.229639 0.0375 0.133691
0 0.342578 0.628125 0.0453125 0.0890625
0 0.32832 0.605469 0.0625 0.127344
0 0.535937 0.838477 0.101562 0.323047
0 0.71875 0.245703 0.0875 0.317969
0 0.757812 0.369531 0.034375 0.0828125
0 0.403516 0.408496 0.134375 0.0908203
0 0.227539 0.448438 0.0550781 0.0601563
0 0.337109 0.620313 0.053125 0.117188
0 0.713281 0.652344 0.0984375 0.132812
0 0.331055 0.611328 0.0441406 0.135937
0 0.228564 0.879687 0.232715 0.134375
0 0.725781 0.404297 0.101562 0.349219
0 0.212891 0.425391 0.103125 0.153906
0 0.548438 0.902344 0.0640625 0.142188
0 0.218701 0.442188 0.104004 0.1125
0 0.212109 0.46875 0.0871094 0.0953125
0 0.232813 0.580469 0.189453 0.367188
0 0.695312 0.23125 0.0609375 0.154688
0 0.48125 0.469141 0.642188 0.4875
0 0.616016 0.386328 0.3125 0.297656
0 0.66875 0.316602 0.040625 0.0675781
0 0.201904 0.469922 0.0704102 0.0757812
0 0.218945 0.427344 0.0746094 0.140625
0 0.186719 0.412402 0.152344 0.181445
0 0.535156 0.655078 0.460938 0.689844
0 0.416797 0.415234 0.110156 0.110937
0 0.427734 0.414453 0.0804688 0.0960938
0 0.723047 0.677344 0.0898438 0.084375
0 0.134985 0.271094 0.120264 0.101562
0 0.350781 0.657422 0.0382813 0.090625
0 0.521094 0.964063 0.1125 0.071875
0 0.405859 0.397656 0.096875 0.0585938
0 0.15293 0.162109 0.173828 0.31875
0 0.148633 0.878125 0.0707031 0.084375
0 0.571094 0.889844 0.0351562 0.103125
0 0.248486 0.394629 0.182715 0.212305
0 0.750781 0.354102 0.034375 0.105078
0 0.237109 0.548438 0.0742188 0.126563
0 0.20332 0.501563 0.133594 0.217969
0 0.196289 0.0578003 0.05625 0.0984619
0 0.736328 0.381641 0.0835937 0.303125
0 0.568359 0.29707 0.409375 0.493359
0 0.276172 0.622656 0.178125 0.396875
0 0.784375 0.458594 0.251563 0.499219
0 0.702734 0.184033 0.0476562 0.181152
0 0.226514 0.207031 0.113379 0.414062
0 0.208643 0.382031 0.13584 0.24375
0 0.411719 0.422266 0.192969 0.117969
0 0.214062 0.0271484 0.0292969 0.0472656
0 0.324023 0.385156 0.297266 0.169531
0 0.444531 0.414844 0.0484375 0.0867188
0 0.197266 0.0892578 0.0800781 0.178516
0 0.316406 0.599219 0.0824219 0.123438
0 0.325977 0.599219 0.0472656 0.104688
0 0.175977 0.0568359 0.121484 0.113672
0 0.306445 0.735938 0.141016 0.528125
0 0.149609 0.0749023 0.157813 0.14375
0 0.686328 0.260742 0.0648438 0.194141
0 0.12771 0.253906 0.105518 0.121875
0 0.201953 0.0292969 0.05 0.0550781
0 0.573438 0.401172 0.409375 0.372656
0 0.243555 0.529688 0.0792969 0.175
0 0.130469 0.168066 0.260938 0.304102
0 0.701953 0.218359 0.0429688 0.111719
0 0.598828 0.479004 0.349219 0.448242
0 0.751563 0.358984 0.046875 0.0828125
0 0.249219 0.345703 0.476562 0.691406
0 0.555859 0.934375 0.0460938 0.13125
0 0.346484 0.646094 0.0410156 0.0875
0 0.174609 0.876563 0.121484 0.0921875
0 0.193945 0.102563 0.0570313 0.150342
0 0.745313 0.357422 0.05 0.135937
0 0.247266 0.779492 0.494531 0.316016
0 0.228711 0.530469 0.0957031 0.182812
0 0.432422 0.278125 0.675781 0.55625
0 0.746094 0.418359 0.0703125 0.346094
0 0.208984 0.0262207 0.0390625 0.043457
0 0.227148 0.375781 0.272266 0.246094
0 0.546094 0.5 0.0796875 0.0703125
0 0.334375 0.621875 0.0695313 0.140625
0 0.70625 0.204492 0.040625 0.171484
0 0.49375 0.865625 0.182812 0.26875
0 0.523828 0.832031 0.141406 0.335938
0 0.707812 0.418848 0.128125 0.356055
0 0.182764 0.126733 0.0688477 0.134033
0 0.204883 0.0566406 0.0699219 0.113281
0 0.320117 0.646875 0.0910156 0.196875
0 0.717188 0.22417 0.0484375 0.162598
0 0.477344 0.941016 0.195312 0.117969
0 0.489063 0.514063 0.04375 0.040625
0 0.396875 0.239648 0.757812 0.467578
0 0.701563 0.488965 0.165625 0.512695
0 0.206445 0.81875 0.193359 0.209375
0 0.18833 0.0796875 0.0670898 0.125391
0 0.205078 0.107715 0.0304688 0.106445
0 0.655469 0.485547 0.234375 0.479688
0 0.452734 0.445312 0.214844 0.170313
0 0.560938 0.825391 0.107813 0.349219
0 0.560938 0.942187 0.034375 0.115625
0 0.174219 0.486328 0.179688 0.234375
0 0.69375 0.179297 0.0578125 0.167969
0 0.399609 0.399316 0.104688 0.0841797
0 0.496875 0.520703 0.0625 0.065625
0 0.133594 0.0970703 0.177734 0.194141
0 0.542188 0.814063 0.121875 0.371875
0 0.630469 0.332373 0.279687 0.321191
0 0.231641 0.410254 0.0789063 0.187305
0 0.442188 0.917969 0.270313 0.164062
0 0.147949 0.865625 0.0748047 0.11875
0 0.196289 0.124316 0.04375 0.145117
0 0.211719 0.084668 0.102344 0.162891
0 0.508984 0.902344 0.144531 0.195312
0 0.203516 0.101172 0.0390625 0.138086
0 0.530469 0.910937 0.0890625 0.178125
0 0.133008 0.241797 0.118359 0.161719
0 0.218359 0.599219 0.263281 0.407813
0 0.721094 0.261523 0.123438 0.494922
0 0.685938 0.229883 0.0703125 0.168359
0 0.448438 0.490527 0.728125 0.35332
0 0.246094 0.896875 0.192188 0.121875
0 0.381641 0.391797 0.0992187 0.0835937
0 0.205469 0.119165 0.0265625 0.0940918
0 0.731641 0.495703 0.0929688 0.492969
0 0.437402 0.431934 0.208008 0.131445
0 0.532813 0.95625 0.0929688 0.0875
0 0.6875 0.344141 0.1625 0.26875
0 0.350586 0.885938 0.369141 0.18125
0 0.157715 0.853125 0.0916016 0.14375
0 0.698438 0.216797 0.084375 0.335938
0 0.189014 0.486328 0.0438477 0.0632813
0 0.280859 0.898438 0.160156 0.078125
0 0.228906 0.850781 0.457813 0.176563
0 0.232422 0.413281 0.134375 0.174219
0 0.564063 0.903906 0.0921875 0.192188
0 0.211768 0.174951 0.189746 0.339941
0 0.505469 0.0017334 0.18125 0.0034668
0 0.234766 0.564063 0.0671875 0.090625
0 0.561719 0.957812 0.0320312 0.084375
0 0.720703 0.357031 0.128906 0.414844
0 0.703125 0.151172 0.0328125 0.0648438
0 0.723047 0.266016 0.065625 0.187109
0 0.16543 0.122876 0.108203 0.156592
0 0.470313 0.00180664 0.189063 0.00361328
0 0.745703 0.351758 0.0601563 0.0925781
0 0.165625 0.0427612 0.167969 0.0851807
0 0.676172 0.324414 0.040625 0.0933594
0 0.414844 0.394531 0.059375 0.0460938
0 0.527344 0.503125 0.121875 0.0773438
0 0.179102 0.8875 0.172656 0.09375
0 0.118555 0.0689453 0.223438 0.134375
0 0.296094 0.566797 0.114844 0.160938
0 0.680078 0.176172 0.0851563 0.148438
0 0.742188 0.357812 0.128125 0.208594
0 0.154004 0.298438 0.249023 0.570312
0 0.20918 0.122852 0.0410156 0.128516
0 0.565625 0.8625 0.410156 0.270313
0 0.230078 0.453906 0.0703125 0.0828125
0 0.302734 0.629297 0.132031 0.174219
0 0.196484 0.146069 0.0535156 0.163721
0 0.431934 0.00169678 0.186133 0.00339355
0 0.226172 0.464063 0.0828125 0.096875
0 0.733594 0.603516 0.415625 0.761719
0 0.117285 0.271094 0.0798828 0.0761719
0 0.320312 0.596875 0.0648438 0.0914062
0 0.34375 0.646094 0.0488281 0.119531
0 0.325586 0.353906 0.0964844 0.101562
0 0.512891 0.968359 0.164062 0.0632813
0 0.662109 0.305664 0.0640625 0.0785156
0 0.702734 0.339844 0.0875 0.136719
0 0.3375 0.3625 0.123438 0.120313
0 0.485938 0.514063 0.05 0.0546875
0 0.707812 0.685156 0.053125 0.0671875
0 0.737891 0.328906 0.138281 0.175781
0 0.212109 0.525781 0.389844 0.876563
0 0.4375 0.410156 0.053125 0.08125
0 0.250781 0.535156 0.0726563 0.132031
0 0.210742 0.147266 0.0433594 0.127344
0 0.69375 0.210156 0.0609375 0.117188
0 0.752344 0.390234 0.040625 0.169531
0 0.542969 0.00161133 0.182812 0.00322266
0 0.709375 0.667188 0.117188 0.0992187
0 0.428906 0.398438 0.0546875 0.0570313
0 0.141309 0.892969 0.0535156 0.0625
0 0.417188 0.91875 0.417188 0.1625
0 0.926953 0.00159912 0.146094 0.00319824
0 0.655469 0.341797 0.228125 0.184375
0 0.551172 0.486719 0.0429688 0.053125
0 0.138477 0.88125 0.0542969 0.0828125
0 0.183203 0.471875 0.05 0.0734375
0 0.55625 0.867188 0.0609375 0.153125
0 0.177344 0.859375 0.126563 0.134375
0 0.498437 0.512109 0.03125 0.0460938
0 0.447656 0.194873 0.696875 0.32666
0 0.699609 0.145703 0.034375 0.05
0 0.248828 0.492969 0.126563 0.153906
0 0.711719 0.628906 0.121875 0.1875
0 0.688281 0.146484 0.0578125 0.0742188
0 0.49375 0.507031 0.0445313 0.0609375
0 0.171973 0.432422 0.170117 0.153906
0 0.211719 0.256641 0.118359 0.176953
0 0.375098 0.390234 0.10918 0.114063
0 0.192578 0.452344 0.0863281 0.110937
0 0.135449 0.897656 0.0390625 0.05
0 0.331055 0.349805 0.288672 0.181641
0 0.337891 0.688281 0.489844 0.584375
0 0.234766 0.692578 0.269531 0.549219
0 0.719531 0.316797 0.0953125 0.258594
0 0.348242 0.4125 0.571484 0.804688
0 0.718359 0.373437 0.104688 0.3625
0 0.536719 0.925 0.0828125 0.15
0 0.279102 0.842188 0.355859 0.228125
0 0.219141 0.561328 0.292188 0.725781
0 0.219922 0.410059 0.402344 0.798633
0 0.657813 0.454297 0.229687 0.549219
0 0.707031 0.289258 0.121094 0.262891
0 0.295117 0.670313 0.347266 0.625
0 0.170215 0.882812 0.107227 0.075
0 0.183203 0.335938 0.25625 0.6625
0 0.71875 0.336523 0.101562 0.146484
0 0.377344 0.651563 0.717969 0.685938
0 0.714844 0.262695 0.0984375 0.345703
0 0.529688 0.909375 0.0984375 0.18125
0 0.682031 0.313281 0.16875 0.239844
0 0.715234 0.667969 0.0890625 0.114063
0 0.713281 0.642969 0.096875 0.159375
0 0.724219 0.461719 0.146875 0.545313
0 0.421094 0.412109 0.842188 0.824219
0 0.18208 0.208594 0.178809 0.410156
0 0.507812 0.884961 0.14375 0.230078
0 0.272266 0.440625 0.397656 0.88125
0 0.550781 0.925781 0.0585938 0.148438
0 0.714453 0.310937 0.0804688 0.152344
0 0.309961 0.730078 0.401953 0.450781
0 0.719531 0.301367 0.0578125 0.144141
0 0.698438 0.414062 0.157813 0.475
0 0.739062 0.349219 0.0625 0.135156
0 0.499219 0.928906 0.15625 0.142188
0 0.393848 0.321289 0.766992 0.639453
0 0.721094 0.682031 0.084375 0.071875
0 0.558594 0.921875 0.046875 0.140625
0 0.254883 0.760547 0.293359 0.349219
0 0.714063 0.264648 0.0484375 0.142578
0 0.417578 0.233984 0.695312 0.464844
0 0.161328 0.184717 0.255859 0.352441
0 0.271436 0.74375 0.196973 0.440625
0 0.264844 0.876563 0.332031 0.2
0 0.208252 0.194141 0.128809 0.388281
0 0.182031 0.107715 0.0917969 0.208789
0 0.487891 0.902344 0.177344 0.195312
0 0.688672 0.61875 0.147656 0.214844
0 0.746484 0.371875 0.05 0.123438
0 0.415527 0.489453 0.687695 0.728906
0 0.710938 0.253516 0.0414063 0.114063
0 0.674219 0.303516 0.028125 0.0742188
0 0.468359 0.844531 0.228906 0.310937
0 0.187305 0.109863 0.0660156 0.166211
0 0.191406 0.132617 0.150391 0.259766
0 0.260205 0.469531 0.282715 0.898438
0 0.686719 0.289062 0.0578125 0.107031
0 0.167676 0.865625 0.10332 0.128125
0 0.201953 0.0678711 0.0550781 0.132227
0 0.737109 0.371875 0.0898438 0.346875
0 0.725781 0.326562 0.0695313 0.151562
0 0.801562 0.571875 0.284375 0.704688
0 0.269531 0.579297 0.182031 0.342969
0 0.662891 0.270703 0.207031 0.475
0 0.165039 0.116797 0.120313 0.226562
0 0.434375 0.920313 0.282031 0.159375
0 0.653125 0.357812 0.239844 0.357031
0 0.679688 0.263672 0.16875 0.292969
0 0.534375 0.869727 0.0921875 0.260547
0 0.198828 0.085376 0.0625 0.164014
0 0.713281 0.266406 0.0453125 0.0835937
0 0.15957 0.144629 0.152344 0.28418
0 0.412891 0.894531 0.338281 0.207813
0 0.212158 0.835938 0.19834 0.178125
0 0.729297 0.419922 0.0914062 0.38125
0 0.729688 0.284961 0.0984375 0.296484
0 0.466504 0.946094 0.216992 0.107813
0 0.59375 0.376563 0.364063 0.413281
0 0.241406 0.565625 0.09375 0.114063
0 0.710156 0.689453 0.0546875 0.05625
0 0.679688 0.588281 0.178125 0.270313
0 0.713672 0.438281 0.113281 0.407813
0 0.160742 0.848437 0.090625 0.15625
0 0.704688 0.681641 0.0984375 0.0679687
0 0.512109 0.827734 0.164844 0.344531
0 0.679688 0.295508 0.0390625 0.0871094
0 0.710156 0.683594 0.06875 0.059375
0 0.566016 0.9125 0.0382813 0.115625
0 0.183398 0.0592285 0.0863281 0.118457
0 0.799805 0.602344 0.400391 0.776563
0 0.387109 0.619434 0.497656 0.761133
0 0.318359 0.632422 0.100781 0.146094
0 0.69375 0.265674 0.107813 0.334277
0 0.343359 0.795313 0.477344 0.379688
0 0.290039 0.663574 0.239453 0.672852
0 0.703906 0.201904 0.053125 0.154004
0 0.698438 0.534766 0.133594 0.370313
0 0.245508 0.792188 0.276172 0.257812
0 0.550781 0.909375 0.053125 0.11875
0 0.422559 0.124219 0.73457 0.239844
0 0.232422 0.553906 0.084375 0.125
0 0.183594 0.84668 0.139063 0.156641
0 0.388184 0.85 0.389258 0.292188
0 0.751563 0.377344 0.0375 0.109375
0 0.708594 0.237891 0.0390625 0.0875
0 0.648438 0.288623 0.232813 0.368066
0 0.418652 0.378125 0.69082 0.75625
0 0.5625 0.929688 0.05 0.140625
0 0.243018 0.523047 0.14209 0.222656
0 0.715625 0.583203 0.0984375 0.280469
0 0.579688 0.620996 0.389062 0.758008
0 0.171484 0.0693848 0.107031 0.13877
0 0.13125 0.170508 0.2625 0.30625
0 0.673047 0.320703 0.028125 0.0515625
0 0.198486 0.230859 0.161621 0.461719
0 0.558594 0.895312 0.05 0.109375
0 0.704688 0.246094 0.0375 0.100781
0 0.711719 0.232471 0.0445313 0.132715
0 0.702734 0.271094 0.0429688 0.096875
0 0.455078 0.888672 0.248438 0.222656
0 0.709375 0.335352 0.0953125 0.101953
0 0.691406 0.313672 0.0625 0.100781
0 0.705469 0.224023 0.0992187 0.448047
0 0.218164 0.865625 0.211328 0.132812
0 0.681641 0.208203 0.11875 0.416406
0 0.141309 0.398438 0.282617 0.796875
0 0.676953 0.329102 0.0304688 0.071875
0 0.532813 0.827344 0.1 0.345313
0 0.443652 0.576172 0.77832 0.652344
0 0.687109 0.192578 0.0710938 0.153125
0 0.274414 0.6875 0.174609 0.35625
0 0.485156 0.9375 0.182812 0.125
0 0.514063 0.851172 0.140625 0.297656
0 0.223633 0.517578 0.111328 0.2125
0 0.553125 0.966016 0.0453125 0.0679687
0 0.753906 0.50625 0.259375 0.440625
0 0.703906 0.417578 0.139063 0.330469
0 0.365234 0.929688 0.0515625 0.06875
0 0.522266 0.932031 0.1 0.135937
0 0.574219 0.890625 0.421875 0.215625
0 0.134961 0.108203 0.269922 0.200781
0 0.084375 0.371875 0.16875 0.74375
0 0.207764 0.185107 0.234473 0.364941
0 0.579688 0.00454102 0.157813 0.00908203
0 0.789844 0.297852 0.242188 0.595703
0 0.736719 0.368945 0.142188 0.436328
0 0.489844 0.857422 0.176563 0.285156
0 0.230859 0.534375 0.0859375 0.18125
0 0.157031 0.878125 0.0871094 0.084375
0 0.426465 0.922656 0.462695 0.154688
0 0.742969 0.409766 0.0765625 0.339844
0 0.530469 0.00449219 0.157813 0.00898437
0 0.523828 0.236328 0.471094 0.436719
0 0.217139 0.495313 0.0907227 0.147656
0 0.545703 0.971875 0.0539063 0.05625
0 0.577344 0.353906 0.365625 0.66875
0 0.520703 0.971484 0.114844 0.0570313
0 0.739062 0.342773 0.0765625 0.167578
0 0.222266 0.548438 0.127734 0.276563
0 0.626563 0.254688 0.264062 0.492188
0 0.550781 0.890625 0.0625 0.115625
0 0.413672 0.18457 0.827344 0.354297
0 0.492969 0.800195 0.2125 0.399609
0 0.710938 0.264062 0.185938 0.528125
0 0.175195 0.848633 0.0992187 0.165234
0 0.628516 0.00491943 0.158594 0.00983887
0 0.940625 0.00614014 0.11875 0.0122803
0 0.727344 0.285352 0.078125 0.183984
0 0.542188 0.9625 0.06875 0.075
0 0.729688 0.289062 0.121875 0.578125
0 0.480469 0.00467529 0.146875 0.00935059
0 0.205469 0.766406 0.410938 0.332813
0 0.431934 0.00466309 0.145508 0.00932617
0 0.710938 0.215234 0.053125 0.159375
0 0.736719 0.669531 0.05 0.06875
0 0.335742 0.674609 0.490234 0.594531
0 0.281299 0.603125 0.374902 0.707812
0 0.235986 0.657813 0.274902 0.5625
0 0.329297 0.414062 0.511719 0.815625
0 0.696875 0.317383 0.139063 0.173047
0 0.230859 0.516797 0.279687 0.839844
0 0.710938 0.671094 0.107031 0.0976562
0 0.397656 0.328125 0.639063 0.651563
0 0.453125 0.503516 0.632812 0.567969
0 0.273828 0.557031 0.178125 0.284375
0 0.719922 0.315039 0.0960938 0.173828
0 0.672656 0.309766 0.189063 0.189844
0 0.707031 0.626172 0.1125 0.188281
0 0.269336 0.826367 0.330078 0.228516
0 0.170117 0.878125 0.104688 0.0734375
0 0.713281 0.649219 0.101562 0.132812
0 0.354688 0.636719 0.546094 0.726562
0 0.25625 0.778906 0.302344 0.296875
0 0.541406 0.925781 0.0796875 0.148438
0 0.269727 0.478125 0.390234 0.923438
0 0.555859 0.923438 0.0507812 0.153125
0 0.676562 0.268164 0.18125 0.278516
0 0.720313 0.670313 0.0828125 0.0875
0 0.173242 0.0946289 0.114063 0.18418
0 0.683594 0.602734 0.159375 0.247656
0 0.401465 0.238867 0.714258 0.436328
0 0.548438 0.480469 0.0609375 0.071875
0 0.246289 0.721484 0.255078 0.386719
0 0.707031 0.340625 0.119531 0.213281
0 0.549219 0.915625 0.059375 0.139063
0 0.522656 0.48291 0.485938 0.470117
0 0.43916 0.39834 0.645117 0.486133
0 0.329297 0.591797 0.423438 0.816406
0 0.374609 0.461816 0.538281 0.626367
0 0.433203 0.895312 0.3 0.209375
0 0.735938 0.342578 0.0625 0.135937
0 0.370117 0.898438 0.431641 0.2
0 0.545703 0.484375 0.0789063 0.078125
0 0.483594 0.854297 0.19375 0.291406
0 0.642969 0.279492 0.245312 0.234766
0 0.71875 0.306055 0.0703125 0.150391
0 0.222266 0.825 0.223438 0.201563
0 0.154297 0.879687 0.0828125 0.078125
0 0.438281 0.601172 0.710938 0.797656
0 0.741016 0.667578 0.046875 0.075
0 0.15791 0.112695 0.142773 0.218359
0 0.701563 0.297266 0.103125 0.141406
0 0.655469 0.205859 0.232813 0.411719
0 0.167578 0.19375 0.180078 0.386719
0 0.699609 0.677344 0.0921875 0.0703125
0 0.326172 0.625 0.0742188 0.148438
0 0.191455 0.104102 0.105371 0.201172
0 0.27168 0.684766 0.185938 0.316406
0 0.262891 0.869531 0.333594 0.173438
0 0.519531 0.923438 0.125781 0.153125
0 0.274219 0.632812 0.176563 0.228125
0 0.660156 0.475781 0.219531 0.495313
0 0.261328 0.527344 0.169531 0.234375
0 0.557031 0.480469 0.0875 0.0757812
0 0.547656 0.491016 0.0945313 0.102344
0 0.317188 0.462109 0.267188 0.33125
0 0.339648 0.86875 0.477734 0.23125
0 0.678906 0.304297 0.0640625 0.111719
0 0.730859 0.665625 0.0640625 0.0890625
0 0.446191 0.855078 0.276367 0.289844
0 0.159082 0.865625 0.0974609 0.109375
0 0.186719 0.0873047 0.0808594 0.167578
0 0.68125 0.675781 0.053125 0.0609375
0 0.563281 0.9125 0.04375 0.13125
0 0.717969 0.29043 0.0546875 0.135547
0 0.223047 0.514844 0.115625 0.208594
0 0.277734 0.728906 0.164062 0.421875
0 0.654688 0.278564 0.239063 0.31709
0 0.705859 0.249609 0.108594 0.346094
0 0.631641 0.334961 0.271094 0.187109
0 0.496875 0.750781 0.330469 0.498437
0 0.34375 0.835156 0.475 0.326562
0 0.489453 0.948047 0.175781 0.103906
0 0.712109 0.683594 0.0859375 0.0671875
0 0.320312 0.285742 0.496094 0.571484
0 0.542188 0.900781 0.06875 0.125
0 0.627344 0.359375 0.3 0.300781
0 0.266797 0.441504 0.178125 0.373242
0 0.210156 0.420703 0.305469 0.833594
0 0.573438 0.696875 0.399219 0.60625
0 0.21875 0.514844 0.182031 0.215625
0 0.741406 0.359375 0.0484375 0.103906
0 0.544531 0.477344 0.0421875 0.0617188
0 0.671094 0.316016 0.0375 0.0851563
0 0.660937 0.233545 0.182812 0.255566
0 0.672656 0.199219 0.153125 0.398438
0 0.539062 0.471875 0.0421875 0.053125
0 0.669922 0.664844 0.0289063 0.0359375
0 0.150195 0.892969 0.0710938 0.0515625
0 0.746875 0.361133 0.0359375 0.0949219
0 0.145898 0.875 0.0839844 0.09375
0 0.146484 0.170898 0.175 0.335938
0 0.193799 0.145898 0.151465 0.285547
0 0.197266 0.0589355 0.0578125 0.117871
0 0.716016 0.257617 0.100781 0.289453
0 0.729688 0.629687 0.129688 0.182812
0 0.717188 0.607031 0.104688 0.228125
0 0.346484 0.658984 0.0351562 0.0734375
0 0.569531 0.482812 0.059375 0.071875
0 0.700391 0.675781 0.163281 0.0953125
0 0.727344 0.323438 0.0671875 0.153125
0 0.70625 0.395313 0.125781 0.328906
0 0.737109 0.345313 0.0789063 0.157813
0 0.534766 0.901563 0.0851563 0.159375
0 0.663281 0.352344 0.215625 0.235938
0 0.75 0.36875 0.028125 0.0875
0 0.698047 0.690625 0.0484375 0.0539063
0 0.176563 0.114453 0.0855469 0.167187
0 0.166016 0.844531 0.104688 0.146875
0 0.703125 0.207227 0.103125 0.414453
0 0.653125 0.597266 0.228125 0.266406
0 0.230127 0.675 0.267871 0.301563
0 0.691406 0.526172 0.153125 0.389062
0 0.199561 0.875 0.175098 0.096875
0 0.55 0.882812 0.0640625 0.115625
0 0.256689 0.884375 0.316309 0.125
0 0.4125 0.120117 0.704688 0.221094
0 0.63125 0.30332 0.253125 0.169141
0 0.535547 0.475 0.0539063 0.0609375
0 0.226562 0.79668 0.260938 0.253516
0 0.557813 0.890625 0.05 0.103125
0 0.617969 0.545215 0.309375 0.431445
0 0.715625 0.340234 0.096875 0.161719
0 0.713672 0.265039 0.0484375 0.149219
0 0.574609 0.439746 0.385156 0.445508
0 0.139063 0.171387 0.260938 0.317383
0 0.666016 0.666406 0.0335938 0.0476562
0 0.651953 0.400391 0.247656 0.447656
0 0.21543 0.287109 0.288281 0.574219
0 0.521875 0.503125 0.14375 0.126563
0 0.701172 0.657422 0.0960938 0.108594
0 0.21875 0.491797 0.084375 0.147656
0 0.713281 0.566406 0.104688 0.314063
0 0.707812 0.260547 0.040625 0.125781
0 0.363086 0.927344 0.0550781 0.071875
0 0.735156 0.794531 0.529688 0.410938
0 0.326953 0.41709 0.289844 0.261133
0 0.492969 0.984375 0.170313 0.03125
0 0.173535 0.0610352 0.110352 0.12207
0 0.425391 0.938281 0.310156 0.123438
0 0.127344 0.0765625 0.198437 0.147266
0 0.232227 0.257812 0.0652344 0.128906
0 0.679688 0.285938 0.078125 0.139063
0 0.695312 0.684375 0.065625 0.0710938
0 0.442969 0.960938 0.275781 0.078125
0 0.276172 0.494531 0.175391 0.275
0 0.675781 0.570312 0.1875 0.298438
0 0.235938 0.498437 0.116406 0.226562
0 0.528906 0.853711 0.104688 0.292578
0 0.714844 0.463281 0.129688 0.533594
0 0.339063 0.652344 0.0539063 0.0945313
0 0.579688 0.483594 0.14375 0.0835937
0 0.662891 0.312695 0.0484375 0.0855469
0 0.563281 0.490625 0.101562 0.096875
0 0.16582 0.801758 0.224609 0.249609
0 0.5625 0.489063 0.0640625 0.0765625
0 0.660156 0.30625 0.0703125 0.102344
0 0.471094 0.918359 0.215625 0.163281
0 0.407422 0.771484 0.354688 0.457031
0 0.705469 0.280859 0.0484375 0.108594
0 0.140796 0.8375 0.140283 0.184375
0 0.137012 0.896094 0.0515625 0.0484375
0 0.185352 0.508594 0.195703 0.208594
0 0.408691 0.876563 0.391992 0.228125
0 0.182617 0.840625 0.119141 0.18125
0 0.160156 0.0701172 0.130469 0.140234
0 0.283203 0.89375 0.0453125 0.06875
0 0.219531 0.582812 0.0523438 0.0648438
0 0.35293 0.924219 0.0777344 0.078125
0 0.541797 0.609473 0.442969 0.49043
0 0.139355 0.102539 0.278711 0.186328
0 0.73125 0.280859 0.0875 0.239844
0 0.73125 0.348633 0.0890625 0.220703
0 0.663281 0.291406 0.100781 0.135937
0 0.539062 0.870313 0.084375 0.146875
0 0.146387 0.892188 0.0685547 0.0671875
0 0.528906 0.485156 0.09375 0.0828125
0 0.692187 0.285742 0.08125 0.130469
0 0.325391 0.9125 0.14375 0.1125
0 0.592578 0.762109 0.486719 0.475781
0 0.106055 0.599219 0.040625 0.0671875
0 0.701563 0.677344 0.129688 0.117188
0 0.639844 0.633984 0.307813 0.450781
0 0.222656 0.585547 0.0617188 0.0796875
0 0.218945 0.524609 0.246484 0.2375
0 0.541504 0.610938 0.454492 0.778125
0 0.605469 0.277539 0.3 0.198047
0 0.7125 0.505566 0.110937 0.43418
0 0.226758 0.860938 0.235156 0.125
0 0.465723 0.995703 0.223242 0.00859375
0 0.13623 0.860156 0.101758 0.132812
0 0.583594 0.478125 0.0359375 0.065625
0 0.291797 0.885938 0.06875 0.08125
0 0.95625 0.00212402 0.0875 0.00424805
0 0.592578 0.280469 0.0273438 0.0414063
0 0.406641 0.946484 0.385156 0.107031
0 0.745313 0.364063 0.0640625 0.11875
0 0.554688 0.964063 0.0429688 0.071875
0 0.730469 0.291016 0.0859375 0.169531
0 0.274023 0.364063 0.214453 0.284375
0 0.305859 0.623828 0.107422 0.167187
0 0.928906 0.00170898 0.142188 0.00341797
0 0.127734 0.104688 0.204297 0.206641
0 0.205078 0.47041 0.174219 0.30918
0 0.348047 0.31875 0.326562 0.239844
0 0.233008 0.542969 0.0933594 0.145313
0 0.650391 0.274219 0.134375 0.155469
0 0.676172 0.325391 0.046875 0.0914062
0 0.508594 0.848047 0.153125 0.303906
0 0.803711 0.620996 0.392578 0.758008
0 0.743359 0.6625 0.0601563 0.0875
0 0.60625 0.241211 0.309375 0.444141
0 0.720313 0.261768 0.0640625 0.180371
0 0.746094 0.526563 0.0375 0.0578125
0 0.649219 0.292578 0.120313 0.119922
0 0.237891 0.346875 0.275781 0.317188
0 0.641406 0.3125 0.090625 0.0835937
0 0.111328 0.584375 0.0453125 0.0828125
0 0.189844 0.0998047 0.0648438 0.199219
0 0.68125 0.675781 0.0703125 0.08125
0 0.299414 0.885938 0.101172 0.096875
0 0.521094 0.946484 0.11875 0.107031
0 0.483594 0.00177002 0.153125 0.00354004
0 0.342187 0.652344 0.0398437 0.0796875
0 0.654297 0.180127 0.169531 0.357715
0 0.198779 0.321289 0.206348 0.354297
0 0.55625 0.892969 0.103125 0.214062
0 0.335938 0.636719 0.0609375 0.134375
0 0.744141 0.404297 0.317969 0.621094
0 0.433691 0.00178223 0.156055 0.00356445
0 0.520312 0.00170898 0.153125 0.00341797
0 0.355029 0.286719 0.360254 0.198437
0 0.630078 0.301563 0.0992187 0.071875
0 0.737891 0.516797 0.065625 0.0789063
0 0.66875 0.6625 0.04375 0.059375
0 0.255127 0.589063 0.212402 0.204688
0 0.55 0.497656 0.06875 0.096875
0 0.229687 0.503906 0.0847656 0.170313
0 0.335547 0.917188 0.115625 0.09375
0 0.247266 0.560156 0.116406 0.136719
0 0.795898 0.745703 0.408203 0.508594
0 0.675 0.665625 0.04375 0.0632813
0 0.696094 0.216797 0.14375 0.433594
0 0.410254 0.839063 0.374805 0.2375
0 0.396191 0.00170898 0.156055 0.00341797
0 0.369336 0.506641 0.175391 0.38125
0 0.776563 0.712891 0.309375 0.574219
0 0.746875 0.5125 0.046875 0.0882813
0 0.218359 0.467969 0.0804688 0.103125
0 0.895312 0.00166016 0.153125 0.00332031
0 0.509277 0.116211 0.54707 0.210547
0 0.136914 0.885938 0.0832031 0.0875
0 0.570703 0.00167236 0.153906 0.00334473
0 0.313672 0.896094 0.134375 0.126563
0 0.25083 0.914062 0.313184 0.171875
0 0.808594 0.560547 0.3125 0.666406
0 0.552734 0.846875 0.0992187 0.30625
0 0.193945 0.45 0.11875 0.128906
0 0.561719 0.917969 0.103125 0.164062
0 0.30957 0.373242 0.268359 0.240234
0 0.71875 0.303516 0.440625 0.607031
0 0.174951 0.88125 0.127441 0.05625
0 0.710938 0.312891 0.10625 0.157813
0 0.213281 0.844531 0.203125 0.154688
0 0.230469 0.629785 0.353125 0.593555
0 0.726562 0.326367 0.084375 0.129297
0 0.232617 0.815625 0.246094 0.21875
0 0.680469 0.317578 0.16875 0.157031
0 0.544531 0.916406 0.08125 0.167187
0 0.296094 0.613672 0.482812 0.647656
0 0.250781 0.721875 0.236719 0.382812
0 0.735547 0.332813 0.0609375 0.121875
0 0.161816 0.876563 0.0955078 0.08125
0 0.442871 0.896484 0.279883 0.207031
0 0.273438 0.673438 0.179688 0.328125
0 0.416504 0.630469 0.71543 0.739062
0 0.702344 0.334766 0.128125 0.2125
0 0.326562 0.391016 0.273438 0.244531
0 0.206836 0.870313 0.187891 0.10625
0 0.407422 0.669531 0.517969 0.660937
0 0.726562 0.319336 0.101562 0.167578
0 0.155371 0.870313 0.0865234 0.107813
0 0.5125 0.921875 0.139063 0.15625
0 0.233545 0.530469 0.367285 0.86875
0 0.188721 0.294873 0.197559 0.372754
0 0.419629 0.515625 0.712305 0.68125
0 0.721875 0.283789 0.075 0.120703
0 0.746094 0.348438 0.0375 0.102344
0 0.251758 0.854883 0.290234 0.174609
0 0.25957 0.438184 0.405859 0.617383
0 0.716406 0.3375 0.096875 0.134375
0 0.671875 0.348047 0.196094 0.221875
0 0.717969 0.261377 0.0953125 0.269434
0 0.245361 0.778125 0.275684 0.3
0 0.558594 0.916016 0.053125 0.167969
0 0.228711 0.865625 0.237109 0.13125
0 0.701563 0.249219 0.114063 0.2875
0 0.389844 0.515234 0.161719 0.342969
0 0.277344 0.267188 0.396875 0.516406
0 0.65 0.334375 0.229687 0.177344
0 0.702344 0.285156 0.10625 0.125781
0 0.148535 0.898438 0.0658203 0.04375
0 0.750391 0.360156 0.0296875 0.08125
0 0.221484 0.32793 0.164062 0.320703
0 0.751953 0.373828 0.028125 0.0585938
0 0.334375 0.615625 0.0625 0.142188
0 0.184375 0.119531 0.123828 0.23125
0 0.202393 0.133008 0.12334 0.24375
0 0.729688 0.307031 0.0703125 0.145313
0 0.175977 0.88125 0.129297 0.090625
0 0.234326 0.336914 0.331348 0.650391
0 0.150684 0.889063 0.0728516 0.0609375
0 0.158398 0.11709 0.139453 0.227539
0 0.441016 0.853906 0.288281 0.292188
0 0.164258 0.854688 0.101953 0.132812
0 0.274023 0.549219 0.175391 0.279687
0 0.537891 0.885742 0.0960938 0.228516
0 0.678125 0.324219 0.046875 0.0851563
0 0.450781 0.432813 0.698438 0.489063
0 0.482031 0.933594 0.189063 0.132812
0 0.314258 0.598437 0.101953 0.167187
0 0.285986 0.347266 0.22334 0.292969
0 0.227734 0.64375 0.269531 0.275
0 0.719531 0.281055 0.0546875 0.129297
0 0.699219 0.378516 0.135937 0.264062
0 0.339453 0.646094 0.05 0.090625
0 0.155762 0.885938 0.0900391 0.075
0 0.672656 0.306641 0.0421875 0.090625
0 0.548438 0.485547 0.0335938 0.0507812
0 0.200977 0.170703 0.130078 0.182812
0 0.504297 0.663184 0.532031 0.673633
0 0.240625 0.427734 0.0960938 0.114063
0 0.671484 0.319141 0.0328125 0.0671875
0 0.347266 0.653906 0.034375 0.0882813
0 0.389844 0.455566 0.15625 0.22168
0 0.250391 0.34082 0.167187 0.287891
0 0.43916 0.932813 0.28418 0.134375
0 0.65625 0.373437 0.242188 0.254688
0 0.337891 0.633594 0.0625 0.117188
0 0.416406 0.410547 0.0960938 0.117969
0 0.325586 0.876563 0.140234 0.153125
0 0.146582 0.879687 0.0712891 0.08125
0 0.657031 0.28125 0.234375 0.291406
0 0.182812 0.230078 0.227344 0.435156
0 0.18125 0.15957 0.1 0.142578
0 0.683594 0.270313 0.1625 0.259375
0 0.700781 0.332813 0.090625 0.105469
0 0.210352 0.428223 0.112891 0.12793
0 0.528516 0.861328 0.115625 0.277344
0 0.259766 0.516406 0.203906 0.251563
0 0.449219 0.960156 0.261719 0.0796875
0 0.185156 0.487109 0.184766 0.241406
0 0.648438 0.376563 0.25625 0.375781
0 0.547754 0.358594 0.456055 0.488281
0 0.286328 0.60625 0.155469 0.210938
0 0.287305 0.707031 0.158984 0.423438
0 0.565234 0.909375 0.0414063 0.146875
0 0.226221 0.508203 0.272559 0.226562
0 0.353906 0.419922 0.223438 0.232031
0 0.653516 0.223096 0.221094 0.358496
0 0.549609 0.930469 0.0601563 0.139063
0 0.201611 0.759375 0.189746 0.325
0 0.239893 0.884375 0.269434 0.125
0 0.226953 0.405566 0.124219 0.16543
0 0.227686 0.548047 0.267285 0.238281
0 0.321875 0.615625 0.0820312 0.160156
0 0.710938 0.258594 0.034375 0.0742188
0 0.707422 0.229297 0.0898438 0.253516
0 0.391016 0.427246 0.157813 0.151758
0 0.450781 0.326562 0.698438 0.432813
0 0.125879 0.115137 0.203711 0.220508
0 0.231201 0.365039 0.133691 0.241797
0 0.752734 0.384375 0.0335938 0.114063
0 0.24707 0.374219 0.116406 0.2
0 0.541797 0.851953 0.084375 0.296094
0 0.138477 0.857813 0.0925781 0.128125
0 0.201563 0.203955 0.147656 0.20459
0 0.542969 0.478516 0.0375 0.059375
0 0.334375 0.607813 0.0898438 0.16875
0 0.353516 0.872656 0.100781 0.159375
0 0.283984 0.388184 0.2625 0.23457
0 0.238867 0.421875 0.149609 0.167187
0 0.25293 0.461719 0.193359 0.209375
0 0.664453 0.286523 0.196094 0.198047
0 0.314063 0.519922 0.252344 0.33125
0 0.499219 0.95 0.164844 0.1
0 0.553906 0.890625 0.0664062 0.153125
0 0.207422 0.444531 0.160156 0.157813
0 0.737891 0.278857 0.111719 0.22666
0 0.716406 0.358984 0.10625 0.197656
0 0.736719 0.327344 0.0765625 0.170313
0 0.665234 0.197656 0.217188 0.395313
0 0.288281 0.647656 0.15625 0.25
0 0.568359 0.296484 0.410156 0.423438
0 0.189648 0.109082 0.0824219 0.210742
0 0.7125 0.261914 0.0421875 0.132031
0 0.533594 0.930469 0.0859375 0.139063
0 0.477441 0.863477 0.218555 0.273047
0 0.746094 0.352539 0.0578125 0.105078
0 0.0681641 0.683594 0.0373047 0.096875
0 0.378809 0.926562 0.0283203 0.059375
0 0.713281 0.273438 0.05625 0.107813
0 0.236133 0.445312 0.0675781 0.0945313
0 0.292969 0.876563 0.0675781 0.096875
0 0.194336 0.420215 0.118359 0.131445
0 0.197217 0.154102 0.0571289 0.136719
0 0.138281 0.901563 0.0574219 0.046875
0 0.128735 0.704297 0.166357 0.428906
0 0.209717 0.452344 0.0993164 0.0921875
0 0.219727 0.223486 0.0742188 0.0999023
0 0.216211 0.234326 0.146484 0.219629
0 0.274561 0.466309 0.236035 0.273633
0 0.598047 0.446191 0.357031 0.437305
0 0.179639 0.181836 0.171973 0.191797
0 0.558984 0.958594 0.0335938 0.0828125
0 0.237109 0.434375 0.0546875 0.0890625
0 0.238867 0.453125 0.0355469 0.05625
0 0.554688 0.944141 0.040625 0.111719
0 0.547266 0.874219 0.08125 0.173438
0 0.666406 0.310937 0.040625 0.075
0 0.525 0.905469 0.110937 0.189063
0 0.678125 0.402344 0.190625 0.271094
0 0.725 0.37666 0.204688 0.287305
0 0.0647949 0.697656 0.0313477 0.0765625
0 0.257422 0.414062 0.0554687 0.0757812
0 0.311328 0.867969 0.129688 0.13125
0 0.707812 0.246875 0.034375 0.1
0 0.326758 0.341797 0.266797 0.305469
0 0.750781 0.367188 0.040625 0.0820312
0 0.230078 0.449219 0.0578125 0.0726563
0 0.628125 0.0491089 0.0390625 0.057251
0 0.672656 0.330859 0.040625 0.0984375
0 0.47334 0.988672 0.212695 0.0226563
0 0.198096 0.386328 0.270215 0.753125
0 0.34043 0.572656 0.0941406 0.228125
0 0.434375 0.411816 0.0554687 0.104492
0 0.307813 0.732422 0.150781 0.388281
0 0.156641 0.189893 0.237109 0.365527
0 0.11875 0.58125 0.0570313 0.0875
0 0.329102 0.904688 0.131641 0.1375
0 0.166016 0.152246 0.10625 0.165039
0 0.229687 0.233594 0.071875 0.100781
0 0.428125 0.419141 0.0773438 0.121094
0 0.248047 0.551562 0.129688 0.129688
0 0.717188 0.687891 0.090625 0.0648438
0 0 0.952344 0 0.0953125
0 0.353906 0.878906 0.139063 0.16875
0 0.324414 0.589844 0.0707031 0.135937
0 0.331836 0.480469 0.0398437 0.0875
0 0.0779541 0.676562 0.060498 0.115625
0 0.685938 0.2875 0.0765625 0.123438
0 0.176563 0.838281 0.119531 0.1625
0 0.714063 0.648828 0.103906 0.144531
0 0.363672 0.885938 0.075 0.153125
0 0.205273 0.591016 0.298438 0.247656
0 0.747656 0.338672 0.071875 0.133594
0 0.521875 0.936719 0.114063 0.126563
0 0.344141 0.644531 0.06875 0.110937
0 0.747656 0.657813 0.0328125 0.0515625
0 0.483594 0.901172 0.201563 0.197656
0 0.619531 0.203906 0.304688 0.407813
0 0.622656 0.349805 0.273438 0.183203
0 0.715234 0.670313 0.0992187 0.0953125
0 0.573438 0.00197754 0.172656 0.00395508
0 0.647266 0.457715 0.252344 0.404883
0 0.749219 0.671094 0.0296875 0.0578125
0 0.109766 0.595703 0.0339844 0.0554687
0 0.111719 0.585938 0.0398437 0.0734375
0 0.325 0.447266 0.282031 0.2375
0 0.7 0.276563 0.0820312 0.128906
0 0.665625 0.304297 0.0539063 0.0808594
0 0.374902 0.925781 0.0361328 0.0703125
0 0.723828 0.233643 0.122656 0.340527
0 0.262891 0.439844 0.14375 0.133594
0 0.170313 0.732813 0.183594 0.379688
0 0.751563 0.403809 0.0390625 0.170508
0 0.698438 0.699219 0.03125 0.0375
0 0.731641 0.293701 0.160156 0.30166
0 0.957031 0.00212402 0.0859375 0.00424805
0 0.236719 0.455469 0.046875 0.0671875
0 0.198389 0.44375 0.115723 0.0890625
0 0.367773 0.886719 0.267578 0.178125
0 0.251563 0.425781 0.102344 0.1375
0 0.23457 0.21543 0.113672 0.212109
0 0.710938 0.417969 0.121875 0.3125
0 0.179688 0.220898 0.185938 0.255469
0 0.190186 0.0951416 0.0727539 0.149561
0 0.690625 0.181445 0.103125 0.332031
0 0.560547 0.885938 0.0492188 0.14375
0 0.171973 0.884375 0.126367 0.053125
0 0.344922 0.539062 0.107813 0.289062
0 0.297656 0.617188 0.110937 0.177344
0 0.253125 0.905469 0.288281 0.189063
0 0.631641 0.0409302 0.0328125 0.061499
0 0.741406 0.344336 0.04375 0.121484
0 0.246875 0.283252 0.10625 0.22959
0 0.5375 0.483594 0.059375 0.071875
0 0.33125 0.481641 0.0535156 0.115625
0 0.196143 0.525391 0.284277 0.214844
0 0.203516 0.152539 0.0359375 0.105078
0 0.219727 0.4625 0.0933594 0.110937
0 0.176123 0.712109 0.24541 0.400781
0 0.381152 0.406152 0.161133 0.22832
0 0.511328 0.842578 0.147656 0.314844
0 0.237695 0.494531 0.115234 0.173438
0 0.260547 0.388965 0.0726563 0.161133
0 0.136328 0.8875 0.0777344 0.08125
0 0.242969 0.242578 0.1 0.203125
0 0.311719 0.851562 0.121875 0.192188
0 0.665625 0.0447144 0.120313 0.08479
0 0.0624023 0.710938 0.03125 0.0625
0 0.641406 0.0424927 0.0914062 0.0804443
0 0.115234 0.0941406 0.230469 0.180859
0 0.20332 0.175586 0.0867188 0.158203
0 0.58125 0.385254 0.389062 0.395117
0 0.138477 0.844531 0.129688 0.157813
0 0.735547 0.313672 0.146094 0.174219
0 0.752344 0.664844 0.0265625 0.059375
0 0.337305 0.726953 0.482422 0.489844
0 0.625391 0.00314941 0.180469 0.00629883
0 0.693359 0.143945 0.04375 0.0792969
0 0.389453 0.720703 0.203906 0.402344
0 0.686719 0.052002 0.164062 0.0973633
0 0.387109 0.402734 0.167969 0.139063
0 0.185889 0.789258 0.13916 0.265234
0 0.0396484 0.00172119 0.0792969 0.00344238
0 0.707031 0.418652 0.173438 0.31582
0 0.0578613 0.00310059 0.115723 0.00620117
0 0.263672 0.414844 0.0460938 0.0609375
0 0.628125 0.0469238 0.0515625 0.0713867
0 0.336719 0.759766 0.164062 0.397656
0 0.230273 0.41875 0.0917969 0.101562
0 0.23418 0.4625 0.0808594 0.107813
0 0.517188 0.992188 0.132812 0.015625
0 0.136914 0.871875 0.0816406 0.103125
0 0.00407715 0.970313 0.0081543 0.059375
0 0.705469 0.221484 0.0421875 0.175391
0 0.204297 0.129297 0.0328125 0.0808594
0 0.551562 0.483594 0.05 0.06875
0 0.703125 0.699219 0.028125 0.0359375
0 0.288672 0.903125 0.0460938 0.0484375
0 0.255664 0.830469 0.109766 0.154688
0 0.290625 0.891406 0.053125 0.0703125
0 0.150977 0.179297 0.225391 0.209375
0 0.146289 0.902344 0.0664062 0.075
0 0.635938 0.318359 0.109375 0.110156
0 0.332813 0.464063 0.0664062 0.159375
0 0.645312 0.310156 0.0875 0.0742188
0 0.122852 0.575781 0.0726563 0.109375
0 0.246289 0.00332031 0.161328 0.00664063
0 0.163867 0.474609 0.20625 0.283594
0 0.318359 0.884375 0.128125 0.10625
0 0.191406 0.133105 0.0640625 0.160352
0 0.696875 0.00297852 0.16875 0.00595703
0 0.546875 0.946094 0.059375 0.107813
0 0.180664 0.145215 0.0804688 0.155664
0 0.603516 0.375 0.342969 0.305469
0 0.0218262 1 0.0436523 0
0 0.557813 1 0.0703125 0
0 0.742578 0.667188 0.0390625 0.08125
0 0.143164 0.235889 0.245703 0.296191
0 0.558594 0.913281 0.0890625 0.173438
0 0.670313 0.332031 0.18125 0.134375
0 0.211719 0.835938 0.200781 0.190625
0 0.266602 0.561719 0.188281 0.29375
0 0.337695 0.663672 0.488672 0.672656
0 0.425781 0.626172 0.68125 0.747656
0 0.236328 0.690625 0.284375 0.515625
0 0.24707 0.592188 0.235547 0.7125
0 0.670313 0.366406 0.198437 0.222656
0 0.305664 0.399609 0.298828 0.274219
0 0.212549 0.79375 0.203809 0.295312
0 0.544531 0.919141 0.0765625 0.161719
0 0.715625 0.332813 0.0953125 0.115625
0 0.732813 0.33457 0.0671875 0.111328
0 0.274561 0.574902 0.339941 0.758008
0 0.558594 0.91875 0.0484375 0.1625
0 0.349805 0.549219 0.422266 0.684375
0 0.671094 0.320703 0.175 0.188281
0 0.151953 0.88125 0.0816406 0.078125
0 0.445996 0.648438 0.568945 0.703125
0 0.25957 0.728125 0.213672 0.382812
0 0.287695 0.724219 0.150391 0.414062
0 0.46416 0.478906 0.610742 0.507812
0 0.549219 0.48125 0.04375 0.0640625
0 0.646875 0.392578 0.251563 0.263281
0 0.546875 0.477734 0.034375 0.0554687
0 0.452441 0.536719 0.66543 0.690625
0 0.688281 0.344922 0.154688 0.171094
0 0.216455 0.880469 0.212402 0.123438
0 0.739844 0.339063 0.046875 0.1125
0 0.554688 0.480469 0.075 0.0625
0 0.690625 0.387402 0.15625 0.254883
0 0.342773 0.390234 0.464453 0.594531
0 0.557031 0.921094 0.05625 0.145313
0 0.438672 0.900781 0.283594 0.198437
0 0.545313 0.937109 0.0671875 0.125781
0 0.210156 0.515625 0.103125 0.2125
0 0.208643 0.433496 0.101465 0.118945
0 0.16582 0.879687 0.112891 0.08125
0 0.540625 0.473828 0.0421875 0.0585938
0 0.332031 0.618359 0.0664062 0.125
0 0.185547 0.336328 0.171094 0.328125
0 0.202783 0.452344 0.10459 0.0875
0 0.146387 0.898438 0.0650391 0.046875
0 0.274219 0.684375 0.179688 0.314063
0 0.360352 0.419141 0.451172 0.426563
0 0.504297 0.919531 0.149219 0.160938
0 0.250195 0.516406 0.167969 0.217188
0 0.186328 0.451562 0.0746094 0.0765625
0 0.190283 0.445312 0.0920898 0.0851563
0 0.549609 0.484766 0.0609375 0.0773438
0 0.165625 0.100781 0.115234 0.201563
0 0.177539 0.0806397 0.0886719 0.157861
0 0.566406 0.478516 0.06875 0.0632813
0 0.561816 0.480078 0.426367 0.464063
0 0.259424 0.385059 0.20459 0.264258
0 0.173242 0.133398 0.148438 0.266797
0 0.344727 0.286328 0.474609 0.494531
0 0.329883 0.488281 0.0527344 0.107813
0 0.561719 0.914062 0.0398437 0.13125
0 0.187061 0.166602 0.157129 0.333203
0 0.538281 0.478125 0.0546875 0.0640625
0 0.539844 0.488281 0.0671875 0.0859375
0 0.157715 0.86875 0.0884766 0.115625
0 0.7625 0.0710449 0.0328125 0.0459961
0 0.335156 0.817773 0.482031 0.364453
0 0.701563 0.327539 0.128125 0.108203
0 0.432422 0.444434 0.278125 0.261133
0 0.320508 0.610938 0.0824219 0.133594
0 0.245508 0.299219 0.0527344 0.0886719
0 0.176514 0.449219 0.0485352 0.0726563
0 0.190039 0.0891602 0.0660156 0.134766
0 0.428906 0.413672 0.06875 0.104688
0 0.630859 0.421777 0.28125 0.35332
0 0.716406 0.280859 0.0484375 0.130469
0 0.191357 0.0919922 0.0735352 0.183984
0 0.677344 0.285352 0.163281 0.236328
0 0.561719 0.497656 0.0953125 0.104688
0 0.619141 0.344141 0.291406 0.164844
0 0.210889 0.474219 0.0969727 0.128125
0 0.642188 0.261914 0.239063 0.313672
0 0.429688 0.381934 0.679688 0.439258
0 0.630469 0.319141 0.114844 0.104297
0 0.56875 0.89375 0.03125 0.0890625
0 0.55 0.901563 0.0625 0.139063
0 0.55625 0.898438 0.053125 0.115625
0 0.155469 0.0808594 0.132812 0.154688
0 0.0651367 0.683594 0.0279297 0.065625
0 0.747656 0.349609 0.03125 0.0976562
0 0.246533 0.342773 0.165527 0.304297
0 0.698438 0.697656 0.03125 0.04375
0 0.49375 0.363477 0.570312 0.322266
0 0.59375 0.285156 0.0296875 0.0351562
0 0.438184 0.497656 0.279883 0.285156
0 0.507812 0.492578 0.157813 0.09375
0 0.239844 0.289062 0.0523438 0.0835937
0 0.528906 0.934375 0.096875 0.13125
0 0.561328 0.486719 0.0726563 0.0820312
0 0.435547 0.4125 0.0492188 0.0976562
0 0.199951 0.730078 0.179004 0.385156
0 0.388672 0.430078 0.200781 0.258594
0 0.216602 0.435937 0.108984 0.26875
0 0.200391 0.0515137 0.0492188 0.103027
0 0.194531 0.0828125 0.0542969 0.164844
0 0.752734 0.373047 0.0304688 0.090625
0 0.214648 0.334375 0.127734 0.330469
0 0.588281 0.375781 0.36875 0.261719
0 0.216602 0.880469 0.214453 0.18125
0 0.0666016 0.675391 0.0326172 0.0820312
0 0.233203 0.272852 0.0617188 0.119141
0 0.721094 0.288281 0.071875 0.121875
0 0.18208 0.459766 0.0506836 0.0757812
0 0.521094 0.484766 0.0984375 0.08125
0 0.338281 0.5 0.0710938 0.125
0 0.666406 0.282031 0.1875 0.179688
0 0.174902 0.435547 0.0654297 0.103125
0 0.268945 0.404785 0.399609 0.76543
0 0.607031 0.298828 0.059375 0.0644531
0 0.421094 0.419434 0.084375 0.126758
0 0.273047 0.607031 0.178125 0.23125
0 0.136816 0.898438 0.05 0.05
0 0.203467 0.210938 0.130566 0.421875
0 0.585938 0.476953 0.034375 0.0570313
0 0.597266 0.2875 0.0359375 0.0429688
0 0.199561 0.135449 0.104785 0.270898
0 0.688672 0.288281 0.145313 0.130469
0 0.45166 0.283984 0.713867 0.464844
0 0.220117 0.586719 0.0507812 0.0515625
0 0.552734 0.494531 0.06875 0.0984375
0 0.306641 0.607031 0.117969 0.132812
0 0.144531 0.408984 0.0925781 0.102344
0 0.153711 0.84707 0.0824219 0.155859
0 0.599609 0.535156 0.205469 0.184375
0 0.328906 0.471094 0.0625 0.139063
0 0.32793 0.476562 0.0449219 0.0953125
0 0.325781 0.60625 0.0539063 0.110156
0 0.710547 0.265234 0.0367188 0.114063
0 0.75625 0.0725586 0.0375 0.0494141
0 0.106055 0.592188 0.0332031 0.0578125
0 0.250391 0.316992 0.0609375 0.0769531
0 0.654688 0.206641 0.214062 0.413281
0 0.415234 0.408203 0.08125 0.0984375
0 0.238477 0.760156 0.263281 0.348438
0 0.252344 0.241992 0.354688 0.478516
0 0.341797 0.514063 0.0574219 0.0945313
0 0.709375 0.377344 0.11875 0.217188
0 0.330859 0.615625 0.0464844 0.132812
0 0.358008 0.417578 0.216016 0.254688
0 0.522656 0.426465 0.509375 0.39707
0 0.347656 0.654688 0.03125 0.08125
0 0.189258 0.423828 0.114453 0.154688
0 0.571094 0.483203 0.120313 0.0804688
0 0.624609 0.308203 0.09375 0.075
0 0.294141 0.603906 0.135156 0.185156
0 0.564063 0.895312 0.0359375 0.1
0 0.707031 0.249609 0.0265625 0.0585938
0 0.516406 0.298828 0.503125 0.364844
0 0.441797 0.440625 0.282813 0.179688
0 0.229736 0.517578 0.388965 0.833594
0 0.753906 0.382812 0.034375 0.142969
0 0.696094 0.278906 0.114844 0.132812
0 0.282422 0.640234 0.161719 0.249219
0 0.226562 0.261719 0.071875 0.130469
0 0.179248 0.845313 0.130566 0.164062
0 0.722266 0.288281 0.0539063 0.153906
0 0.573828 0.511719 0.121094 0.139063
0 0.220313 0.592969 0.0648438 0.0640625
0 0.266211 0.634766 0.1875 0.308594
0 0.725391 0.3 0.0515625 0.111719
0 0.691406 0.307031 0.153906 0.105469
0 0.216797 0.579688 0.0570313 0.0625
0 0.219336 0.492188 0.102344 0.179688
0 0.710938 0.692187 0.0585938 0.05625
0 0.555469 0.873438 0.0640625 0.13125
0 0.423438 0.399609 0.05 0.0726563
0 0.73125 0.320312 0.05625 0.0828125
0 0.545313 0.480078 0.0890625 0.0742188
0 0.15332 0.427734 0.0878906 0.109375
0 0.388672 0.511816 0.164062 0.324805
0 0.169336 0.204102 0.202344 0.401953
0 0.722656 0.314453 0.0734375 0.0851563
0 0.705469 0.240039 0.0265625 0.0730469
0 0.750391 0.360352 0.0289063 0.0800781
0 0.197266 0.382812 0.140625 0.308594
0 0.555078 0.946875 0.040625 0.10625
0 0.208008 0.419531 0.0796875 0.1
0 0.200781 0.467578 0.125391 0.260156
0 0.208154 0.519531 0.150879 0.220313
0 0.473438 0.452441 0.211719 0.193555
0 0.281592 0.351172 0.249316 0.3125
0 0.567969 0.488281 0.0765625 0.104688
0 0.245654 0.555859 0.143848 0.121094
0 0.0632813 0.69375 0.0255859 0.06875
0 0.482812 0.940625 0.189063 0.11875
0 0.582812 0.300049 0.363281 0.28584
0 0.337109 0.625 0.046875 0.113281
0 0.243555 0.283594 0.059375 0.11875
0 0.702734 0.257031 0.103906 0.275781
0 0.476953 0.870313 0.215625 0.259375
0 0.507031 0.95 0.160938 0.1
0 0.764063 0.075415 0.040625 0.0499512
0 0.298438 0.449609 0.465625 0.563281
0 0.178174 0.479785 0.164746 0.241992
0 0.642188 0.58125 0.24375 0.285938
0 0.203516 0.4625 0.090625 0.084375
0 0.339453 0.504687 0.0410156 0.0796875
0 0.219141 0.576563 0.0800781 0.0765625
0 0.378516 0.913281 0.39375 0.173438
0 0.169434 0.422656 0.0740234 0.1375
0 0.416016 0.397559 0.0695313 0.0720703
0 0.750781 0.358594 0.03125 0.119531
0 0.498047 0.509766 0.195312 0.133594
0 0.439453 0.860938 0.289062 0.278125
0 0.141699 0.106445 0.16543 0.212891
0 0.189648 0.246094 0.237891 0.475781
0 0.2375 0.585938 0.120703 0.0984375
0 0.309375 0.598437 0.0960938 0.1
0 0.338086 0.475 0.0808594 0.176563
0 0.335938 0.603906 0.0542969 0.2
0 0.343359 0.646484 0.0371094 0.0820312
0 0.214258 0.567187 0.0671875 0.084375
0 0.198047 0.491406 0.0757812 0.154688
0 0.221484 0.553125 0.0898438 0.104688
0 0.6 0.509766 0.232813 0.126563
0 0.534375 0.808789 0.123438 0.382422
0 0.135937 0.8625 0.0867188 0.121875
0 0.443848 0.928125 0.266992 0.14375
0 0.605078 0.219922 0.316406 0.426563
0 0.219141 0.247852 0.0773438 0.111328
0 0.689844 0.323438 0.132812 0.0820312
0 0.351953 0.515625 0.0804688 0.117188
0 0.633984 0.553906 0.280469 0.221875
0 0.175439 0.711719 0.165527 0.43125
0 0.169238 0.885156 0.151367 0.08125
0 0.181201 0.773438 0.132129 0.301563
0 0.698047 0.326172 0.09375 0.0835937
0 0.716406 0.649219 0.096875 0.142188
0 0.558594 0.919531 0.0671875 0.160938
0 0.736328 0.335156 0.0734375 0.160938
0 0.510938 0.846094 0.15 0.307813
0 0.346875 0.649219 0.0351562 0.10625
0 0.285547 0.889844 0.0683594 0.0953125
0 0.714063 0.681641 0.090625 0.0695313
0 0.195508 0.0692383 0.0691406 0.138477
0 0.707422 0.244531 0.0359375 0.110937
0 0.253906 0.579688 0.163281 0.129688
0 0.328125 0.4625 0.0460938 0.148438
0 0.217188 0.155469 0.0992187 0.310937
0 0.638281 0.302734 0.140625 0.0695313
0 0.332422 0.3625 0.133594 0.111719
0 0.44375 0.417285 0.0382813 0.0966797
0 0.286914 0.861719 0.203516 0.182812
0 0.610156 0.303125 0.0703125 0.08125
0 0.209375 0.0290527 0.0296875 0.0567383
0 0.676953 0.58125 0.164844 0.2875
0 0.610547 0.312109 0.0867188 0.0929688
0 0.190186 0.667578 0.354004 0.550781
0 0.232422 0.272852 0.127344 0.187891
0 0.207031 0.280273 0.146094 0.207422
0 0.689453 0.610938 0.132812 0.223438
0 0.45166 0.957031 0.251367 0.0859375
0 0.364063 0.925 0.0554687 0.0765625
0 0.85625 0.059668 0.232813 0.0453125
0 0.250391 0.302734 0.0726563 0.108594
0 0.138867 0.390625 0.0828125 0.103125
0 0.173926 0.457813 0.0626953 0.0921875
0 0.2375 0.37207 0.096875 0.210547
0 0.233203 0.457422 0.0425781 0.0695313
0 0.306445 0.629687 0.126953 0.159375
0 0.355469 0.869531 0.44375 0.260938
0 0.0697266 0.669922 0.0441406 0.0953125
0 0.208594 0.549219 0.0679687 0.105469
0 0.5375 0.89375 0.084375 0.171875
0 0.401172 0.388379 0.0703125 0.0638672
0 0.358008 0.940625 0.0316406 0.046875
0 0.786133 0.193359 0.0277344 0.0335938
0 0.679688 0.423047 0.201563 0.329688
0 0.228906 0.444531 0.0550781 0.0835937
0 0.892578 0.0595215 0.214844 0.047168
0 0.958203 0.00256348 0.0835937 0.00512695
0 0.701953 0.695312 0.040625 0.04375
0 0.747656 0.651563 0.028125 0.0453125
0 0.21582 0.794531 0.125391 0.185938
0 0.416797 0.388672 0.053125 0.0507812
0 0.499219 0.484766 0.14375 0.0726563
0 0.309375 0.833008 0.414062 0.293359
0 0.6625 0.292578 0.154688 0.096875
0 0.292188 0.903125 0.0585938 0.071875
0 0.585156 0.525 0.151562 0.164844
0 0.225 0.602344 0.0734375 0.103125
0 0.645312 0.305469 0.214062 0.159375
0 0.491406 0.530469 0.19375 0.185938
0 0.704688 0.253906 0.03125 0.0726563
0 0.241797 0.269922 0.0648438 0.164844
0 0.203516 0.517969 0.0671875 0.198437
0 0.382031 0.758203 0.294531 0.374219
0 0.311328 0.225 0.460938 0.435937
0 0.719531 0.358203 0.1125 0.16875
0 0.399902 0.396484 0.0970703 0.0820312
0 0.547656 0.8625 0.0796875 0.165625
0 0.699219 0.685156 0.05625 0.0679687
0 0.375781 0.589844 0.546875 0.817187
0 0.215234 0.829492 0.20625 0.197266
0 0.24043 0.8625 0.254297 0.210938
0 0.420312 0.616797 0.704688 0.766406
0 0.713672 0.339844 0.100781 0.1125
0 0.149414 0.882812 0.0707031 0.06875
0 0.394141 0.352734 0.761719 0.705469
0 0.261914 0.570312 0.192969 0.290625
0 0.342969 0.724219 0.470313 0.5375
0 0.663281 0.43291 0.220313 0.312305
0 0.508594 0.958594 0.154688 0.0828125
0 0.735938 0.341211 0.0546875 0.102734
0 0.260156 0.831445 0.314063 0.262109
0 0.457129 0.532422 0.65918 0.636719
0 0.183594 0.184766 0.177344 0.354688
0 0.532422 0.944531 0.09375 0.110937
0 0.336133 0.880078 0.485547 0.239844
0 0.16875 0.879687 0.112891 0.071875
0 0.260156 0.885156 0.298438 0.142188
0 0.532031 0.918359 0.104688 0.163281
0 0.146387 0.896094 0.0658203 0.0515625
0 0.689844 0.346875 0.148438 0.2375
0 0.398828 0.263281 0.727344 0.526563
0 0.703906 0.370313 0.120313 0.232813
0 0.307813 0.283594 0.503125 0.567187
0 0.666406 0.359375 0.201563 0.176563
0 0.257422 0.722656 0.222266 0.3625
0 0.621875 0.42666 0.3125 0.298242
0 0.247266 0.873438 0.274219 0.107813
0 0.713281 0.37168 0.104688 0.191797
0 0.508691 0.631934 0.60293 0.720508
0 0.555469 0.91875 0.053125 0.1625
0 0.177344 0.0939453 0.0863281 0.127734
0 0.744531 0.347266 0.0375 0.084375
0 0.4 0.403125 0.646875 0.402344
0 0.173438 0.885938 0.157422 0.059375
0 0.547656 0.948828 0.0578125 0.102344
0 0.16582 0.15127 0.172266 0.288867
0 0.31875 0.374219 0.495313 0.425
0 0.666797 0.323828 0.196094 0.232031
0 0.364063 0.909375 0.435937 0.18125
0 0.338281 0.479688 0.49375 0.55625
0 0.141602 0.871875 0.0835937 0.096875
0 0.559375 0.915625 0.0445313 0.13125
0 0.323047 0.207813 0.561719 0.415625
0 0.294141 0.387109 0.503125 0.774219
0 0.31543 0.430859 0.320703 0.288281
0 0.158203 0.122363 0.142578 0.237305
0 0.726953 0.334375 0.0679687 0.0992187
0 0.748438 0.358203 0.0296875 0.0679687
0 0.694531 0.40166 0.153125 0.25293
0 0.542969 0.917188 0.0796875 0.146875
0 0.687891 0.299023 0.149219 0.258203
0 0.304688 0.626563 0.129688 0.135937
0 0.717188 0.414844 0.110937 0.277344
0 0.710547 0.29375 0.0976562 0.127734
0 0.285986 0.555469 0.343652 0.804688
0 0.552344 0.520703 0.5375 0.530469
0 0.63125 0.345508 0.28125 0.151172
0 0.511719 0.934375 0.139063 0.13125
0 0.334766 0.910937 0.125781 0.103125
0 0.507812 0.9125 0.1625 0.13125
0 0.753906 0.369922 0.0273438 0.0625
0 0.542969 0.889063 0.0765625 0.1125
0 0.554688 0.892188 0.053125 0.096875
0 0.564844 0.886719 0.034375 0.075
0 0.243359 0.88125 0.185547 0.084375
0 0.507812 0.96875 0.142188 0.0625
0 0.714063 0.317578 0.090625 0.0929688
0 0.576172 0.342969 0.391406 0.26875
0 0.711719 0.671094 0.104688 0.090625
0 0.669141 0.280273 0.182812 0.252734
0 0.359375 0.926562 0.0695313 0.06875
0 0.707031 0.325391 0.1125 0.0875
0 0.43291 0.343945 0.757617 0.362891
0 0.714063 0.321875 0.0953125 0.188281
0 0.182227 0.0762695 0.08125 0.146289
0 0.351953 0.919531 0.0890625 0.0859375
0 0.698047 0.685938 0.0484375 0.0609375
0 0.536719 0.962891 0.08125 0.0742188
0 0.284375 0.744141 0.350781 0.414844
0 0.551562 0.871094 0.071875 0.123438
0 0.701563 0.68125 0.08125 0.0640625
0 0.295654 0.556641 0.24541 0.295312
0 0.166602 0.892969 0.110937 0.053125
0 0.240234 0.363477 0.108984 0.174609
0 0.750781 0.366211 0.0296875 0.0824219
0 0.209033 0.7625 0.19834 0.326562
0 0.171582 0.846875 0.113867 0.13125
0 0.271289 0.458496 0.213672 0.326758
0 0.701563 0.306641 0.120313 0.112109
0 0.33125 0.928125 0.146094 0.071875
0 0.664844 0.193555 0.167969 0.345313
0 0.6625 0.538281 0.0421875 0.0757812
0 0.754687 0.376953 0.034375 0.132031
0 0.555469 0.969531 0.0398437 0.0609375
0 0.429688 0.891406 0.308594 0.217188
0 0.228955 0.507031 0.109277 0.2
0 0.663281 0.525391 0.0328125 0.0523438
0 0.388672 0.623438 0.0570313 0.115625
0 0.230078 0.871875 0.179297 0.075
0 0.151172 0.855469 0.0867188 0.123438
0 0.167676 0.0996338 0.122461 0.197217
0 0.365625 0.93125 0.05 0.0625
0 0.625391 0.591797 0.260156 0.282031
0 0.698828 0.692969 0.0359375 0.0484375
0 0.262109 0.885938 0.125 0.0875
0 0.621094 0.0544922 0.05 0.0541016
0 0.357227 0.813086 0.451172 0.373828
0 0.248828 0.562891 0.140625 0.110937
0 0.565234 0.904688 0.0335938 0.109375
0 0.523047 0.896875 0.121094 0.134375
0 0.421484 0.537891 0.266406 0.339844
0 0.227734 0.565234 0.101172 0.09375
0 0.640625 0.209375 0.248438 0.396094
0 0.541016 0.867188 0.0929688 0.140625
0 0.189404 0.848242 0.148535 0.153516
0 0.56875 0.882812 0.0265625 0.0640625
0 0.663281 0.528125 0.046875 0.0671875
0 0.217578 0.878125 0.169531 0.059375
0 0.582422 0.275391 0.369531 0.349219
0 0.653906 0.521875 0.046875 0.059375
0 0.126953 0.138184 0.204688 0.263477
0 0.526563 0.967969 0.103125 0.0640625
0 0.261377 0.9125 0.313184 0.145313
0 0.269727 0.170508 0.468359 0.341016
0 0.183936 0.0515137 0.0797852 0.10166
0 0.729688 0.326562 0.0546875 0.084375
0 0.698438 0.261328 0.128125 0.273438
0 0.669922 0.567969 0.0414063 0.04375
0 0.317969 0.9125 0.178125 0.09375
0 0.317578 0.622656 0.0898438 0.130469
0 0.254297 0.892188 0.171875 0.0875
0 0.176367 0.158594 0.0921875 0.124219
0 0.286328 0.889844 0.0695313 0.0828125
0 0.18042 0.122266 0.10791 0.235938
0 0.697656 0.313867 0.0953125 0.0785156
0 0.355469 0.90625 0.0976562 0.109375
0 0.296289 0.739062 0.176953 0.385938
0 0.669531 0.546094 0.05625 0.0882813
0 0.499609 0.914844 0.160156 0.170313
0 0.169238 0.117749 0.107617 0.152002
0 0.483984 0.856055 0.200781 0.281641
0 0.341797 0.492969 0.09375 0.10625
0 0.258643 0.638672 0.306152 0.602344
0 0.539453 0.409375 0.488281 0.335938
0 0.353516 0.935156 0.0867188 0.059375
0 0.692187 0.320312 0.0703125 0.06875
0 0.20957 0.508984 0.101562 0.199219
0 0.560938 0.883594 0.0476562 0.0859375
0 0.234961 0.883594 0.176172 0.05625
0 0.622656 0.0597656 0.0609375 0.0652344
0 0.599219 0.487109 0.134375 0.104688
0 0.538281 0.735547 0.140625 0.122656
0 0.574219 0.482031 0.0765625 0.0914062
0 0.185352 0.870313 0.138672 0.1125
0 0.138086 0.851562 0.101172 0.139063
0 0.683203 0.550391 0.0710938 0.0757812
0 0.519531 0.880469 0.132031 0.239063
0 0.707812 0.239648 0.0265625 0.0609375
0 0.753516 0.375391 0.0390625 0.0820312
0 0.220313 0.571875 0.078125 0.08125
0 0.21958 0.555078 0.0952148 0.0976562
0 0.713672 0.265039 0.0476562 0.0792969
0 0.713672 0.259375 0.0390625 0.065625
0 0.5 0.815625 0.173438 0.2625
0 0.201123 0.451562 0.12666 0.096875
0 0.694922 0.286719 0.1125 0.123438
0 0.753125 0.385547 0.046875 0.113281
0 0.722656 0.300391 0.0625 0.144141
0 0.580469 0.475 0.053125 0.075
0 0.157129 0.131421 0.127148 0.174658
0 0.30332 0.609375 0.111328 0.128125
0 0.434766 0.947656 0.128906 0.104688
0 0.216602 0.434375 0.115234 0.119531
0 0.743359 0.354688 0.0398437 0.123438
0 0.708203 0.239453 0.0328125 0.0722656
0 0.485938 0.934375 0.1875 0.13125
0 0.741406 0.385156 0.059375 0.145313
0 0.708594 0.251172 0.0265625 0.0539063
0 0.683594 0.533594 0.105469 0.0828125
0 0.311328 0.383594 0.297656 0.305469
0 0.760938 0.0661621 0.040625 0.0456055
0 0.209326 0.780469 0.12666 0.15625
0 0.736719 0.3875 0.078125 0.229687
0 0.688281 0.678125 0.059375 0.065625
0 0.571875 0.478906 0.0625 0.075
0 0.625 0.505469 0.117188 0.0914062
0 0.705469 0.270117 0.0609375 0.0980469
0 0.348438 0.50625 0.0867188 0.101562
0 0.578906 0.491406 0.104688 0.1125
0 0.285547 0.617188 0.145313 0.142188
0 0.522266 0.786133 0.149219 0.349609
0 0.730078 0.351367 0.0710938 0.131641
0 0.226514 0.453516 0.197754 0.333594
0 0.708984 0.647266 0.119531 0.133594
0 0.215234 0.485938 0.0988281 0.135937
0 0.392578 0.630469 0.0773438 0.13125
0 0.530469 0.711719 0.132812 0.108594
0 0.187305 0.241602 0.178516 0.347266
0 0.365625 0.746875 0.342187 0.346875
0 0.595313 0.478906 0.109375 0.0921875
0 0.230664 0.340625 0.277734 0.325
0 0.682813 0.562891 0.0515625 0.0445313
0 0.15 0.848437 0.103125 0.159375
0 0.187842 0.876563 0.161816 0.06875
0 0.614062 0.494531 0.117188 0.090625
0 0.714844 0.684375 0.0921875 0.0640625
0 0.183203 0.81875 0.135547 0.20625
0 0.187939 0.428906 0.126465 0.129688
0 0.210498 0.459375 0.103223 0.0828125
0 0.45791 0.942969 0.249805 0.114063
0 0.164258 0.12998 0.280078 0.254102
0 0.446484 0.831836 0.273438 0.336328
0 0.711328 0.350781 0.119531 0.146094
0 0.530469 0.703125 0.0851563 0.0921875
0 0.667969 0.565625 0.05625 0.075
0 0.647656 0.514844 0.0390625 0.05625
0 0.163867 0.836719 0.0996094 0.173438
0 0.218164 0.495996 0.137109 0.254883
0 0.160352 0.0450317 0.170313 0.0882568
0 0.675 0.305078 0.059375 0.0789063
0 0.335938 0.639063 0.046875 0.0890625
0 0.310547 0.644922 0.113281 0.146094
0 0.545313 0.975781 0.0609375 0.0484375
0 0.705859 0.253125 0.0359375 0.0710938
0 0.517188 0.725 0.09375 0.08125
0 0.302734 0.466406 0.605469 0.814063
0 0.33125 0.628125 0.05625 0.117188
0 0.270313 0.614062 0.182031 0.310937
0 0.725781 0.344922 0.0984375 0.191406
0 0.155664 0.157617 0.130859 0.132812
0 0.528125 0.661719 0.0835937 0.1125
0 0.235889 0.535156 0.154785 0.251563
0 0.671094 0.313672 0.0328125 0.0617188
0 0.242969 0.8625 0.178516 0.1
0 0.207813 0.884375 0.0949219 0.046875
0 0.213281 0.577344 0.0570313 0.06875
0 0.647656 0.251953 0.214062 0.249219
0 0.389453 0.608594 0.0484375 0.114063
0 0.48125 0.962891 0.16875 0.0742188
0 0.244482 0.846875 0.161816 0.11875
0 0.624609 0.0456177 0.0492188 0.0622803
0 0.528125 0.686719 0.0796875 0.084375
0 0.190674 0.47334 0.17959 0.287695
0 0.419629 0.417285 0.10293 0.107617
0 0.628125 0.0687012 0.0796875 0.090918
0 0.187842 0.451562 0.0790039 0.08125
0 0.670313 0.575781 0.0359375 0.046875
0 0.183643 0.885156 0.103809 0.046875
0 0.105176 0.110547 0.193555 0.207031
0 0.48125 0.957031 0.132812 0.0859375
0 0.135352 0.889063 0.09375 0.0796875
0 0.676562 0.571875 0.046875 0.0421875
0 0.21875 0.524609 0.0960938 0.164844
0 0.620313 0.306689 0.301563 0.358496
0 0.738281 0.399121 0.071875 0.145508
0 0.754687 0.0675781 0.04375 0.05
0 0.211328 0.560938 0.071875 0.08125
0 0.680469 0.672656 0.0453125 0.05
0 0.64375 0.509375 0.0328125 0.0578125
0 0.683594 0.216602 0.234375 0.433203
0 0.267578 0.3625 0.147656 0.153906
0 0.291797 0.9 0.06875 0.071875
0 0.507422 0.8875 0.167969 0.123438
0 0.361328 0.93125 0.10625 0.071875
0 0.405469 0.950781 0.170313 0.0984375
0 0.355273 0.890625 0.112891 0.13125
0 0.455469 0.353906 0.632812 0.474219
0 0.201758 0.517969 0.0746094 0.195312
0 0.337109 0.470703 0.0875 0.128125
0 0.200781 0.154688 0.327344 0.307422
0 0.560156 0.490625 0.084375 0.0875
0 0.198828 0.771484 0.0976562 0.119531
0 0.171094 0.0548828 0.133984 0.109766
0 0.588281 0.292188 0.339844 0.220313
0 0.0993896 0.157227 0.0812988 0.0804688
0 0.50625 0.728516 0.0625 0.0664062
0 0.188867 0.315283 0.214453 0.345996
0 0.384375 0.635547 0.0578125 0.0960938
0 0.766406 0.0692383 0.03125 0.0480469
0 0.720703 0.392285 0.0960938 0.145117
0 0.324219 0.6375 0.08125 0.115625
0 0.667969 0.572656 0.0296875 0.0375
0 0.460938 0.956641 0.0953125 0.0867188
0 0.109961 0.170313 0.114258 0.0917969
0 0.266797 0.899219 0.135937 0.09375
0 0.572656 0.332422 0.379688 0.151562
0 0.191357 0.829492 0.130566 0.153516
0 0.710938 0.278467 0.0921875 0.259473
0 0.750781 0.357422 0.04375 0.08125
0 0.433984 0.83125 0.302344 0.248438
0 0.478906 0.934375 0.134375 0.126563
0 0.514063 0.709375 0.0859375 0.103125
0 0.289453 0.903125 0.0492188 0.065625
0 0.256641 0.574609 0.471094 0.850781
0 0.155762 0.101758 0.311523 0.203516
0 0.215039 0.5875 0.0574219 0.0578125
0 0.357617 0.517969 0.0761719 0.084375
0 0.533594 0.686328 0.0671875 0.0640625
0 0.350781 0.692187 0.476562 0.615625
0 0.213672 0.871875 0.194531 0.096875
0 0.241992 0.848437 0.258984 0.157813
0 0.716016 0.351562 0.102344 0.198437
0 0.223828 0.860938 0.221875 0.128125
0 0.34707 0.887891 0.470703 0.224219
0 0.275586 0.551562 0.198828 0.282813
0 0.719922 0.337305 0.0960938 0.123828
0 0.388965 0.460547 0.15332 0.177344
0 0.169531 0.88125 0.108203 0.075
0 0.264258 0.878125 0.305859 0.134375
0 0.546875 0.925391 0.075 0.149219
0 0.460059 0.928906 0.242383 0.142188
0 0.429004 0.676953 0.687305 0.646094
0 0.256592 0.695703 0.278223 0.474219
0 0.443066 0.54209 0.666992 0.49707
0 0.514063 0.954688 0.139063 0.090625
0 0.738672 0.358789 0.0773438 0.196484
0 0.345703 0.495313 0.0726563 0.10625
0 0.318555 0.452246 0.297266 0.206445
0 0.136426 0.111621 0.180273 0.215039
0 0.40791 0.894531 0.348242 0.210938
0 0.353906 0.508984 0.065625 0.0898438
0 0.7125 0.296875 0.0953125 0.129688
0 0.241357 0.866406 0.154785 0.0859375
0 0.455078 0.95 0.252344 0.1
0 0.344922 0.85918 0.457813 0.187891
0 0.16543 0.110059 0.121094 0.21543
0 0.361914 0.496094 0.0785156 0.114844
0 0.546094 0.9 0.0703125 0.128125
0 0.230664 0.875 0.159375 0.065625
0 0.342187 0.700781 0.447656 0.45625
0 0.464941 0.61875 0.645117 0.710938
0 0.539062 0.941797 0.0796875 0.116406
0 0.269971 0.69375 0.216309 0.309375
0 0.480469 0.440234 0.610938 0.371094
0 0.672656 0.340234 0.192188 0.180469
0 0.730078 0.345898 0.0679687 0.123047
0 0.250391 0.81582 0.260156 0.215234
0 0.172559 0.884375 0.154883 0.0625
0 0.333789 0.483594 0.0589844 0.104688
0 0.17334 0.175439 0.168555 0.249121
0 0.538281 0.504297 0.507812 0.505469
0 0.142578 0.879687 0.0597656 0.075
0 0.714453 0.663281 0.103125 0.107813
0 0.553516 0.896875 0.059375 0.103125
0 0.507422 0.908594 0.161719 0.126563
0 0.602344 0.43291 0.375 0.35918
0 0.344141 0.814063 0.0671875 0.0828125
0 0.651563 0.521875 0.0453125 0.0554687
0 0.658594 0.526563 0.0453125 0.0523438
0 0.250977 0.767188 0.269922 0.314063
0 0.691797 0.286523 0.0710938 0.0988281
0 0.301367 0.485547 0.302734 0.242969
0 0.193555 0.174023 0.146484 0.291797
0 0.402344 0.375781 0.734375 0.740625
0 0.449219 0.521191 0.670313 0.295117
0 0.678906 0.291406 0.0445313 0.09375
0 0.283203 0.885938 0.05625 0.08125
0 0.672656 0.291602 0.03125 0.0765625
0 0.485156 0.935547 0.1875 0.128906
0 0.264453 0.778125 0.227344 0.25
0 0.156641 0.179297 0.176563 0.204297
0 0.5625 0.895312 0.0421875 0.071875
0 0.419922 0.541016 0.215625 0.341406
0 0.207227 0.653125 0.330078 0.535937
0 0.342187 0.802344 0.0789063 0.09375
0 0.664062 0.528125 0.053125 0.0671875
0 0.24375 0.884375 0.139844 0.084375
0 0.553125 0.91875 0.05625 0.1375
0 0.306836 0.632812 0.130078 0.126563
0 0.181836 0.161328 0.0886719 0.124219
0 0.152051 0.877344 0.0814453 0.078125
0 0.700781 0.314063 0.13125 0.222656
0 0.175 0.865625 0.121484 0.104688
0 0.283203 0.456152 0.225781 0.176758
0 0.265039 0.505078 0.186328 0.210156
0 0.180029 0.124414 0.111035 0.239453
0 0.153711 0.895312 0.0800781 0.05
0 0.348242 0.820312 0.0511719 0.06875
0 0.551172 0.871094 0.0726563 0.128125
0 0.155176 0.162012 0.131445 0.131836
0 0.394434 0.491406 0.164258 0.242188
0 0.398828 0.840625 0.366406 0.178125
0 0.363672 0.462598 0.203125 0.19043
0 0.364063 0.514453 0.0765625 0.0953125
0 0.453906 0.407813 0.624219 0.6
0 0.319336 0.407813 0.289453 0.242188
0 0.654688 0.526563 0.053125 0.071875
0 0.329102 0.916406 0.138672 0.103125
0 0.194141 0.215674 0.140625 0.226465
0 0.174902 0.339063 0.191602 0.333594
0 0.539062 0.896875 0.0984375 0.20625
0 0.312695 0.564063 0.305859 0.380469
0 0.306641 0.52666 0.267188 0.304492
0 0.527734 0.911719 0.110156 0.145313
0 0.670313 0.425684 0.215625 0.311133
0 0.227686 0.488281 0.119629 0.220313
0 0.185547 0.846875 0.145313 0.128125
0 0.626953 0.0457031 0.0492188 0.0601563
0 0.642188 0.517969 0.0257812 0.046875
0 0.742969 0.349609 0.046875 0.111719
0 0.245898 0.475879 0.345703 0.243555
0 0.266992 0.510156 0.287109 0.275
0 0.357031 0.525 0.0601563 0.0703125
0 0.557422 0.884375 0.0585938 0.09375
0 0.546875 0.946875 0.059375 0.10625
0 0.362891 0.332031 0.578906 0.664062
0 0.323047 0.898438 0.157031 0.125
0 0.700781 0.279297 0.0804688 0.0941406
0 0.671875 0.305469 0.028125 0.0664062
0 0.214453 0.567187 0.059375 0.0828125
0 0.621094 0.0516479 0.053125 0.0588135
0 0.215039 0.439063 0.0933594 0.123438
0 0.378125 0.492578 0.107031 0.123438
0 0.35 0.514844 0.0546875 0.0703125
0 0.269336 0.875 0.0847656 0.0921875
0 0.248828 0.563281 0.125781 0.114063
0 0.147461 0.147656 0.166406 0.250781
0 0.251172 0.850781 0.133594 0.10625
0 0.179248 0.100391 0.0790039 0.133398
0 0.169922 0.44541 0.134375 0.206055
0 0.23457 0.884375 0.237891 0.109375
0 0.512109 0.927344 0.144531 0.145313
0 0.56875 0.890625 0.0265625 0.065625
0 0.714063 0.273877 0.103906 0.264746
0 0.710156 0.319727 0.1 0.114453
0 0.13252 0.898438 0.0365234 0.04375
0 0.139648 0.897656 0.0472656 0.04375
0 0.708594 0.679688 0.0921875 0.06875
0 0.540625 0.814063 0.1125 0.220313
0 0.349805 0.477734 0.0746094 0.125781
0 0.351172 0.829688 0.0429688 0.0609375
0 0.241406 0.402734 0.10625 0.117969
0 0.220703 0.469922 0.096875 0.127344
0 0.277295 0.328711 0.396973 0.542578
0 0.628906 0.0499512 0.0664062 0.0665039
0 0.752344 0.358203 0.0296875 0.0875
0 0.287109 0.624219 0.138281 0.1375
0 0.754687 0.380859 0.0296875 0.113281
0 0.386719 0.626563 0.0359375 0.1125
0 0.711719 0.639844 0.116406 0.120313
0 0.280664 0.895312 0.0441406 0.0671875
0 0.359766 0.921094 0.0664062 0.0890625
0 0.547656 0.87168 0.0796875 0.256641
0 0.425 0.421875 0.08125 0.114063
0 0.206982 0.481348 0.105566 0.237305
0 0.555859 0.819531 0.0859375 0.20625
0 0.246436 0.401563 0.352441 0.328906
0 0.232422 0.558203 0.0984375 0.0984375
0 0.667969 0.368555 0.2125 0.205078
0 0.0670898 0.678906 0.0361328 0.0679687
0 0.489844 0.957812 0.176563 0.084375
0 0.328906 0.473047 0.0492188 0.0898438
0 0.670313 0.541406 0.0640625 0.0828125
0 0.667188 0.557031 0.0375 0.053125
0 0.597266 0.387109 0.355469 0.257812
0 0.676562 0.221875 0.176563 0.435156
0 0.814844 0.232031 0.3 0.457031
0 0.312109 0.879687 0.115625 0.103125
0 0.664062 0.162305 0.139063 0.291016
0 0.676172 0.123438 0.158594 0.221094
0 0.61875 0.497656 0.096875 0.0992187
0 0.690625 0.530859 0.109375 0.0835937
0 0.142285 0.892188 0.0572266 0.053125
0 0.369531 0.473047 0.107813 0.138281
0 0.545313 0.617969 0.0507812 0.0695313
0 0.218164 0.860938 0.165234 0.0953125
0 0.583594 0.326562 0.382812 0.2875
0 0.641406 0.0734375 0.096875 0.116211
0 0.17793 0.870313 0.161328 0.090625
0 0.307422 0.475391 0.249219 0.186719
0 0.21167 0.23833 0.111816 0.20459
0 0.329297 0.807813 0.071875 0.09375
0 0.362109 0.807031 0.102344 0.109375
0 0.557031 0.920703 0.053125 0.158594
0 0.671875 0.275 0.0328125 0.06875
0 0.63125 0.509375 0.071875 0.0859375
0 0.366797 0.471777 0.148438 0.19707
0 0.399219 0.875 0.427344 0.19375
0 0.301172 0.707812 0.215625 0.332813
0 0.701563 0.266602 0.0601563 0.0796875
0 0.640625 0.516016 0.0359375 0.0585938
0 0.642969 0.397754 0.260938 0.268555
0 0.727344 0.407031 0.0984375 0.278906
0 0.164844 0.171875 0.208203 0.327344
0 0.182422 0.187305 0.0882813 0.113672
0 0.349609 0.535156 0.161719 0.328125
0 0.344141 0.923438 0.111719 0.09375
0 0.220313 0.7875 0.130859 0.1375
0 0.669141 0.290625 0.0414063 0.0828125
0 0.276367 0.176758 0.392578 0.351172
0 0.496094 0.863281 0.184375 0.23125
0 0.724609 0.671875 0.0757812 0.084375
0 0.704688 0.686719 0.0515625 0.059375
0 0.367969 0.928125 0.046875 0.06875
0 0.421484 0.415234 0.06875 0.0921875
0 0.698047 0.231641 0.0992187 0.310156
0 0.214258 0.301172 0.283203 0.496094
0 0.532813 0.885938 0.0992187 0.13125
0 0.434375 0.419629 0.053125 0.0982422
0 0.492188 0.809375 0.204688 0.20625
0 0.410156 0.632031 0.0703125 0.121875
0 0.321875 0.871875 0.142188 0.123438
0 0.138672 0.376563 0.0777344 0.0875
0 0.063916 0.692187 0.0428711 0.0859375
0 0.304102 0.873438 0.307422 0.165625
0 0.584375 0.48125 0.053125 0.0890625
0 0.361328 0.82168 0.0851563 0.103516
0 0.611719 0.0551758 0.0359375 0.0507812
0 0.58125 0.477344 0.0421875 0.06875
0 0.556934 0.635156 0.486133 0.729688
0 0.710156 0.24082 0.0328125 0.078125
0 0.587109 0.474219 0.0398437 0.0664062
0 0.6875 0.545313 0.059375 0.0703125
0 0.533984 0.617188 0.0523438 0.078125
0 0.339258 0.471875 0.0644531 0.11875
0 0.643359 0.508594 0.0296875 0.053125
0 0.289453 0.878906 0.0726563 0.0953125
0 0.679688 0.0925781 0.1625 0.163477
0 0.226758 0.407129 0.0746094 0.101367
0 0.157715 0.476172 0.129492 0.260156
0 0.521094 0.868555 0.139063 0.247266
0 0.256836 0.576563 0.147656 0.134375
0 0.25918 0.392969 0.183984 0.273438
0 0.261523 0.586719 0.281641 0.41875
0 0.166797 0.892188 0.101562 0.046875
0 0.676562 0.560547 0.0546875 0.0515625
0 0.639844 0.240625 0.257812 0.44375
0 0.701563 0.151855 0.0515625 0.0724609
0 0.238086 0.482812 0.137891 0.148438
0 0.241406 0.294922 0.05 0.084375
0 0.721875 0.325 0.0757812 0.114063
0 0.357031 0.83125 0.0632813 0.0859375
0 0.3 0.6125 0.114063 0.135156
0 0.311328 0.653906 0.114844 0.126563
0 0.239063 0.27793 0.0625 0.112109
0 0.202539 0.431348 0.107031 0.141992
0 0.196289 0.1375 0.11875 0.270313
0 0.539062 0.482031 0.0546875 0.0648438
0 0.223486 0.357422 0.166309 0.335156
0 0.705469 0.369727 0.1375 0.212891
0 0.19043 0.859375 0.175781 0.109375
0 0.487109 0.915234 0.195312 0.169531
0 0.566406 0.909375 0.0296875 0.0984375
0 0.519531 0.797656 0.1625 0.204688
0 0.442969 0.421875 0.0375 0.078125
0 0.739062 0.670313 0.046875 0.078125
0 0.246143 0.528906 0.146777 0.254688
0 0.552734 0.800195 0.0640625 0.0964844
0 0.213672 0.576563 0.0460938 0.0640625
0 0.748438 0.6625 0.028125 0.0539063
0 0.169141 0.220898 0.197656 0.224609
0 0.388184 0.613672 0.0361328 0.0796875
0 0.692969 0.14873 0.04375 0.0716797
0 0.267578 0.358594 0.136719 0.148438
0 0.503906 0.96875 0.16875 0.0625
0 0.742969 0.399316 0.0765625 0.25918
0 0.59375 0.492188 0.0953125 0.104688
0 0.286133 0.903125 0.0410156 0.053125
0 0.474609 0.479297 0.613281 0.225781
0 0.710547 0.273828 0.053125 0.0726563
0 0.385547 0.511719 0.135937 0.110937
0 0.201953 0.457422 0.0890625 0.105469
0 0.0951172 0.161328 0.0728516 0.0832031
0 0.142188 0.203076 0.167187 0.184473
0 0.590234 0.467187 0.0304688 0.046875
0 0.561328 0.616797 0.046875 0.0617188
0 0.203564 0.850781 0.171777 0.146875
0 0.642969 0.507031 0.04375 0.0664062
0 0.469531 0.437109 0.607813 0.240625
0 0.533984 0.485938 0.090625 0.0882813
0 0.734375 0.334961 0.0546875 0.121484
0 0.210938 0.415723 0.0765625 0.0935547
0 0.183789 0.447656 0.0707031 0.102344
0 0.535156 0.480078 0.0765625 0.0703125
0 0.695312 0.687109 0.0390625 0.0578125
0 0.270117 0.286719 0.187109 0.210938
0 0.186719 0.464453 0.046875 0.0835937
0 0.229687 0.274414 0.107031 0.185156
0 0.24292 0.169824 0.194629 0.315039
0 0.321094 0.371484 0.278906 0.210156
0 0.303906 0.560938 0.153906 0.273438
0 0.397754 0.624609 0.0544922 0.121875
0 0.103613 0.158105 0.0908203 0.0978516
0 0.284375 0.372266 0.158984 0.129688
0 0.597266 0.479688 0.0664062 0.0859375
0 0.207227 0.524219 0.0785156 0.182812
0 0.220703 0.546875 0.0835937 0.117188
0 0.417578 0.430371 0.10625 0.136133
0 0.207227 0.17002 0.270313 0.334961
0 0.545703 0.630469 0.0515625 0.0632813
0 0.22417 0.443359 0.111035 0.178125
0 0.309961 0.859375 0.123828 0.153125
0 0.208398 0.540625 0.0730469 0.129688
0 0.527344 0.617188 0.0625 0.090625
0 0.342578 0.828125 0.0507812 0.071875
0 0.232422 0.880469 0.108594 0.0484375
0 0.749219 0.360547 0.0351562 0.105469
0 0.261328 0.8625 0.107031 0.109375
0 0.262939 0.605469 0.19834 0.659375
0 0.709375 0.326172 0.109375 0.154688
0 0.216602 0.841406 0.215234 0.167187
0 0.167578 0.416406 0.209375 0.832812
0 0.708203 0.357422 0.117969 0.207813
0 0.326172 0.416016 0.292969 0.286719
0 0.272461 0.542188 0.201953 0.28125
0 0.181982 0.119043 0.0961914 0.214258
0 0.308789 0.600781 0.270703 0.646875
0 0.382031 0.679688 0.48125 0.640625
0 0.248779 0.471484 0.313379 0.579688
0 0.249414 0.511719 0.223047 0.823438
0 0.275586 0.544922 0.318359 0.732031
0 0.294141 0.464844 0.335156 0.452344
0 0.709375 0.389746 0.121875 0.287695
0 0.20293 0.55791 0.318359 0.748242
0 0.461719 0.653125 0.609375 0.657813
0 0.720703 0.311523 0.0914062 0.153516
0 0.552734 0.925 0.0609375 0.146875
0 0.698438 0.341406 0.139063 0.161719
0 0.198242 0.129492 0.130078 0.255078
0 0.243018 0.397656 0.331152 0.790625
0 0.450684 0.495313 0.654883 0.49375
0 0.7375 0.330859 0.0625 0.133594
0 0.194531 0.502344 0.123828 0.215625
0 0.205273 0.471094 0.260547 0.942187
0 0.270508 0.500391 0.208203 0.213281
0 0.178906 0.0922119 0.0804688 0.151514
0 0.732031 0.315625 0.065625 0.15
0 0.677344 0.32168 0.178125 0.166016
0 0.729688 0.343359 0.0890625 0.191406
0 0.66875 0.404687 0.217188 0.307813
0 0.217236 0.867188 0.215527 0.096875
0 0.242188 0.811719 0.260547 0.226562
0 0.7 0.303125 0.13125 0.194531
0 0.257617 0.707031 0.259766 0.448438
0 0.176367 0.483594 0.139453 0.251563
0 0.746094 0.850781 0.507812 0.298438
0 0.677344 0.350391 0.1875 0.175781
0 0.724609 0.417188 0.0976562 0.33125
0 0.463379 0.9125 0.231055 0.175
0 0.403125 0.540234 0.470313 0.547656
0 0.151855 0.116895 0.149414 0.216992
0 0.705078 0.295312 0.108594 0.151562
0 0.698047 0.410156 0.174219 0.33125
0 0.206641 0.525 0.0722656 0.185156
0 0.546875 0.904688 0.0671875 0.15625
0 0.667188 0.237695 0.204688 0.389453
0 0.263867 0.705078 0.20625 0.386719
0 0.339063 0.492969 0.0695313 0.120313
0 0.713281 0.275439 0.109375 0.245215
0 0.176953 0.152734 0.0828125 0.151562
0 0.191406 0.360547 0.1625 0.384375
0 0.211377 0.515625 0.10459 0.186719
0 0.329492 0.619531 0.0738281 0.157813
0 0.149805 0.319531 0.224609 0.626563
0 0.693359 0.235547 0.148438 0.411719
0 0.441797 0.394141 0.664844 0.339844
0 0.657813 0.352344 0.229687 0.279687
0 0.740625 0.353906 0.0703125 0.219531
0 0.166016 0.880469 0.110156 0.071875
0 0.16416 0.24707 0.198242 0.475391
0 0.614062 0.401563 0.329688 0.304688
0 0.364795 0.459766 0.393848 0.409375
0 0.203174 0.445312 0.138184 0.328906
0 0.187451 0.171582 0.159473 0.27207
0 0.702344 0.249951 0.123438 0.267285
0 0.432129 0.894141 0.301367 0.211719
0 0.453125 0.966406 0.254688 0.0671875
0 0.741406 0.341211 0.053125 0.107422
0 0.711719 0.675391 0.104688 0.0851563
0 0.274219 0.430566 0.23125 0.282617
0 0.732031 0.245312 0.1625 0.388281
0 0.435156 0.942969 0.282031 0.114063
0 0.337891 0.625 0.0648438 0.1375
0 0.610156 0.352344 0.328125 0.221875
0 0.692578 0.30625 0.08125 0.107031
0 0.224658 0.564063 0.111621 0.290625
0 0.612891 0.460938 0.352344 0.424219
0 0.214844 0.535156 0.0832031 0.151562
0 0.722266 0.294141 0.0671875 0.138281
0 0.559375 0.907813 0.05 0.1375
0 0.212695 0.465625 0.0945313 0.1375
0 0.757422 0.908594 0.485156 0.182812
0 0.683594 0.462891 0.2 0.428125
0 0.623047 0.283936 0.296875 0.28291
0 0.670703 0.30625 0.0367188 0.0734375
0 0.258545 0.47041 0.211035 0.276367
0 0.671875 0.297266 0.0453125 0.0945313
0 0.744531 0.388379 0.0671875 0.276367
0 0.213867 0.445312 0.105469 0.132812
0 0.184424 0.0686523 0.0788086 0.136523
0 0.179688 0.536719 0.319531 0.926562
0 0.318164 0.603906 0.0808594 0.153125
0 0.726172 0.31875 0.124219 0.164062
0 0.378516 0.846094 0.411719 0.307813
0 0.416309 0.0147705 0.31582 0.029541
0 0.675781 0.317969 0.04375 0.0828125
0 0.563281 0.903125 0.04375 0.103125
0 0.623438 0.0452148 0.0671875 0.0699219
0 0.329688 0.482031 0.0585938 0.10625
0 0.536328 0.928125 0.0945313 0.14375
0 0.347461 0.504687 0.0769531 0.109375
0 0.209766 0.547656 0.0664062 0.117188
0 0.463281 0.82207 0.242969 0.355859
0 0.22207 0.494531 0.101953 0.190625
0 0.238086 0.411328 0.167969 0.339844
0 0.527734 0.463281 0.524219 0.420312
0 0.290234 0.732422 0.163672 0.413281
0 0.154492 0.15293 0.117969 0.158984
0 0.548438 0.879687 0.0765625 0.240625
0 0.698438 0.152637 0.0484375 0.0708984
0 0.749219 0.359375 0.034375 0.0742188
0 0.80293 0.878125 0.372266 0.24375
0 0.189063 0.0520386 0.0710938 0.0976807
0 0.238672 0.296875 0.053125 0.0875
0 0.883008 0.062207 0.233984 0.0867188
0 0.620313 0.0538086 0.059375 0.0558594
0 0.501465 0.56875 0.581445 0.646875
0 0.748438 0.426953 0.0671875 0.367188
0 0.197266 0.44209 0.119922 0.15957
0 0.864844 0.0188477 0.270313 0.0376953
0 0.231445 0.876563 0.254297 0.14375
0 0.613281 0.0452271 0.0515625 0.0669678
0 0.842188 0.0785156 0.246875 0.0947266
0 0.415234 0.0536133 0.292969 0.0699219
0 0.707031 0.240234 0.0359375 0.0742188
0 0.167969 0.864062 0.117578 0.10625
0 0.711719 0.248242 0.084375 0.289453
0 0.891406 0.0169922 0.217188 0.0339844
0 0.555469 0.886719 0.0625 0.126563
0 0.194922 0.106152 0.0941406 0.212305
0 0.509766 0.929688 0.149219 0.140625
0 0.689844 0.140723 0.0390625 0.0621094
0 0.162207 0.348389 0.173242 0.384473
0 0.353516 0.534375 0.0609375 0.0726563
0 0.56875 0.892188 0.028125 0.078125
0 0.496094 0.872656 0.18125 0.254688
0 0.230078 0.723437 0.229687 0.370313
0 0.751953 0.366016 0.0289063 0.0570313
0 0.725 0.372461 0.160938 0.324609
0 0.539844 0.909766 0.0757812 0.180469
0 0.694531 0.324023 0.0828125 0.100391
0 0.65 0.350781 0.254688 0.1625
0 0.703906 0.680469 0.096875 0.0671875
0 0.195654 0.513281 0.0711914 0.182812
0 0.179639 0.213672 0.127441 0.112891
0 0.428906 0.83125 0.310156 0.209375
0 0.207227 0.592969 0.0902344 0.328125
0 0.484375 0.921875 0.204688 0.15625
0 0.752344 0.37207 0.03125 0.0816406
0 0.873438 0.0893555 0.253125 0.113086
0 0.29707 0.608594 0.140625 0.14375
0 0.233398 0.355078 0.0878906 0.190625
0 0.445312 0.983984 0.29375 0.0320312
0 0.748438 0.357812 0.0515625 0.0851563
0 0.172363 0.201953 0.188086 0.238281
0 0.430078 0.959375 0.314844 0.08125
0 0.19082 0.846875 0.157422 0.14375
0 0.357031 0.532031 0.078125 0.084375
0 0.285547 0.884375 0.0632813 0.084375
0 0.708203 0.277344 0.053125 0.0984375
0 0.669922 0.320312 0.0335938 0.0640625
0 0.717969 0.29082 0.0546875 0.117188
0 0.314844 0.598828 0.0671875 0.121094
0 0.401563 0.866406 0.360938 0.226562
0 0.700391 0.177734 0.05625 0.129688
0 0.713672 0.686719 0.0789063 0.059375
0 0.702344 0.835156 0.384375 0.329688
0 0.396484 0.075293 0.247656 0.0892578
0 0.128906 0.186279 0.0796875 0.0836914
0 0.348828 0.519531 0.0671875 0.0875
0 0.380078 0.533691 0.158594 0.338867
0 0.221875 0.252148 0.0835937 0.135547
0 0.222656 0.399316 0.0695313 0.170117
0 0.751563 0.339258 0.0859375 0.113672
0 0.744141 0.348828 0.0679687 0.0953125
0 0.216016 0.424609 0.0804688 0.132031
0 0.413184 0.955078 0.151758 0.0898438
0 0.485059 0.0146973 0.30332 0.0293945
0 0.182861 0.430859 0.106152 0.154688
0 0.635547 0.0371582 0.139063 0.0677734
0 0.426953 0.410547 0.0757812 0.104688
0 0.14873 0.8875 0.0759766 0.065625
0 0.198633 0.3125 0.233594 0.607813
0 0.196875 0.0402344 0.0597656 0.0759766
0 0.610938 0.0560547 0.0390625 0.0478516
0 0.342187 0.539453 0.0890625 0.310156
0 0.453906 0.0495117 0.284375 0.0625
0 0.755859 0.799219 0.441406 0.401563
0 0.710547 0.254883 0.0429688 0.123828
0 0.667188 0.313672 0.0421875 0.071875
0 0.538281 0.821094 0.116406 0.251563
0 0.705469 0.659766 0.108594 0.110156
0 0.339844 0.636719 0.053125 0.110937
0 0.132324 0.174805 0.101367 0.109766
0 0.429688 0.00625 0.298438 0.0125
0 0.417188 0.405566 0.0742188 0.0841797
0 0.243555 0.61875 0.14375 0.432813
0 0.607031 0.255469 0.324219 0.439063
0 0.753906 0.380371 0.034375 0.133008
0 0.8875 0.0908203 0.225 0.181641
0 0.540234 0.865625 0.105469 0.265625
0 0.149219 0.876563 0.0867188 0.08125
0 0.603125 0.0398437 0.257031 0.0700195
0 0.844531 0.0766602 0.239063 0.15332
0 0.226514 0.523047 0.105566 0.214844
0 0.237109 0.272266 0.0621094 0.141406
0 0.801562 0.0768555 0.19375 0.0919922
0 0.696875 0.283008 0.090625 0.114453
0 0.177344 0.452344 0.0722656 0.120313
0 0.165039 0.425781 0.0820312 0.144531
0 0.216406 0.454688 0.0902344 0.0828125
0 0.545313 0.933203 0.0640625 0.133594
0 0.747656 0.352734 0.0367188 0.101562
0 0.429688 0.339063 0.68125 0.521094
0 0.548438 0.88125 0.071875 0.159375
0 0.301953 0.548438 0.148438 0.292188
0 0.303906 0.342187 0.414062 0.676562
0 0.349219 0.536719 0.0496094 0.059375
0 0.240234 0.307031 0.0460938 0.075
0 0.146973 0.205859 0.0923828 0.0933594
0 0.496094 0.81875 0.182812 0.207813
0 0.582031 0.484375 0.0445313 0.078125
0 0.375 0.0436646 0.303125 0.0536865
0 0.210156 0.168359 0.144531 0.310937
0 0.25 0.371875 0.116406 0.201563
0 0.779883 0.0566895 0.174609 0.0649414
0 0.151465 0.421484 0.0962891 0.138281
0 0.243359 0.287305 0.0664062 0.105859
0 0.333008 0.478906 0.0691406 0.135937
0 0.344141 0.525 0.0445313 0.06875
0 0.346484 0.651563 0.034375 0.075
0 0.386328 0.458496 0.179688 0.19082
0 0.797656 0.0689941 0.173438 0.137988
0 0.345703 0.486719 0.0851563 0.146875
0 0.831055 0.0537231 0.250391 0.0775146
0 0.270703 0.635156 0.186719 0.365625
0 0.35 0.657813 0.0296875 0.0578125
0 0.346484 0.834375 0.0433594 0.0671875
0 0.344336 0.0686523 0.237109 0.0689453
0 0.685156 0.133594 0.0328125 0.0488281
0 0.707812 0.260156 0.0328125 0.053125
0 0.577344 0.482031 0.034375 0.065625
0 0.220654 0.393066 0.124316 0.37793
0 0.467969 0.954297 0.221875 0.0914062
0 0.327734 0.602734 0.0449219 0.1375
0 0.360938 0.492578 0.096875 0.133594
0 0.758594 0.320312 0.104688 0.15
0 0.486035 0.0446167 0.29668 0.0547119
0 0.228711 0.865625 0.178906 0.071875
0 0.678906 0.278174 0.173438 0.234277
0 0.5625 0.902344 0.0921875 0.195312
0 0.272266 0.38916 0.192578 0.338867
0 0.203125 0.485938 0.0914062 0.171875
0 0.584766 0.493359 0.059375 0.0875
0 0.94375 0.0976562 0.1125 0.1625
0 0.176563 0.133984 0.0753906 0.203906
0 0.417871 0.385254 0.698633 0.748242
0 0.431641 0.946875 0.132812 0.10625
0 0.607031 0.0553711 0.114063 0.0830078
0 0.410156 0.40166 0.0945313 0.0966797
0 0.195117 0.466406 0.0847656 0.125
0 0.131543 0.206836 0.0722656 0.101172
0 0.413281 0.400879 0.065625 0.0638672
0 0.87793 0.00673828 0.244141 0.0134766
0 0.536719 0.014502 0.314063 0.0290039
0 0.465527 0.343945 0.60957 0.321484
0 0.15918 0.173633 0.123828 0.124609
0 0.15791 0.220703 0.117773 0.139844
0 0.61875 0.0491333 0.0890625 0.0718506
0 0.132422 0.882031 0.0501953 0.0703125
0 0.673438 0.532031 0.0546875 0.0609375
0 0.496973 0.00592041 0.285742 0.0118408
0 0.555859 0.845313 0.0898438 0.309375
0 0.605469 0.0583008 0.028125 0.0400391
0 0.341211 0.514844 0.0527344 0.071875
0 0.482031 0.941406 0.192188 0.117188
0 0.440625 0.994922 0.325 0.0101563
0 0.573828 0.490234 0.0304688 0.0507812
0 0.17334 0.876563 0.162695 0.071875
0 0.458203 0.072168 0.249219 0.0757812
0 0.752344 0.344336 0.1125 0.195703
0 0.415234 0.529688 0.225781 0.329688
0 0.723437 0.348828 0.0875 0.142969
0 0.389062 0.0737305 0.242188 0.147461
0 0.690625 0.148926 0.0453125 0.0771484
0 0.707031 0.260938 0.0421875 0.0820312
0 0.560547 0.884375 0.0523438 0.0921875
0 0.211719 0.0270508 0.0292969 0.0432617
0 0.422656 0.401172 0.0484375 0.0578125
0 0.179883 0.523828 0.130078 0.189844
0 0.291406 0.871875 0.0859375 0.109375
0 0.12373 0.206299 0.0818359 0.120215
0 0.237891 0.332422 0.0804688 0.144531
0 0.612109 0.498437 0.110937 0.107813
0 0.497656 0.913281 0.170313 0.173438
0 0.217969 0.590625 0.0542969 0.059375
0 0.140039 0.221484 0.09375 0.145313
0 0.34082 0.0143799 0.368359 0.0287598
0 0.663281 0.3 0.204688 0.2
0 0.711719 0.675391 0.1 0.084375
0 0.209375 0.814844 0.20625 0.214062
0 0.466797 0.603223 0.611719 0.626367
0 0.707812 0.301563 0.110937 0.195312
0 0.220313 0.507812 0.0890625 0.178125
0 0.250781 0.652734 0.217969 0.542969
0 0.555859 0.909375 0.0453125 0.103125
0 0.713281 0.334766 0.10625 0.114063
0 0.738281 0.341016 0.05 0.1
0 0.657813 0.333984 0.223438 0.142969
0 0.324609 0.416016 0.303906 0.230469
0 0.231641 0.773438 0.251953 0.298438
0 0.217188 0.466406 0.08125 0.0921875
0 0.749219 0.355078 0.03125 0.071875
0 0.742969 0.347656 0.0460938 0.084375
0 0.5625 0.903125 0.0390625 0.0859375
0 0.724609 0.338281 0.0804688 0.104688
0 0.283984 0.892188 0.0457031 0.0625
0 0.181641 0.104395 0.065625 0.111523
0 0.390527 0.436035 0.17207 0.132617
0 0.152637 0.878906 0.0787109 0.06875
0 0.706641 0.239453 0.0296875 0.0714844
0 0.664062 0.440234 0.214062 0.463281
0 0.31875 0.490527 0.278906 0.39082
0 0.199561 0.833594 0.182129 0.165625
0 0.717188 0.664453 0.0929688 0.0679687
0 0.55 0.926562 0.05625 0.140625
0 0.188623 0.0827148 0.0743164 0.145508
0 0.230029 0.8625 0.172754 0.065625
0 0.231299 0.353516 0.227246 0.707031
0 0.162012 0.874219 0.0998047 0.08125
0 0.230078 0.610938 0.102344 0.39375
0 0.238672 0.509375 0.121094 0.18125
0 0.471875 0.479688 0.60625 0.417188
0 0.73125 0.3375 0.0625 0.121094
0 0.196484 0.767969 0.172656 0.2875
0 0.212305 0.855469 0.197656 0.110937
0 0.707812 0.283203 0.0921875 0.136719
0 0.811719 0.821094 0.35625 0.351562
0 0.285156 0.886719 0.059375 0.075
0 0.344922 0.762891 0.475781 0.363281
0 0.383984 0.426563 0.161719 0.1875
0 0.329248 0.438184 0.312598 0.35957
0 0.751953 0.363672 0.0273438 0.0585938
0 0.717188 0.68125 0.0796875 0.059375
0 0.563281 0.895312 0.0320312 0.071875
0 0.209814 0.870313 0.19209 0.078125
0 0.25957 0.7375 0.236328 0.353125
0 0.709375 0.651563 0.110937 0.13125
0 0.185596 0.383203 0.216309 0.766406
0 0.710547 0.347461 0.111719 0.192578
0 0.326953 0.473438 0.0359375 0.075
0 0.239893 0.878125 0.149121 0.0875
0 0.710156 0.307422 0.0984375 0.139844
0 0.279102 0.549902 0.211328 0.55332
0 0.314453 0.573047 0.271875 0.533594
0 0.567187 0.891406 0.0265625 0.0625
0 0.557031 0.927344 0.0382813 0.1375
0 0.373828 0.628027 0.503906 0.60332
0 0.748438 0.352734 0.0328125 0.111719
0 0.554688 0.963281 0.0375 0.0703125
0 0.714844 0.273047 0.0585938 0.117578
0 0.264648 0.567187 0.167578 0.309375
0 0.202148 0.312891 0.233984 0.614844
0 0.660937 0.351562 0.221094 0.279687
0 0.270313 0.878906 0.0789063 0.090625
0 0.257227 0.504687 0.159766 0.203125
0 0.233008 0.558203 0.0964844 0.0953125
0 0.17207 0.107007 0.108203 0.196143
0 0.278467 0.332422 0.22666 0.664844
0 0.159277 0.858594 0.0978516 0.114063
0 0.322656 0.316406 0.3 0.615625
0 0.287891 0.623438 0.138281 0.11875
0 0.710156 0.246094 0.0359375 0.0875
0 0.751172 0.356641 0.0429688 0.08125
0 0.563281 0.889063 0.0359375 0.053125
0 0.248047 0.289844 0.0382813 0.0867188
0 0.21582 0.479688 0.0921875 0.148438
0 0.12793 0.8875 0.0294922 0.05625
0 0.695312 0.685938 0.0546875 0.05625
0 0.676562 0.296289 0.0460938 0.0867188
0 0.742188 0.339063 0.0390625 0.119531
0 0.549219 0.900781 0.05625 0.0953125
0 0.337939 0.620215 0.344434 0.611133
0 0.705469 0.258203 0.0421875 0.0984375
0 0.214453 0.530469 0.0742188 0.144531
0 0.261523 0.403516 0.173828 0.232031
0 0.279736 0.461719 0.211621 0.291406
0 0.199805 0.0477539 0.0511719 0.0835937
0 0.280859 0.446484 0.221094 0.504687
0 0.691406 0.279687 0.084375 0.123438
0 0.698438 0.689844 0.0421875 0.0453125
0 0.522656 0.927344 0.109375 0.145313
0 0.24043 0.274219 0.0511719 0.121094
0 0.216406 0.8875 0.204297 0.1
0 0.753125 0.510156 0.0359375 0.0664062
0 0.670313 0.306641 0.028125 0.0578125
0 0.142871 0.882031 0.0599609 0.065625
0 0.248047 0.455469 0.185938 0.589063
0 0.749219 0.373242 0.034375 0.167578
0 0.738672 0.828125 0.332031 0.3375
0 0.176953 0.126367 0.131641 0.247266
0 0.725781 0.312109 0.10625 0.202344
0 0.751563 0.378125 0.0296875 0.0953125
0 0.712891 0.267578 0.0429688 0.11875
0 0.221875 0.454297 0.0847656 0.0804688
0 0.264453 0.884375 0.0796875 0.0703125
0 0.745313 0.658203 0.0375 0.0578125
0 0.546875 0.961719 0.0523438 0.075
0 0.601953 0.459766 0.347656 0.514844
0 0.288672 0.879687 0.0742188 0.0875
0 0.418848 0.7 0.620117 0.482812
0 0.211133 0.557813 0.0574219 0.0859375
0 0.26582 0.634766 0.186328 0.352344
0 0.234766 0.692187 0.065625 0.121094
0 0.716406 0.791406 0.257812 0.398438
0 0.234766 0.406641 0.117188 0.299219
0 0.670313 0.670313 0.0296875 0.0429688
0 0.436328 0.405371 0.533594 0.279883
0 0.215674 0.85625 0.17334 0.08125
0 0.720703 0.394531 0.0992187 0.239844
0 0.195312 0.473047 0.0433594 0.0820312
0 0.540234 0.901563 0.0734375 0.1125
0 0.168262 0.148633 0.0935547 0.127344
0 0.201563 0.531641 0.0558594 0.141406
0 0.325 0.464063 0.034375 0.06875
0 0.69375 0.694141 0.03125 0.0367188
0 0.735938 0.34668 0.0796875 0.196484
0 0.660937 0.229687 0.210938 0.382031
0 0.130078 0.896875 0.0296875 0.040625
0 0.25957 0.586328 0.175781 0.689844
0 0.245703 0.301172 0.0347656 0.0757812
0 0.734375 0.454785 0.0796875 0.395117
0 0.357812 0.832031 0.454688 0.310937
0 0.720703 0.305469 0.0679687 0.154688
0 0.201758 0.0857422 0.0839844 0.163281
0 0.332813 0.49375 0.0367188 0.0703125
0 0.233203 0.269922 0.059375 0.134766
0 0.19043 0.865625 0.150781 0.103125
0 0.332422 0.484375 0.0429688 0.0953125
0 0.291016 0.385254 0.228906 0.262305
0 0.128906 0.88125 0.0363281 0.0671875
0 0.750781 0.337695 0.08125 0.108984
0 0.132031 0.878125 0.0496094 0.071875
0 0.711328 0.396875 0.116406 0.328906
0 0.135059 0.888281 0.0458984 0.053125
0 0.730469 0.312695 0.0578125 0.159766
0 0.746875 0.505469 0.0515625 0.0859375
0 0.675781 0.500391 0.192188 0.4625
0 0.157617 0.116602 0.137109 0.228125
0 0.239258 0.287891 0.0449219 0.0898438
0 0.708203 0.660547 0.119531 0.0914062
0 0.221094 0.560547 0.0648438 0.0851563
0 0.250781 0.436719 0.148828 0.328906
0 0.74375 0.45166 0.0640625 0.338867
0 0.451172 0.264648 0.644531 0.491016
0 0.323047 0.4625 0.046875 0.0867188
0 0.223242 0.453906 0.096875 0.309375
0 0.571094 0.880469 0.0265625 0.0453125
0 0.354688 0.414746 0.217188 0.212695
0 0.696875 0.257422 0.0609375 0.120313
0 0.720703 0.27832 0.0523438 0.144141
0 0.491406 0.927344 0.170313 0.145313
0 0.741406 0.365234 0.0421875 0.138281
0 0.667969 0.664062 0.025 0.028125
0 0.164648 0.0900147 0.135156 0.171533
0 0.555859 0.892188 0.0492188 0.0625
0 0.19043 0.16582 0.159766 0.321484
0 0.227344 0.254102 0.0613281 0.117188
0 0.196289 0.115039 0.0960938 0.214453
0 0.387598 0.471094 0.157617 0.189063
0 0.208203 0.0264771 0.0304688 0.0341553
0 0.333203 0.360742 0.0742188 0.0925781
0 0.697656 0.238477 0.0515625 0.0894531
0 0.20625 0.0391602 0.040625 0.0644531
0 0.323047 0.591406 0.0398437 0.05625
0 0.325391 0.356641 0.0523438 0.0835937
0 0.211914 0.0249512 0.0289063 0.0300781
0 0.455469 0.928906 0.239844 0.142188
0 0.757031 0.509766 0.0265625 0.0570313
0 0.674219 0.314063 0.025 0.0515625
0 0.277734 0.349805 0.155469 0.103516
0 0.750781 0.653906 0.025 0.0453125
0 0.418848 0.439844 0.232617 0.150781
0 0.752344 0.764844 0.2875 0.470313
0 0.225391 0.448438 0.0710938 0.0609375
0 0.560156 0.953125 0.028125 0.071875
0 0.476953 0.352539 0.596094 0.307422
0 0.721484 0.294727 0.0804688 0.204297
0 0.545313 0.944531 0.05625 0.110937
0 0.685938 0.682031 0.0523438 0.0671875
0 0.704688 0.728906 0.234375 0.540625
0 0.313867 0.355469 0.0703125 0.0835937
0 0.244336 0.676953 0.0445313 0.0859375
0 0.134961 0.903125 0.0408203 0.0421875
0 0.533594 0.957812 0.0796875 0.084375
0 0.550781 0.320312 0.43125 0.226562
0 0.703906 0.312891 0.0953125 0.100781
0 0.171289 0.248828 0.184766 0.478906
0 0.741406 0.391016 0.065625 0.242969
0 0.154492 0.892188 0.0855469 0.0453125
0 0.266016 0.358984 0.144531 0.138281
0 0.539062 0.921094 0.075 0.15625
0 0.546094 0.908594 0.08125 0.182812
0 0.203125 0.0285156 0.0398437 0.0367188
0 0.70625 0.32832 0.09375 0.084375
0 0.713672 0.268359 0.0835937 0.235938
0 0.220508 0.848242 0.224609 0.147266
0 0.157813 0.169922 0.106641 0.0933594
0 0.714844 0.244141 0.0476562 0.10625
0 0.716797 0.551953 0.210156 0.375
0 0.163281 0.832031 0.1125 0.145313
0 0.298242 0.601172 0.0929688 0.0765625
0 0.190234 0.484375 0.0289063 0.0609375
0 0.222266 0.639063 0.09375 0.553125
0 0.218359 0.569531 0.0515625 0.0679687
0 0.333008 0.466406 0.0503906 0.121875
0 0.542969 0.394922 0.464063 0.341406
0 0.237842 0.846875 0.173535 0.09375
0 0.194531 0.0583984 0.053125 0.1125
0 0.210352 0.566406 0.0425781 0.0703125
0 0.199609 0.119336 0.0335938 0.0753906
0 0.862305 0.864062 0.269141 0.254688
0 0.353516 0.435547 0.0960938 0.171094
0 0.291406 0.352344 0.128125 0.08125
0 0.288672 0.898438 0.0445313 0.059375
0 0.249609 0.626172 0.138672 0.499219
0 0.413281 0.409375 0.221875 0.19375
0 0.836133 0.778906 0.287109 0.421875
0 0.666406 0.306836 0.040625 0.0617188
0 0.335156 0.504297 0.034375 0.0507812
0 0.35957 0.419141 0.118359 0.166406
0 0.568359 0.884375 0.0320312 0.059375
0 0.737891 0.500391 0.0671875 0.090625
0 0.248242 0.671094 0.0621094 0.110937
0 0.241211 0.680469 0.0800781 0.123438
0 0.174805 0.133789 0.0855469 0.110156
0 0.194727 0.520703 0.0410156 0.145313
0 0.328125 0.58125 0.025 0.034375
0 0.225781 0.710156 0.0875 0.148438
0 0.408691 0.41875 0.116992 0.0929688
0 0.258984 0.360547 0.158594 0.325781
0 0.185938 0.480859 0.03125 0.0640625
0 0.814844 0.714453 0.364063 0.571094
0 0.675781 0.320898 0.025 0.0554687
0 0.708594 0.23125 0.0375 0.0835937
0 0.237549 0.680859 0.195215 0.305469
0 0.725391 0.672656 0.125781 0.1
0 0.197461 0.770312 0.104688 0.117188
0 0.532813 0.9375 0.0828125 0.125
0 0.16543 0.171875 0.128125 0.126172
0 0.44375 0.12168 0.671875 0.243359
0 0.441016 0.14375 0.660156 0.2875
0 0.209375 0.573438 0.0320312 0.0515625
0 0.312891 0.590625 0.0523438 0.05
0 0.669141 0.398828 0.213281 0.33125
0 0.221875 0.0850586 0.135547 0.159961
0 0.177344 0.133301 0.0710938 0.0892578
0 0.603516 0.326172 0.0921875 0.0898438
0 0.697656 0.261914 0.13125 0.245703
0 0.714844 0.622266 0.10625 0.195312
0 0.200781 0.490625 0.053125 0.132812
0 0.734766 0.658203 0.0523438 0.0515625
0 0.334375 0.392285 0.0695313 0.16543
0 0.432031 0.848242 0.301563 0.300391
0 0.371875 0.738672 0.488281 0.475781
0 0.297656 0.611328 0.110937 0.0976562
0 0.275781 0.889063 0.0523438 0.0625
0 0.212695 0.578125 0.0324219 0.040625
0 0.615625 0.0476562 0.0484375 0.0609375
0 0.252148 0.285742 0.0535156 0.0929688
0 0.238477 0.870313 0.151953 0.0484375
0 0.266846 0.292578 0.297559 0.585156
0 0.150391 0.181592 0.0910156 0.0735352
0 0.677344 0.671875 0.0375 0.0523438
0 0.557031 0.907031 0.0625 0.107813
0 0.780469 0.45791 0.396875 0.513867
0 0.24043 0.448438 0.0925781 0.0671875
0 0.326562 0.454688 0.04375 0.129688
0 0.75 0.519141 0.0375 0.0523438
0 0.675781 0.0366211 0.18125 0.0675781
0 0.613672 0.053125 0.0398437 0.0480469
0 0.245312 0.311719 0.0324219 0.0585938
0 0.334375 0.366016 0.0992187 0.103125
0 0.225195 0.447656 0.0863281 0.125
0 0.541406 0.884375 0.075 0.08125
0 0.342578 0.421094 0.0773438 0.1875
0 0.224219 0.442188 0.059375 0.059375
0 0.231445 0.538281 0.0988281 0.13125
0 0.314453 0.585156 0.0453125 0.040625
0 0.338281 0.510938 0.0335938 0.0570313
0 0.560156 0.882812 0.0515625 0.06875
0 0.208594 0.241016 0.193359 0.466406
0 0.163672 0.875 0.130469 0.0625
0 0.672656 0.665625 0.040625 0.059375
0 0.303711 0.444922 0.0878906 0.103125
0 0.208252 0.662891 0.118652 0.407031
0 0.196484 0.0318481 0.05625 0.043335
0 0.429688 0.415723 0.0695313 0.0841797
0 0.721094 0.676562 0.084375 0.0882813
0 0.24082 0.662109 0.24375 0.532031
0 0.563672 0.91875 0.0398437 0.11875
0 0.21582 0.773828 0.202734 0.296094
0 0.385547 0.437598 0.151562 0.176367
0 0.732031 0.341406 0.0710938 0.123438
0 0.741016 0.339063 0.05 0.103906
0 0.75 0.352539 0.0351562 0.0816406
0 0.723437 0.339453 0.0859375 0.103906
0 0.740625 0.357227 0.059375 0.151953
0 0.557031 0.928125 0.05 0.14375
0 0.24707 0.747656 0.246484 0.359375
0 0.274023 0.549219 0.180078 0.271875
0 0.710547 0.664844 0.103906 0.107813
0 0.212109 0.821094 0.2 0.207813
0 0.328906 0.419629 0.274219 0.212305
0 0.753125 0.36543 0.0296875 0.0691406
0 0.268359 0.516406 0.171094 0.19375
0 0.268359 0.645312 0.178125 0.5875
0 0.701172 0.345703 0.135156 0.139844
0 0.368555 0.928125 0.0441406 0.0609375
0 0.739844 0.42041 0.0734375 0.268555
0 0.238281 0.514844 0.110156 0.185938
0 0.741797 0.383984 0.0640625 0.207031
0 0.376563 0.924219 0.034375 0.065625
0 0.214453 0.848437 0.191406 0.151562
0 0.568359 0.888281 0.0296875 0.0578125
0 0.271875 0.620313 0.180469 0.2125
0 0.380469 0.923438 0.0265625 0.05625
0 0.348828 0.647656 0.0328125 0.0617188
0 0.726172 0.320312 0.078125 0.157031
0 0.75 0.421094 0.0546875 0.25
0 0.749219 0.361914 0.059375 0.163672
0 0.744531 0.341016 0.0375 0.116406
0 0.720313 0.310547 0.0875 0.196875
0 0.551562 0.477344 0.0453125 0.0640625
0 0.6625 0.339844 0.215625 0.130469
0 0.753125 0.37666 0.03125 0.0951172
0 0.670313 0.308594 0.192188 0.192188
0 0.735547 0.667578 0.0578125 0.0695313
0 0.447559 0.644922 0.66582 0.650781
0 0.243799 0.879687 0.168652 0.075
0 0.710938 0.64375 0.104688 0.15625
0 0.694531 0.680469 0.075 0.0703125
0 0.5625 0.925391 0.034375 0.149219
0 0.70625 0.24668 0.0265625 0.0535156
0 0.568359 0.9 0.0265625 0.078125
0 0.754687 0.501563 0.0359375 0.0890625
0 0.55 0.479688 0.0625 0.06875
0 0.757812 0.50625 0.028125 0.071875
0 0.720313 0.362109 0.096875 0.167187
0 0.292188 0.323633 0.33125 0.647266
0 0.555469 0.967188 0.04375 0.065625
0 0.302295 0.430566 0.265723 0.43418
0 0.753906 0.362305 0.0390625 0.0785156
0 0.753125 0.348438 0.0484375 0.108594
0 0.530469 0.488672 0.103125 0.084375
0 0.555859 0.484375 0.0398437 0.0515625
0 0.228711 0.866406 0.159766 0.090625
0 0.30332 0.627344 0.141406 0.120313
0 0.677734 0.32168 0.0234375 0.0476562
0 0.68125 0.494531 0.182812 0.45625
0 0.754687 0.38125 0.0328125 0.139844
0 0.751953 0.655469 0.0289063 0.0453125
0 0.350391 0.657813 0.0359375 0.0734375
0 0.758203 0.391016 0.0351562 0.116406
0 0.385547 0.518066 0.153906 0.34043
0 0.171289 0.88125 0.112109 0.065625
0 0.309375 0.536328 0.25625 0.396094
0 0.717188 0.326953 0.0921875 0.0796875
0 0.341992 0.630469 0.0402344 0.0921875
0 0.327734 0.477344 0.0390625 0.0859375
0 0.700781 0.695312 0.04375 0.0453125
0 0.331836 0.621875 0.0699219 0.114063
0 0.450781 0.435156 0.0296875 0.05625
0 0.221533 0.328906 0.22959 0.657813
0 0.707031 0.336328 0.090625 0.0796875
0 0.344531 0.641797 0.0398437 0.0679687
0 0.283203 0.8875 0.0710938 0.0703125
0 0.194336 0.129492 0.140234 0.249609
0 0.758594 0.494141 0.0265625 0.065625
0 0.329688 0.917969 0.128125 0.090625
0 0.752344 0.360742 0.0328125 0.134766
0 0.757031 0.479688 0.028125 0.053125
0 0.561719 0.9625 0.0328125 0.071875
0 0.55625 0.927734 0.0359375 0.144531
0 0.55625 0.960938 0.0351562 0.078125
0 0.671484 0.666406 0.0367188 0.0375
0 0.66875 0.664062 0.0265625 0.0328125
0 0.719141 0.282813 0.0625 0.127344
0 0.291455 0.500391 0.234277 0.505469
0 0.55 0.9125 0.05625 0.109375
0 0.564063 0.489453 0.0359375 0.0445313
0 0.544531 0.466797 0.03125 0.0460938
0 0.288672 0.619922 0.148438 0.182031
0 0.241602 0.560938 0.0960938 0.096875
0 0.355078 0.920313 0.0742188 0.08125
0 0.673438 0.316406 0.0328125 0.0554687
0 0.566406 0.928906 0.05 0.140625
0 0.748438 0.661719 0.0359375 0.0609375
0 0.255664 0.890625 0.168359 0.075
0 0.338281 0.623438 0.05 0.110937
0 0.697656 0.698438 0.0335938 0.0390625
0 0.559375 0.489844 0.046875 0.05
0 0.708984 0.244531 0.034375 0.0640625
0 0.235742 0.389062 0.104297 0.232031
0 0.692578 0.690625 0.04375 0.0546875
0 0.717969 0.288672 0.0828125 0.127344
0 0.75625 0.402734 0.03125 0.185156
0 0.747656 0.655469 0.0328125 0.040625
0 0.362891 0.94375 0.0390625 0.0375
0 0.760938 0.486719 0.03125 0.0609375
0 0.363281 0.935938 0.0554687 0.05
0 0.54375 0.474219 0.0515625 0.0609375
0 0.287891 0.890625 0.0507812 0.0703125
0 0.446094 0.41875 0.0390625 0.0859375
0 0.222266 0.560938 0.078125 0.0875
0 0.567969 0.901563 0.0421875 0.0875
0 0.314648 0.388672 0.275391 0.286719
0 0.453125 0.445312 0.0289063 0.0523438
0 0.6625 0.405078 0.220313 0.371875
0 0.497266 0.543066 0.554688 0.448242
0 0.201758 0.121484 0.090625 0.228906
0 0.255664 0.373828 0.148047 0.25625
0 0.196533 0.179639 0.14834 0.304004
0 0.657031 0.310937 0.0609375 0.0640625
0 0.578125 0.482812 0.0375 0.05625
0 0.212891 0.0265503 0.0304688 0.0336182
0 0.221875 0.571875 0.0578125 0.075
0 0.332813 0.485938 0.040625 0.0835937
0 0.719531 0.40791 0.104688 0.260742
0 0.717969 0.614453 0.101562 0.213281
0 0.206445 0.0460449 0.0371094 0.0741211
0 0.384473 0.920313 0.0373047 0.059375
0 0.704688 0.319727 0.096875 0.0734375
0 0.571875 0.892188 0.0328125 0.0671875
0 0.694141 0.294141 0.14375 0.20625
0 0.183545 0.161719 0.165723 0.242969
0 0.565625 0.478906 0.065625 0.065625
0 0.185205 0.119141 0.0897461 0.220313
0 0.727734 0.298047 0.06875 0.191406
0 0.716406 0.313281 0.090625 0.08125
0 0.759766 0.477734 0.0351562 0.0773438
0 0.342969 0.649219 0.0417969 0.09375
0 0.746094 0.497656 0.053125 0.096875
0 0.25625 0.583203 0.126953 0.149219
0 0.547266 0.960547 0.0539063 0.0789063
0 0.669531 0.310547 0.0414063 0.059375
0 0.331445 0.477734 0.0480469 0.108594
0 0.241602 0.85625 0.180078 0.114063
0 0.724219 0.298047 0.0578125 0.1375
0 0.349609 0.364844 0.0945313 0.0921875
0 0.752344 0.516406 0.0390625 0.0625
0 0.213721 0.165234 0.109277 0.320703
0 0.538672 0.465625 0.046875 0.0484375
0 0.75625 0.44375 0.0296875 0.123438
0 0.676172 0.311328 0.0453125 0.0632813
0 0.678906 0.331836 0.0265625 0.059375
0 0.135742 0.9 0.0347656 0.0375
0 0.528516 0.926562 0.100781 0.146875
0 0.439844 0.41416 0.0453125 0.0904297
0 0.366016 0.91875 0.0570313 0.078125
0 0.435937 0.405859 0.0445313 0.078125
0 0.247266 0.294727 0.0398437 0.0769531
0 0.584375 0.478516 0.034375 0.0648438
0 0.635156 0.296875 0.0328125 0.0375
0 0.340234 0.361914 0.0789063 0.0777344
0 0.744141 0.360547 0.040625 0.13125
0 0.305664 0.635156 0.262891 0.576563
0 0.369531 0.483203 0.190625 0.282031
0 0.561719 0.884375 0.046875 0.075
0 0.541016 0.471875 0.0757812 0.059375
0 0.141992 0.896875 0.0546875 0.0421875
0 0.333789 0.645312 0.059375 0.110937
0 0.29375 0.372266 0.209375 0.283594
0 0.295703 0.734375 0.146875 0.396875
0 0.575 0.488281 0.0359375 0.05
0 0.358984 0.384766 0.20625 0.219531
0 0.183594 0.226172 0.170313 0.211719
0 0.246094 0.486035 0.125781 0.235742
0 0.235938 0.432031 0.104688 0.349219
0 0.245703 0.444531 0.18125 0.604688
0 0.348828 0.516016 0.216406 0.341406
0 0.709766 0.254688 0.03125 0.0546875
0 0.223047 0.482812 0.0875 0.15
0 0.747266 0.330859 0.0742188 0.144531
0 0.732031 0.322266 0.0445313 0.096875
0 0.399219 0.529688 0.03125 0.040625
0 0.31875 0.520215 0.117188 0.350195
0 0.159375 0.894531 0.0792969 0.046875
0 0.241406 0.288672 0.0453125 0.08125
0 0.627734 0.292773 0.034375 0.0308594
0 0.549219 0.471875 0.0351562 0.0578125
0 0.326172 0.464453 0.0539063 0.0914062
0 0.639063 0.338281 0.15625 0.121875
0 0.235156 0.572266 0.075 0.111719
0 0.305859 0.628906 0.114063 0.14375
0 0.219922 0.88125 0.112891 0.0625
0 0.707031 0.472656 0.145313 0.4625
0 0.224219 0.46875 0.078125 0.107813
0 0.304688 0.651172 0.121875 0.136719
0 0.341406 0.836719 0.4625 0.3
0 0.200391 0.106079 0.0644531 0.196436
0 0.170605 0.124902 0.12207 0.236914
0 0.7125 0.275 0.0414063 0.100781
0 0.225 0.494531 0.0882813 0.229687
0 0.217969 0.896875 0.189844 0.115625
0 0.18418 0.173145 0.0832031 0.152148
0 0.7375 0.653906 0.046875 0.0390625
0 0.229492 0.45 0.0773438 0.0796875
0 0.546484 0.935938 0.0585938 0.128125
0 0.335156 0.499219 0.0378906 0.0609375
0 0.740625 0.652344 0.05 0.0539063
0 0.656641 0.332227 0.228906 0.404297
0 0.344141 0.424316 0.078125 0.179492
0 0.70625 0.280078 0.0796875 0.128906
0 0.716406 0.348633 0.109375 0.104297
0 0.157422 0.885938 0.0851563 0.065625
0 0.676562 0.669531 0.0367188 0.0484375
0 0.403125 0.53125 0.0265625 0.034375
0 0.219141 0.585938 0.0398437 0.04375
0 0.760156 0.40625 0.03125 0.0976562
0 0.436719 0.397559 0.0390625 0.0611328
0 0.721094 0.647656 0.08125 0.110937
0 0.205811 0.246875 0.18291 0.46875
0 0.328125 0.457422 0.0453125 0.122656
0 0.431641 0.390625 0.0359375 0.0484375
0 0.754687 0.411328 0.0351562 0.121875
0 0.292969 0.89375 0.0742188 0.0859375
0 0.187305 0.208643 0.107031 0.0709961
0 0.34375 0.760547 0.466406 0.428906
0 0.570703 0.492188 0.0429688 0.0570313
0 0.385938 0.38584 0.154688 0.17832
0 0.345313 0.397559 0.0921875 0.168945
0 0.525781 0.957031 0.0984375 0.0859375
0 0.694531 0.384375 0.160938 0.217188
0 0.733984 0.313086 0.0523438 0.124609
0 0.351172 0.646484 0.0453125 0.084375
0 0.189648 0.19082 0.0734375 0.0878906
0 0.239453 0.279297 0.0523438 0.10625
0 0.553125 0.499219 0.059375 0.0953125
0 0.184424 0.198828 0.0928711 0.075
0 0.754687 0.448438 0.0351562 0.071875
0 0.521484 0.483594 0.10625 0.0671875
0 0.201758 0.0500488 0.0484375 0.084668
0 0.214062 0.550391 0.0679687 0.107031
0 0.330859 0.473828 0.0679687 0.09375
0 0.648438 0.387891 0.246875 0.2625
0 0.502734 0.504687 0.0328125 0.0484375
0 0.212891 0.215625 0.111719 0.239063
0 0.404785 0.525391 0.44668 0.364844
0 0.589844 0.474219 0.0296875 0.05
0 0.338672 0.50625 0.0359375 0.05625
0 0.212891 0.563281 0.059375 0.0796875
0 0.6375 0.500391 0.275 0.453906
0 0.188281 0.790625 0.151953 0.26875
0 0.746094 0.387109 0.046875 0.127344
0 0.250977 0.426172 0.142188 0.271094
0 0.315625 0.886719 0.151562 0.135937
0 0.230469 0.448438 0.0609375 0.0640625
0 0.485938 0.926953 0.184375 0.146094
0 0.257764 0.662891 0.21416 0.263281
0 0.328125 0.358398 0.08125 0.0816406
0 0.70625 0.257227 0.0375 0.0667969
0 0.755078 0.332031 0.0648438 0.123438
0 0.342773 0.457031 0.0714844 0.154688
0 0.503906 0.514063 0.0265625 0.034375
0 0.345898 0.657813 0.459766 0.59375
0 0.311328 0.607031 0.0929688 0.0875
0 0.207227 0.877344 0.0988281 0.0578125
0 0.202344 0.0270386 0.0429688 0.0336182
0 0.351562 0.935938 0.090625 0.053125
0 0.519141 0.472266 0.1125 0.059375
0 0.3375 0.489844 0.0601563 0.090625
0 0.542969 0.503125 0.0671875 0.090625
0 0.721094 0.60625 0.0234375 0.034375
0 0.714063 0.379297 0.139063 0.416406
0 0.248047 0.28457 0.0476562 0.0996094
0 0.242578 0.687891 0.0484375 0.114063
0 0.398438 0.549219 0.0390625 0.0765625
0 0.338477 0.477344 0.0660156 0.145313
0 0.607031 0.316211 0.0890625 0.08125
0 0.509375 0.211719 0.0359375 0.040625
0 0.614453 0.289062 0.05625 0.0289063
0 0.559375 0.902344 0.0484375 0.0859375
0 0.554688 0.976953 0.0445313 0.0460938
0 0.184961 0.220313 0.118359 0.0851563
0 0.242383 0.890625 0.164453 0.10625
0 0.235156 0.268359 0.0726563 0.117188
0 0.292969 0.896875 0.0484375 0.065625
0 0.403125 0.403906 0.110156 0.0851563
0 0.55625 0.482031 0.0796875 0.0859375
0 0.226172 0.59375 0.0507812 0.0515625
0 0.650391 0.345703 0.241406 0.242188
0 0.458594 0.460156 0.046875 0.059375
0 0.682422 0.661719 0.059375 0.059375
0 0.690625 0.283203 0.09375 0.119922
0 0.224219 0.589844 0.0429688 0.0414063
0 0.252344 0.301367 0.0367188 0.0691406
0 0.333789 0.392969 0.0746094 0.151562
0 0.241211 0.714063 0.264453 0.454688
0 0.711719 0.301563 0.104688 0.205469
0 0.260889 0.681641 0.207129 0.539844
0 0.211377 0.847656 0.195215 0.151562
0 0.26958 0.544531 0.192871 0.28125
0 0.538281 0.925 0.078125 0.14375
0 0.707812 0.677344 0.109375 0.0859375
0 0.214062 0.815625 0.203125 0.225
0 0.734375 0.339063 0.0625 0.108594
0 0.685156 0.6875 0.0578125 0.065625
0 0.55625 0.927344 0.05 0.145313
0 0.291797 0.396484 0.271094 0.460938
0 0.238867 0.800781 0.241016 0.265625
0 0.707031 0.655469 0.110937 0.129688
0 0.678906 0.682813 0.0484375 0.0671875
0 0.301758 0.471875 0.268359 0.465625
0 0.699219 0.256836 0.132812 0.286328
0 0.25293 0.855469 0.283984 0.1875
0 0.714063 0.334961 0.100781 0.101953
0 0.699219 0.6875 0.084375 0.0734375
0 0.660937 0.298828 0.207031 0.215625
0 0.217529 0.872656 0.190723 0.176563
0 0.326172 0.69375 0.436719 0.559375
0 0.686719 0.685156 0.078125 0.075
0 0.412598 0.633203 0.699805 0.697656
0 0.307422 0.352344 0.349219 0.485156
0 0.691016 0.696875 0.053125 0.0421875
0 0.720313 0.272266 0.0921875 0.244531
0 0.166016 0.876563 0.105469 0.071875
0 0.743359 0.35 0.04375 0.090625
0 0.553906 0.914062 0.0484375 0.1125
0 0.673047 0.670313 0.0367188 0.0453125
0 0.332617 0.622656 0.0660156 0.117188
0 0.746094 0.359766 0.0390625 0.0734375
0 0.551172 0.942187 0.0492188 0.115625
0 0.325049 0.427246 0.342871 0.481445
0 0.261523 0.652344 0.201953 0.38125
0 0.674609 0.247852 0.178906 0.294141
0 0.730469 0.307227 0.126563 0.194141
0 0.709375 0.243408 0.096875 0.282715
0 0.272607 0.467578 0.19541 0.280469
0 0.714063 0.330859 0.107813 0.303906
0 0.285742 0.358398 0.220703 0.326172
0 0.148535 0.894531 0.0662109 0.05
0 0.190039 0.146484 0.15625 0.284375
0 0.269482 0.581348 0.21416 0.538867
0 0.33125 0.843555 0.480469 0.306641
0 0.475684 0.595703 0.620508 0.808594
0 0.709375 0.689063 0.084375 0.059375
0 0.552344 0.954688 0.0421875 0.090625
0 0.723437 0.472656 0.164062 0.502344
0 0.720313 0.292578 0.084375 0.154688
0 0.248438 0.506641 0.148438 0.20625
0 0.241992 0.880469 0.185156 0.090625
0 0.222266 0.873438 0.204688 0.24375
0 0.692969 0.698438 0.0625 0.0578125
0 0.169629 0.117871 0.139258 0.223633
0 0.261914 0.878125 0.253516 0.165625
0 0.716016 0.276172 0.05625 0.116406
0 0.306836 0.383594 0.276953 0.321875
0 0.386035 0.519141 0.16543 0.346875
0 0.561719 0.910937 0.0382813 0.103125
0 0.312109 0.619531 0.107813 0.120313
0 0.705469 0.247852 0.0375 0.0824219
0 0.178516 0.15498 0.0734375 0.124805
0 0.185938 0.189844 0.1625 0.257812
0 0.221094 0.508984 0.103125 0.200781
0 0.338281 0.638672 0.0492188 0.0859375
0 0.388672 0.430566 0.164844 0.24668
0 0.549219 0.925 0.0578125 0.1375
0 0.236768 0.334326 0.138184 0.333691
0 0.1375 0.898438 0.0441406 0.040625
0 0.539062 0.878906 0.0851563 0.242188
0 0.253906 0.891406 0.175391 0.0796875
0 0.748438 0.368555 0.0359375 0.0644531
0 0.54375 0.970313 0.0625 0.059375
0 0.321094 0.615234 0.0835937 0.108594
0 0.343945 0.655469 0.0414063 0.0734375
0 0.709375 0.264062 0.0375 0.084375
0 0.328711 0.482812 0.0453125 0.1
0 0.300977 0.732813 0.148828 0.432813
0 0.227344 0.755859 0.230859 0.333594
0 0.675781 0.667188 0.053125 0.0453125
0 0.690625 0.430859 0.195312 0.571094
0 0.724219 0.671094 0.08125 0.078125
0 0.521875 0.925 0.107031 0.15
0 0.285938 0.892969 0.0773438 0.071875
0 0.695312 0.282422 0.0890625 0.131641
0 0.266211 0.821094 0.323828 0.309375
0 0.235742 0.559766 0.0863281 0.101562
0 0.527344 0.950781 0.0953125 0.0984375
0 0.351758 0.493848 0.359766 0.49668
0 0.229297 0.865625 0.188281 0.0984375
0 0.697656 0.214111 0.0953125 0.270996
0 0.301172 0.50625 0.228906 0.364063
0 0.675391 0.29375 0.191406 0.321875
0 0.438281 0.850781 0.285938 0.298438
0 0.709375 0.266797 0.0421875 0.122656
0 0.699219 0.695312 0.05625 0.0484375
0 0.333984 0.491797 0.0566406 0.121094
0 0.213477 0.485156 0.096875 0.1625
0 0.312695 0.741406 0.118359 0.517188
0 0.214453 0.483203 0.0773438 0.132031
0 0.716406 0.399609 0.109375 0.425
0 0.177344 0.191797 0.112109 0.0730469
0 0.356836 0.659375 0.508203 0.68125
0 0.461328 0.490527 0.552344 0.581445
0 0.21582 0.566016 0.0699219 0.0914062
0 0.181445 0.201758 0.114063 0.0625
0 0.3125 0.882812 0.153906 0.159375
0 0.564844 0.901563 0.0328125 0.08125
0 0.216406 0.329102 0.111719 0.398828
0 0.701172 0.245898 0.0578125 0.0871094
0 0.725781 0.314453 0.0695313 0.133594
0 0.341797 0.423828 0.075 0.191406
0 0.560156 0.961719 0.0351562 0.0765625
0 0.17373 0.176953 0.0951172 0.0941406
0 0.300391 0.622266 0.148438 0.113281
0 0.181641 0.174512 0.0886719 0.177148
0 0.225586 0.880469 0.158203 0.075
0 0.225781 0.251953 0.078125 0.117188
0 0.508984 0.854688 0.177344 0.290625
0 0.749219 0.383984 0.0421875 0.15625
0 0.7 0.664062 0.0890625 0.107031
0 0.438379 0.928516 0.274805 0.142969
0 0.183643 0.18457 0.0913086 0.0972656
0 0.195703 0.205664 0.065625 0.0601563
0 0.248438 0.449902 0.148828 0.312695
0 0.733594 0.520215 0.08125 0.631445
0 0.444434 0.788477 0.270508 0.423047
0 0.185498 0.212109 0.10791 0.0734375
0 0.679688 0.318945 0.0507812 0.0675781
0 0.68125 0.285156 0.0835937 0.126563
0 0.491406 0.925 0.16875 0.15
0 0.337109 0.483594 0.0679687 0.09375
0 0.376465 0.483984 0.142383 0.2875
0 0.7125 0.601562 0.121875 0.235938
0 0.336523 0.926562 0.113672 0.075
0 0.336328 0.767969 0.482031 0.454688
0 0.268945 0.651172 0.262891 0.621094
0 0.426563 0.902734 0.304688 0.194531
0 0.259766 0.780469 0.252344 0.329688
0 0.675391 0.306836 0.0648438 0.0835937
0 0.335156 0.464063 0.059375 0.160938
0 0.31875 0.603906 0.071875 0.084375
0 0.665625 0.21582 0.164062 0.394922
0 0.482812 0.903516 0.198437 0.192969
0 0.30918 0.428125 0.258984 0.25
0 0.47666 0.870313 0.223242 0.259375
0 0.750781 0.362891 0.05 0.0835937
0 0.733594 0.678906 0.154688 0.113281
0 0.365234 0.932813 0.0507812 0.05625
0 0.361523 0.410059 0.210547 0.29082
0 0.226172 0.566797 0.0761719 0.100781
0 0.745313 0.317773 0.16875 0.186328
0 0.210889 0.218359 0.139941 0.223047
0 0.341797 0.622656 0.0921875 0.157813
0 0.274219 0.254492 0.314844 0.467578
0 0.751172 0.657031 0.0296875 0.046875
0 0.138184 0.889063 0.0472656 0.059375
0 0.355469 0.507422 0.120313 0.367969
0 0.215625 0.466016 0.0773438 0.0882813
0 0.749219 0.380566 0.0515625 0.0982422
0 0.238867 0.562891 0.106641 0.120313
0 0.670313 0.316797 0.0351562 0.0582031
0 0.746875 0.661719 0.0375 0.059375
0 0.674219 0.323047 0.0296875 0.0570313
0 0.334961 0.640625 0.0570313 0.109375
0 0.341406 0.502344 0.0640625 0.090625
0 0.611719 0.924219 0.167187 0.146875
0 0.190039 0.115527 0.0882813 0.213477
0 0.201172 0.216016 0.0507812 0.0683594
0 0.657031 0.308398 0.0710938 0.0683594
0 0.568359 0.926562 0.0890625 0.14375
0 0.516406 0.958984 0.13125 0.0820312
0 0.721875 0.298047 0.0546875 0.148438
0 0.742969 0.373047 0.046875 0.122656
0 0.254102 0.575781 0.153125 0.155469
0 0.329883 0.463281 0.0484375 0.126563
0 0.539844 0.904688 0.0734375 0.10625
0 0.704688 0.20708 0.0445313 0.193652
0 0.661328 0.3125 0.0523438 0.0648438
0 0.326562 0.465625 0.065625 0.0953125
0 0.285938 0.828125 0.211719 0.254688
0 0.287109 0.896875 0.0539063 0.065625
0 0.194971 0.176563 0.0647461 0.155078
0 0.203711 0.21875 0.0835937 0.0804688
0 0.256445 0.34668 0.0859375 0.161328
0 0.733203 0.654297 0.152344 0.136719
0 0.215234 0.573047 0.0609375 0.0726563
0 0.749219 0.348438 0.059375 0.110937
0 0.342187 0.479688 0.078125 0.173438
0 0.563672 0.914062 0.053125 0.120313
0 0.144141 0.903125 0.0589844 0.05
0 0.708203 0.246484 0.0429688 0.13125
0 0.372656 0.926562 0.0382813 0.065625
0 0.30293 0.609766 0.123828 0.2125
0 0.221826 0.423438 0.111816 0.396875
0 0.207422 0.4625 0.0914062 0.110937
0 0.710547 0.524609 0.116406 0.4
0 0.4 0.336719 0.54375 0.44375
0 0.205518 0.519531 0.0717773 0.204688
0 0.55 0.863477 0.071875 0.273047
0 0.265967 0.462891 0.224316 0.505469
0 0.362891 0.924219 0.0507812 0.075
0 0.151074 0.191406 0.0865234 0.0617188
0 0.279736 0.896875 0.217871 0.20625
0 0.34082 0.513281 0.0527344 0.0796875
0 0.714063 0.228467 0.1375 0.358691
0 0.325977 0.917188 0.133984 0.09375
0 0.776367 0.473438 0.259766 0.517188
0 0.221094 0.526172 0.0859375 0.166406
0 0.723047 0.309424 0.160156 0.356152
0 0.345313 0.655859 0.0503906 0.0984375
0 0.360547 0.938281 0.0726563 0.101562
0 0.180029 0.329102 0.16416 0.431641
0 0.746094 0.487891 0.0703125 0.523438
0 0.269531 0.415527 0.19375 0.331445
0 0.347266 0.364844 0.0921875 0.0828125
0 0.355078 0.917969 0.0695313 0.0890625
0 0.232031 0.264648 0.0726563 0.106641
0 0.408496 0.542578 0.186133 0.396875
0 0.739844 0.666406 0.053125 0.0703125
0 0.280078 0.882031 0.0859375 0.0953125
0 0.208936 0.477344 0.10791 0.258594
0 0.747266 0.653125 0.034375 0.0375
0 0.176123 0.884375 0.0844727 0.04375
0 0.179346 0.885938 0.0983398 0.059375
0 0.198242 0.210156 0.040625 0.0609375
0 0.131348 0.897656 0.0394531 0.04375
0 0.687109 0.263477 0.0742188 0.116797
0 0.545313 0.977344 0.0578125 0.0453125
0 0.749609 0.429004 0.0835937 0.349805
0 0.236523 0.273438 0.0496094 0.0929688
0 0.553125 0.899219 0.053125 0.096875
0 0.679688 0.210352 0.142188 0.283594
0 0.21875 0.230078 0.0789063 0.0890625
0 0.163867 0.174414 0.198047 0.223828
0 0.189453 0.154492 0.0605469 0.119922
0 0.673828 0.330469 0.0359375 0.0664062
0 0.738672 0.708594 0.163281 0.157813
0 0.325195 0.609375 0.0464844 0.0945313
0 0.732422 0.61875 0.152344 0.2125
0 0.136133 0.189453 0.0652344 0.0574219
0 0.683984 0.674219 0.059375 0.08125
0 0.696875 0.224805 0.0617188 0.127734
0 0.21875 0.587109 0.0460938 0.0445313
0 0.691406 0.670313 0.0984375 0.132812
0 0.342187 0.492969 0.0820312 0.104688
0 0.247461 0.431152 0.0863281 0.11582
0 0.203906 0.329102 0.134375 0.488672
0 0.316602 0.453906 0.0835937 0.126563
0 0.711719 0.347656 0.11875 0.122656
0 0.304883 0.646094 0.122656 0.132812
0 0.265234 0.365625 0.115625 0.171875
0 0.546875 0.476953 0.04375 0.0640625
0 0.344336 0.517969 0.0621094 0.1
0 0.53125 0.976172 0.090625 0.0476562
0 0.28418 0.612109 0.162891 0.271094
0 0.342187 0.394629 0.0828125 0.12793
0 0.248828 0.407129 0.0921875 0.15293
0 0.221289 0.532422 0.124609 0.246094
0 0.370508 0.741406 0.140234 0.448438
0 0.763281 0.347656 0.139063 0.189063
0 0.447754 0.418359 0.67168 0.647656
0 0.238281 0.284375 0.0453125 0.071875
0 0.566406 0.901563 0.04375 0.090625
0 0.203516 0.0502808 0.0421875 0.0802979
0 0.678906 0.669531 0.053125 0.0671875
0 0.749219 0.810938 0.259375 0.371875
0 0.336328 0.734375 0.0953125 0.45625
0 0.619141 0.204297 0.353906 0.405469
0 0.319141 0.357422 0.101172 0.0929688
0 0.169824 0.851562 0.118555 0.14375
0 0.2875 0.903125 0.0984375 0.096875
0 0.22793 0.451953 0.0519531 0.0632813
0 0.221875 0.583594 0.0570313 0.059375
0 0.266016 0.411328 0.05 0.0710938
0 0.227148 0.212109 0.228516 0.397656
0 0.698828 0.191406 0.0523438 0.211719
0 0.195508 0.517969 0.0613281 0.1625
0 0.243359 0.442188 0.071875 0.084375
0 0.525781 0.208789 0.482031 0.405859
0 0.262109 0.405859 0.0492188 0.0546875
0 0.345703 0.521094 0.046875 0.0625
0 0.705078 0.331641 0.0992187 0.0796875
0 0.533594 0.637012 0.825 0.725977
0 0.557031 0.8875 0.0515625 0.1125
0 0.0345703 0.926562 0.0392578 0.06875
0 0.737891 0.653125 0.0484375 0.0375
0 0.139844 0.904688 0.0667969 0.08125
0 0.407422 0.457813 0.200781 0.246094
0 0.344922 0.737891 0.0859375 0.524219
0 0.729688 0.735547 0.157813 0.216406
0 0.141406 0.879687 0.0542969 0.075
0 0.212891 0.0254028 0.0296875 0.0331787
0 0.327539 0.446484 0.0550781 0.149219
0 0.292969 0.6375 0.178125 0.13125
0 0.659375 0.341602 0.209375 0.239453
0 0.540625 0.851172 0.1 0.297656
0 0.241846 0.682031 0.250684 0.528125
0 0.275 0.558203 0.178125 0.280469
0 0.712891 0.339258 0.0992187 0.123828
0 0.556641 0.925781 0.0546875 0.148438
0 0.542578 0.926562 0.0695313 0.146875
0 0.662109 0.339063 0.203906 0.132812
0 0.734766 0.339453 0.0585938 0.102344
0 0.709375 0.664062 0.103125 0.115625
0 0.257861 0.832812 0.288184 0.221875
0 0.55625 0.923438 0.0421875 0.13125
0 0.232813 0.84375 0.23125 0.16875
0 0.739062 0.351172 0.0515625 0.0976562
0 0.18208 0.103882 0.0842773 0.187158
0 0.74375 0.35625 0.0367188 0.0820312
0 0.720313 0.330469 0.0890625 0.09375
0 0.348047 0.685156 0.507031 0.55625
0 0.368945 0.59541 0.699609 0.738867
0 0.259375 0.535156 0.150391 0.2375
0 0.242383 0.775 0.258984 0.309375
0 0.27168 0.667188 0.180469 0.53125
0 0.310156 0.362109 0.30625 0.644531
0 0.213086 0.824805 0.201172 0.197266
0 0.33125 0.620703 0.06875 0.116406
0 0.560938 0.896875 0.0390625 0.08125
0 0.748438 0.660937 0.025 0.0484375
0 0.686719 0.503516 0.173438 0.444531
0 0.146094 0.879687 0.065625 0.078125
0 0.704297 0.335742 0.107031 0.0808594
0 0.561328 0.892969 0.0304688 0.0703125
0 0.182031 0.102539 0.0765625 0.128906
0 0.226562 0.507812 0.0839844 0.207813
0 0.664453 0.305078 0.202344 0.205469
0 0.336523 0.636719 0.0542969 0.0984375
0 0.202539 0.113867 0.0988281 0.215234
0 0.697656 0.305078 0.13125 0.203906
0 0.256055 0.867969 0.285547 0.167187
0 0.745313 0.656641 0.0328125 0.04375
0 0.319922 0.726562 0.421094 0.459375
0 0.686328 0.688672 0.05625 0.065625
0 0.549219 0.903906 0.05625 0.104688
0 0.225195 0.454688 0.0582031 0.065625
0 0.743359 0.666406 0.0414063 0.0578125
0 0.732031 0.342187 0.09375 0.124219
0 0.672266 0.324219 0.03125 0.0617188
0 0.233154 0.351367 0.122754 0.297266
0 0.675781 0.320312 0.0421875 0.0699219
0 0.239063 0.560938 0.0945313 0.104688
0 0.164062 0.88125 0.110937 0.06875
0 0.245508 0.519531 0.119922 0.215625
0 0.71875 0.302539 0.0890625 0.201172
0 0.6875 0.697656 0.0453125 0.0453125
0 0.210498 0.159375 0.115723 0.31875
0 0.306836 0.463672 0.239453 0.682031
0 0.712109 0.317188 0.0992187 0.0898438
0 0.319141 0.623438 0.0882813 0.139063
0 0.554688 0.899219 0.0429688 0.090625
0 0.708203 0.685156 0.100781 0.078125
0 0.539062 0.903906 0.0875 0.192188
0 0.694922 0.698438 0.0304688 0.040625
0 0.168848 0.108594 0.113086 0.211328
0 0.344922 0.660937 0.0351562 0.059375
0 0.69375 0.682422 0.075 0.0742188
0 0.341797 0.647266 0.0429688 0.0757812
0 0.729688 0.670313 0.06875 0.071875
0 0.156934 0.892188 0.0951172 0.05
0 0.717188 0.673438 0.096875 0.0789063
0 0.697656 0.696094 0.053125 0.046875
0 0.446094 0.440625 0.0296875 0.05625
0 0.550391 0.970313 0.0492188 0.059375
0 0.639063 0.201367 0.23125 0.402734
0 0.376563 0.925 0.0296875 0.053125
0 0.695703 0.364453 0.142969 0.195312
0 0.694531 0.313672 0.0859375 0.0867188
0 0.449609 0.792383 0.266406 0.408984
0 0.747656 0.37207 0.0296875 0.0589844
0 0.254102 0.569922 0.137891 0.128906
0 0.673438 0.681641 0.0335938 0.0648438
0 0.696094 0.703125 0.0390625 0.0453125
0 0.145313 0.895312 0.0636719 0.046875
0 0.658984 0.310547 0.0726563 0.071875
0 0.7125 0.35957 0.107031 0.178516
0 0.667969 0.666797 0.021875 0.0351562
0 0.211377 0.333203 0.195215 0.647656
0 0.557031 0.960938 0.0390625 0.078125
0 0.671094 0.313672 0.05 0.0765625
0 0.264062 0.732813 0.214844 0.44375
0 0.254688 0.742578 0.297656 0.400781
0 0.749219 0.383594 0.0359375 0.109375
0 0.192139 0.0890625 0.0743164 0.160742
0 0.282227 0.388379 0.229297 0.729492
0 0.436816 0.846094 0.28418 0.30625
0 0.196094 0.189063 0.150781 0.378125
0 0.258154 0.650781 0.211035 0.415625
0 0.230859 0.465723 0.0867188 0.30918
0 0.444531 0.433203 0.0375 0.0679687
0 0.551953 0.900391 0.0640625 0.199219
0 0.318359 0.608984 0.0828125 0.0945313
0 0.674219 0.331641 0.0421875 0.0664062
0 0.467187 0.386719 0.678125 0.773438
0 0.251172 0.347656 0.078125 0.1375
0 0.225439 0.31543 0.143652 0.382422
0 0.226172 0.446875 0.075 0.0875
0 0.175586 0.149414 0.151562 0.298828
0 0.45 0.448047 0.0265625 0.0476562
0 0.705469 0.302734 0.103125 0.1125
0 0.252344 0.402344 0.119531 0.214844
0 0.392578 0.562598 0.421094 0.693555
0 0.737109 0.493066 0.0789063 0.635742
0 0.523828 0.924219 0.102344 0.151562
0 0.728906 0.321484 0.05 0.0875
0 0.18042 0.842969 0.132129 0.15625
0 0.180078 0.145605 0.0839844 0.122852
0 0.234766 0.455469 0.0746094 0.0796875
0 0.222656 0.491406 0.0742188 0.160938
0 0.557422 0.926562 0.0757812 0.146875
0 0.328516 0.615234 0.0484375 0.111719
0 0.369922 0.93125 0.0414063 0.05
0 0.557422 0.967188 0.0320312 0.065625
0 0.217529 0.236523 0.129004 0.473047
0 0.675781 0.673438 0.0359375 0.05
0 0.533594 0.872656 0.128125 0.254688
0 0.2375 0.426563 0.100781 0.13125
0 0.661719 0.474219 0.210938 0.400781
0 0.673438 0.249609 0.171875 0.267969
0 0.223828 0.4625 0.0671875 0.0890625
0 0.720313 0.489844 0.110937 0.497656
0 0.429004 0.745313 0.329492 0.5
0 0.664453 0.316406 0.05 0.0671875
0 0.7 0.256689 0.107813 0.257715
0 0.491406 0.925 0.164844 0.15
0 0.740234 0.328516 0.133594 0.157031
0 0.578906 0.486719 0.0375 0.0570313
0 0.194727 0.051709 0.0625 0.0928711
0 0.20293 0.110449 0.0335938 0.118945
0 0.740234 0.653125 0.0421875 0.04375
0 0.274609 0.380859 0.1625 0.267969
0 0.692187 0.433594 0.153125 0.395313
0 0.716797 0.294922 0.0742188 0.127344
0 0.55 0.48125 0.0460938 0.065625
0 0.194141 0.102051 0.0515625 0.131836
0 0.333203 0.426172 0.279687 0.3
0 0.306055 0.613281 0.111328 0.153125
0 0.747656 0.361133 0.0546875 0.0832031
0 0.137891 0.888281 0.0472656 0.0640625
0 0.264648 0.481152 0.155469 0.281445
0 0.475 0.867188 0.260156 0.265625
0 0.302734 0.392578 0.214062 0.316406
0 0.191797 0.0697754 0.0648438 0.120605
0 0.75 0.387598 0.05 0.112305
0 0.439063 0.420703 0.040625 0.0804688
0 0.183643 0.142969 0.0749023 0.090625
0 0.373047 0.928125 0.053125 0.0609375
0 0.207031 0.848437 0.185938 0.145313
0 0.654688 0.321484 0.221875 0.317188
0 0.166699 0.884375 0.139258 0.05625
0 0.751563 0.49375 0.059375 0.609375
0 0.373633 0.91875 0.0386719 0.06875
0 0.432813 0.917969 0.283594 0.164062
0 0.644531 0.308984 0.0625 0.0640625
0 0.678125 0.677344 0.0453125 0.0703125
0 0.160547 0.864062 0.104297 0.109375
0 0.215576 0.100391 0.114941 0.178125
0 0.280859 0.523828 0.1875 0.736719
0 0.552734 0.870703 0.0765625 0.258594
0 0.245703 0.380566 0.0867188 0.19668
0 0.566797 0.4875 0.0539063 0.059375
0 0.503906 0.895312 0.182812 0.209375
0 0.458594 0.525879 0.625 0.726367
0 0.282813 0.594531 0.159375 0.196875
0 0.538672 0.907813 0.0757812 0.134375
0 0.2 0.121191 0.0359375 0.0931641
0 0.203711 0.132617 0.0277344 0.0667969
0 0.548438 0.95 0.0578125 0.1
0 0.383203 0.535937 0.164062 0.325
0 0.131641 0.896875 0.0328125 0.04375
0 0.553125 0.878125 0.0578125 0.117188
0 0.3125 0.882812 0.158594 0.146875
0 0.726562 0.304492 0.05625 0.119922
0 0.235156 0.540234 0.0882813 0.142188
0 0.749609 0.380469 0.0453125 0.08125
0 0.338477 0.621094 0.0808594 0.151562
0 0.669141 0.324219 0.04375 0.06875
0 0.66875 0.667188 0.0359375 0.0515625
0 0.220703 0.513281 0.110937 0.234375
0 0.692969 0.696875 0.0734375 0.0664062
0 0.3375 0.531152 0.236719 0.320508
0 0.751563 0.487598 0.0703125 0.470117
0 0.137109 0.901563 0.0441406 0.0453125
0 0.149805 0.104492 0.144922 0.194922
0 0.186279 0.170508 0.104785 0.176563
0 0.747656 0.366406 0.0359375 0.0835937
0 0.751953 0.344531 0.0773438 0.117188
0 0.260156 0.588672 0.152344 0.364844
0 0.173828 0.121289 0.0867188 0.146875
0 0.280859 0.734766 0.176563 0.530469
0 0.169238 0.885156 0.112305 0.0453125
0 0.560938 0.890625 0.0421875 0.110937
0 0.709375 0.611719 0.115625 0.229687
0 0.236914 0.405371 0.0992187 0.186133
0 0.575 0.496094 0.0359375 0.05
0 0.032373 0.923438 0.0357422 0.059375
0 0.598828 0.286719 0.0289063 0.0332031
0 0.717969 0.635156 0.0890625 0.104688
0 0.566406 0.49375 0.03125 0.046875
0 0.750781 0.391406 0.0414063 0.148438
0 0.688281 0.217236 0.171875 0.378027
0 0.628125 0.299219 0.0390625 0.0441406
0 0.678125 0.300781 0.075 0.0980469
0 0.645312 0.311133 0.0875 0.0703125
0 0.571094 0.925 0.09375 0.15
0 0.168164 0.333594 0.262109 0.648438
0 0.204688 0.138281 0.0382813 0.0769531
0 0.365234 0.846875 0.417188 0.295312
0 0.210986 0.262109 0.17334 0.496094
0 0.152148 0.853125 0.0824219 0.128125
0 0.403125 0.885156 0.357031 0.195312
0 0.20332 0.629687 0.339844 0.596875
0 0.71875 0.282813 0.05625 0.109375
0 0.249219 0.285352 0.0390625 0.0753906
0 0.734375 0.626563 0.040625 0.0671875
0 0.582422 0.48125 0.0351562 0.0625
0 0.246094 0.280859 0.046875 0.09375
0 0.550781 0.486719 0.0390625 0.0515625
0 0.191748 0.807031 0.168848 0.226562
0 0.205859 0.119043 0.04375 0.130273
0 0.629297 0.304688 0.0601563 0.0558594
0 0.757031 0.504687 0.0265625 0.0546875
0 0.658594 0.372266 0.215625 0.196094
0 0.715234 0.545313 0.150781 0.5125
0 0.312891 0.594531 0.0710938 0.0875
0 0.346875 0.664844 0.0429688 0.075
0 0.58125 0.494531 0.04375 0.0625
0 0.360938 0.914062 0.0640625 0.08125
0 0.348047 0.426953 0.0875 0.180469
0 0.291602 0.867188 0.199609 0.170313
0 0.760938 0.344922 0.10625 0.125781
0 0.589844 0.728906 0.025 0.0351562
0 0.749219 0.668359 0.04375 0.0648438
0 0.0303589 0.9125 0.0369385 0.065625
0 0.63125 0.308984 0.0859375 0.0671875
0 0.710156 0.526563 0.120313 0.401563
0 0.203125 0.0447144 0.0476562 0.0789307
0 0.307031 0.734375 0.13125 0.53125
0 0.208594 0.0311646 0.0367188 0.0517334
0 0.553125 0.977734 0.0421875 0.0445313
0 0.245117 0.442969 0.105469 0.110937
0 0.544922 0.480469 0.0648438 0.0703125
0 0.586328 0.724609 0.0320312 0.04375
0 0.558594 0.957812 0.0546875 0.084375
0 0.709375 0.283008 0.0796875 0.125
0 0.269336 0.882031 0.237891 0.132812
0 0.232813 0.573047 0.0742188 0.0835937
0 0.232471 0.393848 0.211621 0.762305
0 0.224219 0.566016 0.0625 0.0882813
0 0.59375 0.281641 0.0265625 0.034375
0 0.614062 0.295898 0.0609375 0.0523438
0 0.663672 0.298828 0.0867188 0.090625
0 0.271484 0.368945 0.108594 0.123828
0 0.336328 0.926562 0.124219 0.071875
0 0.269971 0.314063 0.281934 0.628125
0 0.435156 0.4125 0.0421875 0.071875
0 0.568359 0.503125 0.0546875 0.0585938
0 0.571484 0.482812 0.0695313 0.06875
0 0.339063 0.63125 0.0632813 0.123438
0 0.222852 0.873438 0.153516 0.0625
0 0.613281 0.295117 0.0429688 0.0394531
0 0.360938 0.927344 0.0734375 0.06875
0 0.239648 0.266406 0.05625 0.120313
0 0.370117 0.939063 0.0496094 0.05
0 0.736719 0.294531 0.109375 0.221875
0 0.182471 0.891406 0.0967773 0.040625
0 0.517188 0.205469 0.492969 0.410938
0 0.712891 0.265625 0.0429688 0.127344
0 0.44209 0.629297 0.667383 0.741406
0 0.235547 0.428906 0.106641 0.271094
0 0.553125 0.491406 0.0328125 0.0453125
0 0.70625 0.349609 0.128125 0.1125
0 0.24707 0.572266 0.116016 0.0992187
0 0.0284302 0.899219 0.0394287 0.103125
0 0.708594 0.249219 0.03125 0.08125
0 0.231836 0.247656 0.078125 0.105469
0 0.23418 0.175781 0.137109 0.348438
0 0.717969 0.267578 0.075 0.242188
0 0.408691 0.930469 0.338867 0.139063
0 0.730469 0.616797 0.0515625 0.0664062
0 0.726172 0.610938 0.0289063 0.05625
0 0.345703 0.471875 0.239844 0.235156
0 0.703125 0.451465 0.16875 0.495508
0 0.444531 0.44375 0.0421875 0.0625
0 0.325781 0.600391 0.0441406 0.0921875
0 0.267969 0.570312 0.178906 0.10625
0 0.200586 0.104126 0.0699219 0.181592
0 0.557031 0.494922 0.0453125 0.04375
0 0.196289 0.180078 0.191016 0.345313
0 0.296484 0.377246 0.128125 0.142383
0 0.161133 0.840625 0.0980469 0.164062
0 0.743359 0.371094 0.0820312 0.188281
0 0.658984 0.416797 0.217969 0.29375
0 0.710547 0.251563 0.0328125 0.0597656
0 0.749219 0.415527 0.075 0.289258
0 0.46084 0.657422 0.633008 0.657031
0 0.387109 0.69375 0.544531 0.596875
0 0.265967 0.697656 0.286035 0.51875
0 0.25957 0.8625 0.289453 0.179688
0 0.714063 0.335156 0.096875 0.122656
0 0.257422 0.626172 0.241406 0.644531
0 0.260889 0.811719 0.289941 0.25
0 0.276563 0.549219 0.18125 0.282813
0 0.356055 0.755078 0.473828 0.464844
0 0.243555 0.833594 0.251172 0.1875
0 0.7375 0.339453 0.05625 0.114844
0 0.151953 0.877344 0.0734375 0.084375
0 0.549219 0.923438 0.0570313 0.15
0 0.709766 0.661328 0.101562 0.114844
0 0.359375 0.846094 0.463281 0.307813
0 0.532813 0.924219 0.0875 0.151562
0 0.701563 0.333789 0.129688 0.138672
0 0.249268 0.753906 0.259277 0.357812
0 0.491406 0.552734 0.64375 0.532031
0 0.201904 0.847656 0.169629 0.146875
0 0.682422 0.32832 0.173438 0.108203
0 0.227344 0.509766 0.090625 0.216406
0 0.673438 0.313477 0.0296875 0.0644531
0 0.717188 0.453809 0.1375 0.387695
0 0.328125 0.620313 0.075 0.121875
0 0.689844 0.307813 0.153906 0.198437
0 0.294531 0.754687 0.338281 0.409375
0 0.719141 0.410547 0.121094 0.296094
0 0.266211 0.496094 0.168359 0.2375
0 0.435156 0.835547 0.31875 0.328906
0 0.570312 0.478516 0.0640625 0.0679687
0 0.683984 0.503125 0.257031 0.44375
0 0.166211 0.876563 0.110547 0.08125
0 0.179736 0.112891 0.0881836 0.216406
0 0.742969 0.354297 0.0515625 0.144531
0 0.218311 0.492188 0.0954102 0.179688
0 0.582812 0.476562 0.0390625 0.0703125
0 0.5125 0.922656 0.125 0.154688
0 0.675781 0.319922 0.0265625 0.0554687
0 0.710156 0.324609 0.0984375 0.0882813
0 0.473828 0.448047 0.617969 0.449219
0 0.675 0.311328 0.034375 0.0796875
0 0.254688 0.875 0.273438 0.11875
0 0.573047 0.489063 0.059375 0.0632813
0 0.677344 0.41875 0.204688 0.3
0 0.716406 0.309766 0.09375 0.192969
0 0.700391 0.320703 0.0828125 0.0710938
0 0.376563 0.923438 0.03125 0.0625
0 0.579297 0.482031 0.0507812 0.0703125
0 0.557813 0.920313 0.046875 0.14375
0 0.566406 0.491406 0.0484375 0.0515625
0 0.556641 0.477734 0.0523438 0.0710938
0 0.536816 0.494922 0.518555 0.442188
0 0.726562 0.483203 0.10625 0.474219
0 0.274805 0.490234 0.188281 0.311719
0 0.142188 0.884375 0.0515625 0.0734375
0 0.370898 0.929688 0.0410156 0.059375
0 0.706641 0.639063 0.116406 0.1625
0 0.588281 0.474219 0.0296875 0.0578125
0 0.374219 0.626172 0.44375 0.613281
0 0.557422 0.921484 0.0601563 0.157031
0 0.744922 0.343945 0.0421875 0.108984
0 0.149414 0.888281 0.0683594 0.0609375
0 0.367578 0.923438 0.0429688 0.075
0 0.467871 0.3625 0.676758 0.725
0 0.153809 0.860938 0.0818359 0.115625
0 0.4625 0.861523 0.278125 0.276953
0 0.489844 0.924219 0.173438 0.151562
0 0.562109 0.909375 0.0382813 0.121875
0 0.676562 0.326953 0.03125 0.05625
0 0.680078 0.303125 0.05 0.0945313
0 0.653906 0.308203 0.0703125 0.075
0 0.536328 0.894531 0.104688 0.210938
0 0.567187 0.496875 0.06875 0.075
0 0.710156 0.299414 0.0984375 0.119922
0 0.298438 0.570703 0.244531 0.505469
0 0.559375 0.489063 0.0390625 0.0453125
0 0.663281 0.310937 0.05 0.0765625
0 0.159082 0.113867 0.128711 0.223828
0 0.694922 0.482031 0.188281 0.41875
0 0.726562 0.35332 0.10625 0.170703
0 0.751563 0.46875 0.0703125 0.442188
0 0.202539 0.154688 0.117969 0.303125
0 0.183008 0.0856445 0.0820312 0.142383
0 0.241406 0.481641 0.119531 0.258594
0 0.330469 0.441797 0.297656 0.267188
0 0.738281 0.34668 0.0734375 0.133984
0 0.558984 0.492578 0.0484375 0.0484375
0 0.359961 0.920313 0.0574219 0.084375
0 0.400781 0.328906 0.510938 0.657813
0 0.302734 0.49834 0.250781 0.361133
0 0.338672 0.63125 0.0507812 0.103125
0 0.446973 0.933203 0.260742 0.133594
0 0.313281 0.61875 0.104297 0.133594
0 0.159277 0.89375 0.0966797 0.046875
0 0.261523 0.739844 0.223047 0.49375
0 0.178906 0.84375 0.123438 0.157813
0 0.241211 0.561719 0.110937 0.110937
0 0.552344 0.903906 0.0453125 0.109375
0 0.667969 0.346875 0.217188 0.170313
0 0.17832 0.109277 0.0804688 0.160742
0 0.705469 0.677734 0.0945313 0.0765625
0 0.27793 0.439941 0.194922 0.260742
0 0.555078 0.485547 0.0710938 0.0773438
0 0.532031 0.871094 0.135937 0.257812
0 0.505859 0.867578 0.196875 0.264844
0 0.161914 0.848437 0.103516 0.140625
0 0.348828 0.657031 0.0320312 0.06875
0 0.223828 0.448438 0.059375 0.065625
0 0.404687 0.90625 0.370313 0.1875
0 0.312891 0.895312 0.155469 0.128125
0 0.344922 0.64375 0.0367188 0.0757812
0 0.178906 0.149023 0.0761719 0.137891
0 0.169629 0.885938 0.117773 0.04375
0 0.270898 0.686719 0.193359 0.401563
0 0.139746 0.895312 0.0449219 0.046875
0 0.703906 0.605078 0.134375 0.238281
0 0.748828 0.355469 0.0304688 0.0914062
0 0.260156 0.371484 0.108594 0.171094
0 0.569531 0.495313 0.09375 0.121094
0 0.201563 0.0437012 0.0476562 0.0807617
0 0.751953 0.368359 0.0320312 0.116406
0 0.405859 0.9375 0.355469 0.125
0 0.6375 0.390527 0.284375 0.24082
0 0.479297 0.442188 0.590625 0.667188
0 0.254688 0.902344 0.291406 0.195312
0 0.672656 0.276758 0.188281 0.222266
0 0.235742 0.442188 0.090625 0.096875
0 0.670313 0.318945 0.040625 0.0699219
0 0.748828 0.654688 0.0296875 0.0421875
0 0.742578 0.343555 0.040625 0.148828
0 0.401172 0.458691 0.182812 0.195117
0 0.146484 0.896875 0.0617188 0.0453125
0 0.465234 0.415234 0.632031 0.289062
0 0.68125 0.332813 0.0460938 0.0742188
0 0.229492 0.865625 0.221484 0.117188
0 0.239453 0.43125 0.102344 0.125
0 0.325781 0.921875 0.127344 0.0875
0 0.635547 0.302344 0.0414063 0.0523438
0 0.389453 0.544434 0.166406 0.361133
0 0.219531 0.454297 0.0742188 0.0726563
0 0.356641 0.892188 0.0726563 0.159375
0 0.185742 0.0660156 0.0753906 0.117188
0 0.70625 0.338281 0.103125 0.0921875
0 0.542578 0.932422 0.0671875 0.135156
0 0.18667 0.087793 0.0875977 0.175586
0 0.694531 0.69375 0.040625 0.0445313
0 0.466504 0.947656 0.216992 0.104688
0 0.242188 0.434375 0.120313 0.210938
0 0.0327148 0.89375 0.0386719 0.090625
0 0.753906 0.396484 0.0382813 0.185938
0 0.219336 0.811719 0.197266 0.217188
0 0.38125 0.920313 0.0398437 0.071875
0 0.439063 0.959766 0.278906 0.0804688
0 0.734375 0.376172 0.096875 0.210938
0 0.625 0.244141 0.260938 0.488281
0 0.646875 0.355078 0.254688 0.216406
0 0.546094 0.871094 0.0953125 0.257812
0 0.191797 0.226562 0.141797 0.453125
0 0.567578 0.480078 0.0804688 0.0804688
0 0.604688 0.30332 0.325 0.374609
0 0.193359 0.0496582 0.0613281 0.0952148
0 0.132617 0.11543 0.183203 0.226953
0 0.137012 0.901563 0.0396484 0.046875
0 0.13457 0.896875 0.0335938 0.04375
0 0.2375 0.396875 0.0945313 0.195312
0 0.330664 0.616016 0.0480469 0.126563
0 0.3375 0.896875 0.10625 0.132812
0 0.691406 0.672656 0.071875 0.0734375
0 0.693359 0.573047 0.1625 0.305469
0 0.367578 0.915625 0.059375 0.1
0 0.253516 0.407422 0.142969 0.190625
0 0.252734 0.364844 0.0796875 0.157813
0 0.747656 0.363867 0.0375 0.169141
0 0.279687 0.625 0.175 0.320312
0 0.302686 0.312109 0.347754 0.621875
0 0.722656 0.289453 0.0765625 0.2125
0 0.658594 0.317383 0.232813 0.287109
0 0.314063 0.609375 0.0890625 0.107813
0 0.219141 0.875 0.138281 0.0625
0 0.629687 0.295312 0.0328125 0.0359375
0 0.736719 0.666797 0.0507812 0.0726563
0 0.11709 0.579688 0.0519531 0.0765625
0 0.205273 0.511328 0.139063 0.228906
0 0.0344605 0.90625 0.0349854 0.071875
0 0.29043 0.879687 0.208203 0.154688
0 0.350781 0.430078 0.100781 0.188281
0 0.342383 0.642188 0.0398437 0.1
0 0.741406 0.563672 0.284375 0.561719
0 0.753125 0.657031 0.025 0.04375
0 0.701563 0.612598 0.579688 0.670117
0 0.407422 0.967188 0.372656 0.065625
0 0.166406 0.194141 0.165625 0.388281
0 0.707031 0.263672 0.090625 0.245312
0 0.287891 0.668359 0.153906 0.307031
0 0.7125 0.282813 0.0671875 0.136719
0 0.38125 0.91875 0.0320312 0.059375
0 0.354688 0.4625 0.238281 0.228125
0 0.707812 0.544922 0.128906 0.360156
0 0.341406 0.646094 0.0554687 0.103125
0 0.204248 0.879687 0.114941 0.053125
0 0.554297 0.496875 0.0929688 0.114063
0 0.691406 0.288867 0.0765625 0.135547
0 0.688281 0.255811 0.140625 0.257129
0 0.696875 0.682813 0.0734375 0.0671875
0 0.696484 0.294141 0.186719 0.338281
0 0.65 0.299219 0.0890625 0.0875
0 0.201172 0.871875 0.11875 0.075
0 0.739062 0.33125 0.125 0.163281
0 0.453027 0.977734 0.281445 0.0445313
0 0.482129 0.279492 0.58418 0.558984
0 0.368555 0.929688 0.0566406 0.071875
0 0.412891 0.871875 0.403125 0.246875
0 0.241992 0.875 0.180078 0.0765625
0 0.740234 0.646875 0.0429688 0.0578125
0 0.353516 0.53291 0.210156 0.337305
0 0.559375 0.877344 0.046875 0.15
0 0.73125 0.497754 0.375 0.437305
0 0.550391 0.948438 0.0476562 0.103125
0 0.256641 0.620313 0.151562 0.475
0 0.589844 0.475781 0.0414063 0.0703125
0 0.297656 0.716797 0.148438 0.566406
0 0.165234 0.865625 0.126172 0.09375
0 0.852344 0.990625 0.295312 0.01875
0 0.751953 0.363086 0.0507812 0.116797
0 0.136914 0.882812 0.0554687 0.0875
0 0.221826 0.482812 0.0938477 0.132031
0 0.532813 0.542188 0.025 0.0359375
0 0.655078 0.320312 0.178906 0.0898438
0 0.181445 0.890625 0.0933594 0.04375
0 0.208936 0.510156 0.0758789 0.209375
0 0.230469 0.549219 0.0945313 0.126563
0 0.111914 0.590625 0.0388672 0.0640625
0 0.457715 0.454785 0.329883 0.201367
0 0.385938 0.531641 0.0445313 0.065625
0 0.220313 0.185352 0.142578 0.369922
0 0.699219 0.345508 0.0890625 0.119141
0 0.216406 0.564844 0.0585938 0.0875
0 0.753516 0.379297 0.0421875 0.114844
0 0.0358276 0.917188 0.0426025 0.090625
0 0.454688 0.552441 0.291406 0.35918
0 0.639844 0.304492 0.0585938 0.0589844
0 0.720313 0.673438 0.0890625 0.08125
0 0.373828 0.465723 0.164062 0.22168
0 0.554297 0.262891 0.413281 0.525781
0 0.747266 0.664844 0.0351562 0.059375
0 0.368164 0.939063 0.0457031 0.0484375
0 0.218408 0.113965 0.13584 0.223242
0 0.517969 0.966406 0.123438 0.0671875
0 0.144434 0.094043 0.166602 0.179492
0 0.229687 0.56875 0.078125 0.0859375
0 0.254102 0.572266 0.142969 0.110937
0 0.689844 0.653125 0.0703125 0.110937
0 0.725391 0.305078 0.0585938 0.132812
0 0.665625 0.301953 0.217188 0.153906
0 0.557422 0.507812 0.0601563 0.0828125
0 0.750391 0.358008 0.0679687 0.157422
0 0.639844 0.39834 0.18125 0.245508
0 0.657031 0.525781 0.0367188 0.0390625
0 0.387109 0.536719 0.0351562 0.05
0 0.521875 0.9375 0.110937 0.125
0 0.211523 0.0286133 0.0300781 0.0504883
0 0.672266 0.326562 0.0492188 0.0832031
0 0.669922 0.664062 0.0257812 0.040625
0 0.676562 0.676562 0.0375 0.065625
0 0.375391 0.915625 0.0460938 0.09375
0 0.714453 0.264648 0.0398437 0.133984
0 0.515723 0.608594 0.55918 0.782813
0 0.742969 0.380566 0.0421875 0.182617
0 0.716016 0.685938 0.0960938 0.0609375
0 0.544531 0.476562 0.0421875 0.0671875
0 0.199609 0.884375 0.0476562 0.040625
0 0.453125 0.437891 0.025 0.0484375
0 0.34375 0.882812 0.235938 0.165625
0 0.753906 0.77207 0.290625 0.455859
0 0.883594 0.992188 0.232813 0.015625
0 0.760938 0.990625 0.407813 0.01875
0 0.700781 0.692187 0.05625 0.0476562
0 0.0298706 0.901563 0.041626 0.11875
0 0.283203 0.610938 0.160156 0.217188
0 0.73125 0.322656 0.0453125 0.0960938
0 0.689844 0.355859 0.1875 0.313281
0 0.185498 0.88125 0.105566 0.05
0 0.226123 0.231641 0.153223 0.463281
0 0.452734 0.825781 0.303906 0.259375
0 0.664062 0.525781 0.0328125 0.0390625
0 0.770312 0.446484 0.1 0.380469
0 0.649219 0.341406 0.182812 0.132031
0 0.550781 0.515625 0.065625 0.0875
0 0.538281 0.542969 0.025 0.0367188
0 0.558203 0.955469 0.0359375 0.0890625
0 0.442285 0.676562 0.649805 0.646875
0 0.241992 0.69375 0.261719 0.471875
0 0.253711 0.885938 0.294141 0.128125
0 0.716797 0.428125 0.117969 0.291406
0 0.339844 0.703516 0.465625 0.533594
0 0.270361 0.529297 0.196777 0.238281
0 0.718359 0.345703 0.0945313 0.123438
0 0.535156 0.926562 0.0875 0.146875
0 0.712891 0.669531 0.0992187 0.107813
0 0.268359 0.633496 0.311719 0.639258
0 0.221289 0.514063 0.107422 0.217188
0 0.682813 0.424316 0.1875 0.295117
0 0.214648 0.878125 0.198828 0.1
0 0.55625 0.923438 0.059375 0.153125
0 0.253076 0.780469 0.273535 0.370313
0 0.517188 0.926953 0.117188 0.146094
0 0.271094 0.513281 0.205078 0.359375
0 0.710547 0.650781 0.110156 0.140625
0 0.459473 0.530859 0.629492 0.471094
0 0.706641 0.330078 0.128125 0.102344
0 0.153125 0.878125 0.08125 0.09375
0 0.734766 0.344141 0.059375 0.121875
0 0.296826 0.486719 0.303223 0.340625
0 0.694531 0.35625 0.157813 0.153125
0 0.711328 0.333984 0.0945313 0.0976562
0 0.241992 0.859375 0.256641 0.14375
0 0.27207 0.578125 0.190234 0.229687
0 0.497656 0.934375 0.15625 0.13125
0 0.328125 0.622266 0.0773438 0.135937
0 0.547656 0.927344 0.0625 0.145313
0 0.683203 0.5 0.183594 0.43125
0 0.735156 0.421094 0.0828125 0.278906
0 0.667969 0.338281 0.209375 0.119531
0 0.18457 0.0898438 0.0820312 0.166406
0 0.296289 0.278516 0.341016 0.528906
0 0.243359 0.5625 0.120313 0.124219
0 0.255908 0.825781 0.294434 0.229687
0 0.144824 0.882031 0.0626953 0.084375
0 0.331836 0.806055 0.484766 0.372266
0 0.283203 0.616016 0.171094 0.161719
0 0.739062 0.360547 0.0570313 0.159375
0 0.179688 0.873438 0.126953 0.1125
0 0.320312 0.897656 0.139844 0.126563
0 0.550781 0.913281 0.0515625 0.145313
0 0.354688 0.847656 0.4375 0.304688
0 0.196436 0.104907 0.0852539 0.196826
0 0.162109 0.10127 0.131641 0.19668
0 0.218555 0.462109 0.101953 0.11875
0 0.299023 0.439063 0.337109 0.254688
0 0.262695 0.750391 0.225391 0.453906
0 0.541406 0.946875 0.0710938 0.10625
0 0.261133 0.483691 0.179297 0.248242
0 0.133691 0.892188 0.0392578 0.065625
0 0.475781 0.945703 0.198437 0.108594
0 0.5625 0.917188 0.040625 0.14375
0 0.301367 0.624609 0.128516 0.147656
0 0.175781 0.124609 0.144922 0.240625
0 0.23125 0.451562 0.125 0.126563
0 0.334375 0.628906 0.0585938 0.128125
0 0.450391 0.938281 0.253125 0.123438
0 0.725 0.368555 0.1 0.179297
0 0.307813 0.776758 0.384375 0.393359
0 0.216211 0.483594 0.105078 0.175
0 0.403125 0.928516 0.354688 0.142969
0 0.229883 0.552344 0.104688 0.129688
0 0.522656 0.949219 0.10625 0.101562
0 0.204248 0.141895 0.107129 0.275586
0 0.721484 0.301563 0.0875 0.196094
0 0.168262 0.140234 0.189258 0.278125
0 0.722656 0.329102 0.08125 0.137109
0 0.451562 0.470703 0.603125 0.296875
0 0.672656 0.326562 0.0296875 0.0484375
0 0.703906 0.332422 0.0875 0.0773438
0 0.264453 0.417871 0.192578 0.189258
0 0.746875 0.370508 0.0484375 0.162891
0 0.699219 0.292773 0.1375 0.203516
0 0.209961 0.851562 0.191016 0.15
0 0.344922 0.651172 0.0394531 0.0765625
0 0.180811 0.190234 0.173535 0.380469
0 0.156445 0.857813 0.0921875 0.1375
0 0.661719 0.383496 0.226562 0.21582
0 0.535937 0.902734 0.0953125 0.194531
0 0.133789 0.9 0.0371094 0.046875
0 0.435156 0.9625 0.284375 0.075
0 0.716016 0.586719 0.103906 0.276563
0 0.35 0.658203 0.03125 0.071875
0 0.235596 0.514941 0.270215 0.40293
0 0.703516 0.609375 0.135937 0.228125
0 0.223828 0.45 0.078125 0.0875
0 0.318555 0.609375 0.0726563 0.132812
0 0.324609 0.91875 0.130469 0.103125
0 0.458203 0.364844 0.633594 0.5
0 0.24292 0.436719 0.155566 0.140625
0 0.4 0.426563 0.160156 0.132812
0 0.207617 0.204297 0.125391 0.408594
0 0.702344 0.550391 0.1875 0.391406
0 0.397559 0.446191 0.179883 0.173242
0 0.305859 0.886719 0.176563 0.139063
0 0.341016 0.644922 0.0441406 0.107813
0 0.717969 0.625 0.0921875 0.196875
0 0.555859 0.952344 0.0414063 0.0953125
0 0.264648 0.342578 0.352734 0.678906
0 0.449609 0.383691 0.617969 0.343555
0 0.136719 0.884375 0.0476562 0.078125
0 0.216455 0.532813 0.106934 0.164062
0 0.733984 0.499609 0.08125 0.514844
0 0.389453 0.549902 0.171875 0.368945
0 0.328906 0.527734 0.271875 0.357031
0 0.551465 0.497266 0.44707 0.44375
0 0.244727 0.788281 0.262109 0.273438
0 0.144727 0.898438 0.0628906 0.05
0 0.207422 0.041687 0.0367188 0.0763916
0 0.160449 0.892188 0.0974609 0.0640625
0 0.253516 0.577344 0.160156 0.125
0 0.749219 0.661328 0.03125 0.0507812
0 0.737109 0.66875 0.0492188 0.096875
0 0.711328 0.538281 0.121875 0.384375
0 0.518359 0.895703 0.139063 0.208594
0 0.398828 0.953516 0.385938 0.0929688
0 0.690625 0.334766 0.06875 0.0828125
0 0.726562 0.460254 0.096875 0.391992
0 0.194531 0.0799805 0.0609375 0.154102
0 0.30957 0.40166 0.328516 0.16543
0 0.319922 0.533691 0.171094 0.32793
0 0.472266 0.875391 0.239844 0.249219
0 0.241406 0.445703 0.0554687 0.0789063
0 0.707422 0.680469 0.10625 0.08125
0 0.222607 0.816992 0.22041 0.219141
0 0.410547 0.417285 0.127344 0.116992
0 0.240625 0.438672 0.0984375 0.102344
0 0.216602 0.576563 0.0566406 0.0734375
0 0.398438 0.479688 0.186719 0.246094
0 0.225977 0.566797 0.0980469 0.096875
0 0.340234 0.892188 0.0976562 0.142188
0 0.341016 0.648828 0.0617188 0.103906
0 0.468359 0.432422 0.6125 0.703906
0 0.329297 0.614062 0.0472656 0.123438
0 0.180273 0.113379 0.0835937 0.151367
0 0.451562 0.439063 0.025 0.05
0 0.430469 0.857813 0.298438 0.284375
0 0.357227 0.911719 0.0636719 0.104688
0 0.394141 0.403027 0.157813 0.12832
0 0.582812 0.368555 0.378125 0.253516
0 0.35 0.425098 0.248438 0.179492
0 0.449219 0.4375 0.03125 0.0609375
0 0.463965 0.965234 0.236133 0.0695313
0 0.348633 0.459473 0.254297 0.213867
0 0.176221 0.842969 0.121777 0.171875
0 0.376953 0.928125 0.03125 0.071875
0 0.532813 0.875391 0.11875 0.249219
0 0.252344 0.9125 0.284375 0.173438
0 0.366016 0.920313 0.0453125 0.0875
0 0.71875 0.532422 0.10625 0.530469
0 0.319141 0.567969 0.0953125 0.257812
0 0.209717 0.230859 0.146973 0.461719
0 0.200391 0.0496094 0.0476562 0.0957031
0 0.442188 0.426953 0.0421875 0.107031
0 0.254297 0.377148 0.4625 0.754297
0 0.742188 0.392188 0.0539063 0.207813
0 0.167578 0.88125 0.136328 0.084375
0 0.75 0.396484 0.0484375 0.192969
0 0.280908 0.901563 0.226465 0.128125
0 0.222656 0.583594 0.065625 0.0734375
0 0.216406 0.5875 0.0414063 0.0515625
0 0.693359 0.582812 0.160156 0.284375
0 0.748047 0.435156 0.0585938 0.326562
0 0.237109 0.587891 0.111328 0.0875
0 0.207031 0.567187 0.05625 0.0828125
0 0.149707 0.0824219 0.152148 0.154688
0 0.208594 0.470313 0.0828125 0.084375
0 0.513281 0.874414 0.16875 0.251172
0 0.258203 0.719531 0.229687 0.320312
0 0.666406 0.320117 0.0382813 0.0578125
0 0.295703 0.728125 0.163281 0.54375
0 0.233008 0.225 0.272266 0.428906
0 0.519141 0.966406 0.11875 0.0671875
0 0.7375 0.336914 0.0492188 0.102734
0 0.221094 0.590234 0.053125 0.0601563
0 0.14082 0.113672 0.180078 0.217578
0 0.40166 0.892969 0.368555 0.214062
0 0.382031 0.382031 0.175781 0.124219
0 0.333984 0.358594 0.0921875 0.0992187
0 0.325 0.379297 0.296875 0.128125
0 0.193945 0.0582031 0.0640625 0.112891
0 0.29375 0.7 0.15 0.321875
0 0.735156 0.35 0.109375 0.151562
0 0.354297 0.427344 0.109375 0.185938
0 0.369141 0.932813 0.04375 0.059375
0 0.316406 0.923438 0.1625 0.084375
0 0.430469 0.432031 0.0703125 0.138281
0 0.659766 0.338477 0.222656 0.329297
0 0.342187 0.914844 0.0976562 0.101562
0 0.312695 0.363867 0.121094 0.112891
0 0.350391 0.925 0.0820312 0.084375
0 0.251367 0.464844 0.291797 0.278125
0 0.238281 0.460938 0.071875 0.101562
0 0.355664 0.901563 0.0714844 0.134375
0 0.210938 0.0296387 0.0296875 0.0470703
0 0.706641 0.469434 0.149219 0.373633
0 0.723437 0.673828 0.0765625 0.0914062
0 0.223828 0.443359 0.09375 0.107813
0 0.270898 0.639844 0.194141 0.21875
0 0.45 0.982031 0.29375 0.0359375
0 0.315039 0.594531 0.0496094 0.0796875
0 0.710938 0.319141 0.084375 0.0859375
0 0.345703 0.364844 0.0867188 0.0898438
0 0.251563 0.455469 0.040625 0.06875
0 0.265625 0.590625 0.173828 0.101562
0 0.129492 0.8875 0.0443359 0.078125
0 0.357227 0.9375 0.0722656 0.059375
0 0.561719 0.9625 0.028125 0.075
0 0.610156 0.27793 0.317188 0.555859
0 0.2125 0.110742 0.112891 0.207031
0 0.655859 0.35625 0.210156 0.157031
0 0.221289 0.316797 0.275 0.614844
0 0.323828 0.878125 0.1375 0.179688
0 0.194727 0.6375 0.385547 0.6875
0 0.41416 0.422266 0.0966797 0.134375
0 0.568359 0.913281 0.0273438 0.114063
0 0.305078 0.6 0.0796875 0.101562
0 0.204883 0.0769775 0.0417969 0.153857
0 0.746875 0.664062 0.0390625 0.0796875
0 0.26167 0.375 0.32041 0.396875
0 0.750781 0.666797 0.0296875 0.06875
0 0.176563 0.884375 0.140625 0.065625
0 0.508594 0.418848 0.525 0.381055
0 0.18457 0.50625 0.155078 0.225
0 0.755469 0.396191 0.115625 0.22793
0 0.446875 0.421094 0.0359375 0.0820312
0 0.750781 0.503906 0.0453125 0.126563
0 0.247656 0.458984 0.0679687 0.08125
0 0.33125 0.59375 0.03125 0.0796875
0 0.238281 0.488281 0.104688 0.16875
0 0.208545 0.439844 0.121973 0.134375
0 0.441406 0.4375 0.110937 0.144531
0 0.194141 0.478125 0.05 0.0726563
0 0.144824 0.846875 0.111133 0.15625
0 0.325977 0.589063 0.0351562 0.0671875
0 0.210938 0.582812 0.0355469 0.053125
0 0.730078 0.649609 0.06875 0.153906
0 0.275586 0.373437 0.123438 0.154688
0 0.722656 0.325586 0.0578125 0.0925781
0 0.195654 0.523438 0.0711914 0.179688
0 0.19043 0.126563 0.324219 0.24375
0 0.126758 0.143066 0.253516 0.259961
0 0.237109 0.535937 0.0851563 0.151562
0 0.702344 0.350781 0.096875 0.128125
0 0.337305 0.9375 0.112109 0.0625
0 0.226562 0.598828 0.0710938 0.0671875
0 0.719531 0.684766 0.0921875 0.071875
0 0.764063 0.425879 0.109375 0.27168
0 0.363086 0.892188 0.208984 0.1625
0 0.247461 0.647754 0.255078 0.626367
0 0.429297 0.634375 0.650781 0.684375
0 0.719531 0.396875 0.114063 0.371875
0 0.251953 0.842969 0.280469 0.228125
0 0.264648 0.519531 0.186328 0.24375
0 0.133789 0.0916016 0.184766 0.183203
0 0.223389 0.511719 0.114941 0.23125
0 0.714844 0.315234 0.100781 0.167187
0 0.254492 0.762109 0.263672 0.407031
0 0.163574 0.0845703 0.131445 0.169141
0 0.335156 0.670703 0.526563 0.639844
0 0.239502 0.500879 0.145215 0.266992
0 0.725391 0.325195 0.09375 0.127734
0 0.716797 0.359375 0.10625 0.273438
0 0.266016 0.473828 0.19375 0.327344
0 0.286279 0.333008 0.350879 0.666016
0 0.205273 0.503906 0.121484 0.246875
0 0.709375 0.277344 0.110937 0.233594
0 0.342187 0.750391 0.455469 0.450781
0 0.701172 0.423438 0.147656 0.652344
0 0.542188 0.91875 0.0796875 0.1625
0 0.240234 0.785937 0.258594 0.3
0 0.738281 0.334375 0.0523438 0.110156
0 0.291455 0.620703 0.290527 0.628906
0 0.55 0.928125 0.059375 0.14375
0 0.169922 0.878125 0.113281 0.0859375
0 0.259033 0.878125 0.263965 0.167187
0 0.55625 0.917188 0.053125 0.165625
0 0.527734 0.921875 0.100781 0.15625
0 0.710938 0.654297 0.10625 0.133594
0 0.182764 0.0813477 0.0930664 0.161133
0 0.714063 0.286328 0.102344 0.148438
0 0.152954 0.133203 0.187061 0.266406
0 0.712109 0.573047 0.108594 0.302344
0 0.45459 0.85918 0.256445 0.281641
0 0.303125 0.499609 0.298438 0.479688
0 0.309717 0.486816 0.298535 0.34668
0 0.695312 0.513281 0.160938 0.865625
0 0.333203 0.611719 0.0726563 0.134375
0 0.392188 0.857617 0.383594 0.284766
0 0.219141 0.453906 0.103125 0.109375
0 0.703906 0.236328 0.113281 0.319531
0 0.731641 0.418359 0.0898438 0.33125
0 0.27832 0.757031 0.193359 0.485938
0 0.550781 0.904688 0.053125 0.15625
0 0.314844 0.889063 0.150781 0.14375
0 0.311914 0.420215 0.304297 0.268945
0 0.708594 0.330859 0.104688 0.0976562
0 0.55 0.876563 0.0609375 0.246875
0 0.335938 0.617969 0.05625 0.11875
0 0.667578 0.419141 0.214844 0.646094
0 0.707422 0.633984 0.109375 0.179688
0 0.194531 0.0786133 0.0648438 0.157227
0 0.299219 0.389844 0.325 0.465625
0 0.199414 0.0441406 0.0535156 0.0880859
0 0.232031 0.443359 0.0601563 0.0851563
0 0.746484 0.414453 0.0617188 0.29375
0 0.205859 0.039502 0.0445313 0.0768555
0 0.744922 0.347852 0.0382813 0.0847656
0 0.142871 0.0578125 0.163477 0.115234
0 0.525781 0.894141 0.107813 0.211719
0 0.496875 0.921875 0.15625 0.15625
0 0.24668 0.438672 0.170703 0.242969
0 0.218164 0.470313 0.105469 0.154688
0 0.192969 0.0533203 0.0695313 0.106641
0 0.219141 0.446875 0.078125 0.09375
0 0.7125 0.539453 0.121094 0.395313
0 0.16543 0.162109 0.185547 0.324219
0 0.692969 0.259424 0.145313 0.276465
0 0.7125 0.677344 0.101562 0.0875
0 0.187695 0.0925781 0.0730469 0.14707
0 0.24082 0.441016 0.0535156 0.0804688
0 0.275391 0.525098 0.207813 0.337305
0 0.236914 0.530859 0.118359 0.180469
0 0.494531 0.892969 0.173438 0.214062
0 0.375 0.923438 0.03125 0.0625
0 0.272266 0.564844 0.1875 0.253906
0 0.110156 0.107031 0.220313 0.214062
0 0.537109 0.860938 0.0929688 0.278125
0 0.33125 0.871094 0.11875 0.189063
0 0.184717 0.487891 0.149316 0.276563
0 0.715234 0.335547 0.130469 0.547656
0 0.341016 0.635938 0.0453125 0.0789063
0 0.346875 0.654688 0.034375 0.065625
0 0.25 0.553906 0.125781 0.132812
0 0.209375 0.0328125 0.0363281 0.0594727
0 0.249609 0.435156 0.08125 0.0921875
0 0.317188 0.594531 0.0613281 0.107813
0 0.729297 0.305078 0.0476562 0.133594
0 0.316211 0.611719 0.1 0.165625
0 0.204492 0.0808594 0.0648438 0.161719
0 0.671484 0.314063 0.0273438 0.0578125
0 0.210742 0.464063 0.0917969 0.0890625
0 0.292969 0.605469 0.146094 0.209375
0 0.343164 0.646875 0.0398437 0.071875
0 0.323633 0.589844 0.046875 0.084375
0 0.439941 0.494629 0.673242 0.476367
0 0.177393 0.0589844 0.0967773 0.117969
0 0.349609 0.425098 0.227344 0.248242
0 0.339453 0.629687 0.0472656 0.10625
0 0.544922 0.94375 0.0648438 0.1125
0 0.730469 0.483691 0.0890625 0.354492
0 0.370508 0.926562 0.0449219 0.065625
0 0.721094 0.253955 0.0859375 0.285059
0 0.519531 0.872461 0.132812 0.255078
0 0.405566 0.644141 0.412305 0.711719
0 0.560938 0.903906 0.0382813 0.115625
0 0.446094 0.440625 0.0328125 0.0507812
0 0.683594 0.324609 0.0546875 0.0679687
0 0.162891 0.0642578 0.126172 0.124609
0 0.422656 0.476953 0.7125 0.827344
0 0.308398 0.867969 0.165234 0.190625
0 0.708594 0.318555 0.096875 0.0769531
0 0.223828 0.398828 0.385156 0.797656
0 0.20625 0.0663086 0.0554687 0.131445
0 0.375 0.798438 0.448438 0.403125
0 0.202539 0.45 0.124219 0.198437
0 0.441406 0.44375 0.04375 0.065625
0 0.360938 0.892188 0.0640625 0.146875
0 0.16875 0.854688 0.115625 0.134375
0 0.247656 0.449219 0.0515625 0.0765625
0 0.678906 0.304297 0.04375 0.0773438
0 0.373437 0.454297 0.172656 0.228906
0 0.707812 0.3 0.0976562 0.0992187
0 0.246875 0.429297 0.096875 0.114844
0 0.38584 0.426172 0.156445 0.227344
0 0.315234 0.58125 0.0476562 0.0734375
0 0.696094 0.277344 0.0875 0.138281
0 0.0875 0.0505005 0.0886719 0.0794678
0 0.332617 0.923438 0.118359 0.0875
0 0.329297 0.603516 0.0476562 0.108594
0 0.545703 0.831641 0.084375 0.336719
0 0.669141 0.569531 0.211719 0.860938
0 0.697656 0.30918 0.138281 0.205859
0 0.325195 0.523438 0.251172 0.338281
0 0.263477 0.489063 0.313672 0.903125
0 0.152734 0.0446777 0.130469 0.0893555
0 0.541797 0.823633 0.114844 0.352734
0 0.260889 0.412109 0.191504 0.223438
0 0.220313 0.8125 0.216406 0.2375
0 0.750391 0.358789 0.0320312 0.0746094
0 0.232813 0.460938 0.105469 0.135937
0 0.300391 0.733594 0.146875 0.532813
0 0.193164 0.454688 0.116406 0.120313
0 0.0914062 0.0925781 0.171094 0.184375
0 0.453516 0.925 0.246094 0.15
0 0.752344 0.36875 0.0359375 0.10625
0 0.355664 0.926562 0.0777344 0.075
0 0.75 0.385938 0.0453125 0.164062
0 0.386719 0.543848 0.164844 0.374805
0 0.197656 0.46875 0.071875 0.075
0 0.249023 0.709375 0.233203 0.40625
0 0.257031 0.571484 0.156641 0.127344
0 0.71875 0.592969 0.165625 0.814063
0 0.206689 0.0941406 0.128027 0.188281
0 0.342187 0.649219 0.0484375 0.09375
0 0.141895 0.885156 0.0589844 0.0734375
0 0.485938 0.833984 0.209375 0.332031
0 0.186768 0.474219 0.0491211 0.06875
0 0.218311 0.351953 0.296191 0.703906
0 0.117578 0.151465 0.199219 0.302539
0 0.323828 0.579688 0.0390625 0.0664062
0 0.530469 0.943359 0.0898438 0.113281
0 0.325 0.907813 0.132031 0.11875
0 0.414844 0.909375 0.324219 0.18125
0 0.717969 0.276758 0.059375 0.142578
0 0.366406 0.921875 0.0445313 0.0796875
0 0.553906 0.949219 0.0429688 0.101562
0 0.214062 0.510156 0.104297 0.190625
0 0.250781 0.455859 0.0648438 0.0984375
0 0.363281 0.464844 0.117188 0.173438
0 0.222852 0.416406 0.133984 0.192969
0 0.516406 0.837109 0.164062 0.325781
0 0.296484 0.689063 0.14375 0.396875
0 0.162988 0.894531 0.0951172 0.0515625
0 0.692187 0.369531 0.15625 0.334375
0 0.369531 0.9125 0.0546875 0.10625
0 0.311328 0.528125 0.11875 0.323438
0 0.181592 0.205078 0.194629 0.410156
0 0.694922 0.276172 0.130469 0.467969
0 0.317773 0.548828 0.0949219 0.275781
0 0.742188 0.348438 0.0484375 0.122656
0 0.348828 0.354102 0.542969 0.708203
0 0.302539 0.776367 0.182422 0.391016
0 0.126587 0.0499146 0.118701 0.0970459
0 0.471875 0.947656 0.203906 0.104688
0 0.705469 0.217773 0.078125 0.362891
0 0.318359 0.765625 0.139063 0.442188
0 0.343359 0.846875 0.107813 0.24375
0 0.246094 0.447656 0.0898438 0.096875
0 0.307813 0.589063 0.0640625 0.078125
0 0.116504 0.0476074 0.0927734 0.0829102
0 0.219531 0.585938 0.0496094 0.0570313
0 0.362891 0.422754 0.444531 0.404492
0 0.178125 0.113672 0.334766 0.227344
0 0.75 0.499219 0.0476562 0.129688
0 0.311328 0.6 0.0914062 0.122656
0 0.334766 0.640625 0.0632813 0.11875
0 0.0730957 0.0538574 0.101855 0.0866211
0 0.565625 0.890625 0.028125 0.075
0 0.444531 0.432031 0.0367188 0.0546875
0 0.605469 0.408594 0.340625 0.817187
0 0.103735 0.0487305 0.0741699 0.0779297
0 0.178955 0.112109 0.0920898 0.166797
0 0.432031 0.430469 0.0703125 0.130469
0 0.314063 0.635156 0.110156 0.232813
0 0.314063 0.572656 0.0570313 0.100781
0 0.471875 0.331836 0.7125 0.663672
0 0.177295 0.886719 0.169629 0.053125
0 0.366797 0.9375 0.0476562 0.053125
0 0.226953 0.589844 0.0632813 0.0703125
0 0.461816 0.965234 0.235742 0.0695313
0 0.51875 0.952344 0.125 0.0953125
0 0.410547 0.94375 0.347656 0.1125
0 0.248828 0.575 0.133203 0.096875
0 0.749609 0.355859 0.0445313 0.0804688
0 0.223242 0.535937 0.0996094 0.146875
0 0.755859 0.390234 0.0429688 0.147656
0 0.136133 0.899219 0.04375 0.0515625
0 0.732813 0.344531 0.071875 0.135937
0 0.403516 0.409375 0.124219 0.239063
0 0.348828 0.907813 0.084375 0.109375
0 0.378906 0.919531 0.0382813 0.0765625
0 0.4375 0.421875 0.0515625 0.103906
0 0.665625 0.312109 0.040625 0.0710938
0 0.0622559 0.0763916 0.119238 0.151123
0 0.249805 0.896094 0.273828 0.109375
0 0.329688 0.577344 0.0375 0.071875
0 0.141406 0.0953125 0.282813 0.190625
0 0.372852 0.384375 0.182422 0.21875
0 0.20293 0.591016 0.375391 0.708594
0 0.755859 0.497266 0.0398437 0.110937
0 0.717188 0.346875 0.0984375 0.132031
0 0.54375 0.8875 0.06875 0.1625
0 0.534277 0.411035 0.476758 0.724805
0 0.130664 0.889063 0.0390625 0.0703125
0 0.697266 0.68125 0.090625 0.078125
0 0.318164 0.91875 0.158984 0.09375
0 0.367383 0.865625 0.191016 0.2125
0 0.710156 0.241016 0.0421875 0.0820312
0 0.226514 0.309766 0.229004 0.401563
0 0.247656 0.588281 0.125781 0.0796875
0 0.7125 0.690625 0.090625 0.059375
0 0.206445 0.505469 0.0859375 0.153906
0 0.738281 0.327734 0.0679687 0.145313
0 0.166016 0.103809 0.111328 0.145117
0 0.682422 0.204102 0.135156 0.348047
0 0.742578 0.375391 0.0523438 0.164062
0 0.740625 0.290625 0.13125 0.229687
0 0.681641 0.292969 0.0632813 0.104688
0 0.746094 0.658594 0.0296875 0.0476562
0 0.0329102 0.909375 0.0317383 0.05625
0 0.400391 0.444531 0.132812 0.176563
0 0.211377 0.137305 0.166309 0.274609
0 0.674219 0.324023 0.0398437 0.0683594
0 0.714844 0.260352 0.05 0.137891
0 0.749219 0.508203 0.040625 0.102344
0 0.136621 0.0635742 0.124414 0.113086
0 0.270117 0.629297 0.188672 0.299219
0 0.579688 0.484375 0.034375 0.05625
0 0.356055 0.436621 0.104297 0.193945
0 0.326562 0.366797 0.276563 0.24375
0 0.700391 0.604688 0.129688 0.241406
0 0.784375 0.543359 0.254688 0.713281
0 0.70625 0.234375 0.0328125 0.071875
0 0.739062 0.664062 0.0453125 0.0734375
0 0.301563 0.567578 0.0890625 0.124219
0 0.336719 0.356055 0.0796875 0.0957031
0 0.266797 0.594531 0.16875 0.124219
0 0.557813 0.882812 0.04375 0.109375
0 0.238477 0.560938 0.100391 0.110937
0 0.569531 0.599609 0.4125 0.800781
0 0.336914 0.578516 0.0589844 0.157031
0 0.419531 0.972656 0.14375 0.0546875
0 0.189014 0.409375 0.135254 0.199219
0 0.711719 0.439746 0.126563 0.295508
0 0.248438 0.710156 0.270313 0.467187
0 0.323828 0.707812 0.417188 0.503125
0 0.254297 0.840625 0.279687 0.215625
0 0.258594 0.615625 0.258594 0.667188
0 0.182422 0.0890625 0.0847656 0.171875
0 0.26543 0.530078 0.195703 0.25
0 0.722656 0.394629 0.104688 0.37793
0 0.539844 0.917188 0.0796875 0.1625
0 0.174414 0.106641 0.100391 0.207813
0 0.704297 0.470215 0.146094 0.508008
0 0.20625 0.824219 0.183594 0.204688
0 0.295312 0.332422 0.332813 0.645312
0 0.221533 0.515625 0.11084 0.215625
0 0.170313 0.880469 0.112891 0.0859375
0 0.155273 0.110742 0.137109 0.216016
0 0.339063 0.657813 0.496875 0.645312
0 0.722656 0.367188 0.0859375 0.292188
0 0.375684 0.412891 0.181445 0.233594
0 0.706641 0.648438 0.105469 0.14375
0 0.721875 0.307617 0.08125 0.203516
0 0.698828 0.392188 0.157031 0.371094
0 0.253906 0.798438 0.278906 0.325
0 0.334961 0.427344 0.267578 0.26875
0 0.303516 0.464746 0.315625 0.351758
0 0.712109 0.353711 0.121875 0.299609
0 0.738281 0.416406 0.075 0.29375
0 0.710547 0.301563 0.113281 0.2
0 0.464063 0.855078 0.252344 0.289844
0 0.748828 0.440234 0.0554687 0.224219
0 0.557031 0.909766 0.05 0.180469
0 0.253125 0.885938 0.28125 0.134375
0 0.710547 0.601562 0.101562 0.239063
0 0.205664 0.498828 0.114453 0.210156
0 0.548047 0.85957 0.065625 0.280859
0 0.212061 0.458594 0.0899414 0.1125
0 0.194971 0.0822022 0.0670898 0.157471
0 0.271094 0.502246 0.202734 0.38457
0 0.719141 0.564844 0.100781 0.320312
0 0.551172 0.909375 0.053125 0.175
0 0.258398 0.46084 0.181641 0.320508
0 0.666406 0.3125 0.214062 0.224219
0 0.323828 0.621094 0.075 0.145313
0 0.216602 0.782031 0.214453 0.295312
0 0.185889 0.8375 0.13916 0.173438
0 0.704297 0.251172 0.117969 0.30625
0 0.375391 0.851562 0.428906 0.2875
0 0.317578 0.89375 0.141406 0.134375
0 0.176367 0.162598 0.180078 0.308008
0 0.348438 0.651953 0.0304688 0.0765625
0 0.331641 0.610938 0.0648438 0.1375
0 0.320703 0.388281 0.292188 0.225781
0 0.734375 0.316406 0.0703125 0.154688
0 0.39541 0.426563 0.141992 0.175
0 0.537891 0.634473 0.454688 0.69668
0 0.694531 0.548438 0.160156 0.357031
0 0.5 0.920313 0.146875 0.159375
0 0.386328 0.472266 0.1625 0.283594
0 0.736328 0.548828 0.0757812 0.477344
0 0.546094 0.816797 0.0828125 0.366406
0 0.664453 0.376172 0.227344 0.357812
0 0.680469 0.29043 0.171875 0.215234
0 0.671875 0.440625 0.207813 0.546875
0 0.29707 0.485938 0.280859 0.539844
0 0.718359 0.264648 0.0828125 0.284766
0 0.725781 0.299609 0.0640625 0.171094
0 0.714844 0.351172 0.128125 0.430469
0 0.126001 0.12168 0.191357 0.226172
0 0.45791 0.920313 0.237305 0.159375
0 0.738281 0.333203 0.05 0.125
0 0.336719 0.624219 0.0507812 0.109375
0 0.142944 0.149609 0.160596 0.26875
0 0.221484 0.455469 0.0671875 0.0945313
0 0.356055 0.386328 0.216016 0.191406
0 0.191016 0.505469 0.136719 0.242188
0 0.175 0.866406 0.124609 0.123438
0 0.161328 0.0856445 0.125391 0.164453
0 0.753125 0.375391 0.0335938 0.160938
0 0.729297 0.466504 0.0898438 0.306055
0 0.71875 0.277148 0.0648438 0.142578
0 0.272461 0.758594 0.202734 0.465625
0 0.688672 0.316016 0.167187 0.49375
0 0.476172 0.801562 0.241406 0.389062
0 0.211133 0.472656 0.0980469 0.151562
0 0.711328 0.231592 0.0867188 0.380566
0 0.241406 0.431641 0.164844 0.241406
0 0.366406 0.510547 0.198437 0.403906
0 0.203174 0.451953 0.117871 0.176563
0 0.166016 0.839258 0.105469 0.168359
0 0.196875 0.0842773 0.0492188 0.150195
0 0.545313 0.908984 0.065625 0.182031
0 0.235352 0.447266 0.0472656 0.0742188
0 0.727344 0.648828 0.0703125 0.141406
0 0.71875 0.535254 0.1125 0.43418
0 0.312695 0.610547 0.353516 0.641406
0 0.194141 0.453906 0.116406 0.134375
0 0.68125 0.246094 0.165625 0.308594
0 0.34043 0.635547 0.0453125 0.0820312
0 0.423047 0.898047 0.311719 0.203906
0 0.749609 0.39541 0.040625 0.224805
0 0.431348 0.636035 0.562305 0.72793
0 0.303711 0.789258 0.375391 0.343359
0 0.707031 0.240625 0.0328125 0.0753906
0 0.190674 0.476562 0.0600586 0.06875
0 0.275781 0.577734 0.173438 0.230469
0 0.188672 0.205811 0.184375 0.356348
0 0.344922 0.644922 0.0351562 0.0757812
0 0.746094 0.348047 0.040625 0.110937
0 0.20332 0.469531 0.0890625 0.0804688
0 0.715625 0.312109 0.101562 0.147656
0 0.201758 0.0856445 0.0496094 0.171289
0 0.528906 0.907031 0.0960938 0.185938
0 0.560547 0.9125 0.040625 0.146875
0 0.290039 0.622266 0.149609 0.210156
0 0.708203 0.677344 0.104688 0.0875
0 0.453125 0.501953 0.579688 0.450781
0 0.205859 0.0442383 0.0421875 0.084375
0 0.268359 0.603516 0.188281 0.360156
0 0.142969 0.885938 0.059375 0.0765625
0 0.314844 0.601562 0.0609375 0.129688
0 0.514844 0.843359 0.1625 0.313281
0 0.308398 0.6375 0.109766 0.2125
0 0.334375 0.765625 0.507812 0.435937
0 0.325391 0.605078 0.0460938 0.123438
0 0.750391 0.366016 0.034375 0.127344
0 0.228711 0.541797 0.0964844 0.15625
0 0.468359 0.653125 0.267969 0.690625
0 0.751172 0.500391 0.0445313 0.122656
0 0.713281 0.253516 0.0460938 0.0851563
0 0.244141 0.450781 0.0382813 0.075
0 0.490625 0.902344 0.179688 0.195312
0 0.199805 0.0500488 0.0503906 0.0979492
0 0.745313 0.654688 0.0328125 0.0679687
0 0.735547 0.547754 0.0851563 0.349805
0 0.757422 0.472266 0.0367188 0.166406
0 0.735547 0.646094 0.0507812 0.123438
0 0.519141 0.869141 0.130469 0.261719
0 0.247852 0.55625 0.119141 0.1375
0 0.3125 0.591406 0.0527344 0.0921875
0 0.745313 0.356641 0.040625 0.163281
0 0.259375 0.670313 0.2125 0.396875
0 0.348633 0.65625 0.0507812 0.090625
0 0.448828 0.435547 0.0335938 0.0875
0 0.156641 0.85625 0.0914062 0.140625
0 0.340625 0.636719 0.0429688 0.114063
0 0.752344 0.434375 0.040625 0.267188
0 0.192188 0.0606445 0.0664062 0.121289
0 0.243164 0.442578 0.053125 0.0820312
0 0.713281 0.277344 0.14375 0.54375
0 0.749219 0.659375 0.0296875 0.065625
0 0.192969 0.424609 0.128906 0.1875
0 0.715625 0.423438 0.117188 0.292188
0 0.757031 0.492188 0.04375 0.124219
0 0.322461 0.559375 0.0765625 0.257812
0 0.586719 0.732813 0.028125 0.0703125
0 0.590625 0.724219 0.0234375 0.05
0 0.346289 0.513281 0.141797 0.372656
0 0.446094 0.424219 0.0375 0.090625
0 0.0343872 0.914844 0.0347412 0.0671875
0 0.298047 0.876563 0.182812 0.16875
0 0.186768 0.0920898 0.0600586 0.140234
0 0.740234 0.646875 0.0453125 0.096875
0 0.5875 0.723047 0.0257812 0.0632813
0 0.755859 0.466406 0.0429688 0.252344
0 0.739844 0.355469 0.0453125 0.183594
0 0.55625 0.938672 0.0390625 0.122656
0 0.339453 0.344922 0.253125 0.232031
0 0.706641 0.280859 0.0929688 0.170313
0 0.385547 0.554785 0.167969 0.44668
0 0.680469 0.676172 0.053125 0.0625
0 0.438281 0.420703 0.0484375 0.103906
0 0.55 0.933594 0.0484375 0.132812
0 0.7 0.621094 0.133594 0.203125
0 0.259375 0.574219 0.145313 0.142188
0 0.186133 0.788281 0.152734 0.278125
0 0.287158 0.445703 0.24834 0.304688
0 0.41709 0.434766 0.150195 0.189844
0 0.320703 0.867969 0.136719 0.196875
0 0.70625 0.21582 0.0335938 0.135156
0 0.412109 0.935938 0.339063 0.128125
0 0.268945 0.414062 0.226953 0.267188
0 0.687109 0.213867 0.128906 0.366016
0 0.209961 0.0369995 0.0324219 0.066626
0 0.242969 0.439063 0.0929688 0.110937
0 0.16084 0.892188 0.0955078 0.059375
0 0.264258 0.903906 0.258984 0.104688
0 0.689844 0.683203 0.0921875 0.0773438
0 0.525781 0.929688 0.096875 0.140625
0 0.665625 0.285547 0.196875 0.517969
0 0.747656 0.514844 0.0671875 0.124219
0 0.298047 0.910937 0.183594 0.09375
0 0.282813 0.894531 0.05625 0.0828125
0 0.485938 0.870313 0.2 0.259375
0 0.219336 0.585156 0.0488281 0.05625
0 0.196045 0.28125 0.194629 0.475
0 0.233984 0.376367 0.390625 0.752734
0 0.157031 0.184717 0.128906 0.103223
0 0.560938 0.924219 0.0578125 0.151562
0 0.130957 0.187842 0.0595703 0.0688477
0 0.692969 0.65625 0.0875 0.132812
0 0.741797 0.4875 0.053125 0.170313
0 0.233008 0.168945 0.146484 0.327344
0 0.444922 0.944531 0.2625 0.110937
0 0.69375 0.269922 0.0703125 0.157813
0 0.758984 0.396777 0.0351562 0.175195
0 0.742188 0.40791 0.0453125 0.229492
0 0.205469 0.133203 0.238281 0.266406
0 0.452344 0.438281 0.0296875 0.0703125
0 0.291797 0.387891 0.325781 0.269531
0 0.41875 0.465234 0.73125 0.697656
0 0.136523 0.898438 0.0412109 0.0578125
0 0.226953 0.246289 0.0578125 0.0886719
0 0.230029 0.846875 0.232129 0.164062
0 0.653125 0.350195 0.203125 0.184766
0 0.360938 0.463379 0.1125 0.185742
0 0.698438 0.206641 0.0796875 0.403906
0 0.133398 0.889063 0.0460938 0.075
0 0.224414 0.589844 0.0589844 0.0671875
0 0.685938 0.233398 0.15625 0.464453
0 0.283984 0.715625 0.167969 0.39375
0 0.136499 0.0930664 0.173096 0.170898
0 0.757031 0.483984 0.0640625 0.127344
0 0.325781 0.584375 0.0367188 0.084375
0 0.190283 0.134082 0.120996 0.268164
0 0.422266 0.957812 0.323438 0.084375
0 0.750781 0.358008 0.046875 0.123047
0 0.321826 0.421875 0.379004 0.332813
0 0.176904 0.477344 0.0461914 0.0625
0 0.567578 0.48125 0.059375 0.0734375
0 0.319531 0.917969 0.157813 0.0984375
0 0.554688 0.789062 0.084375 0.421875
0 0.246875 0.577344 0.120313 0.0929688
0 0.357031 0.422266 0.102344 0.199219
0 0.352148 0.660547 0.0359375 0.0859375
0 0.732813 0.61875 0.04375 0.0828125
0 0.270898 0.367383 0.242578 0.352734
0 0.236719 0.193359 0.3 0.385156
0 0.342969 0.892188 0.1 0.15
0 0.288672 0.905469 0.0523438 0.0625
0 0.140234 0.892188 0.0529297 0.059375
0 0.337891 0.354688 0.0820312 0.0921875
0 0.287305 0.5375 0.146875 0.328906
0 0.689844 0.285156 0.0875 0.171094
0 0.680469 0.309766 0.0507812 0.0835937
0 0.293359 0.746875 0.15625 0.50625
0 0.430469 0.418848 0.0671875 0.145117
0 0.585156 0.7375 0.03125 0.09375
0 0.7 0.694531 0.0726563 0.05625
0 0.428906 0.353906 0.698438 0.622656
0 0.552344 0.896875 0.0460938 0.128125
0 0.252539 0.252734 0.337891 0.503906
0 0.471777 0.933594 0.204883 0.132812
0 0.323438 0.470703 0.0335938 0.071875
0 0.786133 0.511719 0.274609 0.521094
0 0.0313477 0.902344 0.0357422 0.08125
0 0.148047 0.832812 0.114063 0.1875
0 0.144141 0.175586 0.106641 0.107422
0 0.165137 0.817969 0.116992 0.217188
0 0.153223 0.187891 0.110742 0.0796875
0 0.235547 0.452344 0.0546875 0.10625
0 0.245703 0.282422 0.046875 0.0914062
0 0.172949 0.884375 0.154492 0.0578125
0 0.305859 0.589844 0.0640625 0.075
0 0.225195 0.608594 0.142578 0.4125
0 0.209375 0.393359 0.147656 0.267969
0 0.670313 0.315625 0.0320312 0.0636719
0 0.228906 0.435937 0.0820312 0.13125
0 0.644531 0.51875 0.025 0.05
0 0.454297 0.449219 0.03125 0.0671875
0 0.760156 0.434766 0.0375 0.259375
0 0.0345703 0.923438 0.0455078 0.10625
0 0.317188 0.917188 0.126563 0.08125
0 0.432422 0.430469 0.688281 0.420312
0 0.119336 0.185742 0.0585938 0.0714844
0 0.657813 0.313672 0.0546875 0.078125
0 0.41709 0.971875 0.168945 0.05625
0 0.33125 0.596875 0.034375 0.1125
0 0.357422 0.90625 0.0601563 0.1125
0 0.213721 0.433691 0.0913086 0.151367
0 0.319531 0.353906 0.0835937 0.110156
0 0.242383 0.453125 0.078125 0.0984375
0 0.745313 0.468066 0.059375 0.220117
0 0.241357 0.200586 0.178223 0.338672
0 0.348438 0.641406 0.0570313 0.10625
0 0.188477 0.4625 0.0960938 0.108594
0 0.237109 0.589844 0.0976562 0.078125
0 0.341797 0.607422 0.0742188 0.1625
0 0.418066 0.962109 0.151367 0.0757812
0 0.674219 0.319922 0.0289063 0.0632813
0 0.285742 0.86875 0.0761719 0.14375
0 0.169336 0.475781 0.18125 0.289062
0 0.549219 0.478125 0.0484375 0.075
0 0.20918 0.533594 0.0746094 0.164844
0 0.327344 0.482812 0.0417969 0.103125
0 0.559375 0.950391 0.0515625 0.0992187
0 0.564844 0.907813 0.0296875 0.134375
0 0.180859 0.0665039 0.0863281 0.133008
0 0.708594 0.213232 0.0398437 0.168848
0 0.519531 0.955469 0.121875 0.0890625
0 0.535937 0.829883 0.126563 0.340234
0 0.332031 0.575 0.0335938 0.09375
0 0.246826 0.686719 0.249316 0.54375
0 0.196924 0.776563 0.167871 0.296875
0 0.726172 0.421875 0.100781 0.267188
0 0.257812 0.825 0.280469 0.245312
0 0.254346 0.612891 0.206934 0.686719
0 0.742188 0.424121 0.0671875 0.261133
0 0.545703 0.925 0.0710938 0.15
0 0.154688 0.113965 0.155078 0.21543
0 0.345703 0.692578 0.464844 0.555469
0 0.557422 0.926562 0.0476562 0.135937
0 0.288477 0.338281 0.338672 0.542188
0 0.546094 0.872656 0.0734375 0.254688
0 0.268164 0.551953 0.187891 0.298438
0 0.167969 0.884375 0.108203 0.075
0 0.205273 0.821094 0.182422 0.2125
0 0.176221 0.164258 0.197559 0.312891
0 0.229639 0.514453 0.117285 0.214844
0 0.75 0.38125 0.0390625 0.135937
0 0.216406 0.502344 0.1 0.195312
0 0.386719 0.422656 0.15625 0.25
0 0.27168 0.361133 0.383203 0.685547
0 0.549219 0.928906 0.053125 0.142188
0 0.520312 0.921875 0.114063 0.15625
0 0.29707 0.402734 0.319141 0.344531
0 0.348438 0.653125 0.034375 0.078125
0 0.256299 0.364453 0.174121 0.396094
0 0.214844 0.457813 0.0882813 0.1125
0 0.259424 0.882812 0.281152 0.146875
0 0.315625 0.628125 0.0929688 0.146875
0 0.745313 0.383691 0.04375 0.17793
0 0.374609 0.432813 0.183594 0.308594
0 0.294922 0.562402 0.278906 0.637695
0 0.550781 0.848047 0.0875 0.303906
0 0.465234 0.929688 0.227344 0.140625
0 0.219971 0.361133 0.12959 0.416797
0 0.707031 0.267188 0.123438 0.409375
0 0.179639 0.808594 0.132129 0.23125
0 0.153345 0.148633 0.183154 0.266016
0 0.753906 0.399609 0.0367188 0.185156
0 0.340234 0.625391 0.0484375 0.113281
0 0.756641 0.477734 0.0414063 0.245312
0 0.707812 0.666406 0.109375 0.1125
0 0.269141 0.63125 0.190625 0.282813
0 0.224805 0.550781 0.110156 0.291406
0 0.485156 0.864062 0.208594 0.26875
0 0.331055 0.429004 0.283203 0.323242
0 0.292969 0.433496 0.257812 0.670508
0 0.496094 0.922656 0.1625 0.154688
0 0.253174 0.772656 0.270215 0.360938
0 0.741406 0.346484 0.0453125 0.1125
0 0.253467 0.507031 0.158691 0.215625
0 0.30918 0.467285 0.299609 0.412305
0 0.331641 0.896875 0.117969 0.134375
0 0.740234 0.362891 0.0429688 0.164844
0 0.343359 0.642188 0.0421875 0.0875
0 0.754687 0.439844 0.0382813 0.283594
0 0.178857 0.103223 0.100098 0.187695
0 0.759375 0.464844 0.0328125 0.151562
0 0.724609 0.332422 0.108594 0.457813
0 0.757031 0.5 0.03125 0.1
0 0.720313 0.368945 0.0921875 0.361328
0 0.185498 0.210156 0.172754 0.420312
0 0.227734 0.534375 0.0984375 0.179688
0 0.750781 0.510547 0.04375 0.096875
0 0.557031 0.941406 0.040625 0.117188
0 0.261279 0.6625 0.215723 0.364063
0 0.562109 0.914062 0.0398437 0.129688
0 0.717969 0.270703 0.0921875 0.474219
0 0.349219 0.655469 0.05 0.0828125
0 0.386621 0.473047 0.156445 0.296094
0 0.32168 0.870313 0.139453 0.190625
0 0.323047 0.916406 0.132031 0.1
0 0.524219 0.887891 0.115625 0.224219
0 0.175586 0.85 0.128125 0.15
0 0.187891 0.270313 0.189063 0.433594
0 0.751953 0.496875 0.0375 0.117188
0 0.292773 0.625 0.139063 0.210156
0 0.332031 0.617969 0.0679687 0.129688
0 0.204248 0.441797 0.100098 0.145313
0 0.242236 0.467187 0.137402 0.274219
0 0.709375 0.68125 0.104688 0.0789063
0 0.256055 0.569531 0.123047 0.124219
0 0.374023 0.863281 0.426953 0.257812
0 0.274023 0.508984 0.187109 0.408594
0 0.71875 0.363086 0.104688 0.250391
0 0.152246 0.886719 0.0794922 0.0703125
0 0.757812 0.386621 0.034375 0.126758
0 0.26875 0.497656 0.1875 0.297656
0 0.552734 0.913281 0.046875 0.134375
0 0.528516 0.855469 0.138281 0.289062
0 0.724609 0.298242 0.0539063 0.145703
0 0.760156 0.484766 0.0328125 0.102344
0 0.753125 0.471875 0.0375 0.165625
0 0.536719 0.935938 0.08125 0.128125
0 0.243164 0.607031 0.14375 0.417188
0 0.264648 0.748828 0.211719 0.427344
0 0.428809 0.91875 0.308008 0.1625
0 0.224414 0.185938 0.103125 0.371875
0 0.487891 0.892969 0.186719 0.214062
0 0.180078 0.215283 0.202344 0.30459
0 0.735938 0.340234 0.065625 0.124219
0 0.760938 0.441309 0.034375 0.245508
0 0.270264 0.258984 0.365723 0.494531
0 0.194531 0.0849609 0.0589844 0.141211
0 0.71875 0.283398 0.0625 0.130469
0 0.261328 0.427344 0.178906 0.302344
0 0.559375 0.957031 0.0382813 0.0859375
0 0.567187 0.910156 0.03125 0.109375
0 0.39375 0.428809 0.139844 0.176758
0 0.713281 0.296484 0.0921875 0.1625
0 0.69375 0.131738 0.04375 0.0716797
0 0.717969 0.295703 0.140625 0.522656
0 0.740625 0.404785 0.040625 0.249805
0 0.133398 0.902344 0.0339844 0.0484375
0 0.366797 0.923438 0.0546875 0.078125
0 0.35 0.647656 0.0617188 0.0890625
0 0.193311 0.348828 0.17041 0.432031
0 0.732031 0.31543 0.053125 0.155078
0 0.267578 0.578906 0.175 0.107813
0 0.226562 0.448438 0.0640625 0.0765625
0 0.378223 0.926562 0.0326172 0.0625
0 0.450781 0.440234 0.0320312 0.0734375
0 0.672656 0.319727 0.028125 0.0550781
0 0.710156 0.479297 0.129688 0.409375
0 0.382812 0.530078 0.155469 0.375781
0 0.709375 0.243555 0.0351562 0.0785156
0 0.288867 0.766797 0.178516 0.466406
0 0.135742 0.892188 0.0453125 0.059375
0 0.307227 0.547656 0.114453 0.303125
0 0.453906 0.448438 0.0296875 0.05625
0 0.361523 0.438672 0.112109 0.203906
0 0.748828 0.368359 0.0570313 0.1625
0 0.353516 0.634375 0.0789063 0.126563
0 0.287891 0.577734 0.148438 0.3
0 0.30332 0.855469 0.179297 0.209375
0 0.692187 0.255908 0.151562 0.344434
0 0.689063 0.10127 0.04375 0.0814453
0 0.723437 0.322461 0.0921875 0.134766
0 0.36875 0.536719 0.090625 0.1
0 0.695312 0.245752 0.0734375 0.353027
0 0.56875 0.882812 0.0296875 0.1375
0 0.567187 0.381152 0.0296875 0.0517578
0 0.338477 0.925781 0.0996094 0.0703125
0 0.55 0.946094 0.046875 0.107813
0 0.32793 0.485156 0.0402344 0.100781
0 0.379688 0.540625 0.06875 0.06875
0 0.5875 0.727344 0.0265625 0.040625
0 0.208643 0.445215 0.124902 0.325195
0 0.233203 0.557813 0.0859375 0.121094
0 0.14248 0.0474609 0.175586 0.0761719
0 0.235938 0.240967 0.10625 0.390723
0 0.330469 0.610156 0.0445313 0.117188
0 0.130249 0.0892334 0.199658 0.153174
0 0.351562 0.921875 0.0726563 0.08125
0 0.314453 0.607031 0.0828125 0.140625
0 0.15625 0.167187 0.132422 0.110937
0 0.688672 0.124414 0.0414063 0.0613281
0 0.228906 0.244141 0.0632813 0.109375
0 0.245312 0.29375 0.124219 0.425
0 0.74375 0.4875 0.0546875 0.149219
0 0.23418 0.425 0.123828 0.276563
0 0.202539 0.046582 0.0542969 0.0761719
0 0.560156 0.864062 0.04375 0.173438
0 0.548828 0.958594 0.0554687 0.0828125
0 0.358594 0.655469 0.0734375 0.084375
0 0.7125 0.252344 0.0421875 0.110547
0 0.735156 0.357812 0.0578125 0.175781
0 0.382422 0.91875 0.0390625 0.071875
0 0.686719 0.113281 0.040625 0.0664062
0 0.744922 0.518359 0.053125 0.09375
0 0.365625 0.642969 0.0625 0.0898438
0 0.372266 0.928125 0.0421875 0.065625
0 0.692187 0.112305 0.0484375 0.0953125
0 0.673047 0.312891 0.0320312 0.0703125
0 0.587109 0.735938 0.0296875 0.0578125
0 0.324023 0.474219 0.0328125 0.075
0 0.242969 0.459473 0.275781 0.770117
0 0.213623 0.214648 0.278223 0.408984
0 0.382031 0.91875 0.0320312 0.059375
0 0.221289 0.617578 0.112109 0.430469
0 0.251758 0.282617 0.0464844 0.107422
0 0.584766 0.749219 0.0320312 0.071875
0 0.513281 0.966797 0.120313 0.0664062
0 0.250586 0.651172 0.172266 0.441406
0 0.165234 0.832031 0.1 0.182812
0 0.344531 0.782813 0.485938 0.401563
0 0.446875 0.427734 0.0375 0.084375
0 0.591406 0.728906 0.0242188 0.0359375
0 0.20918 0.527344 0.0761719 0.19375
0 0.196875 0.841406 0.148047 0.14375
0 0.187305 0.0949219 0.0613281 0.148438
0 0.738281 0.323633 0.05 0.129297
0 0.153516 0.859375 0.0828125 0.134375
0 0.311523 0.601562 0.0636719 0.121875
0 0.746094 0.465625 0.0578125 0.2125
0 0.714063 0.25625 0.0421875 0.0757812
0 0.567187 0.86875 0.0375 0.1875
0 0.199023 0.5375 0.0527344 0.189844
0 0.512891 0.947656 0.122656 0.104688
0 0.244531 0.277734 0.046875 0.109375
0 0.500781 0.816992 0.201563 0.356641
0 0.204297 0.46875 0.084375 0.096875
0 0.237109 0.447656 0.0507812 0.06875
0 0.737891 0.664453 0.0445313 0.06875
0 0.192139 0.471875 0.0540039 0.0734375
0 0.583594 0.770312 0.028125 0.0421875
0 0.178711 0.0543457 0.0976562 0.090918
0 0.698047 0.129297 0.0679687 0.108203
0 0.338281 0.628125 0.09375 0.15625
0 0.232813 0.258008 0.0570313 0.110547
0 0.221875 0.439844 0.08125 0.123438
0 0.555469 0.488281 0.0453125 0.0507812
0 0.129883 0.898438 0.0339844 0.046875
0 0.332813 0.357422 0.0648438 0.0867188
0 0.353125 0.517969 0.0859375 0.153125
0 0.7 0.319922 0.134375 0.234375
0 0.294922 0.455566 0.238281 0.329492
0 0.685156 0.678125 0.0609375 0.0609375
0 0.238281 0.685156 0.0589844 0.115625
0 0.225391 0.408203 0.413281 0.803906
0 0.390723 0.534375 0.0498047 0.06875
0 0.298438 0.895312 0.192969 0.132812
0 0.380469 0.630469 0.0375 0.121094
0 0.567187 0.395313 0.0359375 0.0867188
0 0.669531 0.667188 0.0234375 0.0335938
0 0.326172 0.457813 0.0421875 0.151562
0 0.367578 0.928125 0.0648438 0.096875
0 0.351953 0.664062 0.0328125 0.0734375
0 0.313672 0.585156 0.0523438 0.0625
0 0.389844 0.94375 0.138281 0.1125
0 0.394434 0.538281 0.0392578 0.0523438
0 0.308398 0.613672 0.111719 0.145313
0 0.748438 0.662109 0.0273438 0.0507812
0 0.232031 0.845313 0.232031 0.173438
0 0.177539 0.178516 0.159766 0.149219
0 0.673828 0.306836 0.034375 0.10625
0 0.353125 0.934375 0.08125 0.0546875
0 0.722266 0.304688 0.0851563 0.363281
0 0.367773 0.465625 0.114453 0.167969
0 0.387598 0.543359 0.0513672 0.0632813
0 0.143945 0.178711 0.135937 0.0929688
0 0.565234 0.383594 0.0304688 0.065625
0 0.571094 0.402734 0.0421875 0.102344
0 0.334766 0.494531 0.0476562 0.114063
0 0.553125 0.857617 0.053125 0.194141
0 0.440625 0.432031 0.0421875 0.0960938
0 0.219727 0.585938 0.0457031 0.0640625
0 0.257031 0.300781 0.0523438 0.090625
0 0.210156 0.146191 0.117188 0.286523
0 0.177344 0.154492 0.117188 0.138281
0 0.273438 0.59375 0.130469 0.0984375
0 0.34082 0.512891 0.0515625 0.101562
0 0.363281 0.520703 0.0882813 0.125781
0 0.428223 0.958594 0.323242 0.0828125
0 0.694922 0.697656 0.0421875 0.0421875
0 0.685938 0.289258 0.0609375 0.144141
0 0.136621 0.181445 0.0974609 0.0792969
0 0.20332 0.090332 0.0425781 0.118555
0 0.270313 0.286768 0.159375 0.277246
0 0.250586 0.294141 0.0566406 0.107031
0 0.201172 0.0717773 0.0546875 0.128711
0 0.185938 0.478125 0.0394531 0.0640625
0 0.175439 0.882812 0.15459 0.065625
0 0.313086 0.776953 0.153516 0.446094
0 0.168164 0.895312 0.119531 0.05625
0 0.127441 0.185742 0.0671875 0.0722656
0 0.698438 0.14043 0.0390625 0.0671875
0 0.240234 0.44375 0.0902344 0.110937
0 0.213672 0.58125 0.0351562 0.053125
0 0.670313 0.666406 0.03125 0.0375
0 0.396191 0.891406 0.376367 0.2
0 0.237109 0.274219 0.0632813 0.142969
0 0.699609 0.278906 0.0757812 0.141406
0 0.326562 0.582031 0.0363281 0.0523438
0 0.164551 0.869531 0.100977 0.123438
0 0.3625 0.386816 0.203906 0.245117
0 0.229687 0.257227 0.0679687 0.146484
0 0.762109 0.476562 0.0476562 0.125
0 0.241797 0.428125 0.101562 0.1125
0 0.443359 0.419141 0.04375 0.0882813
0 0.367188 0.673438 0.0546875 0.0546875
0 0.283984 0.901563 0.046875 0.0625
0 0.690234 0.191211 0.0664062 0.251953
0 0.674219 0.296484 0.0421875 0.108594
0 0.222656 0.236328 0.0546875 0.0929688
0 0.547656 0.90625 0.0609375 0.15
0 0.401563 0.968359 0.151562 0.0632813
0 0.426563 0.12832 0.0585938 0.0730469
0 0.345117 0.53291 0.111328 0.34043
0 0.390625 0.556641 0.0484375 0.0914062
0 0.132617 0.129102 0.184375 0.241406
0 0.338281 0.501172 0.0589844 0.15
0 0.386035 0.624219 0.0357422 0.126563
0 0.56875 0.9 0.0265625 0.090625
0 0.297266 0.310352 0.150781 0.113672
0 0.173926 0.140625 0.0966797 0.139453
0 0.344922 0.434277 0.0789063 0.22832
0 0.642969 0.516797 0.025 0.0421875
0 0.148853 0.0371094 0.168701 0.0533203
0 0.434375 0.143164 0.0507812 0.0484375
0 0.358594 0.657031 0.498437 0.675
0 0.213721 0.600684 0.356934 0.686133
0 0.446094 0.642188 0.609375 0.685938
0 0.305908 0.374219 0.370996 0.719531
0 0.723437 0.325391 0.0945313 0.157813
0 0.260156 0.833008 0.288281 0.230859
0 0.152832 0.882031 0.0794922 0.0796875
0 0.546875 0.923047 0.071875 0.153906
0 0.55625 0.917188 0.0507812 0.123438
0 0.660937 0.398828 0.226562 0.301563
0 0.735156 0.341406 0.0890625 0.184375
0 0.725391 0.355273 0.0984375 0.220703
0 0.528516 0.850195 0.146094 0.299609
0 0.741406 0.339258 0.0539063 0.112109
0 0.485156 0.848828 0.235938 0.302344
0 0.701563 0.321484 0.134375 0.164062
0 0.691406 0.231055 0.155469 0.398047
0 0.748828 0.348438 0.0382813 0.0898438
0 0.151562 0.0957275 0.179688 0.183154
0 0.746094 0.407031 0.0671875 0.272656
0 0.724219 0.405078 0.103125 0.294531
0 0.352734 0.755469 0.488281 0.48125
0 0.692969 0.294336 0.150781 0.213672
0 0.239063 0.560547 0.109375 0.125781
0 0.45791 0.507031 0.635742 0.526563
0 0.564844 0.494531 0.0390625 0.04375
0 0.717969 0.273828 0.0984375 0.258594
0 0.7125 0.228125 0.114063 0.45625
0 0.528906 0.923438 0.107031 0.153125
0 0.695703 0.349219 0.153906 0.213281
0 0.172852 0.124707 0.180078 0.249414
0 0.154199 0.0462891 0.17168 0.0779297
0 0.168555 0.0765869 0.139844 0.144092
0 0.557813 0.932813 0.0390625 0.103125
0 0.547656 0.839258 0.103125 0.321484
0 0.75625 0.376172 0.034375 0.100781
0 0.260938 0.895312 0.288281 0.1375
0 0.193164 0.080957 0.0964844 0.151367
0 0.619922 0.385059 0.313281 0.318945
0 0.552344 0.935938 0.046875 0.128125
0 0.671094 0.324023 0.196875 0.161328
0 0.198047 0.111133 0.123828 0.221484
0 0.136035 0.0803711 0.193945 0.148047
0 0.224951 0.792383 0.216504 0.312109
0 0.349219 0.653906 0.0328125 0.065625
0 0.425684 0.43291 0.701758 0.499805
0 0.338672 0.414941 0.376563 0.404492
0 0.264795 0.751172 0.207129 0.449219
0 0.752344 0.357422 0.0335938 0.0867188
0 0.196826 0.78125 0.168066 0.3
0 0.25293 0.653125 0.278516 0.609375
0 0.267529 0.550391 0.186035 0.317969
0 0.264453 0.667578 0.204688 0.288281
0 0.554688 0.958203 0.04375 0.0835937
0 0.40625 0.436328 0.203125 0.274219
0 0.323828 0.917969 0.130469 0.103125
0 0.240625 0.411328 0.438281 0.802344
0 0.571094 0.489844 0.046875 0.0578125
0 0.6625 0.347266 0.225 0.209375
0 0.262305 0.865625 0.272266 0.175
0 0.707031 0.413965 0.135937 0.31582
0 0.25957 0.792188 0.290234 0.34375
0 0.339063 0.619922 0.0515625 0.11875
0 0.694531 0.385059 0.171875 0.311133
0 0.724219 0.297461 0.065625 0.148438
0 0.560156 0.957031 0.03125 0.078125
0 0.227344 0.550781 0.100781 0.135156
0 0.741016 0.346875 0.0421875 0.141406
0 0.212695 0.446875 0.1 0.126563
0 0.255859 0.577344 0.132812 0.148438
0 0.708594 0.645312 0.110937 0.15
0 0.373828 0.924219 0.0390625 0.0625
0 0.716797 0.248389 0.103125 0.356348
0 0.268359 0.576563 0.174219 0.115625
0 0.732813 0.340234 0.06875 0.155469
0 0.533203 0.617578 0.494531 0.764844
0 0.138647 0.0389648 0.169189 0.0642578
0 0.711719 0.286328 0.0953125 0.146875
0 0.507812 0.919922 0.142188 0.160156
0 0.296875 0.610938 0.137891 0.190625
0 0.140259 0.126953 0.198389 0.253906
0 0.189063 0.147949 0.3 0.282617
0 0.453809 0.474219 0.295508 0.26875
0 0.465234 0.461328 0.653906 0.324219
0 0.130273 0.0435425 0.260547 0.0826416
0 0.343359 0.639844 0.040625 0.0859375
0 0.587891 0.45625 0.380469 0.435937
0 0.3875 0.480469 0.160156 0.321875
0 0.751172 0.375781 0.034375 0.157813
0 0.167187 0.860938 0.113672 0.125
0 0.677734 0.448535 0.200781 0.410742
0 0.732813 0.310937 0.059375 0.140625
0 0.208789 0.0475098 0.145703 0.0905273
0 0.333594 0.617188 0.0710938 0.140625
0 0.368359 0.921094 0.05 0.078125
0 0.19458 0.153125 0.141309 0.30625
0 0.217578 0.446875 0.0890625 0.0921875
0 0.154395 0.0354614 0.13457 0.0554443
0 0.279687 0.617969 0.167187 0.2375
0 0.255908 0.517188 0.170215 0.248438
0 0.202344 0.449219 0.1125 0.15
0 0.558203 0.494531 0.0507812 0.0640625
0 0.375781 0.533594 0.084375 0.09375
0 0.388281 0.538281 0.0570313 0.06875
0 0.670313 0.265625 0.198437 0.278906
0 0.211328 0.030481 0.0359375 0.0435303
0 0.403125 0.534766 0.0328125 0.0484375
0 0.221924 0.533594 0.107715 0.185938
0 0.603906 0.299219 0.3375 0.485938
0 0.438672 0.525391 0.241406 0.372656
0 0.435547 0.431348 0.260156 0.238867
0 0.183984 0.217578 0.181641 0.38125
0 0.322461 0.60625 0.059375 0.120313
0 0.217969 0.123828 0.115625 0.24375
0 0.32832 0.433594 0.299609 0.271094
0 0.362109 0.448828 0.108594 0.191406
0 0.756641 0.414746 0.0398437 0.195508
0 0.386328 0.399219 0.171875 0.192969
0 0.150781 0.169531 0.232813 0.325781
0 0.526953 0.500781 0.110937 0.0703125
0 0.395313 0.532813 0.0453125 0.0671875
0 0.231445 0.179102 0.380078 0.341016
0 0.166699 0.0439453 0.119336 0.0730469
0 0.297656 0.562891 0.139844 0.269531
0 0.188232 0.0308105 0.0774414 0.0444336
0 0.40166 0.321875 0.738867 0.611719
0 0.532813 0.489844 0.103125 0.0851563
0 0.322656 0.516797 0.271094 0.430469
0 0.562109 0.482812 0.0460938 0.0640625
0 0.555078 0.947656 0.0367188 0.104688
0 0.398828 0.5375 0.0460938 0.053125
0 0.478125 0.93125 0.203125 0.1375
0 0.201221 0.0405396 0.0530273 0.0671631
0 0.156641 0.0608398 0.135156 0.107227
0 0.226172 0.83125 0.221875 0.1875
0 0.540625 0.940625 0.0703125 0.11875
0 0.496484 0.45 0.552344 0.439063
0 0.71875 0.278906 0.0625 0.132031
0 0.666406 0.524121 0.217188 0.370508
0 0.233252 0.507812 0.122559 0.225
0 0.741406 0.375781 0.0390625 0.192969
0 0.387891 0.21543 0.775781 0.417578
0 0.748438 0.347852 0.053125 0.104297
0 0.667188 0.317188 0.209375 0.45
0 0.349609 0.656641 0.04375 0.0742188
0 0.177295 0.85625 0.15791 0.11875
0 0.308203 0.601172 0.0785156 0.134375
0 0.142773 0.884375 0.0607422 0.071875
0 0.285547 0.498828 0.214062 0.386719
0 0.532031 0.847852 0.103125 0.304297
0 0.38125 0.526953 0.153125 0.45
0 0.565625 0.499219 0.05 0.06875
0 0.322461 0.588672 0.0472656 0.075
0 0.368164 0.929688 0.0425781 0.059375
0 0.314844 0.584766 0.053125 0.0632813
0 0.258984 0.0467285 0.225 0.0874023
0 0.507031 0.967188 0.149219 0.065625
0 0.269873 0.480371 0.190723 0.30332
0 0.337695 0.81875 0.523047 0.348438
0 0.760156 0.403809 0.0375 0.14082
0 0.169336 0.879687 0.135937 0.071875
0 0.219971 0.489844 0.11084 0.192188
0 0.329297 0.355859 0.0851563 0.0992187
0 0.671875 0.305664 0.0328125 0.0738281
0 0.559375 0.497656 0.0453125 0.0484375
0 0.564063 0.9 0.034375 0.109375
0 0.361328 0.530078 0.0976562 0.115625
0 0.357422 0.923438 0.0664062 0.08125
0 0.420312 0.922266 0.329688 0.155469
0 0.327148 0.596875 0.0445313 0.090625
0 0.380078 0.923438 0.028125 0.05625
0 0.407031 0.5375 0.0414063 0.0609375
0 0.389844 0.389453 0.0828125 0.0789063
0 0.573438 0.478906 0.0484375 0.0734375
0 0.665625 0.461328 0.217188 0.291406
0 0.163672 0.155664 0.117578 0.130859
0 0.392578 0.552344 0.0585938 0.0984375
0 0.366797 0.928906 0.0601563 0.0890625
0 0.217139 0.0919922 0.102441 0.173438
0 0.554297 0.481641 0.0515625 0.071875
0 0.309375 0.592969 0.0644531 0.10625
0 0.131738 0.8875 0.0410156 0.06875
0 0.122656 0.0615723 0.232813 0.110059
0 0.351953 0.424609 0.1 0.220313
0 0.302734 0.565625 0.425 0.589063
0 0.335547 0.929688 0.108594 0.0765625
0 0.181836 0.0415039 0.0898438 0.0689453
0 0.174512 0.140137 0.0951172 0.129883
0 0.1375 0.0019043 0.230469 0.00380859
0 0.7375 0.300586 0.10625 0.216797
0 0.230273 0.435156 0.059375 0.0796875
0 0.225781 0.442969 0.0710938 0.0765625
0 0.520312 0.950391 0.110937 0.0992187
0 0.292529 0.413184 0.236035 0.236133
0 0.626563 0.273242 0.109375 0.0882813
0 0.454297 0.954688 0.259375 0.090625
0 0.194971 0.819531 0.161621 0.215625
0 0.673438 0.293945 0.0375 0.0957031
0 0.682813 0.5625 0.18125 0.324219
0 0.384766 0.941406 0.124219 0.117188
0 0.46084 0.444922 0.29082 0.194531
0 0.717188 0.484766 0.117188 0.39375
0 0.207227 0.461719 0.0917969 0.096875
0 0.469531 0.944531 0.217188 0.110937
0 0.694531 0.471094 0.1625 0.341406
0 0.218945 0.0324219 0.0503906 0.0498047
0 0.376563 0.387109 0.101562 0.0867188
0 0.22168 0.430078 0.0707031 0.107031
0 0.489844 0.881445 0.192188 0.237109
0 0.189453 0.0019165 0.256641 0.00383301
0 0.241016 0.677344 0.0585938 0.115625
0 0.369727 0.854688 0.455859 0.284375
0 0.345703 0.366797 0.114844 0.107031
0 0.312109 0.581641 0.0691406 0.078125
0 0.227295 0.465625 0.110254 0.171875
0 0.353906 0.512109 0.0953125 0.164844
0 0.276758 0.603125 0.123047 0.14375
0 0.198437 0.0530273 0.0617188 0.0990234
0 0.282813 0.5875 0.117969 0.0757812
0 0.364453 0.382422 0.132812 0.128125
0 0.195703 0.0728027 0.0710938 0.140332
0 0.17002 0.175049 0.138086 0.151465
0 0.708594 0.550098 0.134375 0.407617
0 0.325781 0.58125 0.0363281 0.053125
0 0.512891 0.934766 0.124219 0.130469
0 0.249414 0.342578 0.183203 0.427344
0 0.712109 0.259766 0.0414063 0.078125
0 0.305469 0.611328 0.114063 0.142969
0 0.154004 0.848437 0.0869141 0.154688
0 0.467578 0.966406 0.264844 0.0671875
0 0.217969 0.177734 0.155859 0.355469
0 0.325 0.464844 0.0390625 0.109375
0 0.189453 0.0495605 0.0726563 0.0838867
0 0.565625 0.842578 0.104688 0.314844
0 0.38125 0.521094 0.084375 0.103125
0 0.588281 0.726562 0.03125 0.0453125
0 0.552344 0.789453 0.104688 0.421094
0 0.69375 0.282031 0.0875 0.135156
0 0.592188 0.717578 0.028125 0.0484375
0 0.237891 0.413281 0.131641 0.210938
0 0.516406 0.283203 0.495313 0.528906
0 0.177539 0.877344 0.121484 0.09375
0 0.650781 0.489746 0.26875 0.50957
0 0.293164 0.590625 0.0921875 0.107813
0 0.129297 0.0451294 0.170313 0.0847412
0 0.326953 0.473047 0.0398437 0.0828125
0 0.708594 0.24375 0.034375 0.071875
0 0.209375 0.278125 0.185156 0.490625
0 0.195508 0.228125 0.327344 0.442188
0 0.293555 0.624219 0.15625 0.136719
0 0.169629 0.835156 0.123242 0.164062
0 0.169531 0.884375 0.115234 0.053125
0 0.358594 0.575781 0.417969 0.53125
0 0.211719 0.0398926 0.0625 0.0680664
0 0.234766 0.449609 0.0703125 0.0796875
0 0.419531 0.851172 0.328906 0.297656
0 0.216846 0.879687 0.200684 0.0921875
0 0.676562 0.579688 0.2125 0.684375
0 0.396875 0.589063 0.0632813 0.177344
0 0.103418 0.039563 0.131055 0.0650147
0 0.574219 0.489844 0.0546875 0.0890625
0 0.207813 0.341211 0.153125 0.454297
0 0.240576 0.870313 0.171973 0.109375
0 0.254248 0.160742 0.173535 0.321484
0 0.457715 0.908594 0.254883 0.182812
0 0.271094 0.583203 0.140625 0.0914062
0 0.546094 0.903125 0.0640625 0.15625
0 0.657031 0.306641 0.0640625 0.0953125
0 0.250977 0.00214844 0.212891 0.00429688
0 0.399609 0.534375 0.0695313 0.084375
0 0.734766 0.272656 0.108594 0.301563
0 0.288086 0.539062 0.175391 0.372656
0 0.198096 0.0281738 0.0655273 0.0385742
0 0.552734 0.898438 0.0453125 0.121875
0 0.428125 0.962109 0.329688 0.0757812
0 0.346289 0.3875 0.257422 0.190625
0 0.592578 0.727344 0.0257812 0.0398437
0 0.192578 0.130078 0.06875 0.110937
0 0.247266 0.00227051 0.296875 0.00454102
0 0.250586 0.277344 0.387891 0.535937
0 0.229297 0.564844 0.0804688 0.108594
0 0.232227 0.434766 0.0855469 0.09375
0 0.705469 0.270313 0.0421875 0.116406
0 0.683594 0.207813 0.121875 0.415625
0 0.332813 0.578125 0.0585938 0.134375
0 0.489063 0.602344 0.240625 0.340625
0 0.0662109 0.0497925 0.119531 0.0892822
0 0.206445 0.507031 0.138672 0.229687
0 0.415234 0.954688 0.167969 0.090625
0 0.253906 0.396484 0.166406 0.229687
0 0.338477 0.6125 0.152734 0.228125
0 0.229297 0.23125 0.193359 0.41875
0 0.33125 0.19668 0.551562 0.372266
0 0.496875 0.914844 0.164062 0.170313
0 0.690625 0.271094 0.170313 0.5375
0 0.291992 0.537109 0.13125 0.149219
0 0.361719 0.890625 0.305469 0.15625
0 0.331445 0.482031 0.0460938 0.110937
0 0.381934 0.916406 0.0330078 0.0515625
0 0.17832 0.0638672 0.0929688 0.123633
0 0.288281 0.626465 0.424219 0.658008
0 0.210938 0.610254 0.325 0.663867
0 0.710938 0.660937 0.101562 0.121875
0 0.665625 0.483203 0.220313 0.485156
0 0.304688 0.328516 0.351562 0.657031
0 0.384375 0.629687 0.589063 0.710938
0 0.725781 0.318359 0.08125 0.157031
0 0.738672 0.336719 0.0632813 0.110156
0 0.555078 0.926562 0.0546875 0.145313
0 0.657813 0.401172 0.228125 0.3125
0 0.698047 0.322656 0.138281 0.15625
0 0.162598 0.88125 0.100977 0.084375
0 0.658203 0.327539 0.219531 0.149609
0 0.239502 0.682813 0.26084 0.492188
0 0.651953 0.365625 0.233594 0.227344
0 0.545313 0.923438 0.06875 0.153125
0 0.718359 0.298242 0.090625 0.201953
0 0.733594 0.331641 0.075 0.142969
0 0.75 0.425391 0.05625 0.46875
0 0.710156 0.678906 0.104688 0.0875
0 0.154297 0.129492 0.126563 0.254297
0 0.69375 0.268555 0.146875 0.244141
0 0.737891 0.329297 0.0835937 0.186719
0 0.321875 0.431934 0.314063 0.356445
0 0.231055 0.783594 0.255859 0.304688
0 0.234766 0.525 0.441406 0.807813
0 0.709375 0.580469 0.114063 0.2875
0 0.70625 0.625 0.121875 0.196875
0 0.457813 0.628516 0.634375 0.742969
0 0.697656 0.531348 0.153125 0.412305
0 0.547656 0.8875 0.06875 0.225
0 0.275977 0.754297 0.180859 0.491406
0 0.467871 0.458594 0.648633 0.397656
0 0.267188 0.580078 0.185938 0.357031
0 0.735938 0.449219 0.0765625 0.560938
0 0.510938 0.921094 0.132812 0.157813
0 0.742969 0.356836 0.078125 0.230078
0 0.714063 0.292383 0.09375 0.136328
0 0.551562 0.939844 0.0515625 0.120313
0 0.713281 0.533984 0.123438 0.500781
0 0.563672 0.916406 0.0375 0.129688
0 0.687109 0.682422 0.0640625 0.0742188
0 0.716016 0.362109 0.103125 0.257031
0 0.514844 0.964844 0.11875 0.0703125
0 0.621094 0.476465 0.298438 0.489258
0 0.281836 0.567187 0.291797 0.74375
0 0.714844 0.332227 0.11875 0.159766
0 0.172461 0.0911865 0.107422 0.170752
0 0.535937 0.900781 0.0875 0.198437
0 0.701563 0.239063 0.128906 0.354688
0 0.717969 0.431348 0.109375 0.438867
0 0.730078 0.402344 0.0820312 0.435937
0 0.122559 0.11543 0.199414 0.221484
0 0.460156 0.511621 0.628125 0.562695
0 0.145117 0.105371 0.157031 0.196289
0 0.657813 0.287109 0.21875 0.207813
0 0.725781 0.302539 0.06875 0.132031
0 0.405078 0.470703 0.466406 0.3375
0 0.326562 0.917188 0.127344 0.1125
0 0.169336 0.157422 0.138672 0.314844
0 0.329297 0.855469 0.496094 0.278125
0 0.233594 0.53125 0.115625 0.257812
0 0.354102 0.833594 0.0433594 0.053125
0 0.388184 0.460254 0.176758 0.30918
0 0.211133 0.457031 0.0957031 0.110937
0 0.539844 0.964063 0.0703125 0.071875
0 0.724609 0.259961 0.0875 0.279297
0 0.689063 0.405469 0.1625 0.324219
0 0.311523 0.572656 0.278516 0.582812
0 0.316211 0.410547 0.285547 0.514844
0 0.677344 0.671875 0.04375 0.0484375
0 0.546484 0.843164 0.0804688 0.313672
0 0.532031 0.85625 0.1 0.2875
0 0.336914 0.725 0.483984 0.535937
0 0.751172 0.373047 0.0351562 0.107031
0 0.753906 0.386719 0.0390625 0.14375
0 0.241797 0.388672 0.375 0.777344
0 0.507812 0.961719 0.153125 0.0765625
0 0.332422 0.625 0.0722656 0.132031
0 0.160352 0.171875 0.114844 0.167187
0 0.559375 0.9375 0.0375 0.125
0 0.249219 0.879687 0.310937 0.145313
0 0.554688 0.951953 0.0390625 0.0960938
0 0.717188 0.238281 0.0984375 0.404687
0 0.218311 0.508594 0.0930664 0.210938
0 0.514844 0.853516 0.151562 0.292969
0 0.335352 0.926562 0.107422 0.08125
0 0.75 0.416504 0.0359375 0.232617
0 0.225 0.539062 0.103906 0.179688
0 0.236328 0.566406 0.100781 0.123438
0 0.746875 0.384766 0.071875 0.335938
0 0.559375 0.9625 0.0335938 0.075
0 0.251611 0.81875 0.293652 0.240625
0 0.719531 0.288477 0.0726563 0.122266
0 0.414844 0.902734 0.330469 0.194531
0 0.481641 0.929297 0.1875 0.141406
0 0.26333 0.354297 0.191309 0.391406
0 0.183154 0.203711 0.166504 0.407422
0 0.674609 0.23125 0.171875 0.31875
0 0.697656 0.646875 0.132812 0.154688
0 0.271094 0.371094 0.132812 0.185938
0 0.199609 0.183398 0.235938 0.344141
0 0.741016 0.345313 0.0484375 0.111719
0 0.75 0.358984 0.03125 0.075
0 0.223828 0.557031 0.104688 0.31875
0 0.672656 0.669922 0.03125 0.0375
0 0.33457 0.494531 0.0578125 0.115625
0 0.450781 0.919531 0.253906 0.160938
0 0.143164 0.884375 0.0605469 0.071875
0 0.176563 0.113672 0.128906 0.21875
0 0.230859 0.346289 0.141406 0.433984
0 0.495313 0.908594 0.170313 0.182812
0 0.326172 0.428906 0.292969 0.260156
0 0.430078 0.394141 0.696094 0.567969
0 0.337891 0.630469 0.0554687 0.114063
0 0.30332 0.470313 0.285547 0.90625
0 0.127637 0.0783203 0.193164 0.143945
0 0.147656 0.177393 0.101953 0.108496
0 0.75 0.525098 0.053125 0.570117
0 0.543359 0.80332 0.110156 0.393359
0 0.312891 0.611719 0.0796875 0.129688
0 0.491797 0.864844 0.182812 0.270313
0 0.270117 0.660156 0.180859 0.303125
0 0.146289 0.147461 0.205469 0.273047
0 0.9 0.00314941 0.2 0.00629883
0 0.344727 0.836719 0.05625 0.0875
0 0.257617 0.572266 0.141797 0.133594
0 0.206836 0.832812 0.193359 0.182812
0 0.246143 0.742188 0.233496 0.420312
0 0.14375 0.0522583 0.190625 0.0880615
0 0.417578 0.446484 0.234375 0.277344
0 0.262549 0.00310059 0.244434 0.00620117
0 0.358203 0.876563 0.0828125 0.146875
0 0.198242 0.444141 0.116016 0.146094
0 0.755859 0.432715 0.0398437 0.237695
0 0.688672 0.660937 0.071875 0.109375
0 0.314844 0.878906 0.153125 0.15625
0 0.458984 0.392578 0.692969 0.417188
0 0.227344 0.488281 0.104297 0.226562
0 0.180469 0.0938477 0.0796875 0.14082
0 0.735547 0.317188 0.0570313 0.135156
0 0.340039 0.496875 0.0738281 0.13125
0 0.212842 0.339453 0.123535 0.482031
0 0.258398 0.682031 0.212109 0.376563
0 0.739062 0.671875 0.046875 0.090625
0 0.717188 0.350781 0.0984375 0.180469
0 0.486719 0.00321045 0.25 0.0064209
0 0.199805 0.525781 0.06875 0.20625
0 0.553125 0.960156 0.0484375 0.0796875
0 0.313672 0.61875 0.103125 0.142969
0 0.572656 0.495313 0.0328125 0.0484375
0 0.883203 0.00267334 0.233594 0.00534668
0 0.536719 0.00319824 0.25 0.00639648
0 0.745703 0.348047 0.0414063 0.0960938
0 0.682031 0.594922 0.175 0.264844
0 0.7 0.289453 0.10625 0.121484
0 0.696484 0.689453 0.0617188 0.0585938
0 0.252295 0.907813 0.318848 0.184375
0 0.435937 0.00307617 0.246094 0.00615234
0 0.347656 0.65625 0.0328125 0.0617188
0 0.83418 0.00302734 0.241016 0.00605469
0 0.231689 0.214844 0.281152 0.404687
0 0.213086 0.478125 0.0859375 0.15625
0 0.724219 0.675781 0.075 0.0875
0 0.368555 0.432813 0.199609 0.24375
0 0.180518 0.780469 0.153027 0.303125
0 0.724219 0.545703 0.1125 0.364844
0 0.742188 0.351172 0.040625 0.140625
0 0.23457 0.590625 0.128906 0.421875
0 0.279297 0.628906 0.123438 0.157813
0 0.138672 0.187891 0.0742188 0.0832031
0 0.671484 0.302344 0.0328125 0.0820312
0 0.251758 0.488672 0.155469 0.258594
0 0.585156 0.513379 0.376563 0.568555
0 0.624219 0.00301514 0.246875 0.00603027
0 0.282031 0.892188 0.0679687 0.0890625
0 0.349805 0.828125 0.0535156 0.09375
0 0.735938 0.298828 0.1 0.210938
0 0.218555 0.583594 0.0480469 0.0578125
0 0.35957 0.926562 0.0621094 0.0734375
0 0.313281 0.00325928 0.253125 0.00651855
0 0.383984 0.0029541 0.239063 0.0059082
0 0.748438 0.659375 0.0296875 0.0554687
0 0.384375 0.532129 0.158594 0.460742
0 0.424121 0.86875 0.31582 0.2625
0 0.711328 0.478906 0.158594 0.496875
0 0.328516 0.483203 0.0460938 0.104688
0 0.130859 0.188721 0.0601563 0.0725586
0 0.224219 0.553125 0.0953125 0.125
0 0.45791 0.951563 0.245117 0.096875
0 0.741406 0.391016 0.0382813 0.199219
0 0.207422 0.553906 0.0671875 0.121875
0 0.384473 0.319531 0.766992 0.602344
0 0.268164 0.583594 0.18125 0.125
0 0.733594 0.539453 0.0890625 0.446094
0 0.370313 0.921875 0.0523438 0.071875
0 0.68125 0.667578 0.05625 0.0828125
0 0.341406 0.64375 0.0429688 0.0929688
0 0.546875 0.910937 0.059375 0.125
0 0.571094 0.496875 0.0273438 0.0390625
0 0.28457 0.729688 0.151562 0.385938
0 0.35 0.88125 0.298438 0.1625
0 0.185547 0.279687 0.171875 0.503125
0 0.235986 0.309375 0.293652 0.595313
0 0.325 0.467969 0.0386719 0.075
0 0.260938 0.00194092 0.161719 0.00388184
0 0.388672 0.233594 0.777344 0.467187
0 0.276367 0.470996 0.217578 0.329883
0 0.351953 0.860938 0.0664062 0.11875
0 0.899219 0.00185547 0.1625 0.00371094
0 0.222656 0.567187 0.0757812 0.0984375
0 0.303516 0.620703 0.119531 0.217188
0 0.289648 0.621484 0.144141 0.332031
0 0.274219 0.611328 0.151562 0.155469
0 0.358789 0.467969 0.108984 0.189063
0 0.224268 0.00280762 0.183496 0.00561523
0 0.129883 0.890625 0.040625 0.075
0 0.191406 0.0737305 0.0671875 0.14668
0 0.474219 0.00178223 0.1625 0.00356445
0 0.511328 0.00179443 0.161719 0.00358887
0 0.156641 0.0670898 0.141406 0.118945
0 0.218408 0.437109 0.0874023 0.132031
0 0.166602 0.187451 0.180078 0.302441
0 0.233008 0.460254 0.116797 0.291992
0 0.24375 0.582812 0.120703 0.132812
0 0.344922 0.650391 0.0367188 0.0773438
0 0.228516 0.610156 0.261719 0.639063
0 0.235547 0.75 0.248047 0.373437
0 0.299219 0.628125 0.395313 0.640625
0 0.353125 0.629004 0.485938 0.741992
0 0.264014 0.697656 0.31416 0.501563
0 0.427344 0.635547 0.695312 0.711719
0 0.713281 0.654688 0.104688 0.125
0 0.665234 0.476172 0.219531 0.488281
0 0.219531 0.82793 0.217188 0.200391
0 0.348438 0.75 0.475781 0.5
0 0.221875 0.595313 0.403125 0.676562
0 0.728906 0.327734 0.0890625 0.133594
0 0.142969 0.131738 0.174609 0.250977
0 0.740625 0.339453 0.0640625 0.113281
0 0.659375 0.404297 0.223438 0.300781
0 0.282422 0.392969 0.427344 0.785937
0 0.714063 0.322266 0.103125 0.155469
0 0.555469 0.928125 0.0617188 0.14375
0 0.27207 0.755469 0.191016 0.392188
0 0.717578 0.420215 0.114844 0.308008
0 0.523047 0.926562 0.117969 0.146875
0 0.710938 0.598437 0.120313 0.24375
0 0.695703 0.313281 0.142969 0.171875
0 0.167578 0.879687 0.112891 0.0828125
0 0.664844 0.328516 0.20625 0.147656
0 0.655859 0.365625 0.225781 0.214844
0 0.367578 0.857031 0.432031 0.285938
0 0.714844 0.288281 0.0953125 0.146094
0 0.519531 0.960156 0.115625 0.0796875
0 0.739062 0.416309 0.08125 0.323633
0 0.703516 0.554688 0.142969 0.328906
0 0.525098 0.474609 0.501367 0.503125
0 0.717578 0.374219 0.102344 0.235156
0 0.695703 0.398438 0.155469 0.289062
0 0.386719 0.444922 0.158594 0.280469
0 0.705078 0.335156 0.130469 0.155469
0 0.713672 0.520312 0.125781 0.435156
0 0.747656 0.428906 0.0625 0.403125
0 0.663281 0.298242 0.20625 0.177734
0 0.723437 0.465625 0.10625 0.503125
0 0.331641 0.9125 0.139063 0.1125
0 0.544531 0.925 0.078125 0.15
0 0.321484 0.458594 0.034375 0.0609375
0 0.281641 0.895312 0.0820312 0.084375
0 0.726562 0.299805 0.071875 0.133594
0 0.330859 0.625781 0.0820312 0.132812
0 0.218359 0.584766 0.0484375 0.0539063
0 0.314453 0.884375 0.166406 0.15
0 0.301904 0.348242 0.38291 0.501953
0 0.711719 0.678516 0.109375 0.0804688
0 0.168164 0.117871 0.121094 0.223242
0 0.316406 0.429297 0.310937 0.250781
0 0.154688 0.883594 0.0871094 0.0703125
0 0.535937 0.850781 0.132812 0.298438
0 0.564063 0.9125 0.0375 0.11875
0 0.576563 0.489453 0.034375 0.0460938
0 0.255469 0.892188 0.151562 0.096875
0 0.538672 0.880273 0.0953125 0.239453
0 0.676562 0.669531 0.040625 0.0492188
0 0.714453 0.353516 0.117188 0.173438
0 0.268359 0.582812 0.192188 0.35
0 0.217383 0.458984 0.0933594 0.107031
0 0.205078 0.417578 0.374219 0.835156
0 0.543359 0.9625 0.0695313 0.075
0 0.556641 0.946484 0.0453125 0.107031
0 0.18418 0.0966797 0.0878906 0.178516
0 0.245264 0.86875 0.298535 0.153125
0 0.688281 0.676562 0.0671875 0.0703125
0 0.342969 0.921875 0.109375 0.0875
0 0.391406 0.542188 0.0625 0.0640625
0 0.412891 0.904688 0.341406 0.190625
0 0.572266 0.49375 0.0320312 0.0453125
0 0.328125 0.475781 0.046875 0.096875
0 0.142773 0.89375 0.0585938 0.053125
0 0.671484 0.316406 0.0335938 0.0609375
0 0.163281 0.164648 0.208203 0.316797
0 0.39375 0.539844 0.0492188 0.0523438
0 0.133984 0.886719 0.0464844 0.06875
0 0.398438 0.535937 0.034375 0.0445313
0 0.23457 0.528906 0.130859 0.24375
0 0.551562 0.960938 0.0484375 0.078125
0 0.132031 0.895312 0.0427734 0.05625
0 0.498437 0.926562 0.159375 0.146875
0 0.271045 0.351953 0.194629 0.325781
0 0.732813 0.346875 0.078125 0.152344
0 0.130664 0.898438 0.0347656 0.040625
0 0.213477 0.579688 0.0449219 0.0570313
0 0.442188 0.921875 0.275 0.15625
0 0.287109 0.89375 0.0601563 0.078125
0 0.719531 0.671875 0.090625 0.1
0 0.691016 0.649219 0.15 0.140625
0 0.339844 0.628906 0.059375 0.11875
0 0.649609 0.349609 0.183594 0.15625
0 0.705469 0.318359 0.109375 0.0820312
0 0.721875 0.304102 0.09375 0.202734
0 0.335156 0.490625 0.0613281 0.128125
0 0.671094 0.665625 0.0296875 0.0375
0 0.45625 0.951172 0.245312 0.0976562
0 0.403125 0.534375 0.0296875 0.040625
0 0.737109 0.652344 0.0585938 0.125
0 0.100684 0.179248 0.0810547 0.0938477
0 0.247266 0.564063 0.124609 0.13125
0 0.378223 0.542578 0.0544922 0.0648438
0 0.221484 0.585938 0.0601563 0.0734375
0 0.109351 0.185596 0.103174 0.113965
0 0.224219 0.6 0.0640625 0.08125
0 0.3875 0.54834 0.157813 0.386133
0 0.216748 0.509375 0.103223 0.204688
0 0.276904 0.407031 0.21416 0.207031
0 0.702344 0.298242 0.11875 0.119922
0 0.280273 0.46875 0.229297 0.322656
0 0.289062 0.733203 0.147656 0.355469
0 0.674219 0.323242 0.0328125 0.0488281
0 0.211133 0.0268555 0.03125 0.0376953
0 0.206836 0.0417847 0.0417969 0.0720947
0 0.133398 0.101733 0.187109 0.187158
0 0.73125 0.310742 0.0539063 0.120703
0 0.684375 0.624219 0.167187 0.190625
0 0.667969 0.310156 0.0460938 0.0878906
0 0.735938 0.326562 0.0578125 0.109375
0 0.480859 0.848437 0.236719 0.303125
0 0.559375 0.9625 0.0375 0.075
0 0.750391 0.388184 0.0484375 0.151758
0 0.364844 0.925781 0.059375 0.071875
0 0.707031 0.333203 0.117188 0.111719
0 0.69375 0.685156 0.0515625 0.059375
0 0.322852 0.459375 0.0386719 0.0796875
0 0.555469 0.913281 0.0484375 0.121875
0 0.183594 0.474219 0.0378906 0.0578125
0 0.744922 0.346094 0.046875 0.104688
0 0.298047 0.628906 0.148438 0.145313
0 0.367188 0.423438 0.199219 0.224219
0 0.271875 0.675 0.18125 0.271875
0 0.222852 0.575781 0.0675781 0.0804688
0 0.311328 0.610938 0.1125 0.128125
0 0.102637 0.174414 0.0644531 0.0792969
0 0.748438 0.520312 0.059375 0.554688
0 0.564844 0.894531 0.034375 0.08125
0 0.17168 0.217188 0.224219 0.385938
0 0.197607 0.464063 0.0625977 0.0734375
0 0.214648 0.441797 0.102344 0.129688
0 0.424609 0.546973 0.517188 0.507617
0 0.478516 0.947656 0.185156 0.104688
0 0.45166 0.501172 0.654492 0.550781
0 0.231836 0.572656 0.0929688 0.11875
0 0.203906 0.0657715 0.0488281 0.12041
0 0.691797 0.653906 0.08125 0.11875
0 0.675 0.325391 0.0414063 0.0695313
0 0.326758 0.582812 0.0355469 0.04375
0 0.557031 0.848437 0.096875 0.303125
0 0.259033 0.837695 0.300684 0.218359
0 0.214258 0.759375 0.189844 0.326562
0 0.208203 0.460156 0.0882813 0.084375
0 0.165527 0.885938 0.135352 0.065625
0 0.748828 0.658594 0.0335938 0.0609375
0 0.175195 0.8625 0.129297 0.126563
0 0.211719 0.574609 0.0566406 0.0726563
0 0.694531 0.272217 0.140625 0.241504
0 0.351953 0.839063 0.0546875 0.0875
0 0.235352 0.454004 0.1375 0.273242
0 0.223047 0.590625 0.0523438 0.0554687
0 0.678125 0.565625 0.188281 0.309375
0 0.257031 0.592188 0.146094 0.16875
0 0.136499 0.169434 0.188721 0.230664
0 0.334766 0.360938 0.578906 0.713281
0 0.749219 0.361328 0.0375 0.0929688
0 0.375684 0.925 0.0376953 0.06875
0 0.363672 0.539062 0.0515625 0.0609375
0 0.239453 0.672656 0.0542969 0.107813
0 0.723047 0.547656 0.114844 0.351562
0 0.216406 0.475781 0.0996094 0.1625
0 0.298242 0.6625 0.130859 0.204688
0 0.216797 0.859375 0.207031 0.128125
0 0.23457 0.502344 0.465234 0.867188
0 0.461621 0.960156 0.22832 0.0796875
0 0.184717 0.475 0.0446289 0.0734375
0 0.229297 0.555469 0.103906 0.127344
0 0.242773 0.372266 0.149609 0.270313
0 0.319873 0.487109 0.302441 0.379688
0 0.347656 0.489844 0.0960938 0.150781
0 0.319531 0.586328 0.0515625 0.0539063
0 0.312891 0.85625 0.173438 0.201563
0 0.515625 0.863672 0.159375 0.272656
0 0.385938 0.548438 0.0507812 0.078125
0 0.738281 0.524121 0.0796875 0.492383
0 0.171289 0.885938 0.110156 0.0546875
0 0.149121 0.314453 0.246289 0.628906
0 0.55625 0.483594 0.0625 0.0859375
0 0.379004 0.8875 0.313867 0.1625
0 0.369922 0.534375 0.0851563 0.0851563
0 0.394922 0.421094 0.789844 0.428125
0 0.357422 0.835938 0.040625 0.05
0 0.420703 0.466016 0.228906 0.282813
0 0.222461 0.535547 0.113281 0.167969
0 0.753906 0.507031 0.04375 0.10625
0 0.442578 0.439844 0.290625 0.225
0 0.577344 0.483594 0.0390625 0.0679687
0 0.341016 0.641406 0.0476562 0.0953125
0 0.349219 0.655469 0.0359375 0.0710938
0 0.234766 0.636719 0.0671875 0.13125
0 0.564844 0.958984 0.040625 0.0820312
0 0.34707 0.798633 0.480859 0.324609
0 0.674219 0.263232 0.170313 0.20791
0 0.385938 0.321094 0.771875 0.624219
0 0.330469 0.469141 0.05625 0.125781
0 0.430469 0.953906 0.173438 0.0921875
0 0.56875 0.885938 0.0257812 0.053125
0 0.565625 0.488281 0.04375 0.0734375
0 0.467285 0.447656 0.62168 0.317188
0 0.747656 0.409375 0.04375 0.210156
0 0.408984 0.973828 0.160156 0.0523438
0 0.351172 0.658984 0.0492188 0.06875
0 0.197266 0.0711426 0.0589844 0.138574
0 0.754297 0.406934 0.0445313 0.183008
0 0.351562 0.517969 0.0757812 0.103125
0 0.241016 0.677734 0.0664062 0.126563
0 0.239844 0.873438 0.173828 0.1
0 0.230273 0.250195 0.0761719 0.116797
0 0.0954102 0.167187 0.0732422 0.0828125
0 0.358594 0.533984 0.0421875 0.0554687
0 0.705859 0.692969 0.0578125 0.0453125
0 0.34375 0.512109 0.05625 0.0929688
0 0.206445 0.475879 0.126563 0.207617
0 0.242773 0.666016 0.0417969 0.0789063
0 0.321484 0.459766 0.0453125 0.102344
0 0.37207 0.934375 0.0816406 0.13125
0 0.434375 0.8625 0.307031 0.275
0 0.191455 0.474219 0.0569336 0.0851563
0 0.227734 0.607813 0.0757812 0.104688
0 0.144336 0.130273 0.267188 0.241016
0 0.244531 0.658984 0.0367188 0.0601563
0 0.223438 0.351562 0.156641 0.321875
0 0.413672 0.962891 0.147656 0.0742188
0 0.226367 0.308398 0.232422 0.372266
0 0.344531 0.86582 0.155469 0.187109
0 0.332813 0.58125 0.046875 0.075
0 0.12207 0.196826 0.122266 0.135254
0 0.582031 0.482812 0.0375 0.053125
0 0.455859 0.979688 0.250781 0.040625
0 0.20625 0.0289063 0.0382813 0.0421875
0 0.708594 0.291016 0.115625 0.236719
0 0.358008 0.889063 0.482422 0.215625
0 0.330469 0.58125 0.0273438 0.0390625
0 0.205078 0.525 0.0894531 0.2
0 0.685156 0.288281 0.0671875 0.121875
0 0.743359 0.648047 0.0476562 0.0992187
0 0.548438 0.907813 0.0640625 0.125
0 0.557031 0.878125 0.059375 0.117188
0 0.391406 0.222852 0.782813 0.445703
0 0.273828 0.372461 0.122656 0.159766
0 0.388965 0.555469 0.0626953 0.104688
0 0.418848 0.521875 0.21543 0.360156
0 0.312109 0.605469 0.075 0.0976562
0 0.68125 0.663281 0.0546875 0.0671875
0 0.6375 0.358203 0.25625 0.300781
0 0.304297 0.362109 0.314063 0.292188
0 0.245361 0.696875 0.271777 0.528125
0 0.348633 0.692969 0.463672 0.554688
0 0.723828 0.420996 0.121094 0.30332
0 0.557422 0.926562 0.0640625 0.146875
0 0.25542 0.779883 0.281348 0.330859
0 0.302539 0.393359 0.325391 0.786719
0 0.420703 0.61875 0.577344 0.759375
0 0.715625 0.329297 0.101562 0.15
0 0.745313 0.422754 0.0921875 0.29668
0 0.717188 0.676562 0.1 0.0921875
0 0.704688 0.315234 0.125 0.175781
0 0.698438 0.481348 0.192188 0.445117
0 0.266797 0.582031 0.188672 0.329688
0 0.734766 0.329688 0.0726563 0.139844
0 0.680859 0.315234 0.167969 0.165625
0 0.376172 0.85625 0.44375 0.28125
0 0.530078 0.923438 0.113281 0.153125
0 0.710547 0.666406 0.114844 0.115625
0 0.713672 0.64375 0.110937 0.157813
0 0.717969 0.382031 0.121875 0.239063
0 0.287305 0.683984 0.301953 0.574219
0 0.236133 0.8125 0.251953 0.240625
0 0.371875 0.789844 0.4625 0.415625
0 0.474219 0.854883 0.25 0.290234
0 0.197852 0.0926025 0.0765625 0.175732
0 0.739062 0.342187 0.0578125 0.121094
0 0.564844 0.85625 0.100781 0.2875
0 0.258398 0.362109 0.273828 0.710938
0 0.694531 0.389941 0.165625 0.32168
0 0.198096 0.683203 0.394434 0.511719
0 0.260498 0.847656 0.300879 0.245312
0 0.216016 0.194922 0.107813 0.382031
0 0.699219 0.699609 0.0359375 0.0382813
0 0.716406 0.296484 0.104688 0.211719
0 0.453027 0.897656 0.27207 0.204688
0 0.33125 0.621094 0.0679687 0.141406
0 0.220508 0.517188 0.0953125 0.195312
0 0.569141 0.925 0.0929688 0.15
0 0.690625 0.683203 0.059375 0.071875
0 0.198242 0.175 0.140234 0.345703
0 0.678906 0.408984 0.217188 0.305469
0 0.542188 0.853516 0.13125 0.292969
0 0.135937 0.903125 0.0431641 0.040625
0 0.667578 0.491504 0.242969 0.481055
0 0.723828 0.335352 0.0945313 0.226172
0 0.696094 0.689844 0.0515625 0.059375
0 0.716406 0.303906 0.0898438 0.1375
0 0.24707 0.528906 0.148438 0.21875
0 0.2 0.114844 0.0886719 0.220313
0 0.216455 0.4625 0.0881836 0.090625
0 0.696875 0.696094 0.0453125 0.0484375
0 0.714063 0.304492 0.134375 0.486328
0 0.198096 0.414453 0.366309 0.828906
0 0.663672 0.290625 0.201563 0.175781
0 0.172266 0.146582 0.176953 0.291992
0 0.183643 0.0953369 0.0983398 0.182764
0 0.212305 0.77793 0.212891 0.297266
0 0.664062 0.333594 0.214062 0.147656
0 0.576563 0.892188 0.104688 0.215625
0 0.719922 0.588281 0.107031 0.267188
0 0.499219 0.914062 0.178125 0.171875
0 0.680469 0.351562 0.190625 0.19375
0 0.705469 0.575781 0.139063 0.301563
0 0.671875 0.316406 0.0335938 0.071875
0 0.753516 0.428125 0.0664062 0.284375
0 0.145313 0.901563 0.0621094 0.040625
0 0.678125 0.673438 0.0390625 0.046875
0 0.497266 0.872656 0.190625 0.254688
0 0.498828 0.801758 0.2 0.396484
0 0.320898 0.351367 0.301172 0.582422
0 0.717969 0.685156 0.0882813 0.0695313
0 0.238086 0.455469 0.0402344 0.0671875
0 0.218359 0.5875 0.0398437 0.0515625
0 0.697656 0.276953 0.13125 0.24375
0 0.386719 0.00202637 0.214062 0.00405273
0 0.207471 0.363672 0.28584 0.717188
0 0.680469 0.310742 0.184375 0.456641
0 0.728906 0.319141 0.0585938 0.126563
0 0.453223 0.00209961 0.229492 0.00419922
0 0.896094 0.0019043 0.207813 0.00380859
0 0.517188 0.00209961 0.232813 0.00419922
0 0.208984 0.0452637 0.0390625 0.084082
0 0.327344 0.910156 0.15 0.10625
0 0.738281 0.4875 0.0859375 0.371875
0 0.181836 0.00147705 0.141797 0.0029541
0 0.653125 0.552344 0.26875 0.657813
0 0.81875 0.0019043 0.189063 0.00380859
0 0.442578 0.785156 0.322656 0.429688
0 0.130371 0.900781 0.0404297 0.046875
0 0.167383 0.885156 0.112109 0.0734375
0 0.257227 0.0019043 0.234766 0.00380859
0 0.399219 0.907813 0.407813 0.184375
0 0.565234 0.00183105 0.225781 0.00366211
0 0.220703 0.589844 0.046875 0.0640625
0 0.150879 0.884375 0.0763672 0.075
0 0.551562 0.941406 0.05625 0.117188
0 0.717969 0.289453 0.0703125 0.135937
0 0.924609 0.00175781 0.150781 0.00351563
0 0.705859 0.3125 0.101562 0.105469
0 0.315234 0.889063 0.158594 0.154688
0 0.860156 0.00163574 0.203125 0.00327148
0 0.770312 0.426172 0.096875 0.290625
0 0.780469 0.00177002 0.18125 0.00354004
0 0.224414 0.573438 0.105078 0.310937
0 0.671484 0.66875 0.0265625 0.034375
0 0.214502 0.00174561 0.145996 0.00349121
0 0.575781 0.833203 0.0859375 0.333594
0 0.424121 0.617578 0.758008 0.764844
0 0.354688 0.929688 0.075 0.06875
0 0.51875 0.958594 0.120313 0.0828125
0 0.675 0.321484 0.0296875 0.0578125
0 0.342969 0.00195312 0.236719 0.00390625
0 0.212695 0.0274536 0.0304688 0.0445068
0 0.726172 0.529688 0.111719 0.44375
0 0.323047 0.610938 0.0734375 0.147656
0 0.158789 0.099707 0.145313 0.19043
0 0.678516 0.276758 0.155469 0.217578
0 0.264844 0.894531 0.135156 0.0828125
0 0.441016 0.323633 0.658594 0.606641
0 0.605469 0.0019043 0.232813 0.00380859
0 0.701563 0.293555 0.103125 0.145703
0 0.548438 0.910937 0.0703125 0.178125
0 0.710938 0.695703 0.0625 0.0460938
0 0.547656 0.9625 0.059375 0.075
0 0.544531 0.93125 0.06875 0.1375
0 0.5625 0.920313 0.0484375 0.159375
0 0.610547 0.520312 0.346094 0.567187
0 0.701172 0.70625 0.0421875 0.0390625
0 0.339258 0.927344 0.115234 0.0734375
0 0.215234 0.0255005 0.0273438 0.0349365
0 0.232031 0.4625 0.05625 0.0796875
0 0.3375 0.629297 0.053125 0.117969
0 0.664844 0.260742 0.210156 0.514453
0 0.149414 0.895312 0.0730469 0.053125
0 0.0356934 0.921094 0.0324219 0.053125
0 0.746875 0.521191 0.078125 0.423242
0 0.641406 0.375684 0.285938 0.23457
0 0.318359 0.451562 0.308594 0.307031
0 0.684375 0.680859 0.0484375 0.0601563
0 0.386621 0.540527 0.156445 0.368945
0 0.0661133 0.00197754 0.132227 0.00395508
0 0.728125 0.00213623 0.225 0.00427246
0 0.521094 0.940625 0.117188 0.11875
0 0.667188 0.309375 0.04375 0.096875
0 0.733203 0.362891 0.107031 0.208594
0 0.944531 0.00267334 0.110937 0.00534668
0 0.161426 0.897656 0.0990234 0.046875
0 0.647266 0.00228271 0.25 0.00456543
0 0.229687 0.538672 0.0984375 0.175781
0 0.383984 0.00129395 0.157031 0.00258789
0 0.532813 0.00134277 0.15625 0.00268555
0 0.215234 0.584766 0.04375 0.0773438
0 0.202148 0.472656 0.0605469 0.0796875
0 0.530469 0.971484 0.09375 0.0570313
0 0.204883 0.0542969 0.0449219 0.104688
0 0.426953 0.867383 0.333594 0.265234
0 0.519922 0.585938 0.555469 0.828125
0 0.686719 0.63125 0.1625 0.1875
0 0.420996 0.00141602 0.158008 0.00283203
0 0.960938 0.00817871 0.078125 0.0163574
0 0.212891 0.582031 0.0375 0.0554687
0 0.495703 0.00144043 0.159375 0.00288086
0 0.363281 0.921094 0.0679687 0.0890625
0 0.330469 0.932813 0.146875 0.065625
0 0.201953 0.0779297 0.0539063 0.15332
0 0.754297 0.515234 0.250781 0.544531
0 0.0964844 0.00185547 0.192969 0.00371094
0 0.206641 0.0320801 0.0378906 0.0560547
0 0.237109 0.604688 0.13125 0.371875
0 0.458594 0.00148926 0.159375 0.00297852
0 0.246875 0.8875 0.310937 0.14375
0 0.373437 0.929688 0.040625 0.071875
0 0.245703 0.00151367 0.160156 0.00302734
0 0.209766 0.232813 0.135156 0.465625
0 0.510156 0.973437 0.139063 0.053125
0 0.287891 0.898438 0.0933594 0.08125
0 0.674609 0.669531 0.034375 0.0421875
0 0.608594 0.589844 0.359375 0.820312
0 0.185742 0.48125 0.0359375 0.0617188
0 0.184717 0.00635986 0.138379 0.0127197
0 0.247314 0.366748 0.14834 0.390723
0 0.370703 0.457813 0.186719 0.307813
0 0.6125 0.0596191 0.0335938 0.0416992
0 0.17207 0.00152588 0.230078 0.00305176
0 0.571094 0.00130615 0.159375 0.0026123
0 0.510156 0.917969 0.151562 0.164062
0 0.728125 0.675 0.06875 0.0890625
0 0.895312 0.00134277 0.159375 0.00268555
0 0.553906 0.973828 0.04375 0.0523438
0 0.678516 0.297852 0.0445313 0.1125
0 0.345703 0.0012207 0.160156 0.00244141
0 0.230078 0.557031 0.0929688 0.125
0 0.0390625 0.00373535 0.078125 0.0074707
0 0.271924 0.675 0.20459 0.515625
0 0.564844 0.897656 0.0359375 0.104688
0 0.289062 0.901563 0.0621094 0.071875
0 0.363867 0.890625 0.266016 0.173438
0 0.201123 0.530469 0.0680664 0.171094
0 0.698438 0.2875 0.15625 0.575
0 0.323438 0.522266 0.299219 0.473438
0 0.315625 0.854883 0.160156 0.224609
0 0.734375 0.330078 0.0476562 0.117188
0 0.5875 0.921875 0.123438 0.15625
0 0.484375 0.53125 0.651563 0.56875
0 0.564844 0.777734 0.282031 0.444531
0 0.291992 0.909375 0.0527344 0.0625
0 0.00822754 0.00620117 0.0164551 0.0124023
0 0.204883 0.824219 0.194922 0.201563
0 0.123828 0.00205078 0.247656 0.00410156
0 0.564063 0.915625 0.0390625 0.13125
0 0.309766 0.501172 0.271875 0.647656
0 0.235547 0.680078 0.255859 0.538281
0 0.336719 0.686328 0.44375 0.566406
0 0.663281 0.411719 0.228125 0.30625
0 0.664844 0.485059 0.214062 0.468945
0 0.710156 0.677344 0.101562 0.0804688
0 0.179492 0.115234 0.0886719 0.221094
0 0.210498 0.823242 0.200879 0.203516
0 0.55625 0.926562 0.05625 0.146875
0 0.151855 0.884375 0.0814453 0.078125
0 0.158594 0.115332 0.126172 0.223633
0 0.450391 0.663281 0.647656 0.673438
0 0.735156 0.322266 0.06875 0.142188
0 0.738281 0.335352 0.0578125 0.116797
0 0.709375 0.651953 0.109375 0.128125
0 0.7125 0.289258 0.0859375 0.129297
0 0.708984 0.410938 0.133594 0.320312
0 0.240039 0.417969 0.259375 0.835938
0 0.198242 0.12998 0.108203 0.255664
0 0.272266 0.567969 0.1875 0.301563
0 0.545313 0.932031 0.0671875 0.135937
0 0.13125 0.113965 0.180469 0.217383
0 0.723437 0.310937 0.075 0.146094
0 0.719531 0.294922 0.0640625 0.134766
0 0.253076 0.895312 0.30166 0.121875
0 0.178076 0.15625 0.0743164 0.124609
0 0.219482 0.509375 0.0985352 0.20625
0 0.720703 0.323242 0.0992187 0.140234
0 0.692187 0.293359 0.0765625 0.111719
0 0.179102 0.123828 0.128516 0.247656
0 0.70625 0.623047 0.115625 0.186719
0 0.746875 0.422754 0.065625 0.291992
0 0.177148 0.88125 0.126172 0.078125
0 0.519141 0.925781 0.114063 0.148438
0 0.5625 0.926562 0.040625 0.14375
0 0.360156 0.841211 0.448438 0.317578
0 0.472266 0.900781 0.222656 0.198437
0 0.671484 0.303906 0.0390625 0.0898438
0 0.552344 0.942187 0.0546875 0.115625
0 0.346289 0.501953 0.0738281 0.111719
0 0.703125 0.685156 0.0851563 0.059375
0 0.269141 0.8875 0.116406 0.1
0 0.715625 0.284766 0.0507812 0.111328
0 0.250391 0.885938 0.164453 0.0984375
0 0.19043 0.0792969 0.0714844 0.158594
0 0.552734 0.857031 0.0851563 0.285938
0 0.68125 0.301172 0.053125 0.0925781
0 0.721094 0.671875 0.08125 0.0828125
0 0.166992 0.420312 0.248047 0.840625
0 0.315967 0.420703 0.371191 0.841406
0 0.329297 0.619141 0.0703125 0.151562
0 0.214844 0.857813 0.20625 0.135937
0 0.271826 0.511328 0.196973 0.20625
0 0.497656 0.917188 0.165625 0.165625
0 0.186914 0.104663 0.0703125 0.182861
0 0.660937 0.25625 0.204688 0.496875
0 0.548438 0.917188 0.065625 0.165625
0 0.336719 0.492188 0.0648438 0.128125
0 0.707812 0.298828 0.107813 0.122656
0 0.726562 0.316797 0.0515625 0.121094
0 0.356836 0.535547 0.0996094 0.330469
0 0.535156 0.857813 0.110937 0.284375
0 0.712891 0.589063 0.115625 0.25
0 0.687891 0.676562 0.0625 0.0617188
0 0.712891 0.689844 0.100781 0.0484375
0 0.383594 0.530859 0.146094 0.341406
0 0.419922 0.654785 0.395313 0.69043
0 0.316797 0.897656 0.149219 0.13125
0 0.282031 0.890625 0.071875 0.0921875
0 0.697656 0.244482 0.109375 0.321191
0 0.205078 0.0575195 0.0441406 0.110937
0 0.328711 0.913281 0.147266 0.101562
0 0.202344 0.0797852 0.0519531 0.157422
0 0.456348 0.841797 0.254492 0.316406
0 0.664844 0.348438 0.225 0.184375
0 0.362305 0.761328 0.455078 0.475781
0 0.501563 0.578125 0.55 0.84375
0 0.563281 0.903125 0.0375 0.125
0 0.698047 0.278955 0.119531 0.232715
0 0.701953 0.540625 0.135156 0.355469
0 0.744922 0.350586 0.0445313 0.0855469
0 0.712109 0.26875 0.040625 0.084375
0 0.343555 0.908594 0.110547 0.114063
0 0.350781 0.516016 0.0664062 0.09375
0 0.728906 0.42041 0.0921875 0.291992
0 0.717188 0.314648 0.0875 0.209766
0 0.206445 0.78125 0.198828 0.282813
0 0.306055 0.560156 0.150391 0.271094
0 0.698047 0.692969 0.0609375 0.0453125
0 0.405566 0.185938 0.72793 0.371875
0 0.255273 0.851367 0.291016 0.187891
0 0.676172 0.316797 0.0367188 0.0671875
0 0.217188 0.882031 0.206641 0.090625
0 0.730469 0.661719 0.065625 0.0953125
0 0.676172 0.287891 0.0507812 0.114844
0 0.661328 0.58916 0.222656 0.707617
0 0.555469 0.958594 0.04375 0.0828125
0 0.711719 0.268359 0.04375 0.119531
0 0.24082 0.507812 0.133594 0.208594
0 0.360742 0.903906 0.439453 0.192188
0 0.216016 0.450781 0.0921875 0.114063
0 0.55625 0.901563 0.0523438 0.134375
0 0.271875 0.706641 0.169531 0.402344
0 0.747656 0.669922 0.0359375 0.0710938
0 0.462109 0.929688 0.232813 0.140625
0 0.706641 0.255469 0.034375 0.0953125
0 0.566406 0.388965 0.0359375 0.125195
0 0.712891 0.369141 0.108594 0.235156
0 0.173145 0.15332 0.16543 0.306641
0 0.213672 0.564063 0.0667969 0.0953125
0 0.211328 0.028894 0.0320312 0.0488525
0 0.383203 0.632031 0.0398437 0.126563
0 0.659375 0.299219 0.196875 0.172656
0 0.428906 0.904688 0.314063 0.190625
0 0.515625 0.886719 0.135937 0.226562
0 0.708984 0.230469 0.0890625 0.379688
0 0.328516 0.614844 0.0523438 0.139844
0 0.223242 0.591406 0.105078 0.36875
0 0.703906 0.253125 0.0421875 0.1125
0 0.709375 0.336328 0.125 0.1625
0 0.159766 0.873438 0.096875 0.096875
0 0.678125 0.614062 0.171875 0.209375
0 0.567969 0.894531 0.0265625 0.084375
0 0.672266 0.278711 0.161719 0.196484
0 0.24043 0.560938 0.101953 0.124219
0 0.164355 0.89375 0.104492 0.0484375
0 0.182227 0.138257 0.0695313 0.16333
0 0.696875 0.272266 0.0703125 0.155078
0 0.692969 0.677734 0.0765625 0.0742188
0 0.244531 0.750781 0.237891 0.373437
0 0.343359 0.926562 0.110937 0.071875
0 0.567578 0.860156 0.0929688 0.279687
0 0.66875 0.317578 0.0390625 0.0753906
0 0.356055 0.530469 0.0652344 0.08125
0 0.702344 0.696094 0.046875 0.0359375
0 0.211914 0.193164 0.124609 0.386328
0 0.382422 0.641406 0.034375 0.101562
0 0.685547 0.200195 0.110937 0.400391
0 0.460254 0.753906 0.268555 0.492188
0 0.290625 0.898438 0.0757812 0.08125
0 0.330078 0.48125 0.05 0.115625
0 0.353516 0.919531 0.0820312 0.0890625
0 0.193555 0.31582 0.182422 0.424609
0 0.357812 0.895312 0.08125 0.159375
0 0.675781 0.236523 0.148438 0.280078
0 0.723047 0.288086 0.0828125 0.232422
0 0.239893 0.86875 0.174902 0.084375
0 0.220313 0.586719 0.0515625 0.0609375
0 0.892578 0.00129395 0.214844 0.00258789
0 0.163867 0.148999 0.10625 0.179346
0 0.290234 0.757812 0.15625 0.403125
0 0.523828 0.00137939 0.263281 0.00275879
0 0.21167 0.553906 0.0766602 0.11875
0 0.145117 0.875 0.0792969 0.09375
0 0.14082 0.899219 0.0578125 0.05
0 0.205469 0.0348511 0.0398437 0.0625244
0 0.515234 0.951172 0.141406 0.0976562
0 0.729688 0.590625 0.2625 0.81875
0 0.356445 0.533594 0.0464844 0.0664062
0 0.653125 0.265234 0.20625 0.170313
0 0.496094 0.862695 0.178906 0.274609
0 0.920313 0.00109863 0.159375 0.00219727
0 0.689063 0.663281 0.0710938 0.101562
0 0.150195 0.895312 0.0699219 0.0484375
0 0.229297 0.546094 0.0945313 0.151562
0 0.586328 0.00113525 0.254688 0.00227051
0 0.354883 0.4875 0.0824219 0.1625
0 0.747656 0.5 0.0515625 0.126563
0 0.472656 0.00133057 0.259375 0.00266113
0 0.418359 0.287891 0.700781 0.575781
0 0.177344 0.500781 0.166406 0.223438
0 0.750781 0.662891 0.0289063 0.0617188
0 0.560938 0.963281 0.0375 0.0734375
0 0.302734 0.639844 0.141016 0.184375
0 0.342187 0.466797 0.0875 0.226562
0 0.172656 0.8875 0.186719 0.059375
0 0.276367 0.879687 0.239453 0.146875
0 0.554688 0.876563 0.0617188 0.13125
0 0.194141 0.742188 0.171875 0.354688
0 0.421777 0.00124512 0.254883 0.00249023
0 0.217188 0.456641 0.0824219 0.0851563
0 0.204492 0.5125 0.0773438 0.2
0 0.166016 0.330859 0.221094 0.661719
0 0.573047 0.384766 0.0445313 0.135937
0 0.260938 0.0012207 0.25625 0.00244141
0 0.342773 0.497266 0.0886719 0.155469
0 0.677344 0.672266 0.040625 0.0476562
0 0.227148 0.725 0.146484 0.448438
0 0.592969 0.5875 0.375 0.815625
0 0.569531 0.90625 0.0375 0.109375
0 0.335742 0.626563 0.0574219 0.126563
0 0.749219 0.357031 0.0359375 0.0726563
0 0.626172 0.619141 0.299219 0.761719
0 0.214893 0.362109 0.13584 0.370313
0 0.189014 0.159961 0.0665039 0.152344
0 0.846875 0.00109863 0.248438 0.00219727
0 0.334961 0.596875 0.059375 0.174219
0 0.371289 0.0010498 0.254297 0.00209961
0 0.703906 0.528906 0.175 0.521875
0 0.343359 0.75625 0.110156 0.4875
0 0.560547 0.885938 0.0460938 0.101562
0 0.714453 0.513672 0.116406 0.441406
0 0.742969 0.492969 0.0625 0.150781
0 0.348633 0.571875 0.0988281 0.260938
0 0.190039 0.118555 0.196875 0.237109
0 0.736719 0.652344 0.05625 0.120313
0 0.525 0.833789 0.140625 0.332422
0 0.193555 0.00090332 0.186719 0.00180664
0 0.249609 0.798438 0.278906 0.279687
0 0.45791 0.142773 0.72793 0.285547
0 0.559766 0.000732422 0.182031 0.00146484
0 0.695312 0.25 0.059375 0.134766
0 0.55 0.894531 0.0632813 0.159375
0 0.619141 0.0479492 0.0539063 0.0693359
0 0.747656 0.381152 0.046875 0.15957
0 0.228711 0.456641 0.059375 0.075
0 0.361523 0.539844 0.0550781 0.065625
0 0.389453 0.629687 0.0460938 0.14375
0 0.344922 0.475781 0.0789063 0.1625
0 0.521875 0.000805664 0.18125 0.00161133
0 0.342578 0.89375 0.11875 0.16875
0 0.320312 0.760938 0.113281 0.478125
0 0.351562 0.573828 0.0703125 0.214844
0 0.382812 0.650781 0.0289063 0.078125
0 0.567187 0.923828 0.0828125 0.152344
0 0.940625 0.00240479 0.11875 0.00480957
0 0.239258 0.5 0.0894531 0.184375
0 0.545313 0.95625 0.0640625 0.0875
0 0.636719 0.00137939 0.264062 0.00275879
0 0.214648 0.306641 0.151562 0.496094
0 0.179688 0.221875 0.176563 0.44375
0 0.364453 0.463672 0.110937 0.205469
0 0.795508 0.000976562 0.246484 0.00195312
0 0.360742 0.576563 0.0652344 0.151562
0 0.311133 0.00136719 0.262109 0.00273437
0 0.227344 0.564063 0.0828125 0.105469
0 0.744531 0.660937 0.04375 0.0851563
0 0.319922 0.603516 0.0722656 0.146875
0 0.484375 0.000854492 0.182812 0.00170898
0 0.292188 0.910937 0.0609375 0.0625
0 0.223047 0.595313 0.0585938 0.0726563
0 0.678125 0.671094 0.0546875 0.065625
0 0.128931 0.818945 0.178467 0.215234
0 0.3125 0.451172 0.1375 0.3
0 0.219531 0.577734 0.0601563 0.0703125
0 0.442188 0.422656 0.75625 0.845313
0 0.908594 0.000756836 0.182812 0.00151367
0 0.695312 0.640625 0.08125 0.13125
0 0.68125 0.663281 0.05625 0.0859375
0 0.363281 0.639063 0.075 0.120313
0 0.381641 0.598437 0.046875 0.176563
0 0.364453 0.579297 0.0773438 0.197656
0 0.156836 0.789844 0.178125 0.270313
0 0.247314 0.000756836 0.181934 0.00151367
0 0.183643 0.176953 0.0811523 0.168359
0 0.311719 0.876563 0.10625 0.139063
0 0.371875 0.000634766 0.18125 0.00126953
0 0.446777 0.00078125 0.183008 0.0015625
0 0.36582 0.646484 0.0644531 0.0914062
0 0.409375 0.000708008 0.182031 0.00141602
0 0.212695 0.432813 0.100781 0.153125
0 0.196436 0.139746 0.0477539 0.154102
0 0.596875 0.000732422 0.179688 0.00146484
0 0.663281 0.61875 0.40625 0.7625
0 0.846875 0.000708008 0.179688 0.00141602
0 0.147754 0.857813 0.0787109 0.13125
0 0.334375 0.00065918 0.182031 0.00131836
0 0.389844 0.599219 0.0476562 0.167187
0 0.273047 0.401953 0.210938 0.803906
0 0.350781 0.526563 0.0796875 0.159375
0 0.162109 0.171484 0.110156 0.115625
0 0.678906 0.276172 0.0601563 0.159375
0 0.292969 0.90625 0.204688 0.11875
0 0.65625 0.233789 0.185938 0.230078
0 0.535937 0.921094 0.0859375 0.157813
0 0.086377 0.00115967 0.172754 0.00231934
0 0.231445 0.835938 0.115625 0.148438
0 0.751953 0.375391 0.04375 0.113281
0 0.301953 0.553906 0.0992187 0.164062
0 0.247461 0.846875 0.129688 0.128125
0 0.750391 0.424316 0.0445313 0.223242
0 0.622266 0.233594 0.278125 0.446875
0 0.80957 0.000549316 0.177734 0.00109863
0 0.661719 0.313281 0.05625 0.0921875
0 0.342187 0.575 0.0625 0.198437
0 0.750781 0.475 0.0484375 0.175
0 0.726562 0.520312 0.09375 0.528125
0 0.297656 0.000878906 0.184375 0.00175781
0 0.749219 0.00136719 0.260938 0.00273437
0 0.321875 0.475781 0.084375 0.15
0 0.198047 0.723437 0.128906 0.46875
0 0.161133 0.834375 0.133594 0.176563
0 0.19668 0.0483887 0.0570313 0.0911133
0 0.3375 0.535156 0.111719 0.192188
0 0.260156 0.917969 0.321875 0.164062
0 0.953125 0.0169189 0.09375 0.0338379
0 0.760156 0.505078 0.0375 0.117188
0 0.351172 0.886719 0.167969 0.170313
0 0.213281 0.0799805 0.0671875 0.159961
0 0.22207 0.237695 0.0636719 0.0992187
0 0.186719 0.835156 0.0949219 0.164062
0 0.245703 0.678125 0.255859 0.560938
0 0.216846 0.84043 0.206152 0.181641
0 0.333984 0.690625 0.43125 0.5625
0 0.166016 0.11875 0.120313 0.223828
0 0.717969 0.678516 0.0953125 0.0882813
0 0.55625 0.925781 0.053125 0.148438
0 0.417969 0.694141 0.607813 0.574219
0 0.186377 0.119141 0.0811523 0.226172
0 0.7375 0.3375 0.0625 0.114063
0 0.711328 0.285156 0.0976562 0.123438
0 0.729297 0.322852 0.0914062 0.141016
0 0.249268 0.846094 0.274902 0.215625
0 0.55 0.920703 0.0703125 0.158594
0 0.671875 0.305078 0.0390625 0.0796875
0 0.717188 0.28418 0.05625 0.126953
0 0.522656 0.925781 0.115625 0.148438
0 0.679688 0.297656 0.0515625 0.0929688
0 0.355469 0.857031 0.460156 0.285938
0 0.712891 0.273242 0.0429688 0.119531
0 0.744922 0.348633 0.0429688 0.0847656
0 0.218701 0.878125 0.209473 0.140625
0 0.719141 0.313086 0.0890625 0.130859
0 0.705469 0.252148 0.0328125 0.0917969
0 0.708594 0.256445 0.0398437 0.109766
0 0.692969 0.284961 0.0765625 0.117578
0 0.709766 0.658203 0.113281 0.134375
0 0.268359 0.561328 0.183594 0.299219
0 0.133887 0.11543 0.187305 0.21875
0 0.214893 0.428125 0.259277 0.85625
0 0.547656 0.937891 0.0710938 0.124219
0 0.538281 0.930469 0.096875 0.139063
0 0.671484 0.322266 0.0328125 0.0539063
0 0.728906 0.319141 0.046875 0.109375
0 0.732813 0.674219 0.06875 0.075
0 0.207031 0.0378906 0.04375 0.0728516
0 0.328125 0.621094 0.0890625 0.1625
0 0.719922 0.410938 0.128906 0.348438
0 0.251563 0.895312 0.3 0.128125
0 0.707031 0.251953 0.0296875 0.0570313
0 0.752344 0.664062 0.0265625 0.053125
0 0.563281 0.921875 0.059375 0.15625
0 0.721875 0.304688 0.0546875 0.132422
0 0.241357 0.790625 0.257129 0.298438
0 0.219922 0.451562 0.0925781 0.0921875
0 0.701563 0.292188 0.11875 0.190625
0 0.702344 0.250977 0.04375 0.105859
0 0.698438 0.703125 0.0398437 0.0421875
0 0.688281 0.423047 0.20625 0.602344
0 0.721094 0.688281 0.084375 0.059375
0 0.536719 0.903906 0.103125 0.192188
0 0.210547 0.0283203 0.0328125 0.0476562
0 0.275732 0.429688 0.314941 0.859375
0 0.561719 0.9 0.0453125 0.139063
0 0.546094 0.864844 0.115625 0.270313
0 0.749219 0.670313 0.034375 0.06875
0 0.564844 0.914062 0.0367188 0.134375
0 0.264844 0.515625 0.178906 0.2125
0 0.566797 0.857422 0.0890625 0.285156
0 0.680078 0.209766 0.179688 0.410156
0 0.735547 0.325781 0.046875 0.109375
0 0.714063 0.297266 0.0859375 0.213281
0 0.678516 0.284766 0.0609375 0.121875
0 0.707031 0.253906 0.0421875 0.078125
0 0.190283 0.133594 0.100684 0.267188
0 0.199609 0.0680176 0.0597656 0.134668
0 0.70625 0.309766 0.1 0.0890625
0 0.558984 0.883789 0.0703125 0.232422
0 0.194336 0.0820312 0.0730469 0.164062
0 0.181201 0.162891 0.0766602 0.120703
0 0.567187 0.901563 0.0304688 0.1125
0 0.383594 0.539062 0.0328125 0.05625
0 0.501563 0.917969 0.165625 0.164062
0 0.701172 0.697656 0.0375 0.040625
0 0.748438 0.355859 0.0359375 0.0703125
0 0.23833 0.5125 0.128809 0.210938
0 0.556641 0.964453 0.0429688 0.0710938
0 0.347852 0.928906 0.105859 0.0703125
0 0.737891 0.414746 0.0789063 0.333008
0 0.735156 0.419922 0.2125 0.836719
0 0.746875 0.346289 0.0609375 0.112891
0 0.710938 0.316602 0.115625 0.145703
0 0.686328 0.401172 0.239844 0.799219
0 0.686719 0.272266 0.135156 0.178906
0 0.203906 0.453906 0.145313 0.151562
0 0.558594 0.971875 0.0390625 0.05625
0 0.695312 0.281055 0.114063 0.251953
0 0.921875 0.839844 0.028125 0.040625
0 0.551562 0.957031 0.05625 0.0859375
0 0.335352 0.626953 0.0652344 0.14375
0 0.214844 0.583984 0.04375 0.0515625
0 0.36582 0.537109 0.0511719 0.0609375
0 0.18125 0.0905273 0.0855469 0.157227
0 0.203125 0.433594 0.169141 0.149219
0 0.252344 0.391797 0.236328 0.783594
0 0.731641 0.301563 0.0882813 0.21875
0 0.714063 0.313281 0.196875 0.623438
0 0.696484 0.271094 0.0679687 0.157813
0 0.219141 0.591016 0.0484375 0.0539063
0 0.216406 0.575781 0.0515625 0.0726563
0 0.719531 0.441797 0.165625 0.572656
0 0.701563 0.696875 0.0546875 0.046875
0 0.715625 0.362891 0.114063 0.215625
0 0.362891 0.533594 0.06875 0.0796875
0 0.601562 0.739062 0.0296875 0.0484375
0 0.324414 0.867969 0.416797 0.217188
0 0.19458 0.046106 0.0678711 0.0913818
0 0.313672 0.61875 0.127344 0.159375
0 0.702344 0.321484 0.0882813 0.075
0 0.209766 0.485156 0.127734 0.182812
0 0.692187 0.249219 0.06875 0.127344
0 0.236133 0.438281 0.139453 0.132031
0 0.354102 0.519531 0.0699219 0.090625
0 0.175586 0.143945 0.200391 0.287891
0 0.132227 0.0577148 0.197656 0.11543
0 0.742969 0.673828 0.05 0.071875
0 0.537891 0.958594 0.0898438 0.0828125
0 0.238281 0.430859 0.1 0.122656
0 0.922656 0.832812 0.04375 0.0625
0 0.157324 0.0921875 0.14668 0.183984
0 0.379297 0.536719 0.0492188 0.075
0 0.265039 0.477344 0.175391 0.144531
0 0.688281 0.313086 0.159375 0.145703
0 0.218555 0.118848 0.253125 0.237695
0 0.373828 0.7625 0.492969 0.4625
0 0.390723 0.539844 0.0341797 0.053125
0 0.469629 0.921094 0.229492 0.157813
0 0.213281 0.0246094 0.0265625 0.0360352
0 0.330469 0.921875 0.1375 0.090625
0 0.750391 0.416797 0.0648438 0.329688
0 0.380078 0.574219 0.0609375 0.1375
0 0.381348 0.642188 0.0341797 0.114844
0 0.326562 0.616406 0.0523438 0.132812
0 0.319336 0.389062 0.433984 0.778125
0 0.91875 0.8375 0.040625 0.046875
0 0.665234 0.294336 0.227344 0.587109
0 0.399121 0.146484 0.79082 0.258984
0 0.18125 0.0529297 0.0992187 0.105664
0 0.388672 0.627734 0.0429688 0.14375
0 0.257422 0.567187 0.11875 0.103125
0 0.554688 0.890625 0.0640625 0.13125
0 0.689844 0.228516 0.105469 0.342187
0 0.548438 0.904688 0.0765625 0.184375
0 0.66875 0.298828 0.0546875 0.0953125
0 0.239648 0.559375 0.0992187 0.113281
0 0.216357 0.446484 0.100879 0.134375
0 0.145996 0.882812 0.0681641 0.0875
0 0.18418 0.0366211 0.0910156 0.0658203
0 0.344727 0.914062 0.109766 0.107813
0 0.713281 0.610156 0.11875 0.226562
0 0.601172 0.749219 0.034375 0.0671875
0 0.182617 0.280273 0.232422 0.560547
0 0.211523 0.0614258 0.0640625 0.122852
0 0.715625 0.262109 0.0539063 0.140625
0 0.720313 0.64375 0.107031 0.157813
0 0.218408 0.485938 0.0920898 0.173438
0 0.701563 0.683203 0.0867188 0.0679687
0 0.69375 0.230664 0.0625 0.124609
0 0.206299 0.459375 0.107715 0.126563
0 0.230469 0.451562 0.0742188 0.0765625
0 0.0291016 0.901563 0.0478516 0.1125
0 0.388965 0.571094 0.0517578 0.129688
0 0.380859 0.648438 0.028125 0.0828125
0 0.353125 0.505469 0.08125 0.115625
0 0.524219 0.9625 0.120313 0.075
0 0.239453 0.407031 0.130859 0.178906
0 0.748828 0.364453 0.0460938 0.117188
0 0.353906 0.527344 0.0507812 0.0671875
0 0.567187 0.923438 0.0820312 0.153125
0 0.68125 0.273047 0.0703125 0.171094
0 0.697656 0.702344 0.05 0.0484375
0 0.338086 0.496094 0.0609375 0.123438
0 0.523047 0.875 0.152344 0.25
0 0.180127 0.189258 0.21709 0.378516
0 0.353125 0.533203 0.0359375 0.0515625
0 0.668359 0.18291 0.133594 0.36582
0 0.353906 0.641797 0.0671875 0.130469
0 0.328125 0.595313 0.0375 0.0859375
0 0.744531 0.533203 0.0578125 0.0695313
0 0.16875 0.14668 0.109375 0.293359
0 0.273047 0.699219 0.175 0.389062
0 0.675 0.327344 0.0351562 0.0585938
0 0.705469 0.548438 0.190625 0.8125
0 0.263281 0.621484 0.202344 0.436719
0 0.363477 0.577344 0.0746094 0.171875
0 0.574219 0.895312 0.096875 0.209375
0 0.389453 0.538281 0.0421875 0.06875
0 0.353516 0.652344 0.0554687 0.101562
0 0.682813 0.224219 0.084375 0.14375
0 0.665234 0.275 0.189063 0.173438
0 0.709375 0.690625 0.0742188 0.0554687
0 0.709375 0.324609 0.10625 0.0925781
0 0.598437 0.742188 0.0335938 0.0640625
0 0.394922 0.632812 0.0460938 0.109375
0 0.188281 0.490234 0.16875 0.235156
0 0.533594 0.971094 0.101562 0.0578125
0 0.596094 0.735938 0.0296875 0.0484375
0 0.387598 0.642969 0.0357422 0.090625
0 0.421094 0.124316 0.0625 0.0931641
0 0.431641 0.140039 0.0476562 0.0613281
0 0.213232 0.118848 0.129004 0.231055
0 0.681641 0.584375 0.289844 0.83125
0 0.689844 0.65 0.154688 0.15
0 0.327734 0.491406 0.0445313 0.123438
0 0.391016 0.599219 0.0476562 0.159375
0 0.672266 0.673438 0.0273438 0.0421875
0 0.714453 0.546191 0.121094 0.366992
0 0.69375 0.201123 0.0625 0.166504
0 0.350391 0.6625 0.0328125 0.0671875
0 0.572656 0.915625 0.065625 0.16875
0 0.268555 0.896094 0.143359 0.090625
0 0.598047 0.748047 0.0398437 0.0820312
0 0.352734 0.921094 0.0828125 0.0921875
0 0.404687 0.0984375 0.0265625 0.0390625
0 0.176953 0.152734 0.0960938 0.174219
0 0.740625 0.547266 0.0421875 0.0382813
0 0.755469 0.524609 0.0390625 0.0828125
0 0.152246 0.139746 0.138867 0.237695
0 0.706641 0.238867 0.0484375 0.123047
0 0.118555 0.0811523 0.215234 0.153516
0 0.583203 0.863086 0.110937 0.273828
0 0.469434 0.794336 0.431445 0.411328
0 0.333594 0.592188 0.0546875 0.132812
0 0.319141 0.59375 0.0804688 0.121875
0 0.565234 0.886719 0.0390625 0.1125
0 0.625781 0.0564453 0.0382813 0.0527344
0 0.325391 0.582812 0.0414063 0.0632813
0 0.763281 0.510156 0.0359375 0.0984375
0 0.208545 0.466406 0.0829102 0.100781
0 0.172656 0.0662109 0.119531 0.132422
0 0.17583 0.841992 0.14209 0.172266
0 0.500781 0.939844 0.154688 0.120313
0 0.925 0.84375 0.034375 0.04375
0 0.683594 0.671094 0.0515625 0.0453125
0 0.432813 0.909766 0.307813 0.180469
0 0.745703 0.663672 0.04375 0.0851563
0 0.595313 0.757031 0.0390625 0.06875
0 0.169727 0.0385254 0.127734 0.0678711
0 0.224805 0.574609 0.0660156 0.0820312
0 0.634766 0.19292 0.263281 0.37666
0 0.667969 0.236719 0.160938 0.191406
0 0.199268 0.435937 0.11709 0.164062
0 0.733594 0.551953 0.0234375 0.0335938
0 0.210352 0.559375 0.0671875 0.114063
0 0.384766 0.599609 0.0484375 0.177344
0 0.397656 0.538281 0.034375 0.05
0 0.410156 0.104297 0.0359375 0.0519531
0 0.560938 0.86875 0.05 0.146875
0 0.218018 0.378223 0.158496 0.254492
0 0.170313 0.168945 0.105469 0.119922
0 0.364648 0.578906 0.0910156 0.204688
0 0.220313 0.0263672 0.0390625 0.0442383
0 0.352734 0.540234 0.0410156 0.0585938
0 0.153125 0.889063 0.0808594 0.071875
0 0.208594 0.424121 0.0921875 0.148633
0 0.66875 0.667188 0.021875 0.0328125
0 0.620313 0.0520508 0.04375 0.0580078
0 0.202686 0.405859 0.187598 0.203906
0 0.259766 0.457422 0.163281 0.121094
0 0.41416 0.186133 0.795117 0.372266
0 0.304297 0.554688 0.0953125 0.152344
0 0.738672 0.552734 0.0296875 0.0335938
0 0.160059 0.222656 0.130664 0.445312
0 0.671094 0.666406 0.028125 0.0375
0 0.379688 0.664062 0.0273438 0.0617188
0 0.141895 0.903125 0.0582031 0.046875
0 0.184717 0.483594 0.0391602 0.0703125
0 0.238867 0.393848 0.104297 0.166992
0 0.698438 0.694141 0.0765625 0.0539063
0 0.232422 0.549219 0.0984375 0.15
0 0.318945 0.582812 0.0554687 0.0703125
0 0.754687 0.66875 0.0359375 0.0609375
0 0.752344 0.367188 0.0414063 0.09375
0 0.757031 0.516406 0.04375 0.10625
0 0.682813 0.194727 0.0851563 0.178125
0 0.241797 0.0918945 0.176172 0.182617
0 0.488281 0.820117 0.209375 0.359766
0 0.725781 0.274609 0.0679687 0.153906
0 0.341797 0.644141 0.0523438 0.114063
0 0.173145 0.884375 0.118555 0.0875
0 0.338281 0.935938 0.139063 0.0578125
0 0.698047 0.185938 0.0453125 0.125391
0 0.702344 0.203125 0.0859375 0.40625
0 0.410938 0.110254 0.040625 0.0662109
0 0.247266 0.446875 0.108594 0.13125
0 0.710547 0.694531 0.059375 0.05
0 0.683594 0.0552734 0.146875 0.103906
0 0.189844 0.473047 0.053125 0.0804688
0 0.301953 0.601562 0.132031 0.142188
0 0.546875 0.481641 0.0414063 0.0664062
0 0.269531 0.429688 0.178906 0.235938
0 0.508594 0.958594 0.157813 0.0828125
0 0.346875 0.652344 0.0371094 0.0765625
0 0.430078 0.149805 0.0289063 0.0392578
0 0.343555 0.579688 0.0800781 0.195312
0 0.742969 0.524219 0.0671875 0.0890625
0 0.294922 0.911719 0.0828125 0.0671875
0 0.206641 0.0243408 0.04375 0.0394043
0 0.513281 0.974219 0.151562 0.0515625
0 0.241992 0.689063 0.0414063 0.120313
0 0.360938 0.929688 0.0640625 0.06875
0 0.244727 0.683594 0.252734 0.520312
0 0.250439 0.842188 0.282715 0.220313
0 0.342187 0.698828 0.45 0.536719
0 0.744922 0.432422 0.0679687 0.314844
0 0.55625 0.923438 0.053125 0.15
0 0.728125 0.437891 0.103125 0.334375
0 0.576172 0.848242 0.0976562 0.297266
0 0.270313 0.565625 0.174219 0.2875
0 0.455859 0.697656 0.691406 0.554688
0 0.189014 0.109961 0.0782227 0.216016
0 0.737891 0.340625 0.059375 0.104688
0 0.710156 0.329297 0.109375 0.126563
0 0.711719 0.376172 0.11875 0.222656
0 0.555469 0.846875 0.0546875 0.296875
0 0.548828 0.925 0.0695313 0.15
0 0.550391 0.910156 0.0609375 0.173438
0 0.17168 0.111426 0.105078 0.218555
0 0.520312 0.923438 0.1125 0.153125
0 0.714844 0.671094 0.0984375 0.09375
0 0.327539 0.619531 0.0839844 0.134375
0 0.746094 0.508691 0.0671875 0.560742
0 0.722656 0.339063 0.0984375 0.103906
0 0.201123 0.119629 0.103223 0.237305
0 0.436816 0.617871 0.76543 0.74707
0 0.553125 0.85332 0.08125 0.290234
0 0.704297 0.469531 0.161719 0.410156
0 0.751563 0.458203 0.065625 0.407813
0 0.668359 0.623438 0.267969 0.709375
0 0.18418 0.131641 0.103516 0.263281
0 0.223047 0.835156 0.219531 0.176563
0 0.711719 0.652344 0.10625 0.129688
0 0.33418 0.928906 0.116797 0.0671875
0 0.232617 0.512891 0.109766 0.219531
0 0.15918 0.127148 0.131641 0.254297
0 0.301514 0.413281 0.328223 0.826563
0 0.721094 0.436719 0.146875 0.35625
0 0.738281 0.623438 0.382812 0.70625
0 0.165137 0.884375 0.104492 0.0703125
0 0.205469 0.156641 0.109375 0.313281
0 0.670703 0.302344 0.0335938 0.0671875
0 0.187842 0.0875 0.0735352 0.147461
0 0.662891 0.30332 0.046875 0.0707031
0 0.266406 0.515625 0.179688 0.201563
0 0.391309 0.528906 0.0408203 0.05
0 0.696875 0.282031 0.125 0.196094
0 0.326367 0.917188 0.130078 0.096875
0 0.415625 0.970313 0.114063 0.059375
0 0.226367 0.447656 0.0699219 0.0671875
0 0.168457 0.894531 0.110742 0.04375
0 0.359961 0.839063 0.473828 0.309375
0 0.708594 0.297656 0.0984375 0.115625
0 0.595313 0.732813 0.0304688 0.0453125
0 0.303125 0.624609 0.141406 0.136719
0 0.674219 0.471094 0.20625 0.422656
0 0.245898 0.563281 0.112109 0.09375
0 0.599609 0.737109 0.0328125 0.0492188
0 0.175781 0.886719 0.126563 0.05625
0 0.685547 0.321484 0.1625 0.133594
0 0.750391 0.655469 0.0289063 0.0484375
0 0.238281 0.435937 0.1 0.10625
0 0.399219 0.532031 0.0296875 0.0421875
0 0.721875 0.682031 0.0828125 0.0625
0 0.430469 0.83125 0.338281 0.320312
0 0.596875 0.74375 0.0375 0.06875
0 0.55 0.478125 0.046875 0.0703125
0 0.501953 0.926172 0.15625 0.147656
0 0.68125 0.296094 0.164062 0.18125
0 0.265039 0.671875 0.182422 0.514063
0 0.398438 0.957812 0.138281 0.084375
0 0.728125 0.672656 0.06875 0.084375
0 0.750781 0.663281 0.034375 0.0578125
0 0.590234 0.733594 0.0414063 0.0625
0 0.201563 0.0508301 0.0507812 0.0987305
0 0.394141 0.541406 0.0515625 0.0664062
0 0.246289 0.89375 0.288672 0.14375
0 0.540234 0.932813 0.0820312 0.134375
0 0.723828 0.625781 0.1 0.179688
0 0.770703 0.430371 0.117969 0.29707
0 0.665234 0.313477 0.0414063 0.065625
0 0.145605 0.883594 0.0650391 0.071875
0 0.414453 0.978125 0.185938 0.04375
0 0.744531 0.355664 0.04375 0.0777344
0 0.233594 0.452734 0.0554687 0.0585938
0 0.143652 0.897656 0.05625 0.0421875
0 0.396484 0.535156 0.0398437 0.046875
0 0.351562 0.93125 0.0773438 0.0625
0 0.197607 0.0797852 0.0610352 0.156836
0 0.674219 0.558496 0.21875 0.598633
0 0.699609 0.281055 0.0945313 0.127734
0 0.70625 0.241602 0.0296875 0.071875
0 0.219531 0.490625 0.0867188 0.1625
0 0.549219 0.946094 0.059375 0.107813
0 0.745313 0.345313 0.065625 0.119531
0 0.707031 0.689844 0.0484375 0.0453125
0 0.739062 0.664453 0.0476562 0.0851563
0 0.745703 0.666797 0.0460938 0.0632813
0 0.205664 0.039856 0.0449219 0.0759521
0 0.320312 0.607813 0.0890625 0.176563
0 0.519531 0.879492 0.153125 0.237891
0 0.185742 0.203516 0.102344 0.407031
0 0.270313 0.872656 0.24375 0.18125
0 0.734375 0.388184 0.0890625 0.233008
0 0.366211 0.93125 0.0527344 0.0609375
0 0.309766 0.570312 0.125781 0.259375
0 0.214648 0.451562 0.0863281 0.0835937
0 0.594531 0.746875 0.046875 0.0859375
0 0.650781 0.305859 0.065625 0.0664062
0 0.749219 0.653906 0.0335938 0.065625
0 0.557813 0.969531 0.0390625 0.0578125
0 0.670313 0.319531 0.0328125 0.0546875
0 0.206641 0.215625 0.109375 0.43125
0 0.417188 0.981641 0.0757812 0.0367188
0 0.708594 0.298828 0.1125 0.186719
0 0.180469 0.162891 0.0714844 0.102344
0 0.226904 0.179883 0.150879 0.359766
0 0.708594 0.248828 0.0359375 0.0929688
0 0.569531 0.920313 0.0859375 0.159375
0 0.711719 0.27832 0.0640625 0.120703
0 0.24375 0.484375 0.132812 0.145313
0 0.153223 0.890625 0.0787109 0.05625
0 0.429688 0.982031 0.0507812 0.0359375
0 0.374609 0.925 0.0328125 0.065625
0 0.713281 0.557422 0.11875 0.314844
0 0.680469 0.26333 0.140625 0.203027
0 0.162402 0.185742 0.127539 0.371484
0 0.386621 0.944141 0.139258 0.111719
0 0.6 0.729688 0.0359375 0.0539063
0 0.704688 0.336719 0.146875 0.15
0 0.3375 0.625 0.0578125 0.117969
0 0.670313 0.260938 0.176563 0.164062
0 0.304297 0.640625 0.115625 0.239063
0 0.310547 0.901563 0.153906 0.128125
0 0.554688 0.955469 0.0515625 0.0890625
0 0.729688 0.54375 0.1 0.339063
0 0.181201 0.885156 0.17041 0.04375
0 0.575781 0.799805 0.0773438 0.212891
0 0.158789 0.0943115 0.141797 0.178564
0 0.48125 0.917578 0.207813 0.164844
0 0.746094 0.365625 0.053125 0.121875
0 0.388281 0.520312 0.0414063 0.0609375
0 0.264062 0.576563 0.139063 0.0929688
0 0.233203 0.163672 0.237891 0.327344
0 0.223828 0.460938 0.075 0.0796875
0 0.209766 0.0294434 0.034375 0.0500977
0 0.710156 0.260938 0.040625 0.119531
0 0.412891 0.956641 0.0875 0.0867188
0 0.258252 0.594922 0.168652 0.367969
0 0.723437 0.2875 0.0984375 0.203906
0 0.559375 0.895312 0.05 0.126563
0 0.269336 0.184766 0.269141 0.358984
0 0.703125 0.321484 0.1 0.0796875
0 0.234375 0.454688 0.08125 0.065625
0 0.553906 0.964844 0.04375 0.0703125
0 0.132642 0.107031 0.195654 0.201563
0 0.728125 0.512891 0.09375 0.538281
0 0.702734 0.245312 0.0398437 0.0914062
0 0.744922 0.584766 0.467969 0.830469
0 0.719141 0.530859 0.122656 0.444531
0 0.677344 0.298828 0.178125 0.585156
0 0.542969 0.955469 0.071875 0.0890625
0 0.5625 0.841016 0.103125 0.317969
0 0.292773 0.603906 0.134375 0.203125
0 0.437891 0.166699 0.757031 0.31543
0 0.708594 0.3875 0.148438 0.296875
0 0.54375 0.466406 0.0296875 0.0453125
0 0.358594 0.933594 0.0742188 0.084375
0 0.302734 0.603125 0.116016 0.130469
0 0.36543 0.942187 0.0488281 0.04375
0 0.384766 0.528516 0.0546875 0.0796875
0 0.135352 0.902344 0.0480469 0.04375
0 0.5375 0.592969 0.496875 0.814063
0 0.517969 0.957031 0.123438 0.0859375
0 0.239844 0.5 0.101562 0.172656
0 0.671875 0.29707 0.0429688 0.0914062
0 0.727344 0.345898 0.107813 0.155859
0 0.558984 0.86875 0.0554687 0.15
0 0.749609 0.51084 0.253906 0.495508
0 0.224609 0.439844 0.08125 0.101562
0 0.558594 0.939844 0.0609375 0.120313
0 0.707812 0.337695 0.110937 0.0910156
0 0.564063 0.907031 0.0398437 0.123438
0 0.231836 0.558203 0.0894531 0.096875
0 0.132715 0.898438 0.0371094 0.040625
0 0.216748 0.479688 0.132129 0.184375
0 0.336523 0.907813 0.121484 0.146875
0 0.310937 0.410059 0.271875 0.20957
0 0.290625 0.757812 0.157422 0.484375
0 0.394531 0.564844 0.0539063 0.114063
0 0.748047 0.405859 0.0539063 0.197656
0 0.538281 0.971875 0.0828125 0.05625
0 0.171777 0.229687 0.131055 0.459375
0 0.211719 0.465234 0.0816406 0.0960938
0 0.342578 0.630859 0.10625 0.239844
0 0.326953 0.68125 0.0835937 0.29375
0 0.266602 0.402344 0.175391 0.185156
0 0.323047 0.616406 0.059375 0.128125
0 0.316992 0.473828 0.287891 0.371875
0 0.390625 0.575781 0.0570313 0.145313
0 0.314844 0.600781 0.0734375 0.107813
0 0.635156 0.300781 0.0460938 0.0507812
0 0.210352 0.453125 0.096875 0.120313
0 0.541406 0.459766 0.0265625 0.034375
0 0.672656 0.328516 0.0390625 0.0621094
0 0.551562 0.488672 0.0421875 0.0554687
0 0.313672 0.580469 0.0507812 0.0585938
0 0.437891 0.971875 0.103906 0.05625
0 0.394922 0.522656 0.0445313 0.0625
0 0.701172 0.696875 0.0328125 0.0375
0 0.747656 0.302734 0.201563 0.471094
0 0.369922 0.939063 0.096875 0.121875
0 0.694531 0.287305 0.157031 0.448828
0 0.355078 0.942187 0.0726563 0.040625
0 0.446484 0.36875 0.741406 0.7375
0 0.709375 0.248828 0.0359375 0.0648438
0 0.7375 0.655859 0.0554687 0.113281
0 0.687109 0.237451 0.103906 0.28291
0 0.15625 0.876563 0.0898438 0.084375
0 0.713672 0.298047 0.0726563 0.149219
0 0.291797 0.652344 0.128516 0.140625
0 0.605078 0.7375 0.0414063 0.0578125
0 0.303125 0.7 0.122656 0.378125
0 0.528516 0.825195 0.15 0.340234
0 0.552344 0.865625 0.071875 0.165625
0 0.278711 0.90625 0.227734 0.11875
0 0.301172 0.568359 0.1875 0.284375
0 0.281641 0.673438 0.158594 0.353125
0 0.186719 0.0584473 0.0824219 0.116504
0 0.378125 0.923438 0.025 0.059375
0 0.595313 0.859375 0.135937 0.275
0 0.667578 0.408594 0.216406 0.315625
0 0.0368164 0.936719 0.0533203 0.117188
0 0.306641 0.592969 0.0683594 0.0828125
0 0.736719 0.326953 0.0507812 0.110937
0 0.407031 0.421484 0.4875 0.592969
0 0.444531 0.978516 0.126563 0.0429688
0 0.744531 0.532422 0.053125 0.0648438
0 0.582422 0.744531 0.0570313 0.0984375
0 0.402344 0.536719 0.0453125 0.059375
0 0.230469 0.488281 0.0835937 0.1375
0 0.668359 0.325195 0.0414063 0.0753906
0 0.546094 0.787695 0.253125 0.399609
0 0.345898 0.602734 0.125391 0.222656
0 0.0296875 0.903125 0.0464844 0.10625
0 0.200391 0.465625 0.104688 0.120313
0 0.292188 0.554688 0.111719 0.128125
0 0.588672 0.765234 0.0421875 0.0632813
0 0.75 0.521094 0.0453125 0.08125
0 0.743359 0.38916 0.053125 0.162305
0 0.244922 0.440625 0.139063 0.124219
0 0.657031 0.321094 0.059375 0.0835937
0 0.213672 0.0411133 0.0515625 0.0794922
0 0.632812 0.292969 0.0265625 0.0398437
0 0.660156 0.294727 0.0625 0.0972656
0 0.439844 0.981641 0.0515625 0.0367188
0 0.580078 0.764844 0.0773438 0.195312
0 0.597656 0.915625 0.1375 0.16875
0 0.675 0.225732 0.096875 0.153223
0 0.319141 0.372852 0.273438 0.646484
0 0.353906 0.907031 0.0765625 0.139063
0 0.211719 0.582812 0.0351562 0.0453125
0 0.194092 0.0393066 0.0649414 0.0704102
0 0.91875 0.833594 0.05 0.0609375
0 0.319189 0.244727 0.374121 0.470703
0 0.450879 0.927344 0.266992 0.145313
0 0.572656 0.803125 0.059375 0.109375
0 0.643359 0.294141 0.0671875 0.0617188
0 0.664062 0.338281 0.213281 0.445312
0 0.264062 0.739453 0.212109 0.427344
0 0.130664 0.0594238 0.203125 0.115918
0 0.207764 0.436328 0.157129 0.160156
0 0.721094 0.297656 0.053125 0.126953
0 0.754297 0.657422 0.0367188 0.0601563
0 0.0370972 0.919531 0.047876 0.0765625
0 0.357422 0.428223 0.103906 0.135742
0 0.751563 0.433594 0.05 0.220313
0 0.288672 0.909375 0.0484375 0.046875
0 0.266016 0.478906 0.172656 0.123438
0 0.924219 0.826563 0.0484375 0.06875
0 0.354883 0.9125 0.0699219 0.104688
0 0.29375 0.91875 0.0515625 0.0546875
0 0.378125 0.423438 0.175 0.232813
0 0.287109 0.614453 0.1125 0.15
0 0.655469 0.179883 0.145313 0.358984
0 0.342578 0.371484 0.0851563 0.0664062
0 0.320703 0.584375 0.0460938 0.065625
0 0.16875 0.814063 0.230859 0.20625
0 0.621875 0.0525879 0.0453125 0.0584961
0 0.399219 0.546875 0.0546875 0.08125
0 0.214062 0.571875 0.04375 0.0625
0 0.0354614 0.9125 0.037085 0.0625
0 0.508984 0.975 0.145313 0.05
0 0.338086 0.355664 0.0964844 0.0886719
0 0.715625 0.270703 0.05 0.145703
0 0.697266 0.692578 0.03125 0.0414063
0 0.475391 0.499121 0.777344 0.65332
0 0.684375 0.228467 0.0757812 0.12666
0 0.378125 0.917969 0.040625 0.071875
0 0.530469 0.458594 0.0296875 0.0359375
0 0.168164 0.870313 0.114453 0.09375
0 0.762109 0.489844 0.0414063 0.09375
0 0.463281 0.639844 0.651563 0.676562
0 0.241406 0.684766 0.246094 0.542969
0 0.273242 0.687109 0.338672 0.583594
0 0.367969 0.684375 0.529688 0.610938
0 0.716797 0.445996 0.124219 0.342383
0 0.619531 0.481152 0.317188 0.476758
0 0.660937 0.411328 0.228125 0.314063
0 0.658984 0.477734 0.241406 0.435156
0 0.707422 0.658594 0.110937 0.128125
0 0.714063 0.393848 0.117188 0.235742
0 0.188086 0.0821289 0.0839844 0.159961
0 0.71875 0.344141 0.101562 0.125781
0 0.488184 0.505566 0.587695 0.543555
0 0.141699 0.883594 0.0601563 0.0796875
0 0.661719 0.336719 0.21875 0.136719
0 0.553906 0.926562 0.0640625 0.146875
0 0.175391 0.103418 0.112109 0.206836
0 0.663281 0.376953 0.225 0.222656
0 0.738281 0.421094 0.084375 0.278125
0 0.251221 0.835156 0.287402 0.273438
0 0.550781 0.884766 0.0703125 0.230469
0 0.729297 0.482812 0.103906 0.480469
0 0.321875 0.626953 0.0894531 0.145313
0 0.324414 0.923438 0.137891 0.0875
0 0.240186 0.766406 0.262598 0.342187
0 0.184033 0.142285 0.0999023 0.28457
0 0.717188 0.670313 0.0929688 0.096875
0 0.572656 0.619531 0.420312 0.695312
0 0.273828 0.603125 0.1875 0.390625
0 0.739062 0.344141 0.0578125 0.117188
0 0.571094 0.848437 0.107813 0.303125
0 0.468652 0.892969 0.237695 0.214062
0 0.162109 0.146289 0.139453 0.292578
0 0.54375 0.913281 0.090625 0.173438
0 0.459766 0.445215 0.702344 0.420508
0 0.127441 0.166504 0.213477 0.333008
0 0.163574 0.88125 0.10332 0.084375
0 0.713281 0.360938 0.1125 0.182812
0 0.54375 0.849219 0.121875 0.301563
0 0.332422 0.633984 0.0640625 0.132031
0 0.711328 0.614453 0.120313 0.213281
0 0.36582 0.842578 0.454297 0.314844
0 0.338477 0.939063 0.116797 0.065625
0 0.159277 0.89375 0.0943359 0.05
0 0.214258 0.815625 0.207031 0.229687
0 0.132812 0.891406 0.0371094 0.0609375
0 0.182373 0.198437 0.10166 0.396875
0 0.167676 0.8875 0.118555 0.046875
0 0.544531 0.917969 0.0765625 0.164062
0 0.225 0.502734 0.107031 0.213281
0 0.703906 0.529785 0.154688 0.43418
0 0.267627 0.755469 0.213965 0.476562
0 0.521094 0.914062 0.121875 0.171875
0 0.348047 0.93125 0.0882813 0.065625
0 0.497656 0.859375 0.201563 0.28125
0 0.713281 0.55625 0.128125 0.3375
0 0.188086 0.785156 0.165625 0.276563
0 0.555859 0.903125 0.0585938 0.145313
0 0.135547 0.898438 0.0429688 0.05
0 0.398047 0.541797 0.05 0.0695313
0 0.170508 0.175 0.171094 0.35
0 0.133594 0.889063 0.0492188 0.0703125
0 0.149414 0.871875 0.0828125 0.103125
0 0.26875 0.558691 0.205469 0.624805
0 0.194922 0.0611816 0.065625 0.120996
0 0.558594 0.970313 0.0390625 0.059375
0 0.401563 0.535937 0.0328125 0.0484375
0 0.540234 0.935156 0.0882813 0.129688
0 0.516797 0.876563 0.144531 0.246875
0 0.199951 0.194727 0.105566 0.389453
0 0.489844 0.916406 0.189063 0.167187
0 0.548047 0.947656 0.065625 0.104688
0 0.455469 0.923438 0.259375 0.153125
0 0.351367 0.417578 0.533203 0.835156
0 0.395703 0.359766 0.791406 0.719531
0 0.660156 0.306836 0.21875 0.196484
0 0.409375 0.957812 0.129688 0.084375
0 0.367188 0.93125 0.05625 0.0703125
0 0.164844 0.860938 0.110156 0.128125
0 0.340234 0.637891 0.0539063 0.115625
0 0.172363 0.842383 0.11543 0.168359
0 0.313281 0.642578 0.113281 0.194531
0 0.544531 0.973437 0.0671875 0.053125
0 0.175781 0.0717773 0.108203 0.141797
0 0.550781 0.482031 0.0515625 0.075
0 0.561328 0.91875 0.05 0.140625
0 0.166602 0.8875 0.135156 0.065625
0 0.213867 0.0964844 0.126172 0.192969
0 0.375391 0.94375 0.120313 0.1125
0 0.224805 0.450781 0.0695313 0.0734375
0 0.250195 0.891406 0.291797 0.189063
0 0.297461 0.627344 0.148828 0.1375
0 0.354688 0.925 0.0734375 0.084375
0 0.517969 0.966406 0.11875 0.0671875
0 0.407813 0.96875 0.114844 0.0625
0 0.554688 0.955078 0.053125 0.0898438
0 0.35625 0.940625 0.0820312 0.103125
0 0.432813 0.882812 0.299219 0.234375
0 0.748438 0.358594 0.0375 0.0796875
0 0.549219 0.892188 0.0765625 0.159375
0 0.131641 0.897656 0.0324219 0.0453125
0 0.391797 0.542969 0.05 0.090625
0 0.143359 0.896875 0.0550781 0.05
0 0.694531 0.323047 0.153125 0.166406
0 0.22207 0.131055 0.255078 0.262109
0 0.28833 0.416406 0.268652 0.832812
0 0.40625 0.53125 0.04375 0.071875
0 0.200781 0.542188 0.065625 0.170313
0 0.524219 0.836328 0.160938 0.327344
0 0.70625 0.241797 0.0328125 0.0804688
0 0.553125 0.967188 0.0453125 0.065625
0 0.689063 0.658984 0.0734375 0.119531
0 0.250049 0.516406 0.151465 0.210938
0 0.345117 0.942187 0.0996094 0.05
0 0.226953 0.580859 0.107813 0.347656
0 0.316748 0.40625 0.286816 0.696875
0 0.25 0.429688 0.41875 0.859375
0 0.186768 0.098999 0.0709961 0.149268
0 0.214648 0.471094 0.0871094 0.107813
0 0.703516 0.682813 0.0851563 0.06875
0 0.511328 0.975 0.133594 0.05
0 0.717578 0.296484 0.103125 0.213281
0 0.343555 0.951563 0.103516 0.0625
0 0.394531 0.948438 0.135937 0.103125
0 0.241406 0.567187 0.116406 0.1375
0 0.219141 0.488672 0.0953125 0.161719
0 0.425391 0.488379 0.527344 0.470117
0 0.392578 0.584375 0.05625 0.165625
0 0.403906 0.542188 0.05 0.0890625
0 0.240625 0.697656 0.053125 0.146875
0 0.592969 0.858203 0.139063 0.283594
0 0.656641 0.356836 0.233594 0.317578
0 0.308984 0.503516 0.269531 0.469531
0 0.392969 0.541016 0.0453125 0.059375
0 0.193701 0.0925781 0.0735352 0.185156
0 0.208594 0.559766 0.0609375 0.117188
0 0.434766 0.436719 0.805469 0.624219
0 0.542188 0.478906 0.0625 0.071875
0 0.750781 0.359375 0.0484375 0.0976562
0 0.280859 0.538184 0.200781 0.367383
0 0.540625 0.958594 0.0789063 0.0828125
0 0.360547 0.935938 0.0640625 0.05625
0 0.0295898 0.910937 0.0453125 0.121875
0 0.220752 0.145605 0.140527 0.291211
0 0.237305 0.194922 0.248047 0.389844
0 0.0372925 0.941797 0.0468994 0.116406
0 0.700781 0.689844 0.040625 0.053125
0 0.169043 0.903125 0.110742 0.059375
0 0.241602 0.607422 0.137891 0.410156
0 0.406934 0.978906 0.142383 0.0421875
0 0.239063 0.451953 0.0492188 0.0632813
0 0.709375 0.319922 0.0945313 0.110937
0 0.202344 0.8875 0.046875 0.040625
0 0.375 0.929688 0.0367188 0.06875
0 0.384473 0.508691 0.17793 0.362305
0 0.217139 0.851562 0.209473 0.170313
0 0.685156 0.682031 0.0585938 0.0726563
0 0.399219 0.571094 0.0523438 0.144531
0 0.197217 0.789062 0.0852539 0.170313
0 0.695703 0.281982 0.139063 0.219629
0 0.424219 0.972656 0.0953125 0.0546875
0 0.710547 0.286328 0.0820312 0.186719
0 0.499219 0.977344 0.176563 0.0453125
0 0.241797 0.64541 0.248438 0.601367
0 0.713281 0.339453 0.104688 0.121094
0 0.552344 0.928125 0.059375 0.14375
0 0.183984 0.102734 0.0816406 0.205469
0 0.162402 0.108691 0.12207 0.217383
0 0.251953 0.834375 0.276563 0.254688
0 0.327344 0.688281 0.432031 0.553125
0 0.180859 0.0957031 0.0769531 0.147266
0 0.159277 0.199414 0.124023 0.395703
0 0.713281 0.671875 0.096875 0.09375
0 0.194727 0.13125 0.105469 0.2625
0 0.131836 0.888281 0.0386719 0.06875
0 0.734375 0.345117 0.0625 0.116797
0 0.214648 0.459375 0.0839844 0.101562
0 0.137012 0.882812 0.0503906 0.0796875
0 0.71875 0.487109 0.114063 0.411719
0 0.54375 0.921094 0.071875 0.157813
0 0.70625 0.246875 0.0296875 0.08125
0 0.521094 0.925 0.1125 0.15
0 0.319141 0.624609 0.0945313 0.136719
0 0.717188 0.380469 0.109375 0.201563
0 0.561328 0.921875 0.0390625 0.128125
0 0.191016 0.0831055 0.0679687 0.166211
0 0.240625 0.7875 0.253125 0.295312
0 0.658984 0.333203 0.217969 0.121875
0 0.709375 0.646484 0.10625 0.146094
0 0.665625 0.41875 0.21875 0.280469
0 0.197314 0.205078 0.113184 0.410156
0 0.551562 0.90625 0.059375 0.121875
0 0.219531 0.439844 0.0851563 0.10625
0 0.355078 0.844531 0.452344 0.307813
0 0.150098 0.86875 0.0826172 0.10625
0 0.218945 0.505469 0.09375 0.196875
0 0.143555 0.878906 0.0660156 0.0859375
0 0.223828 0.422656 0.226562 0.845313
0 0.241406 0.689063 0.0476562 0.123438
0 0.241016 0.432422 0.0953125 0.103906
0 0.164453 0.166211 0.156641 0.31875
0 0.685156 0.494922 0.185938 0.426563
0 0.130078 0.895312 0.0328125 0.053125
0 0.470313 0.922656 0.215625 0.154688
0 0.26543 0.366406 0.108594 0.129688
0 0.73125 0.496191 0.0890625 0.507617
0 0.707812 0.255469 0.0375 0.101562
0 0.742969 0.347266 0.0453125 0.110937
0 0.740234 0.465527 0.0726563 0.367383
0 0.673438 0.29043 0.182812 0.216016
0 0.220898 0.45 0.0757812 0.071875
0 0.202539 0.475 0.0773438 0.101562
0 0.26543 0.453125 0.216016 0.90625
0 0.250195 0.404297 0.157422 0.189844
0 0.247266 0.411328 0.0828125 0.113281
0 0.173242 0.233984 0.104297 0.467969
0 0.719922 0.292383 0.0882813 0.205859
0 0.726172 0.446191 0.100781 0.33418
0 0.5625 0.928125 0.0515625 0.14375
0 0.710938 0.293555 0.078125 0.161328
0 0.27832 0.766797 0.184766 0.410156
0 0.722656 0.259717 0.0734375 0.172754
0 0.174121 0.241406 0.168164 0.482812
0 0.710547 0.330078 0.0976562 0.0894531
0 0.234766 0.44375 0.0609375 0.0671875
0 0.538281 0.901563 0.0835937 0.196875
0 0.671484 0.318359 0.0265625 0.0539063
0 0.0286133 0.913281 0.0445313 0.114063
0 0.660937 0.34668 0.214062 0.329297
0 0.289258 0.417969 0.333984 0.835938
0 0.539062 0.857227 0.0859375 0.285547
0 0.185938 0.0655273 0.0804688 0.131055
0 0.191406 0.825781 0.154688 0.196875
0 0.0316284 0.921094 0.0377197 0.0734375
0 0.189453 0.475 0.0441406 0.0734375
0 0.696094 0.258984 0.130469 0.2375
0 0.673438 0.316406 0.0351562 0.0773438
0 0.299219 0.629687 0.142188 0.1375
0 0.7125 0.253516 0.040625 0.0625
0 0.707031 0.247266 0.028125 0.0554687
0 0.468359 0.583203 0.689844 0.813281
0 0.186133 0.480469 0.0316406 0.059375
0 0.203467 0.251172 0.123535 0.502344
0 0.160938 0.849219 0.100391 0.15
0 0.271875 0.607031 0.182031 0.398438
0 0.211914 0.430469 0.100391 0.144531
0 0.130664 0.180859 0.207422 0.344141
0 0.702344 0.695312 0.0414063 0.0453125
0 0.709375 0.683594 0.08125 0.0648438
0 0.311719 0.903125 0.152344 0.128125
0 0.719531 0.6875 0.0796875 0.065625
0 0.320312 0.61875 0.0625 0.125
0 0.200586 0.0675293 0.0523438 0.134082
0 0.363867 0.926562 0.0519531 0.075
0 0.709766 0.305469 0.090625 0.119531
0 0.0366211 0.933594 0.040918 0.0875
0 0.508594 0.895703 0.142188 0.208594
0 0.20332 0.541406 0.0636719 0.173438
0 0.6375 0.347266 0.165625 0.147656
0 0.253906 0.399316 0.0765625 0.112305
0 0.202393 0.444531 0.105371 0.1375
0 0.237109 0.450781 0.0429688 0.0632813
0 0.697266 0.697656 0.0257812 0.040625
0 0.714453 0.288867 0.0484375 0.141797
0 0.750391 0.484277 0.0523438 0.451758
0 0.914844 0.8375 0.034375 0.05
0 0.708594 0.257422 0.0484375 0.0824219
0 0.200391 0.801562 0.175391 0.251563
0 0.181689 0.418359 0.208496 0.836719
0 0.916406 0.832812 0.0421875 0.05625
0 0.253711 0.3875 0.0898438 0.1625
0 0.116602 0.177734 0.0382813 0.0683594
0 0.330664 0.628516 0.0683594 0.138281
0 0.384375 0.539453 0.0273438 0.0460938
0 0.205859 0.0419434 0.0390625 0.0774414
0 0.552344 0.948047 0.0515625 0.103906
0 0.124707 0.176611 0.0548828 0.0905273
0 0.705469 0.242969 0.0390625 0.0960938
0 0.198877 0.474219 0.0522461 0.0890625
0 0.2625 0.407422 0.0484375 0.0601563
0 0.394141 0.540625 0.0335938 0.0453125
0 0.134473 0.9 0.0408203 0.046875
0 0.378027 0.926562 0.0283203 0.0625
0 0.696875 0.692187 0.040625 0.0515625
0 0.437891 0.907031 0.2875 0.185938
0 0.38291 0.653125 0.543555 0.65
0 0.408594 0.959766 0.0976562 0.0804688
0 0.225 0.416504 0.0773438 0.135742
0 0.139453 0.180029 0.078125 0.0922852
0 0.212939 0.479688 0.0881836 0.167187
0 0.717188 0.269141 0.071875 0.260938
0 0.674219 0.323438 0.0296875 0.0609375
0 0.41875 0.835938 0.319531 0.317188
0 0.2375 0.710938 0.0484375 0.132812
0 0.372656 0.926562 0.0367188 0.0671875
0 0.437109 0.975 0.0507812 0.05
0 0.164844 0.885938 0.113281 0.0421875
0 0.182422 0.157617 0.0730469 0.137891
0 0.209326 0.546875 0.0711914 0.134375
0 0.391406 0.545313 0.0414063 0.0515625
0 0.19292 0.486719 0.0430664 0.0835937
0 0.0393677 0.946875 0.0392334 0.103125
0 0.352344 0.416406 0.483594 0.832812
0 0.190576 0.299219 0.179785 0.598437
0 0.193555 0.527734 0.0488281 0.158594
0 0.750781 0.665625 0.0265625 0.0515625
0 0.721484 0.659375 0.0851563 0.109375
0 0.140039 0.268359 0.212891 0.536719
0 0.706641 0.406934 0.144531 0.28457
0 0.7 0.701563 0.0375 0.04375
0 0.167578 0.842188 0.0898438 0.192188
0 0.565625 0.908594 0.0289063 0.103125
0 0.160645 0.876563 0.0970703 0.084375
0 0.684766 0.308594 0.0585938 0.0976562
0 0.331641 0.928125 0.121094 0.071875
0 0.20918 0.561719 0.0621094 0.101562
0 0.234375 0.403516 0.0632813 0.129688
0 0.313867 0.610547 0.0679687 0.102344
0 0.322266 0.921875 0.140625 0.090625
0 0.657813 0.280078 0.207813 0.441406
0 0.222461 0.446094 0.120313 0.246875
0 0.425781 0.964453 0.08125 0.0710938
0 0.237109 0.561719 0.102344 0.126563
0 0.692969 0.227686 0.0953125 0.349316
0 0.709375 0.578125 0.116406 0.290625
0 0.488281 0.932031 0.170313 0.135937
0 0.685938 0.682031 0.0578125 0.065625
0 0.199951 0.0477539 0.0516602 0.0892578
0 0.39375 0.539062 0.025 0.04375
0 0.325195 0.888281 0.131641 0.164062
0 0.667969 0.666797 0.0234375 0.0359375
0 0.441406 0.966016 0.0765625 0.0679687
0 0.326953 0.480469 0.0429688 0.09375
0 0.268359 0.485059 0.186719 0.356445
0 0.746875 0.361328 0.0359375 0.0742188
0 0.330859 0.492188 0.0457031 0.0984375
0 0.494922 0.877734 0.174219 0.244531
0 0.208398 0.476953 0.0980469 0.24375
0 0.672656 0.247461 0.165625 0.273828
0 0.428906 0.98125 0.0421875 0.0375
0 0.667188 0.365625 0.221875 0.18125
0 0.196484 0.0958984 0.0609375 0.191797
0 0.746875 0.671094 0.0335938 0.0625
0 0.555469 0.960156 0.0414063 0.0796875
0 0.725781 0.346094 0.110937 0.139844
0 0.133008 0.889063 0.065625 0.078125
0 0.272656 0.403516 0.025 0.040625
0 0.7 0.206445 0.04375 0.133594
0 0.233594 0.45 0.075 0.0828125
0 0.224219 0.549219 0.0890625 0.128906
0 0.161816 0.879687 0.125586 0.065625
0 0.422656 0.973437 0.0625 0.053125
0 0.403125 0.0986328 0.0296875 0.0417969
0 0.201563 0.445312 0.116406 0.242969
0 0.122852 0.182617 0.0488281 0.0683594
0 0.560156 0.96875 0.03125 0.0625
0 0.210938 0.569531 0.0453125 0.078125
0 0.746875 0.346875 0.059375 0.133594
0 0.175 0.891406 0.117188 0.0453125
0 0.150195 0.0921875 0.144922 0.177734
0 0.352344 0.8375 0.034375 0.053125
0 0.124805 0.200439 0.059375 0.0967773
0 0.172461 0.263281 0.126172 0.526563
0 0.575 0.000427246 0.160938 0.000854492
0 0.43125 0.982031 0.03125 0.0359375
0 0.224805 0.579688 0.103906 0.346875
0 0.623828 0.000366211 0.230469 0.000732422
0 0.410156 0.107227 0.04375 0.0611328
0 0.295703 0.617188 0.117969 0.125781
0 0.671875 0.670313 0.03125 0.0375
0 0.678125 0.671875 0.05 0.0507812
0 0.451562 0.970313 0.0835937 0.059375
0 0.553516 0.808984 0.0710938 0.382031
0 0.613672 0.000476074 0.163281 0.000952148
0 0.201123 0.316016 0.138379 0.483594
0 0.209766 0.0352051 0.0351562 0.0643555
0 0.212451 0.150391 0.125098 0.300781
0 0.371484 0.539062 0.0210938 0.0484375
0 0.566016 0.907813 0.0421875 0.103125
0 0.187891 0.473438 0.0699219 0.0984375
0 0.110937 0.182861 0.0320312 0.0577148
0 0.75 0.36875 0.0320312 0.0695313
0 0.232031 0.723437 0.0578125 0.1
0 0.184326 0.833594 0.122754 0.171875
0 0.137891 0.21582 0.08125 0.144922
0 0.671094 0.303125 0.0257812 0.0679687
0 0.182227 0.777344 0.143359 0.298438
0 0.217969 0.23125 0.053125 0.0585938
0 0.567969 0.379297 0.028125 0.144531
0 0.503125 0.000146484 0.201563 0.000292969
0 0.360156 0.917188 0.0664062 0.09375
0 0.282617 0.367969 0.108203 0.103906
0 0.232422 0.455078 0.0554687 0.0695313
0 0.437109 0.000134277 0.189063 0.000268555
0 0.145996 0.0693848 0.13457 0.13877
0 0.5375 0.000524902 0.160938 0.0010498
0 0.224219 0.406152 0.0476562 0.125195
0 0.270313 0.394531 0.0480469 0.0648438
0 0.750781 0.361523 0.046875 0.0933594
0 0.693359 0.289453 0.0742188 0.119531
0 0.299414 0.769141 0.15 0.461719
0 0.353906 0.901563 0.207031 0.175
0 0.15166 0.0576172 0.154492 0.115234
0 0.163672 0.173438 0.0820312 0.103516
0 0.978906 0.00849609 0.0421875 0.0169922
0 0.209424 0.139648 0.219434 0.278516
0 0.157129 0.8875 0.0935547 0.0609375
0 0.118555 0.168359 0.0476562 0.0890625
0 0.323828 0.467969 0.0367188 0.101562
0 0.190625 0.501172 0.040625 0.108594
0 0.216992 0.400781 0.131641 0.241406
0 0.725 0.674609 0.078125 0.0671875
0 0.273438 0.414453 0.192188 0.210156
0 0.398828 3.66211e-05 0.178906 7.32422e-05
0 0.660547 0.000634766 0.188281 0.00126953
0 0.475 0.000585938 0.157813 0.00117188
0 0.12793 0.895312 0.0511719 0.05625
0 0.694922 0.576465 0.166406 0.601758
0 0.141992 0.0507324 0.123438 0.101465
0 0.324023 0.511328 0.175391 0.413281
0 0.210742 0.108398 0.121094 0.216797
0 0.282617 0.64375 0.112891 0.159375
0 0.14502 0.235742 0.0744141 0.114453
0 0.347266 0.840625 0.0320312 0.06875
0 0.250391 0.685156 0.0585938 0.132812
0 0.570703 0.360938 0.0296875 0.101562
0 0.389062 0.5375 0.0375 0.05
0 0.342187 0.934375 0.0992187 0.05625
0 0.565625 0.852344 0.103125 0.295312
0 0.264062 0.876563 0.253125 0.175
0 0.23125 0.210938 0.234375 0.414062
0 0.21582 0.882812 0.0867188 0.046875
0 0.26875 0.407031 0.0390625 0.0515625
0 0.702734 0.226367 0.040625 0.118359
0 0.164062 0.865625 0.122266 0.1
0 0.417188 0.123242 0.0601563 0.0929688
0 0.284375 0.902344 0.0476562 0.0625
0 0.154492 0.828125 0.0808594 0.184375
0 0.211328 0.0525391 0.0570313 0.105078
0 0.824219 0.000512695 0.15 0.00102539
0 0.154102 0.17793 0.0816406 0.0898438
0 0.326172 0.422559 0.0398437 0.120508
0 0.425781 0.954688 0.096875 0.090625
0 0.239453 0.46084 0.133203 0.254883
0 0.708984 0.24458 0.0671875 0.320996
0 0.796875 0 0.129688 0
0 0.570703 0.372266 0.0328125 0.189063
0 0.550781 0.882812 0.071875 0.140625
0 0.216992 0.341797 0.141797 0.410156
0 0.196826 0.188477 0.0961914 0.182031
0 0.459375 0.962891 0.096875 0.0742188
0 0.93125 1.2207e-05 0.1375 2.44141e-05
0 0.309766 0.335352 0.0335938 0.0402344
0 0.391797 0.953125 0.120313 0.09375
0 0.400391 0.538281 0.0296875 0.0421875
0 0.20957 0.578906 0.0359375 0.0570313
0 0.669531 0.664453 0.0328125 0.0390625
0 0.248242 0 0.103516 0
0 0.388672 0.585156 0.0375 0.117188
0 0.218359 0.228516 0.0613281 0.08125
0 0.363867 0.000463867 0.153516 0.000927734
0 0.31582 0.687891 0.413672 0.530469
0 0.241846 0.678906 0.263184 0.520312
0 0.712891 0.340625 0.0960938 0.124219
0 0.55625 0.926562 0.0609375 0.146875
0 0.18667 0.108789 0.0797852 0.216016
0 0.254297 0.833008 0.292969 0.237109
0 0.171875 0.113281 0.106641 0.222266
0 0.69375 0.337305 0.1375 0.130078
0 0.272461 0.588281 0.191016 0.35
0 0.559766 0.917188 0.0507812 0.140625
0 0.740625 0.345898 0.0570313 0.121484
0 0.331641 0.624609 0.0679687 0.139063
0 0.190186 0.116797 0.11416 0.233594
0 0.0294434 0.910156 0.0483398 0.125
0 0.344531 0.849219 0.479688 0.296875
0 0.655859 0.266455 0.214844 0.295996
0 0.6625 0.330469 0.221875 0.148438
0 0.546484 0.922656 0.0664062 0.154688
0 0.746875 0.349414 0.0421875 0.117578
0 0.148047 0.880469 0.0714844 0.0890625
0 0.526953 0.923047 0.0992187 0.153906
0 0.0348755 0.917188 0.0390381 0.090625
0 0.222266 0.421484 0.236719 0.842969
0 0.195898 0.0892578 0.0613281 0.178516
0 0.732031 0.339453 0.0703125 0.117969
0 0.210107 0.465625 0.0875977 0.0890625
0 0.258984 0.45625 0.236719 0.9125
0 0.242383 0.514844 0.142188 0.196875
0 0.31875 0.6125 0.084375 0.132812
0 0.723047 0.296484 0.0804688 0.217188
0 0.219092 0.515234 0.0977539 0.1875
0 0.657031 0.304688 0.217188 0.208594
0 0.141504 0.889063 0.0560547 0.071875
0 0.384277 0.539062 0.0283203 0.0484375
0 0.710938 0.246094 0.0296875 0.075
0 0.754297 0.367969 0.0296875 0.06875
0 0.709375 0.295703 0.0859375 0.147656
0 0.0383789 0.93125 0.0412109 0.09375
0 0.335938 0.498047 0.0460938 0.113281
0 0.25083 0.775 0.28584 0.34375
0 0.56875 0.908594 0.03125 0.125
0 0.5625 0.921875 0.0523438 0.15625
0 0.691406 0.286523 0.146875 0.240234
0 0.561328 0.929688 0.0367188 0.140625
0 0.330859 0.489063 0.0429688 0.103125
0 0.380469 0.927344 0.0289063 0.06875
0 0.163281 0.878125 0.101172 0.0953125
0 0.342969 0.647656 0.0445313 0.0953125
0 0.036377 0.924219 0.0338867 0.071875
0 0.750781 0.360547 0.0335938 0.0804688
0 0.388672 0.541406 0.0390625 0.05
0 0.717969 0.277734 0.0578125 0.130859
0 0.340234 0.635547 0.0539063 0.128906
0 0.489063 0.917188 0.178125 0.165625
0 0.203906 0.215234 0.129297 0.430469
0 0.236719 0.426953 0.103906 0.132031
0 0.226953 0.456641 0.065625 0.0773438
0 0.269336 0.749609 0.231641 0.421094
0 0.157617 0.114453 0.152734 0.225
0 0.308594 0.425781 0.352344 0.851562
0 0.709375 0.32832 0.0921875 0.0917969
0 0.223242 0.508594 0.280078 0.845313
0 0.69375 0.123633 0.0359375 0.0570313
0 0.185547 0.0929932 0.0777344 0.144482
0 0.725 0.347266 0.103125 0.146094
0 0.206055 0.0649414 0.0433594 0.129883
0 0.0254395 0.896875 0.0441406 0.128125
0 0.194873 0.475 0.0579102 0.0554687
0 0.217773 0.490234 0.0898438 0.159375
0 0.230078 0.510938 0.0921875 0.232813
0 0.5625 0.966406 0.03125 0.0671875
0 0.21875 0.450781 0.0828125 0.102344
0 0.327344 0.479688 0.0398437 0.084375
0 0.330078 0.608594 0.04375 0.109375
0 0.554688 0.94375 0.0515625 0.1125
0 0.205811 0.824805 0.187598 0.212891
0 0.338672 0.509375 0.0382813 0.0640625
0 0.675781 0.312891 0.0328125 0.0828125
0 0.13418 0.895312 0.0398437 0.053125
0 0.198828 0.196826 0.182031 0.38916
0 0.16875 0.415625 0.277344 0.83125
0 0.376563 0.536719 0.0296875 0.0523438
0 0.212305 0.164844 0.114453 0.329688
0 0.391016 0.543359 0.0507812 0.05625
0 0.0425293 0.945312 0.0359375 0.1
0 0.36875 0.884375 0.427344 0.23125
0 0.698828 0.154688 0.034375 0.0566406
0 0.18418 0.478906 0.0324219 0.0484375
0 0.351562 0.660937 0.0273438 0.0578125
0 0.375781 0.927344 0.0398437 0.0734375
0 0.545313 0.829688 0.0921875 0.340625
0 0.199414 0.108789 0.0519531 0.217578
0 0.347266 0.653906 0.0335938 0.071875
0 0.204688 0.0864746 0.046875 0.172949
0 0.236328 0.454688 0.0460938 0.0640625
0 0.696875 0.142383 0.0390625 0.0714844
0 0.694141 0.131934 0.040625 0.0671875
0 0.242139 0.308984 0.179785 0.449219
0 0.672266 0.314844 0.0273438 0.0585938
0 0.27793 0.89375 0.0378906 0.05625
0 0.676562 0.32207 0.0265625 0.0605469
0 0.346484 0.646777 0.521094 0.668945
0 0.591406 0.271484 0.0234375 0.04375
0 0.368164 0.925 0.0535156 0.08125
0 0.692969 0.231641 0.1 0.296875
0 0.370313 0.932813 0.0476562 0.0609375
0 0.555859 0.954688 0.0421875 0.090625
0 0.689063 0.119824 0.0320312 0.0519531
0 0.715625 0.261719 0.0390625 0.104688
0 0.252344 0.407422 0.158594 0.202344
0 0.238477 0.558203 0.0933594 0.114844
0 0.316406 0.603906 0.065625 0.0992187
0 0.377246 0.532422 0.0376953 0.0671875
0 0.197217 0.0634766 0.0610352 0.126953
0 0.336719 0.352148 0.05625 0.0800781
0 0.332031 0.614844 0.05 0.139063
0 0.757812 0.371094 0.034375 0.102344
0 0.172266 0.248047 0.219141 0.496094
0 0.749219 0.348242 0.0578125 0.133984
0 0.261328 0.866406 0.26875 0.19375
0 0.539453 0.878516 0.090625 0.242969
0 0.549219 0.851758 0.06875 0.296484
0 0.679688 0.305859 0.0421875 0.0851563
0 0.227344 0.242188 0.101562 0.484375
0 0.334961 0.342773 0.0453125 0.0558594
0 0.562891 0.971875 0.0273438 0.053125
0 0.705078 0.163574 0.0273438 0.0470703
0 0.235742 0.843555 0.249609 0.191016
0 0.373828 0.524902 0.140625 0.36582
0 0.719141 0.691406 0.0789063 0.0578125
0 0.205469 0.141504 0.0367188 0.144336
0 0.235547 0.441406 0.090625 0.109375
0 0.33418 0.927344 0.116797 0.0796875
0 0.451953 0.444922 0.028125 0.053125
0 0.407031 0.423438 0.573438 0.846875
0 0.166797 0.885156 0.120313 0.05
0 0.557031 0.970313 0.0390625 0.059375
0 0.752344 0.661719 0.0265625 0.0515625
0 0.130762 0.898438 0.0333984 0.04375
0 0.587891 0.248828 0.353906 0.317969
0 0.639063 0.298438 0.25 0.267969
0 0.654688 0.363477 0.235938 0.201172
0 0.565625 0.961328 0.0390625 0.0773438
0 0.235156 0.243555 0.0523438 0.0878906
0 0.215234 0.569922 0.0453125 0.0789063
0 0.242578 0.356836 0.149219 0.320703
0 0.59375 0.729297 0.0203125 0.0335938
0 0.70625 0.210352 0.034375 0.148438
0 0.23418 0.234766 0.0421875 0.065625
0 0.344531 0.519141 0.0421875 0.0617188
0 0.554297 0.814844 0.06875 0.370313
0 0.341992 0.514844 0.0324219 0.053125
0 0.721094 0.675 0.0875 0.0875
0 0.193945 0.136035 0.059375 0.161523
0 0.705469 0.312109 0.0890625 0.102734
0 0.510938 0.883984 0.148438 0.232031
0 0.242773 0.457813 0.0398437 0.065625
0 0.445312 0.439453 0.034375 0.046875
0 0.351172 0.640625 0.0679687 0.124219
0 0.404687 0.0989258 0.0296875 0.0423828
0 0.160522 0.177148 0.193018 0.345313
0 0.707031 0.243555 0.0390625 0.0824219
0 0.0452637 0.957812 0.0321289 0.08125
0 0.970313 0.00563965 0.059375 0.0112793
0 0.701953 0.161816 0.0367188 0.0607422
0 0.326367 0.339648 0.0441406 0.0511719
0 0.321484 0.354688 0.0777344 0.0898438
0 0.164062 0.880469 0.125 0.071875
0 0.2125 0.575781 0.0367188 0.0625
0 0.417578 0.11272 0.0546875 0.0757324
0 0.421094 0.914062 0.332031 0.171875
0 0.407031 0.38584 0.742188 0.692383
0 0.226953 0.233984 0.0578125 0.06875
0 0.720313 0.30293 0.0625 0.136719
0 0.177393 0.477734 0.0342773 0.0460938
0 0.950391 0.00145264 0.0992187 0.00290527
0 0.26875 0.692969 0.202344 0.398438
0 0.256641 0.292578 0.04375 0.104688
0 0.250391 0.291016 0.0484375 0.117188
0 0.160742 0.853125 0.0933594 0.140625
0 0.238477 0.257812 0.0558594 0.115625
0 0.691406 0.191016 0.0859375 0.305859
0 0.0312622 0.91875 0.0411865 0.06875
0 0.315234 0.895312 0.15 0.14375
0 0.209375 0.444141 0.0894531 0.13125
0 0.388672 0.5875 0.04375 0.1375
0 0.225977 0.561719 0.0628906 0.0914062
0 0.322266 0.335156 0.0375 0.0429688
0 0.350781 0.651563 0.05 0.0898438
0 0.207031 0.122559 0.0378906 0.20293
0 0.303906 0.607813 0.115625 0.135937
0 0.264258 0.885938 0.0652344 0.059375
0 0.308594 0.595703 0.0773438 0.0898438
0 0.702344 0.696094 0.040625 0.0453125
0 0.341406 0.935938 0.100781 0.0703125
0 0.314844 0.33418 0.0414063 0.0445313
0 0.396094 0.5375 0.0375 0.0453125
0 0.365234 0.915625 0.0648438 0.103125
0 0.215234 0.322656 0.148047 0.41875
0 0.0709473 0.685156 0.0348633 0.0703125
0 0.695312 0.695312 0.0390625 0.04375
0 0.343164 0.514453 0.0496094 0.0765625
0 0.236523 0.246094 0.219922 0.492188
0 0.450098 0.892188 0.274805 0.215625
0 0.215625 0.429688 0.075 0.10625
0 0.333203 0.364453 0.0546875 0.06875
0 0.198633 0.453125 0.0980469 0.110937
0 0.669922 0.220117 0.154688 0.285547
0 0.340625 0.349219 0.0453125 0.0664062
0 0.268311 0.438965 0.188379 0.273633
0 0.715625 0.366406 0.109375 0.182031
0 0.548828 0.957812 0.0578125 0.084375
0 0.308984 0.631641 0.107813 0.167969
0 0.382715 0.523438 0.0267578 0.0609375
0 0.198047 0.524609 0.0695313 0.171875
0 0.283398 0.899219 0.0394531 0.0625
0 0.0492188 0.000549316 0.0984375 0.00109863
0 0.738281 0.332422 0.05 0.103906
0 0.245312 0.26875 0.0492188 0.129688
0 0.682031 0.328516 0.0359375 0.0664062
0 0.340625 0.620703 0.1 0.1625
0 0.587891 0.264453 0.0210938 0.04375
0 0.230859 0.245312 0.0738281 0.100781
0 0.209326 0.107031 0.118066 0.214062
0 0.162109 0.8875 0.100391 0.065625
0 0.591406 0.263281 0.0234375 0.0445313
0 0.405859 0.220264 0.730469 0.386035
0 0.689063 0.114844 0.0359375 0.0738281
0 0.563672 0.896875 0.0414063 0.11875
0 0.328125 0.597266 0.0347656 0.0835937
0 0.308203 0.587109 0.0609375 0.059375
0 0.299609 0.621094 0.139063 0.146875
0 0.696094 0.698438 0.0265625 0.040625
0 0.186377 0.849805 0.144434 0.156641
0 0.195264 0.303125 0.13916 0.4375
0 0.39375 0.51416 0.107031 0.412305
0 0.353906 0.527734 0.025 0.05
0 0.929297 0.000549316 0.141406 0.00109863
0 0.300781 0.348047 0.0820312 0.0773438
0 0.184326 0.153906 0.0735352 0.125781
0 0.645312 0.0010376 0.238281 0.0020752
0 0.442285 0.930859 0.26543 0.138281
0 0.383203 0.547656 0.04375 0.0703125
0 0.985156 0.0194824 0.0296875 0.0389648
0 0.915625 0.834375 0.0359375 0.05
0 0.030542 0.000463867 0.061084 0.000927734
0 0.373047 0.528125 0.0507812 0.0835937
0 0.330469 0.336523 0.0351562 0.0425781
0 0.669141 0.308984 0.0398437 0.078125
0 0.0382813 0.923438 0.0481445 0.126563
0 0.0369141 0.917188 0.0626953 0.1625
0 0.708203 0.242383 0.0726563 0.299609
0 0.321094 0.914844 0.145313 0.110937
0 0.21543 0.490625 0.116016 0.207813
0 0.269336 0.527344 0.187109 0.214062
0 0.423438 0.124121 0.065625 0.0949219
0 0.727344 0.31875 0.0484375 0.102344
0 0.259961 0.897656 0.262891 0.140625
0 0.0243652 0.00166016 0.0487305 0.00332031
0 0.520312 0.848437 0.1375 0.301563
0 0.592188 0.000683594 0.220313 0.00136719
0 0.694922 0.149219 0.046875 0.0765625
0 0.228564 0.421484 0.12959 0.188281
0 0.352734 0.661719 0.0390625 0.0640625
0 0.404004 0.320312 0.735742 0.463281
0 0.169434 0.866406 0.139648 0.107813
0 0.230078 0.549219 0.075 0.117188
0 0.920313 0.8375 0.034375 0.046875
0 0.254492 0.30332 0.0535156 0.0886719
0 0.236133 0.878125 0.117578 0.053125
0 0.244531 0.688281 0.0445313 0.110156
0 0.133984 0.199023 0.238281 0.387109
0 0.59375 0.26875 0.0328125 0.0492188
0 0.565625 0.853125 0.101562 0.29375
0 0.317578 0.591016 0.0546875 0.0757812
0 0.133008 0.898438 0.0664062 0.065625
0 0.181592 0.479688 0.0430664 0.0539063
0 1 0.278711 0 0.166016
0 0.212891 0.132422 0.220313 0.264844
0 0.243359 0.40625 0.0929688 0.134375
0 1 0.415234 0 0.164844
0 0.3375 0.507812 0.0585938 0.151562
0 0.690625 0.684375 0.0484375 0.059375
0 0.385547 0.635156 0.040625 0.134375
0 0.671094 0.302539 0.0265625 0.0703125
0 1 0.576563 0 0.167187
0 0.00893555 0.00284424 0.0178711 0.00568848
0 0.498437 0.000683594 0.204688 0.00136719
0 0.0321777 0.895312 0.0515625 0.2
0 1 0.541016 0 0.147656
0 1 0.638672 0 0.157813
0 1 0.728125 0 0.1625
0 0.549609 0.000634766 0.205469 0.00126953
0 1 0.365234 0 0.16875
0 0.406641 0.000695801 0.189063 0.0013916
0 0.210938 0.0376953 0.0335938 0.0675781
0 1 0.8375 0 0.151562
0 0.038855 0.860742 0.0668213 0.272266
0 0.357227 0.902344 0.0808594 0.154688
0 0.571094 0.914062 0.059375 0.129688
0 0.347656 0.682813 0.476562 0.554688
0 0.236328 0.672266 0.261719 0.524219
0 0.720313 0.383496 0.115625 0.214258
0 0.271436 0.558594 0.194629 0.2875
0 0.553125 0.925 0.0609375 0.15
0 0.322266 0.61875 0.0882813 0.142188
0 0.312109 0.384375 0.297656 0.76875
0 0.435937 0.604785 0.745313 0.749805
0 0.711719 0.360547 0.132812 0.166406
0 0.722656 0.342773 0.0984375 0.124609
0 0.332617 0.627344 0.0753906 0.142188
0 0.672266 0.35 0.200781 0.145313
0 0.196289 0.0943115 0.0839844 0.180127
0 0.165723 0.883594 0.106445 0.0890625
0 0.528516 0.922656 0.101562 0.154688
0 0.247461 0.739453 0.250391 0.357031
0 0.736719 0.396777 0.0859375 0.237695
0 0.381152 0.390625 0.445508 0.78125
0 0.197852 0.0958984 0.0605469 0.191797
0 0.251953 0.909375 0.301563 0.128125
0 0.542969 0.921875 0.0765625 0.146875
0 0.736719 0.349609 0.0609375 0.129688
0 0.208203 0.11748 0.118359 0.229102
0 0.560938 0.917188 0.0453125 0.135937
0 0.255859 0.888281 0.307031 0.121875
0 0.474609 0.924219 0.208594 0.151562
0 0.174023 0.871875 0.124609 0.115625
0 0.224023 0.504687 0.0996094 0.210938
0 0.473047 0.386719 0.663281 0.773438
0 0.194971 0.817969 0.170996 0.221875
0 0.186914 0.0990234 0.0777344 0.151172
0 0.255664 0.85 0.300391 0.175
0 0.178076 0.0947266 0.100098 0.180469
0 0.344531 0.788867 0.482812 0.422266
0 0.664844 0.398047 0.223438 0.239844
0 0.271533 0.518359 0.197559 0.2
0 0.216016 0.465234 0.090625 0.102344
0 0.169727 0.89375 0.125 0.065625
0 0.368555 0.932031 0.0519531 0.065625
0 0.225977 0.460547 0.0722656 0.0789063
0 0.179248 0.109668 0.15166 0.212305
0 0.744141 0.364844 0.0523438 0.151562
0 0.30625 0.628906 0.307813 0.584375
0 0.378906 0.928125 0.0296875 0.06875
0 0.176367 0.883594 0.149609 0.08125
0 0.561719 0.922656 0.0578125 0.154688
0 0.551562 0.903125 0.0632813 0.128125
0 0.210938 0.161621 0.123828 0.323242
0 0.254492 0.792969 0.292578 0.279687
0 0.463281 0.53125 0.634375 0.675
0 0.163281 0.85625 0.109375 0.140625
0 0.665234 0.476562 0.227344 0.407031
0 0.446875 0.445312 0.0421875 0.0640625
0 0.154297 0.8875 0.0832031 0.071875
0 0.156445 0.0966797 0.139453 0.186328
0 0.339844 0.930469 0.107031 0.0953125
0 0.292236 0.489063 0.26084 0.834375
0 0.342773 0.644922 0.0570313 0.114063
0 0.227539 0.206641 0.104297 0.413281
0 0.224219 0.485547 0.084375 0.154688
0 0.151172 0.896875 0.0761719 0.053125
0 0.208154 0.850781 0.192285 0.154688
0 0.352344 0.935938 0.0828125 0.0734375
0 0.195117 0.0757812 0.0671875 0.151562
0 0.277344 0.898438 0.0445313 0.0703125
0 0.544922 0.939063 0.075 0.121875
0 0.205078 0.878906 0.186719 0.1
0 0.661719 0.328516 0.228125 0.15
0 0.35 0.664062 0.0363281 0.0664062
0 0.657813 0.352539 0.2375 0.268359
0 0.344531 0.655078 0.0464844 0.0882813
0 0.184424 0.882812 0.14834 0.0625
0 0.373828 0.928125 0.0382813 0.0734375
0 0.223877 0.183398 0.208496 0.354297
0 0.233398 0.458203 0.0546875 0.0726563
0 0.0287231 0.911719 0.0493896 0.128125
0 0.221924 0.875 0.105371 0.06875
0 0.203516 0.0624512 0.0492188 0.124902
0 0.555078 0.966797 0.0429688 0.0664062
0 0.239063 0.501563 0.08125 0.182812
0 0.318359 0.921875 0.153906 0.0984375
0 0.23125 0.259766 0.0796875 0.133984
0 0.751563 0.397266 0.046875 0.180469
0 0.26543 0.895312 0.0871094 0.084375
0 0.54375 0.816406 0.115625 0.367188
0 0.563281 0.957812 0.046875 0.084375
0 0.559375 0.973437 0.0328125 0.0515625
0 0.21543 0.864844 0.127344 0.0984375
0 0.238867 0.880469 0.123828 0.0625
0 0.257227 0.216211 0.208594 0.431641
0 0.229297 0.878906 0.0882813 0.0546875
0 0.232617 0.478125 0.0738281 0.125
0 0.563281 0.815039 0.102344 0.369922
0 0.353906 0.65 0.0695313 0.107813
0 0.747656 0.384766 0.046875 0.146875
0 0.207031 0.873438 0.124609 0.0765625
0 0.324414 0.418359 0.300391 0.223438
0 0.194092 0.833594 0.134473 0.16875
0 0.23457 0.523047 0.0980469 0.224219
0 0.750781 0.365234 0.05625 0.172656
0 0.375098 0.925781 0.0560547 0.0953125
0 0.207227 0.771094 0.196875 0.315625
0 0.307617 0.633203 0.117578 0.167969
0 0.547266 0.9625 0.0617188 0.075
0 0.44375 0.439844 0.04375 0.08125
0 0.137109 0.898438 0.0496094 0.05
0 0.37959 0.925 0.0392578 0.075
0 0.0345581 0.942187 0.047876 0.115625
0 0.751563 0.41875 0.0578125 0.3125
0 0.204346 0.210547 0.14834 0.413281
0 0.289062 0.775781 0.226562 0.403125
0 0.311523 0.602344 0.0914062 0.115625
0 0.239453 0.875781 0.1375 0.08125
0 0.359375 0.638672 0.0882813 0.13125
0 0.244922 0.558984 0.104688 0.132031
0 0.530078 0.94375 0.0992187 0.1125
0 0.213672 0.882812 0.0609375 0.0453125
0 0.640625 0.283203 0.26875 0.40625
0 0.204688 0.0850586 0.0554687 0.170117
0 0.225586 0.853125 0.124219 0.109375
0 0.204102 0.10752 0.0488281 0.171289
0 0.375 0.52959 0.18125 0.34707
0 0.151758 0.864844 0.0855469 0.123438
0 0.371875 0.854102 0.428125 0.291797
0 0.206641 0.132812 0.0421875 0.107031
0 0.333008 0.525781 0.274609 0.342969
0 0.327344 0.606641 0.0554687 0.111719
0 0.439063 0.430469 0.059375 0.114063
0 0.185547 0.156445 0.183203 0.297266
0 0.467285 0.889844 0.249805 0.220313
0 0.267383 0.276563 0.233203 0.553125
0 0.223096 0.255469 0.120215 0.499219
0 0.137305 0.892969 0.0609375 0.0703125
0 0.032312 0.927344 0.0445557 0.114063
0 0.242188 0.465625 0.0546875 0.0828125
0 0.560547 0.963281 0.0335938 0.0734375
0 0.19458 0.888281 0.112402 0.0765625
0 0.399316 0.888281 0.373242 0.223438
0 0.591406 0.729688 0.0234375 0.0359375
0 0.216602 0.882031 0.0828125 0.0515625
0 0.417578 0.421875 0.0984375 0.104688
0 0.352734 0.657031 0.05625 0.084375
0 0.397559 0.553906 0.0611328 0.0984375
0 0.515625 0.85625 0.15625 0.2875
0 0.661719 0.00163574 0.264062 0.00327148
0 0.349609 0.917969 0.0851563 0.1
0 0.163086 0.198047 0.221875 0.382031
0 0.226367 0.242969 0.0640625 0.09375
0 0.548047 0.285547 0.453125 0.382031
0 0.337891 0.625391 0.10625 0.165625
0 0.211523 0.839063 0.132422 0.15
0 0.227539 0.142773 0.237109 0.280859
0 0.755469 0.422559 0.0421875 0.239258
0 0.724219 0.439844 0.109375 0.339063
0 0.278516 0.728906 0.175391 0.339063
0 0.750391 0.658203 0.0304688 0.0546875
0 0.314844 0.901563 0.150781 0.1375
0 0.127539 0.896875 0.0378906 0.05625
0 0.23125 0.478906 0.112891 0.115625
0 0.184961 0.159961 0.0875 0.137109
0 0.547656 0.971094 0.0609375 0.0578125
0 0.452344 0.45 0.0375 0.0609375
0 0.556641 0.769531 0.0898438 0.460938
0 0.514063 0.897656 0.145313 0.204688
0 0.234375 0.535156 0.0914062 0.159375
0 0.193408 0.148657 0.0655273 0.152295
0 0.573438 0.919141 0.06875 0.161719
0 0.426953 0.935156 0.330469 0.129688
0 0.195898 0.116235 0.0566406 0.152686
0 0.332813 0.610938 0.0601563 0.135937
0 0.9625 0.00275879 0.075 0.00551758
0 0.201563 0.475781 0.0796875 0.075
0 0.408203 0.961719 0.125781 0.0765625
0 0.539453 0.882812 0.09375 0.234375
0 0.565625 0.901563 0.034375 0.13125
0 0.25625 0.2 0.154688 0.4
0 0.59375 0.00112305 0.244531 0.00224609
0 0.203906 0.490625 0.08125 0.120313
0 0.385547 0.540625 0.0335938 0.05625
0 0.400391 0.538379 0.135937 0.374805
0 0.464063 0.279687 0.654688 0.559375
0 0.203125 0.474609 0.0921875 0.102344
0 0.0490234 0.000952148 0.0980469 0.0019043
0 0.2375 0.27793 0.0671875 0.132812
0 0.65 0.6125 0.26875 0.69375
0 0.293359 0.649219 0.144531 0.192188
0 0.367578 0.940625 0.0835937 0.114063
0 0.350977 0.645312 0.537109 0.703125
0 0.408691 0.976562 0.137305 0.046875
0 0.308984 0.597266 0.0796875 0.0859375
0 0.39209 0.5375 0.0361328 0.05
0 0.3625 0.917188 0.0664062 0.1
0 0.94375 0.00131836 0.1125 0.00263672
0 0.175781 0.896094 0.122656 0.0875
0 0.664062 0.364453 0.2625 0.180469
0 0.18457 0.480859 0.0441406 0.0632813
0 0.237939 0.864062 0.143652 0.1125
0 0.732031 0.00128174 0.242188 0.00256348
0 0.284375 0.903125 0.0515625 0.071875
0 0.347266 0.478516 0.354688 0.535937
0 0.488965 0.466406 0.58457 0.409375
0 0.75625 0.450391 0.04375 0.161719
0 0.084375 0.00124512 0.16875 0.00249023
0 0.238281 0.428125 0.109375 0.142188
0 0.288672 0.602344 0.153906 0.200781
0 0.208789 0.885156 0.110156 0.0875
0 0.326562 0.639844 0.0921875 0.1625
0 0.397656 0.54375 0.0507812 0.0640625
0 0.0612305 0.000732422 0.122461 0.00146484
0 0.249609 0.296094 0.05625 0.130469
0 0.130249 0.0896729 0.196533 0.169482
0 0.408203 0.948438 0.1375 0.103125
0 0.296484 0.917188 0.185156 0.134375
0 0.924219 0.000976562 0.151562 0.00195312
0 0.324609 0.462402 0.296094 0.283008
0 0.238672 0.442188 0.09375 0.114063
0 0.625 0.000830078 0.178125 0.00166016
0 0.476953 0.00117188 0.23125 0.00234375
0 0.247852 0.00107422 0.216016 0.00214844
0 0.376953 0.633594 0.0695313 0.146875
0 0.502734 0.963281 0.161719 0.0734375
0 0.587109 0.000720215 0.177344 0.00144043
0 0.263721 0.407129 0.17959 0.232617
0 0.729297 0.541016 0.0976562 0.492969
0 0.196143 0.17168 0.0881836 0.176953
0 0.592578 0.474316 0.377344 0.431055
0 0.302539 0.574609 0.133984 0.254688
0 0.203564 0.160547 0.0616211 0.180469
0 0.220898 0.233008 0.0683594 0.0992187
0 0.198828 0.519531 0.0742188 0.170313
0 0.452734 0.44375 0.0460938 0.0765625
0 0.396484 0.586719 0.0640625 0.167187
0 0.289014 0.00123291 0.229785 0.00246582
0 0.751953 0.493359 0.0570313 0.492969
0 0.55 0.00111084 0.225 0.00222168
0 0.173828 0.842969 0.121875 0.171875
0 0.437109 0.00123291 0.222656 0.00246582
0 0.707812 0.332031 0.1 0.104688
0 0.244141 0.488281 0.0671875 0.139063
0 0.383691 0.542969 0.0310547 0.0773438
0 0.461816 0.947656 0.24043 0.104688
0 0.542188 0.578906 0.617188 0.842188
0 0.982031 0.0191162 0.0359375 0.0382324
0 0.264062 0.673438 0.210547 0.375
0 0.398438 0.5375 0.0390625 0.0515625
0 0.201758 0.772656 0.0867188 0.170313
0 0.295508 0.910937 0.0585938 0.065625
0 0.238477 0.691016 0.263672 0.549219
0 0.347656 0.695312 0.479688 0.565625
0 0.715625 0.355469 0.107813 0.159375
0 0.717188 0.391406 0.110937 0.234375
0 0.551172 0.928906 0.0601563 0.142188
0 0.252148 0.849805 0.292578 0.216016
0 0.273828 0.560156 0.191016 0.290625
0 0.726562 0.344922 0.0828125 0.117188
0 0.542969 0.921875 0.071875 0.13125
0 0.441797 0.659766 0.650781 0.680469
0 0.530469 0.924609 0.101562 0.150781
0 0.25 0.892188 0.296875 0.159375
0 0.739844 0.349023 0.053125 0.106641
0 0.294971 0.407813 0.342871 0.815625
0 0.544531 0.941406 0.075 0.117188
0 0.476562 0.925 0.207813 0.15
0 0.6875 0.475781 0.192188 0.4125
0 0.560938 0.916406 0.040625 0.115625
0 0.719531 0.428906 0.120313 0.302344
0 0.225195 0.820508 0.225781 0.224609
0 0.164844 0.873438 0.109766 0.1
0 0.746875 0.357812 0.0421875 0.084375
0 0.330664 0.627344 0.0816406 0.132812
0 0.555469 0.951563 0.0453125 0.096875
0 0.720313 0.680469 0.0875 0.084375
0 0.363672 0.412891 0.472656 0.825781
0 0.560547 0.924609 0.0617188 0.150781
0 0.75 0.353125 0.05625 0.119531
0 0.220361 0.869531 0.213184 0.13125
0 0.479688 0.616016 0.832812 0.767969
0 0.567187 0.9 0.0265625 0.0796875
0 0.244189 0.799219 0.266309 0.282813
0 0.230859 0.500391 0.113672 0.208594
0 0.715625 0.336719 0.103125 0.1125
0 0.190576 0.113086 0.118066 0.220703
0 0.206201 0.142676 0.13916 0.280273
0 0.189453 0.0904297 0.0703125 0.176563
0 0.567578 0.888281 0.025 0.0625
0 0.714844 0.689844 0.0757812 0.0625
0 0.546094 0.954688 0.0671875 0.090625
0 0.553906 0.967969 0.04375 0.0640625
0 0.260107 0.517188 0.172754 0.209375
0 0.694531 0.3375 0.140625 0.146875
0 0.319922 0.617969 0.0914062 0.145313
0 0.551562 0.905469 0.0617188 0.123438
0 0.22168 0.450781 0.0707031 0.078125
0 0.173047 0.138672 0.178516 0.272656
0 0.467578 0.902344 0.239063 0.195312
0 0.558594 0.966406 0.0328125 0.0625
0 0.419531 0.896484 0.348438 0.207031
0 0.664844 0.345117 0.220313 0.143359
0 0.694531 0.692969 0.034375 0.0515625
0 0.21875 0.464844 0.0863281 0.117188
0 0.167773 0.1125 0.136328 0.21875
0 0.669531 0.313672 0.0296875 0.0625
0 0.338281 0.644141 0.0601563 0.0992187
0 0.751563 0.364648 0.046875 0.101172
0 0.561328 0.958594 0.0507812 0.0828125
0 0.661719 0.428809 0.226562 0.306445
0 0.151172 0.882812 0.0765625 0.08125
0 0.282764 0.435937 0.254785 0.871875
0 0.205078 0.0384888 0.0445313 0.0763428
0 0.160254 0.854688 0.106836 0.140625
0 0.664844 0.372852 0.228125 0.196484
0 0.525 0.946094 0.110156 0.107813
0 0.569531 0.885156 0.034375 0.0625
0 0.691406 0.685156 0.040625 0.0609375
0 0.239453 0.560938 0.107031 0.14375
0 0.198633 0.0936523 0.0648438 0.187305
0 0.371875 0.927344 0.0414063 0.065625
0 0.230811 0.229687 0.244629 0.442188
0 0.560938 0.901563 0.0375 0.096875
0 0.364063 0.928125 0.0601563 0.06875
0 0.245703 0.7375 0.254688 0.35625
0 0.230078 0.535547 0.100781 0.190625
0 0.425781 0.924609 0.335938 0.150781
0 0.16875 0.884375 0.111719 0.071875
0 0.199609 0.297705 0.1875 0.381152
0 0.65 0.472266 0.259375 0.442188
0 0.517969 0.961719 0.120313 0.0765625
0 0.330469 0.928125 0.142188 0.0953125
0 0.202344 0.0745605 0.0523438 0.149121
0 0.234375 0.452344 0.0566406 0.0671875
0 0.536719 0.826758 0.125 0.346484
0 0.742969 0.435547 0.071875 0.326562
0 0.347656 0.791602 0.470313 0.416797
0 0.690234 0.377344 0.160938 0.204688
0 0.753125 0.392578 0.046875 0.141406
0 0.213281 0.0228271 0.0242188 0.0325684
0 0.345703 0.928125 0.104688 0.078125
0 0.469434 0.415625 0.736133 0.83125
0 0.696875 0.699609 0.040625 0.0507812
0 0.500098 0.443359 0.563867 0.460938
0 0.511719 0.861719 0.15625 0.276563
0 0.672656 0.316797 0.034375 0.075
0 0.229883 0.45625 0.0710938 0.0765625
0 0.162305 0.892969 0.101172 0.0609375
0 0.435254 0.863281 0.310742 0.273438
0 0.26792 0.661719 0.20166 0.485938
0 0.289062 0.233398 0.327344 0.447266
0 0.173242 0.880469 0.146094 0.078125
0 0.385547 0.539844 0.0351562 0.0546875
0 0.675 0.676172 0.034375 0.046875
0 0.18457 0.169922 0.0871094 0.2
0 0.211377 0.528125 0.0858398 0.207813
0 0.319141 0.630469 0.121875 0.15625
0 0.698828 0.314453 0.139844 0.205469
0 0.957031 0.00198975 0.0859375 0.00397949
0 0.567969 0.923438 0.11875 0.151562
0 0.574609 0.916406 0.0742188 0.142188
0 0.576563 0.9375 0.101562 0.125
0 0.752344 0.6625 0.0257812 0.046875
0 0.133203 0.101758 0.185156 0.192578
0 0.142773 0.890625 0.0597656 0.0625
0 0.708594 0.319922 0.0953125 0.10625
0 0.255859 0.56875 0.136719 0.176563
0 0.227344 0.178906 0.1625 0.357812
0 0.344922 0.65625 0.0429688 0.071875
0 0.297656 0.553125 0.102344 0.132812
0 0.573828 0.531934 0.424219 0.523633
0 0.168555 0.884375 0.125781 0.053125
0 0.392188 0.535937 0.0335938 0.046875
0 0.735938 0.307227 0.176563 0.500391
0 0.213867 0.49375 0.0875 0.176563
0 0.735156 0.537109 0.040625 0.0585938
0 0.677344 0.287695 0.210938 0.493359
0 0.367578 0.923438 0.0710938 0.09375
0 0.732813 0.546484 0.0265625 0.0390625
0 0.223828 0.55625 0.0867188 0.117188
0 0.149414 0.865625 0.0820312 0.11875
0 0.559766 0.8875 0.0390625 0.0859375
0 0.638281 0.289062 0.267188 0.451562
0 0.712109 0.292773 0.117969 0.244141
0 0.671875 0.307031 0.192188 0.217188
0 0.229883 0.489844 0.0863281 0.164844
0 0.354297 0.246484 0.46875 0.486719
0 0.198779 0.04375 0.0579102 0.0875
0 0.591797 0.730078 0.0210938 0.0328125
0 0.216016 0.0394043 0.0617188 0.0788086
0 0.667188 0.610547 0.248438 0.680469
0 0.402734 0.964844 0.117188 0.0703125
0 0.229687 0.245898 0.06875 0.096875
0 0.317969 0.875781 0.15 0.1375
0 0.704688 0.69375 0.053125 0.0546875
0 0.28125 0.748438 0.18125 0.39375
0 0.732813 0.551953 0.021875 0.0328125
0 0.535937 0.882031 0.104688 0.235938
0 0.529004 0.620313 0.560742 0.71875
0 0.169922 0.0603516 0.111328 0.120703
0 0.448438 0.439063 0.034375 0.053125
0 0.728906 0.369922 0.125 0.197656
0 0.251367 0.917188 0.306641 0.165625
0 0.209375 0.0233154 0.0234375 0.0339355
0 0.378906 0.923438 0.028125 0.0625
0 0.24292 0.682813 0.27041 0.504687
0 0.34082 0.666406 0.466016 0.582812
0 0.542188 0.926562 0.075 0.14375
0 0.244092 0.809375 0.267285 0.25
0 0.713672 0.337891 0.1 0.129688
0 0.714063 0.364453 0.103125 0.185938
0 0.269141 0.553125 0.182031 0.282813
0 0.228516 0.5125 0.101172 0.198437
0 0.551562 0.923438 0.0578125 0.128125
0 0.211768 0.787695 0.20459 0.277734
0 0.446484 0.633984 0.763281 0.713281
0 0.255664 0.5125 0.154297 0.210156
0 0.269092 0.617969 0.259473 0.639063
0 0.657813 0.378027 0.232813 0.214258
0 0.710938 0.313281 0.107813 0.172656
0 0.38291 0.463184 0.15918 0.218945
0 0.31875 0.624219 0.0921875 0.141406
0 0.326172 0.430078 0.285938 0.250781
0 0.263086 0.460156 0.161719 0.303125
0 0.483203 0.925 0.192969 0.15
0 0.730469 0.344141 0.0734375 0.11875
0 0.385547 0.513281 0.160938 0.321875
0 0.242139 0.73125 0.254785 0.340625
0 0.187109 0.0838867 0.0753906 0.154102
0 0.274609 0.5 0.189063 0.241406
0 0.525 0.926562 0.10625 0.146875
0 0.708594 0.382129 0.124219 0.224805
0 0.658594 0.341016 0.225 0.133594
0 0.224023 0.45 0.053125 0.059375
0 0.20957 0.14209 0.137891 0.283008
0 0.68125 0.320898 0.159375 0.155859
0 0.671094 0.30918 0.0328125 0.0699219
0 0.251514 0.642578 0.229004 0.325781
0 0.744531 0.353125 0.04375 0.090625
0 0.342969 0.84082 0.478125 0.299609
0 0.692969 0.338086 0.1375 0.134766
0 0.2375 0.561719 0.106641 0.121875
0 0.740625 0.346094 0.0523438 0.113281
0 0.664062 0.308008 0.198437 0.188672
0 0.282422 0.429004 0.194531 0.256055
0 0.563281 0.9 0.034375 0.0734375
0 0.748438 0.360156 0.0359375 0.075
0 0.653906 0.434766 0.226562 0.336719
0 0.684766 0.359961 0.159375 0.179297
0 0.205518 0.824805 0.185059 0.203516
0 0.45 0.438281 0.0304688 0.0484375
0 0.317773 0.368359 0.298047 0.580469
0 0.229297 0.454688 0.06875 0.06875
0 0.557031 0.955469 0.0375 0.0890625
0 0.264648 0.400781 0.162109 0.194531
0 0.4375 0.850391 0.299219 0.299219
0 0.320508 0.476953 0.292578 0.329688
0 0.187109 0.0976807 0.1 0.187451
0 0.710156 0.665625 0.101562 0.117188
0 0.3875 0.541797 0.0390625 0.0523438
0 0.333008 0.495313 0.053125 0.110937
0 0.383984 0.436816 0.161719 0.15293
0 0.475098 0.886328 0.216992 0.227344
0 0.704688 0.303906 0.0953125 0.129688
0 0.303467 0.393359 0.338379 0.766406
0 0.392578 0.538281 0.0335938 0.0453125
0 0.56875 0.883594 0.0226563 0.0421875
0 0.162207 0.875 0.106836 0.096875
0 0.328125 0.473438 0.0492188 0.11875
0 0.490234 0.856836 0.185156 0.286328
0 0.536719 0.857422 0.10625 0.285156
0 0.332031 0.641406 0.0648438 0.107813
0 0.318164 0.585156 0.0460938 0.046875
0 0.3125 0.598047 0.0703125 0.0796875
0 0.372656 0.928125 0.0359375 0.0625
0 0.560156 0.909375 0.0421875 0.09375
0 0.229492 0.563281 0.0894531 0.1
0 0.55 0.48125 0.0453125 0.0671875
0 0.389844 0.543359 0.053125 0.0617188
0 0.182617 0.104004 0.0761719 0.14043
0 0.672656 0.303125 0.0390625 0.0902344
0 0.30957 0.585938 0.0582031 0.053125
0 0.3625 0.419141 0.202344 0.198437
0 0.751563 0.371094 0.03125 0.0648438
0 0.379004 0.925 0.0248047 0.059375
0 0.220313 0.479688 0.084375 0.14375
0 0.312109 0.608203 0.08125 0.107031
0 0.310742 0.551172 0.277734 0.482031
0 0.185205 0.158008 0.14834 0.316016
0 0.576953 0.455078 0.385156 0.38125
0 0.214648 0.458594 0.075 0.0828125
0 0.71875 0.677734 0.0890625 0.0898438
0 0.341797 0.650391 0.0460938 0.0804688
0 0.512109 0.544141 0.523438 0.552344
0 0.559375 0.970313 0.0328125 0.059375
0 0.701563 0.289062 0.125 0.221875
0 0.238867 0.435156 0.101953 0.110937
0 0.444922 0.430469 0.0390625 0.0539063
0 0.383203 0.333398 0.513281 0.664453
0 0.548047 0.948438 0.0570313 0.103125
0 0.539746 0.590234 0.75957 0.819531
0 0.748438 0.352148 0.053125 0.106641
0 0.230078 0.545313 0.0890625 0.146875
0 0.194336 0.0623047 0.0640625 0.124609
0 0.449609 0.44375 0.0367188 0.0609375
0 0.431348 0.478027 0.663867 0.501758
0 0.228125 0.242188 0.0617188 0.0871094
0 0.216406 0.568359 0.059375 0.0875
0 0.560547 0.941406 0.0523438 0.117188
0 0.296875 0.475684 0.235938 0.279883
0 0.327734 0.378516 0.278125 0.151562
0 0.202148 0.0466797 0.0519531 0.0933594
0 0.325 0.476562 0.0398437 0.1
0 0.15752 0.859375 0.10293 0.13125
0 0.670313 0.31875 0.0296875 0.0578125
0 0.250391 0.567187 0.144922 0.121875
0 0.368164 0.935156 0.0441406 0.05625
0 0.306836 0.527246 0.237109 0.33457
0 0.210742 0.537891 0.08125 0.174219
0 0.327734 0.584375 0.028125 0.0453125
0 0.520312 0.839063 0.1375 0.321875
0 0.373828 0.539844 0.040625 0.0640625
0 0.495703 0.901953 0.16875 0.196094
0 0.753516 0.376563 0.0390625 0.0914062
0 0.351953 0.442578 0.0992187 0.210156
0 0.380859 0.91875 0.0367188 0.065625
0 0.274609 0.701563 0.178906 0.265625
0 0.325 0.476172 0.0367188 0.0757812
0 0.555469 0.974219 0.0390625 0.0515625
0 0.561719 0.382812 0.0234375 0.0507812
0 0.344922 0.494531 0.0796875 0.135937
0 0.696875 0.696875 0.0375 0.046875
0 0.276172 0.345117 0.189844 0.241797
0 0.148145 0.878906 0.0724609 0.0890625
0 0.719531 0.417188 0.10625 0.288281
0 0.710938 0.644141 0.10625 0.155469
0 0.589844 0.264453 0.025 0.05
0 0.563672 0.962891 0.0414063 0.0742188
0 0.303906 0.621094 0.132031 0.145313
0 0.346094 0.653125 0.0359375 0.0671875
0 0.299219 0.587109 0.0492188 0.0515625
0 0.4375 0.907813 0.303125 0.184375
0 0.573438 0.88125 0.025 0.0359375
0 0.469922 0.396777 0.646094 0.55957
0 0.728906 0.393066 0.09375 0.238867
0 0.20293 0.224609 0.128906 0.449219
0 0.207227 0.0345703 0.0398437 0.0686523
0 0.339844 0.516406 0.0414063 0.0601563
0 0.696875 0.528906 0.148438 0.407813
0 0.733594 0.333398 0.0578125 0.105078
0 0.704688 0.324023 0.103125 0.0949219
0 0.343359 0.521094 0.053125 0.078125
0 0.711719 0.260156 0.110937 0.276563
0 0.211133 0.546875 0.0746094 0.129688
0 0.353125 0.928906 0.0773438 0.06875
0 0.70625 0.685938 0.08125 0.0710938
0 0.138086 0.8875 0.0496094 0.06875
0 0.692187 0.698438 0.0296875 0.0421875
0 0.277344 0.289111 0.179688 0.360059
0 0.410547 0.842188 0.3625 0.242188
0 0.288672 0.663281 0.149219 0.242188
0 0.347266 0.471094 0.0867188 0.173438
0 0.360156 0.533594 0.0734375 0.084375
0 0.216797 0.585547 0.0417969 0.05
0 0.387109 0.553906 0.05 0.08125
0 0.249805 0.375781 0.138672 0.203125
0 0.542578 0.4625 0.0289063 0.034375
0 0.332227 0.926562 0.126172 0.078125
0 0.361133 0.923438 0.0574219 0.08125
0 0.233594 0.500391 0.0765625 0.171875
0 0.689063 0.690234 0.0359375 0.0601563
0 0.217383 0.441797 0.0777344 0.0992187
0 0.752344 0.658594 0.0234375 0.04375
0 0.755469 0.392578 0.0375 0.111719
0 0.7375 0.324609 0.040625 0.0898438
0 0.306836 0.582812 0.0675781 0.06875
0 0.475781 0.348047 0.717188 0.696094
0 0.215039 0.503125 0.0890625 0.196875
0 0.650781 0.499219 0.247656 0.461719
0 0.742969 0.413965 0.065625 0.279883
0 0.254297 0.366406 0.0835937 0.1625
0 0.258984 0.334766 0.1625 0.296094
0 0.591016 0.256445 0.0257812 0.0519531
0 0.747266 0.342969 0.0632813 0.13125
0 0.296289 0.358203 0.223828 0.172656
0 0.277344 0.898438 0.0421875 0.06875
0 0.677734 0.282861 0.167969 0.232715
0 0.557813 0.928906 0.0617188 0.142188
0 0.708594 0.233398 0.03125 0.0464844
0 0.703125 0.573828 0.126563 0.301563
0 0.357422 0.525 0.08125 0.109375
0 0.335547 0.460938 0.0664062 0.178906
0 0.382715 0.526172 0.0470703 0.0921875
0 0.560547 0.892188 0.040625 0.090625
0 0.548438 0.965625 0.05625 0.06875
0 0.221094 0.235938 0.0515625 0.0757812
0 0.710156 0.282422 0.06875 0.141406
0 0.378516 0.542188 0.0367188 0.05625
0 0.348828 0.660937 0.0351562 0.0617188
0 0.170313 0.85 0.128125 0.151562
0 0.705859 0.2375 0.028125 0.0585938
0 0.703906 0.616406 0.117188 0.214844
0 0.708594 0.239844 0.0351562 0.0691406
0 0.226758 0.586719 0.0691406 0.065625
0 0.753125 0.652344 0.0203125 0.0351562
0 0.144727 0.892188 0.0632813 0.059375
0 0.299609 0.307813 0.230469 0.278906
0 0.266211 0.356055 0.103516 0.137109
0 0.318164 0.333203 0.0449219 0.0421875
0 0.403516 0.914062 0.349219 0.171875
0 0.252686 0.594922 0.16416 0.366406
0 0.161426 0.895312 0.117773 0.053125
0 0.165625 0.886719 0.114844 0.0453125
0 0.474219 0.473047 0.617188 0.330469
0 0.434766 0.420703 0.0609375 0.096875
0 0.544531 0.814844 0.108594 0.329688
0 0.592188 0.732031 0.0171875 0.0328125
0 0.252539 0.283203 0.151953 0.402344
0 0.366016 0.369922 0.0375 0.0328125
0 0.695703 0.428125 0.148438 0.324219
0 0.218164 0.282227 0.15625 0.416797
0 0.233984 0.494434 0.111719 0.258008
0 0.129883 0.892188 0.0382813 0.0625
0 0.238867 0.441406 0.119922 0.310156
0 0.564063 0.48125 0.059375 0.0703125
0 0.156348 0.0929688 0.137305 0.183203
0 0.5625 0.390234 0.0265625 0.0726563
0 0.13418 0.895312 0.0410156 0.053125
0 0.585938 0.266797 0.0234375 0.0496094
0 0.664062 0.290625 0.2125 0.467187
0 0.219141 0.557031 0.109766 0.285156
0 0.181055 0.0735352 0.0761719 0.114063
0 0.356641 0.371289 0.03125 0.0378906
0 0.390625 0.575 0.05625 0.13125
0 0.348828 0.690625 0.474219 0.55
0 0.247705 0.688281 0.269434 0.521875
0 0.714453 0.34043 0.0976562 0.121484
0 0.549609 0.928125 0.05625 0.14375
0 0.22207 0.517969 0.0953125 0.196875
0 0.444629 0.649219 0.66543 0.695312
0 0.266602 0.557813 0.191016 0.278125
0 0.713672 0.361719 0.107813 0.15625
0 0.733984 0.341797 0.0679687 0.11875
0 0.558594 0.923438 0.0398437 0.125
0 0.348828 0.828906 0.472656 0.304688
0 0.24668 0.734375 0.248047 0.390625
0 0.545313 0.913281 0.065625 0.125
0 0.245508 0.521094 0.145703 0.203125
0 0.550781 0.480469 0.0453125 0.0734375
0 0.715234 0.390234 0.110156 0.217188
0 0.670703 0.319141 0.0273438 0.0578125
0 0.532031 0.927344 0.0953125 0.145313
0 0.15957 0.879687 0.0957031 0.090625
0 0.390234 0.85332 0.384375 0.287109
0 0.742969 0.345703 0.0453125 0.110937
0 0.318555 0.616406 0.0839844 0.134375
0 0.150488 0.130566 0.161523 0.261133
0 0.146191 0.10022 0.148633 0.197217
0 0.448438 0.439063 0.034375 0.05625
0 0.5625 0.910937 0.0320312 0.1
0 0.322852 0.422266 0.295703 0.236719
0 0.156348 0.0810303 0.138477 0.157861
0 0.716406 0.297852 0.100781 0.208984
0 0.270117 0.509375 0.191797 0.235938
0 0.726172 0.418066 0.090625 0.27168
0 0.172168 0.149707 0.179883 0.299414
0 0.489063 0.848047 0.176563 0.303906
0 0.708594 0.325586 0.114063 0.156641
0 0.421973 0.332813 0.698242 0.665625
0 0.554297 0.907813 0.0546875 0.1125
0 0.279687 0.895312 0.0539063 0.078125
0 0.712891 0.6625 0.103906 0.114844
0 0.544531 0.938281 0.0726563 0.123438
0 0.543359 0.814844 0.101562 0.370313
0 0.443848 0.838672 0.282617 0.322656
0 0.219141 0.466016 0.0867188 0.110156
0 0.562109 0.927344 0.0546875 0.145313
0 0.20625 0.0384766 0.04375 0.0769531
0 0.302344 0.383203 0.4125 0.764844
0 0.672266 0.315625 0.0296875 0.0757812
0 0.557813 0.948438 0.0375 0.103125
0 0.549219 0.838672 0.0765625 0.322656
0 0.511328 0.926953 0.130469 0.146094
0 0.675 0.415723 0.1875 0.270117
0 0.225 0.454688 0.0742188 0.0773438
0 0.51875 0.84668 0.13125 0.306641
0 0.144922 0.882812 0.0628906 0.084375
0 0.173047 0.877344 0.124609 0.1
0 0.261328 0.406348 0.171875 0.201367
0 0.27832 0.421484 0.207422 0.239063
0 0.180127 0.110059 0.181934 0.21582
0 0.55625 0.489453 0.0460938 0.0601563
0 0.25332 0.846094 0.289453 0.214062
0 0.221289 0.488281 0.0878906 0.148438
0 0.7375 0.33457 0.0453125 0.0964844
0 0.199219 0.0487305 0.0566406 0.0974609
0 0.705469 0.234375 0.028125 0.0585938
0 0.386816 0.541406 0.162305 0.359375
0 0.714844 0.236719 0.0984375 0.345313
0 0.180469 0.0882813 0.140625 0.173438
0 0.567578 0.8875 0.0226563 0.053125
0 0.657813 0.387109 0.232813 0.210156
0 0.484375 0.925781 0.190625 0.148438
0 0.19043 0.0832275 0.06875 0.153857
0 0.544141 0.467969 0.0320312 0.0453125
0 0.424219 0.227344 0.700781 0.454688
0 0.211279 0.504687 0.0821289 0.176563
0 0.232617 0.453125 0.0546875 0.06875
0 0.70625 0.230469 0.0242188 0.046875
0 0.70625 0.424609 0.126563 0.288281
0 0.135156 0.8875 0.0429688 0.075
0 0.373437 0.928125 0.0335938 0.0703125
0 0.749219 0.407715 0.0515625 0.251758
0 0.3875 0.471875 0.159375 0.210156
0 0.278955 0.620313 0.224121 0.5875
0 0.282422 0.510547 0.217969 0.332031
0 0.3875 0.435156 0.157031 0.13125
0 0.558594 0.966016 0.0359375 0.0679687
0 0.217627 0.778125 0.214746 0.3
0 0.742188 0.391406 0.065625 0.217188
0 0.245898 0.803906 0.268359 0.26875
0 0.701563 0.325 0.09375 0.0871094
0 0.304248 0.530078 0.279004 0.446094
0 0.193408 0.302344 0.17959 0.489063
0 0.688281 0.314063 0.15625 0.1875
0 0.707812 0.643359 0.110937 0.15625
0 0.316357 0.440723 0.310254 0.501367
0 0.747266 0.344922 0.0632813 0.127344
0 0.242578 0.613281 0.148828 0.404687
0 0.542578 0.475781 0.0460938 0.0625
0 0.315625 0.592188 0.0625 0.0765625
0 0.234375 0.2875 0.238281 0.459375
0 0.553125 0.492188 0.0382813 0.05
0 0.404785 0.961719 0.110742 0.0765625
0 0.316211 0.89375 0.147266 0.140625
0 0.741406 0.459375 0.0609375 0.3625
0 0.663281 0.473535 0.211719 0.379492
0 0.206641 0.0430176 0.0546875 0.0860352
0 0.674609 0.341211 0.197656 0.123047
0 0.712891 0.678125 0.0976562 0.09375
0 0.252393 0.675781 0.233496 0.38125
0 0.330859 0.624219 0.0699219 0.135937
0 0.19668 0.522656 0.0644531 0.16875
0 0.367969 0.925 0.04375 0.075
0 0.748438 0.366406 0.0359375 0.0804688
0 0.197998 0.0848633 0.0680664 0.169727
0 0.207813 0.471094 0.0714844 0.104688
0 0.319531 0.605469 0.0585938 0.104688
0 0.345703 0.429785 0.24375 0.151367
0 0.523828 0.582031 0.503906 0.604688
0 0.31875 0.585547 0.0453125 0.0523438
0 0.170508 0.212695 0.158594 0.425391
0 0.248486 0.870313 0.27334 0.15625
0 0.191211 0.0584961 0.06875 0.116992
0 0.671875 0.324219 0.0375 0.0726563
0 0.318555 0.525781 0.268359 0.336719
0 0.15918 0.0608398 0.139844 0.12168
0 0.250781 0.431934 0.147656 0.254883
0 0.170313 0.889063 0.104688 0.0421875
0 0.749219 0.355273 0.046875 0.101172
0 0.259424 0.424609 0.303027 0.827344
0 0.221484 0.560938 0.102734 0.2875
0 0.209766 0.16582 0.260938 0.327734
0 0.209375 0.0288208 0.0382813 0.0534912
0 0.377246 0.926562 0.0251953 0.065625
0 0.530078 0.880469 0.0953125 0.239063
0 0.703125 0.549609 0.130469 0.355469
0 0.7375 0.317969 0.0328125 0.0695313
0 0.201953 0.878906 0.174219 0.1
0 0.312109 0.597656 0.075 0.0929688
0 0.567187 0.482812 0.05625 0.075
0 0.734766 0.527441 0.075 0.45918
0 0.162695 0.895312 0.116406 0.0546875
0 0.563281 0.958594 0.0421875 0.0828125
0 0.452441 0.483594 0.641992 0.471094
0 0.176514 0.0460815 0.0977539 0.0888916
0 0.261914 0.635156 0.200781 0.329688
0 0.561719 0.89375 0.034375 0.096875
0 0.216211 0.842969 0.205859 0.175
0 0.360547 0.458496 0.410938 0.308008
0 0.339844 0.646875 0.0515625 0.0890625
0 0.385938 0.54375 0.03125 0.05625
0 0.709766 0.310156 0.090625 0.114844
0 0.744141 0.35918 0.0414063 0.0832031
0 0.5375 0.464453 0.0390625 0.0421875
0 0.362891 0.921875 0.0546875 0.0875
0 0.734375 0.311328 0.0257812 0.053125
0 0.732031 0.328711 0.059375 0.101172
0 0.439063 0.422656 0.05625 0.103125
0 0.244531 0.438672 0.0992187 0.117188
0 0.751563 0.374805 0.04375 0.0957031
0 0.318701 0.475684 0.297754 0.30957
0 0.345313 0.653516 0.0429688 0.075
0 0.753906 0.398828 0.0421875 0.15
0 0.390234 0.540625 0.0351562 0.053125
0 0.205078 0.883594 0.0476562 0.0484375
0 0.137207 0.897656 0.0466797 0.05
0 0.21875 0.112012 0.203125 0.220508
0 0.243945 0.569141 0.125391 0.135156
0 0.328125 0.924219 0.129688 0.0828125
0 0.365625 0.450391 0.199219 0.171875
0 0.216406 0.585156 0.0453125 0.0578125
0 0.557031 0.785937 0.0828125 0.428125
0 0.213867 0.0237305 0.0304688 0.0380859
0 0.700781 0.694531 0.0484375 0.05
0 0.657813 0.63125 0.265625 0.7125
0 0.351562 0.927344 0.0796875 0.0734375
0 0.704688 0.685156 0.0953125 0.0765625
0 0.723437 0.536328 0.09375 0.392969
0 0.176758 0.0660156 0.0945313 0.132031
0 0.210986 0.536328 0.0756836 0.155469
0 0.688281 0.319336 0.0632813 0.0855469
0 0.186768 0.873438 0.0928711 0.078125
0 0.197852 0.492578 0.0601563 0.121094
0 0.273096 0.377441 0.210059 0.176367
0 0.291016 0.898438 0.09375 0.090625
0 0.278125 0.9 0.217969 0.115625
0 0.17832 0.14082 0.248047 0.280859
0 0.179492 0.0920166 0.0824219 0.137061
0 0.709766 0.240234 0.0367188 0.0773438
0 0.216406 0.878906 0.08125 0.059375
0 0.168457 0.886719 0.12168 0.0640625
0 0.216797 0.0395996 0.0632813 0.0791992
0 0.28125 0.653516 0.164844 0.263281
0 0.363672 0.688281 0.614844 0.623438
0 0.363672 0.928125 0.075 0.103125
0 0.692187 0.296289 0.0726563 0.141797
0 0.546875 0.951172 0.0640625 0.0976562
0 0.470313 0.942969 0.2125 0.114063
0 0.719531 0.637109 0.353125 0.725781
0 0.219531 0.087793 0.175 0.172852
0 0.570312 0.928125 0.0984375 0.14375
0 0.501563 0.877148 0.151562 0.245703
0 0.197998 0.876563 0.0680664 0.071875
0 0.527344 0.944141 0.103906 0.111719
0 0.696094 0.233789 0.0734375 0.380859
0 0.348828 0.201953 0.5375 0.403906
0 0.446094 0.442188 0.0421875 0.06875
0 0.187109 0.482422 0.0394531 0.0710938
0 0.318555 0.917188 0.160547 0.096875
0 0.263867 0.454297 0.173828 0.313281
0 0.134961 0.062207 0.14375 0.124414
0 0.752344 0.657813 0.025 0.0421875
0 0.172559 0.857813 0.12793 0.1375
0 0.749219 0.493066 0.0515625 0.501367
0 0.195117 0.065918 0.160547 0.131836
0 0.440625 0.896875 0.290625 0.20625
0 0.256641 0.338672 0.179688 0.341406
0 0.271094 0.285547 0.210938 0.432031
0 0.226953 0.55625 0.0976562 0.123438
0 0.479688 0.452441 0.671875 0.310742
0 0.149414 0.873438 0.0746094 0.10625
0 0.184717 0.161035 0.0790039 0.180273
0 0.301953 0.588281 0.0472656 0.05625
0 0.141992 0.183203 0.161328 0.366406
0 0.237158 0.447754 0.12959 0.30918
0 0.233594 0.501172 0.0859375 0.175
0 0.508594 0.964844 0.15 0.0703125
0 0.390625 0.542969 0.05 0.0671875
0 0.55 0.964063 0.05625 0.071875
0 0.742969 0.531641 0.059375 0.528906
0 0.731641 0.338867 0.108594 0.127734
0 0.754687 0.414941 0.0359375 0.207617
0 0.454297 0.921875 0.2625 0.15625
0 0.219531 0.585938 0.0570313 0.0726563
0 0.680078 0.334375 0.0523438 0.0945313
0 0.697656 0.594531 0.13125 0.267188
0 0.216406 0.230078 0.246484 0.460156
0 0.360352 0.908594 0.0644531 0.11875
0 0.225391 0.442188 0.0789063 0.114063
0 0.355859 0.685156 0.490625 0.584375
0 0.44834 0.653516 0.63457 0.660156
0 0.244336 0.686719 0.240234 0.540625
0 0.5375 0.928125 0.090625 0.14375
0 0.715625 0.406934 0.115625 0.25957
0 0.707031 0.644531 0.117969 0.1375
0 0.253857 0.851367 0.291504 0.219141
0 0.14646 0.0966553 0.158643 0.192236
0 0.659766 0.486816 0.235156 0.437305
0 0.549219 0.476562 0.053125 0.0734375
0 0.720313 0.329688 0.103125 0.11875
0 0.652344 0.414062 0.248438 0.285156
0 0.553906 0.929688 0.0546875 0.1375
0 0.714844 0.356641 0.123438 0.160156
0 0.732813 0.336719 0.071875 0.114844
0 0.218555 0.502344 0.102344 0.16875
0 0.541797 0.914062 0.0726563 0.123438
0 0.268945 0.594531 0.201953 0.364063
0 0.485156 0.830664 0.198437 0.338672
0 0.161816 0.0773438 0.133789 0.151953
0 0.671094 0.30918 0.028125 0.06875
0 0.166211 0.879687 0.110156 0.08125
0 0.342578 0.7875 0.489063 0.403125
0 0.563281 0.90625 0.03125 0.090625
0 0.208594 0.0332031 0.0382813 0.0636719
0 0.413672 0.846094 0.346875 0.3
0 0.554297 0.907031 0.05 0.114063
0 0.513672 0.926562 0.133594 0.146875
0 0.246875 0.80918 0.272656 0.272266
0 0.448047 0.4375 0.0328125 0.0484375
0 0.697656 0.416406 0.15625 0.283594
0 0.703906 0.232227 0.025 0.0472656
0 0.218555 0.460156 0.0882813 0.0984375
0 0.734766 0.394531 0.0851563 0.23125
0 0.322852 0.614844 0.0941406 0.139063
0 0.673438 0.363281 0.202344 0.174219
0 0.717969 0.298047 0.103125 0.190625
0 0.318945 0.601562 0.08125 0.1125
0 0.446094 0.819727 0.283594 0.360547
0 0.698438 0.333398 0.142188 0.124609
0 0.482715 0.493359 0.589258 0.45625
0 0.233594 0.517188 0.126953 0.2
0 0.516016 0.806641 0.15 0.386719
0 0.444141 0.366602 0.753906 0.733203
0 0.187109 0.0790039 0.119922 0.156055
0 0.208594 0.0399414 0.0484375 0.0798828
0 0.224609 0.48125 0.10625 0.134375
0 0.267773 0.537109 0.199219 0.244531
0 0.471875 0.552246 0.6125 0.656445
0 0.512109 0.960156 0.142188 0.0796875
0 0.166113 0.886719 0.12207 0.040625
0 0.163086 0.89375 0.133203 0.046875
0 0.207764 0.471094 0.0743164 0.101562
0 0.256836 0.651953 0.220703 0.408594
0 0.671094 0.309375 0.0390625 0.075
0 0.544141 0.472656 0.0414063 0.059375
0 0.420703 0.259766 0.7 0.519531
0 0.202539 0.080957 0.0695313 0.161914
0 0.663281 0.33418 0.214062 0.129297
0 0.144922 0.88125 0.0664062 0.078125
0 0.231641 0.45 0.0578125 0.0640625
0 0.195703 0.872656 0.164844 0.101562
0 0.164062 0.167383 0.217578 0.334766
0 0.445312 0.432031 0.0351562 0.0515625
0 0.213086 0.0228027 0.028125 0.0349609
0 0.567187 0.882812 0.0203125 0.046875
0 0.210156 0.0250977 0.0328125 0.0422852
0 0.70625 0.235352 0.0328125 0.0617188
0 0.566406 0.888281 0.0234375 0.0484375
0 0.173633 0.871094 0.158203 0.084375
0 0.185352 0.0878906 0.176953 0.173633
0 0.225977 0.842383 0.228125 0.171484
0 0.740625 0.339258 0.0515625 0.111328
0 0.223828 0.451953 0.0671875 0.0726563
0 0.530078 0.837891 0.11875 0.324219
0 0.690625 0.312891 0.0671875 0.0773438
0 0.753125 0.412402 0.0421875 0.237695
0 0.205664 0.160938 0.269531 0.321875
0 0.625391 0.444531 0.302344 0.346875
0 0.183984 0.859375 0.138281 0.107813
0 0.462891 0.4375 0.632031 0.71875
0 0.672656 0.317773 0.0296875 0.0589844
0 0.7125 0.313477 0.0851563 0.078125
0 0.314844 0.584766 0.0578125 0.0632813
0 0.225439 0.598047 0.117871 0.369531
0 0.316797 0.58125 0.0472656 0.05
0 0.705078 0.589063 0.129688 0.264062
0 0.292383 0.521973 0.244922 0.332617
0 0.483594 0.924219 0.198437 0.151562
0 0.267529 0.773438 0.272754 0.38125
0 0.231201 0.869531 0.23916 0.134375
0 0.181641 0.871875 0.0984375 0.071875
0 0.198047 0.0619141 0.0609375 0.123828
0 0.134766 0.885938 0.0429688 0.071875
0 0.38291 0.540234 0.162305 0.349219
0 0.242188 0.452344 0.0492188 0.0609375
0 0.159766 0.853906 0.103125 0.13125
0 0.705469 0.675 0.117188 0.0859375
0 0.451172 0.435156 0.0421875 0.0609375
0 0.200439 0.88125 0.0584961 0.04375
0 0.747656 0.409277 0.0609375 0.26582
0 0.22832 0.435156 0.302734 0.870313
0 0.212158 0.876563 0.0905273 0.053125
0 0.544531 0.800781 0.096875 0.398438
0 0.171777 0.845313 0.131445 0.148438
0 0.671484 0.545313 0.199219 0.353125
0 0.215039 0.810938 0.207422 0.239063
0 0.702344 0.546191 0.140625 0.345117
0 0.36875 0.925 0.0429688 0.071875
0 0.564063 0.921875 0.0515625 0.128125
0 0.238086 0.447656 0.0390625 0.0554687
0 0.71875 0.6625 0.0953125 0.109375
0 0.723047 0.514063 0.103906 0.422656
0 0.713672 0.320312 0.103906 0.0875
0 0.407031 0.960547 0.114844 0.0789063
0 0.715234 0.282031 0.0703125 0.138281
0 0.247656 0.441406 0.08125 0.084375
0 0.697266 0.294531 0.144531 0.196875
0 0.557813 0.942187 0.0390625 0.109375
0 0.551562 0.945703 0.0546875 0.108594
0 0.694531 0.283789 0.075 0.15
0 0.378516 0.423438 0.553906 0.846875
0 0.234717 0.876563 0.14541 0.0625
0 0.201563 0.529688 0.0722656 0.2
0 0.187109 0.833594 0.134375 0.159375
0 0.5375 0.475391 0.0546875 0.0695313
0 0.129688 0.890625 0.0339844 0.0625
0 0.277344 0.892188 0.0539063 0.075
0 0.7125 0.610938 0.1125 0.209375
0 0.184766 0.882031 0.0875 0.0453125
0 0.23418 0.558594 0.1125 0.125
0 0.542188 0.864062 0.08125 0.271875
0 0.189648 0.0830078 0.0675781 0.158398
0 0.661328 0.297266 0.217969 0.190625
0 0.682031 0.282813 0.046875 0.14375
0 0.375781 0.926562 0.0257812 0.0625
0 0.227148 0.0788086 0.160547 0.156055
0 0.530859 0.468359 0.0390625 0.0539063
0 0.32832 0.924219 0.130078 0.078125
0 0.166504 0.885156 0.148242 0.0546875
0 0.21875 0.0544922 0.075 0.108984
0 0.570703 0.585547 0.413281 0.628906
0 0.23833 0.442578 0.140527 0.167969
0 0.257031 0.730078 0.230469 0.378906
0 0.464844 0.879297 0.242188 0.241406
0 0.648438 0.360156 0.253125 0.227344
0 0.756641 0.428809 0.0398437 0.186133
0 0.216602 0.869531 0.107031 0.071875
0 0.711328 0.245703 0.0421875 0.0792969
0 0.419922 0.178516 0.696094 0.357031
0 0.7375 0.421094 0.0796875 0.319531
0 0.369531 0.93125 0.0375 0.053125
0 0.212549 0.116406 0.292871 0.232813
0 0.525391 0.463281 0.03125 0.0445313
0 0.312109 0.589063 0.071875 0.0828125
0 0.702734 0.252734 0.04375 0.102344
0 0.239063 0.41084 0.144531 0.181445
0 0.541016 0.479297 0.0695313 0.0875
0 0.236328 0.421094 0.106641 0.146094
0 0.219189 0.535156 0.102246 0.15625
0 0.210498 0.0905273 0.0719727 0.181055
0 0.174023 0.126953 0.254297 0.253906
0 0.732031 0.310937 0.0484375 0.0617188
0 0.14375 0.896875 0.0623047 0.0453125
0 0.252539 0.885938 0.290234 0.15625
0 0.735156 0.303711 0.034375 0.0417969
0 0.323828 0.578906 0.0351562 0.0460938
0 0.640625 0.353906 0.275 0.152344
0 0.691406 0.101855 0.0296875 0.0607422
0 0.194141 0.521875 0.0558594 0.167187
0 0.244336 0.889063 0.127734 0.08125
0 0.187842 0.484375 0.0375977 0.0632813
0 0.629687 0.378125 0.321875 0.204688
0 0.204102 0.534375 0.0707031 0.148438
0 0.447266 0.532422 0.263281 0.344531
0 0.581641 0.474219 0.0351562 0.0679687
0 0.24375 0.432813 0.0953125 0.110937
0 0.747656 0.385547 0.0429688 0.164062
0 0.520312 0.974219 0.110937 0.0515625
0 0.147046 0.190625 0.159033 0.38125
0 0.273047 0.56709 0.221094 0.514258
0 0.221875 0.0224121 0.0496094 0.0354492
0 0.219531 0.0363281 0.0609375 0.0726563
0 0.317383 0.917188 0.168359 0.09375
0 0.304102 0.584375 0.0457031 0.0539063
0 0.187939 0.891406 0.116309 0.0390625
0 0.746094 0.341797 0.065625 0.125781
0 0.731641 0.301172 0.025 0.034375
0 0.752344 0.659375 0.0234375 0.04375
0 0.140625 0.151562 0.153516 0.296094
0 0.346484 0.928125 0.0929688 0.06875
0 0.208594 0.452344 0.084375 0.145313
0 0.195898 0.885938 0.0578125 0.0375
0 0.555469 0.483984 0.0546875 0.0632813
0 0.561719 0.890625 0.03125 0.090625
0 0.241016 0.620703 0.152344 0.433594
0 0.558594 0.973437 0.034375 0.05
0 0.247266 0.475781 0.153125 0.196875
0 0.222656 0.441406 0.0832031 0.115625
0 0.719922 0.686719 0.0898438 0.0523438
0 0.219141 0.763672 0.221875 0.325781
0 0.557031 0.962109 0.040625 0.0757812
0 0.219141 0.226367 0.0398437 0.0503906
0 0.672656 0.298242 0.03125 0.0855469
0 0.180859 0.137891 0.0746094 0.0902344
0 0.256836 0.421094 0.175 0.210938
0 0.676562 0.321094 0.0453125 0.0757812
0 0.195312 0.473438 0.0453125 0.0796875
0 0.56875 0.478125 0.059375 0.0703125
0 0.179346 0.146191 0.0897461 0.142383
0 0.198633 0.0450195 0.0652344 0.0900391
0 0.205078 0.884375 0.0488281 0.0359375
0 0.136621 0.198047 0.218164 0.396094
0 0.362891 0.920313 0.05625 0.084375
0 0.689063 0.647266 0.0734375 0.105469
0 0.146118 0.0605469 0.167139 0.121094
0 0.275 0.696094 0.31875 0.546875
0 0.349414 0.696094 0.476172 0.545313
0 0.251563 0.6875 0.221875 0.53125
0 0.712891 0.332422 0.105469 0.135937
0 0.710938 0.305078 0.109375 0.192969
0 0.268555 0.562109 0.192969 0.291406
0 0.185547 0.111133 0.0921875 0.222266
0 0.550781 0.923438 0.0609375 0.153125
0 0.166895 0.112305 0.118555 0.224609
0 0.252393 0.84668 0.281152 0.234766
0 0.55 0.892969 0.0632813 0.214062
0 0.55 0.480469 0.05 0.075
0 0.327344 0.620313 0.0921875 0.160938
0 0.16582 0.89375 0.145703 0.053125
0 0.217773 0.460547 0.0886719 0.1
0 0.17168 0.876563 0.120313 0.0890625
0 0.559766 0.928125 0.0507812 0.14375
0 0.544531 0.930859 0.0765625 0.138281
0 0.268018 0.613672 0.189746 0.416406
0 0.172266 0.885938 0.141406 0.0484375
0 0.199023 0.0876953 0.0785156 0.175391
0 0.188672 0.0949219 0.0753906 0.189844
0 0.669531 0.396973 0.201563 0.291992
0 0.382812 0.848437 0.4 0.296875
0 0.463281 0.629687 0.63125 0.707812
0 0.70625 0.296289 0.103125 0.144531
0 0.20332 0.0711914 0.0613281 0.142383
0 0.529688 0.910156 0.0992187 0.179688
0 0.713281 0.354883 0.117188 0.181641
0 0.169727 0.884375 0.158203 0.065625
0 0.371484 0.923438 0.040625 0.0765625
0 0.562109 0.907813 0.0390625 0.115625
0 0.152539 0.878906 0.0832031 0.0859375
0 0.540625 0.852734 0.096875 0.294531
0 0.673438 0.310156 0.0367188 0.0851563
0 0.376563 0.927344 0.028125 0.065625
0 0.331641 0.926562 0.119531 0.075
0 0.449219 0.441406 0.034375 0.0546875
0 0.223828 0.499219 0.114063 0.196875
0 0.226562 0.428906 0.229687 0.857813
0 0.461816 0.84043 0.248242 0.316016
0 0.225391 0.454688 0.0671875 0.0703125
0 0.341016 0.795508 0.495313 0.387109
0 0.231982 0.422266 0.124316 0.189844
0 0.555469 0.90625 0.0515625 0.132812
0 0.228857 0.457031 0.113379 0.129688
0 0.291992 0.425781 0.326172 0.851562
0 0.205078 0.0415039 0.0492188 0.0822266
0 0.197461 0.118457 0.126563 0.236914
0 0.251953 0.795508 0.280469 0.327734
0 0.729688 0.33418 0.0765625 0.123828
0 0.223779 0.145703 0.243848 0.291406
0 0.219336 0.490625 0.100391 0.154688
0 0.174414 0.872656 0.163672 0.0859375
0 0.69375 0.313281 0.08125 0.0929688
0 0.185156 0.839063 0.142969 0.171875
0 0.248047 0.875 0.272656 0.159375
0 0.360742 0.926562 0.0691406 0.0796875
0 0.704688 0.316406 0.10625 0.101562
0 0.316016 0.594531 0.075 0.103125
0 0.705469 0.271875 0.114063 0.253125
0 0.516797 0.963281 0.122656 0.0734375
0 0.336719 0.621875 0.0695313 0.139063
0 0.551953 0.828125 0.0804688 0.335938
0 0.269531 0.40625 0.236719 0.8125
0 0.565625 0.89375 0.0289063 0.071875
0 0.528125 0.826563 0.123438 0.346875
0 0.244873 0.404785 0.15166 0.212305
0 0.750781 0.36543 0.0421875 0.0972656
0 0.185498 0.890625 0.127441 0.046875
0 0.421777 0.428125 0.58457 0.85625
0 0.525391 0.870117 0.1125 0.259766
0 0.471191 0.507129 0.610742 0.629492
0 0.368555 0.933594 0.0464844 0.0578125
0 0.174512 0.152148 0.0908203 0.135937
0 0.671875 0.319531 0.034375 0.0640625
0 0.316797 0.921094 0.169531 0.0890625
0 0.319141 0.592969 0.0570313 0.0929688
0 0.465625 0.396875 0.634375 0.646875
0 0.379785 0.921875 0.0373047 0.06875
0 0.234961 0.452344 0.0425781 0.0640625
0 0.206836 0.470313 0.0792969 0.096875
0 0.258936 0.674219 0.212598 0.370313
0 0.446484 0.433594 0.034375 0.0546875
0 0.184961 0.854688 0.153125 0.11875
0 0.707031 0.279297 0.0742188 0.149219
0 0.367383 0.941797 0.101953 0.116406
0 0.705469 0.239453 0.025 0.0601563
0 0.219092 0.234766 0.222754 0.469531
0 0.702734 0.207617 0.1 0.321484
0 0.754687 0.386035 0.04375 0.160742
0 0.153223 0.860938 0.0873047 0.121875
0 0.213477 0.451172 0.101953 0.144531
0 0.479297 0.926172 0.199219 0.147656
0 0.325195 0.607813 0.059375 0.121875
0 0.149219 0.894531 0.0742188 0.0515625
0 0.203906 0.0486328 0.0621094 0.0972656
0 0.75625 0.428223 0.040625 0.262305
0 0.40459 0.959375 0.126758 0.08125
0 0.708594 0.243359 0.034375 0.0789063
0 0.339844 0.936719 0.105469 0.0625
0 0.724219 0.388281 0.126563 0.303125
0 0.265576 0.517969 0.187598 0.214844
0 0.536719 0.478906 0.053125 0.071875
0 0.215283 0.877344 0.134277 0.0578125
0 0.47666 0.886523 0.20918 0.226953
0 0.251367 0.114258 0.267578 0.228516
0 0.696094 0.283984 0.075 0.164453
0 0.682813 0.286328 0.053125 0.14375
0 0.34707 0.928125 0.0910156 0.06875
0 0.707031 0.65625 0.117188 0.128125
0 0.367383 0.929688 0.0683594 0.103125
0 0.50625 0.958594 0.160938 0.0828125
0 0.205664 0.808008 0.185547 0.243359
0 0.210547 0.033313 0.0390625 0.0595459
0 0.739844 0.338672 0.0625 0.122656
0 0.204346 0.871875 0.137402 0.075
0 0.685938 0.244727 0.154688 0.415234
0 0.249805 0.431934 0.0949219 0.11582
0 0.692187 0.313867 0.15 0.341797
0 0.652344 0.421777 0.24375 0.35332
0 0.714063 0.432031 0.135937 0.371094
0 0.270752 0.413281 0.19834 0.234375
0 0.518359 0.975391 0.117969 0.0492188
0 0.555469 0.487891 0.0515625 0.0695313
0 0.325781 0.586328 0.0390625 0.071875
0 0.241797 0.453516 0.0597656 0.0710938
0 0.167871 0.848437 0.119727 0.151562
0 0.217383 0.875781 0.208203 0.126563
0 0.710938 0.252734 0.0421875 0.0960938
0 0.137695 0.891406 0.0507812 0.0625
0 0.189258 0.884375 0.108984 0.040625
0 0.744531 0.355859 0.0414063 0.0882813
0 0.243164 0.29375 0.139453 0.521094
0 0.215625 0.0393066 0.059375 0.0786133
0 0.224951 0.128516 0.171973 0.257031
0 0.424219 0.813281 0.328125 0.3625
0 0.509375 0.849414 0.146094 0.301172
0 0.653906 0.346094 0.223438 0.288281
0 0.141016 0.882812 0.0599609 0.0796875
0 0.510156 0.922656 0.1375 0.154688
0 0.314258 0.587109 0.0558594 0.0742188
0 0.188232 0.137207 0.0704102 0.148242
0 0.208398 0.882812 0.136719 0.04375
0 0.389453 0.535937 0.0390625 0.053125
0 0.217188 0.300391 0.126953 0.541406
0 0.54375 0.903125 0.0703125 0.14375
0 0.560156 0.947656 0.0515625 0.104688
0 0.244141 0.308984 0.242188 0.617969
0 0.213232 0.102148 0.130566 0.204297
0 0.528906 0.471875 0.0414063 0.059375
0 0.645312 0.519531 0.03125 0.0484375
0 0.229297 0.374805 0.125 0.270703
0 0.383984 0.530859 0.0304688 0.0632813
0 0.347461 0.65625 0.0410156 0.078125
0 0.553516 0.958594 0.0492188 0.0828125
0 0.238672 0.564063 0.11875 0.13125
0 0.240039 0.882812 0.186328 0.0578125
0 0.471484 0.957812 0.210156 0.084375
0 0.392969 0.944531 0.139063 0.110937
0 0.646875 0.273633 0.23125 0.361328
0 0.618359 0.462109 0.313281 0.473438
0 0.158496 0.0929688 0.145508 0.185938
0 0.684375 0.455078 0.195312 0.453906
0 0.261719 0.354297 0.0976562 0.133594
0 0.160742 0.892188 0.0972656 0.059375
0 0.40459 0.974609 0.12207 0.0507812
0 0.678906 0.31875 0.0523438 0.0859375
0 0.707031 0.678125 0.115625 0.0828125
0 0.265625 0.89375 0.0664062 0.075
0 0.167383 0.213477 0.121875 0.424609
0 0.390527 0.536719 0.0455078 0.0671875
0 0.728906 0.405371 0.0898438 0.281445
0 0.185498 0.313281 0.196973 0.626563
0 0.195312 0.474219 0.0507812 0.0859375
0 0.544531 0.949219 0.071875 0.101562
0 0.557031 0.974219 0.0414063 0.0515625
0 0.230469 0.437891 0.0921875 0.111719
0 0.195312 0.772266 0.084375 0.117969
0 0.166309 0.161523 0.210352 0.323047
0 0.260156 0.760938 0.229687 0.415625
0 0.295312 0.625 0.166406 0.146875
0 0.536719 0.964063 0.0867188 0.071875
0 0.319922 0.910156 0.142188 0.1125
0 0.273828 0.895312 0.228906 0.134375
0 0.241797 0.890625 0.139844 0.0875
0 0.341992 0.647656 0.0519531 0.0828125
0 0.314453 0.6125 0.105469 0.18125
0 0.75625 0.427441 0.0390625 0.176367
0 0.19668 0.0963867 0.0574219 0.175195
0 0.306836 0.591406 0.0628906 0.084375
0 0.186523 0.480469 0.0371094 0.0671875
0 0.344727 0.917188 0.0933594 0.09375
0 0.20293 0.101953 0.0609375 0.203906
0 0.592188 0.728906 0.0234375 0.0359375
0 0.450781 0.298828 0.667188 0.597656
0 0.18418 0.790625 0.145703 0.260938
0 0.271094 0.288086 0.191406 0.472266
0 0.217627 0.328906 0.118652 0.390625
0 0.327148 0.580078 0.0332031 0.0578125
0 0.651563 0.521094 0.04375 0.0507812
0 0.664062 0.314453 0.207031 0.182031
0 0.575781 0.7875 0.0453125 0.09375
0 0.217969 0.864062 0.142969 0.090625
0 0.244336 0.583594 0.147266 0.353125
0 0.371875 0.386035 0.448438 0.718555
0 0.184424 0.232813 0.12959 0.465625
0 0.716016 0.274414 0.0515625 0.148828
0 0.282422 0.895312 0.0585938 0.08125
0 0.423535 0.905469 0.318555 0.189063
0 0.22207 0.0303711 0.0511719 0.0546875
0 0.453125 0.442969 0.0390625 0.0671875
0 0.555078 0.967188 0.04375 0.065625
0 0.276367 0.228125 0.303516 0.45625
0 0.235156 0.399609 0.108594 0.165625
0 0.168262 0.120703 0.231445 0.241406
0 0.220508 0.426563 0.0984375 0.153906
0 0.291016 0.639063 0.148047 0.332813
0 0.153125 0.134961 0.135156 0.238672
0 0.554688 0.88125 0.0609375 0.153125
0 0.212695 0.104004 0.294531 0.208008
0 0.572656 0.928125 0.084375 0.140625
0 0.431641 0.9625 0.132812 0.075
0 0.828125 0.00117188 0.171875 0.00234375
0 0.298047 0.896094 0.105469 0.103125
0 0.197998 0.130078 0.0625977 0.132422
0 0.0706055 0.673438 0.0408203 0.08125
0 0.303125 0.589063 0.0488281 0.0640625
0 0.729688 0.322266 0.0453125 0.104688
0 0.441309 0.928906 0.279883 0.142188
0 0.367969 0.526953 0.13125 0.3625
0 0.0283203 0.89375 0.0454102 0.1
0 0.750781 0.398828 0.053125 0.269531
0 0.567578 0.482812 0.0585938 0.0765625
0 0.558691 0.513281 0.435742 0.514844
0 0.188721 0.153491 0.0866211 0.171143
0 0.303516 0.641406 0.129688 0.228125
0 0.757031 0.461719 0.0390625 0.0890625
0 0.332813 0.698047 0.440625 0.557031
0 0.247852 0.696094 0.255859 0.546875
0 0.716406 0.337695 0.101562 0.124609
0 0.256055 0.884375 0.281641 0.146875
0 0.256055 0.853906 0.283203 0.220313
0 0.559375 0.932031 0.0484375 0.135937
0 0.275 0.564063 0.185156 0.278125
0 0.558594 0.950391 0.04375 0.0992187
0 0.716406 0.360938 0.108594 0.173438
0 0.733594 0.339258 0.065625 0.111328
0 0.179346 0.15957 0.0834961 0.124609
0 0.552344 0.927344 0.05625 0.145313
0 0.70625 0.659375 0.116406 0.120313
0 0.744531 0.345703 0.0445313 0.1
0 0.517188 0.961719 0.117969 0.0765625
0 0.333203 0.620313 0.0726563 0.134375
0 0.542969 0.94375 0.071875 0.1125
0 0.746484 0.357812 0.0382813 0.0742188
0 0.555469 0.963281 0.0421875 0.0734375
0 0.196289 0.121289 0.108984 0.235547
0 0.339453 0.630469 0.0539063 0.11875
0 0.751953 0.367578 0.0359375 0.084375
0 0.19668 0.882812 0.163672 0.09375
0 0.709375 0.313281 0.0851563 0.0898438
0 0.553516 0.899219 0.0585938 0.201563
0 0.326562 0.926562 0.130469 0.078125
0 0.703125 0.329688 0.126563 0.146875
0 0.217578 0.460156 0.0742188 0.0734375
0 0.224805 0.455859 0.0628906 0.0625
0 0.165234 0.877344 0.103125 0.0890625
0 0.541797 0.927734 0.0828125 0.144531
0 0.183398 0.884375 0.166016 0.053125
0 0.266602 0.523828 0.179688 0.196875
0 0.558594 0.971094 0.0375 0.0578125
0 0.684766 0.680859 0.0648438 0.0765625
0 0.561328 0.915625 0.0429688 0.123438
0 0.201221 0.169629 0.12959 0.211914
0 0.171777 0.891406 0.143164 0.0609375
0 0.55 0.481641 0.04375 0.06875
0 0.547656 0.856445 0.103125 0.287109
0 0.226562 0.885156 0.222656 0.1125
0 0.70625 0.679688 0.107031 0.075
0 0.261133 0.705859 0.208984 0.389844
0 0.240625 0.557813 0.0976562 0.117188
0 0.676172 0.676562 0.0414063 0.0632813
0 0.25918 0.782031 0.244141 0.382812
0 0.320703 0.609766 0.0890625 0.136719
0 0.311719 0.619141 0.117188 0.149219
0 0.176611 0.88125 0.13584 0.075
0 0.707031 0.291016 0.0859375 0.124219
0 0.266602 0.425391 0.236328 0.850781
0 0.144336 0.895312 0.0589844 0.05
0 0.363672 0.928906 0.0523438 0.0671875
0 0.373047 0.925 0.0382813 0.071875
0 0.177148 0.122266 0.119141 0.242969
0 0.345313 0.650781 0.0390625 0.0703125
0 0.367188 0.845117 0.432813 0.309766
0 0.328125 0.598828 0.04375 0.0953125
0 0.750391 0.355469 0.0453125 0.0914062
0 0.14541 0.88125 0.0615234 0.08125
0 0.566797 0.890625 0.0273438 0.059375
0 0.563672 0.896875 0.0351562 0.071875
0 0.202344 0.134277 0.0460938 0.0939453
0 0.350195 0.660937 0.0332031 0.0703125
0 0.748828 0.342578 0.0585938 0.117969
0 0.754297 0.373633 0.0390625 0.114453
0 0.328906 0.583203 0.0296875 0.0585938
0 0.378223 0.927344 0.0263672 0.0640625
0 0.194141 0.14082 0.0574219 0.114844
0 0.224023 0.498047 0.101562 0.175781
0 0.673438 0.316016 0.0296875 0.0660156
0 0.525 0.9375 0.10625 0.125
0 0.504687 0.958203 0.154688 0.0835937
0 0.440234 0.628027 0.66875 0.711133
0 0.205078 0.130469 0.0320312 0.0671875
0 0.664453 0.481641 0.214062 0.423438
0 0.216357 0.128906 0.152441 0.257812
0 0.525781 0.970313 0.103125 0.059375
0 0.5625 0.900781 0.0375 0.104688
0 0.55625 0.904688 0.05 0.125
0 0.238672 0.455469 0.0367188 0.0578125
0 0.189453 0.150684 0.0820312 0.143555
0 0.342969 0.792969 0.495313 0.410938
0 0.238672 0.445703 0.0859375 0.0804688
0 0.21875 0.463672 0.0832031 0.0953125
0 0.324219 0.588281 0.04375 0.0765625
0 0.250391 0.416016 0.151562 0.203125
0 0.53125 0.89375 0.103125 0.2125
0 0.696094 0.692187 0.0546875 0.053125
0 0.676562 0.310156 0.0296875 0.0804688
0 0.234961 0.457813 0.0484375 0.0671875
0 0.592969 0.729688 0.0234375 0.0359375
0 0.27207 0.421484 0.193359 0.2375
0 0.316797 0.596094 0.0679687 0.0984375
0 0.555469 0.873047 0.071875 0.253906
0 0.233789 0.433203 0.108203 0.11875
0 0.667969 0.329883 0.196875 0.154297
0 0.662891 0.372461 0.219531 0.204297
0 0.703125 0.411621 0.1375 0.281445
0 0.295898 0.629687 0.165234 0.14375
0 0.319531 0.909375 0.14375 0.115625
0 0.336328 0.935938 0.114063 0.06875
0 0.242578 0.454688 0.065625 0.0726563
0 0.38125 0.922656 0.0367188 0.0671875
0 0.237695 0.427441 0.128516 0.162305
0 0.276172 0.424609 0.211719 0.628906
0 0.714844 0.304688 0.1125 0.194531
0 0.26333 0.592969 0.224902 0.410938
0 0.715234 0.687891 0.0921875 0.059375
0 0.5625 0.958594 0.0453125 0.0828125
0 0.282813 0.596484 0.163281 0.207031
0 0.21582 0.84375 0.203516 0.189063
0 0.34707 0.419141 0.429297 0.830469
0 0.698047 0.696875 0.040625 0.0421875
0 0.544531 0.914844 0.0671875 0.142188
0 0.187891 0.101367 0.0707031 0.130078
0 0.471973 0.928125 0.220117 0.14375
0 0.246484 0.810156 0.266406 0.270313
0 0.20332 0.119336 0.0335938 0.0707031
0 0.19707 0.244336 0.134766 0.343359
0 0.357422 0.921875 0.0632813 0.08125
0 0.369531 0.934375 0.0429688 0.05625
0 0.657813 0.572656 0.234375 0.617188
0 0.66875 0.665625 0.028125 0.040625
0 0.232813 0.473438 0.1125 0.107813
0 0.503516 0.895312 0.154688 0.209375
0 0.735938 0.323438 0.0414063 0.0820312
0 0.458203 0.892969 0.25 0.214062
0 0.249268 0.8875 0.228809 0.065625
0 0.20708 0.464844 0.0686523 0.0734375
0 0.236279 0.882812 0.224316 0.05
0 0.242969 0.460156 0.04375 0.06875
0 0.534375 0.829688 0.134375 0.340625
0 0.199951 0.853906 0.171191 0.151562
0 0.22793 0.236719 0.0546875 0.0753906
0 0.317188 0.921875 0.171875 0.0875
0 0.664453 0.415723 0.207813 0.291992
0 0.233203 0.347266 0.126563 0.360156
0 0.371484 0.5375 0.05 0.059375
0 0.332227 0.614844 0.0539063 0.128125
0 0.193311 0.892188 0.156348 0.046875
0 0.349609 0.647656 0.0496094 0.1
0 0.688281 0.240234 0.157813 0.440625
0 0.228564 0.154883 0.224121 0.298828
0 0.241406 0.414746 0.0960938 0.10332
0 0.286719 0.458594 0.21875 0.3
0 0.196143 0.0824219 0.0772461 0.161328
0 0.64375 0.520312 0.025 0.0445313
0 0.272461 0.350781 0.284766 0.700781
0 0.514063 0.975781 0.1375 0.0484375
0 0.316797 0.587109 0.05 0.0726563
0 0.716406 0.246875 0.107813 0.304688
0 0.385547 0.539062 0.0296875 0.05
0 0.463281 0.9625 0.23125 0.075
0 0.22832 0.239453 0.214062 0.4625
0 0.676562 0.321094 0.028125 0.0632813
0 0.211328 0.0374023 0.0457031 0.0724609
0 0.645312 0.280273 0.246875 0.401953
0 0.255908 0.896875 0.201465 0.090625
0 0.230664 0.369531 0.222266 0.739062
0 0.450391 0.439844 0.0304688 0.046875
0 0.23457 0.380469 0.126172 0.253906
0 0.136328 0.89375 0.0460938 0.05625
0 0.701953 0.553906 0.138281 0.334375
0 0.542969 0.478516 0.0492188 0.0679687
0 0.370703 0.928906 0.0617188 0.1
0 0.197217 0.118774 0.0477539 0.0937012
0 0.228711 0.505469 0.299609 0.951563
0 0.419141 0.907813 0.332813 0.184375
0 0.391406 0.538672 0.03125 0.0484375
0 0.351953 0.659375 0.0414063 0.08125
0 0.205664 0.118457 0.0425781 0.096875
0 0.670313 0.655078 0.034375 0.0671875
0 0.241992 0.878125 0.199609 0.06875
0 0.553125 0.487109 0.0359375 0.0585938
0 0.390234 0.541016 0.0421875 0.059375
0 0.590625 0.735156 0.0296875 0.05
0 0.5625 0.88125 0.0421875 0.128125
0 0.224658 0.86875 0.171777 0.08125
0 0.710547 0.623438 0.117188 0.196875
0 0.256836 0.471875 0.158984 0.175
0 0.544922 0.473438 0.0328125 0.05625
0 0.561719 0.834375 0.0828125 0.33125
0 0.588281 0.730078 0.0296875 0.04375
0 0.364453 0.532031 0.06875 0.06875
0 0.248828 0.571875 0.120313 0.126563
0 0.679688 0.322266 0.0390625 0.078125
0 0.223438 0.228516 0.0507812 0.065625
0 0.203906 0.141504 0.0570313 0.10957
0 0.349805 0.636719 0.0605469 0.132812
0 0.219092 0.308398 0.130566 0.480078
0 0.686719 0.654688 0.0679687 0.107813
0 0.831055 0.00117188 0.178516 0.00234375
0 0.366016 0.940625 0.0445313 0.04375
0 0.469922 0.831641 0.241406 0.336719
0 0.732422 0.312109 0.0289063 0.0585938
0 0.94375 0.00133057 0.1125 0.00266113
0 0.16748 0.900781 0.129883 0.059375
0 0.704297 0.480078 0.157031 0.421094
0 0.301758 0.638672 0.132422 0.196094
0 0.507031 0.922656 0.146875 0.154688
0 0.676953 0.294141 0.186719 0.357812
0 0.365625 0.942969 0.0945313 0.114063
0 0.393359 0.00107422 0.176563 0.00214844
0 0.193799 0.0635742 0.0694336 0.125586
0 0.712109 0.241016 0.0257812 0.0523438
0 0.286523 0.654297 0.15625 0.261719
0 0.351953 0.522656 0.0570313 0.0765625
0 0.757812 0.40166 0.0390625 0.15918
0 0.35918 0.534375 0.0472656 0.0578125
0 0.670313 0.315234 0.0421875 0.0796875
0 0.476953 0.419141 0.702344 0.811719
0 0.688281 0.691406 0.0796875 0.0859375
0 0.216406 0.0242676 0.0289063 0.0360352
0 0.174219 0.177295 0.104297 0.133691
0 0.707812 0.678125 0.11875 0.096875
0 0.297852 0.421973 0.287109 0.724805
0 0.509375 0.849805 0.165625 0.300391
0 0.412402 0.963281 0.343945 0.0734375
0 0.54375 0.00098877 0.176563 0.00197754
0 0.580469 0.000952148 0.176563 0.0019043
0 0.793945 0.000952148 0.174609 0.0019043
0 0.323633 0.467187 0.0277344 0.0554687
0 0.411328 0.946094 0.352344 0.107813
0 0.131445 0.892188 0.0421875 0.0671875
0 0.262061 0.308203 0.177441 0.435156
0 0.430566 0.00109863 0.176367 0.00219727
0 0.708203 0.239453 0.0226563 0.0507812
0 0.480859 0.0010498 0.176563 0.00209961
0 0.587109 0.746875 0.0351562 0.075
0 0.905469 0.00118408 0.176563 0.00236816
0 0.199609 0.173535 0.0894531 0.188086
0 0.207227 0.0442383 0.0539063 0.0884766
0 0.86875 0.00108643 0.178125 0.00217285
0 0.0586914 0.00090332 0.117383 0.00180664
0 0.198437 0.469531 0.046875 0.0734375
0 0.55625 0.540527 0.4375 0.573633
0 0.554688 0.878125 0.0609375 0.14375
0 0.406934 0.959766 0.13457 0.0804688
0 0.696094 0.695312 0.0640625 0.0703125
0 0.306836 0.591016 0.0609375 0.0695313
0 0.492578 0.9375 0.175781 0.125
0 0.210547 0.0242432 0.0289063 0.0365723
0 0.251172 0.44375 0.103906 0.115625
0 0.235352 0.253906 0.0503906 0.0820312
0 0.226172 0.562891 0.071875 0.0984375
0 0.214258 0.569531 0.0460938 0.08125
0 0.56875 0.890625 0.0359375 0.103125
0 0.577734 0.93125 0.0835937 0.1375
0 0.183008 0.181641 0.124219 0.164844
0 0.205664 0.800195 0.186328 0.255859
0 0.642969 0.00107422 0.173438 0.00214844
0 0.356055 0.000927734 0.175391 0.00185547
0 0.712891 0.280859 0.0671875 0.129688
0 0.190283 0.828906 0.151465 0.195312
0 0.40791 0.975 0.135742 0.05
0 0.381641 0.531641 0.151562 0.346875
0 0.353516 0.667188 0.034375 0.0703125
0 0.0271973 0.895312 0.0426758 0.090625
0 0.235547 0.466016 0.0742188 0.0890625
0 0.250391 0.896094 0.1375 0.084375
0 0.730859 0.000744629 0.175781 0.00148926
0 0.178711 0.140039 0.0777344 0.187891
0 0.585938 0.763281 0.0328125 0.05625
0 0.391797 0.916406 0.0546875 0.065625
0 0.502344 0.782031 0.2 0.435937
0 0.595703 0.73125 0.0289063 0.04375
0 0.327344 0.471875 0.0320312 0.0617188
0 0.212305 0.0271484 0.0367188 0.0463867
0 0.253516 0.419531 0.075 0.0828125
0 0.406152 0.332031 0.739258 0.610938
0 0.273828 0.404297 0.03125 0.0445313
0 0.930469 0.000341797 0.139063 0.000683594
0 0.206836 0.0749023 0.0738281 0.149805
0 0.205811 0.453906 0.0852539 0.107813
0 0.330078 0.482031 0.0390625 0.084375
0 0.361719 0.525 0.078125 0.0890625
0 0.354492 0.528906 0.0472656 0.0640625
0 0.355859 0.910937 0.0695313 0.1125
0 0.118164 0.575781 0.0580078 0.09375
0 0.694141 0.142578 0.0390625 0.0722656
0 0.190576 0.467187 0.0415039 0.0671875
0 0.318555 0.000891113 0.175391 0.00178223
0 0.691406 0.125781 0.034375 0.0570313
0 0.264062 0.40625 0.0539063 0.075
0 0.267188 0.574219 0.176563 0.100781
0 0.260352 0.138281 0.267578 0.276563
0 0.0762207 0.000915527 0.152441 0.00183105
0 0.257617 0.926562 0.283984 0.146875
0 0.223047 0.224609 0.0582031 0.0859375
0 0.218359 0.585156 0.0421875 0.0546875
0 0.95 0.00581055 0.1 0.0116211
0 0.419531 0.867578 0.336719 0.264844
0 0.0391602 0.0012085 0.0783203 0.00241699
0 0.229492 0.251758 0.065625 0.102734
0 0.20332 0.0922852 0.0578125 0.165039
0 0.286328 0.898438 0.0570313 0.0765625
0 0.378027 0.540625 0.0439453 0.0640625
0 0.187842 0.472656 0.0329102 0.0609375
0 0.207422 0.0242188 0.0445313 0.0384766
0 0.242773 0.692969 0.248828 0.495313
0 0.233594 0.601465 0.265625 0.679883
0 0.271143 0.667871 0.321777 0.589258
0 0.714063 0.333984 0.0984375 0.125781
0 0.342187 0.689063 0.46875 0.548438
0 0.245312 0.772656 0.267969 0.348438
0 0.714844 0.410547 0.107813 0.280469
0 0.25293 0.835938 0.281641 0.21875
0 0.549609 0.916406 0.0617188 0.167187
0 0.251367 0.889844 0.280078 0.1375
0 0.354688 0.647656 0.541406 0.682813
0 0.194922 0.819531 0.163672 0.209375
0 0.677734 0.331836 0.169531 0.140234
0 0.55625 0.93125 0.05625 0.1375
0 0.420215 0.626953 0.70957 0.746094
0 0.154688 0.127051 0.151953 0.249023
0 0.18125 0.118945 0.104297 0.229297
0 0.548438 0.85625 0.107813 0.2875
0 0.707812 0.658203 0.110156 0.117969
0 0.170313 0.874219 0.112109 0.0984375
0 0.660156 0.35625 0.21875 0.184375
0 0.557813 0.943359 0.0453125 0.113281
0 0.267529 0.569531 0.185254 0.3125
0 0.7375 0.339648 0.05625 0.112891
0 0.658984 0.396094 0.221875 0.265625
0 0.726562 0.336719 0.0765625 0.116406
0 0.185107 0.126465 0.150879 0.25293
0 0.554688 0.868164 0.08125 0.263672
0 0.531641 0.913281 0.096875 0.173438
0 0.25625 0.407129 0.161719 0.220117
0 0.237695 0.463672 0.283984 0.927344
0 0.744922 0.345117 0.04375 0.107422
0 0.542969 0.930469 0.0703125 0.139063
0 0.177734 0.842969 0.127734 0.160938
0 0.746875 0.355078 0.0375 0.08125
0 0.197656 0.779883 0.173047 0.290234
0 0.236328 0.407031 0.105469 0.121094
0 0.336914 0.626563 0.0621094 0.129688
0 0.752344 0.367578 0.0375 0.0898438
0 0.328906 0.616797 0.0789063 0.138281
0 0.268164 0.434766 0.184766 0.276563
0 0.560547 0.921875 0.0460938 0.146875
0 0.708594 0.312891 0.0828125 0.0953125
0 0.475391 0.923438 0.2125 0.153125
0 0.243945 0.555078 0.113281 0.116406
0 0.263672 0.491309 0.177734 0.387695
0 0.462598 0.345703 0.75293 0.614062
0 0.331836 0.925781 0.117578 0.084375
0 0.237451 0.394531 0.125098 0.189844
0 0.323047 0.604688 0.0617188 0.114063
0 0.535156 0.839063 0.139063 0.321875
0 0.563281 0.9 0.0375 0.123438
0 0.499609 0.926562 0.157031 0.146875
0 0.174512 0.157422 0.0951172 0.133203
0 0.467969 0.896875 0.230469 0.20625
0 0.423828 0.405469 0.667969 0.810938
0 0.530469 0.876953 0.126563 0.246094
0 0.238086 0.435547 0.10625 0.113281
0 0.287695 0.453516 0.391016 0.861719
0 0.754687 0.377344 0.04375 0.121875
0 0.203906 0.873438 0.183594 0.109375
0 0.557422 0.958594 0.0398437 0.0828125
0 0.499219 0.9 0.163281 0.2
0 0.664844 0.477441 0.21875 0.416992
0 0.366602 0.928125 0.0457031 0.0703125
0 0.567578 0.882812 0.0257812 0.06875
0 0.712891 0.25625 0.10625 0.30625
0 0.5625 0.924609 0.0578125 0.150781
0 0.541797 0.953125 0.0703125 0.09375
0 0.19707 0.228906 0.221484 0.4375
0 0.5 0.955469 0.170313 0.0890625
0 0.204102 0.155664 0.232422 0.294922
0 0.186133 0.081543 0.0785156 0.143945
0 0.75 0.354688 0.046875 0.101562
0 0.340234 0.783594 0.496875 0.41875
0 0.672656 0.314844 0.0320312 0.06875
0 0.699609 0.297461 0.0835937 0.120703
0 0.443066 0.547266 0.65918 0.586719
0 0.230469 0.451562 0.0527344 0.0617188
0 0.340234 0.640625 0.0507812 0.096875
0 0.59375 0.730078 0.021875 0.0367188
0 0.26543 0.517578 0.183984 0.217969
0 0.224219 0.442969 0.0832031 0.0921875
0 0.466797 0.250195 0.746094 0.449609
0 0.195312 0.320312 0.190234 0.410938
0 0.223242 0.448438 0.0628906 0.0734375
0 0.75 0.343555 0.0609375 0.129297
0 0.215039 0.860938 0.147656 0.096875
0 0.267969 0.379297 0.18125 0.171094
0 0.321875 0.592969 0.05 0.0875
0 0.160352 0.170313 0.151172 0.248828
0 0.467871 0.960156 0.217383 0.0796875
0 0.380859 0.84375 0.411719 0.307813
0 0.553906 0.9 0.0515625 0.134375
0 0.358984 0.923438 0.0585938 0.084375
0 0.559766 0.965625 0.0335938 0.06875
0 0.202344 0.329688 0.227344 0.644531
0 0.65 0.615234 0.251563 0.703906
0 0.225781 0.425391 0.101562 0.136719
0 0.261719 0.345117 0.167187 0.260547
0 0.184326 0.145703 0.0821289 0.125391
0 0.423047 0.892969 0.323438 0.214062
0 0.373828 0.926562 0.034375 0.06875
0 0.347461 0.927344 0.0839844 0.0734375
0 0.298047 0.450098 0.235938 0.313867
0 0.316602 0.892188 0.144141 0.14375
0 0.291406 0.627344 0.169531 0.136719
0 0.215039 0.139648 0.171875 0.279297
0 0.691016 0.291016 0.146094 0.23125
0 0.166406 0.16543 0.226562 0.316016
0 0.193311 0.0600098 0.0875977 0.12002
0 0.679688 0.310547 0.04375 0.0929688
0 0.154395 0.0801025 0.154492 0.154639
0 0.226953 0.492578 0.111328 0.172656
0 0.710938 0.623828 0.114063 0.188281
0 0.403125 0.307422 0.73125 0.492188
0 0.398047 0.452441 0.750781 0.574805
0 0.508984 0.960938 0.132031 0.078125
0 0.706641 0.678516 0.113281 0.0773438
0 0.50625 0.855078 0.195312 0.289844
0 0.344922 0.647656 0.040625 0.0828125
0 0.250195 0.484375 0.152734 0.232031
0 0.237842 0.328076 0.196191 0.367285
0 0.378809 0.925781 0.0251953 0.0625
0 0.314453 0.595703 0.0625 0.0960938
0 0.145508 0.879687 0.0648438 0.084375
0 0.562891 0.875 0.040625 0.13125
0 0.173047 0.8875 0.143359 0.06875
0 0.240967 0.349219 0.14541 0.307031
0 0.241797 0.381934 0.129688 0.13457
0 0.259424 0.764453 0.218652 0.444531
0 0.658594 0.297656 0.210156 0.221875
0 0.713281 0.544531 0.121875 0.352344
0 0.738281 0.416309 0.0734375 0.292383
0 0.189063 0.189063 0.170703 0.285938
0 0.560938 0.840625 0.0859375 0.31875
0 0.158105 0.180664 0.116992 0.130078
0 0.214062 0.437402 0.0792969 0.12832
0 0.326953 0.592188 0.0375 0.08125
0 0.243359 0.400684 0.096875 0.0814453
0 0.553125 0.874219 0.0625 0.140625
0 0.711328 0.299609 0.111719 0.210938
0 0.228516 0.417285 0.115234 0.212305
0 0.221094 0.456641 0.075 0.0859375
0 0.138477 0.372461 0.06875 0.0863281
0 0.349609 0.660937 0.034375 0.0710938
0 0.256445 0.565625 0.150391 0.117188
0 0.196533 0.0452148 0.0749023 0.0892578
0 0.555469 0.969531 0.04375 0.0609375
0 0.721875 0.366992 0.1125 0.192578
0 0.419922 0.944922 0.325 0.110156
0 0.542969 0.898438 0.06875 0.140625
0 0.182422 0.883594 0.15625 0.053125
0 0.231689 0.582812 0.234277 0.351562
0 0.314844 0.5875 0.0539063 0.0773438
0 0.579688 0.292578 0.367969 0.425781
0 0.685938 0.68125 0.0625 0.071875
0 0.255664 0.404687 0.0664062 0.0617188
0 0.21167 0.383984 0.150098 0.239844
0 0.280664 0.594531 0.161719 0.248438
0 0.704688 0.424316 0.1375 0.320117
0 0.384375 0.533594 0.0328125 0.0578125
0 0.730078 0.440723 0.0929688 0.374805
0 0.232861 0.513281 0.159277 0.20625
0 0.180908 0.212695 0.156934 0.124609
0 0.137402 0.375 0.0572266 0.0695313
0 0.403809 0.976562 0.108008 0.046875
0 0.645312 0.275781 0.2375 0.479688
0 0.733594 0.326172 0.04375 0.0976562
0 0.725391 0.625781 0.252344 0.725
0 0.573438 0.795508 0.05 0.0964844
0 0.238281 0.453125 0.0421875 0.0609375
0 0.185352 0.100977 0.0714844 0.140234
0 0.592188 0.733594 0.028125 0.0484375
0 0.675781 0.675 0.0359375 0.0539063
0 0.49375 0.632422 0.5625 0.735156
0 0.676562 0.319141 0.03125 0.06875
0 0.210547 0.532813 0.338281 0.934375
0 0.16748 0.206689 0.104492 0.107715
0 0.677344 0.551953 0.2125 0.574219
0 0.483594 0.946484 0.185938 0.107031
0 0.667969 0.3125 0.040625 0.0824219
0 0.256641 0.366602 0.1375 0.129297
0 0.319141 0.920313 0.159375 0.09375
0 0.339063 0.9375 0.103125 0.08125
0 0.159375 0.85 0.0910156 0.148438
0 0.223389 0.45459 0.10791 0.187695
0 0.217383 0.399902 0.0699219 0.11582
0 0.390625 0.5375 0.0382813 0.053125
0 0.205859 0.133496 0.046875 0.0966797
0 0.290625 0.617188 0.146875 0.19375
0 0.45625 0.278955 0.61875 0.371777
0 0.248633 0.351367 0.116797 0.133203
0 0.199609 0.133008 0.0488281 0.110547
0 0.705078 0.594531 0.129688 0.253125
0 0.696094 0.640625 0.128125 0.154688
0 0.211523 0.847656 0.166016 0.123438
0 0.703125 0.673047 0.125 0.115625
0 0.219141 0.465625 0.0867188 0.114844
0 0.1375 0.8875 0.0503906 0.06875
0 0.402734 0.963281 0.11875 0.0734375
0 0.381152 0.923438 0.0361328 0.065625
0 0.283594 0.640625 0.141016 0.1375
0 0.232031 0.234766 0.0507812 0.0734375
0 0.567578 0.80293 0.0507812 0.0878906
0 0.137207 0.383691 0.0759766 0.112305
0 0.692187 0.671875 0.0765625 0.0625
0 0.320703 0.327734 0.0539063 0.0652344
0 0.207813 0.410059 0.0546875 0.114258
0 0.323828 0.581641 0.0378906 0.0640625
0 1 0.695312 0 0.28125
0 0.569531 0.875 0.0328125 0.08125
0 0.310156 0.583594 0.065625 0.096875
0 0.308398 0.617188 0.111328 0.16875
0 0.521875 0.969922 0.110937 0.0601563
0 0.694531 0.588672 0.414062 0.822656
0 0.119238 0.573438 0.0658203 0.101562
0 0.177148 0.867188 0.154297 0.101562
0 0.677344 0.262939 0.165625 0.29209
0 0.20293 0.117578 0.0371094 0.0796875
0 0.196875 0.434473 0.164062 0.266992
0 0.279687 0.342383 0.203125 0.193359
0 0.730859 0.317578 0.0320312 0.078125
0 0.312695 0.332031 0.0589844 0.0667969
0 0.596875 0.732031 0.0265625 0.0421875
0 0.273438 0.403125 0.0328125 0.046875
0 0.227148 0.226562 0.0480469 0.06875
0 0.757812 0.40625 0.040625 0.167969
0 0.745313 0.4375 0.059375 0.38125
0 0.225 0.273438 0.240625 0.457813
0 0.587891 0.745313 0.0359375 0.0734375
0 0.582422 0.591406 0.400781 0.817187
0 0.305078 0.585156 0.0710938 0.075
0 0.212891 0.747656 0.201563 0.3625
0 1 0.269531 0 0.272656
0 0.191211 0.109766 0.0605469 0.114063
0 0.694531 0.322266 0.071875 0.0835937
0 0.16123 0.0371582 0.130664 0.068457
0 0.209375 0.460938 0.0777344 0.0890625
0 0.366797 0.938281 0.0445313 0.05
0 0.270703 0.40625 0.04375 0.0554687
0 0.208984 0.0380005 0.0476562 0.0734131
0 0.249414 0.686719 0.231641 0.323438
0 0.275977 0.9125 0.223047 0.13125
0 0.200586 0.416797 0.046875 0.102344
0 0.283984 0.363867 0.134375 0.123828
0 0.150293 0.0595703 0.160352 0.107813
0 0.78418 0.592969 0.375391 0.814063
0 0.544922 0.854688 0.065625 0.115625
0 0.134668 0.208203 0.254883 0.399219
0 0.204688 0.123926 0.0304688 0.0621094
0 0.56875 0.809375 0.0390625 0.075
0 0.14375 0.201758 0.08125 0.096875
0 0.579297 0.782031 0.04375 0.0734375
0 0.250781 0.418359 0.109375 0.107813
0 0.213477 0.873438 0.138281 0.0671875
0 0.353516 0.908594 0.0734375 0.125
0 0.242188 0.459375 0.05625 0.0734375
0 0.710938 0.281836 0.0617188 0.133203
0 0.251367 0.446094 0.122656 0.135937
0 0.719922 0.513281 0.111719 0.489063
0 1 0.744141 0 0.271094
0 0.192188 0.134985 0.0582031 0.120654
0 1 0.331836 0 0.283984
0 0.313281 0.288867 0.440625 0.569141
0 0.191211 0.373437 0.18125 0.276563
0 0.378516 0.534375 0.046875 0.078125
0 0.35 0.654688 0.0453125 0.09375
0 0.585938 0.764063 0.0328125 0.0578125
0 0.184961 0.88125 0.146094 0.0890625
0 1 0.807031 0 0.276563
0 0.566406 0.857813 0.0390625 0.15
0 0.272656 0.314258 0.192969 0.339453
0 0.499609 0.973828 0.189063 0.0523438
0 0.275391 0.348047 0.110937 0.109375
0 1 0.644922 0 0.283594
0 0.294531 0.572656 0.351562 0.760938
0 0.143945 0.214062 0.0628906 0.102344
0 0.564844 0.802344 0.0757812 0.251563
0 0.446973 0.857813 0.285742 0.284375
0 0.478223 0.201172 0.75293 0.301563
0 0.303711 0.343945 0.0972656 0.107422
0 0.596094 0.726562 0.03125 0.0445313
0 0.392188 0.539844 0.046875 0.0632813
0 0.303906 0.602344 0.0851563 0.123438
0 0.701172 0.692969 0.0539063 0.0484375
0 0.554688 0.827344 0.0554687 0.0796875
0 0.308203 0.700781 0.399219 0.517188
0 0.244189 0.749219 0.270996 0.373437
0 0.245898 0.689453 0.251953 0.521094
0 0.724219 0.422266 0.114063 0.28125
0 0.551562 0.926172 0.0625 0.147656
0 0.283936 0.629687 0.32666 0.646875
0 0.714063 0.665625 0.101562 0.107813
0 0.44834 0.629687 0.656445 0.69375
0 0.536719 0.923438 0.0914062 0.153125
0 0.362109 0.652344 0.507031 0.639063
0 0.739844 0.430469 0.0859375 0.302344
0 0.738281 0.338281 0.0640625 0.107031
0 0.226123 0.805469 0.229004 0.254688
0 0.201953 0.774609 0.181641 0.307031
0 0.315625 0.404687 0.414062 0.809375
0 0.413672 0.300977 0.620313 0.601953
0 0.323828 0.615625 0.0859375 0.126563
0 0.271533 0.498437 0.196777 0.361719
0 0.198389 0.183789 0.168848 0.367578
0 0.178125 0.157031 0.153125 0.314063
0 0.710547 0.50166 0.152344 0.457617
0 0.208594 0.0350098 0.0507812 0.0700195
0 0.218164 0.460938 0.084375 0.096875
0 0.723437 0.333203 0.0945313 0.102344
0 0.17793 0.130664 0.126172 0.261328
0 0.160254 0.116211 0.14668 0.231641
0 0.745703 0.346875 0.0460938 0.1
0 0.725 0.483984 0.1125 0.413281
0 0.560156 0.919531 0.0546875 0.140625
0 0.544922 0.852344 0.113281 0.295312
0 0.253955 0.885938 0.291309 0.1375
0 0.330078 0.461328 0.323438 0.619531
0 0.312549 0.481641 0.278809 0.338281
0 0.383203 0.54209 0.167187 0.370508
0 0.460547 0.266016 0.735156 0.444531
0 0.466797 0.490527 0.621094 0.512695
0 0.202539 0.148535 0.120703 0.29707
0 0.717188 0.342187 0.105469 0.13125
0 0.317578 0.560254 0.298438 0.485742
0 0.228516 0.450781 0.0578125 0.0609375
0 0.371289 0.365625 0.478516 0.46875
0 0.241211 0.557422 0.122266 0.123438
0 0.68125 0.334766 0.18125 0.121875
0 0.269922 0.576172 0.196094 0.328906
0 0.201904 0.817187 0.175098 0.220313
0 0.335156 0.628906 0.0632813 0.117188
0 0.542188 0.895312 0.103125 0.209375
0 0.669531 0.496094 0.217188 0.451562
0 0.315234 0.598437 0.0734375 0.0921875
0 0.662109 0.366992 0.225781 0.186328
0 0.226367 0.157227 0.184766 0.314453
0 0.316406 0.592969 0.0601563 0.075
0 0.220508 0.513281 0.0980469 0.1875
0 0.186279 0.0860352 0.0961914 0.170508
0 0.684375 0.619141 0.18125 0.688281
0 0.542969 0.933594 0.0734375 0.132812
0 0.516406 0.922656 0.134375 0.154688
0 0.446777 0.334326 0.662695 0.373535
0 0.312695 0.440625 0.296484 0.88125
0 0.388672 0.416797 0.169531 0.121875
0 0.747656 0.346484 0.059375 0.132812
0 0.206641 0.0428711 0.0601563 0.0857422
0 0.55625 0.965625 0.04375 0.06875
0 0.281445 0.614062 0.237109 0.59375
0 0.373047 0.928125 0.0414063 0.065625
0 0.237939 0.509766 0.127246 0.211719
0 0.214453 0.0220215 0.0296875 0.0370117
0 0.316797 0.630469 0.0957031 0.1625
0 0.46084 0.420215 0.633008 0.318945
0 0.692578 0.378125 0.177344 0.20625
0 0.47959 0.929297 0.212695 0.141406
0 0.224023 0.237891 0.0582031 0.0753906
0 0.746484 0.48125 0.0726563 0.414844
0 0.364453 0.928906 0.0523438 0.0671875
0 0.378223 0.926562 0.0263672 0.0625
0 0.276563 0.770312 0.182812 0.417188
0 0.194092 0.853125 0.15791 0.151562
0 0.567969 0.879687 0.028125 0.053125
0 0.564844 0.898438 0.0375 0.09375
0 0.720703 0.627734 0.150781 0.708594
0 0.251172 0.473828 0.151953 0.30625
0 0.228125 0.455469 0.0707031 0.071875
0 0.348438 0.6625 0.034375 0.071875
0 0.729688 0.330469 0.0726563 0.0914062
0 0.254297 0.835156 0.289062 0.226562
0 0.211328 0.0273926 0.0390625 0.0507812
0 0.548828 0.476562 0.0476562 0.0703125
0 0.188281 0.483594 0.0390625 0.0640625
0 0.187891 0.0854492 0.071875 0.154102
0 0.7125 0.644141 0.114063 0.153125
0 0.716016 0.54375 0.122656 0.357031
0 0.238281 0.452344 0.04375 0.059375
0 0.31875 0.585156 0.0484375 0.059375
0 0.335742 0.529785 0.230859 0.341992
0 0.553516 0.954297 0.05 0.0914062
0 0.545313 0.472656 0.0375 0.0609375
0 0.174805 0.857813 0.121484 0.135937
0 0.567969 0.925781 0.0867188 0.148438
0 0.408496 0.392578 0.0861328 0.0601563
0 0.559375 0.946875 0.053125 0.10625
0 0.68125 0.405078 0.20625 0.257031
0 0.339063 0.639844 0.0515625 0.090625
0 0.750781 0.375391 0.05 0.154688
0 0.467969 0.501563 0.595313 0.364063
0 0.689844 0.439453 0.176563 0.332031
0 0.269336 0.349023 0.103516 0.119141
0 0.396094 0.5375 0.028125 0.0453125
0 0.451172 0.442578 0.0328125 0.0539063
0 0.569531 0.883594 0.0335938 0.0640625
0 0.367188 0.371875 0.0335938 0.0375
0 0.325195 0.537891 0.127734 0.332813
0 0.716016 0.312109 0.110937 0.2
0 0.560938 0.830859 0.0914062 0.338281
0 0.286719 0.903125 0.0601563 0.071875
0 0.674609 0.59375 0.230469 0.8125
0 0.397754 0.38584 0.0841797 0.0595703
0 0.294141 0.624219 0.160156 0.132812
0 0.201172 0.059668 0.0789063 0.119336
0 0.23125 0.863281 0.240625 0.1625
0 0.375391 0.371484 0.0335938 0.0359375
0 0.235938 0.445703 0.0355469 0.0515625
0 0.339453 0.776563 0.5 0.426563
0 0.146875 0.88125 0.0722656 0.0875
0 0.346875 0.928125 0.0882813 0.071875
0 0.542969 0.464453 0.0296875 0.0414063
0 0.344336 0.650781 0.0414063 0.0757812
0 0.257812 0.898438 0.105469 0.078125
0 0.415527 0.202539 0.643945 0.398047
0 0.330469 0.925 0.122656 0.0875
0 0.332422 0.43916 0.311719 0.235742
0 0.388379 0.845508 0.404492 0.302734
0 0.320312 0.892188 0.142188 0.142188
0 0.378125 0.387598 0.196875 0.143555
0 0.187158 0.882812 0.146777 0.09375
0 0.216992 0.0379883 0.071875 0.0759766
0 0.323828 0.388672 0.316406 0.161719
0 0.303711 0.5875 0.0578125 0.059375
0 0.329688 0.335352 0.0328125 0.0414063
0 0.224414 0.136914 0.276172 0.272266
0 0.59375 0.73125 0.021875 0.0359375
0 0.409277 0.430859 0.211133 0.151562
0 0.396875 0.905469 0.389062 0.185938
0 0.712109 0.324414 0.08125 0.0832031
0 0.252539 0.429004 0.158984 0.254492
0 0.548047 0.529785 0.455469 0.524805
0 0.71875 0.676562 0.090625 0.08125
0 0.753516 0.596875 0.217969 0.80625
0 0.295117 0.632031 0.137109 0.21875
0 0.201758 0.766406 0.08125 0.109375
0 0.30625 0.595313 0.0664062 0.075
0 0.544531 0.958984 0.06875 0.0820312
0 0.239453 0.445312 0.0542969 0.0625
0 0.541016 0.467969 0.0398437 0.053125
0 0.750781 0.654688 0.028125 0.0476562
0 0.378906 0.379688 0.05 0.0539063
0 0.39209 0.539844 0.0361328 0.0515625
0 0.198779 0.474609 0.0532227 0.0820312
0 0.616406 0.59375 0.326562 0.8125
0 0.349609 0.660156 0.0460938 0.09375
0 0.208252 0.470313 0.0811523 0.101562
0 0.263281 0.333984 0.0765625 0.0710938
0 0.655469 0.319922 0.235938 0.0988281
0 0.611328 0.502441 0.333594 0.468555
0 0.215039 0.236328 0.04375 0.0632813
0 0.330273 0.339844 0.0425781 0.0515625
0 0.320703 0.334766 0.0398437 0.0453125
0 0.405371 0.389746 0.74707 0.537695
0 0.387109 0.471484 0.1625 0.23125
0 0.258594 0.320703 0.0625 0.0671875
0 0.442578 0.60625 0.550781 0.56875
0 0.445312 0.427344 0.04375 0.0734375
0 0.380371 0.923438 0.0345703 0.0703125
0 0.511328 0.883203 0.155469 0.233594
0 0.705469 0.233398 0.025 0.0558594
0 0.358984 0.369141 0.0601563 0.0492188
0 0.126367 0.186133 0.0671875 0.0746094
0 0.567969 0.877539 0.1 0.244922
0 0.173828 0.148633 0.0960938 0.126172
0 0.397656 0.538281 0.0367188 0.0507812
0 0.208203 0.0228027 0.0421875 0.0390625
0 0.181299 0.828906 0.134277 0.198437
0 0.511719 0.215039 0.0460938 0.0460938
0 0.336719 0.348828 0.0539063 0.0695313
0 0.188867 0.0564941 0.090625 0.110059
0 0.239844 0.457031 0.0597656 0.0679687
0 0.168555 0.0598633 0.128516 0.11543
0 0.231445 0.598828 0.126172 0.374219
0 0.359766 0.370508 0.0296875 0.0378906
0 0.516797 0.944531 0.124219 0.110937
0 0.268359 0.405078 0.196094 0.198437
0 0.173242 0.888281 0.130859 0.075
0 0.348828 0.358594 0.0539063 0.0632813
0 0.255859 0.308203 0.0601563 0.0804688
0 0.753516 0.409277 0.0476562 0.22207
0 0.708984 0.603906 0.129688 0.239063
0 0.253125 0.572656 0.146875 0.117188
0 0.175195 0.882812 0.127344 0.053125
0 0.19082 0.4875 0.0496094 0.0828125
0 0.140332 0.892188 0.0626953 0.0765625
0 0.221289 0.0218506 0.0488281 0.0377441
0 0.251172 0.895312 0.163281 0.09375
0 0.151855 0.857813 0.0845703 0.134375
0 0.189063 0.131445 0.0660156 0.103125
0 0.428516 0.392188 0.0554687 0.0515625
0 0.734766 0.519141 0.0898438 0.453906
0 0.297656 0.417969 0.258594 0.222656
0 0.357812 0.424219 0.107813 0.14375
0 0.557031 0.317188 0.442188 0.473438
0 0.445703 0.954688 0.271094 0.090625
0 0.194141 0.255664 0.213281 0.502734
0 0.215625 0.0169922 0.0398437 0.0302734
0 0.368359 0.926562 0.0554687 0.084375
0 0.231641 0.246875 0.0648438 0.0914062
0 0.446875 0.436719 0.0375 0.0515625
0 0.564063 0.879687 0.0375 0.06875
0 0.357031 0.920313 0.0671875 0.0875
0 0.401465 0.967188 0.111133 0.065625
0 0.149219 0.173926 0.108984 0.101367
0 0.251758 0.417188 0.310547 0.834375
0 0.682422 0.621582 0.338281 0.756836
0 0.33125 0.352734 0.0742188 0.0835937
0 0.207227 0.751953 0.0878906 0.114844
0 0.247656 0.439844 0.0921875 0.090625
0 0.451172 0.441406 0.0476562 0.0734375
0 0.182617 0.478906 0.0414063 0.0625
0 0.221875 0.446875 0.0648438 0.0796875
0 0.348633 0.646875 0.0550781 0.128125
0 0.311719 0.335156 0.053125 0.0523438
0 0.407422 0.976953 0.096875 0.0460938
0 0.226953 0.0948242 0.153906 0.189648
0 0.385547 0.382031 0.174219 0.109375
0 0.669531 0.300391 0.20625 0.155469
0 0.330273 0.355859 0.295703 0.114063
0 0.592188 0.733594 0.028125 0.0453125
0 0.269922 0.909375 0.246094 0.10625
0 0.136035 0.18418 0.0853516 0.0851563
0 0.732813 0.354688 0.090625 0.153125
0 0.368359 0.377344 0.0445313 0.0523438
0 0.386719 0.376563 0.065625 0.0484375
0 0.235352 0.666797 0.251172 0.539844
0 0.722656 0.426465 0.110937 0.289258
0 0.547656 0.925 0.065625 0.15
0 0.692187 0.497754 0.16875 0.451367
0 0.237695 0.753125 0.263672 0.351562
0 0.532813 0.921875 0.0890625 0.15625
0 0.738281 0.339453 0.0601563 0.110156
0 0.438184 0.612598 0.673633 0.743555
0 0.711719 0.665625 0.101562 0.104688
0 0.307813 0.41875 0.378906 0.8375
0 0.553125 0.914844 0.0515625 0.170313
0 0.264062 0.472266 0.173828 0.335156
0 0.726172 0.495703 0.113281 0.458594
0 0.259033 0.435156 0.243652 0.870313
0 0.717188 0.327344 0.101562 0.164062
0 0.738672 0.442871 0.0789063 0.325195
0 0.666797 0.534766 0.2125 0.525781
0 0.212891 0.195312 0.150391 0.390625
0 0.446094 0.439941 0.657813 0.788867
0 0.353125 0.667871 0.490625 0.592383
0 0.718359 0.291797 0.102344 0.230469
0 0.216846 0.803125 0.215527 0.25625
0 0.679688 0.613672 0.184375 0.677344
0 0.17207 0.112891 0.114063 0.225781
0 0.262891 0.621484 0.20625 0.664844
0 0.186328 0.151172 0.157031 0.302344
0 0.267236 0.573438 0.19209 0.33125
0 0.544531 0.854297 0.0898438 0.291406
0 0.528125 0.885547 0.107813 0.228906
0 0.324219 0.609766 0.0875 0.150781
0 0.204688 0.0395996 0.05 0.0791992
0 0.285547 0.745313 0.155469 0.3875
0 0.705859 0.529297 0.128906 0.391406
0 0.249023 0.885938 0.301953 0.140625
0 0.389844 0.847852 0.376563 0.304297
0 0.725781 0.335938 0.0898438 0.107813
0 0.707031 0.635938 0.1125 0.16875
0 0.65 0.472656 0.25 0.498437
0 0.678516 0.288477 0.177344 0.244141
0 0.721484 0.626465 0.149219 0.700195
0 0.1875 0.0829102 0.0707031 0.16582
0 0.722656 0.355078 0.0953125 0.153125
0 0.694531 0.353711 0.165625 0.462109
0 0.461719 0.344727 0.7375 0.667578
0 0.558594 0.91875 0.0421875 0.159375
0 0.277539 0.710938 0.341797 0.48125
0 0.222461 0.450781 0.0785156 0.0734375
0 0.744531 0.351562 0.0429688 0.0929688
0 0.517969 0.91875 0.121875 0.1625
0 0.246094 0.5625 0.135937 0.142188
0 0.380566 0.552734 0.156055 0.371094
0 0.249805 0.412402 0.151953 0.220508
0 0.2375 0.835156 0.261719 0.201563
0 0.210352 0.366602 0.230078 0.733203
0 0.33457 0.770703 0.491016 0.452344
0 0.552344 0.939844 0.05 0.120313
0 0.667969 0.601465 0.246875 0.79707
0 0.269922 0.353125 0.104688 0.125
0 0.188867 0.108008 0.0960938 0.213281
0 0.302344 0.575781 0.264062 0.704688
0 0.677344 0.287842 0.196875 0.367285
0 0.609375 0.63125 0.31875 0.725
0 0.70625 0.597266 0.117969 0.246875
0 0.178906 0.14541 0.0859375 0.14043
0 0.240625 0.865625 0.270313 0.15625
0 0.331836 0.622656 0.0671875 0.128125
0 0.746875 0.387891 0.040625 0.192188
0 0.301367 0.453125 0.257422 0.303906
0 0.742969 0.34082 0.0453125 0.133984
0 0.470313 0.935938 0.215625 0.128125
0 0.371484 0.928125 0.0421875 0.0625
0 0.202734 0.0592773 0.0582031 0.118555
0 0.658594 0.341992 0.234375 0.351172
0 0.364063 0.929688 0.0523438 0.065625
0 0.746094 0.362109 0.040625 0.133594
0 0.742969 0.496875 0.0671875 0.4625
0 0.698828 0.413379 0.157031 0.276367
0 0.201514 0.279687 0.224316 0.552344
0 0.14397 0.113867 0.155811 0.221484
0 0.213086 0.885938 0.211719 0.1
0 0.24292 0.379688 0.143848 0.240625
0 0.746875 0.351367 0.0578125 0.135547
0 0.499219 0.81875 0.165625 0.3625
0 0.227002 0.148242 0.161621 0.296484
0 0.719531 0.674609 0.0859375 0.0835937
0 0.745313 0.609277 0.215625 0.781445
0 0.208545 0.173438 0.236035 0.344922
0 0.199561 0.768359 0.186035 0.313281
0 0.211133 0.860938 0.201953 0.135937
0 0.31582 0.592188 0.0792969 0.113281
0 0.534375 0.805273 0.101562 0.389453
0 0.213281 0.021582 0.0320312 0.0360352
0 0.339063 0.644531 0.05 0.0796875
0 0.193018 0.2125 0.164746 0.425
0 0.716797 0.569531 0.103125 0.300781
0 0.563281 0.90625 0.0375 0.125
0 0.24043 0.510547 0.143359 0.227344
0 0.748828 0.376465 0.0507812 0.143945
0 0.210156 0.0285645 0.040625 0.0535156
0 0.213232 0.457813 0.0805664 0.090625
0 0.275391 0.309766 0.333594 0.619531
0 0.406348 0.278516 0.601367 0.557031
0 0.555469 0.804688 0.0867188 0.390625
0 0.704688 0.239063 0.03125 0.0710938
0 0.313867 0.624219 0.10625 0.154688
0 0.314258 0.511621 0.248047 0.348633
0 0.554297 0.95625 0.0453125 0.0875
0 0.224268 0.463281 0.102246 0.138281
0 0.567187 0.896875 0.0289063 0.096875
0 0.286719 0.360938 0.121875 0.109375
0 0.353516 0.928125 0.0742188 0.06875
0 0.319141 0.886719 0.14375 0.148438
0 0.317578 0.5875 0.0585938 0.084375
0 0.17793 0.166895 0.0992187 0.162695
0 0.391309 0.914844 0.370508 0.170313
0 0.150977 0.88125 0.0839844 0.08125
0 0.731641 0.514844 0.0882813 0.539062
0 0.625781 0.303711 0.3 0.411328
0 0.24668 0.673438 0.24375 0.529688
0 0.227148 0.823438 0.233984 0.223438
0 0.553516 0.924219 0.0539063 0.151562
0 0.722656 0.336719 0.0953125 0.108594
0 0.739062 0.342187 0.0554687 0.113281
0 0.557031 0.927344 0.0398437 0.145313
0 0.241016 0.776758 0.2625 0.312109
0 0.669531 0.497266 0.210938 0.444531
0 0.28125 0.744531 0.170313 0.382812
0 0.242773 0.559375 0.127734 0.136719
0 0.166602 0.118555 0.112109 0.223828
0 0.353906 0.678906 0.485938 0.570312
0 0.725781 0.423438 0.10625 0.289844
0 0.745313 0.35293 0.0398437 0.101172
0 0.748438 0.383594 0.0328125 0.166406
0 0.532031 0.920313 0.0914062 0.159375
0 0.267139 0.572656 0.193066 0.33125
0 0.546875 0.919922 0.0640625 0.160156
0 0.326953 0.617188 0.0804688 0.144531
0 0.25083 0.723437 0.226465 0.351562
0 0.675391 0.413281 0.19375 0.28125
0 0.748047 0.393359 0.0359375 0.241406
0 0.249609 0.8625 0.292188 0.171875
0 0.221289 0.86875 0.225 0.14375
0 0.666406 0.601562 0.21875 0.65625
0 0.742188 0.420996 0.0734375 0.286133
0 0.17793 0.15293 0.0789063 0.134766
0 0.221094 0.448438 0.0804688 0.084375
0 0.561328 0.917969 0.03125 0.135937
0 0.345703 0.795313 0.478906 0.401563
0 0.187109 0.118164 0.115234 0.232813
0 0.260547 0.898438 0.148438 0.0828125
0 0.184375 0.0952148 0.0691406 0.175586
0 0.205469 0.800195 0.191406 0.249609
0 0.748438 0.353516 0.053125 0.136719
0 0.334375 0.627734 0.0617188 0.130469
0 0.260938 0.421094 0.226562 0.842188
0 0.364063 0.860547 0.428125 0.278906
0 0.553906 0.94375 0.04375 0.1125
0 0.286914 0.898438 0.0707031 0.075
0 0.262061 0.514063 0.179004 0.226562
0 0.275781 0.418359 0.321875 0.836719
0 0.219141 0.439453 0.0859375 0.116406
0 0.254102 0.405078 0.161328 0.201563
0 0.74375 0.345898 0.0390625 0.135547
0 0.272852 0.573047 0.201953 0.691406
0 0.252295 0.889844 0.180566 0.090625
0 0.241797 0.876563 0.183203 0.071875
0 0.139941 0.882812 0.0582031 0.078125
0 0.754297 0.394434 0.0414063 0.151758
0 0.202539 0.171484 0.155859 0.342969
0 0.313672 0.617969 0.109375 0.154688
0 0.565625 0.907813 0.0234375 0.121875
0 0.161523 0.88125 0.0980469 0.0828125
0 0.564063 0.919531 0.04375 0.140625
0 0.161719 0.151855 0.112109 0.16543
0 0.513672 0.91875 0.130469 0.1625
0 0.557031 0.961719 0.0375 0.0765625
0 0.205469 0.0441895 0.046875 0.0868164
0 0.444922 0.61416 0.682031 0.741992
0 0.54375 0.90625 0.0726563 0.184375
0 0.264062 0.357031 0.096875 0.124219
0 0.149707 0.859375 0.0810547 0.129688
0 0.527344 0.897266 0.103125 0.205469
0 0.143555 0.121875 0.147266 0.217969
0 0.235938 0.514844 0.133203 0.217188
0 0.230859 0.451562 0.0679687 0.075
0 0.269141 0.428906 0.189063 0.249219
0 0.751563 0.426953 0.028125 0.271094
0 0.165625 0.85625 0.113672 0.148438
0 0.294531 0.628516 0.161719 0.142969
0 0.559375 0.967188 0.03125 0.065625
0 0.233252 0.396484 0.119434 0.190625
0 0.406641 0.426563 0.596094 0.853125
0 0.672266 0.317578 0.0296875 0.0570313
0 0.227539 0.422754 0.111328 0.156055
0 0.191064 0.0808105 0.0686523 0.161621
0 0.238232 0.572656 0.136816 0.326562
0 0.750391 0.37168 0.046875 0.121484
0 0.539844 0.878125 0.090625 0.24375
0 0.719141 0.294727 0.103906 0.234766
0 0.707812 0.437109 0.13125 0.330469
0 0.176221 0.882812 0.126465 0.059375
0 0.199658 0.778906 0.0772461 0.120313
0 0.666797 0.378516 0.222656 0.308594
0 0.180859 0.82793 0.135937 0.197266
0 0.162305 0.16543 0.103516 0.115625
0 0.721094 0.47666 0.107813 0.413867
0 0.66875 0.306299 0.217188 0.355371
0 0.710156 0.319336 0.084375 0.0863281
0 0.213281 0.883594 0.204688 0.0984375
0 0.226758 0.8625 0.173828 0.09375
0 0.276953 0.892969 0.0960938 0.090625
0 0.201758 0.0672852 0.05625 0.13457
0 0.340625 0.646875 0.0464844 0.0890625
0 0.316602 0.600781 0.0738281 0.115625
0 0.372852 0.928125 0.0347656 0.0625
0 0.213232 0.457813 0.0813477 0.0953125
0 0.373828 0.553125 0.140625 0.367969
0 0.553906 0.90625 0.0460938 0.139063
0 0.547656 0.939063 0.059375 0.121875
0 0.214062 0.13418 0.164062 0.268359
0 0.378223 0.927344 0.0263672 0.059375
0 0.25 0.892188 0.278125 0.121875
0 0.708594 0.53584 0.129688 0.42207
0 0.325391 0.444922 0.366406 0.877344
0 0.54375 0.83125 0.0921875 0.3375
0 0.145898 0.187842 0.0988281 0.0868164
0 0.23457 0.432813 0.105859 0.103125
0 0.5625 0.958203 0.04375 0.0835937
0 0.321289 0.601562 0.0542969 0.101562
0 0.267969 0.580859 0.161719 0.0773438
0 0.489453 0.921875 0.175 0.15625
0 0.262109 0.341406 0.0796875 0.0890625
0 0.224219 0.483594 0.105078 0.182812
0 0.66875 0.312305 0.0414063 0.0761719
0 0.36582 0.928125 0.0449219 0.065625
0 0.398535 0.448535 0.776367 0.762305
0 0.384277 0.909375 0.389258 0.18125
0 0.266406 0.566406 0.16875 0.101562
0 0.740234 0.495313 0.0710938 0.451562
0 0.349219 0.660547 0.03125 0.06875
0 0.59375 0.73125 0.01875 0.03125
0 0.305664 0.585547 0.06875 0.0648438
0 0.219873 0.37207 0.239941 0.744141
0 0.444434 0.89375 0.268945 0.2125
0 0.225781 0.546484 0.104688 0.145313
0 0.306641 0.8875 0.16875 0.14375
0 0.471094 0.936719 0.207813 0.126563
0 0.199609 0.137305 0.0367188 0.117969
0 0.623438 0.633984 0.304688 0.732031
0 0.571094 0.888281 0.0296875 0.090625
0 0.282422 0.364844 0.121875 0.110156
0 0.34375 0.654688 0.0390625 0.0757812
0 0.208789 0.439941 0.0929688 0.15293
0 0.314063 0.589063 0.0578125 0.0734375
0 0.433594 0.914844 0.284375 0.170313
0 0.154492 0.180273 0.121094 0.134375
0 0.464453 0.858984 0.228906 0.282031
0 0.25625 0.879687 0.154297 0.115625
0 0.692187 0.691016 0.0382813 0.0453125
0 0.324219 0.588672 0.0417969 0.0703125
0 0.174951 0.796875 0.137598 0.264062
0 0.717188 0.328906 0.107813 0.178125
0 0.306641 0.600781 0.096875 0.129688
0 0.717188 0.642969 0.09375 0.147656
0 0.718359 0.673438 0.0851563 0.0742188
0 0.212695 0.119531 0.226953 0.239063
0 0.638281 0.305664 0.278125 0.412109
0 0.214453 0.0218506 0.028125 0.0343262
0 0.184375 0.867188 0.146094 0.096875
0 0.238477 0.69375 0.0519531 0.126563
0 0.677344 0.311523 0.18125 0.185547
0 0.187891 0.755469 0.153125 0.348438
0 0.696484 0.698438 0.0265625 0.0359375
0 0.213867 0.370313 0.100391 0.271875
0 0.736328 0.347266 0.0570313 0.151562
0 0.675 0.314844 0.0328125 0.071875
0 0.353906 0.927344 0.0695313 0.06875
0 0.306641 0.748828 0.125 0.413281
0 0.350781 0.448828 0.1 0.160938
0 0.507812 0.888281 0.142188 0.223438
0 0.251953 0.311133 0.18125 0.371484
0 0.212695 0.260742 0.230859 0.509766
0 0.211523 0.0290894 0.0363281 0.05354
0 0.199805 0.790625 0.0957031 0.176563
0 0.729688 0.523047 0.0875 0.465625
0 0.566406 0.8875 0.0234375 0.09375
0 0.750781 0.661719 0.025 0.0492188
0 0.226562 0.571875 0.0882813 0.10625
0 0.187451 0.842188 0.153223 0.146875
0 0.757031 0.421777 0.034375 0.22207
0 0.297656 0.587109 0.0671875 0.0507812
0 0.713281 0.334766 0.10625 0.128906
0 0.553125 0.925781 0.0578125 0.148438
0 0.329688 0.678906 0.435937 0.564063
0 0.25 0.848437 0.284375 0.201563
0 0.245898 0.677734 0.255078 0.538281
0 0.25 0.882812 0.28125 0.1375
0 0.273242 0.562891 0.183984 0.292969
0 0.342187 0.842383 0.492969 0.296484
0 0.239844 0.760156 0.264844 0.36875
0 0.73125 0.343945 0.0703125 0.114453
0 0.55625 0.932031 0.0453125 0.135937
0 0.322266 0.620313 0.0789063 0.145313
0 0.223047 0.8625 0.219922 0.13125
0 0.205664 0.878125 0.182812 0.096875
0 0.348438 0.758984 0.489844 0.428906
0 0.21875 0.835156 0.212891 0.185938
0 0.239453 0.566797 0.113672 0.121094
0 0.745703 0.350391 0.0414063 0.101562
0 0.527344 0.922656 0.101562 0.154688
0 0.709766 0.316602 0.117188 0.168359
0 0.557031 0.951563 0.0390625 0.096875
0 0.21875 0.4625 0.0855469 0.0921875
0 0.158008 0.882812 0.090625 0.078125
0 0.75 0.365234 0.0289063 0.065625
0 0.268945 0.626953 0.203125 0.430469
0 0.383984 0.865625 0.39375 0.26875
0 0.670703 0.311523 0.0359375 0.0839844
0 0.561719 0.907813 0.0375 0.129688
0 0.716797 0.361133 0.113281 0.192578
0 0.287109 0.760156 0.174219 0.404687
0 0.224219 0.455469 0.0734375 0.0734375
0 0.545703 0.939063 0.0632813 0.121875
0 0.170313 0.882812 0.107813 0.053125
0 0.707422 0.330078 0.10625 0.090625
0 0.316016 0.609375 0.0984375 0.184375
0 0.566406 0.895312 0.025 0.0875
0 0.264062 0.9 0.10625 0.0796875
0 0.248779 0.535937 0.154004 0.251563
0 0.230859 0.521094 0.119922 0.214062
0 0.695703 0.460938 0.175781 0.415625
0 0.716406 0.411035 0.145313 0.354492
0 0.349609 0.659375 0.0296875 0.0640625
0 0.36875 0.932031 0.0367188 0.0546875
0 0.247217 0.894531 0.15166 0.090625
0 0.270117 0.538281 0.199219 0.40625
0 0.658984 0.480859 0.235156 0.439844
0 0.316406 0.885938 0.146875 0.15625
0 0.555469 0.964844 0.040625 0.0703125
0 0.547266 0.903906 0.0679687 0.192188
0 0.187939 0.116406 0.101465 0.23125
0 0.286523 0.901563 0.053125 0.071875
0 0.75 0.358203 0.0328125 0.090625
0 0.748438 0.351367 0.053125 0.114453
0 0.295703 0.598828 0.135156 0.205469
0 0.153125 0.117969 0.140234 0.227734
0 0.248779 0.796094 0.275098 0.271875
0 0.676953 0.313672 0.046875 0.0898438
0 0.670703 0.321484 0.0320312 0.0617188
0 0.238867 0.453906 0.0457031 0.065625
0 0.363281 0.928125 0.0484375 0.06875
0 0.664844 0.408496 0.226562 0.29707
0 0.507812 0.916406 0.142188 0.167187
0 0.483984 0.923438 0.185938 0.153125
0 0.66875 0.669531 0.021875 0.0296875
0 0.544922 0.917188 0.0632813 0.142188
0 0.724219 0.409375 0.103125 0.294531
0 0.262305 0.405469 0.18125 0.2
0 0.240625 0.879687 0.153125 0.0671875
0 0.283203 0.897656 0.0648438 0.0859375
0 0.209375 0.0383789 0.04375 0.0732422
0 0.353906 0.93125 0.065625 0.0625
0 0.698047 0.306445 0.0914062 0.1125
0 0.715625 0.27168 0.107031 0.261328
0 0.398438 0.537891 0.0265625 0.0421875
0 0.33457 0.628125 0.0675781 0.1375
0 0.222217 0.865625 0.156348 0.09375
0 0.337695 0.928906 0.0996094 0.0703125
0 0.200049 0.143555 0.134277 0.287109
0 0.175195 0.169141 0.0851563 0.111328
0 0.550391 0.480469 0.0320312 0.059375
0 0.664453 0.326758 0.211719 0.137109
0 0.241797 0.449219 0.0921875 0.09375
0 0.140527 0.8875 0.0572266 0.06875
0 0.696875 0.694531 0.0359375 0.040625
0 0.544922 0.469141 0.0265625 0.0421875
0 0.751563 0.38584 0.028125 0.131445
0 0.689844 0.689453 0.0453125 0.0492188
0 0.559766 0.970313 0.03125 0.0578125
0 0.17832 0.877344 0.127734 0.09375
0 0.522266 0.899609 0.114063 0.200781
0 0.696094 0.699219 0.0265625 0.0359375
0 0.339453 0.639844 0.0523438 0.1125
0 0.753516 0.367383 0.0375 0.0863281
0 0.548047 0.861523 0.0726563 0.276953
0 0.75 0.660937 0.025 0.05
0 0.197705 0.814844 0.174121 0.220313
0 0.550781 0.476562 0.0453125 0.059375
0 0.669141 0.675781 0.0234375 0.04375
0 0.559766 0.948438 0.0539063 0.103125
0 0.745313 0.417578 0.06875 0.307031
0 0.684375 0.305469 0.0609375 0.090625
0 0.325391 0.925 0.123438 0.0875
0 0.670703 0.255518 0.211719 0.33584
0 0.217578 0.5 0.0984375 0.189063
0 0.270264 0.464746 0.193848 0.308008
0 0.212695 0.450391 0.0894531 0.125781
0 0.266357 0.701953 0.200879 0.389844
0 0.185352 0.101367 0.0707031 0.161328
0 0.397656 0.541406 0.0375 0.0546875
0 0.751563 0.377734 0.0359375 0.172656
0 0.660937 0.354883 0.232813 0.226172
0 0.311719 0.605859 0.0921875 0.135156
0 0.26167 0.424609 0.237598 0.746094
0 0.208203 0.201953 0.157422 0.403906
0 0.313281 0.611719 0.0710938 0.1125
0 0.673438 0.674219 0.0265625 0.0390625
0 0.453516 0.472656 0.655469 0.58125
0 0.302539 0.401172 0.324609 0.763281
0 0.710938 0.690234 0.0671875 0.0515625
0 0.568359 0.489063 0.028125 0.0625
0 0.352734 0.65625 0.0386719 0.0875
0 0.543359 0.4625 0.0234375 0.0328125
0 0.561719 0.959375 0.0453125 0.08125
0 0.229297 0.441797 0.1 0.1125
0 0.162793 0.179248 0.100195 0.0985352
0 0.411719 0.976953 0.0765625 0.0460938
0 0.214648 0.0228271 0.0285156 0.0354004
0 0.663281 0.553906 0.221875 0.610938
0 0.685938 0.282422 0.157813 0.244531
0 0.571094 0.885156 0.0289063 0.071875
0 0.204248 0.469922 0.0657227 0.0820312
0 0.59375 0.73125 0.01875 0.03125
0 0.672656 0.626953 0.226562 0.746094
0 0.226953 0.550391 0.096875 0.136719
0 0.435059 0.914062 0.286133 0.171875
0 0.187695 0.0736816 0.0722656 0.144043
0 0.343945 0.65625 0.0386719 0.071875
0 0.326172 0.607813 0.0492188 0.114063
0 0.230273 0.425391 0.118359 0.134375
0 0.223438 0.876563 0.126563 0.0578125
0 0.654688 0.318555 0.242188 0.203516
0 0.553125 0.815625 0.0703125 0.36875
0 0.253516 0.577734 0.127344 0.096875
0 0.749219 0.465527 0.0546875 0.41582
0 0.256836 0.412109 0.314453 0.824219
0 0.184961 0.154492 0.0734375 0.112891
0 0.692187 0.682813 0.0679687 0.0585938
0 0.305859 0.591406 0.0683594 0.0734375
0 0.710547 0.683594 0.0953125 0.06875
0 0.548828 0.961719 0.0546875 0.0765625
0 0.168359 0.814063 0.123438 0.23125
0 0.718359 0.674219 0.0835937 0.0648438
0 0.332227 0.366211 0.0671875 0.0730469
0 0.573047 0.5 0.025 0.05
0 0.373828 0.929688 0.0320312 0.0609375
0 0.697266 0.342578 0.141406 0.161719
0 0.736719 0.450684 0.0765625 0.375195
0 0.340234 0.616406 0.110937 0.2125
0 0.45 0.441406 0.0265625 0.0453125
0 0.203516 0.0484863 0.0484375 0.0930664
0 0.247656 0.434766 0.10625 0.107031
0 0.571094 0.496094 0.0203125 0.0453125
0 0.309961 0.644141 0.112109 0.221875
0 0.663281 0.670313 0.021875 0.0328125
0 0.716016 0.302393 0.139844 0.380371
0 0.321484 0.911719 0.132812 0.11875
0 0.715625 0.650391 0.0953125 0.132031
0 0.445312 0.438281 0.028125 0.0398437
0 0.153613 0.871094 0.0912109 0.1125
0 0.714063 0.666406 0.09375 0.0953125
0 0.145605 0.883594 0.0681641 0.0828125
0 0.288086 0.90625 0.0449219 0.059375
0 0.371875 0.407129 0.471875 0.720117
0 0.267773 0.356641 0.114844 0.117969
0 0.251367 0.908594 0.282422 0.1375
0 0.320654 0.493652 0.316504 0.500195
0 0.588281 0.730469 0.025 0.0328125
0 0.314258 0.756641 0.122266 0.458594
0 0.406641 0.542969 0.0398437 0.0609375
0 0.411719 0.639844 0.585938 0.704688
0 0.203467 0.784375 0.0836914 0.14375
0 0.555469 0.902344 0.0484375 0.11875
0 0.362891 0.94375 0.034375 0.0375
0 0.535937 0.932813 0.08125 0.134375
0 0.295703 0.507422 0.25625 0.419531
0 0.294141 0.588281 0.0492188 0.046875
0 0.515625 0.211719 0.0328125 0.0375
0 0.234326 0.460156 0.127441 0.11875
0 0.75625 0.397266 0.0335938 0.127344
0 0.166602 0.191455 0.0882813 0.0764648
0 0.548438 0.470313 0.03125 0.0515625
0 0.311719 0.778906 0.15 0.376563
0 0.182861 0.885938 0.0834961 0.040625
0 0.19668 0.472266 0.0484375 0.0773438
0 0.231836 0.48125 0.120313 0.134375
0 0.267188 0.583594 0.164844 0.075
0 0.213086 0.0410156 0.065625 0.0820312
0 0.169434 0.842969 0.133789 0.1625
0 0.213281 0.0258789 0.0351562 0.0460938
0 0.187891 0.859375 0.154297 0.11875
0 0.291016 0.904688 0.0765625 0.0921875
0 0.320703 0.357422 0.469531 0.714844
0 0.19707 0.0575684 0.0609375 0.110449
0 0.754297 0.391016 0.025 0.175781
0 0.180469 0.889844 0.107031 0.059375
0 0.595313 0.682031 0.0132813 0.028125
0 0.310156 0.594531 0.0707031 0.10625
0 0.205127 0.879687 0.107715 0.053125
0 0.293555 0.628516 0.165234 0.140625
0 0.237842 0.494922 0.129785 0.178125
0 0.757031 0.50625 0.0203125 0.046875
0 0.214844 0.578516 0.05 0.071875
0 0.576563 0.501172 0.0296875 0.05625
0 0.565625 0.4875 0.034375 0.075
0 0.293555 0.561719 0.106641 0.132812
0 0.442188 0.858203 0.278906 0.283594
0 0.323633 0.464063 0.0265625 0.0507812
0 0.530469 0.949609 0.0898438 0.100781
0 0.537891 0.465625 0.0304688 0.0390625
0 0.281641 0.652344 0.159375 0.278125
0 0.187305 0.476562 0.0355469 0.059375
0 0.226562 0.576563 0.0773438 0.09375
0 0.211133 0.606152 0.333203 0.662695
0 0.220703 0.0223633 0.04375 0.0368164
0 0.594531 0.254297 0.370313 0.332813
0 0.397656 0.55 0.04375 0.0734375
0 0.347656 0.640234 0.0625 0.133594
0 0.334961 0.762109 0.105859 0.422656
0 0.711719 0.384375 0.125 0.255469
0 0.561719 0.482812 0.0328125 0.0609375
0 0.208789 0.875 0.142578 0.0796875
0 0.144727 0.187842 0.112109 0.0891602
0 0.608984 0.681641 0.01875 0.0273438
0 0.357422 0.662891 0.0328125 0.071875
0 0.288086 0.396094 0.243359 0.188281
0 0.457031 0.930469 0.234375 0.139063
0 0.735156 0.330078 0.046875 0.107813
0 0.148047 0.811719 0.114063 0.232813
0 0.390625 0.903125 0.3875 0.19375
0 0.315234 0.217188 0.469531 0.434375
0 0.191211 0.179883 0.155078 0.316797
0 0.709375 0.311133 0.084375 0.137109
0 0.294922 0.914062 0.0445313 0.05
0 0.327539 0.470313 0.0324219 0.0648438
0 0.184326 0.774219 0.153223 0.310937
0 0.475781 0.938672 0.1875 0.122656
0 0.312305 0.366211 0.0796875 0.0878906
0 0.544531 0.473438 0.0484375 0.0578125
0 0.663281 0.666406 0.025 0.034375
0 0.298633 0.586719 0.0792969 0.059375
0 0.271875 0.402734 0.0269531 0.0351562
0 0.738281 0.671875 0.046875 0.075
0 0.423047 0.392969 0.663281 0.785937
0 0.327344 0.353516 0.0640625 0.0820312
0 0.208398 0.0226807 0.0421875 0.0362793
0 0.383594 0.6125 0.0671875 0.20625
0 0.377441 0.925 0.0404297 0.0703125
0 0.330469 0.377441 0.0453125 0.0466797
0 0.201221 0.104102 0.100684 0.204297
0 0.376563 0.546484 0.135937 0.360156
0 0.757422 0.498437 0.0210938 0.0421875
0 0.474219 0.89375 0.210156 0.2125
0 0.25957 0.488672 0.169141 0.161719
0 0.429688 0.152441 0.028125 0.0404297
0 0.703906 0.289062 0.06875 0.115234
0 0.200391 0.884375 0.0632813 0.040625
0 0.435547 0.15332 0.0320312 0.0414063
0 0.170996 0.158179 0.13457 0.18208
0 0.260547 0.401172 0.0523438 0.040625
0 0.207031 0.0292969 0.04375 0.0518555
0 0.355859 0.370313 0.025 0.0359375
0 0.755469 0.51875 0.0203125 0.0453125
0 0.277344 0.58125 0.13125 0.0921875
0 0.740625 0.481348 0.0679687 0.495117
0 0.246533 0.379297 0.153809 0.257031
0 0.205469 0.115039 0.275781 0.230078
0 0.716797 0.246289 0.127344 0.353516
0 0.219531 0.585156 0.053125 0.0671875
0 0.430859 0.149805 0.0429688 0.0453125
0 0.747656 0.666797 0.025 0.0492188
0 0.170508 0.896875 0.110547 0.0703125
0 0.423438 0.149609 0.034375 0.0402344
0 0.215625 0.584766 0.0410156 0.0570313
0 0.419141 0.979688 0.0640625 0.040625
0 0.330664 0.478906 0.0378906 0.0796875
0 0.380859 0.650391 0.0226563 0.0835937
0 0.328516 0.598437 0.0390625 0.09375
0 0.15918 0.833008 0.1 0.187109
0 0.139648 0.19043 0.0921875 0.0757812
0 0.504687 0.208594 0.021875 0.0332031
0 0.196533 0.521875 0.0553711 0.171875
0 0.38125 0.660156 0.01875 0.06875
0 0.548828 0.972656 0.0539063 0.0546875
0 0.702344 0.247217 0.103125 0.310254
0 0.301367 0.580469 0.0886719 0.132031
0 0.546875 0.836328 0.0890625 0.327344
0 0.626172 0.425 0.316406 0.34375
0 0.708594 0.245703 0.03125 0.0679687
0 0.328906 0.344727 0.0484375 0.0667969
0 0.75 0.46875 0.23125 0.427344
0 0.24707 0.837695 0.269922 0.212109
0 0.271533 0.676953 0.313184 0.577344
0 0.250977 0.876563 0.280078 0.15625
0 0.265283 0.555469 0.183496 0.289844
0 0.548438 0.926562 0.0625 0.146875
0 0.709766 0.670313 0.105469 0.0953125
0 0.339844 0.837695 0.474219 0.305859
0 0.694531 0.332422 0.140625 0.138281
0 0.244141 0.715234 0.271094 0.475781
0 0.713281 0.346094 0.104688 0.14375
0 0.32793 0.698828 0.439453 0.541406
0 0.258984 0.663281 0.204297 0.546875
0 0.716797 0.377734 0.103125 0.199219
0 0.721094 0.341406 0.090625 0.107813
0 0.525391 0.924609 0.101562 0.150781
0 0.6625 0.341016 0.217188 0.139844
0 0.551172 0.950781 0.0539063 0.0984375
0 0.542578 0.945312 0.0710938 0.109375
0 0.673438 0.36875 0.19375 0.196875
0 0.246924 0.882031 0.268652 0.109375
0 0.241211 0.773438 0.265234 0.31875
0 0.689453 0.307227 0.150781 0.191797
0 0.319531 0.620313 0.08125 0.145313
0 0.238672 0.566797 0.115234 0.114063
0 0.660156 0.444922 0.229687 0.382031
0 0.747656 0.358398 0.0289063 0.0714844
0 0.746094 0.350195 0.0359375 0.0886719
0 0.657813 0.334375 0.234375 0.303125
0 0.224023 0.843555 0.222656 0.159766
0 0.738672 0.344531 0.0539063 0.107031
0 0.726953 0.405566 0.090625 0.276367
0 0.246826 0.527344 0.150098 0.229687
0 0.555859 0.915625 0.053125 0.132812
0 0.70625 0.680859 0.10625 0.065625
0 0.217773 0.492188 0.0863281 0.148438
0 0.545703 0.896875 0.0703125 0.20625
0 0.219873 0.501563 0.10791 0.188281
0 0.555469 0.966406 0.0421875 0.0671875
0 0.709375 0.645703 0.110937 0.142969
0 0.750781 0.370703 0.0289063 0.0773438
0 0.657031 0.274609 0.23125 0.334375
0 0.750781 0.35625 0.0421875 0.0921875
0 0.215234 0.576172 0.0523438 0.0679687
0 0.565625 0.8875 0.025 0.05625
0 0.217969 0.469922 0.0820312 0.100781
0 0.547656 0.855273 0.0757812 0.289453
0 0.513281 0.960547 0.126563 0.0789063
0 0.559766 0.964063 0.028125 0.065625
0 0.547656 0.477734 0.04375 0.0578125
0 0.740625 0.417871 0.0671875 0.295508
0 0.350781 0.657813 0.0257812 0.059375
0 0.560938 0.892969 0.0375 0.071875
0 0.285547 0.604688 0.144922 0.23125
0 0.482031 0.920313 0.19375 0.159375
0 0.544531 0.960156 0.065625 0.0796875
0 0.517969 0.903906 0.120313 0.192188
0 0.329688 0.627344 0.071875 0.1375
0 0.671875 0.392188 0.217188 0.551562
0 0.421094 0.889844 0.323438 0.220313
0 0.544141 0.473438 0.0328125 0.046875
0 0.517969 0.939844 0.121875 0.120313
0 0.752344 0.3875 0.0296875 0.115625
0 0.274268 0.85625 0.228027 0.23125
0 0.361328 0.93125 0.0539063 0.059375
0 0.703906 0.320312 0.0945313 0.0953125
0 0.243359 0.418359 0.0894531 0.0867188
0 0.559375 0.901563 0.0445313 0.09375
0 0.673438 0.287061 0.178125 0.241504
0 0.677734 0.675781 0.040625 0.0484375
0 0.307813 0.895312 0.159375 0.140625
0 0.27207 0.595313 0.203125 0.542188
0 0.715234 0.283252 0.096875 0.240527
0 0.260742 0.451953 0.178516 0.236719
0 0.246484 0.437891 0.09375 0.103906
0 0.244531 0.451172 0.146094 0.199219
0 0.706641 0.385059 0.130469 0.22832
0 0.294531 0.777344 0.142969 0.395313
0 0.457422 0.451172 0.632031 0.604688
0 0.557031 0.925 0.06875 0.15
0 0.265625 0.896094 0.246875 0.129688
0 0.261719 0.703125 0.211328 0.384375
0 0.242578 0.455469 0.0578125 0.0671875
0 0.233789 0.426465 0.111328 0.118945
0 0.705469 0.236523 0.025 0.0488281
0 0.224219 0.455469 0.06875 0.06875
0 0.148926 0.118359 0.150586 0.230469
0 0.262695 0.505078 0.175 0.321875
0 0.294531 0.641016 0.132031 0.259375
0 0.714063 0.6875 0.0765625 0.053125
0 0.214844 0.571094 0.0597656 0.0859375
0 0.334766 0.929688 0.109375 0.0671875
0 0.312451 0.464063 0.294629 0.286719
0 0.746094 0.34375 0.071875 0.122656
0 0.349219 0.93125 0.0773438 0.059375
0 0.319531 0.532129 0.295312 0.429492
0 0.247656 0.44375 0.0738281 0.075
0 0.325391 0.923438 0.128125 0.084375
0 0.701172 0.691406 0.0492188 0.0453125
0 0.746094 0.44834 0.0546875 0.395508
0 0.708203 0.241406 0.0289063 0.0570313
0 0.592188 0.730859 0.0203125 0.03125
0 0.698047 0.673828 0.0851563 0.0578125
0 0.234961 0.452734 0.0464844 0.0585938
0 0.752734 0.379004 0.0382813 0.15293
0 0.305078 0.617969 0.1125 0.204688
0 0.3125 0.615625 0.0738281 0.11875
0 0.333203 0.369141 0.06875 0.0648438
0 0.542969 0.907813 0.0695313 0.125
0 0.318701 0.380371 0.296973 0.14707
0 0.340625 0.642969 0.05 0.0890625
0 0.474902 0.881836 0.20957 0.236328
0 0.265625 0.570312 0.169531 0.1
0 0.23457 0.5 0.130078 0.242188
0 0.310352 0.406641 0.311328 0.182812
0 0.234766 0.551172 0.0984375 0.123438
0 0.252734 0.576563 0.13125 0.096875
0 0.267188 0.406348 0.198047 0.170117
0 0.20625 0.541406 0.0777344 0.157031
0 0.688281 0.68125 0.0703125 0.0625
0 0.697656 0.298828 0.090625 0.13125
0 0.240234 0.452344 0.0320312 0.053125
0 0.558594 0.957812 0.0507812 0.084375
0 0.339453 0.89375 0.23125 0.146875
0 0.186719 0.876563 0.142969 0.09375
0 0.216797 0.585547 0.0382813 0.0476562
0 0.29292 0.488672 0.236035 0.31875
0 0.700781 0.256445 0.114063 0.313672
0 0.346484 0.648438 0.03125 0.0671875
0 0.22832 0.570312 0.0925781 0.0976562
0 0.306836 0.616406 0.111328 0.139063
0 0.188721 0.483984 0.0374023 0.0554687
0 0.210938 0.453906 0.0988281 0.135937
0 0.195508 0.525 0.0527344 0.142188
0 0.245117 0.417969 0.153516 0.172656
0 0.753125 0.524609 0.0328125 0.0515625
0 0.21875 0.586719 0.05 0.05625
0 0.211719 0.880469 0.196875 0.0953125
0 0.261523 0.403125 0.0503906 0.0421875
0 0.698438 0.317969 0.0828125 0.075
0 0.257812 0.897656 0.134375 0.0859375
0 0.664844 0.3125 0.0460938 0.0726563
0 0.170313 0.883594 0.109766 0.0546875
0 0.56875 0.488281 0.0296875 0.0609375
0 0.311914 0.869531 0.155859 0.198437
0 0.697656 0.697656 0.03125 0.0375
0 0.540234 0.972656 0.0726563 0.0546875
0 0.242578 0.456641 0.0398437 0.0609375
0 0.756641 0.519531 0.021875 0.0484375
0 0.271094 0.403125 0.0285156 0.0359375
0 0.265234 0.40625 0.0554687 0.0625
0 0.239453 0.403906 0.0988281 0.119531
0 0.669531 0.303516 0.215625 0.440625
0 0.350195 0.658203 0.0355469 0.0695313
0 0.23457 0.449219 0.0652344 0.0734375
0 0.344141 0.653906 0.0390625 0.0640625
0 0.225781 0.442578 0.124219 0.128906
0 0.283594 0.898438 0.0734375 0.0875
0 0.499219 0.927734 0.15 0.144531
0 0.662891 0.560547 0.222656 0.610156
0 0.16709 0.169238 0.106055 0.111914
0 0.570312 0.485938 0.046875 0.0765625
0 0.360938 0.639063 0.514063 0.684375
0 0.609375 0.68125 0.0203125 0.028125
0 0.353906 0.923438 0.0703125 0.08125
0 0.671094 0.314258 0.0289063 0.0589844
0 0.757812 0.505859 0.0234375 0.0507812
0 0.371875 0.928125 0.0328125 0.0578125
0 0.667969 0.664844 0.0234375 0.0328125
0 0.166992 0.88125 0.109766 0.08125
0 0.331836 0.454785 0.328516 0.40918
0 0.480469 0.471094 0.632812 0.400781
0 0.753906 0.4625 0.0265625 0.0554687
0 0.677734 0.478516 0.200781 0.477344
0 0.330859 0.378516 0.0453125 0.0429688
0 0.277734 0.665234 0.1625 0.305469
0 0.55625 0.891406 0.0546875 0.0953125
0 0.310156 0.6625 0.108594 0.276563
0 0.744141 0.378906 0.0453125 0.157031
0 0.215869 0.582812 0.312012 0.760938
0 0.745703 0.527344 0.0476562 0.0515625
0 0.705859 0.234961 0.0921875 0.396484
0 0.249609 0.451562 0.101172 0.0796875
0 0.21792 0.537891 0.0969727 0.172656
0 0.306445 0.603125 0.0738281 0.084375
0 0.55 0.8875 0.06875 0.1125
0 0.286719 0.900781 0.059375 0.0703125
0 0.639844 0.272852 0.253125 0.433984
0 0.323047 0.462109 0.0234375 0.04375
0 0.398828 0.535937 0.0265625 0.0390625
0 0.754297 0.511719 0.034375 0.0578125
0 0.318359 0.917188 0.15 0.1125
0 0.514453 0.972656 0.121094 0.0546875
0 0.525 0.859375 0.121875 0.28125
0 0.155957 0.179688 0.118164 0.0964844
0 0.570312 0.49375 0.0203125 0.0453125
0 0.265234 0.361719 0.123438 0.120313
0 0.219141 0.553906 0.0789063 0.117188
0 0.638672 0.4875 0.271094 0.455469
0 0.145508 0.883594 0.0675781 0.0765625
0 0.750391 0.457813 0.0289063 0.0265625
0 0.567187 0.889844 0.0375 0.0765625
0 0.54375 0.845508 0.1 0.308984
0 0.748828 0.530078 0.0351562 0.0476562
0 0.340039 0.91875 0.0964844 0.09375
0 0.247266 0.411719 0.084375 0.059375
0 0.252344 0.398047 0.08125 0.0773438
0 0.201172 0.478516 0.0621094 0.0835937
0 0.614844 0.68125 0.021875 0.0296875
0 0.223438 0.592188 0.0476562 0.053125
0 0.332227 0.907031 0.115234 0.120313
0 0.414453 0.459375 0.214062 0.196875
0 0.6 0.681641 0.021875 0.0289063
0 0.22207 0.590625 0.0402344 0.04375
0 0.414844 0.978125 0.078125 0.04375
0 0.684766 0.321875 0.05 0.065625
0 0.390527 0.901563 0.367383 0.173438
0 0.206836 0.477344 0.0828125 0.103125
0 0.754687 0.433203 0.0234375 0.0515625
0 0.559375 0.486328 0.0296875 0.0523438
0 0.365625 0.435547 0.114063 0.120313
0 0.271484 0.592188 0.158594 0.0640625
0 0.349805 0.645312 0.0464844 0.1
0 0.757422 0.404687 0.0304688 0.107031
0 0.755469 0.479297 0.0265625 0.0492188
0 0.201563 0.816992 0.185938 0.216016
0 0.755859 0.423438 0.021875 0.053125
0 0.649219 0.308203 0.0703125 0.071875
0 0.753125 0.475 0.03125 0.0390625
0 0.387402 0.635156 0.0283203 0.146094
0 0.193408 0.116602 0.141309 0.226172
0 0.149316 0.817187 0.102539 0.215625
0 0.192969 0.480469 0.0390625 0.065625
0 0.571094 0.885938 0.0265625 0.05625
0 0.324609 0.350391 0.286719 0.15
0 0.5375 0.48125 0.0640625 0.065625
0 0.326758 0.365625 0.362109 0.73125
0 0.578906 0.489063 0.034375 0.0625
0 0.331641 0.652344 0.065625 0.0898438
0 0.416406 0.971875 0.0914062 0.05625
0 0.695312 0.696875 0.046875 0.0453125
0 0.239258 0.884375 0.160547 0.075
0 0.358984 0.405469 0.207031 0.167187
0 0.230664 0.589844 0.0683594 0.0546875
0 0.258594 0.42334 0.103125 0.0970703
0 0.435937 0.922656 0.286719 0.154688
0 0.168164 0.820312 0.123828 0.2125
0 0.5375 0.468359 0.0390625 0.04375
0 0.298828 0.590625 0.0816406 0.05
0 0.588281 0.729688 0.025 0.0328125
0 0.707812 0.283203 0.0640625 0.120313
0 0.754687 0.497656 0.034375 0.06875
0 0.401172 0.540625 0.0445313 0.0578125
0 0.310742 0.373437 0.0925781 0.0742188
0 0.240234 0.7 0.0460938 0.10625
0 0.191406 0.476953 0.0554687 0.0796875
0 0.3625 0.94375 0.0414063 0.0375
0 0.402734 0.5375 0.0289063 0.0453125
0 0.275781 0.624609 0.146094 0.174219
0 0.757812 0.494531 0.025 0.0546875
0 0.329883 0.477344 0.0324219 0.0640625
0 0.224561 0.407031 0.135254 0.220313
0 0.217236 0.474902 0.127246 0.256445
0 0.753516 0.526953 0.0242188 0.0476562
0 0.389844 0.382812 0.779688 0.545313
0 0.448438 0.439844 0.0296875 0.0484375
0 0.760938 0.513672 0.0257812 0.0539063
0 0.324609 0.467578 0.025 0.046875
0 0.748438 0.660156 0.03125 0.059375
0 0.759766 0.425 0.0257812 0.05625
0 0.20708 0.441797 0.145215 0.242969
0 0.223633 0.865625 0.159766 0.0953125
0 0.336328 0.763281 0.1125 0.439063
0 0.324609 0.608203 0.0484375 0.1125
0 0.231641 0.4625 0.0796875 0.084375
0 0.340625 0.9375 0.1 0.05625
0 0.278516 0.795117 0.200781 0.359766
0 0.628906 0.382422 0.2875 0.263281
0 0.321484 0.383203 0.0265625 0.0351562
0 0.707031 0.530859 0.154688 0.530469
0 0.191992 0.489063 0.0503906 0.0757812
0 0.705469 0.233594 0.034375 0.0519531
0 0.326758 0.358984 0.0789063 0.0828125
0 0.339844 0.375391 0.05625 0.046875
0 0.241406 0.5 0.128125 0.1625
0 0.608984 0.689844 0.021875 0.0234375
0 0.164551 0.839258 0.107227 0.165234
0 0.274219 0.375684 0.1375 0.0955078
0 0.286914 0.642969 0.136328 0.117188
0 0.270898 0.582031 0.144922 0.101562
0 0.449219 0.842188 0.264844 0.315625
0 0.346484 0.638281 0.065625 0.128125
0 0.692969 0.636719 0.1375 0.1625
0 0.654688 0.319141 0.210938 0.124219
0 0.434375 0.566406 0.673438 0.704688
0 0.279687 0.398828 0.0757812 0.0898438
0 0.307422 0.35918 0.104688 0.0949219
0 0.288672 0.388672 0.121094 0.0828125
0 0.592969 0.733984 0.0257812 0.0421875
0 0.553906 0.489844 0.0453125 0.0554687
0 0.582812 0.482812 0.034375 0.0734375
0 0.350391 0.690234 0.489844 0.588281
0 0.219531 0.682813 0.298438 0.54375
0 0.708594 0.659375 0.110937 0.120313
0 0.55 0.924609 0.0648438 0.150781
0 0.434766 0.488281 0.680469 0.676562
0 0.657813 0.484375 0.234375 0.483594
0 0.345313 0.80957 0.46875 0.377734
0 0.449609 0.633691 0.640625 0.723242
0 0.658594 0.3625 0.23125 0.207813
0 0.245703 0.828125 0.271094 0.229687
0 0.267773 0.585938 0.191797 0.342187
0 0.552344 0.941406 0.0625 0.117188
0 0.293359 0.420703 0.442969 0.835156
0 0.653516 0.39375 0.250781 0.298438
0 0.217236 0.424609 0.285059 0.849219
0 0.528125 0.922656 0.104688 0.154688
0 0.735547 0.342578 0.071875 0.130469
0 0.152148 0.115918 0.151953 0.224414
0 0.390625 0.404687 0.78125 0.678125
0 0.661719 0.321484 0.220313 0.163281
0 0.184766 0.111914 0.100781 0.214453
0 0.724219 0.335938 0.0984375 0.122656
0 0.710156 0.639453 0.115625 0.169531
0 0.557422 0.915625 0.0554687 0.140625
0 0.553125 0.953125 0.0515625 0.09375
0 0.65 0.334766 0.254688 0.271094
0 0.202539 0.177686 0.148047 0.35166
0 0.192383 0.0806641 0.0773438 0.161328
0 0.241602 0.773438 0.266797 0.346875
0 0.402344 0.850781 0.360938 0.298438
0 0.716016 0.413281 0.125781 0.307031
0 0.189111 0.141797 0.14834 0.280469
0 0.242773 0.565625 0.123047 0.139063
0 0.707031 0.678125 0.109375 0.084375
0 0.200977 0.192773 0.248828 0.376953
0 0.742578 0.346484 0.053125 0.124219
0 0.50625 0.90625 0.15 0.1875
0 0.545313 0.860156 0.0921875 0.279687
0 0.685156 0.300391 0.165625 0.211719
0 0.603906 0.4875 0.34375 0.510938
0 0.218799 0.496094 0.0905273 0.178906
0 0.705469 0.358203 0.134375 0.203125
0 0.227295 0.501563 0.125098 0.210938
0 0.706641 0.529688 0.125 0.415625
0 0.51875 0.869922 0.135937 0.260156
0 0.478125 0.885156 0.215625 0.229687
0 0.559766 0.928125 0.0757812 0.14375
0 0.186719 0.155859 0.0757812 0.145313
0 0.658984 0.264062 0.220313 0.242188
0 0.249023 0.867188 0.280078 0.15625
0 0.207373 0.585254 0.342285 0.720117
0 0.739062 0.418652 0.0875 0.300195
0 0.645312 0.305859 0.2625 0.378125
0 0.202783 0.328906 0.256152 0.657813
0 0.552734 0.894531 0.0664062 0.139063
0 0.553125 0.961719 0.0453125 0.0765625
0 0.237061 0.566797 0.131348 0.317969
0 0.748438 0.360547 0.0414063 0.124219
0 0.330664 0.622656 0.084375 0.167187
0 0.698438 0.32793 0.142188 0.198047
0 0.259766 0.676172 0.214062 0.530469
0 0.748438 0.433691 0.065625 0.335742
0 0.188232 0.106079 0.0735352 0.188623
0 0.709375 0.29375 0.0875 0.160156
0 0.222705 0.135254 0.180371 0.268555
0 0.750781 0.384375 0.0421875 0.146094
0 0.210986 0.123438 0.29209 0.246094
0 0.560938 0.902344 0.0421875 0.107813
0 0.750781 0.388281 0.046875 0.192969
0 0.710938 0.582812 0.117188 0.284375
0 0.750781 0.470996 0.0578125 0.443945
0 0.696875 0.276514 0.135937 0.253223
0 0.117383 0.111621 0.226172 0.211914
0 0.261914 0.524609 0.177344 0.236719
0 0.200342 0.0935547 0.0758789 0.187109
0 0.222852 0.258984 0.289844 0.517188
0 0.236914 0.170508 0.283984 0.335156
0 0.69375 0.68125 0.0875 0.071875
0 0.338281 0.6375 0.0617188 0.128125
0 0.340625 0.649609 0.05 0.084375
0 0.654688 0.584473 0.2375 0.70918
0 0.526172 0.95 0.109375 0.1
0 0.201172 0.0668457 0.0550781 0.131934
0 0.205664 0.228711 0.161328 0.457422
0 0.746875 0.352734 0.0375 0.0945313
0 0.213281 0.882812 0.203125 0.09375
0 0.428516 0.879297 0.321094 0.241406
0 0.482031 0.91875 0.203125 0.1625
0 0.744141 0.361719 0.04375 0.15625
0 0.222705 0.86875 0.220215 0.125
0 0.542969 0.904688 0.0742188 0.140625
0 0.680859 0.245117 0.148438 0.262109
0 0.250391 0.514453 0.232031 0.877344
0 0.692187 0.611719 0.15 0.228125
0 0.201123 0.50625 0.363379 0.979688
0 0.364453 0.929688 0.05 0.065625
0 0.209766 0.514063 0.0910156 0.20625
0 0.373633 0.467187 0.532422 0.928125
0 0.218945 0.46875 0.0847656 0.1125
0 0.707031 0.31875 0.10625 0.114844
0 0.164453 0.131348 0.291406 0.261133
0 0.748438 0.344531 0.0734375 0.1375
0 0.22793 0.546094 0.103516 0.164844
0 0.71875 0.667578 0.0875 0.0992187
0 0.178516 0.176758 0.108594 0.152734
0 0.145898 0.199023 0.287891 0.391016
0 0.614453 0.366602 0.330469 0.213672
0 0.389062 0.314648 0.778125 0.629297
0 0.538281 0.917969 0.0890625 0.164062
0 0.519531 0.961328 0.117188 0.0773438
0 0.553906 0.842188 0.090625 0.315625
0 0.717578 0.524609 0.113281 0.514844
0 0.716406 0.686719 0.0828125 0.0625
0 0.703516 0.689063 0.0695313 0.0578125
0 0.661719 0.225977 0.196094 0.262891
0 0.199951 0.521094 0.0680664 0.189063
0 0.612109 0.353516 0.332031 0.402344
0 0.685938 0.551562 0.164062 0.351562
0 0.5625 0.876172 0.103906 0.247656
0 0.71875 0.657031 0.0921875 0.145313
0 0.198437 0.369922 0.185938 0.354688
0 0.598437 0.598047 0.351562 0.803906
0 0.155762 0.175342 0.124805 0.108691
0 0.934375 0.000390625 0.13125 0.00078125
0 0.729688 0.657031 0.0679687 0.121875
0 0.258252 0.205469 0.353809 0.40625
0 0.231689 0.469922 0.135059 0.228125
0 0.744141 0.485547 0.0664062 0.523438
0 0.230664 0.425 0.123828 0.153906
0 0.708984 0.262891 0.04375 0.139844
0 0.753906 0.411035 0.0375 0.193555
0 0.705469 0.249219 0.034375 0.107813
0 0.243555 0.429297 0.148438 0.214062
0 0.270703 0.361719 0.128125 0.139844
0 0.745313 0.665625 0.273438 0.66875
0 0.542188 0.875 0.0890625 0.171875
0 0.676953 0.676562 0.05 0.059375
0 0.111694 0.783594 0.158643 0.321875
0 0.23457 0.364063 0.180859 0.346875
0 0.191846 0.306836 0.196777 0.425391
0 0.296484 0.4875 0.247656 0.309375
0 0.239453 0.685156 0.258594 0.525
0 0.305078 0.688281 0.397656 0.540625
0 0.26875 0.561719 0.192188 0.28125
0 0.721875 0.338281 0.096875 0.107813
0 0.552734 0.927344 0.059375 0.145313
0 0.242139 0.771094 0.256348 0.335938
0 0.705859 0.658984 0.110156 0.115625
0 0.739844 0.340625 0.0554687 0.111719
0 0.191992 0.0953125 0.0816406 0.180469
0 0.200977 0.417969 0.254688 0.835938
0 0.528516 0.925781 0.102344 0.148438
0 0.187158 0.142578 0.153027 0.285156
0 0.715625 0.35918 0.10625 0.162109
0 0.212061 0.185352 0.123535 0.370703
0 0.552344 0.948438 0.05 0.103125
0 0.197705 0.119141 0.100684 0.23125
0 0.546875 0.938672 0.06875 0.122656
0 0.157227 0.106152 0.142188 0.204883
0 0.216016 0.48125 0.08125 0.135937
0 0.25918 0.419922 0.362891 0.835156
0 0.218018 0.503125 0.0936523 0.196875
0 0.710156 0.327344 0.103125 0.0867188
0 0.660937 0.340625 0.220313 0.127344
0 0.557031 0.909375 0.046875 0.11875
0 0.174219 0.163477 0.191016 0.321484
0 0.335156 0.623438 0.0695313 0.141406
0 0.196094 0.0789063 0.0625 0.150977
0 0.26792 0.521094 0.187598 0.203125
0 0.69375 0.326953 0.145313 0.144531
0 0.219189 0.819531 0.212402 0.228125
0 0.239844 0.564063 0.110937 0.125
0 0.166895 0.371875 0.199805 0.74375
0 0.217188 0.465625 0.0773438 0.0921875
0 0.745313 0.353516 0.0359375 0.084375
0 0.698438 0.682031 0.0953125 0.071875
0 0.670313 0.316211 0.0265625 0.0582031
0 0.682813 0.682031 0.0679687 0.0703125
0 0.692969 0.292578 0.145313 0.211719
0 0.171484 0.0860352 0.114453 0.163867
0 0.678125 0.491016 0.190625 0.424219
0 0.229639 0.519531 0.117285 0.201563
0 0.697656 0.351758 0.139063 0.148047
0 0.507812 0.921094 0.142188 0.157813
0 0.670313 0.321875 0.192188 0.157813
0 0.689063 0.318555 0.0609375 0.0683594
0 0.658203 0.298438 0.224219 0.1875
0 0.690625 0.675781 0.0765625 0.078125
0 0.660937 0.371094 0.21875 0.192188
0 0.709375 0.294727 0.08125 0.141016
0 0.21875 0.138867 0.13125 0.271484
0 0.216016 0.102368 0.127344 0.196826
0 0.666797 0.312891 0.04375 0.0710938
0 0.226758 0.454688 0.0640625 0.065625
0 0.554297 0.958594 0.0398437 0.0828125
0 0.533594 0.88125 0.115625 0.2375
0 0.399316 0.673535 0.524805 0.64668
0 0.74375 0.346875 0.0398437 0.109375
0 0.717969 0.394922 0.108594 0.242969
0 0.710156 0.315039 0.08125 0.0910156
0 0.220703 0.161328 0.207813 0.320703
0 0.682031 0.320703 0.04375 0.065625
0 0.339453 0.63125 0.053125 0.122656
0 0.25625 0.6125 0.174609 0.40625
0 0.227148 0.238281 0.0660156 0.0828125
0 0.13457 0.0931641 0.191016 0.175
0 0.692187 0.69375 0.046875 0.0515625
0 0.140918 0.212109 0.254883 0.424219
0 0.7125 0.478223 0.13125 0.406055
0 0.673047 0.674219 0.0429688 0.053125
0 0.462402 0.450781 0.625195 0.779688
0 0.141699 0.128516 0.186133 0.250391
0 0.482812 0.907422 0.196875 0.185156
0 0.75 0.367969 0.034375 0.096875
0 0.663672 0.418066 0.222656 0.28418
0 0.216211 0.232422 0.0539063 0.071875
0 0.710156 0.678906 0.103125 0.084375
0 0.694531 0.316797 0.078125 0.0796875
0 0.749219 0.359766 0.0453125 0.0953125
0 0.236328 0.453125 0.0441406 0.0632813
0 0.324219 0.6125 0.0898438 0.1625
0 0.465625 0.609473 0.623438 0.766992
0 0.700391 0.692578 0.0445313 0.0507812
0 0.156641 0.864062 0.0890625 0.121875
0 0.21543 0.357031 0.118359 0.4375
0 0.207422 0.471875 0.0707031 0.09375
0 0.340234 0.647266 0.0484375 0.0835937
0 0.697656 0.697656 0.03125 0.040625
0 0.345313 0.830469 0.475 0.317188
0 0.196875 0.521875 0.0632813 0.185938
0 0.717188 0.414844 0.128125 0.313281
0 0.716406 0.291406 0.109375 0.210156
0 0.168652 0.857813 0.120508 0.145313
0 0.188281 0.479688 0.0421875 0.0734375
0 0.239844 0.457422 0.05625 0.0679687
0 0.4 0.851758 0.357812 0.293359
0 0.179297 0.168457 0.09375 0.203711
0 0.199023 0.497656 0.0617188 0.139063
0 0.666406 0.664844 0.025 0.040625
0 0.545703 0.913281 0.0851563 0.173438
0 0.206445 0.511719 0.133594 0.214062
0 0.151758 0.175 0.105078 0.0964844
0 0.20957 0.525781 0.0878906 0.2125
0 0.221289 0.137402 0.277734 0.273633
0 0.169336 0.168262 0.133984 0.152539
0 0.227344 0.5375 0.0945313 0.19375
0 0.286328 0.896875 0.0664062 0.084375
0 0.69375 0.309766 0.090625 0.100781
0 0.217188 0.230469 0.260156 0.460938
0 0.144727 0.440625 0.266016 0.88125
0 0.183008 0.0907227 0.078125 0.151367
0 0.182812 0.182227 0.125781 0.2
0 0.550781 0.842188 0.0875 0.315625
0 0.704688 0.636719 0.120313 0.164062
0 0.696094 0.698828 0.0398437 0.0507812
0 0.545313 0.907813 0.0625 0.11875
0 0.535937 0.946094 0.0828125 0.107813
0 0.203125 0.0541992 0.053125 0.103711
0 0.721094 0.446973 0.103125 0.357617
0 0.326172 0.616406 0.0648438 0.141406
0 0.223828 0.455566 0.125781 0.229492
0 0.191406 0.357617 0.148047 0.411328
0 0.364063 0.930469 0.046875 0.0640625
0 0.259375 0.571875 0.152344 0.120313
0 0.215039 0.458984 0.0886719 0.122656
0 0.185742 0.138281 0.0742188 0.148047
0 0.393359 0.391406 0.774219 0.782813
0 0.225 0.226758 0.152344 0.453516
0 0.215234 0.228516 0.0648438 0.0890625
0 0.689844 0.660156 0.0765625 0.1125
0 0.705078 0.234375 0.0257812 0.059375
0 0.143457 0.882812 0.0613281 0.08125
0 0.751563 0.377441 0.0453125 0.106055
0 0.19668 0.475391 0.0601563 0.0828125
0 0.210938 0.0813477 0.075 0.162695
0 0.176123 0.151172 0.0860352 0.140234
0 0.667969 0.660937 0.03125 0.0625
0 0.229687 0.25625 0.06875 0.120313
0 0.194922 0.242578 0.147656 0.417188
0 0.346094 0.657813 0.0335938 0.065625
0 0.704688 0.5375 0.125 0.404687
0 0.712891 0.283008 0.0640625 0.153906
0 0.744531 0.466309 0.065625 0.40332
0 0.224609 0.555469 0.0890625 0.13125
0 0.716406 0.686719 0.08125 0.0664062
0 0.21582 0.414844 0.111328 0.2875
0 0.678906 0.254346 0.153125 0.260059
0 0.6375 0.549121 0.278125 0.554883
0 0.710156 0.273438 0.0484375 0.144531
0 0.248242 0.449121 0.157813 0.19707
0 0.752344 0.377734 0.034375 0.132812
0 0.217383 0.572656 0.0566406 0.0859375
0 0.169141 0.892188 0.105859 0.0703125
0 0.730078 0.328906 0.0507812 0.09375
0 0.708203 0.239453 0.03125 0.0660156
0 0.396094 0.5375 0.028125 0.0453125
0 0.197656 0.463184 0.135937 0.27832
0 0.934375 0.000598145 0.13125 0.00119629
0 0.229492 0.419531 0.11875 0.245312
0 0.708594 0.255859 0.0375 0.111719
0 0.268311 0.575781 0.199316 0.529688
0 0.539062 0.922656 0.0796875 0.154688
0 0.657813 0.622559 0.229687 0.706445
0 0.249609 0.19375 0.2125 0.3875
0 0.548438 0.961328 0.0546875 0.0773438
0 0.196289 0.795117 0.174219 0.266016
0 0.561719 0.901563 0.0359375 0.096875
0 0.314648 0.588281 0.0511719 0.0765625
0 0.470313 0.941406 0.210938 0.117188
0 0.269922 0.459375 0.196094 0.282813
0 0.190234 0.516016 0.0539063 0.158594
0 0.202393 0.0947266 0.0717773 0.189453
0 0.22168 0.591406 0.1 0.351562
0 0.703906 0.583203 0.123438 0.272656
0 0.402246 0.227148 0.74707 0.454297
0 0.565625 0.926562 0.0796875 0.146875
0 0.266602 0.128809 0.291016 0.256055
0 0.240625 0.453906 0.090625 0.078125
0 0.205859 0.0391113 0.0460938 0.0696289
0 0.719922 0.316211 0.06875 0.117578
0 0.289844 0.570312 0.105469 0.132812
0 0.482812 0.934375 0.173438 0.13125
0 0.483203 0.472266 0.582031 0.566406
0 0.238867 0.683594 0.269141 0.535937
0 0.294922 0.694141 0.375781 0.535156
0 0.265625 0.557031 0.200781 0.2875
0 0.711719 0.335352 0.107813 0.118359
0 0.70625 0.649219 0.1125 0.129688
0 0.552344 0.921875 0.0625 0.15625
0 0.160938 0.116797 0.136328 0.228125
0 0.18457 0.13623 0.168359 0.272461
0 0.730078 0.336133 0.0773438 0.111328
0 0.716406 0.382031 0.1125 0.215625
0 0.527734 0.921875 0.107813 0.15625
0 0.212891 0.512891 0.1 0.203906
0 0.659375 0.335938 0.221875 0.125
0 0.7 0.492969 0.148438 0.442188
0 0.187109 0.077002 0.0789063 0.154004
0 0.719531 0.419531 0.114063 0.29375
0 0.260938 0.516406 0.19375 0.209375
0 0.33125 0.621094 0.0835937 0.159375
0 0.255078 0.757812 0.24375 0.385938
0 0.547656 0.935156 0.075 0.129688
0 0.708594 0.323047 0.103125 0.0859375
0 0.557813 0.90625 0.0476562 0.13125
0 0.168945 0.415625 0.1875 0.83125
0 0.682031 0.674219 0.0695313 0.078125
0 0.228955 0.397754 0.295996 0.785742
0 0.742188 0.34082 0.0515625 0.107422
0 0.179346 0.108203 0.105371 0.213281
0 0.676172 0.670703 0.0523438 0.0625
0 0.552344 0.946484 0.053125 0.107031
0 0.500781 0.920313 0.157813 0.159375
0 0.682031 0.350586 0.171875 0.156641
0 0.669922 0.492871 0.210156 0.44707
0 0.240234 0.559375 0.124219 0.125
0 0.191406 0.0895508 0.090625 0.179102
0 0.696875 0.676562 0.0984375 0.0796875
0 0.344531 0.692969 0.49375 0.589063
0 0.195898 0.0583008 0.0675781 0.113867
0 0.684766 0.304688 0.160938 0.186719
0 0.698828 0.317188 0.0851563 0.0695313
0 0.410938 0.427344 0.670313 0.854688
0 0.474316 0.914844 0.213867 0.170313
0 0.209717 0.479688 0.0868164 0.139063
0 0.658984 0.433984 0.235156 0.321094
0 0.707031 0.291406 0.0875 0.146875
0 0.661719 0.372852 0.21875 0.208203
0 0.216602 0.782813 0.210156 0.296875
0 0.690625 0.664844 0.0796875 0.0984375
0 0.342969 0.821094 0.484375 0.325
0 0.401563 0.889063 0.367969 0.2125
0 0.336719 0.628516 0.0644531 0.134375
0 0.546875 0.862305 0.104688 0.275391
0 0.463672 0.61709 0.630469 0.751758
0 0.672656 0.316016 0.0328125 0.0578125
0 0.129395 0.19043 0.0681641 0.0667969
0 0.528906 0.873438 0.134375 0.253125
0 0.141895 0.183789 0.0982422 0.0894531
0 0.201172 0.0706055 0.0675781 0.141211
0 0.149414 0.174414 0.116016 0.112109
0 0.705469 0.290625 0.120313 0.204688
0 0.667188 0.314453 0.04375 0.0679687
0 0.213477 0.170703 0.225391 0.341406
0 0.547656 0.907813 0.0921875 0.184375
0 0.195117 0.510938 0.116406 0.210938
0 0.666406 0.661719 0.0265625 0.0421875
0 0.689844 0.687891 0.053125 0.0601563
0 0.708984 0.313672 0.0851563 0.0921875
0 0.659375 0.3125 0.065625 0.0710938
0 0.462891 0.472656 0.630469 0.690625
0 0.321484 0.604688 0.0875 0.1375
0 0.732031 0.486719 0.0890625 0.475
0 0.24668 0.800781 0.269922 0.2875
0 0.19082 0.521094 0.078125 0.192188
0 0.707031 0.544434 0.128125 0.376758
0 0.129883 0.187695 0.2375 0.375391
0 0.66875 0.655078 0.0328125 0.0617188
0 0.632812 0.306641 0.090625 0.0671875
0 0.746094 0.349609 0.0414063 0.0914062
0 0.176953 0.272266 0.184766 0.544531
0 0.184033 0.489063 0.0561523 0.10625
0 0.149219 0.8625 0.0785156 0.121875
0 0.675 0.314063 0.0421875 0.0695313
0 0.743359 0.341602 0.0757812 0.119141
0 0.640625 0.518359 0.273438 0.508594
0 0.350781 0.929688 0.0765625 0.06875
0 0.339453 0.639063 0.053125 0.107813
0 0.697656 0.695312 0.0382813 0.040625
0 0.185156 0.480078 0.046875 0.0757812
0 0.671094 0.28042 0.175 0.219629
0 0.746875 0.483984 0.0625 0.496094
0 0.329688 0.490625 0.0507812 0.115625
0 0.24043 0.149023 0.297266 0.296484
0 0.689844 0.261377 0.139063 0.243652
0 0.395313 0.540234 0.034375 0.0515625
0 0.320117 0.613281 0.0683594 0.139063
0 0.142188 0.878125 0.0605469 0.0890625
0 0.240234 0.450781 0.0457031 0.0640625
0 0.165625 0.85625 0.115625 0.14375
0 0.391016 0.54375 0.04375 0.059375
0 0.183252 0.178906 0.176465 0.275781
0 0.129883 0.189111 0.0789063 0.0881836
0 0.204688 0.0460938 0.053125 0.0863281
0 0.66875 0.666797 0.040625 0.0585938
0 0.237891 0.455469 0.0679687 0.06875
0 0.326562 0.925781 0.130469 0.078125
0 0.7375 0.299609 0.145313 0.2
0 0.133008 0.314063 0.239453 0.628125
0 0.198389 0.478125 0.0852539 0.10625
0 0.201172 0.810938 0.180078 0.234375
0 0.384961 0.188477 0.769922 0.376953
0 0.651563 0.291797 0.232813 0.190625
0 0.163867 0.177686 0.158594 0.131348
0 0.214404 0.451953 0.0946289 0.147656
0 0.201758 0.357031 0.233203 0.714063
0 0.710156 0.633984 0.125 0.171875
0 0.479785 0.507031 0.587305 0.50625
0 0.749219 0.366797 0.053125 0.102344
0 0.326172 0.471875 0.0460938 0.129688
0 0.691406 0.307422 0.104688 0.103906
0 0.549219 0.478125 0.05625 0.071875
0 0.221045 0.551562 0.0946289 0.1375
0 0.228516 0.453906 0.0597656 0.08125
0 0.222998 0.5375 0.102441 0.190625
0 0.566406 0.91875 0.0890625 0.1625
0 0.127734 0.111816 0.205469 0.211914
0 0.412891 0.929688 0.342969 0.140625
0 0.682031 0.396094 0.178125 0.254688
0 0.286523 0.9 0.0683594 0.078125
0 0.25625 0.56875 0.156641 0.107813
0 0.122168 0.189063 0.0494141 0.0628906
0 0.197852 0.477734 0.127344 0.232031
0 0.566797 0.892578 0.1 0.214844
0 0.314063 0.586719 0.053125 0.075
0 0.169727 0.894531 0.108594 0.0828125
0 0.123828 0.249219 0.247656 0.498437
0 0.665625 0.607031 0.217969 0.670313
0 0.308008 0.89375 0.160547 0.140625
0 0.699219 0.277734 0.0953125 0.188281
0 0.716797 0.322266 0.075 0.09375
0 0.362305 0.925 0.0660156 0.08125
0 0.544531 0.90625 0.0640625 0.13125
0 0.749219 0.35918 0.04375 0.132422
0 0.224414 0.455078 0.0746094 0.102344
0 0.37959 0.546777 0.150195 0.368945
0 0.2375 0.453906 0.0953125 0.0734375
0 0.336914 0.503516 0.0683594 0.129688
0 0.30625 0.585938 0.0617188 0.0578125
0 0.694141 0.694531 0.0476562 0.059375
0 0.554688 0.957812 0.04375 0.084375
0 0.394141 0.541406 0.0570313 0.0664062
0 0.228125 0.242773 0.0679687 0.0855469
0 0.717188 0.512598 0.115625 0.499805
0 0.711328 0.274609 0.0570313 0.152344
0 0.75625 0.463281 0.040625 0.121875
0 0.5625 0.898438 0.0375 0.109375
0 0.344922 0.522656 0.0835937 0.123438
0 0.312305 0.6125 0.108203 0.189063
0 0.540234 0.920313 0.0828125 0.159375
0 0.14082 0.165039 0.133984 0.141016
0 0.753125 0.472656 0.0390625 0.09375
0 0.757031 0.438672 0.0421875 0.207031
0 0.241797 0.684766 0.265234 0.535156
0 0.267627 0.560938 0.190527 0.290625
0 0.724609 0.335938 0.090625 0.110937
0 0.739844 0.340625 0.05625 0.109375
0 0.553516 0.925781 0.0617188 0.148438
0 0.707812 0.65 0.110937 0.129688
0 0.717188 0.3625 0.107813 0.171875
0 0.721875 0.417188 0.1125 0.284375
0 0.519922 0.922656 0.119531 0.154688
0 0.255469 0.781445 0.25 0.362109
0 0.70625 0.492969 0.142188 0.439063
0 0.710156 0.336133 0.109375 0.123047
0 0.188232 0.084375 0.0758789 0.154688
0 0.330469 0.619531 0.0789063 0.141406
0 0.215967 0.502344 0.0852539 0.191406
0 0.660937 0.340625 0.214062 0.130469
0 0.747656 0.425781 0.0640625 0.300781
0 0.168555 0.410938 0.186328 0.821875
0 0.156445 0.103809 0.143359 0.202148
0 0.223438 0.410938 0.288672 0.809375
0 0.177344 0.144922 0.16875 0.289844
0 0.555078 0.91875 0.0484375 0.15
0 0.664844 0.470703 0.228125 0.394531
0 0.546094 0.921484 0.0789063 0.157031
0 0.692187 0.367578 0.157031 0.185938
0 0.475 0.926562 0.207813 0.146875
0 0.193359 0.179395 0.16875 0.358789
0 0.220117 0.514063 0.0992187 0.235938
0 0.716406 0.308594 0.10625 0.182031
0 0.213672 0.482812 0.0765625 0.129688
0 0.694922 0.324609 0.139844 0.150781
0 0.206055 0.778906 0.184766 0.296875
0 0.670313 0.316016 0.028125 0.0578125
0 0.197266 0.0754883 0.0648438 0.144336
0 0.6875 0.421094 0.185938 0.292188
0 0.553125 0.949219 0.0515625 0.101562
0 0.242578 0.533594 0.139844 0.245312
0 0.711719 0.541797 0.125 0.3625
0 0.745313 0.350977 0.0390625 0.0894531
0 0.696875 0.288086 0.13125 0.230078
0 0.233594 0.560156 0.0929688 0.125
0 0.748438 0.485059 0.059375 0.443945
0 0.707422 0.292578 0.0867188 0.146094
0 0.459375 0.617578 0.639063 0.741406
0 0.149902 0.871875 0.0748047 0.103125
0 0.144824 0.882812 0.0623047 0.078125
0 0.695703 0.59375 0.166406 0.646875
0 0.711719 0.321484 0.0867188 0.0875
0 0.311914 0.688672 0.394922 0.564844
0 0.264844 0.679688 0.185938 0.539062
0 0.663672 0.373633 0.214844 0.204297
0 0.679688 0.317969 0.04375 0.065625
0 0.198779 0.0559082 0.0571289 0.106934
0 0.683594 0.676562 0.06875 0.078125
0 0.152734 0.85625 0.0847656 0.13125
0 0.528906 0.884766 0.126563 0.230469
0 0.317188 0.425781 0.48125 0.851562
0 0.205811 0.515234 0.0805664 0.20625
0 0.555078 0.862305 0.08125 0.275391
0 0.169238 0.894531 0.105273 0.0796875
0 0.162305 0.848437 0.113672 0.15625
0 0.665625 0.311719 0.0453125 0.0726563
0 0.694531 0.680859 0.0890625 0.0734375
0 0.13457 0.200586 0.239844 0.400391
0 0.675781 0.320703 0.0296875 0.0613281
0 0.743359 0.344922 0.0414063 0.120313
0 0.382812 0.657813 0.488281 0.670313
0 0.221484 0.464844 0.0710938 0.0921875
0 0.139746 0.118945 0.181836 0.233984
0 0.198486 0.536328 0.0655273 0.18125
0 0.196094 0.105273 0.0953125 0.206641
0 0.690625 0.315039 0.0765625 0.0808594
0 0.675781 0.671094 0.046875 0.0585938
0 0.362891 0.929688 0.0515625 0.065625
0 0.508594 0.9 0.160938 0.2
0 0.692969 0.688281 0.05 0.0625
0 0.280469 0.898438 0.0617188 0.0796875
0 0.252344 0.564063 0.128906 0.120313
0 0.709375 0.589844 0.114063 0.257812
0 0.23125 0.45625 0.0523438 0.0734375
0 0.239453 0.451953 0.0367188 0.0625
0 0.648047 0.555371 0.263281 0.567383
0 0.665625 0.625781 0.225 0.717188
0 0.394531 0.9 0.388281 0.184375
0 0.705469 0.265234 0.104688 0.269531
0 0.379688 0.85332 0.414062 0.274609
0 0.310547 0.891406 0.153125 0.1375
0 0.741016 0.298438 0.139844 0.204688
0 0.13916 0.8875 0.0492188 0.0703125
0 0.248486 0.864062 0.268652 0.179688
0 0.205273 0.0445435 0.0460938 0.080835
0 0.749609 0.360156 0.0484375 0.0960938
0 0.189258 0.491797 0.0464844 0.0976562
0 0.699219 0.696094 0.034375 0.0414063
0 0.199414 0.507422 0.0613281 0.154688
0 0.692969 0.306641 0.09375 0.0960938
0 0.210156 0.540625 0.0808594 0.16875
0 0.539844 0.842969 0.11875 0.314063
0 0.748828 0.359961 0.0390625 0.134766
0 0.706641 0.239453 0.0296875 0.0746094
0 0.748047 0.361523 0.0359375 0.0839844
0 0.204688 0.471484 0.0941406 0.132812
0 0.310547 0.611719 0.109766 0.185938
0 0.137891 0.328711 0.236328 0.657422
0 0.572656 0.628906 0.41875 0.735938
0 0.426953 0.913281 0.307813 0.173438
0 0.248242 0.891406 0.270703 0.125
0 0.186133 0.816406 0.144531 0.215625
0 0.336133 0.631641 0.059375 0.121094
0 0.241406 0.458203 0.0601563 0.075
0 0.167383 0.0724609 0.121875 0.144922
0 0.560156 0.907813 0.0390625 0.121875
0 0.372852 0.927344 0.0363281 0.065625
0 0.711719 0.274219 0.0539063 0.145313
0 0.189795 0.483594 0.0399414 0.0765625
0 0.207813 0.441797 0.103125 0.146875
0 0.182422 0.324219 0.165625 0.4625
0 0.225 0.164648 0.164844 0.327734
0 0.704688 0.675781 0.1125 0.0890625
0 0.273828 0.596094 0.178906 0.2125
0 0.267969 0.461719 0.190625 0.829688
0 0.542969 0.905469 0.0671875 0.134375
0 0.174316 0.859375 0.145898 0.123438
0 0.552344 0.9 0.0515625 0.128125
0 0.197656 0.45625 0.114453 0.146875
0 0.684375 0.263867 0.142188 0.256641
0 0.290625 0.776367 0.186719 0.378516
0 0.298047 0.561719 0.0953125 0.15
0 0.41084 0.958594 0.137695 0.0828125
0 0.255078 0.895312 0.125 0.0875
0 0.218945 0.445703 0.0839844 0.119531
0 0.613281 0.510547 0.321875 0.497656
0 0.219336 0.163477 0.266016 0.326953
0 0.216406 0.817187 0.204688 0.234375
0 0.312109 0.596484 0.0757812 0.0960938
0 0.555078 0.962891 0.0421875 0.0742188
0 0.141406 0.183252 0.0851563 0.0905273
0 0.190039 0.523438 0.0578125 0.167187
0 0.470313 0.467187 0.615625 0.698438
0 0.725781 0.608496 0.171875 0.776758
0 0.308008 0.592188 0.0613281 0.0703125
0 0.405859 0.972656 0.109375 0.0546875
0 0.179639 0.0870117 0.10166 0.166797
0 0.340234 0.922656 0.096875 0.0796875
0 0.201367 0.493066 0.117188 0.266992
0 0.171191 0.0569336 0.0998047 0.10293
0 0.37959 0.540625 0.148633 0.365625
0 0.322266 0.921875 0.141406 0.090625
0 0.316797 0.604688 0.09375 0.126563
0 0.285547 0.646875 0.138281 0.171875
0 0.270117 0.374414 0.372266 0.748828
0 0.314453 0.594141 0.0539063 0.0914062
0 0.630469 0.633301 0.301563 0.733398
0 0.697656 0.332422 0.078125 0.100781
0 0.125977 0.266211 0.251953 0.532422
0 0.242188 0.45 0.0953125 0.096875
0 0.339453 0.798242 0.498437 0.369141
0 0.219531 0.452344 0.121484 0.325
0 0.129199 0.425 0.258398 0.85
0 0.267188 0.350195 0.120313 0.134766
0 0.394531 0.541016 0.0304688 0.0507812
0 0.171289 0.88125 0.123438 0.08125
0 0.13291 0.891406 0.0416016 0.0640625
0 0.248438 0.45166 0.154297 0.30918
0 0.342187 0.648438 0.0441406 0.090625
0 0.351562 0.900781 0.0765625 0.167187
0 0.756641 0.439844 0.0414063 0.220313
0 0.710156 0.259766 0.0414063 0.117969
0 0.153711 0.0495972 0.138672 0.0851807
0 0.389844 0.544141 0.0390625 0.0578125
0 0.236719 0.541406 0.075 0.164062
0 0.181592 0.869531 0.142285 0.09375
0 0.357227 0.921875 0.0636719 0.084375
0 0.198779 0.479297 0.0766602 0.102344
0 0.197461 0.886719 0.114063 0.0890625
0 0.24707 0.685938 0.269922 0.55
0 0.270313 0.561719 0.1875 0.284375
0 0.723437 0.337305 0.0992187 0.113672
0 0.553906 0.929297 0.06875 0.141406
0 0.740234 0.343359 0.0617188 0.115625
0 0.470703 0.611621 0.624219 0.74707
0 0.671484 0.471094 0.221094 0.3875
0 0.250391 0.843945 0.272656 0.221484
0 0.363281 0.687109 0.5 0.574219
0 0.249805 0.892969 0.270703 0.11875
0 0.723437 0.410938 0.120313 0.267969
0 0.256055 0.784375 0.254297 0.371875
0 0.719922 0.375391 0.113281 0.194531
0 0.514063 0.924219 0.14375 0.151562
0 0.750781 0.415723 0.065625 0.27168
0 0.332617 0.621094 0.0808594 0.1375
0 0.190234 0.0871094 0.0742188 0.152344
0 0.291016 0.407422 0.428906 0.814844
0 0.487891 0.928125 0.188281 0.14375
0 0.661719 0.367383 0.21875 0.182422
0 0.709375 0.655859 0.109375 0.123438
0 0.156348 0.0952881 0.145117 0.180908
0 0.238623 0.799219 0.25166 0.26875
0 0.696094 0.413281 0.164062 0.276563
0 0.263281 0.673828 0.196094 0.530469
0 0.55625 0.902344 0.0671875 0.190625
0 0.371484 0.926562 0.0382813 0.0640625
0 0.238281 0.560938 0.0898438 0.117188
0 0.287109 0.734766 0.345313 0.455469
0 0.712891 0.540234 0.127344 0.360938
0 0.691406 0.344922 0.155469 0.139063
0 0.744922 0.348047 0.0460938 0.114063
0 0.150391 0.882812 0.0726563 0.08125
0 0.560938 0.870703 0.0773438 0.258594
0 0.205078 0.7875 0.185547 0.275
0 0.666406 0.555469 0.225 0.55625
0 0.477734 0.450391 0.602344 0.633594
0 0.667969 0.399121 0.221875 0.250195
0 0.193164 0.0955322 0.108203 0.183154
0 0.219141 0.500781 0.0867188 0.190625
0 0.411328 0.402734 0.667188 0.805469
0 0.646875 0.626172 0.265625 0.713281
0 0.554688 0.948438 0.0578125 0.103125
0 0.173633 0.141992 0.187891 0.283984
0 0.750781 0.478906 0.0578125 0.410156
0 0.21582 0.136719 0.128906 0.26875
0 0.555469 0.91875 0.053125 0.15
0 0.539844 0.885547 0.108594 0.228906
0 0.217773 0.485156 0.0800781 0.14375
0 0.138843 0.108301 0.185596 0.206445
0 0.660156 0.337305 0.21875 0.128516
0 0.710156 0.332813 0.117969 0.145313
0 0.375 0.835938 0.451562 0.314063
0 0.717969 0.667969 0.0890625 0.100781
0 0.63125 0.516016 0.301563 0.483594
0 0.230273 0.425 0.325391 0.85
0 0.169727 0.870313 0.114844 0.115625
0 0.546094 0.925781 0.078125 0.148438
0 0.27832 0.603125 0.172656 0.19375
0 0.527344 0.866016 0.146875 0.267969
0 0.702344 0.461035 0.165625 0.37168
0 0.670313 0.316406 0.0296875 0.0625
0 0.711719 0.592578 0.110937 0.248438
0 0.253906 0.565234 0.123438 0.117969
0 0.199023 0.0761719 0.0605469 0.142773
0 0.239453 0.518359 0.127344 0.20625
0 0.268359 0.518359 0.180469 0.210156
0 0.694531 0.626172 0.1875 0.700781
0 0.323828 0.609375 0.08125 0.132031
0 0.712109 0.297656 0.110937 0.219531
0 0.335938 0.632031 0.0625 0.125
0 0.170898 0.894531 0.113281 0.0703125
0 0.156934 0.860156 0.0927734 0.126563
0 0.266797 0.396094 0.207813 0.792188
0 0.287891 0.632812 0.155469 0.190625
0 0.172266 0.0851807 0.116406 0.163232
0 0.671094 0.313867 0.0359375 0.0792969
0 0.141797 0.885938 0.0558594 0.071875
0 0.199414 0.157031 0.154297 0.314063
0 0.188086 0.81875 0.148828 0.2125
0 0.172656 0.842383 0.14375 0.165234
0 0.573828 0.499219 0.408594 0.457813
0 0.200049 0.0584473 0.0561523 0.109473
0 0.315625 0.619922 0.103125 0.161719
0 0.451562 0.915625 0.259375 0.16875
0 0.551562 0.957812 0.05 0.084375
0 0.595313 0.598828 0.36875 0.802344
0 0.747266 0.360547 0.040625 0.09375
0 0.208984 0.858594 0.190234 0.14375
0 0.285547 0.514063 0.219531 0.35
0 0.233789 0.160449 0.162891 0.320898
0 0.363086 0.925 0.0582031 0.0796875
0 0.555469 0.846094 0.0984375 0.307813
0 0.707422 0.325 0.096875 0.084375
0 0.75 0.375391 0.04375 0.1625
0 0.350977 0.925 0.0792969 0.0765625
0 0.70625 0.295703 0.0921875 0.150781
0 0.680469 0.318555 0.0484375 0.0710938
0 0.30625 0.895312 0.16875 0.128125
0 0.699609 0.271484 0.126563 0.269531
0 0.234424 0.873438 0.24209 0.134375
0 0.219922 0.466016 0.075 0.0960938
0 0.411035 0.959375 0.143555 0.08125
0 0.134375 0.149707 0.259766 0.29043
0 0.166309 0.428125 0.248633 0.85625
0 0.37168 0.397656 0.437891 0.765625
0 0.234961 0.452344 0.046875 0.06875
0 0.543359 0.917188 0.0703125 0.145313
0 0.394531 0.885938 0.410938 0.2125
0 0.239648 0.45 0.0832031 0.0859375
0 0.227686 0.107422 0.138379 0.207813
0 0.344141 0.901563 0.0960938 0.128125
0 0.352344 0.9 0.0828125 0.1625
0 0.181592 0.89375 0.109473 0.084375
0 0.490234 0.885547 0.209375 0.228906
0 0.230078 0.547266 0.0867188 0.157031
0 0.206445 0.882812 0.184375 0.09375
0 0.176953 0.883594 0.138281 0.0828125
0 0.199219 0.0945313 0.0746094 0.189063
0 0.227344 0.522656 0.0953125 0.23125
0 0.675781 0.321484 0.0328125 0.0664062
0 0.316797 0.383984 0.282813 0.644531
0 0.367188 0.932031 0.046875 0.059375
0 0.75625 0.435254 0.040625 0.249805
0 0.154883 0.892969 0.0808594 0.06875
0 0.326953 0.921875 0.130469 0.0875
0 0.225781 0.455859 0.0640625 0.0789063
0 0.378516 0.925 0.0421875 0.0640625
0 0.208008 0.473828 0.0691406 0.0976562
0 0.242188 0.440234 0.101953 0.122656
0 0.205469 0.0473145 0.0476562 0.0874023
0 0.341992 0.646094 0.0464844 0.0960938
0 0.222705 0.155762 0.274121 0.311523
0 0.666406 0.290625 0.198437 0.228125
0 0.405469 0.971094 0.109375 0.0578125
0 0.692187 0.315625 0.0789063 0.0867188
0 0.181299 0.892188 0.100684 0.059375
0 0.385547 0.94375 0.135937 0.1125
0 0.770703 0.421484 0.0898438 0.283594
0 0.381641 0.541016 0.15625 0.370313
0 0.187842 0.873438 0.161816 0.09375
0 0.200342 0.8875 0.0790039 0.05625
0 0.327539 0.457129 0.307422 0.43418
0 0.707031 0.682031 0.0976562 0.0710938
0 0.373828 0.76875 0.477344 0.451562
0 0.232861 0.491016 0.116309 0.207031
0 0.208643 0.530078 0.0756836 0.202344
0 0.195312 0.8875 0.110937 0.09375
0 0.231055 0.566797 0.0722656 0.0960938
0 0.750781 0.373047 0.05 0.110937
0 0.308203 0.592188 0.0648438 0.071875
0 0.385156 0.430371 0.160156 0.142383
0 0.311719 0.596875 0.0796875 0.101562
0 0.268359 0.575 0.164062 0.103125
0 0.745703 0.516406 0.0617188 0.510156
0 0.771094 0.480469 0.090625 0.411719
0 0.761328 0.608496 0.285156 0.783008
0 0.217969 0.572656 0.0484375 0.078125
0 0.315625 0.604688 0.0601563 0.108594
0 0.472656 0.839258 0.252344 0.321484
0 0.191211 0.129688 0.284766 0.255469
0 0.242578 0.458984 0.0476562 0.0757812
0 0.210156 0.882812 0.0960938 0.0625
0 0.715234 0.642969 0.280469 0.714063
0 0.196924 0.525 0.0491211 0.170313
0 0.253125 0.669531 0.275781 0.585938
0 0.714063 0.335352 0.104688 0.122266
0 0.249805 0.860156 0.273828 0.189063
0 0.350391 0.678906 0.475781 0.595313
0 0.271875 0.554297 0.189844 0.288281
0 0.553906 0.926562 0.0679687 0.146875
0 0.73125 0.338281 0.08125 0.117188
0 0.471484 0.61416 0.642969 0.737305
0 0.245264 0.883594 0.258691 0.13125
0 0.741406 0.34375 0.0554687 0.114844
0 0.334766 0.623438 0.0757812 0.135937
0 0.717188 0.363086 0.110937 0.178516
0 0.523438 0.923828 0.11875 0.152344
0 0.295703 0.514941 0.238281 0.316992
0 0.267139 0.652344 0.198535 0.567187
0 0.184814 0.147461 0.175684 0.292578
0 0.190625 0.0880859 0.0738281 0.161133
0 0.238086 0.811719 0.255078 0.251563
0 0.421094 0.370313 0.560156 0.739062
0 0.312695 0.374609 0.361328 0.739844
0 0.222852 0.513281 0.0894531 0.209375
0 0.241846 0.730859 0.267871 0.441406
0 0.749219 0.363672 0.040625 0.0875
0 0.555469 0.91875 0.0546875 0.14375
0 0.554297 0.947656 0.0585938 0.104688
0 0.213867 0.156641 0.112891 0.309375
0 0.544531 0.921875 0.075 0.148438
0 0.2375 0.561719 0.0890625 0.120313
0 0.248047 0.516016 0.139844 0.217969
0 0.485156 0.433594 0.582812 0.54375
0 0.275586 0.499609 0.194141 0.247656
0 0.360547 0.8375 0.441406 0.310937
0 0.272656 0.573047 0.192188 0.414844
0 0.142383 0.884375 0.0574219 0.075
0 0.707812 0.324219 0.100781 0.0859375
0 0.667578 0.630566 0.253906 0.724805
0 0.372852 0.926562 0.0363281 0.0625
0 0.33125 0.491016 0.05 0.103906
0 0.734375 0.632422 0.2375 0.728906
0 0.670313 0.317188 0.0328125 0.0605469
0 0.333203 0.750391 0.435156 0.430469
0 0.327734 0.48125 0.0414063 0.090625
0 0.205273 0.109375 0.107813 0.211719
0 0.161328 0.115039 0.146484 0.220313
0 0.491406 0.925781 0.178125 0.148438
0 0.367188 0.535937 0.13125 0.365625
0 0.152148 0.879687 0.0769531 0.0875
0 0.282422 0.409766 0.238281 0.775781
0 0.721875 0.464453 0.128125 0.385156
0 0.552344 0.959375 0.0484375 0.078125
0 0.667969 0.344727 0.203125 0.144922
0 0.7 0.291797 0.132812 0.225781
0 0.726562 0.396875 0.1 0.248438
0 0.689063 0.329688 0.153125 0.14375
0 0.280664 0.603516 0.165625 0.182812
0 0.202539 0.0941406 0.0691406 0.178516
0 0.671875 0.314453 0.0421875 0.0804688
0 0.688281 0.480469 0.171094 0.421875
0 0.210596 0.871875 0.191309 0.1125
0 0.6875 0.318164 0.0671875 0.0722656
0 0.752344 0.446484 0.0546875 0.352344
0 0.216797 0.575 0.0484375 0.0765625
0 0.256641 0.565234 0.129688 0.119531
0 0.177002 0.0970703 0.10459 0.186719
0 0.220313 0.417188 0.242969 0.823438
0 0.74375 0.425781 0.0640625 0.305469
0 0.205469 0.0452637 0.0464844 0.0844727
0 0.167383 0.870313 0.108594 0.109375
0 0.70625 0.655469 0.101562 0.119531
0 0.642188 0.594922 0.403125 0.810156
0 0.704297 0.296094 0.0945313 0.142969
0 0.523438 0.857422 0.134375 0.285156
0 0.682422 0.550391 0.183594 0.558594
0 0.204688 0.0689941 0.05 0.130566
0 0.707812 0.608984 0.164062 0.675781
0 0.219141 0.828906 0.2125 0.20625
0 0.753125 0.401563 0.0578125 0.254688
0 0.528906 0.889844 0.11875 0.220313
0 0.340234 0.642188 0.0566406 0.101562
0 0.323828 0.607813 0.0765625 0.126563
0 0.551562 0.875586 0.08125 0.248828
0 0.749219 0.35 0.05 0.1125
0 0.442969 0.9 0.274219 0.2
0 0.699609 0.374219 0.141406 0.20625
0 0.195703 0.173633 0.142188 0.265625
0 0.368359 0.448828 0.125 0.186719
0 0.368359 0.933594 0.0421875 0.053125
0 0.298438 0.617969 0.133984 0.160938
0 0.531641 0.460547 0.483594 0.391406
0 0.387891 0.542969 0.0359375 0.0578125
0 0.696094 0.314453 0.0890625 0.0890625
0 0.285596 0.431348 0.221777 0.545117
0 0.6625 0.45625 0.224219 0.367188
0 0.223438 0.571875 0.0554687 0.0875
0 0.243359 0.147461 0.216797 0.287109
0 0.363672 0.923438 0.059375 0.08125
0 0.695312 0.410547 0.154688 0.275781
0 0.505469 0.886523 0.154688 0.226953
0 0.658594 0.320703 0.223438 0.153906
0 0.228125 0.239844 0.0773438 0.0945313
0 0.753516 0.377344 0.0367188 0.144531
0 0.767969 0.634766 0.239063 0.730469
0 0.715625 0.264893 0.103125 0.303027
0 0.562891 0.635547 0.432031 0.728906
0 0.752344 0.373047 0.04375 0.116406
0 0.133594 0.889063 0.040625 0.065625
0 0.348438 0.924219 0.0890625 0.078125
0 0.337109 0.503906 0.0570313 0.114063
0 0.476172 0.862695 0.205469 0.274609
0 0.345508 0.651563 0.040625 0.0828125
0 0.165234 0.854688 0.116016 0.146875
0 0.210156 0.0350586 0.0359375 0.0595703
0 0.696875 0.696875 0.028125 0.040625
0 0.364453 0.356836 0.388281 0.659766
0 0.360938 0.483691 0.110937 0.257617
0 0.683594 0.682031 0.0609375 0.06875
0 0.623438 0.582031 0.30625 0.623438
0 0.692578 0.689453 0.0359375 0.0546875
0 0.746094 0.487109 0.0578125 0.461719
0 0.392188 0.540625 0.03125 0.0515625
0 0.695312 0.683594 0.078125 0.0664062
0 0.220703 0.563281 0.06875 0.103125
0 0.238672 0.446484 0.0765625 0.0789063
0 0.180469 0.421094 0.215234 0.842188
0 0.544531 0.840234 0.105469 0.319531
0 0.357031 0.929688 0.06875 0.065625
0 0.206689 0.533594 0.0717773 0.19375
0 0.610156 0.445996 0.329688 0.34707
0 0.360938 0.428906 0.109375 0.146875
0 0.693359 0.132129 0.0421875 0.0820312
0 0.328906 0.469922 0.0507812 0.125781
0 0.216797 0.4875 0.08125 0.178906
0 0.738281 0.541016 0.0765625 0.469531
0 0.187695 0.812695 0.153516 0.224609
0 0.5625 0.9 0.0375 0.09375
0 0.688281 0.261523 0.15 0.280859
0 0.563672 0.920313 0.0539063 0.153125
0 0.236914 0.4375 0.108984 0.11875
0 0.696094 0.146191 0.040625 0.0701172
0 0.425098 0.924219 0.313867 0.151562
0 0.2125 0.558203 0.0710938 0.117969
0 0.698438 0.700391 0.0359375 0.046875
0 0.557813 0.964063 0.0382813 0.06875
0 0.379785 0.544141 0.0404297 0.0726563
0 0.231641 0.154395 0.107422 0.290039
0 0.216406 0.582031 0.0390625 0.059375
0 0.673438 0.323633 0.034375 0.0621094
0 0.214062 0.467187 0.0773438 0.107813
0 0.220313 0.5875 0.0492188 0.0648438
0 0.225195 0.450781 0.0769531 0.084375
0 0.177539 0.867188 0.154297 0.103125
0 0.666016 0.374219 0.210156 0.210156
0 0.233203 0.45 0.0472656 0.06875
0 0.387109 0.544531 0.0414063 0.0789063
0 0.340625 0.515234 0.0429688 0.0734375
0 0.357422 0.905469 0.0789063 0.121875
0 0.48125 0.550684 0.596875 0.54082
0 0.188477 0.167163 0.0789063 0.198096
0 0.325 0.921875 0.141406 0.0859375
0 0.29082 0.458594 0.223047 0.225
0 0.716797 0.671875 0.0921875 0.0953125
0 0.189258 0.0691895 0.0902344 0.13623
0 0.291016 0.890625 0.201563 0.1375
0 0.219141 0.229687 0.0785156 0.103125
0 0.411719 0.960547 0.141406 0.0789063
0 0.342578 0.501563 0.0765625 0.1375
0 0.380469 0.921875 0.0367188 0.05625
0 0.229102 0.552344 0.0847656 0.146875
0 0.551953 0.9 0.0585938 0.125
0 0.345703 0.526953 0.0570313 0.0976562
0 0.354883 0.373828 0.0273438 0.0382813
0 0.244531 0.679688 0.266406 0.571875
0 0.714063 0.3375 0.104688 0.117969
0 0.347656 0.689844 0.475 0.578125
0 0.707422 0.664844 0.0984375 0.101562
0 0.553125 0.925 0.0617188 0.145313
0 0.463281 0.672266 0.664062 0.649219
0 0.247998 0.85332 0.268066 0.196484
0 0.715625 0.359375 0.114063 0.165625
0 0.272461 0.555469 0.189453 0.276563
0 0.522266 0.925 0.11875 0.15
0 0.732422 0.342187 0.078125 0.11875
0 0.720313 0.50791 0.140625 0.470117
0 0.707031 0.649219 0.10625 0.139063
0 0.741016 0.344336 0.05625 0.112891
0 0.207031 0.0878662 0.0746094 0.165283
0 0.721875 0.4125 0.107813 0.274219
0 0.19082 0.0880859 0.0753906 0.172266
0 0.218359 0.108105 0.1 0.207227
0 0.552344 0.946094 0.0640625 0.107813
0 0.742578 0.455859 0.0648438 0.364844
0 0.223242 0.519531 0.0882813 0.201563
0 0.710156 0.328516 0.101562 0.0875
0 0.544531 0.925781 0.08125 0.148438
0 0.725781 0.617578 0.15 0.683594
0 0.752344 0.367383 0.034375 0.0863281
0 0.204102 0.145313 0.138672 0.285547
0 0.752734 0.455859 0.0539063 0.374219
0 0.233594 0.81543 0.245703 0.244141
0 0.746875 0.349023 0.04375 0.0996094
0 0.752344 0.413281 0.059375 0.271875
0 0.692187 0.683203 0.0757812 0.065625
0 0.716406 0.676562 0.09375 0.084375
0 0.186133 0.102905 0.149219 0.197314
0 0.675 0.679297 0.0390625 0.0585938
0 0.252344 0.520703 0.147266 0.203125
0 0.32832 0.622656 0.0871094 0.142188
0 0.6875 0.686719 0.046875 0.0609375
0 0.469922 0.927344 0.225781 0.145313
0 0.180127 0.0892334 0.115527 0.170361
0 0.218945 0.17002 0.110937 0.339648
0 0.697656 0.698828 0.028125 0.0390625
0 0.549219 0.908594 0.0578125 0.129688
0 0.667969 0.665625 0.025 0.0375
0 0.669531 0.336719 0.202344 0.125
0 0.558594 0.908594 0.046875 0.115625
0 0.693359 0.333203 0.146875 0.139844
0 0.54375 0.941406 0.0875 0.117188
0 0.357422 0.824609 0.452344 0.350781
0 0.237891 0.563281 0.0945313 0.13125
0 0.746094 0.487402 0.05625 0.476758
0 0.528906 0.871875 0.117188 0.25625
0 0.702344 0.678516 0.096875 0.0765625
0 0.536719 0.916016 0.0984375 0.167969
0 0.680078 0.676562 0.0523438 0.065625
0 0.547266 0.862891 0.0867188 0.274219
0 0.331445 0.394531 0.366016 0.789062
0 0.703125 0.302539 0.128125 0.204297
0 0.554688 0.957422 0.05 0.0851563
0 0.416406 0.384766 0.523438 0.769531
0 0.367578 0.548438 0.126563 0.388281
0 0.210352 0.0399414 0.0445313 0.0748047
0 0.552344 0.90625 0.0734375 0.1875
0 0.173926 0.120703 0.18457 0.236719
0 0.272998 0.415625 0.261035 0.828125
0 0.231592 0.879687 0.229004 0.13125
0 0.205273 0.0764648 0.0554687 0.148828
0 0.272852 0.651465 0.191797 0.568945
0 0.483203 0.555078 0.592969 0.638281
0 0.328125 0.480469 0.0445313 0.0984375
0 0.233984 0.147363 0.117188 0.289258
0 0.143555 0.885156 0.059375 0.0734375
0 0.479688 0.433594 0.610938 0.446094
0 0.763281 0.553027 0.21875 0.556445
0 0.753906 0.371484 0.03125 0.127344
0 0.265625 0.878906 0.285938 0.148438
0 0.69375 0.696094 0.034375 0.0460938
0 0.438672 0.917188 0.285938 0.165625
0 0.15918 0.878906 0.0898438 0.0859375
0 0.66875 0.661719 0.0296875 0.0546875
0 0.671875 0.671875 0.0328125 0.0484375
0 0.83125 0.000341797 0.165625 0.000683594
0 0.699219 0.690234 0.0546875 0.0570313
0 0.671094 0.319922 0.0320312 0.0574219
0 0.169824 0.871875 0.111914 0.103125
0 0.283203 0.534766 0.210938 0.369531
0 0.253174 0.759766 0.246777 0.405469
0 0.201367 0.0993164 0.0714844 0.198633
0 0.330859 0.495703 0.046875 0.113281
0 0.149829 0.108203 0.167139 0.207031
0 0.357031 0.509375 0.103125 0.303125
0 0.682813 0.503125 0.185938 0.459375
0 0.481641 0.000341797 0.167187 0.000683594
0 0.207422 0.527344 0.0746094 0.209375
0 0.33457 0.630469 0.0675781 0.128125
0 0.735938 0.397559 0.0921875 0.237695
0 0.51875 0.000317383 0.166406 0.000634766
0 0.778125 0.632422 0.239063 0.725781
0 0.216797 0.576563 0.0492188 0.0742188
0 0.355859 0.465625 0.0992187 0.215625
0 0.486719 0.9 0.185156 0.2
0 0.211719 0.0319214 0.0367188 0.0543213
0 0.687891 0.321484 0.0648438 0.0691406
0 0.204297 0.0378906 0.0453125 0.0663086
0 0.932422 0.000744629 0.135156 0.00148926
0 0.729688 0.532031 0.0898438 0.451562
0 0.209424 0.147266 0.203809 0.287891
0 0.444141 0.000390625 0.167187 0.00078125
0 0.79375 0.000244141 0.1625 0.000488281
0 0.347461 0.537598 0.124609 0.373242
0 0.55625 0.000268555 0.165625 0.000537109
0 0.327344 0.473828 0.0378906 0.0742188
0 0.256641 0.571094 0.133594 0.135937
0 0.923828 0.000415039 0.152344 0.000830078
0 0.406152 0.000317383 0.16582 0.000634766
0 0.411328 0.895312 0.347656 0.20625
0 0.228711 0.549219 0.0871094 0.164062
0 0.166211 0.894531 0.107422 0.0625
0 0.564844 0.892188 0.0328125 0.06875
0 0.228125 0.424219 0.236328 0.848437
0 0.709375 0.457031 0.125781 0.378125
0 0.217773 0.571875 0.0585938 0.090625
0 0.716016 0.000268555 0.158594 0.000537109
0 0.847656 0.000732422 0.220313 0.00146484
0 0.199414 0.062207 0.0652344 0.121289
0 0.709375 0.255469 0.110937 0.3125
0 0.675781 0.325 0.0359375 0.0632813
0 0.21875 0.832812 0.210156 0.196875
0 0.748438 0.659375 0.0296875 0.0546875
0 0.514063 0.964844 0.135937 0.0703125
0 0.48584 0.000769043 0.223633 0.00153809
0 0.869531 0.00032959 0.167187 0.00065918
0 0.944141 0.000561523 0.111719 0.00112305
0 0.240234 0.447656 0.096875 0.1
0 0.328906 0.469141 0.0515625 0.134375
0 0.168457 0.857813 0.120117 0.140625
0 0.59375 0.000268555 0.165625 0.000537109
0 0.90625 0.000695801 0.1875 0.0013916
0 0.673438 0.317969 0.04375 0.0789063
0 0.368164 0.000292969 0.162891 0.000585938
0 0.689453 0.320898 0.171094 0.226953
0 0.30957 0.469922 0.178516 0.253125
0 0.694922 0.317578 0.0875 0.0867188
0 0.535937 0.00078125 0.223438 0.0015625
0 0.808594 0.000708008 0.217188 0.00141602
0 0.810156 0.00539551 0.170313 0.010791
0 0.707812 0.539941 0.121875 0.366992
0 0.0635742 0.000402832 0.127148 0.000805664
0 0.189063 0.0440918 0.0792969 0.0790039
0 0.185352 0.0708984 0.101172 0.139844
0 0.749219 0.346484 0.053125 0.125781
0 0.409766 0.000756836 0.219531 0.00151367
0 0.707031 0.316211 0.0867188 0.100781
0 0.210742 0.559766 0.0726563 0.11875
0 0.305859 0.000268555 0.163281 0.000537109
0 0.301758 0.398535 0.255859 0.69043
0 0.160254 0.0832275 0.141602 0.156201
0 0.246484 0.19043 0.142188 0.380859
0 0.316797 0.542285 0.186719 0.381055
0 0.556641 0.964063 0.040625 0.071875
0 0.461328 0.292578 0.638281 0.5125
0 0.382422 0.503125 0.149219 0.296875
0 0.238086 0.684766 0.258984 0.541406
0 0.712109 0.339453 0.103125 0.109375
0 0.34375 0.691406 0.469531 0.557813
0 0.267969 0.569141 0.189063 0.289844
0 0.551172 0.925781 0.0570313 0.142188
0 0.252734 0.834375 0.283594 0.23125
0 0.703125 0.65625 0.090625 0.11875
0 0.524609 0.926562 0.109375 0.146875
0 0.192383 0.0867432 0.0730469 0.162842
0 0.699219 0.669531 0.0804688 0.0914062
0 0.733594 0.342383 0.065625 0.110547
0 0.7125 0.676562 0.096875 0.0875
0 0.15752 0.0880859 0.147461 0.166797
0 0.697266 0.695312 0.0304688 0.040625
0 0.678125 0.678516 0.040625 0.0554687
0 0.689844 0.682813 0.065625 0.0625
0 0.542188 0.927344 0.0765625 0.145313
0 0.688672 0.685156 0.0476562 0.059375
0 0.321875 0.625 0.0867188 0.1375
0 0.174414 0.0829102 0.108203 0.157617
0 0.55 0.950781 0.05625 0.0984375
0 0.708594 0.325977 0.09375 0.0808594
0 0.700781 0.683203 0.0796875 0.0679687
0 0.742578 0.345117 0.0476562 0.110547
0 0.184717 0.102539 0.0774414 0.170313
0 0.66875 0.665625 0.0234375 0.034375
0 0.435937 0.675 0.6125 0.634375
0 0.746094 0.350391 0.040625 0.090625
0 0.249805 0.875781 0.271484 0.145313
0 0.711328 0.377246 0.114063 0.200195
0 0.208008 0.0404175 0.0460938 0.0761963
0 0.698438 0.689844 0.0484375 0.0546875
0 0.542578 0.946484 0.0742188 0.107031
0 0.553125 0.959375 0.046875 0.08125
0 0.475684 0.926562 0.208008 0.146875
0 0.249219 0.783594 0.279687 0.325
0 0.177539 0.110742 0.168359 0.216016
0 0.55625 0.909375 0.0484375 0.1125
0 0.199219 0.126367 0.142188 0.247656
0 0.747656 0.360156 0.034375 0.0703125
0 0.153906 0.0645508 0.154297 0.120508
0 0.267188 0.525391 0.179688 0.201563
0 0.555859 0.945312 0.0421875 0.109375
0 0.216211 0.148242 0.128516 0.291016
0 0.204688 0.0549316 0.0546875 0.105176
0 0.539844 0.876367 0.0828125 0.247266
0 0.717188 0.690625 0.0703125 0.0515625
0 0.540625 0.908594 0.0734375 0.126563
0 0.669531 0.659766 0.028125 0.0484375
0 0.751563 0.369727 0.0296875 0.0675781
0 0.703906 0.694531 0.0453125 0.04375
0 0.712891 0.28418 0.107031 0.226953
0 0.185156 0.0424927 0.0886719 0.0759521
0 0.733203 0.551562 0.0203125 0.0320312
0 0.697656 0.319336 0.0796875 0.0679687
0 0.672266 0.317969 0.03125 0.0558594
0 0.553125 0.863477 0.065625 0.273047
0 0.228125 0.521094 0.103516 0.192188
0 0.71875 0.68125 0.08125 0.0703125
0 0.164258 0.0400879 0.115625 0.0681641
0 0.239063 0.446875 0.0976562 0.0953125
0 0.683203 0.678125 0.0546875 0.0625
0 0.709375 0.425 0.120313 0.299219
0 0.678906 0.667578 0.0484375 0.0773438
0 0.674219 0.672266 0.034375 0.046875
0 0.701172 0.331641 0.128906 0.138281
0 0.699219 0.701563 0.034375 0.04375
0 0.700781 0.634375 0.0984375 0.16875
0 0.19668 0.0463379 0.06875 0.0893555
0 0.204102 0.0803711 0.0632813 0.160742
0 0.723828 0.471484 0.139844 0.396094
0 0.239453 0.565625 0.0964844 0.126563
0 0.191846 0.169238 0.16084 0.338477
0 0.703906 0.314453 0.0851563 0.0867188
0 0.241016 0.457813 0.0585938 0.0734375
0 0.239844 0.453906 0.0367188 0.0609375
0 0.167578 0.892188 0.107031 0.059375
0 0.217383 0.504687 0.0835937 0.208594
0 0.232813 0.453125 0.0457031 0.0625
0 0.255469 0.760547 0.227734 0.407031
0 0.671094 0.335156 0.198437 0.117969
0 0.674219 0.314844 0.0367188 0.0703125
0 0.213672 0.0368652 0.0351562 0.0647461
0 0.489844 0.909375 0.175 0.18125
0 0.542188 0.963672 0.071875 0.0726563
0 0.729297 0.459375 0.084375 0.376563
0 0.358398 0.541406 0.115234 0.364063
0 0.123633 0.094043 0.212891 0.170508
0 0.724219 0.349414 0.084375 0.121484
0 0.216602 0.575 0.0488281 0.071875
0 0.351953 0.43291 0.0914062 0.143555
0 0.423535 0.916406 0.31543 0.167187
0 0.234375 0.430566 0.111719 0.135742
0 0.205908 0.528125 0.0709961 0.209375
0 0.365234 0.926562 0.0492188 0.06875
0 0.314453 0.586719 0.05 0.0625
0 0.512109 0.964844 0.127344 0.0703125
0 0.221875 0.453906 0.0625 0.06875
0 0.513672 0.878125 0.132031 0.24375
0 0.160156 0.878906 0.0898438 0.08125
0 0.147656 0.884375 0.0671875 0.071875
0 0.14082 0.111621 0.185156 0.215039
0 0.757031 0.0629883 0.0375 0.0480469
0 0.228906 0.552344 0.0882813 0.159375
0 0.447656 0.894141 0.2625 0.211719
0 0.476953 0.520703 0.602344 0.614844
0 0.224805 0.45625 0.0851563 0.09375
0 0.133594 0.0572266 0.19375 0.100781
0 0.584375 0.775195 0.0257812 0.0433594
0 0.260547 0.571875 0.1375 0.128906
0 0.25708 0.451562 0.167871 0.241406
0 0.666406 0.667969 0.028125 0.0414063
0 0.319336 0.616016 0.05625 0.121875
0 0.347266 0.432813 0.111719 0.175781
0 0.47666 0.4125 0.613867 0.485938
0 0.219092 0.819531 0.215723 0.217188
0 0.224951 0.10166 0.141504 0.197461
0 0.323047 0.588281 0.0398437 0.0625
0 0.244141 0.476562 0.138281 0.244531
0 0.375879 0.925781 0.0341797 0.059375
0 0.725781 0.678906 0.0671875 0.0546875
0 0.208936 0.5625 0.0688477 0.1125
0 0.311719 0.586719 0.0582031 0.08125
0 0.742969 0.487109 0.05625 0.492969
0 0.360156 0.419141 0.113281 0.127344
0 0.214453 0.460938 0.0742188 0.084375
0 0.306641 0.587109 0.059375 0.0539063
0 0.323047 0.438672 0.139844 0.196875
0 0.210547 0.0231445 0.028125 0.0335938
0 0.564063 0.892188 0.0296875 0.0625
0 0.358008 0.874219 0.435547 0.235938
0 0.680469 0.325781 0.0453125 0.0632813
0 0.355078 0.374609 0.0257812 0.0367188
0 0.726562 0.550781 0.025 0.0359375
0 0.725781 0.6875 0.0640625 0.0484375
0 0.559375 0.965625 0.0328125 0.0625
0 0.216602 0.0229736 0.025 0.032959
0 0.308203 0.611328 0.105469 0.119531
0 0.75 0.453516 0.053125 0.382031
0 0.277539 0.407031 0.269922 0.814063
0 0.286719 0.425 0.203906 0.203125
0 0.353906 0.505566 0.0976562 0.295117
0 0.207617 0.470313 0.0722656 0.09375
0 0.204688 0.0241211 0.0445313 0.0365234
0 0.751563 0.0668457 0.034375 0.0413086
0 0.265234 0.361328 0.105469 0.125781
0 0.307813 0.595313 0.0757812 0.0726563
0 0.340039 0.929688 0.0996094 0.0625
0 0.198047 0.106641 0.264062 0.213281
0 0.692969 0.271094 0.139063 0.249219
0 0.684375 0.301367 0.171875 0.223828
0 0.338672 0.389062 0.379688 0.778125
0 0.25957 0.611719 0.181641 0.390625
0 0.324219 0.921875 0.135156 0.08125
0 0.366406 0.374219 0.034375 0.0351562
0 0.753125 0.36582 0.0375 0.0769531
0 0.421094 0.339258 0.532031 0.678516
0 0.705859 0.6125 0.110937 0.214062
0 0.191211 0.141406 0.230078 0.277344
0 0.359766 0.923438 0.0640625 0.0796875
0 0.751563 0.37207 0.0265625 0.101953
0 0.280273 0.475391 0.216016 0.275
0 0.562891 0.909375 0.0492188 0.1
0 0.241748 0.174805 0.178223 0.349609
0 0.335742 0.6375 0.0585938 0.115625
0 0.667188 0.321094 0.034375 0.05625
0 0.672656 0.496777 0.204688 0.42832
0 0.741406 0.552344 0.0203125 0.03125
0 0.17002 0.861719 0.116992 0.129688
0 0.577734 0.789062 0.0445313 0.0859375
0 0.357812 0.796875 0.458594 0.39375
0 0.405566 0.882812 0.40293 0.203125
0 0.751563 0.36543 0.0351562 0.111328
0 0.302734 0.636328 0.117188 0.171094
0 0.327539 0.477734 0.0414063 0.102344
0 0.546094 0.890625 0.0640625 0.125
0 0.272266 0.405078 0.0304688 0.0398437
0 0.309766 0.536328 0.197656 0.361719
0 0.267969 0.579688 0.164062 0.0875
0 0.215576 0.447656 0.0993164 0.126563
0 0.395313 0.540234 0.028125 0.0492188
0 0.265039 0.68125 0.312109 0.55
0 0.7125 0.336719 0.101562 0.117188
0 0.550781 0.924219 0.05625 0.146875
0 0.268164 0.562109 0.195312 0.29375
0 0.711719 0.66875 0.0953125 0.090625
0 0.252686 0.83125 0.280566 0.242188
0 0.707812 0.316992 0.0875 0.08125
0 0.343359 0.687109 0.474219 0.575781
0 0.529688 0.925 0.096875 0.15
0 0.735156 0.341797 0.0625 0.114844
0 0.320312 0.621094 0.0859375 0.146094
0 0.207031 0.0375977 0.046875 0.071582
0 0.195752 0.0864258 0.0788086 0.167773
0 0.186523 0.158789 0.164844 0.317578
0 0.542578 0.924219 0.075 0.151562
0 0.252002 0.870313 0.272559 0.159375
0 0.744531 0.344141 0.04375 0.113281
0 0.188672 0.0540527 0.0820312 0.0991211
0 0.333789 0.627344 0.065625 0.139063
0 0.71875 0.676172 0.0796875 0.071875
0 0.708984 0.648828 0.103125 0.139063
0 0.166797 0.051416 0.119922 0.0924805
0 0.172949 0.0739258 0.109961 0.143359
0 0.214404 0.160352 0.122754 0.319141
0 0.244141 0.779492 0.270313 0.322266
0 0.699219 0.309961 0.0882813 0.0738281
0 0.553906 0.892969 0.0609375 0.214062
0 0.557031 0.909375 0.046875 0.128125
0 0.200049 0.0575195 0.0725586 0.107227
0 0.314063 0.607813 0.0804688 0.115625
0 0.198437 0.0404419 0.0640625 0.0784912
0 0.557031 0.858398 0.0640625 0.283203
0 0.232031 0.245312 0.0695313 0.0839844
0 0.204883 0.0976807 0.116016 0.193311
0 0.240625 0.562891 0.0992187 0.121094
0 0.158398 0.0833008 0.151953 0.160742
0 0.266797 0.521094 0.183984 0.210938
0 0.704297 0.298438 0.0867188 0.108594
0 0.2125 0.0343262 0.0359375 0.0598633
0 0.367188 0.532422 0.125781 0.357031
0 0.365625 0.373437 0.040625 0.0375
0 0.678516 0.309766 0.0445313 0.0617188
0 0.177539 0.0418457 0.105859 0.0813477
0 0.389746 0.387891 0.0720703 0.0460938
0 0.182812 0.09375 0.134375 0.183984
0 0.18418 0.0952881 0.0765625 0.155127
0 0.5875 0.771875 0.0226563 0.0375
0 0.134473 0.0663086 0.195117 0.12207
0 0.70625 0.682031 0.096875 0.0625
0 0.585156 0.775781 0.0273438 0.046875
0 0.382715 0.381641 0.0642578 0.05
0 0.319336 0.610547 0.0582031 0.117188
0 0.55 0.944531 0.05625 0.110937
0 0.370703 0.415527 0.121094 0.112695
0 0.376563 0.371484 0.0390625 0.0320312
0 0.66875 0.310156 0.0421875 0.0632813
0 0.323438 0.578516 0.0382813 0.0523438
0 0.710938 0.309375 0.110937 0.185938
0 0.215625 0.0222412 0.0257812 0.032666
0 0.207764 0.466406 0.0875977 0.117188
0 0.313281 0.577344 0.0546875 0.065625
0 0.210547 0.0226563 0.0289063 0.0335938
0 0.367969 0.442578 0.11875 0.171875
0 0.226953 0.448438 0.065625 0.065625
0 0.508984 0.924609 0.138281 0.150781
0 0.241602 0.444531 0.0570313 0.0625
0 0.242578 0.440234 0.096875 0.0914062
0 0.751563 0.369531 0.0273438 0.0671875
0 0.337109 0.640625 0.0546875 0.109375
0 0.542188 0.907813 0.0703125 0.128125
0 0.158594 0.0390747 0.124609 0.0656006
0 0.243945 0.454688 0.0449219 0.0640625
0 0.356836 0.373047 0.0308594 0.0375
0 0.705469 0.233203 0.0265625 0.05625
0 0.748047 0.358789 0.0328125 0.0707031
0 0.145508 0.0474121 0.15625 0.0854492
0 0.715625 0.688281 0.0734375 0.05
0 0.21875 0.451562 0.0777344 0.0953125
0 0.367969 0.377734 0.0484375 0.0484375
0 0.394531 0.538281 0.028125 0.046875
0 0.557031 0.932813 0.0390625 0.134375
0 0.676562 0.674219 0.0390625 0.0484375
0 0.389941 0.541406 0.0404297 0.0546875
0 0.261719 0.566406 0.139844 0.115625
0 0.553906 0.958594 0.0460938 0.0828125
0 0.705469 0.692969 0.0484375 0.0421875
0 0.212158 0.446094 0.0866211 0.124219
0 0.205859 0.0239746 0.0460938 0.037207
0 0.672656 0.333789 0.19375 0.117578
0 0.452734 0.671191 0.653906 0.65293
0 0.313086 0.889063 0.153516 0.146875
0 0.667969 0.664062 0.021875 0.03125
0 0.241406 0.45 0.0347656 0.059375
0 0.565625 0.889063 0.025 0.075
0 0.21333 0.793945 0.206152 0.274609
0 0.307422 0.583984 0.0640625 0.0523438
0 0.697656 0.694922 0.03125 0.0375
0 0.374609 0.400391 0.130469 0.0859375
0 0.291748 0.437109 0.24541 0.232031
0 0.758594 0.059668 0.0453125 0.0486328
0 0.383691 0.389062 0.0732422 0.0609375
0 0.300781 0.558594 0.0859375 0.125
0 0.749219 0.658594 0.0265625 0.05
0 0.694141 0.691406 0.0359375 0.04375
0 0.594531 0.731641 0.01875 0.03125
0 0.577344 0.7875 0.0453125 0.08125
0 0.692187 0.667969 0.0734375 0.046875
0 0.227734 0.514453 0.108594 0.197656
0 0.201611 0.0730957 0.0647461 0.146191
0 0.37207 0.384766 0.0660156 0.0609375
0 0.365234 0.926562 0.0492188 0.065625
0 0.748047 0.652344 0.0226563 0.0335938
0 0.310156 0.328906 0.053125 0.0484375
0 0.363281 0.381641 0.059375 0.0570313
0 0.560156 0.927344 0.059375 0.145313
0 0.413281 0.389453 0.034375 0.034375
0 0.328516 0.926562 0.123438 0.071875
0 0.55 0.901563 0.053125 0.125
0 0.326758 0.476953 0.0417969 0.1125
0 0.290625 0.514844 0.235156 0.338281
0 0.357227 0.418652 0.131641 0.156445
0 0.288672 0.600781 0.145313 0.204688
0 0.222461 0.232813 0.059375 0.0695313
0 0.305664 0.591406 0.0722656 0.0703125
0 0.312305 0.464746 0.200391 0.243945
0 0.471973 0.922656 0.21543 0.154688
0 0.585938 0.761719 0.0296875 0.053125
0 0.683984 0.305859 0.0617188 0.0796875
0 0.235352 0.429297 0.108203 0.125781
0 0.246875 0.64834 0.239844 0.550195
0 0.386719 0.915625 0.377344 0.153125
0 0.245508 0.253125 0.0488281 0.0695313
0 0.557031 0.9625 0.0375 0.071875
0 0.731641 0.319727 0.0351562 0.0761719
0 0.141602 0.101929 0.185547 0.197314
0 0.696875 0.32168 0.08125 0.0617188
0 0.229297 0.555469 0.0882813 0.142188
0 0.684766 0.679688 0.053125 0.0625
0 0.377734 0.922656 0.028125 0.059375
0 0.340234 0.650781 0.0492188 0.08125
0 0.235938 0.257422 0.0570313 0.0640625
0 0.390234 0.555469 0.0453125 0.0875
0 0.351758 0.364258 0.0574219 0.0644531
0 0.356055 0.892188 0.439453 0.2
0 0.360547 0.375684 0.0382813 0.0439453
0 0.304688 0.572656 0.0734375 0.1
0 0.168555 0.894531 0.105859 0.071875
0 0.319531 0.331641 0.0351562 0.0398437
0 0.360547 0.382031 0.150781 0.103906
0 0.705859 0.282031 0.0726563 0.1375
0 0.751172 0.658594 0.0210938 0.04375
0 0.214453 0.573828 0.0476562 0.071875
0 0.557813 0.89375 0.040625 0.103125
0 0.297266 0.629687 0.130859 0.1875
0 0.213477 0.496875 0.0820312 0.169531
0 0.592578 0.736719 0.0234375 0.0421875
0 0.724219 0.667578 0.075 0.0640625
0 0.220898 0.0283691 0.0410156 0.0487305
0 0.475391 0.484277 0.589844 0.47207
0 0.360156 0.371484 0.0648438 0.0492188
0 0.351367 0.370703 0.0378906 0.0476562
0 0.359766 0.921875 0.0601563 0.08125
0 0.180127 0.0650391 0.0881836 0.106836
0 0.671875 0.316992 0.03125 0.0550781
0 0.224414 0.571094 0.0640625 0.08125
0 0.231641 0.565625 0.0835937 0.101562
0 0.741016 0.650781 0.0351562 0.034375
0 0.3 0.32793 0.0710938 0.0542969
0 0.580469 0.774219 0.034375 0.046875
0 0.245508 0.457031 0.0894531 0.0671875
0 0.250977 0.261719 0.0367188 0.0527344
0 0.721875 0.382129 0.1375 0.220117
0 0.15166 0.14707 0.224023 0.284766
0 0.186328 0.0255737 0.0867188 0.041626
0 0.326953 0.332617 0.0304688 0.0359375
0 0.395313 0.393359 0.0742188 0.053125
0 0.563281 0.845313 0.0703125 0.309375
0 0.182031 0.084668 0.0808594 0.109766
0 0.383984 0.400781 0.0460938 0.0578125
0 0.221094 0.0219482 0.0394531 0.0322754
0 0.433203 0.247852 0.558594 0.478516
0 0.589063 0.732422 0.028125 0.0351562
0 0.751953 0.375 0.0242188 0.09375
0 0.726953 0.353125 0.078125 0.114063
0 0.332031 0.378906 0.197656 0.127344
0 0.321875 0.917188 0.134375 0.0984375
0 0.753516 0.363672 0.0351562 0.075
0 0.667969 0.658203 0.025 0.0414063
0 0.698438 0.705469 0.034375 0.034375
0 0.330273 0.489063 0.0417969 0.0976562
0 0.709375 0.251953 0.040625 0.084375
0 0.38125 0.542969 0.0414063 0.0609375
0 0.274561 0.567578 0.202441 0.427344
0 0.744922 0.661719 0.0351562 0.059375
0 0.753516 0.0634277 0.0398437 0.0420898
0 0.546094 0.955469 0.0625 0.0890625
0 0.35 0.627344 0.0546875 0.141406
0 0.563281 0.910937 0.0484375 0.1125
0 0.222266 0.233203 0.0671875 0.09375
0 0.176172 0.118164 0.248438 0.236328
0 0.203125 0.0958984 0.05 0.191797
0 0.38291 0.91875 0.0310547 0.053125
0 0.329688 0.595703 0.0484375 0.11875
0 0.150391 0.878906 0.0714844 0.0859375
0 0.20293 0.46875 0.0835937 0.090625
0 0.365625 0.387891 0.0875 0.0710938
0 0.588281 0.741016 0.0328125 0.0554687
0 0.707812 0.240234 0.034375 0.0613281
0 0.199805 0.0961914 0.0671875 0.192383
0 0.294141 0.585156 0.0894531 0.05625
0 0.667969 0.660156 0.03125 0.0484375
0 0.260205 0.761719 0.224121 0.423438
0 0.519531 0.872266 0.134375 0.255469
0 0.255859 0.263477 0.0289063 0.0496094
0 0.119238 0.047168 0.228711 0.0791016
0 0.21875 0.0746582 0.118359 0.144043
0 0.267969 0.580469 0.163281 0.0765625
0 0.163281 0.069043 0.125391 0.100781
0 0.655469 0.309766 0.05 0.059375
0 0.168262 0.871094 0.108789 0.110937
0 0.205859 0.120117 0.0382813 0.0910156
0 0.664844 0.667188 0.025 0.0367188
0 0.323633 0.330664 0.341797 0.661328
0 0.351953 0.900781 0.0757812 0.170313
0 0.189844 0.457031 0.120313 0.125
0 0.301514 0.383594 0.262598 0.148438
0 0.513281 0.211328 0.034375 0.0367188
0 0.321875 0.579688 0.0445313 0.0828125
0 0.345703 0.650781 0.0351562 0.071875
0 0.35 0.642969 0.0457031 0.1
0 0.564844 0.882617 0.0828125 0.234766
0 0.58125 0.766797 0.0390625 0.0585938
0 0.739844 0.329688 0.0398437 0.0992187
0 0.707812 0.269336 0.1125 0.258203
0 0.273047 0.408594 0.210938 0.194531
0 0.125098 0.085376 0.209961 0.154639
0 0.541797 0.8875 0.0742188 0.128125
0 0.761719 0.0630371 0.0359375 0.0473633
0 0.688281 0.656641 0.065625 0.0546875
0 0.455078 0.898438 0.251563 0.203125
0 0.300781 0.329297 0.05625 0.0460938
0 0.45791 0.355273 0.637305 0.320703
0 0.327539 0.469922 0.0363281 0.0726563
0 0.375391 0.394629 0.0679687 0.0732422
0 0.287891 0.397656 0.282813 0.795313
0 0.668359 0.305469 0.0523438 0.0785156
0 0.339063 0.610156 0.0703125 0.18125
0 0.283984 0.58125 0.110937 0.065625
0 0.219336 0.586719 0.0542969 0.0609375
0 0.720703 0.318945 0.05625 0.0972656
0 0.339453 0.356641 0.0726563 0.0851563
0 0.199219 0.182764 0.133594 0.231348
0 0.569531 0.792383 0.0578125 0.0746094
0 0.751563 0.365039 0.0335938 0.110547
0 0.396875 0.536719 0.0390625 0.0578125
0 0.525781 0.964844 0.1 0.0703125
0 0.208984 0.5625 0.06875 0.108594
0 0.243701 0.882812 0.253223 0.10625
0 0.664844 0.493652 0.210938 0.417383
0 0.732813 0.551562 0.01875 0.0296875
0 0.210742 0.544922 0.0761719 0.161719
0 0.353125 0.829688 0.45625 0.335938
0 0.572266 0.794531 0.0359375 0.0890625
0 0.21543 0.223828 0.100391 0.151953
0 0.657813 0.387109 0.225 0.225781
0 0.166406 0.853906 0.113281 0.153125
0 0.349609 0.455078 0.08125 0.203125
0 0.388672 0.596094 0.0382813 0.196094
0 0.378125 0.542188 0.0515625 0.0796875
0 0.228906 0.478516 0.117969 0.199219
0 0.253516 0.683594 0.304688 0.551562
0 0.264648 0.561719 0.188281 0.295312
0 0.551562 0.925 0.05625 0.146875
0 0.709766 0.657813 0.1 0.117188
0 0.714453 0.3375 0.0992187 0.121875
0 0.249658 0.83125 0.278809 0.24375
0 0.717188 0.368555 0.104688 0.183203
0 0.184375 0.154492 0.164844 0.308984
0 0.71875 0.419141 0.107813 0.288281
0 0.322266 0.619531 0.0789063 0.148438
0 0.526563 0.924219 0.1 0.151562
0 0.558594 0.922656 0.0453125 0.134375
0 0.193799 0.0839844 0.0709961 0.15957
0 0.735938 0.343359 0.0609375 0.11875
0 0.243408 0.772656 0.269434 0.335938
0 0.664062 0.480469 0.221875 0.398438
0 0.216797 0.156055 0.108984 0.305859
0 0.542188 0.924609 0.071875 0.150781
0 0.208203 0.0391602 0.0429688 0.0740234
0 0.744141 0.421094 0.0601563 0.285938
0 0.142969 0.157617 0.233203 0.303516
0 0.75 0.381152 0.0375 0.112695
0 0.341406 0.687891 0.482812 0.578906
0 0.205469 0.0506958 0.05 0.095874
0 0.708594 0.317383 0.0859375 0.0832031
0 0.201172 0.0925781 0.0699219 0.185156
0 0.248877 0.872656 0.270996 0.159375
0 0.335156 0.627344 0.0648438 0.1375
0 0.546094 0.884375 0.078125 0.23125
0 0.554688 0.853516 0.0734375 0.292969
0 0.175195 0.0832031 0.107422 0.159766
0 0.680469 0.324609 0.16875 0.153906
0 0.313867 0.609375 0.0742188 0.123438
0 0.720313 0.671875 0.0828125 0.0921875
0 0.698438 0.315039 0.090625 0.0707031
0 0.753125 0.393848 0.0328125 0.14668
0 0.20083 0.787695 0.181152 0.283984
0 0.232031 0.246484 0.06875 0.090625
0 0.261279 0.519141 0.181348 0.208594
0 0.203906 0.0775391 0.0640625 0.148828
0 0.184326 0.103516 0.13916 0.2
0 0.746094 0.347266 0.0421875 0.108594
0 0.154297 0.0789063 0.142188 0.15
0 0.671094 0.314648 0.034375 0.0609375
0 0.707031 0.292578 0.0828125 0.122656
0 0.666016 0.333594 0.203906 0.119531
0 0.707812 0.32793 0.101562 0.0914062
0 0.544922 0.846875 0.101562 0.30625
0 0.698438 0.362891 0.140625 0.170313
0 0.235156 0.449219 0.05 0.0703125
0 0.154297 0.048291 0.149219 0.0874023
0 0.666016 0.311719 0.0414063 0.0648438
0 0.373047 0.534375 0.139844 0.355469
0 0.748438 0.360938 0.0375 0.101562
0 0.716406 0.298047 0.0984375 0.208594
0 0.321484 0.901563 0.132031 0.11875
0 0.505859 0.924609 0.138281 0.150781
0 0.207373 0.463672 0.0883789 0.119531
0 0.16084 0.0991211 0.162695 0.188477
0 0.225439 0.504687 0.11084 0.185156
0 0.314453 0.582812 0.053125 0.0703125
0 0.213623 0.488672 0.0891602 0.157813
0 0.243359 0.446094 0.0839844 0.0789063
0 0.592969 0.731641 0.0203125 0.034375
0 0.327344 0.617969 0.059375 0.135937
0 0.236133 0.5625 0.0914062 0.11875
0 0.519531 0.894141 0.125 0.211719
0 0.559375 0.900781 0.0390625 0.134375
0 0.446973 0.664844 0.66543 0.667188
0 0.188086 0.0455933 0.0792969 0.0883057
0 0.561719 0.90625 0.03125 0.110937
0 0.191406 0.0612793 0.06875 0.117676
0 0.542969 0.90625 0.06875 0.13125
0 0.239844 0.445312 0.0421875 0.059375
0 0.322656 0.583594 0.0429688 0.0734375
0 0.585156 0.771094 0.0273438 0.04375
0 0.575 0.790625 0.05 0.0890625
0 0.704688 0.237109 0.03125 0.0703125
0 0.224219 0.448438 0.0648438 0.0921875
0 0.553906 0.95625 0.0460938 0.0875
0 0.213672 0.0223145 0.0257812 0.0321289
0 0.338281 0.642188 0.0546875 0.104688
0 0.736719 0.390234 0.0796875 0.228125
0 0.363867 0.928125 0.0519531 0.065625
0 0.389844 0.54375 0.0421875 0.059375
0 0.753906 0.437109 0.0375 0.209375
0 0.551172 0.898438 0.0507812 0.134375
0 0.216064 0.82207 0.206934 0.218359
0 0.24375 0.455469 0.0421875 0.0671875
0 0.212061 0.44375 0.0836914 0.120313
0 0.156152 0.876563 0.0865234 0.096875
0 0.392188 0.392188 0.0820312 0.0546875
0 0.226172 0.239844 0.0617188 0.0703125
0 0.223438 0.0942383 0.0996094 0.182227
0 0.467285 0.493359 0.61543 0.449219
0 0.750781 0.454004 0.0484375 0.407617
0 0.325391 0.601562 0.0421875 0.105469
0 0.591016 0.735938 0.0265625 0.046875
0 0.225781 0.236719 0.0683594 0.096875
0 0.581641 0.781055 0.0351562 0.0628906
0 0.225 0.54375 0.0925781 0.173438
0 0.695312 0.302148 0.09375 0.0988281
0 0.329102 0.927344 0.119141 0.071875
0 0.16875 0.0658203 0.1125 0.122266
0 0.129883 0.0586914 0.191797 0.10625
0 0.472754 0.930469 0.204492 0.139063
0 0.376563 0.885938 0.401563 0.215625
0 0.158594 0.0394531 0.123438 0.065625
0 0.28457 0.594531 0.150781 0.229687
0 0.257617 0.617188 0.203906 0.395313
0 0.707031 0.273389 0.115625 0.252441
0 0.686719 0.289844 0.153125 0.224219
0 0.307031 0.585156 0.0660156 0.05625
0 0.710156 0.280469 0.065625 0.144531
0 0.240234 0.65625 0.239453 0.4875
0 0.388965 0.583984 0.0501953 0.144531
0 0.400391 0.917188 0.350781 0.153125
0 0.585156 0.749219 0.034375 0.0765625
0 0.757031 0.421094 0.0328125 0.171094
0 0.666016 0.363281 0.207813 0.170313
0 0.332227 0.897656 0.116797 0.164062
0 0.748438 0.655859 0.0265625 0.040625
0 0.396875 0.538672 0.034375 0.0539063
0 0.55625 0.961719 0.0390625 0.0734375
0 0.206445 0.0243652 0.0417969 0.0371094
0 0.169336 0.866406 0.115625 0.128125
0 0.682031 0.323047 0.0515625 0.0613281
0 0.735547 0.655469 0.05 0.0703125
0 0.382715 0.419922 0.145508 0.121094
0 0.344141 0.410938 0.516406 0.821875
0 0.16875 0.894531 0.105859 0.0703125
0 0.221143 0.462109 0.103809 0.107031
0 0.749219 0.661328 0.028125 0.0554687
0 0.730469 0.323438 0.0414063 0.0867188
0 0.256982 0.895312 0.259473 0.11875
0 0.374805 0.925 0.0324219 0.065625
0 0.747266 0.347852 0.0570313 0.137891
0 0.359766 0.921094 0.059375 0.084375
0 0.652734 0.314258 0.0625 0.0675781
0 0.300391 0.558594 0.0882813 0.127344
0 0.430469 0.305078 0.667969 0.610156
0 0.490625 0.891797 0.173438 0.216406
0 0.317969 0.879687 0.139063 0.165625
0 0.74375 0.366406 0.0421875 0.15
0 0.308789 0.623047 0.108984 0.175781
0 0.375781 0.369531 0.0390625 0.0320312
0 0.18208 0.0849609 0.0811523 0.128125
0 0.123242 0.0860352 0.208203 0.152344
0 0.366016 0.371289 0.0414063 0.0371094
0 0.5875 0.739844 0.034375 0.0609375
0 0.519141 0.861523 0.139844 0.276953
0 0.704297 0.607031 0.119531 0.225
0 0.709375 0.269141 0.0476562 0.128125
0 0.713281 0.576563 0.104688 0.285156
0 0.343164 0.653906 0.0433594 0.0789063
0 0.25957 0.563281 0.136328 0.117188
0 0.675391 0.304297 0.0539063 0.0890625
0 0.708203 0.242969 0.0414063 0.0734375
0 0.710938 0.466016 0.1375 0.400781
0 0.264111 0.760156 0.213965 0.428125
0 0.753125 0.440625 0.0375 0.150781
0 0.233984 0.430566 0.106641 0.123242
0 0.391797 0.598828 0.053125 0.194531
0 0.149609 0.883594 0.0726563 0.078125
0 0.383203 0.378809 0.0710938 0.0517578
0 0.375391 0.39209 0.0726563 0.0673828
0 0.32793 0.472656 0.046875 0.13125
0 0.358594 0.371289 0.0335938 0.0386719
0 0.24375 0.442969 0.357031 0.885938
0 0.357422 0.44541 0.125781 0.187305
0 0.174805 0.794531 0.140625 0.2625
0 0.311328 0.327734 0.05625 0.0546875
0 0.352734 0.9 0.0734375 0.165625
0 0.264844 0.614453 0.187891 0.3
0 0.191064 0.454688 0.120996 0.129688
0 0.720313 0.317188 0.0601563 0.107031
0 0.232422 0.0744629 0.108594 0.140332
0 0.394141 0.389062 0.0773438 0.0375
0 0.364648 0.382715 0.0628906 0.0595703
0 0.248828 0.260938 0.040625 0.0601563
0 0.557422 0.873438 0.0445313 0.14375
0 0.242578 0.252344 0.0546875 0.078125
0 0.705859 0.68125 0.103906 0.0671875
0 0.269531 0.434766 0.265625 0.717969
0 0.655469 0.409766 0.234375 0.272656
0 0.663281 0.304688 0.0484375 0.0820312
0 0.738672 0.329297 0.0445313 0.100781
0 0.532813 0.963281 0.0867188 0.0734375
0 0.546094 0.95 0.0609375 0.1
0 0.305469 0.571875 0.0742188 0.102344
0 0.692969 0.283203 0.090625 0.146875
0 0.7375 0.521484 0.0679687 0.452344
0 0.383398 0.208008 0.766797 0.394141
0 0.334375 0.425781 0.227344 0.217188
0 0.249609 0.155078 0.142969 0.30625
0 0.153125 0.365039 0.214453 0.730078
0 0.338867 0.610156 0.0753906 0.179688
0 0.388281 0.372266 0.776563 0.540625
0 0.427734 0.936719 0.304688 0.126563
0 0.164355 0.814844 0.100977 0.220313
0 0.563281 0.874219 0.08125 0.246875
0 0.717969 0.688281 0.078125 0.0515625
0 0.138379 0.134277 0.192383 0.260742
0 0.234033 0.684375 0.265527 0.54375
0 0.26543 0.564063 0.188281 0.296875
0 0.549219 0.926562 0.0601563 0.146875
0 0.719531 0.337109 0.0953125 0.121875
0 0.719922 0.414062 0.108594 0.275781
0 0.180078 0.156445 0.176172 0.312891
0 0.667969 0.477344 0.21875 0.4
0 0.722656 0.385547 0.0953125 0.217188
0 0.557813 0.928906 0.0492188 0.142188
0 0.251367 0.83125 0.278516 0.239063
0 0.738672 0.343945 0.0539063 0.119141
0 0.188477 0.0852539 0.0851563 0.161523
0 0.741406 0.416309 0.065625 0.275195
0 0.145703 0.162305 0.230469 0.316016
0 0.553516 0.914062 0.0570313 0.170313
0 0.344141 0.685938 0.485156 0.578125
0 0.710938 0.323828 0.0929688 0.0882813
0 0.201563 0.0870117 0.071875 0.174023
0 0.212695 0.158594 0.121094 0.312109
0 0.249561 0.882031 0.271191 0.1375
0 0.430469 0.593652 0.698438 0.781445
0 0.26333 0.522656 0.184277 0.209375
0 0.545313 0.896094 0.0765625 0.207813
0 0.239648 0.775 0.257812 0.307813
0 0.692969 0.316016 0.0765625 0.0664062
0 0.709375 0.657031 0.105469 0.117188
0 0.749219 0.387109 0.0421875 0.189844
0 0.523438 0.923047 0.107813 0.153906
0 0.670313 0.315625 0.0296875 0.0585938
0 0.195361 0.101733 0.121777 0.195752
0 0.218945 0.508203 0.100781 0.189063
0 0.557813 0.905469 0.0453125 0.146875
0 0.541406 0.876758 0.0953125 0.240234
0 0.20083 0.796875 0.178027 0.251563
0 0.698438 0.352734 0.135937 0.150781
0 0.70625 0.322266 0.120313 0.153906
0 0.210352 0.129688 0.0980469 0.249219
0 0.704688 0.314063 0.090625 0.075
0 0.203125 0.0732422 0.053125 0.138281
0 0.203516 0.0441528 0.05 0.0831787
0 0.218701 0.439063 0.296973 0.878125
0 0.550781 0.941406 0.0523438 0.117188
0 0.537891 0.846289 0.116406 0.307422
0 0.17168 0.0808594 0.111328 0.153906
0 0.367383 0.926562 0.0519531 0.0625
0 0.330469 0.4375 0.516406 0.875
0 0.323242 0.616797 0.0726563 0.150781
0 0.677734 0.317969 0.178906 0.161719
0 0.676562 0.318945 0.0390625 0.0628906
0 0.16543 0.434375 0.229297 0.86875
0 0.666406 0.311914 0.0390625 0.0660156
0 0.709375 0.291992 0.08125 0.124609
0 0.539844 0.924219 0.078125 0.151562
0 0.715234 0.292969 0.103125 0.220313
0 0.156836 0.104517 0.159375 0.197217
0 0.751563 0.408984 0.0359375 0.189063
0 0.717188 0.673828 0.0875 0.0757812
0 0.520312 0.880469 0.132812 0.235938
0 0.747656 0.382422 0.0390625 0.127344
0 0.717188 0.319531 0.0664062 0.0820312
0 0.708594 0.468848 0.145313 0.42793
0 0.553125 0.959375 0.04375 0.08125
0 0.503125 0.919922 0.145313 0.160156
0 0.222266 0.838281 0.216016 0.178125
0 0.745313 0.347461 0.0414063 0.106641
0 0.138184 0.090625 0.180664 0.167969
0 0.323828 0.903125 0.130469 0.115625
0 0.561328 0.90625 0.0351562 0.125
0 0.470996 0.942187 0.206445 0.115625
0 0.221875 0.0900391 0.101562 0.172266
0 0.242383 0.446875 0.0917969 0.0851563
0 0.74375 0.3625 0.0421875 0.154688
0 0.417578 0.403906 0.817969 0.807813
0 0.240234 0.552344 0.139453 0.278125
0 0.374219 0.923438 0.0335938 0.0640625
0 0.750391 0.442969 0.0507812 0.377344
0 0.449609 0.965625 0.261719 0.06875
0 0.214648 0.478906 0.0929688 0.134375
0 0.228906 0.510938 0.0992187 0.232031
0 0.331836 0.626172 0.0648438 0.135156
0 0.732813 0.330078 0.0515625 0.0976562
0 0.664453 0.352539 0.208594 0.148828
0 0.191797 0.0719727 0.0699219 0.137109
0 0.209375 0.0395996 0.0375 0.0698242
0 0.435254 0.950781 0.287305 0.0984375
0 0.353516 0.927344 0.075 0.0671875
0 0.452441 0.495215 0.654492 0.489258
0 0.1625 0.875 0.100781 0.096875
0 0.3625 0.921875 0.0539063 0.08125
0 0.236328 0.449609 0.0476562 0.0695313
0 0.225391 0.541406 0.0917969 0.166406
0 0.315234 0.607031 0.0710938 0.126563
0 0.178906 0.864062 0.128125 0.117188
0 0.673828 0.322266 0.0304688 0.0546875
0 0.205469 0.867969 0.182812 0.115625
0 0.215039 0.462109 0.0855469 0.103906
0 0.391797 0.421484 0.783594 0.560156
0 0.217969 0.485938 0.0871094 0.185938
0 0.746094 0.361523 0.0375 0.100391
0 0.233984 0.558984 0.0914062 0.125781
0 0.696484 0.303516 0.0921875 0.0976562
0 0.465234 0.977344 0.239844 0.0453125
0 0.492188 0.881055 0.175 0.234766
0 0.257031 0.37168 0.372656 0.743359
0 0.171875 0.888281 0.116797 0.0578125
0 0.746484 0.347852 0.0585938 0.139453
0 0.661719 0.304102 0.225 0.307422
0 0.40459 0.970313 0.417383 0.059375
0 0.539062 0.964063 0.075 0.071875
0 0.558594 0.88125 0.0421875 0.15625
0 0.730078 0.318359 0.0367188 0.0742188
0 0.680469 0.283398 0.16875 0.225391
0 0.700781 0.269727 0.129688 0.258203
0 0.378223 0.543652 0.145117 0.364258
0 0.186133 0.752344 0.155859 0.345313
0 0.255859 0.60625 0.178125 0.392188
0 0.332422 0.926562 0.115625 0.071875
0 0.644922 0.439063 0.257031 0.373437
0 0.303516 0.729688 0.389844 0.45625
0 0.15498 0.0532715 0.156445 0.093457
0 0.70625 0.671875 0.117188 0.0875
0 0.753906 0.441504 0.040625 0.218555
0 0.226172 0.455469 0.065625 0.0875
0 0.449316 0.988281 0.293555 0.0234375
0 0.243359 0.45625 0.046875 0.0671875
0 0.138477 0.131836 0.187109 0.25625
0 0.693359 0.380078 0.164844 0.207813
0 0.722266 0.316211 0.0546875 0.0996094
0 0.592578 0.729297 0.0195312 0.0328125
0 0.180811 0.820508 0.134473 0.208984
0 0.314844 0.582422 0.0539063 0.0734375
0 0.139063 0.257617 0.242578 0.515234
0 0.65625 0.313672 0.0609375 0.0648438
0 0.159961 0.857813 0.0996094 0.132812
0 0.136523 0.0844727 0.259766 0.168945
0 0.711719 0.635547 0.108594 0.163281
0 0.152734 0.882812 0.0789063 0.0765625
0 0.254639 0.45 0.171973 0.2375
0 0.240186 0.682422 0.260254 0.530469
0 0.716406 0.338867 0.103125 0.124609
0 0.551562 0.928516 0.0625 0.142969
0 0.717969 0.399219 0.109375 0.25
0 0.716406 0.364063 0.10625 0.176563
0 0.266846 0.567187 0.195996 0.298438
0 0.19707 0.0851563 0.0804688 0.161914
0 0.711719 0.323828 0.0960938 0.0878906
0 0.545313 0.923438 0.08125 0.153125
0 0.441016 0.602441 0.675781 0.776367
0 0.706641 0.671094 0.115625 0.1
0 0.738281 0.342383 0.0578125 0.116797
0 0.183252 0.164746 0.175684 0.329492
0 0.526563 0.924219 0.109375 0.151562
0 0.685156 0.480469 0.184375 0.4125
0 0.346875 0.684375 0.485938 0.58125
0 0.742969 0.412402 0.065625 0.275195
0 0.208594 0.169922 0.132031 0.338281
0 0.717969 0.675 0.090625 0.0796875
0 0.553906 0.898438 0.0695313 0.203125
0 0.699219 0.316602 0.084375 0.06875
0 0.174805 0.0849609 0.117578 0.162891
0 0.201367 0.435156 0.253906 0.870313
0 0.218359 0.508594 0.101172 0.1875
0 0.672266 0.316016 0.0296875 0.0617188
0 0.559766 0.926562 0.0484375 0.140625
0 0.236328 0.17207 0.127344 0.342578
0 0.707812 0.30957 0.0859375 0.0925781
0 0.248486 0.518359 0.156152 0.198437
0 0.539062 0.879883 0.109375 0.240234
0 0.252734 0.815625 0.282813 0.267188
0 0.721094 0.482031 0.123438 0.419531
0 0.306641 0.428125 0.446875 0.85625
0 0.551953 0.864844 0.0929688 0.26875
0 0.71875 0.689844 0.08125 0.0515625
0 0.425781 0.428906 0.680469 0.857813
0 0.164941 0.233594 0.198242 0.467187
0 0.367188 0.927344 0.0546875 0.0625
0 0.707031 0.289648 0.0859375 0.131641
0 0.245312 0.739453 0.250781 0.380469
0 0.545313 0.938672 0.0664062 0.122656
0 0.165625 0.376172 0.2 0.752344
0 0.203906 0.0779297 0.0542969 0.148438
0 0.321875 0.617969 0.0734375 0.15
0 0.753906 0.39375 0.0328125 0.141406
0 0.688672 0.323047 0.160938 0.150781
0 0.208984 0.0414063 0.0476562 0.078125
0 0.668359 0.311328 0.0398437 0.0734375
0 0.716406 0.300781 0.107813 0.196875
0 0.380469 0.547266 0.146875 0.375781
0 0.75 0.381152 0.0398437 0.12832
0 0.553125 0.961719 0.046875 0.0765625
0 0.233984 0.563281 0.09375 0.132812
0 0.746875 0.345703 0.04375 0.105469
0 0.159961 0.0993164 0.154297 0.188477
0 0.705078 0.682031 0.110156 0.0640625
0 0.251172 0.431641 0.275781 0.858594
0 0.209717 0.797656 0.196973 0.264062
0 0.252002 0.875 0.274902 0.15
0 0.21582 0.478516 0.0949219 0.132031
0 0.145313 0.179492 0.232031 0.356641
0 0.500781 0.909375 0.154688 0.18125
0 0.217969 0.0883789 0.102344 0.170117
0 0.676953 0.321094 0.0335938 0.0585938
0 0.225195 0.544531 0.0933594 0.160938
0 0.700781 0.695312 0.0421875 0.0390625
0 0.241016 0.440234 0.105469 0.0960938
0 0.697656 0.301953 0.0921875 0.107031
0 0.331445 0.625781 0.0664062 0.1375
0 0.374609 0.924219 0.0375 0.0640625
0 0.519531 0.859766 0.154688 0.280469
0 0.351562 0.928125 0.084375 0.06875
0 0.224219 0.134082 0.105859 0.261523
0 0.164062 0.129297 0.178516 0.253906
0 0.697266 0.700781 0.0429688 0.0453125
0 0.226953 0.510156 0.100781 0.229687
0 0.749219 0.365234 0.0390625 0.0882813
0 0.732813 0.330078 0.05625 0.0992187
0 0.748828 0.426465 0.0539063 0.351758
0 0.233203 0.55 0.128125 0.26875
0 0.232031 0.453125 0.059375 0.0734375
0 0.747656 0.345313 0.0578125 0.129688
0 0.242188 0.455078 0.0578125 0.065625
0 0.546875 0.965625 0.0609375 0.06875
0 0.553906 0.905469 0.0546875 0.1375
0 0.663281 0.346875 0.2125 0.140625
0 0.321875 0.90625 0.139844 0.10625
0 0.7125 0.654688 0.103125 0.13125
0 0.446094 0.438281 0.034375 0.0578125
0 0.14043 0.0825928 0.183984 0.153955
0 0.451172 0.446094 0.03125 0.0546875
0 0.33125 0.926562 0.126563 0.0703125
0 0.314648 0.604688 0.0699219 0.11875
0 0.704688 0.272461 0.128125 0.244141
0 0.241602 0.446094 0.0734375 0.0734375
0 0.172656 0.883594 0.119141 0.053125
0 0.494531 0.88125 0.183594 0.2375
0 0.443066 0.439063 0.68418 0.559375
0 0.594141 0.729297 0.0195312 0.0328125
0 0.172754 0.864062 0.125977 0.13125
0 0.201172 0.0524902 0.0570313 0.10127
0 0.214062 0.0338867 0.0375 0.0598633
0 0.219922 0.460938 0.084375 0.0953125
0 0.205811 0.185742 0.257129 0.371484
0 0.366016 0.923438 0.0757812 0.0875
0 0.679297 0.672266 0.0523438 0.0484375
0 0.475684 0.93125 0.204883 0.1375
0 0.230859 0.251953 0.0667969 0.108594
0 0.685547 0.68125 0.0601563 0.0671875
0 0.466016 0.533496 0.625781 0.554883
0 0.745313 0.382129 0.0476562 0.15293
0 0.31543 0.58125 0.0519531 0.06875
0 0.675 0.304492 0.0453125 0.0929688
0 0.171973 0.879687 0.120508 0.090625
0 0.256641 0.563672 0.141406 0.135937
0 0.704688 0.239063 0.03125 0.0757812
0 0.193018 0.0601563 0.0741211 0.117578
0 0.456348 0.964453 0.249805 0.0710938
0 0.404297 0.971094 0.116406 0.0578125
0 0.564844 0.878125 0.0875 0.24375
0 0.241992 0.452344 0.0425781 0.0640625
0 0.532813 0.946875 0.090625 0.10625
0 0.239111 0.879687 0.153809 0.078125
0 0.247461 0.476562 0.157031 0.142188
0 0.255859 0.446875 0.178125 0.221094
0 0.389844 0.347656 0.779688 0.695312
0 0.524219 0.960938 0.10625 0.078125
0 0.253857 0.608984 0.177441 0.396094
0 0.649219 0.494531 0.257812 0.446875
0 0.69375 0.665234 0.08125 0.0445313
0 0.671094 0.615625 0.207813 0.6875
0 0.207422 0.0910156 0.0640625 0.182031
0 0.261279 0.899219 0.262598 0.107813
0 0.751953 0.511719 0.0367188 0.0875
0 0.667578 0.663281 0.025 0.034375
0 0.475 0.903125 0.210156 0.19375
0 0.306641 0.591406 0.06875 0.075
0 0.697656 0.376953 0.148438 0.204688
0 0.729297 0.672656 0.0632813 0.084375
0 0.733594 0.3125 0.132812 0.178125
0 0.335547 0.638281 0.0570313 0.109375
0 0.383691 0.434766 0.473242 0.796094
0 0.216016 0.0212402 0.0257812 0.0316406
0 0.202539 0.538281 0.0734375 0.167187
0 0.318359 0.661719 0.432031 0.614062
0 0.237695 0.655859 0.266406 0.594531
0 0.241064 0.741797 0.264746 0.397656
0 0.550781 0.928906 0.0625 0.142188
0 0.718359 0.3375 0.1 0.128906
0 0.427734 0.673828 0.619531 0.652344
0 0.707422 0.676562 0.111719 0.08125
0 0.710547 0.355859 0.117969 0.166406
0 0.525781 0.925 0.104688 0.15
0 0.664844 0.341211 0.202344 0.139453
0 0.663281 0.483984 0.215625 0.430469
0 0.183154 0.0878906 0.0883789 0.167578
0 0.730469 0.341797 0.0734375 0.120313
0 0.708594 0.657422 0.110937 0.121875
0 0.69375 0.330859 0.14375 0.141406
0 0.238672 0.563281 0.113281 0.1375
0 0.723828 0.371484 0.09375 0.195312
0 0.705469 0.3125 0.0890625 0.0785156
0 0.71875 0.678125 0.0875 0.071875
0 0.164648 0.0956055 0.120703 0.18418
0 0.383594 0.551172 0.15625 0.391406
0 0.176172 0.890625 0.127344 0.075
0 0.552344 0.9625 0.046875 0.075
0 0.557031 0.917969 0.0515625 0.134375
0 0.658203 0.364844 0.219531 0.19375
0 0.742188 0.343359 0.053125 0.110156
0 0.710938 0.326562 0.1 0.1
0 0.230811 0.515625 0.119629 0.2
0 0.198779 0.0816406 0.0711914 0.163281
0 0.281836 0.484766 0.225391 0.270313
0 0.253516 0.836133 0.285156 0.233984
0 0.701563 0.288086 0.090625 0.133203
0 0.183252 0.185449 0.174902 0.370898
0 0.170898 0.117383 0.141797 0.233984
0 0.502344 0.926172 0.147656 0.147656
0 0.204102 0.0437988 0.0507812 0.0831055
0 0.205811 0.157715 0.135254 0.314648
0 0.721094 0.403516 0.103906 0.291406
0 0.328516 0.926562 0.135156 0.0703125
0 0.363281 0.928125 0.0601563 0.065625
0 0.655469 0.316406 0.223438 0.139844
0 0.708594 0.386719 0.128906 0.24375
0 0.737109 0.40625 0.0742188 0.290625
0 0.162305 0.884375 0.0980469 0.078125
0 0.546094 0.948047 0.0609375 0.103906
0 0.203125 0.0630371 0.0539063 0.119629
0 0.532031 0.897266 0.110937 0.205469
0 0.189502 0.0754883 0.0709961 0.145117
0 0.653125 0.411035 0.234375 0.282617
0 0.671484 0.301563 0.191406 0.190625
0 0.255859 0.569531 0.157813 0.129688
0 0.203076 0.23125 0.161035 0.4625
0 0.173438 0.884375 0.122656 0.0546875
0 0.530859 0.861523 0.123438 0.276953
0 0.710156 0.685938 0.0953125 0.0578125
0 0.557031 0.493066 0.426563 0.457617
0 0.698047 0.677344 0.0898438 0.0578125
0 0.288477 0.53916 0.234766 0.373242
0 0.544531 0.915625 0.06875 0.139063
0 0.713672 0.690234 0.0742188 0.053125
0 0.235352 0.192578 0.173828 0.385156
0 0.174023 0.870313 0.126953 0.115625
0 0.698438 0.304102 0.135937 0.193359
0 0.264844 0.567969 0.194531 0.316406
0 0.530078 0.946484 0.0953125 0.107031
0 0.753906 0.395703 0.034375 0.123438
0 0.701563 0.695312 0.0453125 0.0398437
0 0.696875 0.699219 0.0453125 0.05
0 0.335938 0.795313 0.458594 0.3375
0 0.521484 0.960938 0.111719 0.078125
0 0.750781 0.380371 0.0390625 0.10957
0 0.138086 0.109375 0.180469 0.206641
0 0.226953 0.552344 0.0945313 0.139063
0 0.326172 0.621875 0.0757812 0.145313
0 0.240625 0.890625 0.16875 0.090625
0 0.744141 0.35625 0.0429688 0.107813
0 0.486328 0.523438 0.571094 0.503125
0 0.715625 0.282031 0.107813 0.229687
0 0.4125 0.351758 0.728125 0.518359
0 0.323047 0.383984 0.428125 0.767969
0 0.689844 0.314063 0.065625 0.0652344
0 0.214258 0.507812 0.0941406 0.190625
0 0.545313 0.844336 0.1 0.311328
0 0.486328 0.885938 0.184375 0.228125
0 0.473828 0.929688 0.207031 0.140625
0 0.385156 0.429004 0.157031 0.145117
0 0.357812 0.372266 0.0351562 0.0414063
0 0.685156 0.683594 0.0609375 0.06875
0 0.433691 0.344336 0.656055 0.688672
0 0.213477 0.0356445 0.0390625 0.0641602
0 0.69375 0.696875 0.0375 0.0421875
0 0.3625 0.52959 0.11875 0.351758
0 0.347461 0.930469 0.0910156 0.0609375
0 0.2 0.883594 0.122656 0.078125
0 0.250977 0.88125 0.273047 0.139063
0 0.364844 0.372656 0.0453125 0.0414063
0 0.450391 0.456934 0.635938 0.486133
0 0.40459 0.975 0.12207 0.05
0 0.561719 0.911719 0.0429688 0.110937
0 0.367969 0.929688 0.09375 0.1
0 0.219922 0.589063 0.0625 0.075
0 0.319727 0.904688 0.141016 0.109375
0 0.212695 0.879687 0.119141 0.053125
0 0.328516 0.46875 0.05 0.129688
0 0.376563 0.45459 0.139844 0.19707
0 0.216016 0.577344 0.05625 0.0765625
0 0.679688 0.675781 0.05 0.0546875
0 0.711328 0.28125 0.0640625 0.135156
0 0.335742 0.568359 0.187891 0.433594
0 0.181689 0.883594 0.100684 0.04375
0 0.229883 0.571094 0.0863281 0.101562
0 0.68125 0.273389 0.164062 0.221191
0 0.373437 0.925 0.040625 0.065625
0 0.422266 0.96875 0.136719 0.0625
0 0.666406 0.313477 0.0515625 0.071875
0 0.748438 0.357227 0.040625 0.0800781
0 0.160742 0.859375 0.103906 0.134375
0 0.177539 0.871875 0.158203 0.096875
0 0.747266 0.657813 0.03125 0.053125
0 0.198242 0.882812 0.0777344 0.04375
0 0.351953 0.37207 0.0367188 0.0488281
0 0.734375 0.669531 0.053125 0.0828125
0 0.382812 0.20542 0.765625 0.398535
0 0.150195 0.163867 0.213281 0.318359
0 0.667188 0.664844 0.0265625 0.0359375
0 0.746094 0.441797 0.0578125 0.394531
0 0.748438 0.342773 0.059375 0.127734
0 0.655469 0.277734 0.225 0.188672
0 0.315234 0.509375 0.3 0.307813
0 0.454297 0.435254 0.647656 0.304492
0 0.213672 0.0391113 0.0625 0.074707
0 0.260498 0.791992 0.298535 0.319141
0 0.384375 0.277344 0.76875 0.554688
0 0.217578 0.585938 0.05 0.0578125
0 0.714844 0.311719 0.065625 0.0863281
0 0.341016 0.443066 0.0710938 0.198242
0 0.365039 0.433203 0.113672 0.155469
0 0.150391 0.894531 0.0710938 0.053125
0 0.50625 0.973437 0.153125 0.053125
0 0.212695 0.0921875 0.119141 0.178906
0 0.411035 0.870313 0.388867 0.226562
0 0.301367 0.644922 0.288672 0.588281
0 0.59375 0.730078 0.021875 0.034375
0 0.3625 0.381152 0.0617188 0.0595703
0 0.306055 0.458594 0.278516 0.217188
0 0.74375 0.369531 0.046875 0.15625
0 0.725 0.658203 0.075 0.107031
0 0.699219 0.663281 0.09375 0.0765625
0 0.553125 0.896875 0.05625 0.121875
0 0.738672 0.657422 0.04375 0.065625
0 0.373633 0.383691 0.0714844 0.0623047
0 0.317773 0.876563 0.154297 0.1375
0 0.173535 0.0650879 0.114258 0.127637
0 0.751563 0.507812 0.0390625 0.0859375
0 0.188086 0.10498 0.0695313 0.175195
0 0.330664 0.489844 0.0496094 0.109375
0 0.216016 0.021167 0.0273438 0.0331543
0 0.558203 0.965625 0.0359375 0.065625
0 0.661719 0.609766 0.215625 0.672656
0 0.558594 0.955078 0.053125 0.0898438
0 0.214014 0.801758 0.20791 0.255859
0 0.21167 0.533594 0.0860352 0.178125
0 0.196875 0.132129 0.264062 0.257617
0 0.24043 0.441406 0.104297 0.0890625
0 0.343945 0.378223 0.0628906 0.0669922
0 0.676953 0.318555 0.0390625 0.0644531
0 0.383496 0.482129 0.154883 0.254492
0 0.233398 0.657813 0.274219 0.570312
0 0.715625 0.337695 0.1 0.121484
0 0.551953 0.925 0.059375 0.146875
0 0.244092 0.728906 0.268848 0.426563
0 0.271875 0.707031 0.338281 0.495313
0 0.728516 0.342578 0.0789063 0.113281
0 0.716797 0.3625 0.105469 0.175781
0 0.187939 0.0851563 0.0795898 0.161719
0 0.528906 0.925781 0.0984375 0.148438
0 0.175391 0.892188 0.120703 0.071875
0 0.741797 0.342578 0.0539063 0.110156
0 0.552344 0.960938 0.0476562 0.078125
0 0.55 0.945312 0.0546875 0.109375
0 0.558594 0.926562 0.05 0.128125
0 0.705469 0.314453 0.0859375 0.0765625
0 0.341797 0.674609 0.484375 0.592969
0 0.709375 0.326562 0.0984375 0.0921875
0 0.158008 0.087793 0.138281 0.166016
0 0.253125 0.83418 0.28125 0.231641
0 0.378125 0.556641 0.139844 0.401563
0 0.658594 0.341211 0.217188 0.135547
0 0.206641 0.0412109 0.0507812 0.0773438
0 0.162109 0.88125 0.096875 0.0859375
0 0.705469 0.675 0.114063 0.090625
0 0.171875 0.884375 0.114844 0.05
0 0.697656 0.338672 0.134375 0.132812
0 0.425098 0.63291 0.718555 0.72168
0 0.724219 0.385254 0.0976562 0.229492
0 0.19917 0.0800781 0.0719727 0.160156
0 0.561719 0.929688 0.0640625 0.140625
0 0.202539 0.0525391 0.0550781 0.0988281
0 0.174023 0.875 0.122656 0.10625
0 0.313477 0.772266 0.414453 0.371094
0 0.748438 0.354688 0.0421875 0.0851563
0 0.507812 0.926562 0.135937 0.146875
0 0.212305 0.172461 0.117188 0.344922
0 0.238477 0.566406 0.100781 0.126563
0 0.738672 0.422266 0.071875 0.310156
0 0.75 0.343359 0.05625 0.121094
0 0.193359 0.155859 0.0933594 0.310937
0 0.542188 0.9 0.0921875 0.2
0 0.751563 0.377734 0.0375 0.0992187
0 0.554297 0.890625 0.0742188 0.21875
0 0.542578 0.868359 0.100781 0.263281
0 0.172363 0.85625 0.128711 0.146875
0 0.155957 0.889063 0.0826172 0.065625
0 0.23418 0.197461 0.154297 0.394922
0 0.208789 0.232617 0.119531 0.465234
0 0.532422 0.944531 0.0898438 0.110937
0 0.675 0.314844 0.0367188 0.065625
0 0.267969 0.588672 0.1875 0.341406
0 0.367578 0.927344 0.0515625 0.065625
0 0.657813 0.462891 0.229687 0.380469
0 0.713281 0.400391 0.115625 0.270313
0 0.754297 0.392285 0.0320312 0.126367
0 0.558203 0.965625 0.0351562 0.065625
0 0.160742 0.864062 0.0992187 0.121875
0 0.316797 0.878125 0.125781 0.140625
0 0.378223 0.925 0.0310547 0.0625
0 0.175586 0.124316 0.10625 0.247461
0 0.250781 0.88125 0.271875 0.1375
0 0.201563 0.884375 0.053125 0.040625
0 0.715625 0.692969 0.0765625 0.046875
0 0.477344 0.925781 0.2 0.148438
0 0.744141 0.355859 0.04375 0.107813
0 0.327734 0.622656 0.075 0.142188
0 0.230078 0.515625 0.107031 0.189063
0 0.190039 0.0553711 0.0753906 0.105859
0 0.522656 0.901563 0.123438 0.196875
0 0.213867 0.791992 0.204297 0.269141
0 0.202148 0.884375 0.101953 0.075
0 0.2125 0.88125 0.0710938 0.046875
0 0.189844 0.192578 0.130469 0.385156
0 0.239404 0.8875 0.138379 0.0765625
0 0.28125 0.9 0.05 0.075
0 0.699219 0.696875 0.040625 0.040625
0 0.705859 0.682813 0.104688 0.059375
0 0.667578 0.314063 0.0421875 0.0722656
0 0.211719 0.882812 0.0460938 0.040625
0 0.135059 0.0954102 0.185352 0.179492
0 0.696094 0.701172 0.0429688 0.0507812
0 0.354688 0.554785 0.119531 0.399805
0 0.557031 0.840039 0.0828125 0.319922
0 0.218359 0.876563 0.0851563 0.05625
0 0.685938 0.368359 0.163281 0.191406
0 0.524219 0.957812 0.10625 0.084375
0 0.174316 0.0634766 0.10918 0.12207
0 0.747656 0.487598 0.0546875 0.50918
0 0.717578 0.68125 0.0875 0.06875
0 0.696875 0.306055 0.0875 0.0890625
0 0.365234 0.489453 0.114844 0.26875
0 0.685156 0.678125 0.0609375 0.0546875
0 0.329688 0.471094 0.0523438 0.13125
0 0.256641 0.898438 0.11875 0.090625
0 0.354297 0.926562 0.0796875 0.0703125
0 0.156445 0.117676 0.143359 0.231836
0 0.258984 0.572656 0.142969 0.132812
0 0.403516 0.971094 0.117969 0.0578125
0 0.708594 0.653906 0.107813 0.128125
0 0.334766 0.926562 0.125 0.0796875
0 0.324414 0.895312 0.132422 0.128125
0 0.218701 0.104297 0.128223 0.20625
0 0.49375 0.895312 0.16875 0.209375
0 0.443359 0.346484 0.658594 0.669531
0 0.475879 0.490625 0.593555 0.436719
0 0.229297 0.551953 0.0890625 0.1375
0 0.516016 0.967188 0.122656 0.065625
0 0.683594 0.303711 0.170313 0.200391
0 0.221289 0.867969 0.140625 0.0828125
0 0.565625 0.866406 0.0890625 0.267188
0 0.270508 0.490527 0.185938 0.23457
0 0.183789 0.876563 0.149219 0.075
0 0.1625 0.177148 0.154688 0.354297
0 0.564844 0.895312 0.034375 0.0875
0 0.700781 0.452734 0.15 0.358594
0 0.558594 0.901563 0.0453125 0.114063
0 0.287891 0.546191 0.215625 0.385742
0 0.187695 0.153809 0.242188 0.30332
0 0.355469 0.448047 0.0960938 0.184375
0 0.547656 0.473438 0.44375 0.40625
0 0.699609 0.283789 0.0851563 0.145703
0 0.201563 0.826367 0.174219 0.200391
0 0.216406 0.576563 0.0523438 0.075
0 0.717969 0.289062 0.103125 0.235938
0 0.220264 0.886719 0.136035 0.0984375
0 0.759375 0.34043 0.0734375 0.137109
0 0.183203 0.829492 0.141016 0.166016
0 0.436719 0.219531 0.642969 0.429688
0 0.707031 0.310352 0.121875 0.194922
0 0.375 0.457422 0.132812 0.202344
0 0.191797 0.0432129 0.06875 0.0780273
0 0.54375 0.904688 0.06875 0.128125
0 0.367969 0.929688 0.0773438 0.1
0 0.341016 0.444434 0.0695313 0.195508
0 0.559375 0.957812 0.0515625 0.084375
0 0.721484 0.461816 0.102344 0.413867
0 0.22793 0.571875 0.0734375 0.0921875
0 0.242188 0.444531 0.078125 0.0765625
0 0.33457 0.634375 0.0605469 0.117188
0 0.376953 0.860156 0.396094 0.267188
0 0.188721 0.101758 0.0670898 0.15625
0 0.566406 0.925 0.0859375 0.15
0 0.207373 0.875 0.115723 0.06875
0 0.355859 0.373242 0.0304688 0.0394531
0 0.667969 0.669531 0.0257812 0.0375
0 0.215234 0.0221191 0.0285156 0.0333984
0 0.232031 0.447656 0.053125 0.0703125
0 0.124414 0.158301 0.247656 0.300977
0 0.189453 0.882031 0.0992187 0.0484375
0 0.696875 0.324609 0.078125 0.0796875
0 0.330859 0.572656 0.163281 0.448438
0 0.416797 0.977344 0.135937 0.0453125
0 0.228125 0.592578 0.111719 0.353906
0 0.664844 0.567871 0.204688 0.586133
0 0.244531 0.455859 0.0679687 0.075
0 0.24082 0.452344 0.0402344 0.0640625
0 0.396484 0.914062 0.354688 0.1625
0 0.323828 0.398438 0.376563 0.796875
0 0.334375 0.499219 0.0539063 0.110937
0 0.242773 0.440625 0.100781 0.107031
0 0.211523 0.526563 0.0792969 0.198437
0 0.198828 0.854688 0.146875 0.1125
0 0.22207 0.034375 0.0453125 0.0613281
0 0.139453 0.084082 0.2625 0.165039
0 0.447656 0.917969 0.2625 0.164062
0 0.653906 0.385156 0.232813 0.221094
0 0.386719 0.546094 0.040625 0.0640625
0 0.385547 0.592969 0.053125 0.1625
0 0.219531 0.592969 0.0570313 0.0703125
0 0.214844 0.461328 0.0726563 0.0890625
0 0.147852 0.883594 0.0699219 0.078125
0 0.306592 0.493652 0.266504 0.28457
0 0.293359 0.898438 0.065625 0.084375
0 0.507031 0.973437 0.154688 0.053125
0 0.680078 0.407715 0.180469 0.283008
0 0.217383 0.492188 0.0824219 0.185938
0 0.215039 0.477734 0.0769531 0.123438
0 0.705859 0.236328 0.0296875 0.0640625
0 0.243164 0.892969 0.159375 0.114063
0 0.23125 0.658203 0.274609 0.588281
0 0.719922 0.340234 0.103906 0.115625
0 0.303125 0.685938 0.4 0.548438
0 0.717188 0.363867 0.107031 0.176953
0 0.71875 0.41084 0.109375 0.275195
0 0.549219 0.926562 0.0648438 0.146875
0 0.735156 0.34375 0.0671875 0.116406
0 0.350391 0.676953 0.505469 0.630469
0 0.557031 0.930469 0.059375 0.139063
0 0.435059 0.644531 0.683008 0.701563
0 0.176611 0.89375 0.121777 0.078125
0 0.548047 0.946094 0.0601563 0.107813
0 0.554688 0.881641 0.0703125 0.236719
0 0.745313 0.417578 0.0640625 0.290625
0 0.546094 0.901563 0.084375 0.196875
0 0.241846 0.724609 0.266309 0.435156
0 0.252148 0.833008 0.281641 0.237109
0 0.529688 0.921094 0.101562 0.157813
0 0.378125 0.555566 0.142188 0.401367
0 0.654688 0.476953 0.24375 0.408594
0 0.548828 0.86582 0.102344 0.268359
0 0.699609 0.347461 0.130469 0.145703
0 0.551172 0.954688 0.0515625 0.090625
0 0.745313 0.344141 0.0484375 0.111719
0 0.190234 0.0852051 0.0722656 0.17041
0 0.268555 0.582031 0.187891 0.332031
0 0.326562 0.623047 0.0804688 0.140625
0 0.704688 0.316016 0.0875 0.08125
0 0.172266 0.8875 0.114453 0.05625
0 0.20293 0.0420898 0.0488281 0.0791016
0 0.55625 0.907813 0.0515625 0.13125
0 0.163281 0.880469 0.100781 0.090625
0 0.564844 0.867969 0.08125 0.264062
0 0.732031 0.380859 0.0921875 0.211719
0 0.507031 0.921875 0.140625 0.15625
0 0.239453 0.566016 0.104688 0.125
0 0.174316 0.876563 0.123242 0.1125
0 0.22168 0.514063 0.09375 0.196875
0 0.17334 0.0834961 0.108398 0.158398
0 0.708594 0.326953 0.1 0.0953125
0 0.660547 0.346875 0.214844 0.145313
0 0.748047 0.490625 0.0554687 0.514063
0 0.542188 0.914844 0.0734375 0.148438
0 0.15332 0.0951172 0.144531 0.182031
0 0.663672 0.563281 0.214844 0.585938
0 0.552734 0.964063 0.0453125 0.071875
0 0.680078 0.329492 0.175 0.155078
0 0.553516 0.471094 0.442188 0.4
0 0.691797 0.373633 0.15625 0.201172
0 0.250195 0.875 0.273047 0.153125
0 0.75 0.377344 0.04375 0.132812
0 0.378516 0.925 0.028125 0.0625
0 0.527344 0.880078 0.13125 0.239844
0 0.707812 0.674219 0.110937 0.09375
0 0.199023 0.099707 0.0917969 0.194336
0 0.205908 0.884375 0.0920898 0.084375
0 0.370703 0.921875 0.0476562 0.075
0 0.215625 0.880469 0.0617188 0.0546875
0 0.20957 0.0397461 0.0375 0.0710938
0 0.706641 0.465234 0.139844 0.386719
0 0.205811 0.789258 0.185254 0.287109
0 0.240576 0.890625 0.131348 0.090625
0 0.198242 0.0595703 0.0582031 0.111719
0 0.672266 0.316016 0.0351562 0.0683594
0 0.684766 0.407813 0.174219 0.286719
0 0.53125 0.94375 0.09375 0.1125
0 0.195117 0.827344 0.160156 0.204688
0 0.214014 0.171094 0.116504 0.342187
0 0.647266 0.634766 0.255469 0.730469
0 0.70625 0.292969 0.0875 0.128125
0 0.160547 0.864062 0.100391 0.126563
0 0.749609 0.354883 0.0476562 0.104297
0 0.258594 0.572266 0.142578 0.130469
0 0.717969 0.308984 0.101562 0.226562
0 0.726562 0.492578 0.096875 0.482031
0 0.2125 0.882812 0.04375 0.0453125
0 0.497656 0.883594 0.174219 0.232813
0 0.567969 0.903125 0.0890625 0.19375
0 0.665625 0.315234 0.0429688 0.0742188
0 0.349414 0.556152 0.130859 0.40332
0 0.478125 0.921875 0.2 0.15625
0 0.156348 0.8875 0.0853516 0.06875
0 0.205859 0.885156 0.04375 0.0421875
0 0.174414 0.843945 0.154297 0.162109
0 0.188672 0.073584 0.0886719 0.138965
0 0.239063 0.88125 0.114844 0.075
0 0.279102 0.9 0.0546875 0.0796875
0 0.202783 0.0819336 0.0655273 0.163867
0 0.192578 0.156055 0.116016 0.312109
0 0.709766 0.649609 0.107813 0.139844
0 0.228125 0.550781 0.0921875 0.138281
0 0.26543 0.483594 0.176563 0.25625
0 0.371094 0.932813 0.0796875 0.109375
0 0.333594 0.633984 0.0625 0.117969
0 0.31875 0.878125 0.134375 0.139063
0 0.264844 0.898438 0.123438 0.10625
0 0.307813 0.484766 0.267969 0.271094
0 0.561719 0.90625 0.040625 0.1125
0 0.464063 0.499609 0.625 0.486719
0 0.705078 0.238281 0.0296875 0.0664062
0 0.218945 0.886719 0.126172 0.107813
0 0.131055 0.0871094 0.191406 0.162109
0 0.243164 0.45625 0.0644531 0.0765625
0 0.189648 0.0530273 0.0757812 0.101367
0 0.216602 0.234766 0.116797 0.469531
0 0.241406 0.444141 0.0910156 0.0914062
0 0.753125 0.395313 0.0367188 0.153906
0 0.168555 0.118359 0.132422 0.236328
0 0.355859 0.373047 0.028125 0.0390625
0 0.717578 0.691406 0.08125 0.0492188
0 0.442969 0.440625 0.0359375 0.0578125
0 0.717969 0.68125 0.0890625 0.065625
0 0.685156 0.297656 0.164062 0.222656
0 0.214844 0.0378784 0.0546875 0.07229
0 0.758984 0.340625 0.0726563 0.139063
0 0.214453 0.0218994 0.0234375 0.0328613
0 0.402344 0.969531 0.115625 0.0609375
0 0.155957 0.0631836 0.147461 0.118164
0 0.351953 0.926562 0.0835937 0.0734375
0 0.363281 0.496777 0.117969 0.287695
0 0.583594 0.773828 0.0296875 0.0539063
0 0.226758 0.564063 0.108594 0.302344
0 0.241016 0.453906 0.0425781 0.065625
0 0.739844 0.551953 0.0703125 0.513281
0 0.214453 0.576953 0.0507812 0.0742188
0 0.7 0.695312 0.0421875 0.0421875
0 0.23418 0.451953 0.0457031 0.0664062
0 0.696094 0.7 0.0429688 0.0515625
0 0.364063 0.373633 0.0375 0.0394531
0 0.243799 0.892188 0.156934 0.121875
0 0.185547 0.878125 0.153125 0.08125
0 0.33457 0.925781 0.125391 0.0859375
0 0.386035 0.545703 0.0388672 0.0648438
0 0.46875 0.438379 0.615625 0.318555
0 0.695312 0.306641 0.0921875 0.0945313
0 0.285742 0.538281 0.230078 0.373437
0 0.374219 0.861719 0.411719 0.275
0 0.742969 0.372461 0.0484375 0.166016
0 0.679688 0.598437 0.367188 0.803125
0 0.224609 0.574219 0.0695313 0.0875
0 0.232031 0.449609 0.0675781 0.0796875
0 0.179248 0.175195 0.159473 0.350391
0 0.218945 0.592188 0.0582031 0.0765625
0 0.689063 0.322266 0.0632813 0.071875
0 0.546484 0.966406 0.0609375 0.0671875
0 0.214404 0.482422 0.0790039 0.132031
0 0.389844 0.589453 0.0554687 0.158594
0 0.661719 0.398047 0.228125 0.25
0 0.283203 0.767969 0.166406 0.464063
0 0.235107 0.196484 0.144629 0.392969
0 0.523828 0.955469 0.107813 0.0890625
0 0.202393 0.859375 0.17334 0.14375
0 0.571484 0.375781 0.399219 0.389844
0 0.391406 0.54375 0.034375 0.0585938
0 0.376172 0.464063 0.138281 0.219531
0 0.39209 0.905469 0.37207 0.185938
0 0.210547 0.0484375 0.0671875 0.096875
0 0.555859 0.551562 0.436719 0.571875
0 0.349219 0.451953 0.0867188 0.194531
0 0.191797 0.0422363 0.0664062 0.0760742
0 0.239795 0.684375 0.254004 0.553125
0 0.720313 0.338281 0.103125 0.115625
0 0.736719 0.341602 0.0625 0.114453
0 0.548438 0.937109 0.065625 0.125781
0 0.716406 0.373047 0.120313 0.196875
0 0.251611 0.851367 0.276465 0.194141
0 0.357422 0.683594 0.502344 0.585938
0 0.553125 0.921094 0.065625 0.157813
0 0.268799 0.570312 0.19209 0.30625
0 0.719922 0.41709 0.113281 0.295508
0 0.178125 0.892969 0.128125 0.0828125
0 0.746875 0.41875 0.0671875 0.289062
0 0.55625 0.889844 0.071875 0.220313
0 0.551172 0.950781 0.0523438 0.0984375
0 0.465234 0.616797 0.628906 0.749219
0 0.707812 0.317969 0.0875 0.084375
0 0.32832 0.621875 0.0777344 0.1375
0 0.530859 0.922656 0.103906 0.154688
0 0.546094 0.90625 0.0859375 0.1875
0 0.558594 0.924219 0.0515625 0.139063
0 0.252002 0.802344 0.281934 0.289062
0 0.684766 0.460938 0.183594 0.373437
0 0.561719 0.871875 0.0898438 0.25625
0 0.670703 0.31582 0.03125 0.0683594
0 0.54375 0.928906 0.0765625 0.142188
0 0.223047 0.516406 0.1 0.195312
0 0.203711 0.0408203 0.0453125 0.0775391
0 0.713281 0.332813 0.109375 0.15625
0 0.162305 0.879687 0.101172 0.090625
0 0.546875 0.882227 0.0984375 0.235547
0 0.680859 0.316797 0.05 0.0738281
0 0.214014 0.842969 0.196191 0.176563
0 0.374219 0.923438 0.0359375 0.06875
0 0.50625 0.923438 0.145313 0.153125
0 0.70625 0.289844 0.0890625 0.133594
0 0.746875 0.342773 0.0578125 0.119141
0 0.732813 0.385156 0.096875 0.21875
0 0.173828 0.876563 0.123047 0.109375
0 0.715625 0.459766 0.128125 0.375
0 0.233008 0.564844 0.0914062 0.120313
0 0.242969 0.875781 0.253125 0.135937
0 0.687109 0.312891 0.065625 0.0789063
0 0.746094 0.351562 0.0429688 0.0929688
0 0.190039 0.0857422 0.0730469 0.171484
0 0.657813 0.625781 0.267188 0.725
0 0.552734 0.959375 0.0453125 0.078125
0 0.667188 0.310742 0.040625 0.0757812
0 0.748438 0.489941 0.05625 0.507617
0 0.217773 0.492188 0.0871094 0.178125
0 0.369922 0.921875 0.0476562 0.075
0 0.199023 0.0765625 0.0675781 0.153125
0 0.185547 0.178906 0.167187 0.357812
0 0.209766 0.0391602 0.034375 0.0694336
0 0.675781 0.319141 0.0367188 0.0703125
0 0.75 0.373047 0.0429688 0.126563
0 0.527734 0.885938 0.133594 0.228125
0 0.473047 0.475391 0.613281 0.516406
0 0.2125 0.191602 0.119141 0.379297
0 0.202539 0.867969 0.174609 0.125
0 0.375098 0.560547 0.135742 0.402344
0 0.673438 0.547266 0.201563 0.549219
0 0.644531 0.468652 0.264062 0.387695
0 0.150293 0.102832 0.15332 0.195898
0 0.281055 0.772266 0.170313 0.455469
0 0.569531 0.90625 0.0921875 0.1875
0 0.243018 0.889063 0.145215 0.096875
0 0.244727 0.519922 0.140234 0.199219
0 0.536719 0.942969 0.084375 0.114063
0 0.726953 0.496484 0.0960938 0.492969
0 0.166016 0.086499 0.126172 0.163721
0 0.33418 0.63125 0.0609375 0.115625
0 0.188086 0.846094 0.160938 0.148438
0 0.476562 0.907813 0.209375 0.184375
0 0.198633 0.0526489 0.0570313 0.0993896
0 0.707812 0.303125 0.117188 0.227344
0 0.227148 0.548047 0.0945313 0.149219
0 0.148828 0.882812 0.0734375 0.08125
0 0.694531 0.306641 0.0835937 0.0882813
0 0.214844 0.879687 0.0757812 0.059375
0 0.5 0.888281 0.175 0.223438
0 0.730469 0.331055 0.0648438 0.101953
0 0.557031 0.898438 0.05 0.132812
0 0.217969 0.475 0.084375 0.11875
0 0.243555 0.457031 0.05625 0.071875
0 0.255078 0.567969 0.135937 0.129688
0 0.197266 0.0970703 0.0902344 0.183984
0 0.180859 0.100098 0.122266 0.193555
0 0.242383 0.747656 0.252344 0.373437
0 0.203564 0.885156 0.102246 0.0875
0 0.206689 0.796094 0.18584 0.270313
0 0.316406 0.607031 0.0703125 0.110937
0 0.191064 0.0613281 0.0694336 0.116016
0 0.685547 0.633594 0.202344 0.732813
0 0.697266 0.601172 0.372656 0.797656
0 0.698047 0.406934 0.15 0.281445
0 0.231836 0.455859 0.0585938 0.071875
0 0.705469 0.240234 0.028125 0.06875
0 0.242188 0.446875 0.0820312 0.0859375
0 0.44375 0.441016 0.0320312 0.05625
0 0.242578 0.454688 0.0421875 0.065625
0 0.193945 0.823242 0.158594 0.209766
0 0.205664 0.125488 0.105078 0.243555
0 0.345313 0.651563 0.0445313 0.0921875
0 0.17207 0.118945 0.172656 0.233984
0 0.211328 0.882812 0.0476562 0.046875
0 0.263477 0.896094 0.129688 0.10625
0 0.367383 0.925781 0.0691406 0.09375
0 0.215625 0.0373535 0.0515625 0.0720703
0 0.277734 0.898438 0.0625 0.08125
0 0.251172 0.892188 0.1125 0.08125
0 0.6875 0.317969 0.175 0.251563
0 0.742969 0.553125 0.0640625 0.509375
0 0.24375 0.441797 0.096875 0.107813
0 0.345703 0.655859 0.0382813 0.0742188
0 0.694922 0.589453 0.166406 0.646094
0 0.155566 0.0560059 0.149023 0.104004
0 0.176611 0.0689453 0.0991211 0.129297
0 0.220117 0.885938 0.133203 0.10625
0 0.194336 0.884375 0.0722656 0.0453125
0 0.428125 0.428906 0.638281 0.857813
0 0.221094 0.45625 0.0765625 0.0859375
0 0.223633 0.866406 0.149219 0.0953125
0 0.319727 0.876563 0.140234 0.1375
0 0.214062 0.0222412 0.021875 0.0328613
0 0.227002 0.16875 0.118652 0.332031
0 0.208203 0.525781 0.0796875 0.2
0 0.720703 0.31543 0.0625 0.105859
0 0.757812 0.339258 0.0734375 0.129297
0 0.219141 0.590625 0.059375 0.0757812
0 0.475781 0.935156 0.205469 0.129688
0 0.355859 0.926562 0.0734375 0.071875
0 0.305469 0.428125 0.425 0.854688
0 0.22168 0.572266 0.065625 0.0882813
0 0.279346 0.513379 0.219434 0.635742
0 0.384375 0.545313 0.0335938 0.0617188
0 0.213867 0.575781 0.0507812 0.075
0 0.312891 0.587891 0.0523438 0.0734375
0 0.339453 0.65 0.0492188 0.075
0 0.1875 0.876563 0.159375 0.0875
0 0.205518 0.477344 0.0788086 0.107813
0 0.540234 0.821289 0.104688 0.357422
0 0.74375 0.363672 0.0484375 0.145313
0 0.212109 0.0454102 0.0648438 0.0908203
0 0.272461 0.653516 0.202734 0.538281
0 0.535059 0.465723 0.483008 0.448242
0 0.383594 0.866992 0.399219 0.262891
0 0.753906 0.399609 0.034375 0.170313
0 0.542188 0.903125 0.0796875 0.14375
0 0.434766 0.897656 0.302344 0.204688
0 0.307031 0.594922 0.0671875 0.0789063
0 0.560156 0.832422 0.0875 0.335156
0 0.227002 0.4375 0.303809 0.871875
0 0.191992 0.0414551 0.0636719 0.0741211
0 0.243164 0.607813 0.150391 0.395313
0 0.150488 0.157813 0.222461 0.307031
0 0.349023 0.455078 0.0878906 0.185156
0 0.146582 0.0708008 0.152148 0.126953
0 0.707031 0.244336 0.0367188 0.0800781
0 0.303467 0.540234 0.259473 0.4
0 0.305859 0.5875 0.0578125 0.059375
0 0.730469 0.322461 0.0445313 0.0847656
0 0.692969 0.2875 0.0789063 0.140625
0 0.389844 0.544141 0.0320312 0.0570313
0 0.720703 0.396484 0.128906 0.389844
0 0.24043 0.678125 0.255859 0.529688
0 0.719531 0.337891 0.100781 0.115625
0 0.251611 0.852344 0.276465 0.192188
0 0.293359 0.684766 0.359375 0.541406
0 0.552344 0.927344 0.0625 0.145313
0 0.270313 0.558203 0.188281 0.283594
0 0.357812 0.682813 0.496875 0.5875
0 0.733594 0.341797 0.06875 0.115625
0 0.71875 0.409277 0.110937 0.27207
0 0.717188 0.361328 0.10625 0.171094
0 0.709375 0.324219 0.101562 0.0921875
0 0.239063 0.873438 0.246094 0.139063
0 0.532813 0.925781 0.096875 0.148438
0 0.329102 0.621094 0.0765625 0.140625
0 0.233594 0.564063 0.0890625 0.121875
0 0.549219 0.946484 0.059375 0.107031
0 0.213623 0.845508 0.196191 0.174609
0 0.746875 0.418848 0.0671875 0.288867
0 0.374414 0.923438 0.0339844 0.06875
0 0.745313 0.342969 0.0484375 0.110156
0 0.233545 0.814844 0.236816 0.248438
0 0.187891 0.0867188 0.0753906 0.173438
0 0.560156 0.870508 0.0882813 0.258984
0 0.472559 0.629785 0.608008 0.72793
0 0.202734 0.161914 0.132031 0.323828
0 0.233984 0.521875 0.117188 0.20625
0 0.20625 0.86875 0.182031 0.121875
0 0.693359 0.455469 0.166406 0.359375
0 0.255859 0.567578 0.134375 0.125781
0 0.671484 0.318359 0.0289063 0.0640625
0 0.206836 0.136719 0.105078 0.267188
0 0.510156 0.926562 0.139063 0.146875
0 0.319531 0.607422 0.0722656 0.119531
0 0.660937 0.466016 0.229687 0.38125
0 0.689844 0.319141 0.0609375 0.0710938
0 0.65625 0.627246 0.264062 0.718945
0 0.707812 0.313672 0.0859375 0.0871094
0 0.373437 0.558594 0.134375 0.4
0 0.222266 0.498437 0.0953125 0.209375
0 0.204688 0.0416992 0.0445313 0.0798828
0 0.751563 0.371289 0.040625 0.120703
0 0.557813 0.910937 0.0484375 0.125
0 0.368555 0.928125 0.0433594 0.0625
0 0.17583 0.89375 0.128027 0.078125
0 0.682813 0.320312 0.04375 0.0695313
0 0.159766 0.878125 0.0960938 0.09375
0 0.195508 0.105469 0.106641 0.205469
0 0.171875 0.873438 0.11875 0.115625
0 0.720313 0.454004 0.126563 0.35918
0 0.544531 0.8875 0.100781 0.225
0 0.183984 0.135937 0.159766 0.26875
0 0.243945 0.757031 0.246484 0.41875
0 0.221143 0.153711 0.118652 0.301953
0 0.749219 0.493359 0.0546875 0.507812
0 0.280469 0.770703 0.170313 0.458594
0 0.708594 0.337109 0.117188 0.142188
0 0.567578 0.921484 0.0890625 0.157031
0 0.553906 0.95625 0.0445313 0.0875
0 0.525781 0.892188 0.132031 0.215625
0 0.725 0.332227 0.0765625 0.101172
0 0.206445 0.795508 0.185156 0.274609
0 0.175 0.102051 0.124609 0.197461
0 0.347266 0.655469 0.0351562 0.0703125
0 0.674219 0.548047 0.198437 0.547656
0 0.187842 0.845117 0.162598 0.150391
0 0.215625 0.576172 0.0515625 0.0734375
0 0.230664 0.454688 0.0628906 0.0726563
0 0.725781 0.497656 0.0984375 0.492188
0 0.198389 0.824219 0.167285 0.209375
0 0.718359 0.62666 0.366406 0.72168
0 0.48125 0.925391 0.2 0.149219
0 0.334766 0.628906 0.0609375 0.120313
0 0.222656 0.570312 0.0664062 0.090625
0 0.689844 0.636035 0.198437 0.72793
0 0.499219 0.891016 0.170313 0.217969
0 0.210352 0.0390625 0.0347656 0.06875
0 0.476562 0.474902 0.604688 0.454883
0 0.445312 0.442578 0.03125 0.0554687
0 0.197461 0.059375 0.0585938 0.113672
0 0.240234 0.882812 0.149219 0.08125
0 0.222656 0.463672 0.078125 0.1
0 0.322266 0.617969 0.084375 0.178125
0 0.28457 0.603125 0.155859 0.221875
0 0.32168 0.614844 0.0542969 0.124219
0 0.667578 0.313477 0.0398437 0.0730469
0 0.304688 0.621875 0.119531 0.198437
0 0.315039 0.598828 0.0550781 0.0898438
0 0.220898 0.589063 0.0597656 0.0734375
0 0.241211 0.454688 0.0464844 0.0640625
0 0.203076 0.0810547 0.0688477 0.162109
0 0.532031 0.854102 0.126563 0.291797
0 0.254102 0.896094 0.139453 0.09375
0 0.749219 0.353125 0.0390625 0.103906
0 0.308594 0.594531 0.0734375 0.0875
0 0.307031 0.588672 0.0640625 0.0648438
0 0.22417 0.864062 0.160254 0.096875
0 0.5625 0.923438 0.0554687 0.140625
0 0.378125 0.805859 0.436719 0.388281
0 0.364063 0.925 0.053125 0.075
0 0.2375 0.45 0.08125 0.078125
0 0.5375 0.94375 0.08125 0.1125
0 0.183154 0.0861328 0.0805664 0.133203
0 0.263086 0.519922 0.171484 0.200781
0 0.214795 0.492578 0.0844727 0.170313
0 0.148926 0.882812 0.0728516 0.0828125
0 0.16416 0.11748 0.162305 0.229102
0 0.268359 0.585938 0.164062 0.115625
0 0.21543 0.0385254 0.0527344 0.0750977
0 0.698438 0.587891 0.160938 0.630469
0 0.559766 0.836523 0.084375 0.326953
0 0.742188 0.547754 0.0640625 0.507617
0 0.449316 0.349023 0.656055 0.694141
0 0.237305 0.4375 0.101172 0.1125
0 0.174902 0.073584 0.10332 0.138574
0 0.705469 0.376465 0.130469 0.204883
0 0.6875 0.332813 0.159375 0.145313
0 0.213281 0.88125 0.0992187 0.0515625
0 0.270264 0.6125 0.193848 0.423438
0 0.278125 0.896094 0.0671875 0.0796875
0 0.395703 0.864258 0.377344 0.271484
0 0.224219 0.55 0.0921875 0.1375
0 0.755469 0.403906 0.0335938 0.182031
0 0.293164 0.561719 0.235547 0.353125
0 0.348633 0.456152 0.0871094 0.175195
0 0.166211 0.9 0.110547 0.0625
0 0.299805 0.559766 0.0933594 0.135156
0 0.692969 0.308594 0.075 0.0851563
0 0.563281 0.907813 0.0390625 0.109375
0 0.199609 0.8875 0.108984 0.08125
0 0.362891 0.517969 0.111719 0.317188
0 0.207227 0.882812 0.0566406 0.040625
0 0.559375 0.964063 0.03125 0.06875
0 0.613672 0.602832 0.333594 0.794336
0 0.211133 0.562891 0.0726563 0.105469
0 0.400391 0.903125 0.364844 0.190625
0 0.186719 0.0543945 0.08125 0.106641
0 0.218359 0.585156 0.0460938 0.0523438
0 0.288477 0.589453 0.107422 0.0742188
0 0.225 0.876563 0.132812 0.0625
0 0.708594 0.301172 0.08125 0.121094
0 0.211719 0.0487305 0.0667969 0.0974609
0 0.759375 0.339844 0.0765625 0.130469
0 0.208789 0.465234 0.0800781 0.0867188
0 0.155859 0.0630859 0.152734 0.120703
0 0.139941 0.108789 0.17832 0.207031
0 0.179883 0.884375 0.103906 0.04375
0 0.708984 0.677344 0.109375 0.0921875
0 0.187695 0.875 0.161328 0.090625
0 0.230469 0.582812 0.0804688 0.08125
0 0.349023 0.547266 0.109766 0.3875
0 0.348828 0.924219 0.0828125 0.075
0 0.275781 0.519531 0.208594 0.304688
0 0.545703 0.466797 0.461719 0.388281
0 0.341016 0.650781 0.046875 0.075
0 0.210596 0.529297 0.0842773 0.194531
0 0.714063 0.317188 0.107813 0.207031
0 0.449121 0.915625 0.264258 0.16875
0 0.190039 0.0411133 0.0691406 0.0736328
0 0.244141 0.458594 0.0835937 0.0726563
0 0.709375 0.542188 0.127344 0.4125
0 0.385156 0.544531 0.03125 0.0570313
0 0.357812 0.914062 0.06875 0.103125
0 0.331445 0.8875 0.119922 0.15625
0 0.278125 0.58125 0.130469 0.0890625
0 0.705859 0.651953 0.113281 0.141406
0 0.292578 0.605469 0.107813 0.114063
0 0.219141 0.455469 0.0964844 0.104688
0 0.541016 0.907813 0.0804688 0.139063
0 0.169922 0.834375 0.128906 0.182812
0 0.312109 0.585156 0.0585938 0.0859375
0 0.237305 0.68125 0.262891 0.529688
0 0.719922 0.338672 0.1 0.117188
0 0.26958 0.559375 0.191309 0.284375
0 0.548828 0.926562 0.0679687 0.146875
0 0.251123 0.845313 0.281348 0.214062
0 0.719141 0.421094 0.111719 0.298438
0 0.355469 0.685156 0.503125 0.58125
0 0.185352 0.155371 0.169141 0.310742
0 0.551562 0.883984 0.0734375 0.232031
0 0.717188 0.365625 0.108594 0.18125
0 0.700781 0.457813 0.157813 0.367188
0 0.532031 0.925391 0.096875 0.149219
0 0.238672 0.811719 0.253906 0.26875
0 0.709766 0.324609 0.100781 0.09375
0 0.211719 0.15625 0.11875 0.308203
0 0.54375 0.913672 0.0875 0.172656
0 0.547656 0.870898 0.10625 0.258203
0 0.660156 0.468848 0.232813 0.39043
0 0.735156 0.345313 0.0703125 0.11875
0 0.326953 0.623438 0.0808594 0.146094
0 0.735938 0.435937 0.0875 0.323438
0 0.54375 0.942969 0.0734375 0.114063
0 0.566406 0.872266 0.0890625 0.255469
0 0.213672 0.83125 0.200781 0.215625
0 0.471484 0.637402 0.610156 0.718945
0 0.188281 0.0880859 0.0765625 0.176172
0 0.673828 0.592969 0.202344 0.635938
0 0.258594 0.525 0.168359 0.2125
0 0.748047 0.422266 0.0617188 0.294531
0 0.375 0.925 0.0328125 0.065625
0 0.510156 0.925391 0.139063 0.149219
0 0.2 0.125586 0.123828 0.248438
0 0.708984 0.675781 0.107813 0.096875
0 0.225195 0.520312 0.103906 0.20625
0 0.233203 0.564063 0.090625 0.125
0 0.198486 0.108496 0.0920898 0.20957
0 0.180908 0.113281 0.139746 0.221875
0 0.7125 0.341016 0.110937 0.146094
0 0.376953 0.556641 0.14375 0.402344
0 0.526563 0.88457 0.134375 0.230859
0 0.722656 0.495703 0.104688 0.491406
0 0.472656 0.471191 0.615625 0.468555
0 0.698047 0.636719 0.167969 0.726562
0 0.174219 0.895312 0.126172 0.0734375
0 0.641797 0.630469 0.269531 0.725
0 0.203906 0.0432617 0.0496094 0.0822266
0 0.267236 0.65 0.194434 0.4625
0 0.564844 0.914062 0.0921875 0.171875
0 0.552344 0.955469 0.053125 0.0890625
0 0.45 0.331445 0.6625 0.632422
0 0.367383 0.929688 0.0441406 0.0609375
0 0.175586 0.0958008 0.116406 0.184961
0 0.707031 0.657031 0.114063 0.135937
0 0.697656 0.319141 0.0796875 0.0742188
0 0.241992 0.757812 0.263672 0.371875
0 0.702344 0.633984 0.248438 0.727344
0 0.171289 0.870313 0.119922 0.128125
0 0.318359 0.610938 0.0789063 0.128125
0 0.671875 0.318359 0.0296875 0.065625
0 0.482812 0.924219 0.198437 0.151562
0 0.445312 0.440625 0.0328125 0.0546875
0 0.678125 0.331836 0.18125 0.148828
0 0.744141 0.498828 0.0679687 0.521094
0 0.255469 0.567187 0.140625 0.127344
0 0.293164 0.697266 0.373047 0.527344
0 0.707422 0.315039 0.0851563 0.0886719
0 0.719141 0.679297 0.0867188 0.0828125
0 0.741406 0.348047 0.0507812 0.107813
0 0.557031 0.910937 0.0507812 0.128125
0 0.279687 0.599219 0.167187 0.248438
0 0.559375 0.845313 0.0851563 0.309375
0 0.19668 0.0643555 0.0621094 0.122852
0 0.751953 0.372852 0.0429688 0.119922
0 0.503125 0.8625 0.182031 0.275
0 0.218164 0.49375 0.0863281 0.189063
0 0.235938 0.436719 0.103516 0.114844
0 0.20957 0.857813 0.192578 0.15
0 0.710156 0.537402 0.128125 0.404883
0 0.530078 0.826172 0.123438 0.347656
0 0.160742 0.875 0.1 0.103125
0 0.305078 0.397656 0.357812 0.792188
0 0.204248 0.0805664 0.0727539 0.161133
0 0.553906 0.964844 0.0453125 0.0703125
0 0.660937 0.350391 0.21875 0.15
0 0.696094 0.314063 0.142188 0.208594
0 0.223633 0.550391 0.0929688 0.141406
0 0.389062 0.802344 0.416406 0.395313
0 0.334766 0.63125 0.0640625 0.120313
0 0.734375 0.539453 0.08125 0.421094
0 0.251563 0.895312 0.152734 0.084375
0 0.275391 0.896875 0.1 0.0828125
0 0.210547 0.040332 0.0382813 0.0712891
0 0.440234 0.8625 0.29375 0.275
0 0.583984 0.771875 0.0265625 0.046875
0 0.188086 0.846094 0.165625 0.15
0 0.369922 0.924219 0.0625 0.0875
0 0.744141 0.359766 0.0421875 0.0898438
0 0.21582 0.0397949 0.0546875 0.0768555
0 0.174316 0.0743652 0.103711 0.139551
0 0.142163 0.114453 0.180127 0.220313
0 0.285938 0.767188 0.159375 0.465625
0 0.215576 0.474219 0.0813477 0.123438
0 0.307617 0.594531 0.0769531 0.0875
0 0.713281 0.695312 0.0679687 0.0421875
0 0.305469 0.587891 0.065625 0.0617188
0 0.233594 0.450781 0.0894531 0.0875
0 0.233203 0.453125 0.0601563 0.0703125
0 0.560938 0.928125 0.0695313 0.14375
0 0.239893 0.88125 0.155371 0.065625
0 0.717969 0.557813 0.107031 0.335938
0 0.719531 0.689844 0.0859375 0.053125
0 0.182861 0.0866211 0.0811523 0.135742
0 0.212109 0.0512695 0.06875 0.102539
0 0.344922 0.929688 0.0898438 0.0625
0 0.234961 0.153516 0.235938 0.296875
0 0.225391 0.56875 0.0734375 0.0921875
0 0.311719 0.602344 0.101562 0.117188
0 0.298828 0.559375 0.096875 0.135156
0 0.178125 0.873438 0.156641 0.1125
0 0.23125 0.245117 0.0695313 0.0816406
0 0.260498 0.464063 0.17666 0.225781
0 0.199268 0.889063 0.106934 0.071875
0 0.313281 0.587109 0.0550781 0.071875
0 0.194482 0.778125 0.172754 0.3125
0 0.271484 0.516016 0.202734 0.282031
0 0.210742 0.532031 0.0859375 0.1875
0 0.427734 0.213477 0.683594 0.417578
0 0.221875 0.457813 0.075 0.08125
0 0.154297 0.065918 0.157813 0.125977
0 0.267383 0.585156 0.172266 0.113281
0 0.217578 0.573828 0.05625 0.0773438
0 0.451562 0.914453 0.257812 0.171094
0 0.221484 0.589844 0.0625 0.0703125
0 0.213086 0.560156 0.0792969 0.114063
0 0.313281 0.6 0.059375 0.090625
0 0.194531 0.146875 0.24375 0.286719
0 0.667188 0.313477 0.040625 0.0730469
0 0.686719 0.324609 0.0515625 0.0679687
0 0.361328 0.925 0.0578125 0.075
0 0.75 0.355859 0.0390625 0.0984375
0 0.716406 0.603516 0.384375 0.792969
0 0.418848 0.901563 0.335742 0.196875
0 0.209033 0.882812 0.0834961 0.040625
0 0.551172 0.634375 0.447656 0.73125
0 0.330469 0.928125 0.123438 0.0671875
0 0.239648 0.152441 0.154297 0.300586
0 0.339453 0.397754 0.350781 0.463867
0 0.349023 0.457422 0.0878906 0.175781
0 0.165137 0.904688 0.110742 0.05
0 0.209766 0.883594 0.0484375 0.0359375
0 0.263623 0.871094 0.250098 0.167187
0 0.189258 0.0430176 0.0726563 0.0772461
0 0.710156 0.685156 0.0976562 0.0609375
0 0.707812 0.592969 0.126563 0.267188
0 0.159668 0.0402832 0.132617 0.065918
0 0.204248 0.542188 0.0821289 0.151562
0 0.714844 0.295117 0.10625 0.253516
0 0.224609 0.864062 0.164062 0.09375
0 0.238477 0.680859 0.266797 0.521094
0 0.720703 0.338086 0.0984375 0.117578
0 0.271875 0.558203 0.189844 0.283594
0 0.719531 0.407129 0.110937 0.268555
0 0.551953 0.925781 0.0617188 0.148438
0 0.717969 0.37168 0.107813 0.190234
0 0.189795 0.155566 0.162598 0.311133
0 0.555078 0.880078 0.0679687 0.239844
0 0.214062 0.156543 0.114453 0.311133
0 0.737109 0.416797 0.0898438 0.286719
0 0.710156 0.44375 0.1375 0.339063
0 0.55 0.946484 0.0625 0.107031
0 0.553125 0.871289 0.0953125 0.257422
0 0.548438 0.904688 0.0796875 0.190625
0 0.341797 0.685547 0.475 0.571094
0 0.175391 0.89375 0.126563 0.06875
0 0.736328 0.345703 0.06875 0.119531
0 0.231592 0.83418 0.236816 0.219141
0 0.709766 0.323828 0.0992187 0.0929688
0 0.532813 0.925 0.0953125 0.15
0 0.75 0.416797 0.059375 0.285156
0 0.544531 0.927734 0.0734375 0.144531
0 0.567969 0.875 0.0875 0.25
0 0.470996 0.636328 0.623633 0.714844
0 0.251953 0.798242 0.283594 0.306641
0 0.225781 0.516406 0.0972656 0.198437
0 0.326562 0.624609 0.0820312 0.148438
0 0.203906 0.125586 0.122656 0.248438
0 0.375391 0.925 0.0328125 0.065625
0 0.663281 0.459766 0.23125 0.372656
0 0.201123 0.105664 0.0883789 0.203125
0 0.467871 0.358594 0.629883 0.696875
0 0.190234 0.0894531 0.0757812 0.178906
0 0.251758 0.521094 0.149609 0.201563
0 0.723437 0.486035 0.103125 0.46543
0 0.675781 0.585156 0.20625 0.620313
0 0.553125 0.953906 0.0515625 0.0921875
0 0.713281 0.677344 0.0984375 0.0890625
0 0.233203 0.562891 0.0910156 0.128125
0 0.662891 0.630078 0.274219 0.716406
0 0.70625 0.337109 0.125 0.140625
0 0.671875 0.317773 0.03125 0.0671875
0 0.185205 0.111914 0.138184 0.219141
0 0.508594 0.925781 0.141406 0.148438
0 0.30918 0.401563 0.344141 0.792188
0 0.280859 0.896875 0.0757812 0.0796875
0 0.478516 0.492969 0.619531 0.54375
0 0.745703 0.495996 0.0648438 0.50332
0 0.173242 0.873438 0.121875 0.121875
0 0.367188 0.929688 0.0453125 0.0625
0 0.251563 0.867188 0.278906 0.1625
0 0.253125 0.896094 0.137891 0.0890625
0 0.17207 0.885938 0.122656 0.05
0 0.375684 0.556641 0.142383 0.402344
0 0.203906 0.0436646 0.0523438 0.0825928
0 0.528906 0.882031 0.134375 0.235938
0 0.270117 0.652734 0.19375 0.466406
0 0.707031 0.625 0.192188 0.703125
0 0.557422 0.910937 0.05 0.134375
0 0.235742 0.88125 0.124609 0.053125
0 0.707031 0.491406 0.153125 0.440625
0 0.725781 0.632422 0.360938 0.721094
0 0.247461 0.152148 0.230859 0.294141
0 0.178467 0.0937256 0.114941 0.180518
0 0.7125 0.656641 0.10625 0.128125
0 0.5 0.884766 0.182812 0.230469
0 0.215039 0.88125 0.0566406 0.0390625
0 0.705859 0.695312 0.0523438 0.0421875
0 0.698828 0.696875 0.034375 0.0375
0 0.684375 0.318359 0.0515625 0.0742188
0 0.752344 0.37207 0.04375 0.121484
0 0.560938 0.926562 0.0679687 0.146875
0 0.252344 0.565234 0.134766 0.130469
0 0.554297 0.964063 0.0453125 0.071875
0 0.560156 0.837695 0.084375 0.324609
0 0.445312 0.439063 0.0328125 0.053125
0 0.203857 0.885938 0.0961914 0.065625
0 0.283203 0.422266 0.238281 0.802344
0 0.71875 0.685156 0.084375 0.071875
0 0.163477 0.878125 0.104297 0.096875
0 0.212891 0.882812 0.0429688 0.034375
0 0.696484 0.700391 0.0398437 0.046875
0 0.207422 0.817969 0.189063 0.221875
0 0.16582 0.903125 0.110156 0.053125
0 0.205664 0.0819824 0.075 0.163965
0 0.682031 0.333203 0.175781 0.14375
0 0.335938 0.63125 0.0632813 0.121094
0 0.161523 0.150098 0.211328 0.29043
0 0.719531 0.691406 0.084375 0.0484375
0 0.480859 0.905469 0.202344 0.189063
0 0.198242 0.0645508 0.0613281 0.123242
0 0.370313 0.922656 0.0632813 0.0859375
0 0.414062 0.291406 0.560938 0.576563
0 0.245117 0.438672 0.305078 0.872656
0 0.714453 0.319922 0.107813 0.202344
0 0.235547 0.436719 0.103906 0.117969
0 0.707812 0.314844 0.0828125 0.0867188
0 0.282813 0.766406 0.167187 0.464063
0 0.20293 0.14668 0.249609 0.286328
0 0.492188 0.841602 0.198437 0.316797
0 0.212695 0.0384277 0.0371094 0.068457
0 0.213086 0.0546875 0.0707031 0.109375
0 0.263086 0.755859 0.221094 0.408594
0 0.583984 0.771094 0.0257812 0.04375
0 0.242578 0.155469 0.144141 0.307813
0 0.217969 0.49375 0.0859375 0.192188
0 0.216211 0.0397949 0.0570313 0.0766602
0 0.18833 0.848437 0.166309 0.146875
0 0.192529 0.883594 0.0758789 0.0359375
0 0.380078 0.921875 0.034375 0.06875
0 0.187842 0.0749023 0.0930664 0.141016
0 0.223633 0.548438 0.0921875 0.153125
0 0.208789 0.864844 0.189844 0.13125
0 0.540625 0.827344 0.103125 0.345313
0 0.232031 0.452344 0.0617188 0.0703125
0 0.737109 0.542188 0.0804688 0.428125
0 0.744531 0.353516 0.0421875 0.100781
0 0.178564 0.877344 0.159277 0.0984375
0 0.338672 0.929688 0.103125 0.0625
0 0.274268 0.475684 0.20459 0.387695
0 0.219336 0.865625 0.145313 0.084375
0 0.273828 0.471875 0.200391 0.274219
0 0.213281 0.878125 0.075 0.046875
0 0.328516 0.926562 0.128125 0.071875
0 0.212451 0.885156 0.111035 0.0796875
0 0.160547 0.860938 0.101562 0.1375
0 0.299219 0.287305 0.342969 0.568359
0 0.232813 0.450781 0.0890625 0.0859375
0 0.210889 0.530469 0.0844727 0.19375
0 0.231641 0.24375 0.0695313 0.0835937
0 0.220703 0.469922 0.0765625 0.114844
0 0.5375 0.944531 0.0828125 0.110937
0 0.44375 0.864258 0.285156 0.268359
0 0.337695 0.760156 0.103516 0.41875
0 0.222461 0.7625 0.227734 0.345313
0 0.213867 0.557031 0.0800781 0.125
0 0.316797 0.610156 0.0789063 0.123438
0 0.463672 0.221875 0.674219 0.434375
0 0.208789 0.857031 0.154297 0.110937
0 0.295703 0.556641 0.105469 0.135937
0 0.711719 0.538184 0.128125 0.40957
0 0.222656 0.455469 0.0703125 0.0765625
0 0.720313 0.555469 0.103125 0.335156
0 0.361719 0.923438 0.0585938 0.078125
0 0.747656 0.346094 0.0578125 0.126563
0 0.677734 0.323828 0.0335938 0.065625
0 0.559375 0.965625 0.0328125 0.065625
0 0.0946289 0.617969 0.0683594 0.114063
0 0.234961 0.666406 0.261328 0.578125
0 0.720703 0.334961 0.101562 0.125391
0 0.553125 0.931641 0.065625 0.136719
0 0.717969 0.368945 0.1125 0.198828
0 0.556641 0.887891 0.0671875 0.224219
0 0.335156 0.672266 0.464063 0.603906
0 0.719922 0.407129 0.111719 0.291992
0 0.739453 0.34375 0.0632813 0.117188
0 0.219141 0.839063 0.2125 0.210938
0 0.552734 0.95 0.0570313 0.1
0 0.564063 0.865625 0.0828125 0.26875
0 0.273047 0.553125 0.190625 0.298438
0 0.174805 0.89375 0.126172 0.08125
0 0.532031 0.924219 0.103125 0.151562
0 0.253125 0.847656 0.285156 0.203125
0 0.233594 0.5625 0.0984375 0.132812
0 0.736719 0.412109 0.08125 0.296094
0 0.375391 0.556934 0.141406 0.404883
0 0.707422 0.322461 0.103906 0.0992187
0 0.458496 0.644531 0.681445 0.692187
0 0.694531 0.417285 0.165625 0.291992
0 0.551562 0.876758 0.0921875 0.246484
0 0.225195 0.512891 0.09375 0.202344
0 0.332031 0.625 0.0738281 0.140625
0 0.553125 0.959375 0.0484375 0.0796875
0 0.545703 0.925781 0.0757812 0.148438
0 0.268359 0.495215 0.180469 0.243945
0 0.369531 0.921875 0.0515625 0.078125
0 0.701953 0.335547 0.135937 0.144531
0 0.707031 0.678125 0.109375 0.0859375
0 0.202148 0.158398 0.142578 0.316797
0 0.671875 0.318359 0.034375 0.0703125
0 0.662109 0.425879 0.230469 0.30918
0 0.698047 0.696094 0.0382813 0.040625
0 0.21792 0.785937 0.214941 0.296875
0 0.374609 0.922656 0.0382813 0.0703125
0 0.219922 0.870313 0.210938 0.146875
0 0.75 0.411328 0.05625 0.289844
0 0.245117 0.514844 0.135547 0.2125
0 0.696094 0.698828 0.04375 0.0515625
0 0.560156 0.925 0.0703125 0.15
0 0.750781 0.369922 0.0484375 0.120313
0 0.253174 0.8 0.288184 0.301563
0 0.17207 0.871094 0.123828 0.126563
0 0.247656 0.566797 0.133203 0.130469
0 0.701563 0.69375 0.0484375 0.046875
0 0.721875 0.47041 0.10625 0.44043
0 0.260352 0.894531 0.131641 0.0890625
0 0.25293 0.884375 0.285547 0.132812
0 0.714063 0.685547 0.0921875 0.0695313
0 0.567578 0.912891 0.0859375 0.174219
0 0.478223 0.473047 0.62168 0.335938
0 0.203906 0.0430664 0.0539063 0.0832031
0 0.702734 0.684375 0.0828125 0.0585938
0 0.503516 0.925 0.152344 0.15
0 0.684766 0.677734 0.0585938 0.0515625
0 0.36875 0.921875 0.0710938 0.090625
0 0.446875 0.438281 0.0359375 0.05625
0 0.693359 0.312109 0.152344 0.199219
0 0.525391 0.882812 0.146094 0.234375
0 0.160547 0.877344 0.1 0.101562
0 0.745313 0.490723 0.0640625 0.512305
0 0.75 0.35293 0.0453125 0.105078
0 0.717969 0.691406 0.0859375 0.0515625
0 0.557031 0.909375 0.0515625 0.1375
0 0.304102 0.503906 0.252734 0.296094
0 0.326953 0.542969 0.180469 0.3875
0 0.197656 0.072168 0.0757812 0.144336
0 0.198242 0.8875 0.112109 0.0890625
0 0.24292 0.753516 0.25166 0.430469
0 0.682031 0.318359 0.0546875 0.078125
0 0.180127 0.137891 0.167871 0.275781
0 0.18833 0.0905273 0.0811523 0.181055
0 0.241748 0.8875 0.164941 0.090625
0 0.451562 0.332422 0.665625 0.613281
0 0.163867 0.9 0.113672 0.0625
0 0.691016 0.685156 0.0453125 0.0523438
0 0.394531 0.586719 0.0632813 0.160938
0 0.216406 0.574219 0.0566406 0.0796875
0 0.364844 0.932031 0.059375 0.0578125
0 0.2125 0.0379395 0.0390625 0.0694336
0 0.480469 0.851562 0.220313 0.296875
0 0.472266 0.90625 0.222656 0.1875
0 0.666406 0.6 0.228125 0.665625
0 0.223828 0.569922 0.071875 0.096875
0 0.388965 0.875781 0.387695 0.245312
0 0.468359 0.48125 0.628906 0.467187
0 0.207617 0.88125 0.0882813 0.05625
0 0.279687 0.766406 0.173438 0.467187
0 0.668359 0.669141 0.0273438 0.0367188
0 0.477344 0.930469 0.207031 0.139063
0 0.288672 0.593066 0.234375 0.476367
0 0.296875 0.710156 0.375 0.495313
0 0.707422 0.313672 0.0859375 0.0945313
0 0.185156 0.112109 0.139063 0.224219
0 0.215039 0.885938 0.133984 0.103125
0 0.334766 0.926562 0.117969 0.06875
0 0.535156 0.94375 0.0921875 0.1125
0 0.668359 0.336328 0.208594 0.132031
0 0.670313 0.483594 0.215625 0.435937
0 0.214453 0.0396973 0.059375 0.078418
0 0.221875 0.547656 0.0890625 0.157813
0 0.220313 0.585938 0.0640625 0.084375
0 0.538281 0.835352 0.109375 0.329297
0 0.685938 0.686719 0.059375 0.0609375
0 0.709375 0.657813 0.110937 0.121875
0 0.212061 0.554688 0.0758789 0.129688
0 0.0294434 0.9 0.0493164 0.1125
0 0.189258 0.847656 0.173828 0.148438
0 0.198486 0.0540039 0.0639648 0.10332
0 0.235938 0.435059 0.104688 0.120508
0 0.284961 0.894531 0.0738281 0.0875
0 0.380859 0.921094 0.040625 0.0734375
0 0.715234 0.294922 0.108594 0.236719
0 0.210156 0.0510254 0.0734375 0.102051
0 0.217188 0.584375 0.0523438 0.0625
0 0.668359 0.313672 0.0445313 0.0820312
0 0.583594 0.771094 0.028125 0.046875
0 0.3625 0.520312 0.117188 0.335938
0 0.341797 0.649609 0.0492188 0.0765625
0 0.15 0.883594 0.078125 0.0859375
0 0.157715 0.860938 0.0974609 0.140625
0 0.182031 0.0882813 0.111719 0.171289
0 0.755469 0.395313 0.0390625 0.153906
0 0.366211 0.370703 0.0433594 0.0421875
0 0.391797 0.546094 0.053125 0.071875
0 0.714063 0.455078 0.145313 0.380469
0 0.348828 0.655469 0.0429688 0.084375
0 0.179736 0.875 0.165527 0.109375
0 0.442578 0.957812 0.285938 0.084375
0 0.676562 0.323047 0.040625 0.071875
0 0.442578 0.433594 0.040625 0.0609375
0 0.232813 0.661719 0.260156 0.559375
0 0.714844 0.335742 0.100781 0.119141
0 0.553906 0.927734 0.059375 0.144531
0 0.552344 0.946875 0.0609375 0.10625
0 0.73125 0.341797 0.0742188 0.116406
0 0.715625 0.3625 0.1125 0.176563
0 0.552344 0.957031 0.0484375 0.0859375
0 0.741406 0.343359 0.0546875 0.111719
0 0.226562 0.514063 0.0984375 0.198437
0 0.272266 0.55 0.190625 0.296875
0 0.530469 0.927344 0.101562 0.145313
0 0.219531 0.806445 0.2125 0.268359
0 0.232813 0.560938 0.0914062 0.121875
0 0.369336 0.557129 0.128516 0.406055
0 0.180029 0.147168 0.173535 0.294336
0 0.707812 0.323438 0.096875 0.090625
0 0.252734 0.496875 0.15 0.229687
0 0.245117 0.848437 0.265234 0.196875
0 0.331836 0.625 0.0703125 0.135937
0 0.328516 0.670996 0.447656 0.601758
0 0.229248 0.767969 0.237598 0.335938
0 0.375 0.922656 0.0375 0.0703125
0 0.369922 0.921094 0.0507812 0.0765625
0 0.750781 0.36875 0.0390625 0.103125
0 0.671875 0.320117 0.0304688 0.0640625
0 0.701563 0.335156 0.134375 0.138281
0 0.551562 0.85957 0.0960938 0.280859
0 0.202734 0.0430176 0.0523438 0.0827148
0 0.475879 0.644531 0.741992 0.689063
0 0.174512 0.894531 0.126367 0.0765625
0 0.175 0.102734 0.128516 0.203906
0 0.251367 0.885938 0.278516 0.125
0 0.195312 0.0605469 0.0730469 0.121094
0 0.704688 0.678125 0.114063 0.0804688
0 0.717969 0.404687 0.110937 0.285156
0 0.280078 0.482812 0.207813 0.273438
0 0.219873 0.871875 0.206348 0.140625
0 0.736719 0.413672 0.0734375 0.301563
0 0.18667 0.0864258 0.0797852 0.172852
0 0.504687 0.926953 0.15 0.146094
0 0.692187 0.682422 0.0765625 0.0585938
0 0.19375 0.117578 0.115625 0.232813
0 0.748438 0.352148 0.0421875 0.0917969
0 0.28418 0.546484 0.211328 0.391406
0 0.683594 0.319922 0.0515625 0.0710938
0 0.660156 0.347266 0.21875 0.139844
0 0.558594 0.886133 0.075 0.227734
0 0.209766 0.823438 0.190625 0.207813
0 0.325781 0.472656 0.0429688 0.101562
0 0.476562 0.469922 0.61875 0.319531
0 0.681641 0.674219 0.0546875 0.0484375
0 0.44375 0.438672 0.0328125 0.0476562
0 0.380859 0.920313 0.0367188 0.06875
0 0.215625 0.155469 0.154688 0.310937
0 0.469922 0.396484 0.628906 0.377344
0 0.216406 0.484766 0.08125 0.165625
0 0.369531 0.921875 0.0679687 0.0875
0 0.152148 0.108984 0.153906 0.214844
0 0.172266 0.870313 0.122266 0.121875
0 0.567969 0.904688 0.0859375 0.190625
0 0.347656 0.655469 0.0367188 0.071875
0 0.263672 0.89375 0.125781 0.0875
0 0.218359 0.465625 0.0769531 0.110937
0 0.559766 0.91875 0.0460938 0.125
0 0.390625 0.545703 0.0507812 0.0695313
0 0.520312 0.896094 0.14375 0.207813
0 0.329297 0.486719 0.0507812 0.110937
0 0.560938 0.830469 0.0859375 0.339063
0 0.678125 0.321289 0.0375 0.06875
0 0.368359 0.446777 0.123438 0.175195
0 0.361719 0.485547 0.110156 0.259375
0 0.158984 0.878125 0.0941406 0.0953125
0 0.324219 0.470313 0.0351562 0.0859375
0 0.235547 0.435156 0.104688 0.110937
0 0.390723 0.591406 0.0576172 0.165625
0 0.311328 0.498437 0.275 0.282031
0 0.271094 0.633594 0.201563 0.545313
0 0.349219 0.444434 0.0882813 0.187695
0 0.211719 0.0378906 0.0367188 0.069043
0 0.326953 0.455469 0.0492188 0.142188
0 0.749219 0.417969 0.053125 0.307813
0 0.339258 0.638281 0.0546875 0.1
0 0.197217 0.0526489 0.0625977 0.099585
0 0.69375 0.688281 0.0539063 0.0515625
0 0.534766 0.945312 0.0914062 0.109375
0 0.557031 0.964844 0.0390625 0.0703125
0 0.566797 0.864258 0.084375 0.271484
0 0.442188 0.311328 0.678125 0.56875
0 0.252783 0.89375 0.162402 0.1
0 0.742969 0.391406 0.06875 0.24375
0 0.475391 0.926562 0.211719 0.146875
0 0.447656 0.441406 0.034375 0.0546875
0 0.712891 0.313281 0.111719 0.192969
0 0.363867 0.892969 0.426953 0.207813
0 0.696875 0.696094 0.0359375 0.040625
0 0.275 0.770312 0.182031 0.459375
0 0.190234 0.767969 0.163281 0.320312
0 0.7125 0.688281 0.0875 0.05625
0 0.658984 0.417285 0.232031 0.285742
0 0.222656 0.546094 0.0882813 0.15625
0 0.701953 0.693359 0.0492188 0.0453125
0 0.286328 0.89375 0.0710938 0.0875
0 0.315625 0.569922 0.16875 0.446094
0 0.382129 0.627734 0.0388672 0.141406
0 0.701563 0.678906 0.0984375 0.0632813
0 0.342383 0.429688 0.138672 0.15
0 0.215625 0.574219 0.0539063 0.0789063
0 0.163867 0.9 0.109375 0.0609375
0 0.667578 0.666406 0.025 0.0375
0 0.236328 0.447656 0.0929688 0.0828125
0 0.223438 0.567969 0.06875 0.0953125
0 0.221484 0.45625 0.075 0.08125
0 0.175781 0.165527 0.100781 0.179492
0 0.350391 0.655078 0.0476562 0.090625
0 0.300391 0.617969 0.129688 0.189063
0 0.744922 0.478906 0.059375 0.490625
0 0.317578 0.616797 0.0890625 0.127344
0 0.345703 0.925 0.0984375 0.071875
0 0.232422 0.457031 0.0585938 0.078125
0 0.342187 0.650391 0.0460938 0.0742188
0 0.265234 0.453125 0.178906 0.209375
0 0.397656 0.541406 0.040625 0.0609375
0 0.395313 0.55 0.177344 0.404687
0 0.212109 0.553125 0.0742188 0.13125
0 0.181689 0.0719238 0.0983398 0.138574
0 0.388672 0.542969 0.0398437 0.0609375
0 0.351172 0.632031 0.0695313 0.130469
0 0.157227 0.859375 0.0941406 0.134375
0 0.438281 0.951563 0.292969 0.096875
0 0.697656 0.371875 0.14375 0.195312
0 0.363086 0.425 0.114453 0.132812
0 0.207617 0.530078 0.075 0.197656
0 0.148438 0.882812 0.0730469 0.08125
0 0.246094 0.458594 0.0867188 0.0734375
0 0.721094 0.458594 0.104688 0.410938
0 0.189258 0.84375 0.173828 0.146875
0 0.211377 0.142969 0.265527 0.28125
0 0.38291 0.516016 0.149805 0.322656
0 0.354883 0.373828 0.0375 0.0429688
0 0.329297 0.444434 0.05625 0.179883
0 0.70625 0.305859 0.0859375 0.0988281
0 0.196045 0.0946289 0.0883789 0.189258
0 0.549219 0.968359 0.0578125 0.0632813
0 0.754687 0.392969 0.0296875 0.157813
0 0.269141 0.404297 0.03125 0.0398437
0 0.230859 0.421875 0.120313 0.146094
0 0.196094 0.888281 0.112891 0.0796875
0 0.458984 0.857617 0.249219 0.284766
0 0.66875 0.315234 0.040625 0.0789063
0 0.212891 0.0393555 0.05625 0.0773438
0 0.241016 0.417969 0.0945313 0.1
0 0.365039 0.372656 0.0417969 0.0398437
0 0.662891 0.374609 0.217969 0.197656
0 0.471777 0.940625 0.212695 0.11875
0 0.712891 0.424609 0.142969 0.302344
0 0.336719 0.380078 0.05 0.05625
0 0.330078 0.886719 0.132031 0.15
0 0.251221 0.660156 0.293652 0.598437
0 0.552344 0.926953 0.0609375 0.146094
0 0.346875 0.669922 0.4875 0.616406
0 0.714063 0.336523 0.103125 0.126172
0 0.716797 0.366016 0.114844 0.194531
0 0.444629 0.642969 0.71543 0.692187
0 0.528906 0.926562 0.103906 0.146875
0 0.733984 0.342578 0.0679687 0.121094
0 0.553125 0.952344 0.0546875 0.0953125
0 0.177344 0.149316 0.178125 0.298633
0 0.372266 0.554785 0.129688 0.40293
0 0.205664 0.154492 0.137891 0.308984
0 0.301904 0.686719 0.383691 0.542188
0 0.227344 0.510156 0.100781 0.196875
0 0.546875 0.938281 0.075 0.123438
0 0.233398 0.5625 0.0886719 0.123438
0 0.717188 0.40459 0.117188 0.29082
0 0.503125 0.439453 0.55 0.361719
0 0.70625 0.673047 0.114063 0.0921875
0 0.271289 0.555078 0.189453 0.313281
0 0.22168 0.809375 0.213672 0.2625
0 0.549219 0.857813 0.103125 0.284375
0 0.330469 0.626563 0.0714844 0.135937
0 0.177148 0.100757 0.125781 0.199268
0 0.742188 0.394922 0.0765625 0.255469
0 0.65625 0.417969 0.239063 0.29375
0 0.659766 0.375 0.222656 0.20625
0 0.265234 0.480371 0.174219 0.258008
0 0.201953 0.0436646 0.0539063 0.0841553
0 0.187451 0.0890625 0.0782227 0.178125
0 0.369531 0.921875 0.0515625 0.0765625
0 0.197607 0.114453 0.108691 0.225781
0 0.701563 0.332227 0.132031 0.149609
0 0.196436 0.0675781 0.0735352 0.135156
0 0.175195 0.89375 0.125781 0.078125
0 0.750391 0.375 0.0398437 0.124219
0 0.233203 0.767969 0.242969 0.339063
0 0.54375 0.890625 0.0984375 0.21875
0 0.150391 0.106738 0.158203 0.210352
0 0.376172 0.925 0.0359375 0.06875
0 0.288672 0.544434 0.221094 0.386133
0 0.336914 0.571875 0.155859 0.4625
0 0.216016 0.483594 0.0796875 0.159375
0 0.249561 0.832812 0.272754 0.234375
0 0.441309 0.312891 0.683008 0.567969
0 0.504297 0.925 0.149219 0.15
0 0.162598 0.0850586 0.133398 0.16543
0 0.694922 0.362695 0.149219 0.179297
0 0.674219 0.324023 0.1875 0.166016
0 0.323438 0.49375 0.295312 0.288281
0 0.374219 0.433203 0.134375 0.155469
0 0.2875 0.462891 0.221875 0.233594
0 0.353906 0.531348 0.126563 0.35918
0 0.707812 0.323438 0.0984375 0.0945313
0 0.400879 0.552344 0.185742 0.397656
0 0.227734 0.548047 0.090625 0.158594
0 0.695703 0.303516 0.142969 0.217969
0 0.560547 0.826367 0.0890625 0.347266
0 0.44375 0.440625 0.034375 0.0515625
0 0.369141 0.923438 0.0703125 0.090625
0 0.671875 0.318359 0.03125 0.0679687
0 0.519141 0.891406 0.145313 0.217188
0 0.217188 0.470313 0.0761719 0.114063
0 0.702344 0.433496 0.159375 0.329883
0 0.74375 0.348242 0.04375 0.111328
0 0.348828 0.452734 0.0859375 0.191406
0 0.61875 0.435547 0.31875 0.332031
0 0.319727 0.333984 0.393359 0.667969
0 0.197656 0.0557617 0.0617188 0.105859
0 0.182373 0.059082 0.0985352 0.110742
0 0.566016 0.8625 0.0859375 0.275
0 0.748828 0.413281 0.0554687 0.301563
0 0.387891 0.592578 0.0570313 0.171875
0 0.37168 0.472266 0.128516 0.238281
0 0.658594 0.334375 0.221094 0.13125
0 0.326953 0.46875 0.0460938 0.128125
0 0.553906 0.960938 0.0445313 0.078125
0 0.390234 0.549219 0.0515625 0.0765625
0 0.749219 0.353516 0.0359375 0.110156
0 0.557031 0.911719 0.0492188 0.125
0 0.471973 0.380469 0.60918 0.457813
0 0.173633 0.867188 0.125 0.129688
0 0.55 0.480469 0.0484375 0.0734375
0 0.35625 0.446191 0.121875 0.187305
0 0.567578 0.904297 0.0867188 0.191406
0 0.214795 0.836719 0.196973 0.195312
0 0.696875 0.317969 0.0796875 0.0773438
0 0.177539 0.165723 0.0964844 0.18418
0 0.701563 0.682422 0.0945313 0.0617188
0 0.271289 0.894531 0.105859 0.0859375
0 0.328711 0.449902 0.0527344 0.168945
0 0.194336 0.814258 0.159766 0.227734
0 0.243555 0.480469 0.133984 0.191406
0 0.236328 0.435937 0.103906 0.1125
0 0.282471 0.400781 0.338184 0.801562
0 0.242969 0.866406 0.25625 0.1625
0 0.383984 0.627344 0.0390625 0.15
0 0.329297 0.489844 0.05 0.115625
0 0.714063 0.291602 0.109375 0.264453
0 0.162695 0.0552734 0.128906 0.101758
0 0.270898 0.771094 0.191797 0.457813
0 0.220313 0.460156 0.0765625 0.084375
0 0.158008 0.876563 0.0917969 0.1
0 0.470996 0.906641 0.218945 0.186719
0 0.188232 0.842188 0.169629 0.151562
0 0.252686 0.89375 0.157129 0.103125
0 0.164355 0.899219 0.105273 0.0640625
0 0.344336 0.423438 0.149609 0.140625
0 0.211328 0.0391113 0.0382813 0.0711914
0 0.448438 0.444531 0.0367188 0.0625
0 0.210547 0.142188 0.274219 0.282422
0 0.381641 0.921875 0.0414063 0.071875
0 0.316797 0.617969 0.0835937 0.121875
0 0.698047 0.688672 0.059375 0.053125
0 0.230078 0.242188 0.0695313 0.0898438
0 0.707031 0.313086 0.084375 0.0925781
0 0.15625 0.857031 0.0925781 0.140625
0 0.685938 0.680859 0.0640625 0.0648438
0 0.172754 0.0724121 0.107227 0.139941
0 0.409766 0.19375 0.713281 0.3875
0 0.325391 0.471094 0.0382813 0.104688
0 0.232031 0.459375 0.0570313 0.0796875
0 0.338281 0.635938 0.05625 0.110937
0 0.374219 0.878906 0.405469 0.240625
0 0.715234 0.6875 0.090625 0.059375
0 0.246094 0.458203 0.0945313 0.0820312
0 0.27207 0.622266 0.204688 0.552344
0 0.364063 0.375684 0.046875 0.0470703
0 0.239502 0.884375 0.150684 0.08125
0 0.532813 0.945703 0.096875 0.108594
0 0.355078 0.375391 0.0371094 0.046875
0 0.197217 0.885938 0.108691 0.078125
0 0.297656 0.557813 0.101953 0.140625
0 0.680469 0.674609 0.0515625 0.0507812
0 0.388672 0.543359 0.0414063 0.0632813
0 0.299219 0.621875 0.132031 0.18125
0 0.482812 0.437109 0.653125 0.19375
0 0.19668 0.0955078 0.0878906 0.191016
0 0.232422 0.423438 0.117969 0.146875
0 0.648047 0.565234 0.249219 0.600781
0 0.393652 0.444629 0.45957 0.206055
0 0.286328 0.895312 0.06875 0.0875
0 0.12832 0.0949219 0.200391 0.180469
0 0.421191 0.49375 0.485742 0.295312
0 0.394531 0.541797 0.034375 0.0578125
0 0.158789 0.0395508 0.126172 0.0671875
0 0.189648 0.769531 0.160547 0.320312
0 0.336914 0.451953 0.0609375 0.185156
0 0.266797 0.441406 0.18125 0.204688
0 0.348047 0.666406 0.492969 0.63125
0 0.232617 0.653906 0.261328 0.573438
0 0.422754 0.640625 0.710742 0.69375
0 0.553906 0.927734 0.0640625 0.144531
0 0.719922 0.337109 0.102344 0.130469
0 0.717969 0.374609 0.121875 0.21875
0 0.544531 0.925391 0.078125 0.149219
0 0.663672 0.464844 0.228906 0.396875
0 0.717188 0.419629 0.123438 0.32168
0 0.665234 0.404297 0.224219 0.2875
0 0.735156 0.344141 0.06875 0.127344
0 0.210156 0.155273 0.135547 0.310547
0 0.530469 0.923438 0.105469 0.153125
0 0.180078 0.152344 0.170313 0.304688
0 0.520215 0.445312 0.51582 0.380469
0 0.176758 0.89375 0.127344 0.08125
0 0.374219 0.548438 0.136719 0.392188
0 0.325391 0.626563 0.0800781 0.139063
0 0.187305 0.0908203 0.0800781 0.181641
0 0.234766 0.564063 0.0925781 0.126563
0 0.545313 0.858594 0.114063 0.282813
0 0.706641 0.665625 0.114844 0.1125
0 0.732422 0.405078 0.102344 0.278906
0 0.552734 0.952344 0.0578125 0.0953125
0 0.201904 0.0443359 0.0571289 0.0861328
0 0.607813 0.452441 0.34375 0.37168
0 0.369141 0.921875 0.0523438 0.078125
0 0.184375 0.101465 0.117188 0.201758
0 0.29082 0.540234 0.228516 0.382031
0 0.195703 0.0743164 0.0777344 0.148633
0 0.55625 0.880859 0.0835937 0.238281
0 0.701953 0.461719 0.158594 0.395313
0 0.347656 0.568066 0.15 0.476367
0 0.452344 0.345703 0.660937 0.636719
0 0.183203 0.0611816 0.101172 0.115918
0 0.287109 0.484277 0.225 0.281445
0 0.230469 0.505859 0.109375 0.199219
0 0.252734 0.810742 0.282031 0.281641
0 0.560547 0.827344 0.09375 0.345313
0 0.696094 0.300977 0.14375 0.237109
0 0.7 0.532813 0.148438 0.408594
0 0.152368 0.110645 0.159326 0.219336
0 0.237939 0.748047 0.257715 0.400781
0 0.549219 0.480078 0.0484375 0.0742188
0 0.165723 0.0874023 0.131836 0.170898
0 0.702734 0.323633 0.130469 0.168359
0 0.586328 0.582812 0.378906 0.639063
0 0.374414 0.925 0.0394531 0.06875
0 0.222656 0.485938 0.09375 0.154688
0 0.163379 0.0571289 0.131836 0.106836
0 0.19707 0.0609863 0.0660156 0.116895
0 0.329883 0.342969 0.393359 0.685938
0 0.705469 0.315234 0.090625 0.0890625
0 0.678516 0.311133 0.180469 0.190234
0 0.51875 0.885352 0.146875 0.229297
0 0.75 0.381348 0.04375 0.145117
0 0.742188 0.349219 0.0484375 0.113281
0 0.557031 0.910937 0.0515625 0.13125
0 0.478516 0.433594 0.600781 0.585938
0 0.368555 0.925 0.0714844 0.09375
0 0.214453 0.147266 0.225781 0.294531
0 0.567578 0.9 0.0898438 0.2
0 0.406348 0.546191 0.199805 0.388867
0 0.747266 0.418359 0.0632813 0.3125
0 0.171191 0.853906 0.133398 0.159375
0 0.648047 0.616406 0.249219 0.696875
0 0.387598 0.592969 0.0576172 0.170313
0 0.271875 0.769141 0.192969 0.455469
0 0.446484 0.442188 0.0367188 0.0609375
0 0.687109 0.363281 0.171875 0.1875
0 0.349219 0.450781 0.0890625 0.201563
0 0.222656 0.832617 0.214844 0.225391
0 0.505859 0.921875 0.146094 0.15625
0 0.165527 0.898438 0.105664 0.06875
0 0.268359 0.453223 0.184375 0.229492
0 0.355078 0.526172 0.126563 0.352344
0 0.551562 0.961328 0.05 0.0773438
0 0.903125 0.042041 0.189063 0.0749023
0 0.293311 0.4125 0.335254 0.823438
0 0.2 0.884375 0.103516 0.078125
0 0.672656 0.317383 0.034375 0.0707031
0 0.298438 0.559766 0.102344 0.14375
0 0.163281 0.0386719 0.119531 0.0667969
0 0.7125 0.292969 0.113281 0.286719
0 0.356055 0.376563 0.0378906 0.0515625
0 0.27168 0.526172 0.191797 0.267188
0 0.218164 0.472656 0.0761719 0.121875
0 0.187549 0.0411133 0.0803711 0.0753906
0 0.364258 0.378906 0.0488281 0.0546875
0 0.212305 0.0394043 0.040625 0.0717773
0 0.330469 0.491016 0.310156 0.296094
0 0.0292847 0.904688 0.0484619 0.115625
0 0.492578 0.852734 0.213281 0.294531
0 0.441016 0.251172 0.652344 0.502344
0 0.157715 0.859375 0.0962891 0.140625
0 0.275 0.896094 0.100781 0.0921875
0 0.236768 0.882031 0.128809 0.0796875
0 0.32793 0.464844 0.0496094 0.14375
0 0.182764 0.830469 0.148535 0.171875
0 0.349805 0.436328 0.139453 0.171094
0 0.214844 0.879687 0.0695313 0.053125
0 0.236914 0.435937 0.104688 0.120313
0 0.746484 0.359375 0.0398437 0.103125
0 0.26792 0.5875 0.191504 0.367969
0 0.175391 0.0742188 0.103906 0.144141
0 0.709375 0.642188 0.116406 0.152344
0 0.251563 0.892188 0.151562 0.103125
0 0.15293 0.0676758 0.160547 0.134766
0 0.330469 0.448438 0.0566406 0.183594
0 0.971094 0.00684814 0.0578125 0.0136963
0 0.159766 0.878125 0.0960938 0.0984375
0 0.228125 0.453125 0.0648438 0.075
0 0.38125 0.433203 0.151562 0.164062
0 0.701953 0.300781 0.0929688 0.121094
0 0.232861 0.6625 0.26084 0.55
0 0.720703 0.335938 0.100781 0.126563
0 0.554297 0.929688 0.0632813 0.140625
0 0.240234 0.752734 0.260938 0.378906
0 0.735938 0.342187 0.06875 0.122656
0 0.327734 0.625781 0.0757812 0.1375
0 0.343945 0.680078 0.476172 0.574219
0 0.716406 0.36543 0.114063 0.191797
0 0.426465 0.636816 0.70332 0.695117
0 0.373047 0.553906 0.132812 0.398438
0 0.716406 0.405859 0.117188 0.288281
0 0.235156 0.5625 0.0890625 0.120313
0 0.546094 0.924219 0.0734375 0.151562
0 0.532031 0.925 0.0984375 0.15
0 0.188232 0.0902344 0.0782227 0.180469
0 0.212549 0.15293 0.128027 0.305859
0 0.176514 0.892188 0.12666 0.078125
0 0.372656 0.925781 0.0421875 0.065625
0 0.254688 0.835742 0.282813 0.228516
0 0.708594 0.323047 0.101562 0.0980469
0 0.270654 0.562109 0.192285 0.295312
0 0.18667 0.151953 0.158691 0.303906
0 0.675391 0.404785 0.196094 0.282617
0 0.668359 0.455469 0.216406 0.369531
0 0.198242 0.125 0.133594 0.25
0 0.518848 0.453125 0.513867 0.378906
0 0.200391 0.105371 0.107422 0.207227
0 0.288867 0.54209 0.215234 0.379883
0 0.750781 0.377441 0.0421875 0.124805
0 0.222852 0.5125 0.0902344 0.19375
0 0.545313 0.86582 0.103125 0.268359
0 0.553125 0.951172 0.05625 0.0976562
0 0.746094 0.348828 0.0484375 0.114844
0 0.673047 0.317383 0.034375 0.0683594
0 0.203174 0.0442505 0.0569336 0.086499
0 0.306689 0.767969 0.383496 0.378125
0 0.699219 0.316406 0.0875 0.0804688
0 0.714844 0.452246 0.13125 0.367383
0 0.187158 0.0662109 0.0959961 0.125781
0 0.707812 0.329297 0.121875 0.149219
0 0.286328 0.486621 0.221094 0.28457
0 0.344531 0.565234 0.125781 0.457031
0 0.174902 0.84375 0.154883 0.159375
0 0.221436 0.846875 0.208691 0.19375
0 0.338477 0.634375 0.0578125 0.114063
0 0.455469 0.344727 0.64375 0.615234
0 0.284375 0.896094 0.0800781 0.0890625
0 0.174121 0.0966797 0.123633 0.189063
0 0.271484 0.50625 0.189453 0.228125
0 0.548828 0.478906 0.046875 0.071875
0 0.275977 0.765625 0.183984 0.43125
0 0.707031 0.301172 0.0859375 0.114844
0 0.200195 0.0780273 0.0769531 0.156055
0 0.446875 0.441406 0.0351562 0.05625
0 0.748438 0.411719 0.05625 0.290625
0 0.726562 0.333203 0.0765625 0.110937
0 0.558594 0.8375 0.0859375 0.325
0 0.51875 0.889844 0.1375 0.220313
0 0.707422 0.672656 0.113281 0.0984375
0 0.249609 0.86875 0.269531 0.15625
0 0.252344 0.892188 0.148438 0.1
0 0.175439 0.874219 0.124121 0.110937
0 0.503125 0.915625 0.151562 0.16875
0 0.167969 0.0625977 0.126172 0.117383
0 0.746875 0.357812 0.0390625 0.0945313
0 0.369141 0.922656 0.0664062 0.0875
0 0.390234 0.59375 0.0546875 0.1625
0 0.434766 0.198828 0.64375 0.391406
0 0.554688 0.885938 0.0757812 0.228125
0 0.557813 0.9125 0.0484375 0.128125
0 0.232422 0.452344 0.0539063 0.0671875
0 0.199805 0.884375 0.101562 0.071875
0 0.717188 0.494531 0.114063 0.500781
0 0.299609 0.560156 0.0984375 0.138281
0 0.365625 0.378027 0.046875 0.0517578
0 0.241846 0.883594 0.144434 0.078125
0 0.241016 0.448047 0.0910156 0.0851563
0 0.21958 0.118066 0.139746 0.23418
0 0.160059 0.861719 0.0974609 0.129688
0 0.21792 0.801758 0.208691 0.262109
0 0.349219 0.451562 0.0890625 0.2
0 0.703906 0.53584 0.140625 0.404883
0 0.161621 0.124121 0.160352 0.246289
0 0.688281 0.317969 0.159375 0.174219
0 0.238281 0.436328 0.100781 0.116406
0 0.160352 0.88125 0.0933594 0.0875
0 0.66875 0.314063 0.0453125 0.0796875
0 0.315625 0.610938 0.0695313 0.107031
0 0.218359 0.145508 0.213281 0.291016
0 0.347266 0.65625 0.0378906 0.075
0 0.552344 0.9625 0.0484375 0.075
0 0.241016 0.457031 0.06875 0.0765625
0 0.220898 0.471094 0.0726563 0.110156
0 0.6125 0.471484 0.329688 0.40625
0 0.679297 0.322656 0.0421875 0.0710938
0 0.340625 0.65 0.0492188 0.0765625
0 0.379688 0.923438 0.040625 0.071875
0 0.213477 0.88125 0.0691406 0.0484375
0 0.357031 0.375684 0.0375 0.0486328
0 0.219531 0.576172 0.0546875 0.0773438
0 0.314453 0.587891 0.0546875 0.065625
0 0.225977 0.547656 0.0902344 0.154688
0 0.655078 0.623828 0.236719 0.705469
0 0.19917 0.833008 0.156348 0.165234
0 0.21875 0.489453 0.0804688 0.159375
0 0.660937 0.376172 0.21875 0.208594
0 0.753906 0.417578 0.034375 0.211719
0 0.232031 0.243164 0.0679687 0.0851563
0 0.383203 0.869531 0.3875 0.25625
0 0.228906 0.569922 0.071875 0.0929688
0 0.213672 0.0384277 0.040625 0.0696289
0 0.307031 0.585938 0.0585938 0.0546875
0 0.217969 0.557422 0.0828125 0.125781
0 0.212109 0.883594 0.0492188 0.0421875
0 0.568359 0.880469 0.0914062 0.239063
0 0.185352 0.884375 0.100391 0.04375
0 0.713281 0.282373 0.110937 0.246191
0 0.742188 0.493652 0.0671875 0.554883
0 0.22168 0.860156 0.155859 0.103125
0 0.679688 0.54209 0.204688 0.545508
0 0.190039 0.0411011 0.078125 0.0758057
0 0.477344 0.903125 0.203125 0.19375
0 0.212549 0.53125 0.0827148 0.195312
0 0.358984 0.434473 0.113281 0.16543
0 0.273047 0.630078 0.211719 0.580469
0 0.0295898 0.903906 0.0473633 0.114063
0 0.311914 0.876563 0.127734 0.140625
0 0.709375 0.651563 0.110937 0.132812
0 0.321484 0.597266 0.046875 0.08125
0 0.222266 0.457813 0.06875 0.0796875
0 0.571484 0.625781 0.408594 0.714063
0 0.387402 0.555859 0.0486328 0.0851563
0 0.332422 0.89375 0.146094 0.1625
0 0.925 0.040625 0.145313 0.0714844
0 0.361133 0.925 0.0667969 0.071875
0 0.214502 0.882812 0.121777 0.090625
0 0.151074 0.0792969 0.158008 0.153711
0 0.215234 0.0394531 0.0585938 0.0777344
0 0.198828 0.817187 0.169141 0.221875
0 0.544141 0.471094 0.0351562 0.053125
0 0.306641 0.628906 0.116406 0.157813
0 0.358984 0.896875 0.0875 0.16875
0 0.494141 0.864062 0.182812 0.271875
0 0.973828 0.00775146 0.0523438 0.0155029
0 0.219531 0.589844 0.0554687 0.071875
0 0.374219 0.374902 0.0421875 0.0423828
0 0.892188 0.00224609 0.209375 0.00449219
0 0.327734 0.465625 0.0464844 0.140625
0 0.700781 0.286328 0.0921875 0.163281
0 0.539062 0.94375 0.0828125 0.1125
0 0.685938 0.274805 0.157813 0.256641
0 0.238086 0.686328 0.266797 0.502344
0 0.721094 0.335938 0.101562 0.128125
0 0.554688 0.929688 0.0632813 0.140625
0 0.736719 0.342578 0.06875 0.124219
0 0.328906 0.625 0.0757812 0.139844
0 0.25542 0.837305 0.28291 0.222266
0 0.271484 0.558594 0.192969 0.28125
0 0.716797 0.363867 0.111719 0.187891
0 0.235742 0.563281 0.0871094 0.11875
0 0.435254 0.629297 0.691992 0.719531
0 0.373633 0.552734 0.133984 0.396094
0 0.713281 0.399902 0.123438 0.276758
0 0.532031 0.925781 0.0984375 0.148438
0 0.190283 0.0904297 0.0756836 0.180859
0 0.175977 0.892188 0.125 0.075
0 0.546484 0.923438 0.0726563 0.153125
0 0.708594 0.322852 0.101562 0.0984375
0 0.374023 0.923438 0.0386719 0.0671875
0 0.2125 0.152832 0.121094 0.305664
0 0.746094 0.349609 0.0484375 0.117969
0 0.221875 0.850781 0.209766 0.185938
0 0.220117 0.500781 0.0914062 0.204688
0 0.3375 0.684766 0.460938 0.560156
0 0.182617 0.153613 0.173828 0.307227
0 0.203711 0.103613 0.107813 0.202148
0 0.75 0.36875 0.0421875 0.101562
0 0.480078 0.461328 0.592969 0.414844
0 0.553516 0.95 0.05625 0.1
0 0.544141 0.868164 0.103906 0.263672
0 0.677344 0.455078 0.196875 0.367969
0 0.250977 0.870313 0.270703 0.153125
0 0.672656 0.317578 0.034375 0.0679687
0 0.733594 0.401172 0.0890625 0.265625
0 0.175439 0.845117 0.152246 0.156641
0 0.450879 0.344727 0.654492 0.667578
0 0.715625 0.453027 0.126563 0.367383
0 0.276172 0.763281 0.320312 0.38125
0 0.349805 0.550391 0.132422 0.391406
0 0.339063 0.633594 0.0578125 0.114844
0 0.548828 0.478125 0.0460938 0.0734375
0 0.187695 0.0745117 0.0957031 0.142969
0 0.691406 0.417188 0.16875 0.289844
0 0.727344 0.332813 0.0765625 0.110937
0 0.246484 0.518359 0.141406 0.199219
0 0.708594 0.330078 0.121875 0.147656
0 0.285938 0.538965 0.210938 0.375195
0 0.464941 0.533203 0.623242 0.564844
0 0.28457 0.896094 0.0816406 0.0890625
0 0.204492 0.065918 0.0558594 0.129492
0 0.697656 0.316797 0.0828125 0.0804688
0 0.369922 0.93125 0.0484375 0.05625
0 0.23125 0.548438 0.0859375 0.15625
0 0.252734 0.892188 0.149219 0.1
0 0.201904 0.0823242 0.0743164 0.164648
0 0.174609 0.876563 0.121875 0.104688
0 0.753125 0.388281 0.0375 0.15
0 0.204102 0.0459473 0.0558594 0.0899414
0 0.75 0.408984 0.0515625 0.283594
0 0.669531 0.523438 0.207813 0.507812
0 0.707031 0.300781 0.0875 0.117188
0 0.31582 0.49375 0.283203 0.30625
0 0.175195 0.0941162 0.127734 0.182861
0 0.258984 0.75 0.235156 0.403125
0 0.317383 0.610938 0.0691406 0.1125
0 0.557813 0.844531 0.0835937 0.310937
0 0.707812 0.673828 0.1125 0.0976562
0 0.51875 0.889844 0.1375 0.220313
0 0.503516 0.916406 0.150781 0.167187
0 0.161523 0.882812 0.0941406 0.0859375
0 0.286719 0.472559 0.221875 0.273633
0 0.71875 0.491016 0.110937 0.489844
0 0.197656 0.885938 0.0976562 0.071875
0 0.169141 0.0718262 0.124609 0.136621
0 0.271484 0.497266 0.186719 0.238281
0 0.369727 0.921875 0.0628906 0.084375
0 0.347656 0.655078 0.0382813 0.0765625
0 0.219141 0.576172 0.0515625 0.075
0 0.23418 0.452734 0.0503906 0.065625
0 0.446875 0.441406 0.034375 0.05625
0 0.390625 0.59375 0.0523438 0.1625
0 0.24375 0.446875 0.0882813 0.0890625
0 0.232813 0.242969 0.0679687 0.0867188
0 0.227734 0.571484 0.0671875 0.0875
0 0.560938 0.91875 0.04375 0.128125
0 0.554688 0.883008 0.075 0.233984
0 0.242188 0.457031 0.0671875 0.0765625
0 0.393359 0.386328 0.0679687 0.0539063
0 0.754687 0.421094 0.034375 0.225
0 0.66875 0.314453 0.046875 0.078125
0 0.163672 0.118164 0.175391 0.234766
0 0.298828 0.559375 0.0996094 0.139063
0 0.696484 0.698438 0.0296875 0.0390625
0 0.544531 0.470313 0.0328125 0.053125
0 0.744531 0.494141 0.0625 0.547656
0 0.317188 0.624219 0.0976562 0.153125
0 0.341211 0.65 0.0496094 0.0765625
0 0.380078 0.872656 0.397656 0.25
0 0.692187 0.318945 0.153125 0.172266
0 0.319922 0.560547 0.158594 0.430469
0 0.677344 0.323047 0.0375 0.0695313
0 0.209961 0.882031 0.0722656 0.0484375
0 0.553125 0.963281 0.046875 0.0734375
0 0.200781 0.0947266 0.0882813 0.189453
0 0.239844 0.435937 0.0984375 0.117188
0 0.662109 0.622656 0.222656 0.704688
0 0.210547 0.884375 0.0476562 0.040625
0 0.184033 0.885938 0.0999023 0.040625
0 0.366406 0.377734 0.0507812 0.0570313
0 0.221094 0.884375 0.20625 0.11875
0 0.220313 0.588281 0.0542969 0.0703125
0 0.268018 0.634766 0.203027 0.591406
0 0.199219 0.832812 0.157813 0.165625
0 0.350586 0.452734 0.0878906 0.197656
0 0.322266 0.598437 0.046875 0.0859375
0 0.210547 0.857813 0.155469 0.1125
0 0.220313 0.470313 0.0734375 0.104688
0 0.315625 0.589063 0.053125 0.06875
0 0.714063 0.283984 0.110937 0.244531
0 0.308203 0.5875 0.0625 0.0601563
0 0.4 0.39209 0.071875 0.0533203
0 0.709375 0.652344 0.109375 0.130469
0 0.667969 0.665625 0.0234375 0.0328125
0 0.561719 0.457129 0.426563 0.376367
0 0.217578 0.559375 0.0792969 0.121875
0 0.241064 0.88125 0.139746 0.0703125
0 0.421094 0.202148 0.675 0.397266
0 0.376465 0.375781 0.0439453 0.046875
0 0.212842 0.528125 0.0829102 0.203125
0 0.294531 0.615625 0.139844 0.167187
0 0.15332 0.0831055 0.153125 0.160938
0 0.334766 0.469922 0.16875 0.240625
0 0.718359 0.692969 0.08125 0.05
0 0.70625 0.536816 0.1375 0.406055
0 0.225977 0.453125 0.0625 0.071875
0 0.146289 0.889063 0.0636719 0.06875
0 0.381348 0.381934 0.0529297 0.0564453
0 0.360938 0.925 0.0671875 0.06875
0 0.478906 0.903906 0.203125 0.192188
0 0.477344 0.848047 0.211719 0.303906
0 0.210156 0.143066 0.265625 0.286133
0 0.317773 0.339063 0.333984 0.678125
0 0.553125 0.911719 0.0546875 0.135937
0 0.029895 0.903906 0.0468506 0.115625
0 0.218164 0.885156 0.133984 0.09375
0 0.266797 0.571484 0.16875 0.117969
0 0.230469 0.468359 0.0648438 0.096875
0 0.254688 0.573828 0.132812 0.140625
0 0.332031 0.892969 0.142188 0.160938
0 0.524219 0.837305 0.124219 0.325391
0 0.136328 0.150293 0.256641 0.297852
0 0.273633 0.401563 0.0300781 0.040625
0 0.719922 0.676953 0.0898438 0.0828125
0 0.360156 0.896875 0.0820312 0.165625
0 0.689063 0.276758 0.153125 0.251172
0 0.977344 0.00908203 0.0453125 0.0181641
0 0.160938 0.895312 0.0902344 0.059375
0 0.14082 0.101196 0.183203 0.194873
0 0.362891 0.810742 0.454688 0.372266
0 0.385156 0.390723 0.0648438 0.0669922
0 0.539062 0.94375 0.0828125 0.1125
0 0.389453 0.548047 0.0484375 0.0703125
0 0.245703 0.148047 0.185156 0.294141
0 0.701172 0.284766 0.09375 0.165625
0 0.23125 0.66875 0.277344 0.546875
0 0.553906 0.928125 0.0640625 0.14375
0 0.721094 0.335938 0.102344 0.129688
0 0.717188 0.367773 0.114063 0.195703
0 0.734766 0.344336 0.0710938 0.129297
0 0.430566 0.63125 0.698242 0.723437
0 0.344922 0.684766 0.480469 0.571094
0 0.332422 0.625781 0.0726563 0.140625
0 0.254346 0.849219 0.280371 0.203125
0 0.717578 0.41084 0.114844 0.301758
0 0.530469 0.925391 0.1 0.149219
0 0.270264 0.557031 0.194629 0.284375
0 0.545313 0.921484 0.075 0.157031
0 0.190186 0.0905273 0.0758789 0.181055
0 0.234375 0.5625 0.0882813 0.121875
0 0.685547 0.46875 0.182031 0.395313
0 0.373828 0.55625 0.136719 0.404687
0 0.177295 0.153516 0.186035 0.307031
0 0.207227 0.152539 0.130078 0.305078
0 0.372656 0.924219 0.040625 0.06875
0 0.473828 0.475781 0.608594 0.45625
0 0.175342 0.892969 0.125879 0.075
0 0.7375 0.403027 0.0828125 0.268945
0 0.716016 0.464063 0.125781 0.389062
0 0.707031 0.671484 0.114063 0.103906
0 0.541016 0.868164 0.108594 0.263672
0 0.433594 0.347656 0.69375 0.626563
0 0.219141 0.499609 0.0921875 0.210156
0 0.691406 0.405469 0.165625 0.285938
0 0.203564 0.106348 0.11084 0.206445
0 0.552734 0.948047 0.0570313 0.103906
0 0.548828 0.477344 0.046875 0.0765625
0 0.75 0.410547 0.053125 0.289062
0 0.18667 0.0959229 0.119629 0.187061
0 0.696875 0.698438 0.0296875 0.0390625
0 0.745313 0.351953 0.05 0.126563
0 0.174902 0.845313 0.15332 0.157813
0 0.245312 0.748828 0.264062 0.389844
0 0.32168 0.615625 0.0808594 0.132812
0 0.710938 0.320508 0.0945313 0.0964844
0 0.252734 0.885938 0.275 0.125
0 0.177344 0.11875 0.171094 0.2375
0 0.751172 0.382812 0.04375 0.149219
0 0.70625 0.328906 0.125 0.158594
0 0.203906 0.0666992 0.0554687 0.13125
0 0.369141 0.932813 0.0492188 0.05625
0 0.229492 0.545313 0.0890625 0.164844
0 0.185156 0.0724609 0.096875 0.138477
0 0.174512 0.875 0.122852 0.109375
0 0.246289 0.519141 0.144141 0.203906
0 0.508203 0.925 0.140625 0.15
0 0.706641 0.533594 0.136719 0.40625
0 0.699609 0.301563 0.138281 0.228125
0 0.516016 0.888672 0.140625 0.222656
0 0.555469 0.84668 0.084375 0.306641
0 0.342773 0.555859 0.144141 0.404687
0 0.201221 0.0827148 0.0725586 0.16543
0 0.203711 0.0463379 0.0554687 0.0905273
0 0.676953 0.615625 0.19375 0.689063
0 0.168359 0.0895508 0.123438 0.172461
0 0.436816 0.285156 0.595117 0.564844
0 0.338672 0.632031 0.0585938 0.121094
0 0.274609 0.896875 0.107031 0.090625
0 0.667969 0.666016 0.0242188 0.0335938
0 0.719531 0.496875 0.110156 0.5125
0 0.544531 0.469922 0.0328125 0.0523438
0 0.312109 0.478125 0.277344 0.29375
0 0.672656 0.318359 0.034375 0.0703125
0 0.162305 0.882031 0.0976562 0.0875
0 0.377734 0.872656 0.403906 0.253125
0 0.251953 0.89375 0.157813 0.1
0 0.726562 0.332422 0.078125 0.111719
0 0.391309 0.592188 0.0517578 0.160938
0 0.744531 0.492578 0.0625 0.5625
0 0.367969 0.923438 0.0671875 0.090625
0 0.228516 0.86875 0.225 0.153125
0 0.717578 0.692187 0.0804688 0.0515625
0 0.162012 0.865625 0.100977 0.121875
0 0.490625 0.88457 0.178125 0.230859
0 0.70625 0.298047 0.0890625 0.130469
0 0.226562 0.571875 0.06875 0.0890625
0 0.700781 0.522754 0.157813 0.507617
0 0.218359 0.576172 0.053125 0.0757812
0 0.283203 0.543359 0.213281 0.386719
0 0.242969 0.442969 0.0925781 0.103125
0 0.393359 0.38584 0.0695313 0.0564453
0 0.719531 0.676172 0.0890625 0.084375
0 0.195508 0.8875 0.0992187 0.06875
0 0.707031 0.641797 0.114063 0.146094
0 0.644531 0.465625 0.271875 0.3875
0 0.315234 0.337891 0.371094 0.675781
0 0.526172 0.850195 0.132812 0.299609
0 0.35 0.451465 0.0898438 0.19707
0 0.200439 0.0947266 0.0850586 0.189453
0 0.382422 0.200342 0.764844 0.38916
0 0.540625 0.470313 0.0421875 0.059375
0 0.237305 0.428027 0.108594 0.142383
0 0.66875 0.661719 0.0257812 0.046875
0 0.242578 0.455469 0.0726563 0.08125
0 0.468848 0.848437 0.229492 0.303125
0 0.669531 0.662891 0.034375 0.0507812
0 0.269922 0.487402 0.188281 0.25957
0 0.16582 0.898438 0.105469 0.0625
0 0.14104 0.104297 0.180029 0.2
0 0.216992 0.834375 0.204297 0.207813
0 0.400684 0.39209 0.0736328 0.0548828
0 0.23418 0.453125 0.0523438 0.0703125
0 0.135156 0.151855 0.255469 0.299023
0 0.754687 0.425391 0.0375 0.239063
0 0.211719 0.526953 0.0832031 0.205469
0 0.154102 0.886719 0.0796875 0.0734375
0 0.672656 0.672266 0.0296875 0.04375
0 0.35918 0.927344 0.0691406 0.0671875
0 0.683984 0.682813 0.0601563 0.0671875
0 0.216406 0.557031 0.0804688 0.126563
0 0.701953 0.697656 0.04375 0.0414063
0 0.558594 0.913281 0.046875 0.132812
0 0.367188 0.376563 0.0507812 0.0570313
0 0.220313 0.588281 0.0554687 0.0703125
0 0.69375 0.317578 0.0765625 0.0828125
0 0.298242 0.557813 0.0996094 0.138281
0 0.273438 0.400781 0.03125 0.0421875
0 0.539844 0.464063 0.475 0.390625
0 0.232813 0.243555 0.0679687 0.0878906
0 0.340625 0.649219 0.0515625 0.0796875
0 0.207813 0.885156 0.0519531 0.040625
0 0.552344 0.9625 0.0484375 0.075
0 0.206299 0.882812 0.0803711 0.0484375
0 0.315039 0.586719 0.0523438 0.0671875
0 0.217627 0.122168 0.127246 0.239258
0 0.380371 0.413379 0.150195 0.12168
0 0.362891 0.813672 0.457031 0.372656
0 0.314258 0.565625 0.171484 0.453125
0 0.282031 0.409766 0.34375 0.819531
0 0.377246 0.374609 0.0439453 0.046875
0 0.218359 0.475391 0.0765625 0.120313
0 0.381641 0.382031 0.0554687 0.059375
0 0.66875 0.314844 0.046875 0.0789063
0 0.140039 0.143652 0.189063 0.287305
0 0.447266 0.441016 0.0351562 0.059375
0 0.208594 0.143652 0.270313 0.286523
0 0.238281 0.666797 0.272266 0.580469
0 0.553906 0.928125 0.0640625 0.14375
0 0.714453 0.337305 0.104688 0.127734
0 0.347266 0.683594 0.482031 0.576563
0 0.717578 0.367773 0.113281 0.194141
0 0.438379 0.635156 0.682617 0.715625
0 0.733594 0.343359 0.0710938 0.127344
0 0.717578 0.408496 0.114844 0.295508
0 0.529688 0.925781 0.0984375 0.148438
0 0.270264 0.557031 0.194629 0.284375
0 0.19043 0.0889648 0.075 0.17793
0 0.253955 0.84707 0.27959 0.208984
0 0.332422 0.625 0.071875 0.139063
0 0.545313 0.921094 0.0734375 0.157813
0 0.191797 0.151953 0.159766 0.303906
0 0.675 0.483691 0.201563 0.429492
0 0.210986 0.13877 0.124121 0.277539
0 0.372266 0.558691 0.132031 0.40918
0 0.734375 0.401563 0.090625 0.265625
0 0.706641 0.670313 0.114063 0.103125
0 0.233203 0.561719 0.0859375 0.119531
0 0.203564 0.104102 0.106152 0.200781
0 0.708984 0.47959 0.136719 0.425195
0 0.372656 0.925 0.0398437 0.06875
0 0.481348 0.486328 0.59668 0.471875
0 0.541406 0.854883 0.108594 0.290234
0 0.454688 0.344141 0.653125 0.65625
0 0.22168 0.515234 0.0925781 0.196094
0 0.470703 0.412109 0.624219 0.424219
0 0.180811 0.115137 0.162598 0.229883
0 0.696484 0.698047 0.0304688 0.0390625
0 0.685156 0.405859 0.179688 0.285156
0 0.750391 0.410059 0.0539063 0.287695
0 0.55625 0.920313 0.05 0.146875
0 0.245117 0.748438 0.262891 0.3875
0 0.549219 0.477734 0.0484375 0.0757812
0 0.175195 0.89375 0.128125 0.06875
0 0.170703 0.0918945 0.116406 0.175977
0 0.706641 0.327148 0.124219 0.162891
0 0.552344 0.948047 0.0546875 0.103906
0 0.203711 0.0708984 0.0546875 0.138281
0 0.174023 0.842188 0.150781 0.159375
0 0.24043 0.517969 0.132031 0.201563
0 0.517188 0.866602 0.140625 0.266797
0 0.252539 0.885938 0.274609 0.125
0 0.700391 0.298828 0.136719 0.234375
0 0.201514 0.0831055 0.0711914 0.166211
0 0.158203 0.103931 0.146484 0.199561
0 0.508594 0.927344 0.1375 0.145313
0 0.297266 0.748047 0.363281 0.422656
0 0.710156 0.320508 0.0921875 0.0957031
0 0.36875 0.932813 0.0484375 0.053125
0 0.228906 0.541016 0.0890625 0.173438
0 0.532813 0.885742 0.107813 0.228516
0 0.185596 0.0783203 0.0944336 0.149805
0 0.487891 0.862109 0.185938 0.275781
0 0.676562 0.616797 0.19375 0.691406
0 0.173926 0.871875 0.122461 0.1125
0 0.349805 0.451953 0.0902344 0.195312
0 0.378125 0.870508 0.401563 0.258984
0 0.667969 0.665625 0.0234375 0.0328125
0 0.216797 0.489844 0.0828125 0.178906
0 0.282031 0.471094 0.221094 0.26875
0 0.389844 0.592188 0.0507812 0.165625
0 0.315234 0.330273 0.364844 0.658203
0 0.709375 0.65 0.104688 0.136719
0 0.71875 0.495996 0.110937 0.50957
0 0.203906 0.0475098 0.0546875 0.0918945
0 0.496875 0.910937 0.1625 0.178125
0 0.751172 0.381641 0.0421875 0.146094
0 0.239453 0.434375 0.0992187 0.117969
0 0.548438 0.879492 0.0765625 0.241016
0 0.320703 0.614844 0.078125 0.126563
0 0.269141 0.512891 0.189063 0.21875
0 0.741406 0.346875 0.0515625 0.11875
0 0.741016 0.523047 0.0695313 0.478906
0 0.544531 0.470313 0.0328125 0.053125
0 0.425781 0.190186 0.676562 0.363379
0 0.160547 0.863281 0.0984375 0.123438
0 0.226758 0.569531 0.0707031 0.0890625
0 0.70625 0.297461 0.0875 0.133203
0 0.749219 0.359766 0.0421875 0.135156
0 0.367578 0.923438 0.0679687 0.090625
0 0.232617 0.866406 0.233984 0.154688
0 0.66875 0.661328 0.0257812 0.0460938
0 0.673438 0.31543 0.0382813 0.0816406
0 0.75 0.484277 0.053125 0.554883
0 0.242188 0.455469 0.071875 0.0796875
0 0.673438 0.673438 0.0328125 0.0460938
0 0.669531 0.662891 0.034375 0.0507812
0 0.325781 0.572266 0.158594 0.455469
0 0.541016 0.470313 0.0429688 0.059375
0 0.715625 0.692969 0.0765625 0.0484375
0 0.558594 0.470313 0.439063 0.4
0 0.711328 0.683203 0.1 0.0742188
0 0.27832 0.5625 0.201172 0.425
0 0.685547 0.682813 0.0609375 0.0664062
0 0.2125 0.144531 0.257422 0.287109
0 0.378516 0.416016 0.146094 0.121094
0 0.218945 0.841406 0.207031 0.190625
0 0.23457 0.453125 0.0515625 0.06875
0 0.270313 0.896875 0.117969 0.0890625
0 0.358984 0.928125 0.0671875 0.065625
0 0.31543 0.493652 0.283203 0.30332
0 0.218164 0.575 0.053125 0.075
0 0.273438 0.401172 0.0304688 0.0429688
0 0.713281 0.27417 0.110937 0.292285
0 0.70625 0.595703 0.126563 0.241406
0 0.298828 0.55625 0.0976562 0.134375
0 0.392578 0.385938 0.0679687 0.0539063
0 0.31543 0.584375 0.0496094 0.0609375
0 0.251758 0.894531 0.163672 0.0984375
0 0.349219 0.539453 0.132812 0.378906
0 0.150586 0.885938 0.0730469 0.0734375
0 0.701563 0.697656 0.04375 0.040625
0 0.194531 0.890625 0.105469 0.05625
0 0.351953 0.434277 0.132031 0.164258
0 0.394531 0.394141 0.0742188 0.0625
0 0.703516 0.682813 0.0882813 0.0609375
0 0.136133 0.152246 0.256641 0.297852
0 0.48125 0.929297 0.19375 0.141406
0 0.141211 0.12041 0.180469 0.235742
0 0.214648 0.478906 0.0792969 0.13125
0 0.362109 0.806445 0.453906 0.387109
0 0.23833 0.669922 0.270996 0.575781
0 0.553906 0.928125 0.0640625 0.14375
0 0.714844 0.337109 0.104688 0.127344
0 0.347266 0.684766 0.48125 0.575781
0 0.717969 0.367188 0.1125 0.19375
0 0.270752 0.557422 0.193652 0.28125
0 0.253955 0.845117 0.280371 0.209766
0 0.530078 0.926562 0.0976562 0.146875
0 0.717969 0.405566 0.115625 0.29043
0 0.438184 0.635254 0.68457 0.710742
0 0.732031 0.342187 0.0742188 0.123438
0 0.190625 0.0876953 0.075 0.175391
0 0.332031 0.624609 0.071875 0.1375
0 0.371484 0.558203 0.132031 0.403906
0 0.212451 0.135156 0.124316 0.269922
0 0.545313 0.921094 0.0734375 0.157813
0 0.193359 0.15166 0.158594 0.30332
0 0.233594 0.561719 0.0867188 0.11875
0 0.204248 0.10166 0.104785 0.195898
0 0.689844 0.471191 0.175 0.398242
0 0.244727 0.748047 0.263672 0.385156
0 0.707031 0.671094 0.114063 0.1
0 0.540234 0.855469 0.110937 0.289062
0 0.18125 0.113477 0.157813 0.225781
0 0.718359 0.465625 0.124219 0.390625
0 0.289062 0.767578 0.346875 0.382031
0 0.55 0.478125 0.05 0.075
0 0.460547 0.340625 0.641406 0.654688
0 0.373047 0.925 0.0390625 0.065625
0 0.222266 0.515625 0.0929688 0.19375
0 0.48584 0.485059 0.587695 0.467383
0 0.471875 0.405859 0.621875 0.441406
0 0.172461 0.0924805 0.113281 0.176758
0 0.696875 0.698047 0.0296875 0.0382813
0 0.369336 0.921875 0.0488281 0.075
0 0.244092 0.51875 0.138379 0.2
0 0.749219 0.408984 0.0578125 0.284375
0 0.55625 0.921875 0.05 0.14375
0 0.252734 0.886719 0.275781 0.125
0 0.15957 0.103491 0.144141 0.197705
0 0.710547 0.319141 0.0929688 0.09375
0 0.706641 0.327734 0.125 0.161719
0 0.683594 0.405859 0.182812 0.283594
0 0.552344 0.948438 0.0546875 0.103125
0 0.516797 0.866406 0.140625 0.267188
0 0.203906 0.0709961 0.0546875 0.137891
0 0.201953 0.0826172 0.0722656 0.165234
0 0.699219 0.29707 0.139063 0.231641
0 0.704688 0.532813 0.142188 0.404687
0 0.228906 0.539844 0.0890625 0.175
0 0.170996 0.853125 0.128711 0.153125
0 0.375 0.871094 0.407813 0.25625
0 0.269531 0.497656 0.1875 0.232813
0 0.35 0.452344 0.090625 0.191406
0 0.174609 0.89375 0.128516 0.06875
0 0.487891 0.862109 0.185938 0.275781
0 0.507812 0.925781 0.141406 0.148438
0 0.368359 0.932813 0.0484375 0.053125
0 0.278906 0.559375 0.201563 0.409375
0 0.532031 0.886719 0.110937 0.226562
0 0.664062 0.494531 0.225 0.45
0 0.389746 0.592969 0.0533203 0.16875
0 0.283594 0.473438 0.223438 0.267188
0 0.204297 0.0478516 0.0539063 0.0921875
0 0.187061 0.840625 0.16416 0.151562
0 0.219727 0.8625 0.208984 0.153125
0 0.159277 0.8625 0.0966797 0.125
0 0.227344 0.56875 0.0726563 0.090625
0 0.157617 0.878906 0.0902344 0.0921875
0 0.545313 0.471484 0.0351562 0.0554687
0 0.321094 0.613281 0.078125 0.125
0 0.673438 0.318359 0.034375 0.0695313
0 0.742188 0.49375 0.06875 0.55625
0 0.741406 0.346484 0.0515625 0.116406
0 0.751563 0.378027 0.0421875 0.137695
0 0.673438 0.619922 0.201563 0.700781
0 0.710156 0.65 0.105469 0.135937
0 0.460938 0.227344 0.6875 0.448438
0 0.321875 0.569629 0.180469 0.432617
0 0.217578 0.489063 0.0828125 0.180469
0 0.667969 0.665625 0.0234375 0.0328125
0 0.314502 0.323828 0.357715 0.644531
0 0.215234 0.144043 0.25 0.285352
0 0.70625 0.299609 0.0875 0.121094
0 0.217529 0.830469 0.206348 0.2125
0 0.548047 0.881836 0.0789063 0.236328
0 0.347852 0.538965 0.138672 0.373633
0 0.711719 0.682813 0.1 0.0734375
0 0.367578 0.921875 0.0671875 0.0875
0 0.239063 0.434375 0.0992187 0.117188
0 0.235742 0.423828 0.111328 0.149219
0 0.361719 0.803125 0.454688 0.39375
0 0.315234 0.583594 0.0492188 0.0578125
0 0.358203 0.928125 0.0671875 0.0640625
0 0.148242 0.885938 0.0683594 0.075
0 0.298047 0.554688 0.0992187 0.132812
0 0.217969 0.574609 0.053125 0.0757812
0 0.243359 0.457031 0.0664062 0.0742188
0 0.674219 0.673828 0.0328125 0.0453125
0 0.311719 0.495703 0.275 0.296094
0 0.749219 0.355859 0.0414063 0.121875
0 0.559766 0.469629 0.438281 0.398242
0 0.7125 0.272656 0.114063 0.2875
0 0.377344 0.41709 0.14375 0.117383
0 0.716016 0.692969 0.0773438 0.046875
0 0.321875 0.586328 0.0421875 0.0617188
0 0.66875 0.660937 0.0257812 0.0453125
0 0.703906 0.683203 0.0875 0.0601563
0 0.140796 0.119824 0.181299 0.233008
0 0.348438 0.4625 0.1375 0.21875
0 0.300391 0.627344 0.129297 0.164062
0 0.220654 0.882031 0.209473 0.107813
0 0.235156 0.452734 0.0507812 0.0671875
0 0.672656 0.658203 0.0328125 0.0546875
0 0.483203 0.427246 0.633594 0.264258
0 0.70625 0.596875 0.128125 0.2375
0 0.701563 0.697266 0.04375 0.0398437
0 0.145605 0.166016 0.243164 0.332031
0 0.233594 0.675 0.274219 0.540625
0 0.714453 0.337109 0.10625 0.129688
0 0.553125 0.928125 0.0648438 0.14375
0 0.270508 0.558594 0.194531 0.282031
0 0.717188 0.36582 0.114063 0.195703
0 0.342773 0.6875 0.475391 0.56875
0 0.530469 0.926562 0.0984375 0.146875
0 0.253955 0.844531 0.281934 0.215625
0 0.730469 0.341406 0.078125 0.123438
0 0.190625 0.087207 0.0757812 0.174414
0 0.545313 0.920313 0.0734375 0.159375
0 0.448047 0.630469 0.672656 0.720313
0 0.718359 0.406934 0.116406 0.29707
0 0.177344 0.15293 0.185938 0.305859
0 0.332031 0.624219 0.0734375 0.1375
0 0.209033 0.138672 0.132715 0.277344
0 0.202002 0.101172 0.106152 0.196484
0 0.370703 0.55625 0.132031 0.396875
0 0.233398 0.562109 0.0882813 0.121094
0 0.550391 0.478125 0.0507812 0.0757812
0 0.184814 0.0954102 0.112402 0.186133
0 0.707031 0.671875 0.114063 0.096875
0 0.190283 0.117773 0.163184 0.235547
0 0.71875 0.4625 0.123438 0.388281
0 0.542188 0.858203 0.108594 0.283594
0 0.156445 0.0969727 0.144922 0.185352
0 0.685938 0.478125 0.18125 0.425
0 0.711328 0.31875 0.096875 0.0960938
0 0.221924 0.515625 0.0944336 0.194531
0 0.440625 0.341406 0.682813 0.659375
0 0.243945 0.748438 0.264453 0.384375
0 0.245654 0.519922 0.143066 0.203906
0 0.696875 0.698047 0.03125 0.0390625
0 0.470313 0.402734 0.625 0.476562
0 0.707812 0.32793 0.123438 0.159766
0 0.478809 0.494141 0.601758 0.508594
0 0.55625 0.921875 0.05 0.14375
0 0.373828 0.925 0.0382813 0.065625
0 0.748047 0.408984 0.0601563 0.289844
0 0.252539 0.885938 0.277734 0.128125
0 0.552344 0.948828 0.0546875 0.102344
0 0.367578 0.929688 0.0484375 0.059375
0 0.203906 0.0714844 0.0566406 0.139258
0 0.7125 0.282813 0.115625 0.25625
0 0.202393 0.0826172 0.0741211 0.165234
0 0.330469 0.553027 0.175781 0.393945
0 0.508203 0.926562 0.141406 0.146875
0 0.51875 0.867773 0.1375 0.264453
0 0.267578 0.50625 0.185156 0.21875
0 0.661719 0.454297 0.229687 0.363281
0 0.277148 0.555371 0.201172 0.393945
0 0.533203 0.8875 0.110156 0.225
0 0.375684 0.875 0.406445 0.246875
0 0.169141 0.851367 0.128125 0.156641
0 0.541406 0.471484 0.0453125 0.0617188
0 0.689063 0.405566 0.171875 0.285742
0 0.174707 0.89375 0.129102 0.06875
0 0.673438 0.318164 0.0351562 0.0707031
0 0.689453 0.294922 0.160156 0.230469
0 0.710156 0.682813 0.103125 0.0734375
0 0.35 0.453516 0.0898438 0.189063
0 0.204297 0.0485474 0.0554687 0.0937256
0 0.239844 0.865625 0.251172 0.159375
0 0.705469 0.297461 0.0898438 0.125
0 0.216992 0.4875 0.0832031 0.176563
0 0.741406 0.346484 0.053125 0.115625
0 0.362109 0.801953 0.45625 0.396094
0 0.308203 0.37207 0.380469 0.741797
0 0.186328 0.839258 0.162109 0.155859
0 0.156836 0.857813 0.0941406 0.135937
0 0.389453 0.592969 0.0546875 0.170313
0 0.155469 0.875781 0.0878906 0.0984375
0 0.489844 0.880859 0.178125 0.238281
0 0.287842 0.46875 0.233691 0.245312
0 0.138574 0.119434 0.187695 0.233398
0 0.667969 0.665625 0.0234375 0.0328125
0 0.21875 0.841992 0.209375 0.197266
0 0.741016 0.492578 0.0710938 0.553906
0 0.408594 0.190625 0.709375 0.365234
0 0.751563 0.373828 0.04375 0.125781
0 0.145801 0.168262 0.237695 0.336523
0 0.226758 0.569141 0.0734375 0.0929688
0 0.218408 0.112695 0.125684 0.221094
0 0.710156 0.650781 0.10625 0.135937
0 0.679688 0.619531 0.190625 0.704688
0 0.549219 0.881836 0.08125 0.236328
0 0.396094 0.586719 0.0546875 0.15
0 0.238281 0.151758 0.253516 0.3
0 0.473828 0.848828 0.215625 0.302344
0 0.321094 0.611328 0.0796875 0.128125
0 0.675781 0.674609 0.0375 0.0476562
0 0.314844 0.583594 0.05 0.059375
0 0.70625 0.534766 0.139063 0.401563
0 0.749219 0.354492 0.0421875 0.111328
0 0.147095 0.155273 0.177686 0.309766
0 0.368164 0.921875 0.0660156 0.0859375
0 0.233594 0.422266 0.116406 0.152344
0 0.70625 0.550391 0.15 0.561719
0 0.474121 0.800781 0.236133 0.398438
0 0.246484 0.142578 0.186719 0.282813
0 0.297656 0.553906 0.100781 0.133594
0 0.701563 0.697656 0.04375 0.040625
0 0.690234 0.317578 0.0679687 0.08125
0 0.715625 0.692969 0.0765625 0.0476562
0 0.146484 0.882812 0.0667969 0.08125
0 0.423828 0.816406 0.323438 0.367188
0 0.244336 0.457422 0.0660156 0.0742188
0 0.355859 0.928125 0.0734375 0.065625
0 0.133179 0.0855469 0.194189 0.160742
0 0.66875 0.661328 0.025 0.0460938
0 0.32168 0.586328 0.0429688 0.0632813
0 0.686328 0.683594 0.0601563 0.0640625
0 0.669531 0.313281 0.0453125 0.0804688
0 0.239063 0.434375 0.1 0.115625
0 0.217188 0.575781 0.0523438 0.0765625
0 0.670313 0.336328 0.201563 0.142188
0 0.552734 0.964063 0.0476562 0.071875
0 0.673438 0.659375 0.034375 0.05625
0 0.480469 0.923047 0.197656 0.153906
0 0.447656 0.441016 0.034375 0.0546875
0 0.39209 0.545313 0.0486328 0.065625
0 0.214453 0.536719 0.0828125 0.18125
0 0.327344 0.475781 0.178125 0.245312
0 0.233154 0.678906 0.274316 0.532813
0 0.714844 0.336914 0.104688 0.129297
0 0.553125 0.928125 0.0640625 0.14375
0 0.270361 0.560938 0.193652 0.2875
0 0.730859 0.341016 0.0773438 0.121875
0 0.530469 0.926562 0.0976562 0.146875
0 0.716406 0.368359 0.115625 0.196094
0 0.183203 0.152637 0.178906 0.305273
0 0.190039 0.0867188 0.0761719 0.173438
0 0.545313 0.921094 0.0734375 0.157813
0 0.328906 0.689453 0.447656 0.561719
0 0.463281 0.622656 0.651563 0.735938
0 0.717969 0.408984 0.114063 0.303125
0 0.253906 0.843945 0.282031 0.218359
0 0.331641 0.624219 0.0734375 0.1375
0 0.55 0.478125 0.0515625 0.075
0 0.233203 0.5625 0.0875 0.121875
0 0.70625 0.675 0.114063 0.090625
0 0.22168 0.515234 0.09375 0.195312
0 0.710547 0.318359 0.0945313 0.0941406
0 0.200342 0.102148 0.106348 0.198828
0 0.181592 0.0955322 0.11416 0.187061
0 0.696875 0.698047 0.03125 0.0390625
0 0.372266 0.56084 0.130469 0.39707
0 0.543359 0.859766 0.105469 0.280469
0 0.156055 0.0965088 0.145313 0.185498
0 0.415527 0.353906 0.733008 0.695312
0 0.173828 0.113867 0.161719 0.226953
0 0.704297 0.457813 0.144531 0.376563
0 0.21792 0.151172 0.156348 0.302344
0 0.555469 0.921875 0.05 0.140625
0 0.46875 0.403809 0.628125 0.54082
0 0.243408 0.776563 0.268652 0.328125
0 0.373828 0.925 0.0375 0.065625
0 0.708594 0.655469 0.110937 0.125
0 0.475098 0.495703 0.61543 0.457031
0 0.552344 0.949219 0.0546875 0.101562
0 0.673047 0.318359 0.034375 0.0703125
0 0.713672 0.281445 0.113281 0.258984
0 0.661328 0.47041 0.230469 0.401367
0 0.367578 0.929688 0.0484375 0.059375
0 0.202002 0.0824219 0.0725586 0.164844
0 0.747656 0.410938 0.059375 0.296094
0 0.264404 0.519922 0.179785 0.207031
0 0.203906 0.0703125 0.0558594 0.136328
0 0.509375 0.926172 0.139063 0.147656
0 0.667969 0.665625 0.0234375 0.0328125
0 0.174512 0.89375 0.12832 0.0703125
0 0.535156 0.888281 0.10625 0.223438
0 0.216797 0.4875 0.0828125 0.175
0 0.16875 0.851758 0.127344 0.158984
0 0.545313 0.472656 0.0375 0.0578125
0 0.520312 0.86875 0.135937 0.2625
0 0.697656 0.682813 0.0835937 0.059375
0 0.676562 0.674219 0.0390625 0.046875
0 0.376563 0.875781 0.404687 0.24375
0 0.139453 0.145215 0.185156 0.29043
0 0.685938 0.540527 0.176563 0.543945
0 0.252344 0.884375 0.278125 0.13125
0 0.204102 0.0476562 0.0550781 0.0916016
0 0.362109 0.801367 0.45625 0.394141
0 0.14668 0.170117 0.233594 0.340234
0 0.741406 0.34668 0.0523438 0.113672
0 0.705469 0.29707 0.0890625 0.124219
0 0.185498 0.838867 0.158691 0.156641
0 0.751172 0.373047 0.0414063 0.117188
0 0.392871 0.19043 0.742383 0.366406
0 0.156543 0.857031 0.0935547 0.139063
0 0.691016 0.276953 0.149219 0.270313
0 0.701563 0.697656 0.04375 0.040625
0 0.491406 0.882617 0.174219 0.234766
0 0.154883 0.875 0.0871094 0.1
0 0.317578 0.551953 0.19375 0.389844
0 0.472656 0.846875 0.217188 0.30625
0 0.389844 0.255859 0.764063 0.511719
0 0.35 0.455078 0.0890625 0.185156
0 0.66875 0.661719 0.025 0.0453125
0 0.694531 0.31582 0.148438 0.187109
0 0.741016 0.491797 0.0695313 0.555469
0 0.225977 0.570312 0.0714844 0.0921875
0 0.719531 0.492871 0.110937 0.50332
0 0.696875 0.405566 0.153125 0.285742
0 0.705469 0.676562 0.104688 0.0679687
0 0.669531 0.313281 0.0453125 0.08125
0 0.21875 0.840625 0.209375 0.201563
0 0.296826 0.4125 0.39541 0.821875
0 0.314258 0.583594 0.0496094 0.0578125
0 0.685938 0.682813 0.0609375 0.0648438
0 0.683594 0.317969 0.053125 0.0796875
0 0.237158 0.8625 0.245996 0.165625
0 0.471484 0.802344 0.24375 0.395313
0 0.713672 0.692969 0.0726563 0.0492188
0 0.673047 0.660547 0.034375 0.0554687
0 0.749219 0.354688 0.040625 0.104688
0 0.169946 0.221484 0.191357 0.442969
0 0.421094 0.815234 0.328906 0.369531
0 0.389062 0.593359 0.0546875 0.170313
0 0.232373 0.153125 0.258691 0.302344
0 0.213672 0.536328 0.08125 0.182031
0 0.281445 0.54209 0.212109 0.375195
0 0.367969 0.921875 0.065625 0.0859375
0 0.232813 0.421875 0.117969 0.154688
0 0.204248 0.433594 0.250879 0.867188
0 0.320312 0.611328 0.078125 0.125
0 0.146094 0.882812 0.0664062 0.08125
0 0.244922 0.457422 0.0625 0.0734375
0 0.122168 0.106641 0.208008 0.201563
0 0.297461 0.553516 0.101172 0.132812
0 0.285547 0.471484 0.228906 0.25
0 0.539062 0.469531 0.0421875 0.0546875
0 0.134155 0.0843994 0.191064 0.159717
0 0.152539 0.0652344 0.158594 0.127539
0 0.321289 0.585938 0.0425781 0.0625
0 0.3375 0.629297 0.0585938 0.119531
0 0.710938 0.566406 0.146875 0.595313
0 0.217188 0.472656 0.0789063 0.115625
0 0.216797 0.576172 0.0523438 0.0757812
0 0.355664 0.928125 0.0738281 0.0640625
0 0.719531 0.685156 0.0875 0.0671875
0 0.552344 0.964063 0.0476562 0.071875
0 0.395703 0.582812 0.0539063 0.14375
0 0.48125 0.923828 0.195312 0.152344
0 0.217188 0.11582 0.124609 0.227344
0 0.232813 0.680469 0.274219 0.529688
0 0.715625 0.337109 0.104688 0.127344
0 0.553125 0.928906 0.0625 0.142188
0 0.730859 0.341211 0.0773438 0.121484
0 0.530469 0.926562 0.096875 0.146875
0 0.270313 0.566406 0.193359 0.296875
0 0.716797 0.367773 0.114844 0.194141
0 0.189844 0.0864746 0.0761719 0.172949
0 0.545313 0.921484 0.071875 0.157031
0 0.183154 0.152246 0.179004 0.304492
0 0.717969 0.409375 0.114063 0.3
0 0.331641 0.624219 0.0734375 0.1375
0 0.319922 0.690234 0.428906 0.560156
0 0.46875 0.621484 0.651563 0.738281
0 0.253516 0.84375 0.28125 0.217188
0 0.233398 0.563281 0.0875 0.121875
0 0.204883 0.142773 0.139453 0.284766
0 0.550391 0.478125 0.0507812 0.0734375
0 0.22168 0.514063 0.09375 0.19375
0 0.696875 0.698438 0.0304688 0.0390625
0 0.709766 0.318359 0.0929688 0.0921875
0 0.199414 0.100366 0.103906 0.194971
0 0.180811 0.0945068 0.111816 0.184424
0 0.155957 0.0958984 0.145117 0.183984
0 0.707031 0.450879 0.1375 0.362305
0 0.542969 0.860156 0.104688 0.279687
0 0.171875 0.111914 0.157813 0.222656
0 0.70625 0.676562 0.114063 0.0859375
0 0.373828 0.925 0.0375 0.0640625
0 0.371094 0.561328 0.128906 0.395313
0 0.555469 0.921875 0.0492188 0.140625
0 0.415527 0.354492 0.73457 0.695703
0 0.254883 0.767188 0.283984 0.379688
0 0.552344 0.949609 0.0546875 0.100781
0 0.673047 0.31875 0.0335938 0.0703125
0 0.174609 0.89375 0.127734 0.0703125
0 0.470313 0.412109 0.626563 0.532031
0 0.369531 0.929688 0.0484375 0.059375
0 0.667969 0.665625 0.0234375 0.0328125
0 0.202002 0.082373 0.0717773 0.164746
0 0.747266 0.411719 0.0585938 0.29375
0 0.475879 0.498437 0.613867 0.464063
0 0.203711 0.0710938 0.0554687 0.137695
0 0.662109 0.466309 0.228906 0.392383
0 0.676562 0.674219 0.0390625 0.0445313
0 0.500781 0.915625 0.15625 0.16875
0 0.692187 0.683203 0.0703125 0.0585938
0 0.745313 0.346875 0.0484375 0.117188
0 0.714453 0.282861 0.111719 0.259277
0 0.216357 0.4875 0.0829102 0.171875
0 0.535156 0.8875 0.104688 0.225
0 0.544531 0.471875 0.0359375 0.0546875
0 0.751172 0.373047 0.040625 0.114844
0 0.168555 0.851562 0.126172 0.157813
0 0.708203 0.654688 0.108594 0.126563
0 0.520312 0.86875 0.134375 0.2625
0 0.203906 0.0479492 0.0546875 0.0919922
0 0.262158 0.519531 0.174902 0.204688
0 0.13916 0.144531 0.18457 0.289062
0 0.361719 0.801367 0.45625 0.391016
0 0.252148 0.884375 0.276953 0.13125
0 0.374219 0.875 0.409375 0.245312
0 0.146094 0.17168 0.232813 0.343359
0 0.684375 0.555078 0.179688 0.572656
0 0.185205 0.839844 0.158496 0.157813
0 0.389453 0.190967 0.747656 0.367285
0 0.153906 0.876563 0.0847656 0.096875
0 0.15625 0.857813 0.0925781 0.1375
0 0.701563 0.697656 0.04375 0.0414063
0 0.225 0.571875 0.0695313 0.090625
0 0.687891 0.685938 0.053125 0.05625
0 0.741406 0.49209 0.06875 0.551758
0 0.470996 0.846875 0.220508 0.30625
0 0.66875 0.661719 0.025 0.0453125
0 0.719531 0.491016 0.110937 0.496094
0 0.705469 0.298633 0.0890625 0.120313
0 0.669531 0.313672 0.04375 0.08125
0 0.492188 0.883203 0.171875 0.233594
0 0.314063 0.583594 0.0492188 0.05625
0 0.317188 0.553125 0.190625 0.390625
0 0.708594 0.693359 0.0625 0.0476562
0 0.385547 0.264844 0.771094 0.529688
0 0.680469 0.318359 0.046875 0.078125
0 0.747266 0.357812 0.0398437 0.0921875
0 0.673438 0.660937 0.034375 0.0546875
0 0.552344 0.964063 0.0484375 0.071875
0 0.216797 0.576563 0.0519531 0.075
0 0.703125 0.676562 0.1 0.0640625
0 0.468652 0.804102 0.248633 0.391797
0 0.17002 0.219922 0.19082 0.439844
0 0.145703 0.883594 0.0652344 0.08125
0 0.319922 0.612109 0.0769531 0.119531
0 0.389062 0.59375 0.0539063 0.16875
0 0.420312 0.816797 0.33125 0.366406
0 0.368359 0.921875 0.0648438 0.084375
0 0.350391 0.456152 0.0890625 0.181445
0 0.152515 0.0654297 0.158252 0.127148
0 0.695312 0.320312 0.146875 0.178125
0 0.237695 0.864062 0.246484 0.165625
0 0.213672 0.536719 0.08125 0.18125
0 0.321094 0.585938 0.0421875 0.0609375
0 0.755469 0.402734 0.0328125 0.178125
0 0.710156 0.575684 0.154688 0.611133
0 0.232422 0.422266 0.118359 0.153125
0 0.245312 0.457813 0.0601563 0.071875
0 0.691406 0.277148 0.148438 0.274609
0 0.357031 0.928125 0.0703125 0.0625
0 0.122852 0.106738 0.20625 0.201367
0 0.216797 0.472656 0.0792969 0.115625
0 0.135059 0.0840088 0.189258 0.158545
0 0.447266 0.441016 0.0328125 0.0507812
0 0.538281 0.46875 0.0398437 0.053125
0 0.231055 0.15332 0.260156 0.301563
0 0.218555 0.840625 0.208594 0.203125
0 0.297656 0.553906 0.100781 0.13125
0 0.198633 0.433203 0.240234 0.866406
0 0.396094 0.542188 0.0296875 0.053125
0 0.293945 0.415625 0.394141 0.829688
0 0.171289 0.0744629 0.1125 0.144824
0 0.389941 0.544531 0.0404297 0.0578125
0 0.235156 0.453906 0.0492188 0.06875
0 0.220313 0.590234 0.0570313 0.0703125
0 0.178125 0.86875 0.148438 0.115625
0 0.194922 0.891406 0.113281 0.0578125
0 0.217139 0.113574 0.124316 0.222852
0 0.689063 0.10498 0.0390625 0.0724609
0 0.164258 0.9 0.105859 0.0578125
0 0.237305 0.68125 0.262891 0.529688
0 0.719922 0.338672 0.1 0.117188
0 0.26958 0.559375 0.191309 0.284375
0 0.548828 0.926562 0.0679687 0.146875
0 0.251172 0.845313 0.28125 0.214062
0 0.719141 0.420996 0.111719 0.298633
0 0.551172 0.883984 0.0742188 0.232031
0 0.355469 0.685156 0.503125 0.58125
0 0.185352 0.155371 0.169141 0.310742
0 0.717188 0.365625 0.108594 0.18125
0 0.701172 0.457813 0.157031 0.367188
0 0.532031 0.925391 0.096875 0.149219
0 0.238672 0.811719 0.253906 0.26875
0 0.710156 0.324609 0.1 0.09375
0 0.211523 0.156055 0.11875 0.308203
0 0.54375 0.913672 0.0875 0.172656
0 0.547656 0.870898 0.10625 0.258203
0 0.660156 0.46875 0.232813 0.390625
0 0.735156 0.345313 0.0703125 0.11875
0 0.326953 0.623438 0.0808594 0.145313
0 0.735547 0.435937 0.0882813 0.323438
0 0.54375 0.942969 0.0734375 0.114063
0 0.566406 0.872266 0.0890625 0.255469
0 0.213672 0.83125 0.200781 0.215625
0 0.471777 0.6375 0.60957 0.71875
0 0.674219 0.591016 0.201563 0.632031
0 0.188086 0.0880859 0.0765625 0.176172
0 0.258643 0.525 0.168652 0.2125
0 0.748047 0.422266 0.0617188 0.294531
0 0.375 0.925 0.0328125 0.065625
0 0.510156 0.925391 0.139063 0.149219
0 0.199805 0.125879 0.123828 0.249023
0 0.708984 0.675391 0.107813 0.0960938
0 0.225391 0.520312 0.103906 0.20625
0 0.233203 0.564063 0.090625 0.125
0 0.198486 0.108594 0.0920898 0.209766
0 0.180664 0.113477 0.139453 0.222266
0 0.7125 0.341016 0.110937 0.146094
0 0.710156 0.657031 0.110156 0.134375
0 0.198096 0.0795898 0.0741211 0.15918
0 0.376953 0.557031 0.14375 0.402344
0 0.526563 0.88457 0.134375 0.230859
0 0.722656 0.495703 0.104688 0.491406
0 0.473438 0.470703 0.615625 0.467969
0 0.698438 0.636719 0.167187 0.726562
0 0.174219 0.895312 0.126172 0.0734375
0 0.203906 0.0432617 0.0496094 0.0822266
0 0.642188 0.630469 0.26875 0.725
0 0.267383 0.650781 0.194141 0.464063
0 0.552344 0.955469 0.053125 0.0890625
0 0.564844 0.914062 0.0921875 0.171875
0 0.450098 0.33125 0.662305 0.63125
0 0.367383 0.929688 0.0441406 0.0609375
0 0.175586 0.0958008 0.116406 0.184961
0 0.697656 0.319336 0.0796875 0.0738281
0 0.241992 0.757812 0.263672 0.371875
0 0.702344 0.633594 0.248438 0.726562
0 0.499219 0.885156 0.176563 0.229687
0 0.318359 0.610938 0.0789063 0.128125
0 0.171289 0.870313 0.119922 0.128125
0 0.671875 0.318359 0.0296875 0.065625
0 0.482812 0.924219 0.198437 0.151562
0 0.445312 0.440625 0.0328125 0.0546875
0 0.678125 0.332031 0.18125 0.148438
0 0.744141 0.498828 0.0679687 0.521094
0 0.255469 0.567187 0.140625 0.127344
0 0.29375 0.697266 0.374219 0.527344
0 0.707422 0.315039 0.0851563 0.0886719
0 0.719141 0.679297 0.0867188 0.0828125
0 0.741406 0.348047 0.0507812 0.107813
0 0.557031 0.910937 0.0507812 0.128125
0 0.279492 0.599219 0.167187 0.248438
0 0.559375 0.844727 0.0851563 0.310547
0 0.19668 0.0642578 0.0621094 0.122656
0 0.751953 0.372852 0.0429688 0.119922
0 0.218164 0.49375 0.0863281 0.189063
0 0.235938 0.436719 0.103516 0.114844
0 0.710156 0.537402 0.128125 0.404883
0 0.209717 0.857813 0.192285 0.15
0 0.529688 0.826172 0.123438 0.347656
0 0.160742 0.875 0.1 0.103125
0 0.305127 0.397656 0.357715 0.792188
0 0.553906 0.964844 0.0453125 0.0703125
0 0.696094 0.314063 0.142188 0.208594
0 0.660937 0.350391 0.21875 0.15
0 0.223438 0.550391 0.0929688 0.141406
0 0.334766 0.63125 0.0640625 0.120313
0 0.38916 0.802344 0.416992 0.395313
0 0.734375 0.539453 0.08125 0.420312
0 0.251563 0.895312 0.152734 0.084375
0 0.275391 0.896875 0.1 0.0828125
0 0.439746 0.8625 0.293945 0.275
0 0.212695 0.0387207 0.0347656 0.068457
0 0.583984 0.771875 0.0265625 0.046875
0 0.188086 0.846094 0.165625 0.15
0 0.369922 0.924219 0.0625 0.0875
0 0.285938 0.767188 0.159375 0.465625
0 0.21582 0.0397949 0.0546875 0.0768555
0 0.174316 0.0744141 0.103711 0.139453
0 0.744141 0.359766 0.0421875 0.0898438
0 0.307617 0.594531 0.0769531 0.0875
0 0.233594 0.450781 0.0898438 0.0875
0 0.215576 0.474219 0.0813477 0.123438
0 0.305469 0.587891 0.065625 0.0617188
0 0.713281 0.695312 0.0679687 0.0421875
0 0.233008 0.453125 0.0601563 0.0703125
0 0.142188 0.114453 0.180078 0.220313
0 0.239893 0.88125 0.155371 0.0671875
0 0.717969 0.557813 0.107031 0.335938
0 0.560938 0.928125 0.0695313 0.14375
0 0.719531 0.689844 0.0859375 0.053125
0 0.182861 0.0865234 0.0811523 0.135352
0 0.344922 0.929688 0.0898438 0.0625
0 0.212109 0.0512695 0.06875 0.102539
0 0.225391 0.56875 0.0734375 0.0921875
0 0.311719 0.602344 0.101562 0.117188
0 0.234961 0.153516 0.236328 0.296875
0 0.260498 0.463965 0.17666 0.225195
0 0.298828 0.559375 0.096875 0.135156
0 0.178076 0.873438 0.156348 0.1125
0 0.199219 0.889063 0.106641 0.071875
0 0.23125 0.245117 0.0695313 0.0816406
0 0.313281 0.587109 0.0550781 0.071875
0 0.49375 0.841016 0.198437 0.317969
0 0.194531 0.778125 0.172656 0.3125
0 0.271533 0.515625 0.203027 0.282813
0 0.210742 0.532031 0.0859375 0.1875
0 0.427734 0.213672 0.683594 0.417188
0 0.22207 0.457813 0.0746094 0.08125
0 0.267383 0.585156 0.172266 0.1125
0 0.154297 0.0660156 0.157813 0.126172
0 0.217578 0.573828 0.05625 0.0773438
0 0.221484 0.589844 0.0625 0.0703125
0 0.451465 0.914453 0.258008 0.171094
0 0.213086 0.560156 0.0789063 0.114063
0 0.313477 0.6 0.059375 0.090625
0 0.667188 0.313477 0.040625 0.0730469
0 0.19458 0.146875 0.243652 0.286719
0 0.686719 0.324609 0.0515625 0.0679687
0 0.361328 0.925 0.0578125 0.075
0 0.75 0.355859 0.0390625 0.0984375
0 0.716406 0.603516 0.384375 0.792969
0 0.41875 0.901563 0.335938 0.196875
0 0.208789 0.882812 0.0832031 0.040625
0 0.330469 0.928125 0.123438 0.0671875
0 0.551172 0.634375 0.447656 0.73125
0 0.239453 0.152539 0.154688 0.300391
0 0.339453 0.39834 0.350781 0.458008
0 0.349023 0.457422 0.0878906 0.175781
0 0.165137 0.904688 0.110742 0.05
0 0.209766 0.883594 0.0484375 0.0359375
0 0.263477 0.871094 0.250391 0.167187
0 0.189258 0.0430176 0.0726563 0.0772461
0 0.710156 0.685156 0.0984375 0.0609375
0 0.707812 0.59375 0.126563 0.267188
0 0.204248 0.542188 0.0821289 0.151562
0 0.159668 0.0402832 0.132617 0.065918
0 0.714844 0.295117 0.10625 0.253516
