0 0.437109 0.634766 0.827344 0.730469
0 0.516406 0.568848 0.526563 0.60918
0 0.514844 0.557813 0.457813 0.378125
0 0.469141 0.649609 0.627344 0.700781
0 0.655078 0.594141 0.689844 0.785156
0 0.623438 0.753906 0.753125 0.492188
0 0.661328 0.217188 0.592969 0.428125
0 0.390723 0.425 0.77168 0.81875
0 0.676953 0.399902 0.646094 0.792383
0 0.498828 0.486035 0.396094 0.44043
0 0.176367 0.137891 0.352734 0.271875
0 0.244141 0.377051 0.472656 0.747461
0 0.623438 0.627344 0.651563 0.745313
0 0.204297 0.603809 0.408594 0.689258
0 0.375684 0.471875 0.145508 0.404687
0 0.753125 0.550781 0.49375 0.879687
0 0.661719 0.576172 0.676562 0.408594
0 0.504785 0.634375 0.493555 0.31875
0 0.677344 0.644531 0.645312 0.255469
0 0.480469 0.724219 0.545313 0.548438
0 0.128906 0.133594 0.257812 0.267188
0 0.636719 0.127344 0.41875 0.251172
0 0.228906 0.201758 0.457813 0.398828
0 0.516406 0.370313 0.770312 0.727344
0 0.725781 0.182031 0.504687 0.350781
0 0.325586 0.462891 0.158984 0.385156
0 0.358008 0.450391 0.119922 0.359375
0 0.292578 0.628516 0.585156 0.742969
0 0.675488 0.606641 0.649023 0.558594
0 0.350195 0.662891 0.700391 0.674219
0 0.528125 0.644531 0.457813 0.235938
0 0.691797 0.736328 0.616406 0.430469
0 0.76875 0.719141 0.4625 0.374219
0 0.198047 0.867383 0.396094 0.240234
0 0.536816 0.201709 0.451367 0.398145
0 0.610547 0.160547 0.489844 0.317188
0 0.732422 0.273438 0.500781 0.49375
0 0.781055 0.21543 0.403516 0.369922
0 0.166895 0.290234 0.333789 0.521094
0 0.788867 0.329102 0.406641 0.638672
0 0.181836 0.402246 0.363672 0.695508
0 0.222266 0.496094 0.444531 0.890625
0 0.241748 0.467285 0.336816 0.395117
0 0.430371 0.700391 0.745508 0.542969
0 0.205078 0.791992 0.410156 0.359766
0 0.402344 0.766406 0.630469 0.45625
0 0.326172 0.857813 0.649219 0.257812
0 0.109863 0.138379 0.219727 0.276758
0 0.260938 0.135547 0.467187 0.266016
0 0.355078 0.124512 0.653906 0.242773
0 0.416797 0.169727 0.596094 0.332031
0 0.481348 0.255273 0.593555 0.504297
0 0.714844 0.11748 0.490625 0.229883
0 0.512109 0.480469 0.883594 0.810938
0 0.179883 0.341797 0.359766 0.561719
0 0.313672 0.514453 0.591406 0.533594
0 0.765625 0.414453 0.46875 0.792969
0 0.789844 0.39834 0.420312 0.429883
0 0.766797 0.467187 0.466406 0.485938
0 0.222656 0.495996 0.425 0.461133
0 0.687891 0.658594 0.624219 0.682813
0 0.796875 0.770312 0.40625 0.457813
0 0.333008 0.709375 0.647266 0.467187
0 0.324219 0.803125 0.641406 0.301563
0 0.659863 0.800781 0.680273 0.3875
0 0.0982422 0.125195 0.196484 0.250391
0 0.8125 0.178564 0.351562 0.34209
0 0.358203 0.44375 0.653906 0.541406
0 0.1875 0.477344 0.375 0.670313
0 0.805859 0.474121 0.388281 0.323633
0 0.79082 0.61084 0.418359 0.52832
0 0.769922 0.710156 0.460156 0.579688
0 0.248242 0.690234 0.496484 0.533594
0 0.535547 0.845313 0.928906 0.296875
0 0.126953 0.0859863 0.253906 0.171973
0 0.154102 0.106152 0.308203 0.211523
0 0.216016 0.108203 0.409375 0.214062
0 0.398828 0.088501 0.753906 0.174951
0 0.578027 0.0754639 0.500195 0.149854
0 0.683203 0.0855469 0.511719 0.170313
0 0.853125 0.136133 0.270313 0.266797
0 0.171094 0.19917 0.342187 0.396973
0 0.806055 0.330078 0.387891 0.491406
0 0.183398 0.55791 0.366797 0.420117
0 0.803516 0.678906 0.392969 0.384375
0 0.192188 0.648047 0.384375 0.410156
0 0.825391 0.71875 0.349219 0.342187
0 0.408496 0.839844 0.661133 0.307813
0 0.193164 0.917188 0.386328 0.15625
0 0.354297 0.0741211 0.599219 0.14668
0 0.839844 0.142969 0.320312 0.282813
0 0.175293 0.290039 0.350586 0.400391
0 0.517578 0.519531 0.455469 0.807813
0 0.178711 0.404785 0.357422 0.401367
0 0.828906 0.429297 0.342187 0.349219
0 0.196484 0.717969 0.392969 0.332813
0 0.815234 0.817969 0.369531 0.339063
0 0.129883 0.145898 0.259766 0.291797
0 0.156152 0.176953 0.312305 0.332031
0 0.169922 0.496484 0.339844 0.370313
0 0.816016 0.53916 0.367969 0.349805
0 0.164648 0.604297 0.329297 0.347656
0 0.824023 0.64375 0.351953 0.329688
0 0.181152 0.649219 0.362305 0.289062
0 0.751367 0.889063 0.497266 0.215625
0 0.14873 0.00593262 0.297461 0.0118652
0 0.204492 0.005896 0.408984 0.011792
0 0.453516 0.00512695 0.721094 0.0102539
0 0.0806641 0.078125 0.161328 0.15625
0 0.112793 0.0864258 0.225586 0.172852
0 0.758203 0.0759766 0.483594 0.151953
0 0.416797 0.907813 0.833594 0.175
0 0.63291 0.890625 0.73418 0.214062
0 0.470313 0.945312 0.9375 0.103125
0 0.117676 0.0188965 0.235352 0.037793
0 0.137695 0.00831299 0.275391 0.016626
0 0.351758 0.00615234 0.703516 0.0123047
0 0.583203 0.00540771 0.613281 0.0108154
0 0.692187 0.00544434 0.607813 0.0108887
0 0.7625 0.00871582 0.475 0.0174316
0 0.191797 0.95625 0.383594 0.078125
0 0.535937 0.951563 0.928125 0.09375
0 0.633594 0.953125 0.732813 0.090625
0 0.743359 0.95625 0.513281 0.084375
0 0.486719 0.996094 0.965625 0.0078125
0 0.529688 0.996875 0.940625 0.00625
0 0.557031 0.996875 0.809375 0.00625
0 0.750781 0.989453 0.498437 0.0210938
0 0.224219 0.933594 0.448438 0.125
0 0.192188 0.977734 0.384375 0.0445313
0 0.654688 0.996875 0.690625 0.00625
0 0.187402 0.984375 0.374805 0.03125
0 0.419531 0.977734 0.839063 0.0445313
0 0.463672 0.989453 0.927344 0.0210938
0 0.716797 0.995313 0.566406 0.009375
0 0.347461 0.560156 0.0808594 0.359375
0 0.122559 0.8625 0.24043 0.096875
0 0.370313 0.371484 0.06875 0.2
0 0.382422 0.351367 0.0429688 0.156641
0 0.352344 0.458203 0.0976562 0.3
0 0.35 0.504687 0.0929688 0.242188
0 0.545313 0.6375 0.128125 0.229687
0 0.237695 0.976562 0.327734 0.040625
0 0.256641 0.953125 0.315625 0.090625
0 0.744922 0.0237793 0.327344 0.0407227
0 0.860938 0.0157715 0.278125 0.031543
0 0.958984 0.0141113 0.0820312 0.0266602
0 0.927344 0.107422 0.084375 0.214844
0 0.502344 0.675781 0.201563 0.159375
0 0.190967 0.747656 0.124316 0.10625
0 0.491016 0.788281 0.257812 0.145313
0 0.223047 0.978906 0.242188 0.0421875
0 0.199561 1 0.327441 0
0 0.436328 0.0229492 0.1625 0.0408203
0 0.80332 0.0256348 0.374609 0.0450195
0 0.057666 0.0536133 0.115332 0.107227
0 0.198779 0.0318359 0.13916 0.062793
0 0.336133 0.0520508 0.335547 0.101953
0 0.399609 0.0405762 0.291406 0.0801758
0 0.457813 0.0391602 0.108594 0.0771484
0 0.360352 0.0861084 0.241016 0.171924
0 0.739062 0.0988525 0.1875 0.196826
0 0.385938 0.107617 0.189844 0.208203
0 0.863281 0.167871 0.179688 0.119336
0 0.848437 0.210889 0.146875 0.17666
0 0.359375 0.420215 0.0953125 0.304883
0 0.630859 0.492969 0.1375 0.220313
0 0.257227 0.576953 0.304297 0.219531
0 0.869531 0.625 0.257812 0.117188
0 0.113867 0.663672 0.0949219 0.222656
0 0.54375 0.672266 0.125781 0.159375
0 0.341016 0.709766 0.333594 0.266406
0 0.520312 0.705469 0.183594 0.225
0 0.160156 0.751953 0.0605469 0.0929688
0 0.189844 0.83457 0.288281 0.124609
0 0.522656 0.834375 0.313281 0.228125
0 0.0440918 0.832617 0.0881836 0.181641
0 0.227002 0.85 0.361621 0.11875
0 0.112109 0.93125 0.217188 0.1
0 0.168359 0.933594 0.336719 0.1
0 0.262842 0.935938 0.293848 0.11875
0 0.172559 0.973437 0.341211 0.0375
0 0.195312 0.0185303 0.390625 0.0342285
0 0.284814 0.0191406 0.385059 0.0333984
0 0.355664 0.0236816 0.387109 0.0407227
0 0.425391 0.023584 0.432813 0.0424805
0 0.5625 0.0189453 0.373437 0.0339844
0 0.00859375 0.0756836 0.0171875 0.151367
0 0.0825928 0.0407715 0.151611 0.0788086
0 0.143457 0.0424316 0.232227 0.0827148
0 0.268555 0.0436401 0.342578 0.085376
0 0.524219 0.0499512 0.235938 0.0989258
0 0.86875 0.0309082 0.24375 0.0586914
0 0.16543 0.0827148 0.173828 0.165039
0 0.860742 0.0918945 0.206641 0.182617
0 0.0695313 0.0761719 0.0367188 0.0650391
0 0.596875 0.0828125 0.192969 0.164648
0 0.671484 0.136426 0.0351562 0.0691406
0 0.185596 0.180859 0.17959 0.142969
0 0.884375 0.188867 0.209375 0.218359
0 0.314063 0.371484 0.185156 0.227344
0 0.651953 0.42041 0.117969 0.28418
0 0.296875 0.476172 0.2125 0.249219
0 0.610938 0.529688 0.178125 0.296875
0 0.565625 0.540234 0.273438 0.307813
0 0.568359 0.605469 0.1125 0.189063
0 0.854688 0.596094 0.290625 0.0578125
0 0.474219 0.646094 0.276563 0.221875
0 0.116797 0.697656 0.0777344 0.175
0 0.353125 0.648828 0.06875 0.180469
0 0.0797852 0.691406 0.153711 0.18125
0 0.349609 0.634375 0.0804688 0.221875
0 0.159766 0.725 0.0578125 0.148438
0 0.311328 0.679688 0.276563 0.251563
0 0.236523 0.755469 0.233594 0.128125
0 0.484375 0.753125 0.290625 0.139063
0 0.105762 0.800781 0.211523 0.214062
0 0.108008 0.85 0.216016 0.1375
0 0.166797 0.867188 0.316016 0.084375
0 0.754687 0.873438 0.08125 0.198437
0 0.557031 0.934375 0.289062 0.125
0 0.303955 0.966406 0.344434 0.0671875
0 0.841797 1 0.316406 0
0 0.02146 0.0530273 0.0429199 0.106055
0 0.138379 0.0171875 0.260742 0.0282227
0 0.459375 0.0221924 0.129688 0.0388184
0 0.545313 0.02146 0.279687 0.0373535
0 0.6 0.0226563 0.403125 0.0375977
0 0.666797 0.0255371 0.458594 0.0432617
0 0.823047 0.0210938 0.353906 0.0351562
0 0.555469 0.0576172 0.251563 0.112695
0 0.679297 0.040332 0.392969 0.078125
0 0.717969 0.0375488 0.270313 0.0719727
0 0.78418 0.0329956 0.0285156 0.0381104
0 0.140332 0.0869141 0.137695 0.173828
0 0.270117 0.0677734 0.323047 0.135547
0 0.303516 0.0800293 0.357031 0.160059
0 0.445312 0.0841309 0.1 0.168262
0 0.463281 0.0762207 0.123438 0.152441
0 0.703125 0.0943604 0.2375 0.187842
0 0.650781 0.0817383 0.075 0.153516
0 0.0613281 0.112988 0.122656 0.208398
0 0.33418 0.10918 0.303516 0.209766
0 0.655859 0.118188 0.233594 0.172607
0 0.347461 0.154468 0.285547 0.187939
0 0.372266 0.139844 0.226562 0.24375
0 0.769531 0.172754 0.245312 0.181836
0 0.779492 0.139844 0.300391 0.176953
0 0.233008 0.183545 0.287109 0.147754
0 0.825 0.206836 0.135937 0.165234
0 0.0956055 0.20957 0.187695 0.208984
0 0.0761719 0.248486 0.145703 0.175684
0 0.32793 0.276172 0.218359 0.2125
0 0.373047 0.28125 0.1125 0.298438
0 0.367578 0.314258 0.0773438 0.233984
0 0.5875 0.274561 0.234375 0.263379
0 0.801367 0.260205 0.278516 0.263184
0 0.309961 0.33418 0.204297 0.239453
0 0.797656 0.301563 0.271875 0.226562
0 0.595703 0.358984 0.171094 0.175781
0 0.287939 0.394434 0.257715 0.212695
0 0.491797 0.423828 0.297656 0.141406
0 0.639063 0.472266 0.117188 0.177344
0 0.86543 0.451172 0.266016 0.164062
0 0.486719 0.447656 0.317188 0.165625
0 0.862305 0.483984 0.275391 0.213281
0 0.268164 0.514844 0.315234 0.189063
0 0.441406 0.544141 0.263281 0.388281
0 0.0994141 0.586719 0.198828 0.242188
0 0.517188 0.596094 0.242188 0.242188
0 0.0824219 0.644531 0.164844 0.24375
0 0.259375 0.614062 0.303906 0.178906
0 0.445703 0.607422 0.266406 0.275781
0 0.640625 0.617188 0.24375 0.215625
0 0.27168 0.644531 0.282422 0.210938
0 0.879687 0.649219 0.2375 0.164844
0 0.910547 0.663281 0.178906 0.195312
0 0.140527 0.713281 0.0958984 0.179688
0 0.207764 0.714453 0.174316 0.171094
0 0.30293 0.694922 0.348047 0.207031
0 0.5625 0.701953 0.235938 0.207031
0 0.721094 0.720313 0.13125 0.310937
0 0.0504883 0.775 0.100977 0.284375
0 0.12832 0.726562 0.140625 0.1875
0 0.235547 0.732031 0.230469 0.134375
0 0.291846 0.73125 0.350684 0.146875
0 0.460547 0.714844 0.228906 0.0765625
0 0.615625 0.707812 0.154688 0.195312
0 0.341211 0.756641 0.327734 0.244531
0 0.449902 0.749609 0.342383 0.113281
0 0.580469 0.715625 0.0828125 0.184375
0 0.642969 0.721094 0.198437 0.195312
0 0.117017 0.792188 0.169482 0.184375
0 0.371484 0.782031 0.189844 0.164062
0 0.419141 0.780469 0.278125 0.151562
0 0.654297 0.773828 0.249219 0.249219
0 0.740625 0.806055 0.110937 0.294141
0 0.122266 0.832617 0.244531 0.159766
0 0.492188 0.803125 0.358594 0.160938
0 0.881641 0.832031 0.236719 0.170313
0 0.456641 0.680469 0.292969 0.259375
0 0.223779 0.948438 0.361816 0.103125
0 0.894531 0.0458008 0.210938 0.0916016
0 0.103711 0.0447266 0.207422 0.0894531
0 0.894531 0.0660156 0.210938 0.132031
0 0.382812 0.371094 0.154688 0.189063
0 0.451172 0.621875 0.302344 0.36875
0 0.467578 0.553125 0.335156 0.370313
0 0.573828 0.0500977 0.280469 0.100195
0 0.458984 0.414844 0.307031 0.290625
0 0.384277 0.417969 0.15957 0.246875
0 0.357422 0.38916 0.0703125 0.22168
0 0.6375 0.0617188 0.3875 0.123438
0 0.09375 0.0933594 0.1875 0.186719
0 0.587109 0.497656 0.575781 0.348438
0 0.603516 0.564844 0.616406 0.417188
0 0.449316 0.346094 0.276367 0.173438
0 0.543066 0.7 0.454492 0.229687
0 0.260596 0.933594 0.372559 0.132812
0 0.396094 0.466016 0.186719 0.207031
0 0.369727 0.342773 0.112891 0.167578
0 0.411328 0.0833008 0.341406 0.166602
0 0.328906 0.0703125 0.29375 0.140625
0 0.0722656 0.402734 0.144531 0.403125
0 0.448828 0.509277 0.292969 0.30332
0 0.146484 0.894531 0.292969 0.210938
0 0.334375 0.950781 0.529688 0.0984375
0 0.19082 0.457813 0.381641 0.51875
0 0.0743164 0.251563 0.148633 0.486719
0 0.205078 0.354883 0.410156 0.410547
0 0.151172 0.974609 0.302344 0.0507812
0 0.0352051 0.78457 0.0704102 0.327734
0 0.0399414 0.3875 0.0798828 0.289062
0 0.130566 0.903125 0.261133 0.19375
0 0.274023 0.0465332 0.274609 0.0930664
0 0.220313 0.258203 0.440625 0.516406
0 0.0708008 0.355859 0.141602 0.326562
0 0.0356445 0.714063 0.0712891 0.309375
0 0.413965 0.528906 0.225195 0.246875
0 0.346094 0.921094 0.515625 0.157813
0 0.0704102 0.975781 0.14082 0.0484375
0 0.45 0.985156 0.303906 0.0296875
0 0.683984 0.0719727 0.517969 0.143945
0 0.0337402 0.459375 0.0674805 0.334375
0 0.430469 0.619922 0.259375 0.269531
0 0.0348145 0.665625 0.0696289 0.26875
0 0.349219 0.450781 0.078125 0.238281
0 0.404785 0.560156 0.19668 0.146875
0 0.452344 0.745313 0.300781 0.351562
0 0.138965 0.917969 0.27793 0.164062
0 0.51875 0.0591309 0.253125 0.118262
0 0.585938 0.434375 0.576563 0.323438
0 0.346875 0.50625 0.078125 0.173438
0 0.189063 0.937109 0.34375 0.125781
0 0.161133 0.949219 0.310937 0.101562
0 0.0806641 0.17627 0.161328 0.352539
0 0.188281 0.866797 0.376563 0.266406
0 0.158691 0.922656 0.317383 0.154688
0 0.285547 0.430566 0.2 0.270117
0 0.433594 0.63125 0.257812 0.167187
0 0.45166 0.718359 0.291992 0.146094
0 0.149023 0.24375 0.298047 0.4875
0 0.398535 0.976562 0.318555 0.046875
0 0.225 0.0667969 0.41875 0.133594
0 0.801562 0.0875977 0.315625 0.175195
0 0.884766 0.0852051 0.230469 0.17041
0 0.361719 0.346094 0.065625 0.16875
0 0.0742676 0.480469 0.148535 0.435156
0 0.0784668 0.924219 0.156934 0.151562
0 0.195117 0.396875 0.390234 0.259375
0 0.685938 0.0474609 0.45625 0.0949219
0 0.0367676 0.207813 0.0735352 0.415625
0 0.40625 0.0849121 0.228906 0.169824
0 0.390625 0.318555 0.158594 0.205078
0 0.433594 0.665625 0.25625 0.184375
0 0.497266 0.374609 0.394531 0.24375
0 0.0313477 0.5375 0.0626953 0.34375
0 0.0629883 0.591406 0.125977 0.170313
0 0.0636719 0.626563 0.127344 0.182812
0 0.0652832 0.737109 0.130566 0.342969
0 0.155273 0.837109 0.310547 0.325781
0 0.350195 0.975 0.384766 0.05
0 0.466406 0.0649414 0.361719 0.129883
0 0.55 0.0870117 0.254688 0.174023
0 0.904688 0.124023 0.190625 0.13125
0 0.0330078 0.620313 0.0660156 0.253125
0 0.871875 0.910937 0.25625 0.140625
0 0.361523 0.0859863 0.312109 0.171973
0 0.482812 0.090918 0.34375 0.181836
0 0.0333984 0.226758 0.0667969 0.233594
0 0.464453 0.212305 0.292969 0.424609
0 0.0671875 0.539062 0.134375 0.317188
0 0.291016 0.483594 0.182031 0.2125
0 0.177832 0.808984 0.355664 0.382031
0 0.0641602 0.855859 0.12832 0.288281
0 0.605469 0.139648 0.367188 0.279297
0 0.415625 0.204688 0.208594 0.409375
0 0.451172 0.738281 0.272656 0.101562
0 0.0875 0.898438 0.175 0.203125
0 0.742188 0.979688 0.365625 0.040625
0 0.581641 0.0858398 0.711719 0.17168
0 0.0313477 0.562891 0.0626953 0.207031
0 0.314063 0.542188 0.128906 0.15625
0 0.280518 0.0638672 0.299902 0.127734
0 0.860938 0.511719 0.278125 0.132031
0 0.845703 0.905469 0.308594 0.189063
0 0.201367 0.227539 0.402734 0.455078
0 0.223633 0.53916 0.447266 0.574805
0 0.365625 0.596875 0.20625 0.153125
0 0.347461 0.708984 0.362891 0.110937
0 0.561719 0.739453 0.46875 0.217969
0 0.325391 0.896875 0.46875 0.20625
0 0.754687 0.956641 0.407813 0.0867188
0 0.925781 0.953906 0.148438 0.0921875
0 0.377734 0.316406 0.103125 0.208594
0 0.985938 0.294922 0.028125 0.11875
0 0.830469 0.071582 0.320312 0.143164
0 0.486035 0.319336 0.363867 0.211328
0 0.985156 0.240625 0.0296875 0.126563
0 0.842578 0.467187 0.314844 0.265625
0 0.848437 0.489063 0.303125 0.178125
0 0.191406 0.666016 0.382812 0.397656
0 0.542188 0.816992 0.453125 0.366016
0 0.869922 0.123047 0.260156 0.246094
0 0.616309 0.219141 0.61582 0.438281
0 0.986719 0.352344 0.0265625 0.1125
0 0.86543 0.539062 0.269141 0.129688
0 0.211133 0.625391 0.422266 0.461719
0 0.867188 0.585547 0.265625 0.185156
0 0.625781 0.694531 0.46875 0.248438
0 0.38584 0.886523 0.393945 0.226953
0 0.802539 0.875195 0.394922 0.249609
0 0.367188 0.0456055 0.379688 0.0912109
0 0.474219 0.0490234 0.319531 0.0980469
0 0.453027 0.824219 0.286133 0.251563
0 0.912109 0.8625 0.175781 0.2125
0 0.982031 0.849219 0.0359375 0.125
0 0.201172 0.0882813 0.402344 0.176563
0 0.984375 0.180469 0.03125 0.144141
0 0.612402 0.378809 0.625195 0.320508
0 0.223242 0.576953 0.398828 0.539844
0 0.439844 0.826172 0.31875 0.347656
0 0.703516 0.885547 0.400781 0.228906
0 0.51416 0.220703 0.404492 0.441406
0 0.356836 0.643359 0.308203 0.139844
0 0.191992 0.744922 0.383984 0.510156
0 0.85293 0.950781 0.294141 0.0984375
0 0.9625 0.337891 0.075 0.13125
0 0.986719 0.405469 0.0265625 0.111719
0 0.342383 0.743359 0.356641 0.100781
0 0.120508 0.975 0.241016 0.05
0 0.841211 0.405566 0.317578 0.32793
0 0.9625 0.407422 0.075 0.117188
0 0.962891 0.492969 0.0742188 0.104688
0 0.963281 0.571094 0.0734375 0.120313
0 0.847852 0.861719 0.304297 0.276563
0 0.86875 0.0694336 0.2625 0.138867
0 0.836133 0.178906 0.327734 0.357812
0 0.61875 0.476172 0.64375 0.477344
0 0.985938 0.453125 0.028125 0.101562
0 0.963281 0.523438 0.0734375 0.123438
0 0.861328 0.672656 0.277344 0.285938
0 0.544922 0.710156 0.628906 0.242188
0 0.530566 0.983594 0.313867 0.0328125
0 0.183496 0.0425781 0.366992 0.0851563
0 0.742969 0.0411621 0.440625 0.0823242
0 0.263086 0.288623 0.264453 0.272754
0 0.850977 0.236328 0.298047 0.307813
0 0.764844 0.638965 0.470313 0.656445
0 0.144531 0.838281 0.289062 0.323438
0 0.9875 0.782813 0.025 0.1375
0 0.617188 0.851562 0.495313 0.296875
0 0.651172 0.891406 0.383594 0.217188
0 0.63291 0.24082 0.73418 0.481641
0 0.858203 0.742578 0.283594 0.313281
0 0.633203 0.98125 0.297656 0.0375
0 0.0741699 0.0468262 0.14834 0.0936523
0 0.799805 0.258008 0.397266 0.516016
0 0.963281 0.282227 0.0734375 0.126563
0 0.641016 0.507812 0.717969 0.640625
0 0.985938 0.497656 0.028125 0.0976562
0 0.985938 0.538672 0.028125 0.102344
0 0.282031 0.665625 0.442188 0.495313
0 0.264648 0.786133 0.529297 0.427734
0 0.778125 0.753125 0.442188 0.45625
0 0.751172 0.871875 0.403906 0.25625
0 0.081543 0.0456543 0.163086 0.0913086
0 0.9625 0.455469 0.075 0.111719
0 0.985938 0.591406 0.028125 0.1
0 0.47334 0.916016 0.45332 0.167969
0 0.9625 0.788281 0.075 0.140625
0 0.632812 0.957812 0.296875 0.084375
0 0.930469 0.977734 0.139063 0.0445313
0 0.311328 0.0524414 0.236719 0.104883
0 0.960938 0.138281 0.078125 0.201953
0 0.661035 0.628125 0.67793 0.578125
0 0.257031 0.711328 0.514063 0.414844
0 0.615527 0.761328 0.742383 0.433594
0 0.963281 0.230859 0.0734375 0.127344
0 0.771094 0.450879 0.457813 0.39043
0 0.853125 0.0495117 0.289062 0.0990234
0 0.649512 0.323828 0.700977 0.442969
0 0.734766 0.306055 0.530469 0.467578
0 0.985938 0.68125 0.028125 0.126563
0 0.986719 0.744922 0.0265625 0.0945313
0 0.245898 0.849609 0.491797 0.300781
0 0.744922 0.845508 0.491406 0.308984
0 0.741016 0.393359 0.517969 0.378906
0 0.0253662 0.739844 0.0507324 0.114063
0 0.711719 0.787695 0.560938 0.412109
0 0.562891 0.82168 0.733594 0.356641
0 0.566309 0.954297 0.401758 0.0914062
0 0.224609 0.0461914 0.382031 0.0923828
0 0.798438 0.5875 0.403125 0.385938
0 0.604297 0.626172 0.791406 0.417969
0 0.078125 0.899219 0.15625 0.201563
0 0.690625 0.414844 0.61875 0.45625
0 0.744922 0.49834 0.510156 0.511133
0 0.783984 0.517188 0.432031 0.360938
0 0.985938 0.641406 0.028125 0.090625
0 0.962109 0.732031 0.0757812 0.104688
0 0.799219 0.816406 0.390625 0.367188
0 0.539062 0.898438 0.399219 0.203125
0 0.689844 0.585938 0.620313 0.828125
0 0.025415 0.703906 0.0508301 0.0984375
0 0.962891 0.676562 0.0742188 0.114063
0 0.840625 0.978906 0.31875 0.0421875
0 0.626563 0.0505859 0.314063 0.101172
0 0.823242 0.0430664 0.272266 0.0861328
0 0.373047 0.0535156 0.290625 0.107031
0 0.963281 0.628125 0.0734375 0.104688
0 0.41084 0.951563 0.367383 0.096875
0 0.026709 0.798633 0.053418 0.0996094
0 0.0563477 0.0865234 0.112695 0.173047
0 0.0399414 0.306445 0.0798828 0.101562
0 0.0705078 0.95 0.141016 0.1
0 0.0255371 0.661719 0.0510742 0.120313
0 0.49375 0.951563 0.33125 0.096875
0 0.0263428 0.615625 0.0526855 0.135937
0 0.0305908 0.377344 0.0611816 0.157813
0 0.0396484 0.252539 0.0792969 0.0835937
0 0.0758789 0.910937 0.151758 0.121875
0 0.0342041 0.19082 0.0684082 0.0933594
0 0.0299316 0.430371 0.0598633 0.181445
0 0.146484 0.949219 0.292969 0.101562
0 0.0306396 0.452344 0.0612793 0.104688
0 0.0287354 0.547656 0.0574707 0.0914062
0 0.0285645 0.503906 0.0571289 0.0734375
0 0.0335693 0.137402 0.0671387 0.127539
0 0.898438 0.046875 0.0984375 0.09375
0 0.0438477 0.0850586 0.0849609 0.170117
0 0.878125 0.0472656 0.107813 0.0945313
0 0.0248535 0.765234 0.049707 0.210156
0 0.0244629 0.8375 0.0489258 0.179688
0 0.0344727 0.684375 0.040625 0.357812
0 0.911328 0.0551758 0.177344 0.110352
0 0.0362549 0.0683594 0.0725098 0.136719
0 0.526563 0.0546875 0.116406 0.109375
0 0.0291992 0.667188 0.0576172 0.39375
0 0.0322266 0.752344 0.0644531 0.328125
0 0.0313477 0.113281 0.0626953 0.130078
0 0.025 0.799219 0.05 0.21875
0 0.0380737 0.738281 0.0468994 0.4125
0 0.0273193 0.341992 0.0546387 0.178516
0 0.0385742 0.560156 0.0550781 0.234375
0 0.0245361 0.638672 0.0490723 0.202344
0 0.976562 0.975 0.046875 0.05
0 0.286914 0.0498047 0.141797 0.0996094
0 0.0248047 0.566406 0.0496094 0.184375
0 0.0244629 0.877344 0.0489258 0.159375
0 0.933203 0.0491211 0.133594 0.0982422
0 0.0243652 0.392969 0.0487305 0.160156
0 0.0442261 0.276367 0.0705322 0.329297
0 0.984766 0.967969 0.0304688 0.0640625
0 0.936719 0.0658203 0.126563 0.131641
0 0.052832 0.0724121 0.105664 0.144824
0 0.363672 0.0822266 0.0867188 0.164453
0 0.026123 0.717969 0.0522461 0.25625
0 0.984766 0.0563477 0.0304688 0.112695
0 0.162109 0.0356445 0.0738281 0.0712891
0 0.353125 0.0743164 0.0773438 0.148633
0 0.0483398 0.108203 0.0701172 0.216016
0 0.374609 0.342773 0.0515625 0.148828
0 0.0251953 0.456152 0.0503906 0.236133
0 0.353125 0.452734 0.096875 0.169531
0 0.0379883 0.626563 0.0697266 0.385938
0 0.0226074 0.784375 0.0452148 0.210938
0 0.201123 0.975 0.256348 0.05
0 0.525781 0.0568359 0.189063 0.113672
0 0.358594 0.411328 0.0859375 0.190625
0 0.0227539 0.845313 0.0455078 0.185938
0 0.0462402 0.796875 0.0756836 0.24375
0 0.514844 0.0465332 0.0953125 0.0930664
0 0.975781 0.12793 0.0484375 0.255859
0 0.0253418 0.535547 0.0506836 0.19375
0 0.341406 0.628906 0.075 0.165625
0 0.382812 0.348633 0.053125 0.154297
0 0.985938 0.566406 0.028125 0.228125
0 0.0220215 0.625 0.044043 0.189063
0 0.352344 0.592188 0.0984375 0.23125
0 0.456348 0.473828 0.491992 0.588281
0 0.444434 0.378125 0.448633 0.742188
0 0.462891 0.395996 0.457031 0.308008
0 0.407813 0.429297 0.584375 0.735156
0 0.468359 0.318359 0.396875 0.536719
0 0.494531 0.4125 0.450781 0.405469
0 0.323633 0.383203 0.646484 0.766406
0 0.308984 0.465234 0.617969 0.557031
0 0.513281 0.342773 0.426563 0.436328
0 0.361523 0.578516 0.575391 0.699219
0 0.296436 0.492969 0.310254 0.467187
0 0.413184 0.432031 0.425195 0.454688
0 0.300195 0.460547 0.430078 0.5
0 0.398047 0.692187 0.44375 0.214062
0 0.397656 0.505078 0.45 0.510156
0 0.491016 0.388281 0.486719 0.574219
0 0.562891 0.304297 0.430469 0.594531
0 0.394434 0.742188 0.448633 0.195312
0 0.226953 0.468359 0.453906 0.5125
0 0.200781 0.503516 0.401563 0.479688
0 0.425879 0.628125 0.45293 0.35625
0 0.553516 0.349219 0.574219 0.591406
0 0.2 0.531641 0.4 0.524219
0 0.25 0.355664 0.5 0.711328
0 0.197656 0.580469 0.395313 0.345313
0 0.447559 0.374023 0.304883 0.646484
0 0.313086 0.545703 0.626172 0.432031
0 0.448047 0.577344 0.471094 0.370313
0 0.669141 0.301172 0.639844 0.559375
0 0.555078 0.49541 0.605469 0.487305
0 0.628027 0.380078 0.650195 0.36875
0 0.576465 0.612402 0.65332 0.64082
0 0.592578 0.266406 0.621094 0.508594
0 0.670703 0.402734 0.646094 0.541406
0 0.429004 0.328125 0.64043 0.642969
0 0.576172 0.721484 0.658594 0.538281
0 0.610059 0.260547 0.51582 0.380469
0 0.317578 0.616797 0.579688 0.335156
0 0.184766 0.875781 0.369531 0.248438
0 0.636816 0.52959 0.64668 0.608008
0 0.592969 0.754883 0.68125 0.490234
0 0.19458 0.873633 0.266309 0.252734
0 0.645312 0.767578 0.520312 0.294531
0 0.615625 0.187891 0.548438 0.343359
0 0.112695 0.627344 0.225391 0.39375
0 0.229687 0.604297 0.459375 0.257031
0 0.302344 0.608594 0.604688 0.223438
0 0.217529 0.899219 0.18916 0.201563
0 0.839844 0.616797 0.25625 0.333594
0 0.232422 0.354688 0.464844 0.709375
0 0.621191 0.946875 0.593555 0.10625
0 0.197656 0.64375 0.395313 0.378125
0 0.413672 0.689844 0.317188 0.192188
0 0.765625 0.572754 0.407813 0.449805
0 0.164453 0.871875 0.328906 0.25625
0 0.653809 0.422656 0.687695 0.80625
0 0.429785 0.736328 0.285742 0.202344
0 0.257812 0.911719 0.152344 0.176563
0 0.530469 0.948828 0.654688 0.102344
0 0.741797 0.182031 0.474219 0.339063
0 0.462891 0.927344 0.578906 0.145313
0 0.0800781 0.642188 0.160156 0.378125
0 0.593066 0.852539 0.635742 0.294922
0 0.163672 0.858203 0.327344 0.283594
0 0.294727 0.947656 0.156641 0.104688
0 0.766016 0.921875 0.467969 0.15625
0 0.305859 0.6625 0.569531 0.242188
0 0.533984 0.749414 0.625781 0.501172
0 0.397656 0.909375 0.532813 0.18125
0 0.687891 0.861914 0.435156 0.276172
0 0.461328 0.870313 0.548438 0.259375
0 0.240625 0.329688 0.48125 0.639063
0 0.313672 0.712109 0.627344 0.377344
0 0.846094 0.664453 0.220313 0.311719
0 0.428125 0.744727 0.4625 0.510547
0 0.316797 0.887891 0.241406 0.224219
0 0.421484 0.685156 0.39375 0.43125
0 0.243164 0.926172 0.269922 0.147656
0 0.399219 0.345117 0.297656 0.608203
0 0.659375 0.214062 0.617188 0.253516
0 0.249609 0.333594 0.499219 0.63125
0 0.920313 0.712891 0.159375 0.308594
0 0.24668 0.870313 0.493359 0.259375
0 0.6625 0.913672 0.565625 0.172656
0 0.909375 0.624219 0.134375 0.264062
0 0.841406 0.701563 0.176563 0.29375
0 0.9125 0.721875 0.140625 0.41875
0 0.787305 0.90625 0.425391 0.184375
0 0.878125 0.549219 0.184375 0.301563
0 0.867969 0.558203 0.207813 0.413281
0 0.360742 0.885156 0.345703 0.229687
0 0.679688 0.305664 0.339063 0.588672
0 0.928906 0.625781 0.142188 0.390625
0 0.889063 0.586328 0.159375 0.233594
0 0.885156 0.642188 0.146875 0.198437
0 0.896094 0.925 0.192188 0.14375
0 0.800977 0.662402 0.398047 0.675195
0 0.879687 0.686719 0.1375 0.182812
0 0.939063 0.576953 0.121875 0.408594
0 0.894531 0.86875 0.207813 0.2625
0 0.219775 0.278125 0.387012 0.514063
0 0.925781 0.571875 0.139063 0.339844
0 0.845703 0.685352 0.308594 0.629297
0 0.0672852 0.707031 0.13457 0.476562
0 0.344141 0.950781 0.225781 0.0984375
0 0.449121 0.962109 0.606445 0.0757812
0 0.897656 0.897656 0.170313 0.204688
0 0.229883 0.408594 0.427734 0.580469
0 0.744141 0.246875 0.511719 0.182812
0 0.16709 0.779688 0.33418 0.440625
0 0.920313 0.791406 0.159375 0.375
0 0.870508 0.19375 0.240234 0.361719
0 0.442578 0.772656 0.255469 0.4
0 0.267969 0.825781 0.535937 0.348438
0 0.891406 0.736719 0.160938 0.189063
0 0.809766 0.537891 0.380469 0.430469
0 0.791406 0.154883 0.398438 0.292969
0 0.838867 0.740234 0.156641 0.272656
0 0.358789 0.838281 0.399609 0.317188
0 0.0953125 0.233203 0.183594 0.425
0 0.804688 0.713281 0.389062 0.573438
0 0.819336 0.62041 0.361328 0.529492
0 0.89375 0.805469 0.157813 0.20625
0 0.394922 0.750781 0.420312 0.498437
0 0.391797 0.853516 0.285938 0.292969
0 0.766016 0.5 0.435156 0.467187
0 0.804102 0.910937 0.391797 0.178125
0 0.15 0.910937 0.297656 0.178125
0 0.13125 0.751953 0.2625 0.496094
0 0.394922 0.780469 0.375781 0.439063
0 0.917969 0.799414 0.164062 0.401172
0 0.300781 0.923438 0.1625 0.153125
0 0.30625 0.919531 0.567969 0.160938
0 0.658984 0.942578 0.560156 0.114844
0 0.101465 0.321484 0.196289 0.435937
0 0.068457 0.772266 0.136914 0.396094
0 0.880469 0.681641 0.239063 0.636719
0 0.836719 0.789844 0.159375 0.260938
0 0.0730957 0.830078 0.146191 0.339844
0 0.294922 0.725195 0.589844 0.549609
0 0.928906 0.472754 0.142188 0.44043
0 0.0681152 0.632812 0.13623 0.33125
0 0.197266 0.728906 0.394531 0.542188
0 0.980859 0.103711 0.0382813 0.207422
0 0.882812 0.194189 0.1625 0.357715
0 0.802344 0.870898 0.395313 0.258203
0 0.818945 0.922656 0.290234 0.154688
0 0.859375 0.95 0.28125 0.1
0 0.0530762 0.175684 0.0887695 0.351367
0 0.782031 0.297656 0.435937 0.2
0 0.165723 0.384766 0.327148 0.459375
0 0.835938 0.853516 0.170313 0.292969
0 0.242383 0.932813 0.175391 0.134375
0 0.367578 0.954688 0.627344 0.090625
0 0.344336 0.308203 0.295703 0.592188
0 0.0947266 0.127637 0.0722656 0.255273
0 0.808203 0.160059 0.383594 0.202539
0 0.0896484 0.419922 0.179297 0.551562
0 0.0643066 0.773047 0.128613 0.391406
0 0.149121 0.939063 0.298242 0.121875
0 0.0839844 0.223486 0.167969 0.312402
0 0.0507812 0.106641 0.0898438 0.201953
0 0.787305 0.191357 0.425391 0.379785
0 0.0614746 0.690625 0.122949 0.332813
0 0.0660645 0.170801 0.132129 0.341602
0 0.978125 0.166406 0.04375 0.251563
0 0.0737305 0.287695 0.147461 0.383203
0 0.155859 0.485938 0.311719 0.467187
0 0.815625 0.935156 0.36875 0.120313
0 0.19707 0.925 0.190625 0.15
0 0.932422 0.117969 0.135156 0.235938
0 0.778906 0.942187 0.4125 0.115625
0 0.17041 0.233398 0.266992 0.427734
0 0.845313 0.894141 0.18125 0.211719
0 0.0609863 0.366797 0.121973 0.542188
0 0.978125 0.273242 0.04375 0.127734
0 0.228174 0.17666 0.297559 0.35332
0 0.141699 0.919531 0.240039 0.160938
0 0.958203 0.547656 0.0835937 0.410938
0 0.979688 0.129004 0.040625 0.227539
0 0.260986 0.256055 0.300684 0.512109
0 0.951563 0.481934 0.096875 0.489258
0 0.0843262 0.964844 0.168652 0.0703125
0 0.930469 0.179883 0.139063 0.359766
0 0.817187 0.156348 0.0984375 0.312695
0 0.95625 0.177734 0.0875 0.355469
0 0.0876953 0.155762 0.175391 0.27207
0 0.978906 0.478125 0.0421875 0.470313
0 0.165918 0.476953 0.331836 0.658594
0 0.10498 0.949609 0.209961 0.100781
0 0.401953 0.288672 0.180469 0.577344
0 0.867188 0.161035 0.1 0.32207
0 0.655078 0.275 0.189063 0.55
0 0.907422 0.173633 0.185156 0.336719
0 0.314063 0.259766 0.228906 0.519531
0 0.978516 0.365625 0.0429688 0.254688
0 0.346484 0.27832 0.170313 0.556641
0 0.726562 0.235938 0.229687 0.471875
0 0.0745605 0.0812012 0.149121 0.162402
0 0.278906 0.313672 0.346875 0.564844
0 0.788281 0.202344 0.235938 0.365625
0 0.489844 0.291797 0.260938 0.583594
0 0.564063 0.290234 0.314063 0.580469
0 0.620313 0.285156 0.221875 0.570312
0 0.582812 0.457715 0.229687 0.342383
0 0.60625 0.43125 0.215625 0.425
0 0.657813 0.452734 0.109375 0.43125
0 0.598047 0.415625 0.250781 0.309375
0 0.0540039 0.622656 0.108008 0.426563
0 0.554688 0.669531 0.219531 0.440625
0 0.042981 0.898047 0.0812256 0.203906
0 0.0309082 0.814844 0.0618164 0.354688
0 0.950781 0.716406 0.0984375 0.4375
0 0.604688 0.519531 0.213281 0.44375
0 0.0429688 0.853125 0.0859375 0.121875
0 0.621094 0.384375 0.220313 0.34375
0 0.5625 0.586719 0.228125 0.35625
0 0.288672 0.496094 0.165625 0.43125
0 0.261914 0.473828 0.210938 0.413281
0 0.613281 0.289453 0.229687 0.417969
0 0.20083 0.443066 0.263184 0.32168
0 0.247656 0.980469 0.178906 0.0390625
0 0.043457 0.825781 0.0869141 0.348438
0 0.312695 0.552734 0.101172 0.442188
0 0.394922 0.550391 0.203906 0.417188
0 0.0481445 0.589063 0.0962891 0.4125
0 0.598047 0.666797 0.225781 0.441406
0 0.576563 0.710938 0.228125 0.40625
0 0.028125 0.846484 0.05625 0.307031
0 0 0.306299 0 0.338965
0 0.0272461 0.848437 0.0544922 0.134375
0 0.66875 0.159961 0.254688 0.29375
0 0.550781 0.477344 0.26875 0.334375
0 0.683984 0.469629 0.100781 0.45293
0 0.330469 0.586719 0.121094 0.423438
0 0.286523 0.413672 0.231641 0.321094
0 0.91875 0.66875 0.0890625 0.395313
0 0.0566895 0.844531 0.113379 0.1625
0 0.385547 0.412402 0.239844 0.32832
0 0.975781 0.744531 0.0484375 0.3375
0 0.0322266 0.584766 0.0644531 0.369531
0 0.442871 0.574121 0.14082 0.411133
0 0.521875 0.624219 0.220313 0.41875
0 0.559766 0.178711 0.24375 0.332422
0 0.588281 0.246094 0.246875 0.308594
0 0.449609 0.523438 0.175781 0.421875
0 0.496094 0.528516 0.216406 0.400781
0 0.942187 0.659375 0.1125 0.426563
0 0.0510254 0.885156 0.102051 0.229687
0 0.649219 0.427441 0.209375 0.460742
0 0.561719 0.604688 0.151562 0.432813
0 0.605469 0.64375 0.1125 0.44375
0 0.0498047 0.699219 0.0996094 0.43125
0 0.31875 0.498437 0.145313 0.432813
0 0.357617 0.569141 0.280078 0.394531
0 0.619531 0.766406 0.260938 0.354688
0 0.959375 0.774609 0.08125 0.419531
0 0.0536133 0.899219 0.106836 0.201563
0 0.914062 0.7375 0.0953125 0.428125
0 0.000708008 0.258936 0.00141602 0.333691
0 0.576563 0.600391 0.220313 0.458594
0 0.5875 0.625 0.1 0.432813
0 0.230908 0.473047 0.197559 0.355469
0 0.515625 0.691797 0.230469 0.394531
0 0.633984 0.350781 0.205469 0.448438
0 0.000927734 0.401953 0.00185547 0.361719
0 0.4 0.457129 0.177344 0.416992
0 0.942969 0.770312 0.114063 0.435937
0 0.232373 0.417969 0.269629 0.303906
0 0.43916 0.423828 0.24668 0.336719
0 0.310937 0.453809 0.178906 0.36582
0 0.346094 0.61875 0.103906 0.389062
0 0.885938 0.785156 0.10625 0.429688
0 0.241455 0.966406 0.197559 0.0671875
0 0.224023 0.975781 0.167578 0.0484375
0 0.534375 0.430859 0.285938 0.29375
0 0.429297 0.433984 0.177344 0.400781
0 0.847656 0.917188 0.282813 0.15625
0 0.409473 0.372266 0.235742 0.297656
0 0.394531 0.337109 0.217969 0.294531
0 0.297461 0.383594 0.198047 0.261719
0 0.502344 0.444629 0.238281 0.360742
0 0 0.917188 0 0.165625
0 0.0269531 0.762109 0.0539063 0.438281
0 0.140234 0.453809 0.260938 0.343945
0 0.344922 0.602734 0.0828125 0.289844
0 0.885938 0.693359 0.1 0.442969
0 0.870313 0.774609 0.096875 0.419531
0 0.205029 0.980859 0.128223 0.0382813
0 0.417285 0.595313 0.201367 0.409375
0 0.337109 0.396875 0.244531 0.30625
0 0.0319824 0.657422 0.0639648 0.427344
0 0.514063 0.149512 0.253125 0.290039
0 0.0258301 0.871484 0.0516602 0.257031
0 0.4625 0.452441 0.157813 0.406055
0 0.440234 0.475781 0.146094 0.426563
0 0.283789 0.523438 0.106641 0.453125
0 0.322461 0.568848 0.173047 0.435742
0 0.399609 0.627344 0.25 0.38125
0 0.405859 0.751563 0.220313 0.33125
0 0.0442871 0.183203 0.0885742 0.308594
0 0.0347656 0.156055 0.0695313 0.312109
0 0.0381836 0.121484 0.0763672 0.242969
0 0.0628906 0.173242 0.100781 0.346484
0 0.0427734 0.237158 0.0855469 0.299902
0 0.0452148 0.123047 0.0904297 0.246094
0 0.0323242 0.105664 0.0646484 0.211328
0 0.312109 0.0838379 0.0984375 0.167676
0 0.0651367 0.463965 0.104883 0.29707
0 0.0300293 0.0837891 0.0600586 0.167578
0 0.336914 0.0830078 0.0988281 0.166016
0 0.0637207 0.397559 0.102441 0.306445
0 0.0436523 0.287451 0.0873047 0.299316
0 0.263281 0.0886719 0.0984375 0.177344
0 0.0620117 0.140625 0.101367 0.28125
0 0.053418 0.449902 0.106836 0.275195
0 0.0452148 0.667969 0.0904297 0.290625
0 0.0439453 0.914062 0.0878906 0.171875
0 0.0416992 0.0838379 0.0833984 0.167676
0 0.914062 0.596094 0.103125 0.284375
0 0.0452148 0.392969 0.0904297 0.292188
0 0.0313721 0.197266 0.0627441 0.283984
0 0.864062 0.6 0.103125 0.282813
0 0.956641 0.564844 0.0867188 0.296875
0 0.938281 0.589453 0.101562 0.296875
0 0.361133 0.0817383 0.0972656 0.163477
0 0.0614258 0.264893 0.103711 0.38584
0 0.769141 0.718359 0.111719 0.288281
0 0.891406 0.599609 0.107813 0.280469
0 0.792969 0.716797 0.110937 0.292969
0 0.296484 0.106152 0.104688 0.212305
0 0.248633 0.0853516 0.078125 0.170703
0 0.0462891 0.724219 0.0925781 0.276563
0 0.840625 0.602344 0.10625 0.2875
0 0.0635742 0.335742 0.102344 0.312891
0 0.747656 0.741016 0.11875 0.292969
0 0.95625 0.626953 0.0875 0.324219
0 0.939063 0.79082 0.103125 0.302734
0 0.0873291 0.453809 0.100732 0.270508
0 0.294531 0.0667969 0.0816406 0.133594
0 0.0321777 0.708984 0.0643555 0.257031
0 0.0626465 0.696094 0.10127 0.282813
0 0.338672 0.118848 0.102344 0.237695
0 0.0334229 0.370898 0.0668457 0.281641
0 0.0394043 0.336719 0.0788086 0.3
0 0.0410156 0.473535 0.0820312 0.276367
0 0.948438 0.549219 0.0875 0.290625
0 0.797656 0.665625 0.120313 0.315625
0 0.95625 0.754687 0.0875 0.315625
0 0.957031 0.503223 0.0859375 0.326367
0 0.386328 0.081543 0.096875 0.163086
0 0.939063 0.644531 0.103125 0.325
0 0.818555 0.716016 0.112891 0.299219
0 0.925 0.826367 0.125 0.294141
0 0.765625 0.664844 0.1 0.307813
0 0.864844 0.767188 0.104688 0.290625
0 0.734375 0.771094 0.1 0.282813
0 0.0556641 0.0771973 0.0875 0.154395
0 0.920313 0.650781 0.115625 0.321875
0 0.925 0.765234 0.125 0.296094
0 0.0325195 0.497559 0.0650391 0.276758
0 0.0628906 0.752344 0.125781 0.321875
0 0.825 0.643359 0.125 0.294531
0 0.839063 0.720313 0.103125 0.3125
0 0.031665 0.657422 0.0633301 0.289844
0 0.89375 0.766016 0.1125 0.294531
0 0.939063 0.702344 0.103125 0.329688
0 0.771875 0.766406 0.11875 0.292188
0 0.363086 0.112695 0.101172 0.225391
0 0.870313 0.664453 0.115625 0.316406
0 0.941406 0.884375 0.10625 0.23125
0 0.896875 0.825 0.11875 0.29375
0 0.035791 0.932813 0.071582 0.134375
0 0.065332 0.527344 0.105664 0.285156
0 0.727344 0.742188 0.120313 0.239063
0 0.9 0.661328 0.125 0.317969
0 0.871875 0.821094 0.11875 0.290625
0 0.96875 0.54541 0.0625 0.35918
0 0.95625 0.818555 0.0875 0.300391
0 0.710156 0.756641 0.0953125 0.261719
0 0.778906 0.0996094 0.282813 0.199219
0 0.276172 0.106055 0.117969 0.212109
0 0.845313 0.666016 0.115625 0.311719
0 0.0590332 0.932031 0.106543 0.135937
0 0.95625 0.871484 0.0875 0.257031
0 0.1125 0.860547 0.225 0.278906
0 0.0318359 0.268408 0.0636719 0.277246
0 0.875 0.0856934 0.075 0.171387
0 0.798633 0.766406 0.121484 0.292188
0 0.324805 0.131055 0.123828 0.262109
0 0.96875 0.344531 0.0625 0.325
0 0.0320557 0.0663086 0.0641113 0.132617
0 0.0496094 0.77793 0.0992187 0.275391
0 0.100391 0.185205 0.199219 0.32959
0 0.846875 0.821875 0.11875 0.284375
0 0.1 0.607813 0.2 0.584375
0 0.10625 0.660156 0.2125 0.279687
0 0.925 0.868164 0.125 0.263672
0 0.084668 0.689453 0.105469 0.302344
0 0.410547 0.0814453 0.0960938 0.162891
0 0.823633 0.766406 0.121484 0.292188
0 0.8375 0.41416 0.1 0.198242
0 0.793945 0.6125 0.112109 0.2875
0 0.0750977 0.164746 0.124414 0.329492
0 0.102539 0.351367 0.194922 0.595703
0 0.523438 0.722266 0.35 0.555469
0 0.234766 0.0637695 0.0917969 0.127539
0 0.863281 0.0996094 0.273438 0.199219
0 0.967578 0.399902 0.0648438 0.312695
0 0.645312 0.52666 0.307813 0.382617
0 0.940625 0.844531 0.10625 0.292188
0 0.0320312 0.885742 0.0640625 0.228516
0 0.225 0.0833984 0.0757812 0.166797
0 0.432129 0.762109 0.348242 0.475781
0 0.267969 0.714844 0.302344 0.567187
0 0.086499 0.38125 0.103564 0.286719
0 0.1 0.197656 0.2 0.395313
0 0.896875 0.0831543 0.08125 0.166309
0 0.704688 0.78125 0.084375 0.16875
0 0.575 0.518359 0.35 0.532031
0 0.903125 0.773047 0.19375 0.246094
0 0.730078 0.698438 0.113281 0.282813
0 0.388184 0.117578 0.101758 0.235156
0 0.123535 0.149805 0.152148 0.299609
0 0.28667 0.0943359 0.300098 0.188672
0 0.542188 0.0907227 0.0859375 0.181445
0 0.96875 0.866016 0.0625 0.267969
0 0.921875 0.534375 0.117188 0.307813
0 0.825 0.824219 0.125 0.278125
0 0.204248 0.0986328 0.359473 0.197266
0 0.923438 0.374023 0.153125 0.248047
0 0.148828 0.17832 0.297656 0.356641
0 0.749609 0.793945 0.122656 0.287109
0 0.499121 0.401563 0.395508 0.396875
0 0.500391 0.500781 0.391406 0.472656
0 0.851562 0.0874512 0.0765625 0.174902
0 0.149805 0.225 0.299609 0.25
0 0.0999023 0.504687 0.199805 0.209375
0 0.96875 0.628906 0.0625 0.378125
0 0.9 0.868359 0.125 0.263281
0 0.15 0.175 0.3 0.25
0 0.0752197 0.0976562 0.0913574 0.195312
0 0.0792969 0.78457 0.134961 0.287109
0 0.974219 0.69375 0.0515625 0.253125
0 0.96875 0.461719 0.0625 0.39375
0 0.168164 0.677734 0.334375 0.547656
0 0.1 0.360498 0.2 0.379004
0 0.125781 0.274023 0.251563 0.548047
0 0.363477 0.724219 0.266016 0.551562
0 0.528516 0.622656 0.342969 0.475
0 0.244727 0.926562 0.291016 0.146875
0 0.975 0.755859 0.05 0.257031
0 0.100024 0.475 0.199951 0.25
0 0.435156 0.0827637 0.0953125 0.165527
0 0.585547 0.0998047 0.319531 0.199609
0 0.969531 0.380469 0.0609375 0.378906
0 0.425 0.309766 0.25625 0.602344
0 0.0458008 0.0613281 0.0916016 0.122656
0 0.9125 0.202783 0.175 0.263965
0 0.078125 0.220264 0.11875 0.362598
0 0.0559082 0.549219 0.111816 0.290625
0 0.428027 0.162695 0.243945 0.325391
0 0.107422 0.807031 0.214844 0.285938
0 0.96875 0.740234 0.0625 0.344531
0 0.85625 0.383691 0.090625 0.207617
0 0.124023 0.225 0.248047 0.25
0 0.0995117 0.588281 0.199023 0.271875
0 0.974219 0.860938 0.0515625 0.242188
0 0.919531 0.0816895 0.071875 0.163379
0 0.917969 0.265039 0.164062 0.237109
0 0.800195 0.824805 0.124609 0.275391
0 0.525781 0.0916016 0.0765625 0.183203
0 0.825781 0.435937 0.08125 0.202344
0 0.143164 0.306641 0.286328 0.613281
0 0.975 0.652344 0.05 0.217188
0 0.823438 0.60625 0.09375 0.226562
0 0.115234 0.460059 0.107031 0.26582
0 0.96875 0.83125 0.0625 0.326562
0 0.1 0.324609 0.2 0.250781
0 0.0323975 0.558594 0.0647949 0.296875
0 0.820117 0.671094 0.319141 0.240625
0 0.232227 0.0938477 0.0996094 0.187695
0 0.732813 0.900781 0.090625 0.198437
0 0.874219 0.867578 0.123438 0.264844
0 0.890625 0.374609 0.21875 0.250781
0 0.393652 0.668359 0.30957 0.663281
0 0.138574 0.925781 0.277148 0.148438
0 0.0741699 0.945312 0.147559 0.109375
0 0.974219 0.810938 0.0515625 0.253125
0 0.126465 0.425098 0.25293 0.549805
0 0.160547 0.925 0.221875 0.15
0 0.559375 0.0888672 0.09375 0.177734
0 0.960938 0.0666992 0.0703125 0.133398
0 0.847461 0.569141 0.305078 0.238281
0 0.0674805 0.583984 0.134961 0.269531
0 0.0830078 0.276172 0.10918 0.352344
0 0.0844727 0.719922 0.141992 0.307031
0 0.922656 0.322656 0.154688 0.246875
0 0.101953 0.725 0.203906 0.25
0 0.381934 0.158594 0.236133 0.317188
0 0.817187 0.922656 0.296875 0.154688
0 0.773438 0.824219 0.121875 0.273438
0 0.714844 0.939844 0.0828125 0.120313
0 0.264062 0.883594 0.0859375 0.232813
0 0.35 0.433203 0.3 0.58125
0 0.829688 0.623438 0.340625 0.241406
0 0.922656 0.415723 0.154688 0.231055
0 0.693359 0.0999023 0.307031 0.199805
0 0.45 0.450098 0.301563 0.55293
0 0.825 0.86875 0.120313 0.2625
0 0.269141 0.855469 0.0882813 0.282813
0 0.0459961 0.607031 0.0919922 0.304688
0 0.496875 0.0945313 0.096875 0.189063
0 0.970313 0.41875 0.059375 0.24375
0 0.79375 0.623438 0.101562 0.195312
0 0.149902 0.244141 0.299805 0.488281
0 0.839063 0.469629 0.103125 0.27793
0 0.970313 0.300195 0.059375 0.357422
0 0.1 0.275 0.2 0.25
0 0.669531 0.174805 0.226562 0.349609
0 0.866406 0.531641 0.107813 0.285938
0 0.131543 0.0791016 0.263086 0.158203
0 0.549219 0.176367 0.201563 0.352734
0 0.0760742 0.10957 0.106445 0.219141
0 0.940625 0.774219 0.11875 0.248438
0 0.890625 0.548828 0.10625 0.278906
0 0.106055 0.0761719 0.113281 0.152344
0 0.94375 0.0661133 0.071875 0.132227
0 0.826563 0.360156 0.08125 0.252344
0 0.785937 0.555469 0.357812 0.242188
0 0.773828 0.622656 0.0882813 0.195312
0 0.921875 0.524219 0.15625 0.248438
0 0.738281 0.657813 0.0984375 0.325
0 0.376465 0.901563 0.25957 0.196875
0 0.432813 0.644531 0.3375 0.514063
0 0.846875 0.564844 0.09375 0.245312
0 0.425391 0.225391 0.252344 0.450781
0 0.957812 0.460059 0.084375 0.323633
0 0.975781 0.269336 0.0484375 0.245703
0 0.866406 0.475781 0.107813 0.3
0 0.349219 0.225781 0.204688 0.451562
0 0.974609 0.464746 0.0507812 0.251758
0 0.300977 0.583691 0.265234 0.62793
0 0.458984 0.0858398 0.0929688 0.17168
0 0.825781 0.458203 0.104688 0.246875
0 0.870313 0.892188 0.10625 0.215625
0 0.887109 0.869531 0.225781 0.239063
0 0.849805 0.359766 0.300391 0.280469
0 0.496484 0.155469 0.207031 0.310937
0 0.187891 0.0846191 0.0988281 0.169238
0 0.517969 0.0753418 0.246875 0.150684
0 0.848828 0.773828 0.302344 0.250781
0 0.826563 0.0876953 0.0765625 0.175391
0 0.975 0.558203 0.05 0.272656
0 0.929688 0.823633 0.140625 0.246484
0 0.974219 0.0750977 0.0515625 0.150195
0 0.44209 0.0755859 0.19082 0.151172
0 0.413281 0.118359 0.101562 0.236719
0 0.602344 0.732813 0.342187 0.534375
0 0.347266 0.151172 0.119531 0.302344
0 0.0309326 0.954688 0.0618652 0.090625
0 0.353516 0.30625 0.294531 0.59375
0 0.321094 0.899219 0.321875 0.201563
0 0.391016 0.0754883 0.203906 0.150977
0 0.0883789 0.543359 0.104688 0.302344
0 0.141602 0.948047 0.0890625 0.103906
0 0.854492 0.426465 0.284766 0.243945
0 0.0920898 0.829883 0.18418 0.240234
0 0.88418 0.719531 0.231641 0.239063
0 0.598437 0.0856934 0.071875 0.171387
0 0.3 0.179297 0.120313 0.269141
0 0.846094 0.520703 0.096875 0.296094
0 0.250781 0.886914 0.0773438 0.226172
0 0.198633 0.075293 0.302734 0.150586
0 0.271875 0.201367 0.1125 0.264453
0 0.810938 0.775 0.25 0.25
0 0.805469 0.438281 0.0859375 0.196094
0 0.0324707 0.421191 0.0649414 0.266992
0 0.681641 0.752344 0.0882813 0.270313
0 0.0443359 0.851367 0.0886719 0.297266
0 0.244531 0.908594 0.0765625 0.182812
0 0.764453 0.890625 0.103906 0.21875
0 0.619531 0.326172 0.25 0.45
0 0.971484 0.161523 0.0570313 0.290234
0 0.070166 0.55 0.140332 0.2
0 0.892188 0.10625 0.096875 0.2125
0 0.755469 0.627344 0.078125 0.278125
0 0.438281 0.114258 0.101562 0.228516
0 0.776758 0.725 0.446484 0.248438
0 0.975 0.607031 0.05 0.221875
0 0.103711 0.650781 0.207422 0.234375
0 0.150098 0.600098 0.300195 0.599805
0 0.974219 0.0974609 0.0515625 0.194922
0 0.921875 0.723437 0.15625 0.248438
0 0.345703 0.88125 0.197656 0.2375
0 0.0570313 0.634375 0.114063 0.315625
0 0.167969 0.947656 0.0867188 0.104688
0 0.213867 0.94375 0.0816406 0.1125
0 0.771094 0.300781 0.33125 0.384375
0 0.846094 0.823438 0.307813 0.251563
0 0.475098 0.825 0.33418 0.35
0 0.508496 0.651465 0.414258 0.600195
0 0.520312 0.821484 0.259375 0.357031
0 0.502246 0.565625 0.40332 0.371875
0 0.482422 0.724609 0.335156 0.550781
0 0.632812 0.483594 0.110937 0.191406
0 0.51875 0.685156 0.515625 0.629687
0 0.519922 0.853125 0.257031 0.26875
0 0.492285 0.796875 0.282617 0.234375
0 0.582812 0.480469 0.2125 0.184375
0 0.616406 0.499609 0.14375 0.233594
0 0.451172 0.638672 0.308594 0.585156
0 0.6375 0.509375 0.110937 0.25625
0 0.508203 0.547656 0.378906 0.564063
0 0.505469 0.825391 0.414844 0.349219
0 0.524316 0.765234 0.32793 0.188281
0 0.447754 0.780078 0.30918 0.439844
0 0.35625 0.358398 0.110937 0.190234
0 0.467285 0.475391 0.254492 0.18125
0 0.529297 0.827148 0.505469 0.345703
0 0.355469 0.384766 0.101562 0.257812
0 0.539062 0.682031 0.240625 0.18125
0 0.534766 0.691406 0.30625 0.204688
0 0.575 0.340234 0.251563 0.680469
0 0.416504 0.639453 0.416992 0.527344
0 0.559473 0.602344 0.562305 0.495313
0 0.351172 0.428223 0.0945313 0.31543
0 0.596094 0.530078 0.1875 0.288281
0 0.39375 0.562891 0.45625 0.589844
0 0.334375 0.502344 0.56875 0.58125
0 0.0471558 0.678125 0.0480713 0.332813
0 0.508203 0.339453 0.389844 0.678906
0 0.0821289 0.334375 0.164258 0.56875
0 0.530469 0.829688 0.284375 0.192188
0 0.0992187 0.484375 0.198437 0.565625
0 0.655078 0.341797 0.282031 0.683594
0 0.49375 0.321289 0.290625 0.642578
0 0.551953 0.463281 0.275 0.151562
0 0.315234 0.399902 0.574219 0.592383
0 0.650781 0.477734 0.1 0.179688
0 0.100977 0.7 0.201953 0.6
0 0.520312 0.776367 0.495313 0.447266
0 0.616309 0.65 0.523633 0.7
0 0.714063 0.34375 0.270313 0.5875
0 0.125098 0.647656 0.250195 0.704688
0 0.330273 0.35625 0.158203 0.189844
0 0.458984 0.458203 0.311719 0.1625
0 0.617578 0.437109 0.458594 0.691406
0 0.545313 0.388184 0.314063 0.59707
0 0.0697266 0.188672 0.139453 0.377344
0 0.369727 0.730078 0.521484 0.539844
0 0.4375 0.272266 0.215625 0.544531
0 0.692187 0.555371 0.389062 0.637695
0 0.275732 0.310742 0.38916 0.619141
0 0.0722656 0.260938 0.144531 0.521875
0 0.156055 0.624219 0.312109 0.751563
0 0.463672 0.896484 0.321875 0.207031
0 0.553906 0.742188 0.254688 0.165625
0 0.638672 0.744922 0.366406 0.510156
0 0.119043 0.725781 0.211914 0.545313
0 0.629687 0.539844 0.129688 0.309375
0 0.386719 0.299219 0.21875 0.598437
0 0.939063 0.430859 0.121875 0.561719
0 0.35957 0.813867 0.590234 0.372266
0 0.203955 0.222656 0.124121 0.445312
0 0.158008 0.254102 0.127734 0.508203
0 0.800195 0.471094 0.168359 0.551562
0 0.606641 0.706836 0.446094 0.586328
0 0.783594 0.697461 0.185938 0.605078
0 0.947266 0.183887 0.105469 0.367773
0 0.154102 0.477734 0.308203 0.547656
0 0.484375 0.753516 0.284375 0.169531
0 0.91875 0.474121 0.14375 0.648633
0 0.711719 0.467969 0.298438 0.55625
0 0.140039 0.683984 0.280078 0.632031
0 0.643359 0.798828 0.327344 0.402344
0 0.861719 0.474609 0.121875 0.650781
0 0.0388672 0.817187 0.0351562 0.04375
0 0.820312 0.504687 0.15625 0.809375
0 0.257422 0.181641 0.11875 0.363281
0 0.84043 0.796289 0.228516 0.407422
0 0.421973 0.187891 0.162305 0.375781
0 0.680469 0.337109 0.175 0.674219
0 0.935547 0.636719 0.128906 0.578125
0 0.778125 0.449219 0.2 0.798438
0 0.0978516 0.803125 0.195703 0.39375
0 0.792969 0.716992 0.134375 0.566016
0 0.353906 0.464746 0.0828125 0.306445
0 0.555859 0.302734 0.160156 0.605469
0 0.9 0.233984 0.103125 0.467969
0 0.116895 0.219922 0.140039 0.439844
0 0.155371 0.243945 0.142383 0.487891
0 0.735156 0.301563 0.198437 0.603125
0 0.0766113 0.246484 0.153223 0.492969
0 0.0954102 0.775391 0.186523 0.449219
0 0.45625 0.837305 0.290625 0.225391
0 0.792969 0.746094 0.1125 0.507812
0 0.164062 0.197266 0.114844 0.394531
0 0.470313 0.30293 0.182812 0.605859
0 0.373047 0.176367 0.157813 0.352734
0 0.905469 0.721484 0.154688 0.557031
0 0.309375 0.750391 0.560938 0.499219
0 0.208203 0.181641 0.122266 0.363281
0 0.0629395 0.230469 0.125879 0.460938
0 0.713281 0.31543 0.176563 0.630859
0 0.125 0.420312 0.216406 0.539844
0 0.774609 0.277734 0.160156 0.555469
0 0.513281 0.292773 0.146875 0.585547
0 0.652344 0.316016 0.213281 0.632031
0 0.166309 0.212891 0.139258 0.425781
0 0.85625 0.719922 0.1625 0.560156
0 0.9375 0.722656 0.125 0.554688
0 0.860938 0.255859 0.121875 0.511719
0 0.820312 0.271094 0.132812 0.542188
0 0.0403442 0.810156 0.0366943 0.053125
0 0.378906 0.201758 0.190625 0.403516
0 0.132422 0.827344 0.264844 0.345313
0 0.299219 0.143555 0.129688 0.287109
0 0.593359 0.308789 0.186719 0.617578
0 0.157813 0.375781 0.255469 0.55
0 0.944922 0.530469 0.110156 0.570312
0 0.182227 0.746875 0.285547 0.50625
0 0.120117 0.776758 0.240234 0.446484
0 0.158398 0.805859 0.308203 0.388281
0 0.337305 0.899609 0.674609 0.200781
0 0.204102 0.217578 0.143359 0.435156
0 0.769531 0.796875 0.139063 0.40625
0 0.35 0.155273 0.145313 0.310547
0 0.735156 0.254883 0.185938 0.509766
0 0.311328 0.177832 0.128906 0.355664
0 0.0446167 0.721484 0.0533447 0.269531
0 0.165234 0.825 0.330469 0.35
0 0.247461 0.215234 0.116016 0.430469
0 0.248828 0.168359 0.139844 0.336719
0 0.727734 0.267188 0.157031 0.534375
0 0.0791504 0.380078 0.158301 0.553906
0 0.0763672 0.479297 0.152734 0.542969
0 0.678516 0.109668 0.03125 0.040625
0 0.824219 0.313477 0.146875 0.626953
0 0.467187 0.238867 0.126563 0.477734
0 0.926953 0.132227 0.146094 0.264453
0 0.859375 0.773047 0.228125 0.453906
0 0.111304 0.232422 0.136768 0.464844
0 0.757031 0.325586 0.185938 0.651172
0 0.657813 0.132227 0.101562 0.0671875
0 0.944531 0.229297 0.110937 0.458594
0 0.42041 0.167969 0.13418 0.335938
0 0.0694824 0.289844 0.138965 0.578125
0 0.233203 0.819531 0.466406 0.360938
0 0.792969 0.19375 0.160938 0.3875
0 0.1625 0.382812 0.166797 0.565625
0 0.15752 0.325 0.14043 0.55
0 0.301904 0.2375 0.259473 0.475
0 0.773047 0.261328 0.147656 0.522656
0 0.33457 0.821484 0.669141 0.357031
0 0.835156 0.648438 0.184375 0.703125
0 0.401172 0.207227 0.153125 0.414453
0 0.0795898 0.687109 0.15918 0.503906
0 0.0393066 0.824219 0.0370117 0.0390625
0 0.838281 0.202344 0.1625 0.404687
0 0.214648 0.145996 0.117188 0.291992
0 0.910937 0.28125 0.128125 0.5625
0 0.184961 0.316406 0.183984 0.532813
0 0.18667 0.776953 0.234473 0.446094
0 0.696875 0.148828 0.210938 0.297656
0 0.913281 0.638672 0.1375 0.683594
0 0.450684 0.540234 0.300195 0.519531
0 0.0825195 0.583203 0.165039 0.530469
0 0.0793457 0.758203 0.158691 0.483594
0 0.77832 0.771875 0.130859 0.45625
0 0.923438 0.343359 0.15 0.586719
0 0.34375 0.605859 0.084375 0.308594
0 0.9125 0.233203 0.121875 0.466406
0 0.826563 0.772656 0.171875 0.454688
0 0.890625 0.207031 0.175 0.414062
0 0.260547 0.138867 0.107422 0.277734
0 0.31543 0.214062 0.191016 0.428125
0 0.209033 0.264844 0.224902 0.529688
0 0.664453 0.825391 0.308594 0.349219
0 0.517285 0.477344 0.31543 0.185156
0 0.919922 0.15918 0.160156 0.318359
0 0.116772 0.369922 0.167236 0.540625
0 0.915625 0.748633 0.16875 0.502734
0 0.200342 0.263281 0.142285 0.526563
0 0.392578 0.540723 0.346875 0.54043
0 0.692187 0.125098 0.0484375 0.0521484
0 0.668359 0.243164 0.175781 0.486328
0 0.941406 0.327734 0.117188 0.555469
0 0.08125 0.835156 0.1625 0.329688
0 0.0319336 0.697266 0.0519531 0.308594
0 0.574609 0.703125 0.230469 0.21875
0 0.443359 0.239844 0.161719 0.479688
0 0.81543 0.255273 0.137891 0.510547
0 0.526953 0.673828 0.157031 0.153906
0 0.105469 0.276563 0.136719 0.553125
0 0.892188 0.772656 0.215625 0.454688
0 0.671094 0.271484 0.142969 0.542969
0 0.560938 0.27793 0.130469 0.555859
0 0.867188 0.374414 0.1375 0.648828
0 0.782813 0.305078 0.16875 0.610156
0 0.604297 0.271875 0.152344 0.54375
0 0.624219 0.15957 0.2125 0.319141
0 0.3875 0.351562 0.0421875 0.159375
0 0.814258 0.820508 0.293359 0.358984
0 0.720703 0.823633 0.277344 0.352734
0 0.510938 0.896094 0.282813 0.185938
0 0.568359 0.212695 0.192969 0.425391
0 0.903906 0.580078 0.192188 0.555469
0 0.0449341 0.823438 0.0509521 0.05625
0 0.491406 0.246484 0.15625 0.492969
0 0.531641 0.242383 0.166406 0.484766
0 0.042627 0.834375 0.0424805 0.059375
0 0.904297 0.179492 0.191406 0.358984
0 0.345703 0.510156 0.0710938 0.30625
0 0.585156 0.621094 0.226562 0.228125
0 0.0483887 0.698438 0.069043 0.30625
0 0.555469 0.853906 0.153906 0.248438
0 0.505566 0.920313 0.34668 0.14375
0 0.674219 0.114648 0.0171875 0.0416016
0 0.887109 0.880859 0.225781 0.238281
0 0.677734 0.130078 0.0554687 0.0652344
0 0.54375 0.440625 0.315625 0.148438
0 0.561328 0.733594 0.201563 0.201563
0 0.502344 0.665625 0.20625 0.146094
0 0.714844 0.137988 0.129688 0.0794922
0 0.0383301 0.842969 0.0516602 0.0796875
0 0.0414063 0.486719 0.0582031 0.301563
0 0.68125 0.119141 0.0398437 0.05
0 0.371094 0.734766 0.2 0.292969
0 0.328125 0.632812 0.117188 0.28125
0 0.441016 0.792383 0.330469 0.162109
0 0.912109 0.677734 0.175781 0.557031
0 0.461328 0.868555 0.338281 0.247266
0 0.371484 0.348438 0.0609375 0.153125
0 0.493359 0.508984 0.227344 0.275781
0 0.0461426 0.807813 0.0470703 0.0609375
0 0.444922 0.397266 0.267969 0.257812
0 0.440723 0.349609 0.268555 0.625
0 0.434375 0.479297 0.279687 0.203906
0 0.669141 0.142383 0.155469 0.0902344
0 0.373047 0.352344 0.105469 0.182812
0 0.389453 0.329492 0.0445313 0.123828
0 0.671875 0.115625 0.0375 0.04375
0 0.0333862 0.832812 0.0636963 0.06875
0 0.389453 0.356641 0.0742188 0.175781
0 0.666406 0.425 0.0648438 0.09375
0 0.898438 0.432031 0.203125 0.565625
0 0.689063 0.123438 0.0765625 0.0449219
0 0.419141 0.762109 0.330469 0.199219
0 0.512402 0.45625 0.37832 0.461719
0 0.0323242 0.486328 0.053125 0.292188
0 0.346484 0.721875 0.152344 0.275
0 0.408594 0.736328 0.290625 0.282031
0 0.044812 0.486328 0.0519775 0.232031
0 0.0361328 0.781445 0.0636719 0.158984
0 0.53125 0.929688 0.21875 0.134375
0 0.549609 0.526563 0.240625 0.2875
0 0.65625 0.430469 0.0625 0.107813
0 0.422266 0.896094 0.26875 0.19375
0 0.330078 0.310937 0.205469 0.254688
0 0.446875 0.738672 0.314844 0.161719
0 0.453125 0.922656 0.350781 0.153125
0 0.536719 0.640625 0.204688 0.185156
0 0.525781 0.79043 0.229687 0.206641
0 0.0544922 0.705469 0.108984 0.279687
0 0.430469 0.441016 0.2375 0.224219
0 0.0335938 0.844531 0.0671875 0.0875
0 0.193164 0.970313 0.232031 0.059375
0 0.721484 0.152051 0.150781 0.106836
0 0.466406 0.675391 0.303125 0.196094
0 0.179346 0.980469 0.209277 0.0390625
0 0.671875 0.110522 0.125 0.0781738
0 0.0347778 0.515625 0.0642334 0.170313
0 0.351953 0.395215 0.115625 0.323633
0 0.361719 0.481641 0.108594 0.360156
0 0.166895 0.996875 0.25293 0.00625
0 0.217529 0.955469 0.192285 0.0890625
0 0.453809 0.703906 0.29082 0.151562
0 0.551172 0.909375 0.173438 0.178125
0 0.387109 0.287305 0.0367188 0.0398437
0 0.684766 0.123828 0.059375 0.0621094
0 0.0620239 0.711719 0.0970459 0.253125
0 0.340234 0.337891 0.130469 0.138281
0 0.044043 0.829688 0.0648438 0.0625
0 0.685938 0.111914 0.04375 0.0449219
0 0.409375 0.8125 0.257031 0.220313
0 0.359766 0.297656 0.121875 0.0953125
0 0.682422 0.12832 0.0390625 0.0730469
0 0.673438 0.440234 0.0640625 0.130469
0 0.595313 0.678125 0.25625 0.220313
0 0.0390625 0.660937 0.078125 0.282813
0 0.550781 0.932813 0.21875 0.134375
0 0.0462769 0.699219 0.0519775 0.157813
0 0.145898 1 0.248047 0
0 0.0348145 0.650781 0.0696289 0.276563
0 0.676172 0.429688 0.217969 0.107813
0 0.223828 0.978516 0.202344 0.0429688
0 0.710938 0.112695 0.10625 0.0828125
0 0.0349121 0.853125 0.0698242 0.114063
0 0.473047 0.728125 0.320312 0.129688
0 0.395313 0.637891 0.410938 0.280469
0 0.40625 0.58125 0.4125 0.3625
0 0.458203 0.537891 0.517969 0.505469
0 0.546094 0.672266 0.232813 0.177344
0 0.483984 0.584375 0.469531 0.370313
0 0.450781 0.667578 0.226562 0.189844
0 0.521094 0.678906 0.170313 0.165625
0 0.470703 0.666016 0.541406 0.389844
0 0.374609 0.689844 0.470313 0.373437
0 0.425781 0.516016 0.352344 0.475
0 0.646484 0.409375 0.242969 0.203125
0 0.38125 0.388672 0.0359375 0.0773438
0 0.0365356 0.826563 0.0484131 0.04375
0 0.353516 0.370508 0.105469 0.223047
0 0.366797 0.632812 0.139844 0.246094
0 0.398828 0.348828 0.0851563 0.171875
0 0.387402 0.661328 0.164258 0.190625
0 0.380469 0.395313 0.0273438 0.0617188
0 0.332813 0.372656 0.1375 0.20625
0 0.380078 0.393066 0.0429688 0.0576172
0 0.581641 0.41709 0.211719 0.214258
0 0.383984 0.363477 0.0875 0.205078
0 0.492578 0.673438 0.214844 0.178125
0 0.568848 0.476172 0.54668 0.567187
0 0.310156 0.386621 0.178906 0.214258
0 0.382031 0.349609 0.0703125 0.175
0 0.0401245 0.820312 0.0562744 0.046875
0 0.404297 0.677734 0.18125 0.161719
0 0.0459839 0.815625 0.0607666 0.05625
0 0.0530396 0.8125 0.0687256 0.065625
0 0.386719 0.382812 0.0554687 0.252344
0 0.538184 0.55 0.49082 0.482812
0 0.482031 0.378223 0.444531 0.74668
0 0.413672 0.683594 0.372656 0.3125
0 0.38916 0.669531 0.116992 0.146875
0 0.571875 0.656641 0.196094 0.203906
0 0.413281 0.473438 0.439063 0.559375
0 0.375879 0.413379 0.0498047 0.332617
0 0.0319824 0.809375 0.0639648 0.075
0 0.308984 0.429004 0.180469 0.262305
0 0.564844 0.453906 0.210938 0.15625
0 0.380078 0.373828 0.0460938 0.0929688
0 0.335547 0.374414 0.25 0.239453
0 0.499316 0.655469 0.323242 0.201563
0 0.40791 0.355469 0.12168 0.174219
0 0.357422 0.665234 0.135937 0.151562
0 0.374219 0.396875 0.040625 0.06875
0 0.615234 0.396094 0.539844 0.438281
0 0.286523 0.403906 0.218359 0.19375
0 0.305273 0.630469 0.200391 0.23125
0 0.509375 0.354297 0.369531 0.344531
0 0.367383 0.435156 0.0730469 0.303906
0 0.067041 0.827344 0.0983398 0.05625
0 0.452734 0.701953 0.264844 0.110937
0 0.550781 0.678906 0.123438 0.164062
0 0.0626465 0.809375 0.0981445 0.0890625
0 0.416406 0.717188 0.363281 0.104688
0 0.0990234 0.838281 0.166016 0.059375
0 0.325977 0.553125 0.034375 0.0796875
0 0.593359 0.617188 0.0257812 0.0484375
0 0.48125 0.453906 0.19375 0.151562
0 0.571094 0.405371 0.43125 0.24082
0 0.5375 0.458984 0.304688 0.164844
0 0.546875 0.711719 0.0640625 0.071875
0 0.375391 0.639844 0.299219 0.25625
0 0.502734 0.432813 0.403906 0.195312
0 0.302734 0.572656 0.596094 0.417188
0 0.0287354 0.825 0.0574707 0.0515625
0 0.685156 0.377734 0.379688 0.305469
0 0.512891 0.611719 0.642969 0.429688
0 0.335742 0.574219 0.0570313 0.126563
0 0.418359 0.735156 0.438281 0.459375
0 0.38584 0.393359 0.0580078 0.104688
0 0.378906 0.365234 0.0359375 0.108594
0 0.666406 0.433594 0.04375 0.0984375
0 0.598437 0.617188 0.034375 0.05625
0 0.644531 0.442969 0.0859375 0.117188
0 0.389062 0.836719 0.0382813 0.0421875
0 0.605078 0.603516 0.0578125 0.065625
0 0.035498 0.83125 0.056543 0.05625
0 0.659766 0.422656 0.185156 0.172656
0 0.360156 0.619531 0.05625 0.090625
0 0.675781 0.118164 0.03125 0.046875
0 0.617188 0.421484 0.20625 0.182031
0 0.656641 0.428516 0.0601563 0.0929688
0 0.332031 0.55625 0.0460938 0.0921875
0 0.0782227 0.804688 0.0363281 0.053125
0 0.0599609 0.806445 0.0667969 0.0714844
0 0.388672 0.83125 0.0289063 0.05
0 0.336719 0.353125 0.240625 0.167187
0 0.295264 0.401465 0.25166 0.27207
0 0.386719 0.511719 0.0757812 0.478125
0 0.0548828 0.783594 0.0923828 0.15
0 0.317188 0.656641 0.19375 0.164062
0 0.344336 0.626563 0.115234 0.23125
0 0.596875 0.608594 0.0390625 0.0507812
0 0.437891 0.353516 0.167969 0.166406
0 0.369336 0.674219 0.0714844 0.142188
0 0.37168 0.405859 0.0449219 0.0929688
0 0.366797 0.536328 0.15625 0.457031
0 0.375 0.383984 0.0492188 0.0828125
0 0.554688 0.711719 0.0414063 0.071875
0 0.414844 0.727734 0.05625 0.0429688
0 0.399902 0.828906 0.0580078 0.0515625
0 0.57334 0.602734 0.489258 0.316406
0 0.678516 0.121582 0.0226563 0.0410156
0 0.0767334 0.792188 0.140283 0.176563
0 0.537891 0.713672 0.0773438 0.0804688
0 0.553125 0.716797 0.0703125 0.0914062
0 0.402344 0.726562 0.0625 0.0421875
0 0.0375488 0.838281 0.0750977 0.0640625
0 0.507812 0.447266 0.11875 0.154688
0 0.46416 0.402441 0.237305 0.223242
0 0.679688 0.12793 0.0484375 0.0632813
0 0.361719 0.592969 0.096875 0.159375
0 0.48125 0.736719 0.090625 0.0390625
0 0.674219 0.119336 0.040625 0.0542969
0 0.387109 0.8375 0.0476562 0.0546875
0 0.680469 0.112891 0.0421875 0.0597656
0 0.396875 0.689844 0.103125 0.1125
0 0.415625 0.724609 0.0828125 0.0523438
0 0.432813 0.728516 0.0890625 0.0453125
0 0.510938 0.734375 0.0570313 0.0414063
0 0.519531 0.729297 0.071875 0.0476562
0 0.411816 0.708203 0.0841797 0.0820312
0 0.678906 0.114355 0.025 0.0408203
0 0.411328 0.447656 0.10625 0.404687
0 0.663672 0.377246 0.175 0.25332
0 0.382715 0.535937 0.14707 0.286719
0 0.430469 0.7375 0.11875 0.0640625
0 0.679688 0.143164 0.040625 0.0949219
0 0.496875 0.729688 0.167187 0.0476562
0 0.36543 0.499219 0.0957031 0.385938
0 0.596875 0.6125 0.0453125 0.0648438
0 0.492871 0.701563 0.30957 0.1625
0 0.352344 0.59375 0.0359375 0.116406
0 0.523438 0.71875 0.084375 0.0578125
0 0.294727 0.367969 0.220703 0.264062
0 0.342969 0.54375 0.15625 0.490625
0 0.5125 0.394629 0.385156 0.248242
0 0.282422 0.901172 0.564844 0.197656
0 0.41416 0.632031 0.193555 0.242969
0 0.389941 0.9 0.232617 0.2
0 0.0433594 0.792383 0.0867188 0.0683594
0 0.416016 0.834375 0.0875 0.040625
0 0.560938 0.36543 0.360938 0.294141
0 0.401172 0.520312 0.121094 0.460156
0 0.524609 0.686328 0.310937 0.186719
0 0.415625 0.825781 0.264062 0.11875
0 0.377734 0.843555 0.150781 0.191016
0 0.0698242 0.768359 0.139648 0.216406
0 0.639063 0.465625 0.0921875 0.0875
0 0.390234 0.421875 0.0742188 0.246094
0 0.291602 0.863086 0.583203 0.273828
0 0.504785 0.430371 0.329492 0.112695
0 0.368359 0.257422 0.214062 0.358594
0 0.690234 0.398047 0.207031 0.242969
0 0.432422 0.71875 0.111719 0.0796875
0 0.371289 0.417578 0.0519531 0.107813
0 0.504687 0.724219 0.101562 0.0625
0 0.026416 0.468359 0.052832 0.142188
0 0.461328 0.735938 0.0882813 0.059375
0 0.345117 0.484375 0.0457031 0.0609375
0 0.0131348 0.678906 0.0262695 0.215625
0 0.401953 0.723437 0.0851563 0.0609375
0 0.40625 0.955469 0.0609375 0.0890625
0 0.682031 0.34375 0.325 0.307813
0 0.884766 0.8875 0.230469 0.225
0 0.0169678 0.745313 0.0339355 0.201563
0 0.735156 0.390625 0.326562 0.246875
0 0.330859 0.599219 0.0585938 0.171875
0 0.0772461 0.803906 0.0419922 0.0671875
0 0.0665039 0.783594 0.120117 0.13125
0 0.0145996 0.642188 0.0291992 0.260938
0 0.353125 0.697656 0.0335938 0.0984375
0 0.361719 0.665625 0.0554687 0.145313
0 0.439453 0.45 0.161719 0.196094
0 0.358008 0.621875 0.0496094 0.123438
0 0.391016 0.302734 0.0460938 0.0765625
0 0.0796875 0.910156 0.159375 0.179688
0 0.3875 0.844531 0.336719 0.279687
0 0.828906 0.826953 0.226562 0.346094
0 0.356641 0.407813 0.0789063 0.0929688
0 0.670313 0.410547 0.034375 0.0546875
0 0.369141 0.864453 0.23125 0.271094
0 0.049707 0.256641 0.0994141 0.142969
0 0.342773 0.59375 0.0675781 0.13125
0 0.3625 0.4 0.065625 0.0789063
0 0.391406 0.296094 0.0335938 0.0570313
0 0.689844 0.118579 0.0640625 0.094873
0 0.672656 0.448438 0.03125 0.078125
0 0.732813 0.699609 0.160938 0.372656
0 0.0179687 0.5375 0.0359375 0.160156
0 0.697266 0.151074 0.0695313 0.103711
0 0.460938 0.725 0.0789063 0.065625
0 0.0404297 0.422266 0.0808594 0.119531
0 0.0329102 0.832812 0.0482422 0.075
0 0.588672 0.615234 0.046875 0.0695313
0 0.587891 0.725 0.0601563 0.084375
0 0.0405762 0.792188 0.0811523 0.176563
0 0.446484 0.332471 0.275 0.356934
0 0.457129 0.275977 0.716992 0.204297
0 0.392188 0.373437 0.0710938 0.130469
0 0.464453 0.738281 0.05625 0.040625
0 0.410156 0.868945 0.253125 0.262109
0 0.463672 0.870117 0.258594 0.259766
0 0.685156 0.125586 0.173438 0.0542969
0 0.0867676 0.792969 0.173535 0.185938
0 0.0716797 0.663281 0.143359 0.220313
0 0.59375 0.619531 0.028125 0.071875
0 0.0698242 0.622656 0.139648 0.141406
0 0.379688 0.366992 0.046875 0.130859
0 0.013501 0.733203 0.027002 0.303906
0 0.332422 0.639844 0.250781 0.273438
0 0.500391 0.396875 0.0289063 0.04375
0 0.417188 0.945312 0.0609375 0.078125
0 0.0491211 0.360938 0.0982422 0.133594
0 0.0660156 0.77832 0.0521484 0.108984
0 0.0533203 0.83125 0.0808594 0.0765625
0 0.601562 0.594531 0.059375 0.0671875
0 0.424219 0.713281 0.0695313 0.0734375
0 0.0542969 0.784375 0.0566406 0.125
0 0.389941 0.828125 0.0341797 0.0625
0 0.392188 0.835938 0.0953125 0.046875
0 0.428027 0.305469 0.658008 0.373437
0 0.390625 0.725391 0.0875 0.0414063
0 0.621094 0.472656 0.0554687 0.090625
0 0.589844 0.738281 0.0539063 0.0625
0 0.685938 0.34668 0.165625 0.307422
0 0.732031 0.741406 0.248438 0.301563
0 0.047998 0.808594 0.0959961 0.215625
0 0.353906 0.4625 0.0339844 0.0765625
0 0.0499023 0.207617 0.0998047 0.139063
0 0.679297 0.135547 0.327344 0.0757812
0 0.685938 0.137695 0.0515625 0.0988281
0 0.678516 0.123242 0.03125 0.0566406
0 0.272852 0.424902 0.269922 0.217383
0 0.503906 0.412109 0.04375 0.0742188
0 0.480078 0.724219 0.0929688 0.065625
0 0.528906 0.444434 0.157813 0.167383
0 0.354688 0.675 0.0335938 0.135937
0 0.390234 0.512402 0.15 0.386133
0 0.51875 0.636719 0.203125 0.25
0 0.0364502 0.80293 0.0729004 0.0972656
0 0.0712402 0.728906 0.14248 0.170313
0 0.507031 0.87207 0.235938 0.255859
0 0.509473 0.30625 0.42168 0.442188
0 0.523438 0.269922 0.665625 0.149219
0 0.39834 0.949219 0.0548828 0.0796875
0 0.191016 0.914062 0.382031 0.171875
0 0.405469 0.835156 0.242188 0.0375
0 0.0525391 0.05 0.105078 0.1
0 0.0503418 0.304297 0.100684 0.146094
0 0.782813 0.418848 0.2625 0.316992
0 0.590625 0.629297 0.053125 0.0859375
0 0.454688 0.735547 0.059375 0.0453125
0 0.710156 0.769922 0.223438 0.302344
0 0.00477295 0.689844 0.0095459 0.423438
0 0.395996 0.278516 0.0470703 0.06875
0 0.632812 0.872656 0.228125 0.254688
0 0.090625 0.771094 0.18125 0.104688
0 0.567969 0.672656 0.0796875 0.173438
0 0.85625 0.539062 0.2375 0.2875
0 0.689453 0.82168 0.238281 0.287891
0 0.0152344 0.886914 0.0304688 0.226172
0 0.347656 0.474609 0.0484375 0.0679687
0 0.0727539 0.820117 0.145508 0.0972656
0 0.382031 0.695312 0.09375 0.104688
0 0.667578 0.413281 0.0429688 0.065625
0 0.543359 0.420312 0.0632813 0.08125
0 0.646875 0.795313 0.23125 0.290625
0 0.505078 0.695703 0.1375 0.213281
0 0.414062 0.921875 0.224219 0.15625
0 0.688281 0.429688 0.0859375 0.107813
0 0.753125 0.81582 0.0453125 0.112109
0 0.331445 0.291602 0.265234 0.325391
0 0.748438 0.368359 0.240625 0.327344
0 0.504687 0.385156 0.0421875 0.0671875
0 0.502344 0.392188 0.021875 0.040625
0 0.590234 0.582422 0.371094 0.433594
0 0.533594 0.699219 0.0773438 0.0984375
0 0.053418 0.875 0.106836 0.125
0 0.331641 0.508984 0.03125 0.0523438
0 0.898438 0.928125 0.203125 0.14375
0 0.714063 0.565625 0.240625 0.292188
0 0.733594 0.661328 0.220313 0.296094
0 0.617969 0.45 0.232813 0.21875
0 0.441797 0.703906 0.238281 0.182812
0 0.739062 0.789844 0.203125 0.290625
0 0.884375 0.571875 0.21875 0.214062
0 0.00974121 0.917969 0.0194824 0.164062
0 0.817187 0.564063 0.235938 0.289062
0 0.671094 0.459375 0.03125 0.0609375
0 0.410254 0.951563 0.0794922 0.096875
0 0.56875 0.883984 0.257812 0.232031
0 0.0554687 0.257422 0.110937 0.514844
0 0.512109 0.417188 0.0632813 0.0796875
0 0.359375 0.647266 0.05625 0.0960938
0 0.40625 0.823438 0.053125 0.05625
0 0.624219 0.633984 0.276563 0.248438
0 0.364063 0.479785 0.0960938 0.435742
0 0.367578 0.402344 0.0679687 0.278906
0 0.3625 0.4 0.0984375 0.272656
0 0.339844 0.466797 0.133594 0.558594
0 0.347266 0.615625 0.0835937 0.279687
0 0.410547 0.491504 0.217969 0.48418
0 0.0383789 0.705859 0.0767578 0.307031
0 0.339063 0.459375 0.135156 0.360156
0 0.384766 0.347266 0.0578125 0.163281
0 0.373828 0.342969 0.0664062 0.145313
0 0.374023 0.293359 0.0667969 0.279687
0 0.378516 0.428125 0.059375 0.324219
0 0.449609 0.516797 0.297656 0.466406
0 0.378906 0.387109 0.065625 0.249219
0 0.510547 0.65625 0.216406 0.145313
0 0.0353027 0.836719 0.0706055 0.304688
0 0.0398437 0.761719 0.0796875 0.2
0 0.361328 0.300391 0.0867188 0.225781
0 0.0355957 0.773438 0.0711914 0.160938
0 0.322266 0.363086 0.166406 0.183203
0 0.347852 0.516406 0.106641 0.54375
0 0.555469 0.662109 0.114063 0.150781
0 0.440234 0.239502 0.28125 0.347559
0 0.353125 0.618359 0.0664062 0.244531
0 0.386621 0.295508 0.0533203 0.265234
0 0.359961 0.281982 0.103516 0.30791
0 0.271924 0.204688 0.349121 0.0605469
0 0.520312 0.691016 0.185938 0.207031
0 0.606934 0.304297 0.617383 0.378906
0 0.38291 0.325586 0.0498047 0.119141
0 0.394531 0.387109 0.100781 0.249219
0 0.425391 0.388672 0.153125 0.250781
0 0.346484 0.587891 0.100781 0.297656
0 0.329688 0.291602 0.165625 0.284766
0 0.373633 0.61875 0.126172 0.271875
0 0.295703 0.230859 0.446094 0.0585938
0 0.355273 0.571094 0.103516 0.239063
0 0.327734 0.18208 0.465625 0.0686523
0 0.625 0.764844 0.265625 0.370313
0 0.254102 0.182861 0.358984 0.0741211
0 0.760547 0.329688 0.325781 0.392188
0 0.356445 0.666406 0.0777344 0.139063
0 0.0378906 0.735938 0.0757812 0.278125
0 0.590234 0.416016 0.582031 0.574219
0 0.217236 0.253906 0.338965 0.0546875
0 0.547656 0.782813 0.153125 0.404687
0 0.050293 0.753125 0.0529297 0.20625
0 0.727344 0.317188 0.240625 0.305469
0 0.664062 0.384766 0.0828125 0.175781
0 0.104688 0.747656 0.209375 0.504687
0 0.483984 0.669531 0.257812 0.1625
0 0.492969 0.446484 0.385938 0.638281
0 0.493652 0.317383 0.387695 0.338672
0 0.575781 0.711328 0.0734375 0.247656
0 0.5875 0.660547 0.0476562 0.146094
0 0.656641 0.412891 0.075 0.116406
0 0.0345215 0.802344 0.0575195 0.0953125
0 0.314453 0.332227 0.183594 0.162109
0 0.183789 0.231641 0.316016 0.0625
0 0.412598 0.422754 0.123242 0.316992
0 0.275 0.248438 0.305469 0.0648438
0 0.30293 0.353906 0.219922 0.246094
0 0.347656 0.259424 0.133594 0.306152
0 0.301904 0.208984 0.296191 0.0929688
0 0.032251 0.85625 0.064502 0.2875
0 0.304688 0.158789 0.4125 0.0761719
0 0.323047 0.397656 0.182812 0.364063
0 0.229687 0.280859 0.367188 0.0585938
0 0.142871 0.772266 0.285742 0.455469
0 0.378906 0.343359 0.0460938 0.142969
0 0.279883 0.354102 0.261328 0.141797
0 0.0436035 0.784375 0.0666992 0.121875
0 0.47666 0.203125 0.40293 0.0539063
0 0.807031 0.412109 0.220313 0.430469
0 0.299414 0.232031 0.270703 0.0726563
0 0.741406 0.391797 0.276563 0.539062
0 0.033667 0.864648 0.067334 0.270703
0 0.792969 0.334766 0.223438 0.357031
0 0.579688 0.786914 0.19375 0.426172
0 0.339453 0.671094 0.121094 0.135937
0 0.443359 0.374219 0.302344 0.653125
0 0.0985352 0.257031 0.19707 0.514063
0 0.355664 0.646875 0.0839844 0.192188
0 0.359375 0.498437 0.175 0.496875
0 0.539453 0.180078 0.480469 0.0578125
0 0.571875 0.653125 0.0726563 0.141406
0 0.463281 0.636328 0.259375 0.678906
0 0.684375 0.261768 0.21875 0.371777
0 0.798438 0.879687 0.403125 0.05625
0 0.0326172 0.828125 0.0500977 0.05
0 0.147168 0.667969 0.294336 0.403125
0 0.590625 0.634766 0.0375 0.0851563
0 0.371875 0.500391 0.123438 0.350781
0 0.382129 0.263477 0.0951172 0.298047
0 0.174219 0.745313 0.348438 0.509375
0 0.8 0.853906 0.4 0.0578125
0 0.181836 0.208203 0.312891 0.0632813
0 0.613281 0.413379 0.170313 0.124805
0 0.510254 0.228906 0.382617 0.0546875
0 0.26875 0.364453 0.275 0.0945313
0 0.326172 0.246289 0.20625 0.25625
0 0.657422 0.674219 0.346094 0.207813
0 0.182324 0.562109 0.364648 0.636719
0 0.416016 0.278711 0.139844 0.287109
0 0.405469 0.373437 0.185156 0.2125
0 0.334766 0.497754 0.173438 0.349805
0 0.319922 0.583594 0.160156 0.323438
0 0.0388794 0.832812 0.0419678 0.0546875
0 0.417285 0.319141 0.120117 0.210156
0 0.675781 0.726562 0.354688 0.310937
0 0.592188 0.641406 0.0460938 0.1125
0 0.560156 0.630859 0.121875 0.219531
0 0.389941 0.448535 0.166992 0.335742
0 0.0293213 0.810156 0.0586426 0.0875
0 0.398535 0.201514 0.337305 0.0547852
0 0.277686 0.243311 0.302441 0.155566
0 0.0376831 0.826563 0.0480713 0.078125
0 0.0388184 0.825781 0.0493164 0.040625
0 0.628125 0.310742 0.275781 0.349609
0 0.362891 0.55 0.264062 0.6
0 0.684375 0.367969 0.145313 0.210938
0 0.0570313 0.778125 0.0597656 0.1375
0 0.197217 0.303516 0.364941 0.0554687
0 0.00904541 0.382031 0.0180908 0.367188
0 0.0734375 0.774219 0.146875 0.153125
0 0.803516 0.901563 0.392969 0.05625
0 0.462598 0.2875 0.260742 0.289844
0 0.592969 0.63125 0.0554687 0.214062
0 0.299951 0.980859 0.389941 0.0382813
0 0.376172 0.361719 0.05625 0.183594
0 0.0174805 0.727344 0.0349609 0.373437
0 0.236328 0.158594 0.323438 0.0796875
0 0.722656 0.903906 0.428125 0.0546875
0 0.660156 0.380371 0.1125 0.19082
0 0.864258 0.903125 0.271484 0.05625
0 0.873438 0.910156 0.1875 0.179688
0 0.496875 0.689063 0.257031 0.126563
0 0.371289 0.560156 0.123828 0.245312
0 0.209717 0.328906 0.336816 0.0554687
0 0.390234 0.425391 0.18125 0.653125
0 0.389453 0.317969 0.0429688 0.104688
0 0.581641 0.774219 0.0648438 0.121875
0 0.0356201 0.888281 0.0712402 0.223438
0 0.673438 0.438184 0.335938 0.658008
0 0.50625 0.250781 0.334375 0.0539063
0 0.0745605 0.772656 0.149121 0.454688
0 0.344531 0.651172 0.6125 0.697656
0 0.373242 0.176563 0.344922 0.065625
0 0.548047 0.201904 0.382031 0.0579102
0 0.425 0.279492 0.205469 0.292578
0 0.0291992 0.825 0.0583984 0.059375
0 0.453906 0.178906 0.407813 0.0578125
0 0.202734 0.353906 0.334375 0.0546875
0 0.838867 0.429297 0.181641 0.460156
0 0.58125 0.154297 0.45625 0.0589844
0 0.436816 0.226172 0.36543 0.0546875
0 0.079541 0.754687 0.159082 0.2
0 0.226562 0.29375 0.259766 0.065625
0 0.680469 0.300732 0.321875 0.36416
0 0.105859 0.616504 0.211719 0.48418
0 0.139063 0.569531 0.278125 0.571875
0 0.0489258 0.770117 0.0978516 0.459766
0 0.11875 0.267578 0.2375 0.354688
0 0.744531 0.878906 0.440625 0.05625
0 0.372852 0.362695 0.0589844 0.139453
0 0.396875 0.326172 0.0617188 0.115625
0 0.636719 0.179688 0.457813 0.0566406
0 0.0393555 0.676562 0.0787109 0.225
0 0.363281 0.236523 0.228125 0.362891
0 0.364844 0.212842 0.304688 0.0844727
0 0.832812 0.926562 0.321875 0.05
0 0.357031 0.976562 0.164062 0.046875
0 0.341406 0.466406 0.0609375 0.132812
0 0.540625 0.780273 0.175 0.439453
0 0.0105957 0.462402 0.0211914 0.462695
0 0.270264 0.305859 0.267285 0.201563
0 0.0951172 0.348047 0.190234 0.463281
0 0.814844 0.924219 0.1875 0.151562
0 0.642578 0.26875 0.214844 0.404687
0 0.292188 0.257031 0.222656 0.199609
0 0.598047 0.660937 0.0484375 0.146875
0 0.360547 0.629297 0.059375 0.140625
0 0.359961 0.975781 0.361328 0.0484375
0 0.033374 0.875 0.066748 0.160938
0 0.372656 0.399609 0.04375 0.0664062
0 0.444531 0.246875 0.317969 0.0507812
0 0.374414 0.396094 0.0363281 0.0515625
0 0.481152 0.673828 0.329883 0.652344
0 0.735156 0.929688 0.446875 0.053125
0 0.843359 0.928125 0.313281 0.053125
0 0.110156 0.348096 0.220313 0.363184
0 0.36875 0.678906 0.08125 0.150781
0 0.00644531 0.325781 0.0128906 0.360938
0 0.677344 0.647656 0.354688 0.439063
0 0.0327148 0.792188 0.0654297 0.110937
0 0.591797 0.700781 0.0710938 0.226562
0 0.369336 0.429688 0.0558594 0.139063
0 0.336328 0.483203 0.059375 0.125781
0 0.352344 0.689844 0.059375 0.114063
0 0.432813 0.350391 0.171094 0.174219
0 0.855859 0.878125 0.288281 0.05625
0 0.072998 0.558984 0.145996 0.583594
0 0.34375 0.227344 0.319531 0.140625
0 0.350977 0.925781 0.258203 0.148438
0 0.390723 0.639063 0.42168 0.6875
0 0.626563 0.9 0.40625 0.046875
0 0.318359 0.152832 0.248438 0.0669922
0 0.664062 0.411328 0.0554687 0.10625
0 0.389844 0.239258 0.264062 0.130859
0 0.0685059 0.245703 0.137012 0.491406
0 0.240479 0.378906 0.337012 0.0539063
0 0.748438 0.854688 0.440625 0.05625
0 0.0324219 0.902344 0.0648438 0.195312
0 0.0252686 0.820312 0.0505371 0.15
0 0.0314941 0.35957 0.0629883 0.304297
0 0.0602051 0.372266 0.12041 0.534375
0 0.687109 0.202148 0.361719 0.0511719
0 0.0127441 0.641406 0.0254883 0.471875
0 0.320117 0.973437 0.436328 0.053125
0 0.294922 0.265039 0.238281 0.269141
0 0.387109 0.302344 0.0507812 0.0695313
0 0.392871 0.598047 0.17207 0.280469
0 0.617969 0.621875 0.10625 0.221875
0 0.834766 0.828125 0.330469 0.05625
0 0.561328 0.252734 0.327344 0.0558594
0 0.517188 0.639844 0.208594 0.232813
0 0.710938 0.378516 0.179688 0.179688
0 0.611719 0.202344 0.390625 0.0546875
0 0.547656 0.69375 0.0570313 0.096875
0 0.322266 0.716406 0.644531 0.567187
0 0.760547 0.926562 0.338281 0.05
0 0.528223 0.275 0.313867 0.046875
0 0.378906 0.382129 0.0445313 0.132617
0 0.0882813 0.789844 0.170313 0.129688
0 0.573438 0.227344 0.373437 0.0539063
0 0.190576 0.179297 0.324316 0.0664062
0 0.154199 0.429297 0.308398 0.457031
0 0.716016 0.925 0.178906 0.15
0 0.867578 0.929688 0.264844 0.053125
0 0.754297 0.925 0.180469 0.15
0 0.86582 0.854688 0.268359 0.059375
0 0.320654 0.955469 0.311035 0.0890625
0 0.380078 0.421094 0.0507812 0.114063
0 0.357031 0.462891 0.0773438 0.133594
0 0.596875 0.485938 0.342187 0.509375
0 0.653125 0.510156 0.309375 0.528125
0 0.335938 0.521484 0.0589844 0.124219
0 0.0681641 0.184473 0.136328 0.368945
0 0.0257568 0.795313 0.0515137 0.125
0 0.775 0.828125 0.421875 0.05625
0 0.0554687 0.791406 0.0794922 0.126563
0 0.583203 0.624609 0.102344 0.221094
0 0.626563 0.877344 0.385938 0.053125
0 0.521484 0.318701 0.205469 0.343066
0 0.552344 0.675781 0.05625 0.117188
0 0.0490234 0.648438 0.0980469 0.210938
0 0.605859 0.383203 0.1875 0.184375
0 0.70625 0.177539 0.376563 0.05625
0 0.608594 0.694531 0.11875 0.210938
0 0.907422 0.879687 0.185156 0.05625
0 0.0368408 0.307813 0.0736816 0.299219
0 0.777344 0.203125 0.3625 0.0539063
0 0.856055 0.949219 0.287891 0.0453125
0 0.0564453 0.698047 0.112891 0.313281
0 0.685547 0.357812 0.196094 0.214062
0 0.17793 0.408594 0.34375 0.392188
0 0.0296631 0.407813 0.0593262 0.30625
0 0.908984 0.864648 0.182031 0.270703
0 0.855469 0.803906 0.289062 0.0578125
0 0.344141 0.692578 0.0492188 0.100781
0 0.0815918 0.145313 0.163184 0.290625
0 0.773438 0.227734 0.38125 0.053125
0 0.622656 0.7125 0.2 0.575
0 0.685938 0.22832 0.392188 0.053125
0 0.628906 0.645312 0.123438 0.176563
0 0.58125 0.408691 0.228125 0.12168
0 0.0597656 0.50625 0.119531 0.670313
0 0.860156 0.778906 0.279687 0.05625
0 0.351367 0.616406 0.0785156 0.14375
0 0.80332 0.179102 0.393359 0.0542969
0 0.3875 0.976562 0.242188 0.046875
0 0.576563 0.767969 0.0609375 0.075
0 0.292578 0.923438 0.247656 0.153125
0 0.0408203 0.655469 0.0816406 0.342187
0 0.423828 0.920313 0.213281 0.159375
0 0.87832 0.703516 0.243359 0.0546875
0 0.864648 0.753125 0.270703 0.05625
0 0.871094 0.728516 0.257812 0.0554687
0 0.146777 0.323633 0.293555 0.0445313
0 0.830664 0.803906 0.338672 0.0625
0 0.857813 0.679688 0.284375 0.053125
0 0.397656 0.987891 0.394531 0.0242188
0 0.280469 0.125586 0.335938 0.0734375
0 0.137891 0.235352 0.251953 0.391797
0 0.795313 0.678906 0.409375 0.0515625
0 0.150684 0.298438 0.301367 0.0433594
0 0.821094 0.650781 0.357812 0.046875
0 0.644922 0.660156 0.160938 0.148438
0 0.375684 0.221094 0.186133 0.239063
0 0.628906 0.428906 0.154688 0.124219
0 0.870313 0.890625 0.13125 0.04375
0 0.905469 0.867969 0.15 0.0453125
0 0.875781 0.867969 0.140625 0.04375
0 0.897656 0.890625 0.134375 0.04375
0 0.84375 0.890625 0.13125 0.04375
0 0.81875 0.914844 0.13125 0.0453125
0 0.791406 0.889063 0.126563 0.0453125
0 0.517578 0.84375 0.172656 0.0390625
0 0.464453 0.917188 0.16875 0.04375
0 0.845313 0.914062 0.13125 0.04375
0 0.817383 0.890625 0.127734 0.04375
0 0.749219 0.867188 0.140625 0.046875
0 0.455469 0.940625 0.15 0.04375
0 0.928125 0.867188 0.14375 0.046875
0 0.510938 0.86875 0.160938 0.04375
0 0.539844 0.869531 0.167187 0.0453125
0 0.766406 0.889063 0.125 0.046875
0 0.794531 0.914844 0.132812 0.0453125
0 0.896875 0.915625 0.134375 0.04375
0 0.638281 0.967969 0.167187 0.04375
0 0.871875 0.914062 0.134375 0.04375
0 0.610938 0.967188 0.164062 0.040625
0 0.76875 0.915625 0.129688 0.04375
0 0.792188 0.864062 0.13125 0.05
0 0.921875 0.890625 0.134375 0.046875
0 0.525781 0.892188 0.139063 0.04375
0 0.432813 0.942187 0.155469 0.040625
0 0.85 0.867188 0.140625 0.04375
0 0.745313 0.915625 0.13125 0.04375
0 0.459375 0.892188 0.157813 0.04375
0 0.744531 0.890625 0.128125 0.04375
0 0.550781 0.845313 0.185938 0.040625
0 0.632031 0.941406 0.153125 0.0421875
0 0.710547 0.867969 0.160156 0.0453125
0 0.921094 0.914062 0.13125 0.046875
0 0.603125 0.940625 0.146094 0.040625
0 0.346094 0.84375 0.182031 0.04375
0 0.553125 0.892188 0.14375 0.04375
0 0.722656 0.940625 0.135937 0.04375
0 0.681641 0.967188 0.15625 0.046875
0 0.725 0.964063 0.142188 0.05
0 0.477344 0.867188 0.146875 0.04375
0 0.725 0.917188 0.139063 0.040625
0 0.371875 0.871094 0.183594 0.0484375
0 0.475 0.964063 0.140625 0.046875
0 0.899219 0.964063 0.139063 0.04375
0 0.615625 0.982031 0.120313 0.0359375
0 0.819531 0.939063 0.13125 0.046875
0 0.579688 0.967188 0.151562 0.0421875
0 0.639453 0.980859 0.117969 0.0382813
0 0.416504 0.89375 0.17168 0.04375
0 0.498828 0.892188 0.136719 0.040625
0 0.0586914 0.976562 0.103711 0.046875
0 0.895312 0.9375 0.13125 0.046875
0 0.747656 0.9625 0.1375 0.05
0 0.767578 0.939063 0.127344 0.046875
0 0.79375 0.939063 0.13125 0.0484375
0 0.8875 0.98125 0.115625 0.0375
0 0.56875 0.86875 0.175 0.046875
0 0.74375 0.939063 0.129688 0.046875
0 0.3125 0.815625 0.1625 0.04375
0 0.341406 0.869531 0.171875 0.046875
0 0.771484 0.963281 0.135156 0.0484375
0 0.520312 0.964063 0.13125 0.046875
0 0.546484 0.964844 0.135156 0.0453125
0 0.480469 0.841406 0.151562 0.040625
0 0.819531 0.865625 0.134375 0.046875
0 0.663281 0.979688 0.115625 0.040625
0 0.914062 0.980469 0.117188 0.0390625
0 0.576563 0.940625 0.145313 0.04375
0 0.58125 0.890625 0.151562 0.046875
0 0.921875 0.936719 0.134375 0.05
0 0.488281 0.980859 0.114063 0.0382813
0 0.421484 0.86875 0.182812 0.05
0 0.415234 0.917188 0.169531 0.040625
0 0.687109 0.978906 0.114063 0.0421875
0 0.926562 0.964063 0.14375 0.046875
0 0.711719 0.978906 0.1125 0.0421875
0 0.282422 0.814063 0.153906 0.046875
0 0.797656 0.964063 0.1375 0.046875
0 0.863281 0.980469 0.115625 0.0390625
0 0.591797 0.982422 0.122656 0.0351562
0 0.63125 0.915625 0.151562 0.046875
0 0.875 0.964844 0.142188 0.04375
0 0.736719 0.978906 0.1125 0.0421875
0 0.703516 0.891406 0.144531 0.0421875
0 0.0678711 0.91875 0.120898 0.046875
0 0.222607 0.917188 0.18291 0.046875
0 0.549219 0.915625 0.1375 0.04375
0 0.577734 0.915625 0.145313 0.04375
0 0.761719 0.979688 0.1125 0.040625
0 0.388672 0.892188 0.166406 0.04375
0 0.5875 0.844531 0.210938 0.040625
0 0.0626953 0.940625 0.109961 0.0453125
0 0.680469 0.942187 0.151562 0.040625
0 0.455469 0.965625 0.152344 0.0421875
0 0.464844 0.980469 0.120313 0.0390625
0 0.786719 0.980469 0.114063 0.0390625
0 0.546875 0.81875 0.178125 0.040625
0 0.492969 0.9375 0.127344 0.05
0 0.603125 0.915625 0.145313 0.0453125
0 0.8125 0.980469 0.114063 0.0390625
0 0.871094 0.939063 0.132812 0.046875
0 0.497266 0.916406 0.135156 0.04375
0 0.823438 0.964063 0.139063 0.0453125
0 0.453516 0.866406 0.147656 0.0484375
0 0.8375 0.980469 0.115625 0.0390625
0 0.5125 0.817187 0.161719 0.040625
0 0.844531 0.939063 0.13125 0.0453125
0 0.679688 0.890625 0.15 0.04375
0 0.513281 0.982031 0.115625 0.0359375
0 0.632031 0.889063 0.153906 0.05
0 0.598047 0.867188 0.185156 0.046875
0 0.680859 0.916406 0.152344 0.0421875
0 0.311719 0.867969 0.160938 0.0453125
0 0.940234 0.889063 0.119531 0.046875
0 0.258203 0.914844 0.153906 0.046875
0 0.522656 0.915625 0.135937 0.04375
0 0.940625 0.914062 0.11875 0.0453125
0 0.848437 0.964844 0.140625 0.04375
0 0.538281 0.982031 0.115625 0.0359375
0 0.545703 0.939063 0.133594 0.046875
0 0.25625 0.814844 0.151562 0.0484375
0 0.0424805 0.891406 0.0849609 0.0390625
0 0.952344 0.8875 0.0953125 0.05
0 0.0658203 0.967188 0.117188 0.04375
0 0.953125 0.864844 0.09375 0.05
0 0.357812 0.890625 0.153125 0.04375
0 0.939844 0.965625 0.120313 0.04375
0 0.442188 0.982031 0.125 0.0359375
0 0.940234 0.982031 0.119531 0.0359375
0 0.402734 0.842188 0.195312 0.0421875
0 0.587891 0.81875 0.211719 0.0390625
0 0.0402344 0.917188 0.0804688 0.04375
0 0.478906 0.817187 0.146875 0.040625
0 0.330078 0.890625 0.146094 0.040625
0 0.939844 0.9375 0.120313 0.046875
0 0.564844 0.982031 0.11875 0.0359375
0 0.988281 0.964844 0.0234375 0.05
0 0.45 0.839063 0.140625 0.0453125
0 0.359766 0.815625 0.157813 0.04375
0 0.953125 0.913281 0.09375 0.046875
0 0.280469 0.866406 0.148438 0.0453125
0 0.305078 0.892188 0.146094 0.0375
0 0.283984 0.914844 0.154688 0.04375
0 0.952344 0.966406 0.0953125 0.0421875
0 0.241602 0.89375 0.169141 0.0375
0 0.988281 0.9375 0.0234375 0.046875
0 0.255469 0.866406 0.147656 0.04375
0 0.0950195 0.992188 0.139258 0.015625
0 0.51875 0.935938 0.128125 0.05
0 0.0379883 0.939063 0.0759766 0.04375
0 0.382031 0.965625 0.155469 0.0421875
0 0.641797 0.867188 0.172656 0.046875
0 0.0915039 0.975781 0.123438 0.0484375
0 0.530469 0.998828 0.159375 0.00234375
0 0.367578 0.975391 0.126563 0.0492188
0 0.952734 0.982422 0.0945313 0.0351562
0 0.9 0.998438 0.148438 0.003125
0 0.48125 0.998438 0.164062 0.003125
0 0.974219 0.997656 0.0515625 0.0046875
0 0.11123 0.91875 0.160352 0.04375
0 0.953125 0.9375 0.09375 0.046875
0 0.0389648 0.965625 0.0779297 0.040625
0 0.201953 0.89375 0.190234 0.0375
0 0.965625 0.982813 0.06875 0.034375
0 0.285938 0.842188 0.161719 0.04375
0 0.627344 0.998438 0.153125 0.003125
0 0.925391 0.997656 0.149219 0.0046875
0 0.697656 0.997656 0.14375 0.0046875
0 0.747266 0.997656 0.142969 0.0046875
0 0.798242 0.997656 0.144141 0.0046875
0 0.38125 0.940625 0.150781 0.040625
0 0.673438 0.997656 0.146094 0.0046875
0 0.0720703 0.89375 0.129883 0.04375
0 0.300391 0.939063 0.138281 0.04375
0 0.261914 0.965625 0.164453 0.0421875
0 0.990625 0.98125 0.01875 0.0375
0 0.30918 0.916406 0.155078 0.040625
0 0.220264 0.817187 0.177441 0.040625
0 0.363672 0.917188 0.164844 0.0390625
0 0.985938 0.939063 0.028125 0.0515625
0 0.372656 0.994922 0.146875 0.0101563
0 0.873438 0.998438 0.146875 0.003125
0 0.044873 0.864062 0.0897461 0.040625
0 0.964453 0.9375 0.0710938 0.046875
0 0.0375488 0.992188 0.0750977 0.015625
0 0.772656 0.997656 0.14375 0.0046875
0 0.214404 0.867188 0.16416 0.0421875
0 0.9875 0.966406 0.025 0.05625
0 0.345117 0.973437 0.130859 0.053125
0 0.451172 0.996875 0.155469 0.00625
0 0.177148 0.917969 0.194141 0.046875
0 0.416406 0.980469 0.123438 0.0390625
0 0.325391 0.939063 0.138281 0.0421875
0 0.989062 0.982813 0.021875 0.034375
0 0.848437 0.997656 0.14375 0.0046875
0 0.225977 0.9375 0.139453 0.0453125
0 0.251563 0.939063 0.140625 0.04375
0 0.989844 0.994141 0.0203125 0.0117188
0 0.448438 0.814063 0.1375 0.04375
0 0.240039 0.842188 0.167578 0.04375
0 0.190625 0.974219 0.124219 0.0515625
0 0.390625 0.978516 0.121875 0.0429688
0 0.9375 0.998047 0.125 0.00390625
0 0.103687 0.965625 0.147314 0.04375
0 0.1 0.940625 0.137695 0.04375
0 0.986719 0.914062 0.0265625 0.05
0 0.144043 0.975781 0.132227 0.0484375
0 0.165332 0.974219 0.124414 0.0515625
0 0.42334 0.814063 0.136133 0.04375
0 0.310156 0.965625 0.160156 0.0421875
0 0.395996 0.99375 0.142383 0.0125
0 0.353516 0.939063 0.14375 0.040625
0 0.950391 0.998438 0.0992187 0.003125
0 0.347266 0.994141 0.146875 0.0117188
0 0.421777 0.995313 0.143945 0.009375
0 0.218408 0.974219 0.128809 0.0515625
0 0.321094 0.973437 0.133594 0.053125
0 0.986719 0.864062 0.0265625 0.046875
0 0.246484 0.975391 0.133594 0.0492188
0 0.122754 0.990625 0.151367 0.01875
0 0.986719 0.8875 0.0265625 0.046875
0 0.964063 0.889063 0.071875 0.046875
0 0.575391 0.998438 0.149219 0.003125
0 0.964844 0.914844 0.0703125 0.0453125
0 0.273438 0.975781 0.137891 0.0484375
0 0.0392578 0.980859 0.0785156 0.0382813
0 0.200586 0.9375 0.139453 0.046875
0 0.211719 0.965625 0.166016 0.0390625
0 0.0444336 0.832812 0.0888672 0.05
0 0.297656 0.975 0.136719 0.05
0 0.159961 0.89375 0.210938 0.040625
0 0.176758 0.867188 0.191016 0.040625
0 0.964453 0.864844 0.0710938 0.0484375
0 0.247607 0.995703 0.147754 0.00859375
0 0.319922 0.992969 0.142188 0.0140625
0 0.22168 0.995313 0.148047 0.009375
0 0.271484 0.995313 0.145313 0.009375
0 0.20332 0.84375 0.193359 0.040625
0 0.294336 0.99375 0.140234 0.0125
0 0.144531 0.987109 0.147266 0.0257812
0 0.116431 0.89375 0.171826 0.0421875
0 0.175 0.936719 0.139063 0.046875
0 0.0454102 0.807031 0.0908203 0.05625
0 0.179688 0.964063 0.152344 0.040625
0 0.135156 0.963281 0.163281 0.04375
0 0.167383 0.983594 0.143359 0.0328125
0 0.133594 0.939844 0.157031 0.04375
0 0.0518066 0.994531 0.0967773 0.0109375
0 0.176563 0.817187 0.191016 0.0390625
0 0.193555 0.991406 0.144141 0.0171875
0 0.0639648 0.809375 0.119922 0.059375
0 0.0280151 0.83125 0.0355713 0.040625
0 0.0640625 0.834375 0.118164 0.05
0 0.0210205 0.832031 0.042041 0.04375
0 0.0711914 0.865625 0.129883 0.04375
0 0.138477 0.815625 0.169922 0.04375
0 0.139453 0.840625 0.171094 0.04375
0 0.0958984 0.8375 0.13418 0.05
0 0.0354004 0.85 0.0708008 0.0875
0 0.0275269 0.823438 0.0330322 0.0375
0 0.0966797 0.814844 0.138672 0.0515625
0 0.107129 0.866406 0.154492 0.04375
0 0.0505859 0.8375 0.101172 0.08125
0 0.0380371 0.832812 0.0405273 0.05625
0 0.0530273 0.851562 0.106055 0.078125
0 0.043457 0.870313 0.0869141 0.059375
0 0.41875 0.682813 0.567187 0.178125
0 0.424609 0.685938 0.551562 0.357812
0 0.373047 0.589063 0.55 0.725
0 0.357031 0.6 0.585156 0.335938
0 0.515527 0.685156 0.561133 0.173438
0 0.469434 0.537891 0.561133 0.717969
0 0.511328 0.674219 0.542969 0.257812
0 0.333984 0.553125 0.577344 0.521875
0 0.492969 0.794141 0.560938 0.411719
0 0.439453 0.727344 0.525781 0.545313
0 0.56084 0.797656 0.525195 0.404687
0 0.526563 0.753516 0.55 0.305469
0 0.599219 0.771484 0.498437 0.341406
0 0.450391 0.678906 0.258594 0.153906
0 0.482422 0.7375 0.0796875 0.0453125
0 0.522656 0.666016 0.184375 0.16875
0 0.600781 0.672656 0.523438 0.25
0 0.303125 0.641016 0.58125 0.605469
0 0.0347656 0.826563 0.0472656 0.040625
0 0.59375 0.611719 0.0289063 0.0523438
0 0.386328 0.832812 0.503906 0.334375
0 0.594141 0.6125 0.0257812 0.0375
0 0.0352539 0.828125 0.0300781 0.04375
0 0.186621 0.765625 0.373242 0.209375
0 0.692187 0.672656 0.615625 0.251563
0 0.508594 0.735156 0.0296875 0.040625
0 0.679297 0.636328 0.588281 0.280469
0 0.474609 0.741406 0.0476562 0.0445313
0 0.241016 0.746875 0.482031 0.253125
0 0.423438 0.668359 0.210938 0.189844
0 0.459766 0.650391 0.294531 0.222656
0 0.65625 0.794922 0.5 0.410156
0 0.122656 0.770312 0.245312 0.19375
0 0.279297 0.836328 0.541406 0.327344
0 0.469531 0.7375 0.0359375 0.0390625
0 0.440625 0.701563 0.228125 0.171875
0 0.348047 0.725 0.53125 0.55
0 0.450781 0.735938 0.06875 0.0492188
0 0.574316 0.727344 0.551367 0.246875
0 0.383496 0.392871 0.0408203 0.0689453
0 0.514453 0.635547 0.524219 0.544531
0 0.503906 0.741406 0.034375 0.0460938
0 0.467187 0.737891 0.05 0.0414063
0 0.174023 0.883984 0.348047 0.232031
0 0.215625 0.929688 0.43125 0.140625
0 0.245508 0.890625 0.491016 0.21875
0 0.474219 0.628906 0.557813 0.403125
0 0.266016 0.7125 0.532031 0.3125
0 0.375781 0.397266 0.0359375 0.0546875
0 0.0287109 0.825 0.0555664 0.05
0 0.713867 0.796484 0.572266 0.407031
0 0.529688 0.724609 0.0625 0.0703125
0 0.713477 0.660547 0.573047 0.269531
0 0.596875 0.613281 0.040625 0.05625
0 0.205078 0.861523 0.410156 0.276953
0 0.166211 0.136328 0.332422 0.272656
0 0.282422 0.548047 0.564844 0.750781
0 0.383594 0.347266 0.0578125 0.138281
0 0.292578 0.56875 0.585156 0.501563
0 0.291797 0.671094 0.583594 0.339063
0 0.199609 0.717969 0.399219 0.309375
0 0.589844 0.621875 0.065625 0.05625
0 0.376563 0.385156 0.0367188 0.0890625
0 0.0384644 0.823438 0.0707275 0.046875
0 0.595703 0.623828 0.0359375 0.0609375
0 0.0334961 0.832812 0.0521484 0.053125
0 0.289062 0.727734 0.578125 0.544531
0 0.715625 0.619922 0.56875 0.278125
0 0.254688 0.783203 0.509375 0.433594
0 0.508594 0.737891 0.034375 0.053125
0 0.121387 0.8 0.242773 0.1375
0 0.144141 0.158105 0.288281 0.316211
0 0.356836 0.729688 0.0335938 0.04375
0 0.391797 0.2875 0.0289063 0.034375
0 0.336523 0.501563 0.0394531 0.059375
0 0.340625 0.484375 0.046875 0.096875
0 0.570703 0.708594 0.552344 0.145313
0 0.439844 0.734375 0.1 0.05
0 0.3875 0.293359 0.0375 0.0460938
0 0.546094 0.717188 0.0453125 0.059375
0 0.519531 0.733203 0.0453125 0.0476562
0 0.525781 0.726562 0.0625 0.0546875
0 0.364844 0.423047 0.059375 0.1125
0 0.371289 0.420996 0.0417969 0.101758
0 0.414062 0.688281 0.178125 0.142188
0 0.347266 0.417285 0.0867188 0.223242
0 0.628516 0.0921875 0.530469 0.184375
0 0.9125 0.286523 0.06875 0.0605469
0 0.910156 0.297266 0.0921875 0.065625
0 0.522656 0.729688 0.08125 0.06875
0 0.545313 0.667969 0.492188 0.414062
0 0.353125 0.471094 0.492188 0.726562
0 0.811719 0.184424 0.0734375 0.0663086
0 0.324219 0.0957031 0.50625 0.191406
0 0.708203 0.705078 0.583594 0.264844
0 0.143066 0.85957 0.286133 0.271484
0 0.356445 0.437891 0.0253906 0.0375
0 0.0359131 0.814063 0.0718262 0.078125
0 0.857813 0.207227 0.14375 0.168359
0 0.355078 0.64375 0.0445313 0.107031
0 0.267773 0.448047 0.535547 0.666406
0 0.161523 0.0882813 0.323047 0.176563
0 0.464941 0.705469 0.25293 0.140625
0 0.553125 0.707812 0.0539063 0.0625
0 0.485156 0.855664 0.551562 0.288672
0 0.0605469 0.7875 0.121094 0.128125
0 0.65 0.145898 0.53125 0.291797
0 0.823438 0.182373 0.0734375 0.0516602
0 0.0214844 0.822656 0.0429688 0.0484375
0 0.460938 0.73125 0.257031 0.201563
0 0.616406 0.208594 0.176563 0.171875
0 0.368164 0.731641 0.0808594 0.0460938
0 0.358008 0.44375 0.0285156 0.0484375
0 0.177734 0.796875 0.355469 0.151562
0 0.382812 0.345703 0.04375 0.154688
0 0.353125 0.726172 0.0320312 0.040625
0 0.459375 0.739062 0.059375 0.0507812
0 0.914844 0.303906 0.170313 0.171094
0 0.511328 0.735938 0.0476562 0.0453125
0 0.66875 0.56875 0.554688 0.33125
0 0.539062 0.71875 0.059375 0.0679687
0 0.821094 0.219336 0.226562 0.147266
0 0.888281 0.361719 0.223438 0.167969
0 0.12998 0.907422 0.259961 0.185156
0 0.586719 0.210156 0.1875 0.133594
0 0.847656 0.303516 0.223438 0.171875
0 0.371484 0.641406 0.555469 0.470313
0 0.9125 0.204492 0.175 0.182812
0 0.625781 0.225342 0.2125 0.158691
0 0.378809 0.371484 0.0361328 0.105469
0 0.353516 0.705469 0.0335938 0.0890625
0 0.661719 0.229102 0.240625 0.172266
0 0.812695 0.205664 0.130859 0.160938
0 0.217188 0.796875 0.434375 0.189063
0 0.211719 0.0923828 0.423438 0.184766
0 0.799219 0.228467 0.164062 0.161035
0 0.8 0.182764 0.071875 0.0516602
0 0.905469 0.322656 0.189063 0.178906
0 0.596094 0.609766 0.0515625 0.0648438
0 0.326172 0.542969 0.0296875 0.0546875
0 0.903906 0.28125 0.0765625 0.05
0 0.587891 0.612891 0.05 0.0546875
0 0.073291 0.0606445 0.0311523 0.0332031
0 0.900781 0.380469 0.198437 0.142969
0 0.564063 0.189111 0.0757812 0.0553711
0 0.789258 0.304688 0.246484 0.176563
0 0.917188 0.364063 0.165625 0.16875
0 0.532031 0.432129 0.56875 0.688867
0 0.9 0.288086 0.0953125 0.0582031
0 0.380371 0.34668 0.0845703 0.141797
0 0.7875 0.270117 0.254688 0.200391
0 0.882812 0.302539 0.2 0.167578
0 0.0830078 0.811719 0.166016 0.176563
0 0.919531 0.183789 0.160938 0.175391
0 0.384277 0.380859 0.0376953 0.0882813
0 0.884375 0.20708 0.201563 0.174121
0 0.353516 0.355664 0.0882813 0.149609
0 0.920313 0.280859 0.06875 0.0539063
0 0.815625 0.325391 0.235938 0.175781
0 0.557813 0.203711 0.196875 0.132031
0 0.848437 0.271875 0.221875 0.191406
0 0.761328 0.0945313 0.477344 0.189063
0 0.853906 0.183594 0.1 0.0484375
0 0.733203 0.118457 0.517969 0.236914
0 0.383496 0.295312 0.0470703 0.0679687
0 0.338086 0.503125 0.0519531 0.071875
0 0.786719 0.203125 0.129688 0.153906
0 0.553125 0.705859 0.0429688 0.0453125
0 0.898438 0.22793 0.203125 0.178906
0 0.0498047 0.8 0.0996094 0.1125
0 0.910937 0.317188 0.121875 0.0789063
0 0.511719 0.104004 0.240625 0.197461
0 0.810938 0.194727 0.103125 0.0714844
0 0.140625 0.98125 0.0234375 0.034375
0 0.927344 0.396875 0.140625 0.114844
0 0.503125 0.745313 0.084375 0.0609375
0 0.578516 0.204102 0.153906 0.164844
0 0.798633 0.18667 0.0933594 0.0602539
0 0.585156 0.623047 0.046875 0.0742188
0 0.144043 0.980469 0.0351562 0.0359375
0 0.8625 0.384473 0.239063 0.16543
0 0.717188 0.220264 0.242188 0.152441
0 0.909375 0.270703 0.071875 0.0523438
0 0.931641 0.149414 0.136719 0.153906
0 0.940625 0.384766 0.11875 0.134375
0 0.41416 0.729688 0.0857422 0.0539063
0 0.54375 0.709375 0.0546875 0.06875
0 0.601953 0.183984 0.0914062 0.0464844
0 0.839063 0.182617 0.090625 0.0515625
0 0.917969 0.306641 0.084375 0.0691406
0 0.594141 0.790625 0.0265625 0.0375
0 0.765625 0.245264 0.234375 0.191504
0 0.775 0.195117 0.123438 0.0722656
0 0.929688 0.13457 0.140625 0.168359
0 0.589453 0.18667 0.0976562 0.0610352
0 0.728516 0.896094 0.499219 0.207813
0 0.547656 0.183398 0.110937 0.0449219
0 0.917188 0.205859 0.1125 0.0484375
0 0.885938 0.213672 0.128125 0.0609375
0 0.883594 0.204688 0.115625 0.0515625
0 0.773438 0.20918 0.11875 0.0660156
0 0.327148 0.580469 0.0328125 0.0507812
0 0.841406 0.241748 0.234375 0.182129
0 0.891406 0.275 0.182812 0.18125
0 0.241016 0.100391 0.482031 0.200781
0 0.585547 0.184033 0.0851563 0.0467773
0 0.377734 0.378027 0.0703125 0.0986328
0 0.115234 0.718359 0.230469 0.289844
0 0.953516 0.287695 0.0929688 0.0605469
0 0.472656 0.0708008 0.160938 0.14043
0 0.661328 0.181055 0.233594 0.159375
0 0.910937 0.269336 0.1125 0.0550781
0 0.358594 0.727344 0.0445313 0.0390625
0 0.534766 0.158789 0.132031 0.127734
0 0.530469 0.189014 0.145313 0.133691
0 0.385156 0.657031 0.122656 0.1875
0 0.839453 0.09375 0.321094 0.1875
0 0.338281 0.5875 0.053125 0.0578125
0 0.499219 0.0790527 0.210938 0.158105
0 0.785156 0.119727 0.429688 0.239453
0 0.773438 0.190186 0.107813 0.0547852
0 0.0331543 0.834375 0.0663086 0.059375
0 0.469434 0.0939697 0.225195 0.182764
0 0.505469 0.118848 0.19375 0.172852
0 0.913281 0.283984 0.173438 0.185156
0 0.771094 0.924219 0.457813 0.151562
0 0.885156 0.265625 0.134375 0.0648438
0 0.8375 0.364453 0.24375 0.175
0 0.0816406 0.85625 0.163281 0.271875
0 0.942187 0.295312 0.096875 0.0726563
0 0.892969 0.34082 0.160938 0.059375
0 0.424219 0.732813 0.0671875 0.0515625
0 0.903125 0.138257 0.159375 0.131299
0 0.904688 0.255078 0.190625 0.192969
0 0.804688 0.314844 0.15 0.150781
0 0.947266 0.401953 0.105469 0.121094
0 0.917188 0.194336 0.11875 0.0472656
0 0.384375 0.296875 0.0359375 0.059375
0 0.270703 0.637109 0.541406 0.352344
0 0.93125 0.283594 0.078125 0.0515625
0 0.859375 0.280469 0.096875 0.0492188
0 0.785937 0.168164 0.128125 0.129688
0 0.898438 0.176953 0.175 0.155859
0 0.588281 0.118359 0.517188 0.236719
0 0.574121 0.901563 0.573633 0.196875
0 0.070459 0.0727051 0.0557617 0.053418
0 0.908594 0.152441 0.182812 0.173633
0 0.859375 0.171973 0.132812 0.141602
0 0.685938 0.202344 0.253125 0.163281
0 0.726172 0.19292 0.221094 0.138379
0 0.862695 0.342578 0.243359 0.183594
0 0.757031 0.265625 0.192188 0.175781
0 0.411328 0.734375 0.164062 0.20625
0 0.860938 0.188086 0.11875 0.0617188
0 0.256641 0.232422 0.090625 0.0453125
0 0.335352 0.575781 0.0484375 0.0773438
0 0.526953 0.152441 0.210938 0.180273
0 0.586719 0.180273 0.189063 0.1625
0 0.785156 0.183789 0.0953125 0.0488281
0 0.326562 0.208545 0.195312 0.173535
0 0.914062 0.217383 0.1 0.0523438
0 0.872656 0.253516 0.121875 0.0566406
0 0.860938 0.289062 0.101562 0.05625
0 0.926562 0.294922 0.08125 0.0707031
0 0.0432617 0.807031 0.0802734 0.090625
0 0.528516 0.136133 0.146094 0.151953
0 0.0665039 0.0671387 0.0662109 0.0454102
0 0.285938 0.18208 0.124219 0.111621
0 0.845313 0.194531 0.10625 0.0757812
0 0.601172 0.646875 0.0640625 0.121875
0 0.403516 0.723437 0.028125 0.0359375
0 0.846875 0.208789 0.115625 0.0671875
0 0.836719 0.166211 0.128125 0.128516
0 0.144336 0.980469 0.0992187 0.0375
0 0.285156 0.155469 0.125 0.106641
0 0.604688 0.608203 0.503125 0.324219
0 0.32793 0.090918 0.139453 0.148633
0 0.878125 0.398047 0.201563 0.127344
0 0.303906 0.184033 0.0773438 0.0444336
0 0.811719 0.165039 0.128125 0.123438
0 0.312891 0.186279 0.128906 0.122754
0 0.286133 0.216846 0.128516 0.131152
0 0.384766 0.297656 0.0835937 0.0554687
0 0.421484 0.0685059 0.224219 0.137012
0 0.508203 0.153027 0.134375 0.111914
0 0.553125 0.172266 0.15625 0.157031
0 0.882812 0.194531 0.10625 0.0472656
0 0.873438 0.241992 0.121875 0.0542969
0 0.51875 0.199023 0.226562 0.131641
0 0.907813 0.251563 0.075 0.0632813
0 0.910937 0.0922852 0.178125 0.139648
0 0.462109 0.34375 0.513281 0.220313
0 0.954688 0.284766 0.0625 0.0476562
0 0.589063 0.790625 0.040625 0.0390625
0 0.0406738 0.824219 0.0813477 0.05625
0 0.329297 0.0630371 0.133594 0.121973
0 0.0705078 0.0651367 0.0267578 0.0419922
0 0.33125 0.102539 0.188281 0.176953
0 0.332031 0.1125 0.135156 0.127734
0 0.855469 0.137329 0.140625 0.127295
0 0.354688 0.499219 0.685156 0.701563
0 0.498828 0.49834 0.492969 0.70332
0 0.455469 0.556934 0.379688 0.675195
0 0.600391 0.545703 0.547656 0.689844
0 0.514941 0.573828 0.35293 0.657031
0 0.283398 0.542578 0.566797 0.689844
0 0.455859 0.609473 0.289844 0.662305
0 0.614453 0.542578 0.771094 0.686719
0 0.685938 0.616797 0.628125 0.638281
0 0.463184 0.628516 0.289258 0.441406
0 0.778125 0.633691 0.398438 0.632617
0 0.722656 0.707422 0.514063 0.528906
0 0.525 0.464844 0.665625 0.685938
0 0.200977 0.564844 0.401953 0.607813
0 0.77207 0.696094 0.455859 0.548438
0 0.233203 0.640625 0.466406 0.68125
0 0.707031 0.719531 0.585938 0.560938
0 0.268359 0.464746 0.536719 0.681445
0 0.625781 0.678223 0.748438 0.643555
0 0.148438 0.652734 0.296875 0.491406
0 0.208594 0.863867 0.417188 0.272266
0 0.211328 0.758594 0.422656 0.482812
0 0.284766 0.628516 0.569531 0.422656
0 0.171094 0.787305 0.342187 0.425391
0 0.805469 0.668359 0.389062 0.663281
0 0.227539 0.710156 0.454297 0.579688
0 0.175293 0.891406 0.350586 0.217188
0 0.0442261 0.78125 0.0781494 0.1625
0 0.170898 0.514453 0.341797 0.683594
0 0.0519409 0.973437 0.0968994 0.053125
0 0.818164 0.703516 0.363672 0.592969
0 0.12334 0.683203 0.24668 0.600781
0 0.0492676 0.898438 0.0913086 0.2
0 0.0595703 0.975781 0.101562 0.0484375
0 0.0546997 0.826563 0.0894287 0.075
0 0.367383 0.435937 0.0832031 0.375781
0 0.577344 0.594922 0.392188 0.475781
0 0.359375 0.48916 0.084375 0.332617
0 0.3625 0.483496 0.114063 0.35957
0 0.363086 0.593359 0.101172 0.382031
0 0.0429565 0.754687 0.0832275 0.221875
0 0.0916016 0.959375 0.178516 0.08125
0 0.0806641 0.975781 0.157422 0.0484375
0 0.366016 0.336328 0.703125 0.672656
0 0.379297 0.586719 0.102344 0.351562
0 0.349219 0.662891 0.50625 0.416406
0 0.368359 0.548828 0.121875 0.363281
0 0.655859 0.430469 0.688281 0.860938
0 0.101367 0.816016 0.202734 0.367969
0 0.137695 0.549219 0.275391 0.620313
0 0.0686035 0.755469 0.137207 0.489063
0 0.350781 0.527344 0.078125 0.275
0 0.418066 0.584375 0.21543 0.359375
0 0.449609 0.694141 0.242969 0.305469
0 0.319922 0.783984 0.615625 0.432031
0 0.674219 0.114648 0.03125 0.0421875
0 0.11543 0.877344 0.230859 0.245312
0 0.0419067 0.826563 0.0665772 0.06875
0 0.286914 0.753516 0.573828 0.492969
0 0.0657715 0.633203 0.131543 0.733594
0 0.120215 0.945312 0.233789 0.109375
0 0.0471191 0.953125 0.084082 0.090625
0 0.0463867 0.676953 0.0927734 0.646094
0 0.440625 0.607031 0.248438 0.273438
0 0.0532715 0.768359 0.106543 0.197656
0 0.351172 0.457813 0.0765625 0.400781
0 0.106445 0.971875 0.203906 0.05625
0 0.0553223 0.976562 0.105566 0.040625
0 0.392969 0.435156 0.213281 0.357812
0 0.673438 0.112695 0.0382813 0.0691406
0 0.0401367 0.8125 0.0703125 0.0859375
0 0.039502 0.828906 0.0512695 0.05625
0 0.875977 0.727734 0.248047 0.544531
0 0.0555176 0.905469 0.111035 0.189063
0 0.0540527 0.925781 0.0907227 0.148438
0 0.677344 0.119727 0.0375 0.0488281
0 0.051062 0.819531 0.0652588 0.090625
0 0.410254 0.792188 0.537305 0.415625
0 0.630469 0.710547 0.509375 0.578906
0 0.0455933 0.835156 0.0648682 0.0640625
0 0.0696289 0.062207 0.0240234 0.0447266
0 0.802539 0.611328 0.394922 0.777344
0 0.541406 0.667578 0.176563 0.233594
0 0.400391 0.508203 0.201563 0.321875
0 0.384766 0.44209 0.0460938 0.32832
0 0.0480469 0.0722656 0.0957031 0.140039
0 0.0513672 0.851562 0.102734 0.296875
0 0.0549316 0.969531 0.109863 0.0609375
0 0.376953 0.886914 0.699219 0.226172
0 0.41084 0.708594 0.16582 0.289062
0 0.383984 0.6875 0.0960938 0.309375
0 0.746094 0.567187 0.470313 0.61875
0 0.700391 0.188672 0.558594 0.377344
0 0.371094 0.45 0.0578125 0.351562
0 0.483594 0.84375 0.692187 0.3125
0 0.751563 0.864258 0.265625 0.190234
0 0.0607422 0.948438 0.116016 0.09375
0 0.0518677 0.090918 0.0921631 0.101367
0 0.678125 0.217188 0.64375 0.434375
0 0.80957 0.860742 0.252734 0.184766
0 0.677734 0.120215 0.046875 0.0640625
0 0.0987305 0.899219 0.19082 0.201563
0 0.482715 0.656641 0.300195 0.241406
0 0.777148 0.404687 0.445703 0.66875
0 0.0670898 0.0611328 0.0365234 0.0556641
0 0.0703125 0.0691406 0.0314453 0.0544922
0 0.0712402 0.0580566 0.0305664 0.0510742
0 0.42666 0.653125 0.204492 0.328125
0 0.454785 0.744141 0.326367 0.471094
0 0.32832 0.419922 0.656641 0.839844
0 0.795117 0.410938 0.409766 0.821875
0 0.551562 0.672656 0.115625 0.242188
0 0.709766 0.870313 0.235156 0.190625
0 0.0475464 0.350391 0.0463135 0.0609375
0 0.0374023 0.830469 0.0392578 0.05
0 0.762109 0.208203 0.475781 0.416406
0 0.728906 0.832812 0.110937 0.053125
0 0.0912354 0.928125 0.178467 0.14375
0 0.592969 0.235156 0.814063 0.470313
0 0.0526367 0.348828 0.0498047 0.0742188
0 0.167773 0.475684 0.335547 0.729883
0 0.873438 0.859375 0.253125 0.178125
0 0.373047 0.626953 0.0804688 0.313281
0 0.0543945 0.335938 0.0505859 0.0960938
0 0.0950195 0.0799805 0.190039 0.159961
0 0.0502441 0.112671 0.096582 0.151611
0 0.0305664 0.955469 0.0558594 0.0859375
0 0.673438 0.126074 0.0890625 0.0599609
0 0.55 0.90625 0.7375 0.1875
0 0.0787109 0.0726074 0.0435547 0.0661133
0 0.517969 0.638672 0.134375 0.230469
0 0.0706055 0.979688 0.141211 0.0375
0 0.418359 0.395313 0.235156 0.229687
0 0.549219 0.70625 0.096875 0.2625
0 0.437891 0.946484 0.0820312 0.107031
0 0.0443848 0.971875 0.0795898 0.046875
0 0.973437 0.205811 0.046875 0.100098
0 0.83418 0.308594 0.331641 0.617188
0 0.6875 0.896875 0.204688 0.19375
0 0.47334 0.760547 0.268945 0.158594
0 0.381641 0.084082 0.255469 0.168164
0 0.0609375 0.914062 0.121875 0.171875
0 0.0672852 0.327344 0.0701172 0.113281
0 0.516406 0.779883 0.229687 0.199609
0 0.425 0.953125 0.084375 0.09375
0 0.331445 0.621875 0.107422 0.409375
0 0.0624023 0.0782715 0.124805 0.156543
0 0.249805 0.900391 0.499609 0.199219
0 0.77832 0.884375 0.255859 0.1875
0 0.306055 0.0966797 0.241016 0.193359
0 0.644141 0.194336 0.121094 0.190234
0 0.0741211 0.979688 0.129492 0.040625
0 0.674219 0.126953 0.040625 0.0634766
0 0.0546387 0.804688 0.0620117 0.109375
0 0.0449219 0.349219 0.028125 0.0484375
0 0.414844 0.300391 0.15625 0.357031
0 0.965625 0.209766 0.046875 0.0929688
0 0.332813 0.478125 0.140625 0.403906
0 0.367773 0.424219 0.164453 0.3
0 0.675 0.129297 0.0578125 0.0671875
0 0.342187 0.516797 0.090625 0.346094
0 0.394922 0.753125 0.160156 0.254688
0 0.976562 0.191406 0.04375 0.110937
0 0.750391 0.214844 0.499219 0.429688
0 0.672656 0.0619629 0.29375 0.123926
0 0.656641 0.296875 0.686719 0.59375
0 0.0435425 0.360742 0.047876 0.0816406
0 0.375391 0.292383 0.116406 0.359766
0 0.964844 0.20625 0.03125 0.0609375
0 0.453125 0.379297 0.254688 0.200781
0 0.113672 0.788281 0.227344 0.165625
0 0.184277 0.194141 0.368555 0.388281
0 0.91875 0.857813 0.1625 0.1625
0 0.853125 0.880469 0.271875 0.182812
0 0.0318848 0.929688 0.05625 0.121875
0 0.960938 0.216016 0.03125 0.0601563
0 0.878125 0.83125 0.0890625 0.05
0 0.733594 0.901563 0.257812 0.196875
0 0.880469 0.336914 0.0296875 0.0878906
0 0.809375 0.820312 0.0875 0.04375
0 0.0502441 0.746875 0.100488 0.239063
0 0.662109 0.711719 0.675781 0.496875
0 0.432813 0.942969 0.109375 0.114063
0 0.0692383 0.0790771 0.0599609 0.0879395
0 0.0506348 0.137109 0.10127 0.210547
0 0.874219 0.34707 0.034375 0.0902344
0 0.632031 0.210107 0.153125 0.223535
0 0.451953 0.298242 0.247656 0.347266
0 0.746094 0.83125 0.104688 0.05
0 0.432031 0.475391 0.267969 0.289062
0 0.281592 0.0867188 0.229004 0.173438
0 0.254297 0.0975586 0.207813 0.195117
0 0.410059 0.0705078 0.24707 0.141016
0 0.0884766 0.948438 0.111328 0.0953125
0 0.0751953 0.957812 0.126172 0.0828125
0 0.386719 0.365234 0.0507812 0.190625
0 0.059375 0.961719 0.11875 0.0765625
0 0.071875 0.0793213 0.0421875 0.0843262
0 0.859375 0.83125 0.101562 0.05
0 0.646094 0.632812 0.445312 0.495313
0 0.970313 0.198828 0.059375 0.10625
0 0.549121 0.763672 0.354883 0.472656
0 0.140625 0.0681152 0.28125 0.13623
0 0.368359 0.287695 0.160156 0.380859
0 0.715625 0.567578 0.56875 0.532031
0 0.883594 0.32832 0.0421875 0.103516
0 0.0410156 0.361914 0.0316406 0.0714844
0 0.447656 0.0817383 0.261719 0.163477
0 0.39375 0.786719 0.18125 0.279687
0 0.669531 0.149902 0.059375 0.108789
0 0.796875 0.826563 0.0875 0.046875
0 0.984375 0.182812 0.028125 0.0796875
0 0.0559082 0.827148 0.111816 0.345703
0 0.0429199 0.858594 0.0790039 0.114063
0 0.355469 0.0978516 0.255469 0.195703
0 0.642969 0.905469 0.164062 0.189063
0 0.180664 0.455371 0.361328 0.686133
0 0.380078 0.400684 0.128906 0.239258
0 0.984375 0.172266 0.03125 0.103516
0 0.719531 0.832031 0.0875 0.046875
0 0.684375 0.162109 0.046875 0.132422
0 0.795313 0.81875 0.084375 0.04375
0 0.402734 0.833594 0.16875 0.314063
0 0.503906 0.615625 0.129688 0.271875
0 0.860547 0.168262 0.278906 0.336523
0 0.399219 0.727734 0.134375 0.227344
0 0.645312 0.279297 0.139063 0.377344
0 0.885352 0.880469 0.229297 0.18125
0 0.8375 0.83125 0.084375 0.046875
0 0.430469 0.964063 0.104688 0.071875
0 0.5 0.0827637 0.246875 0.165527
0 0.824219 0.830469 0.0796875 0.0453125
0 0.344727 0.0776855 0.246484 0.155371
0 0.394922 0.291748 0.107031 0.341504
0 0.487109 0.624609 0.2375 0.251563
0 0.449316 0.744531 0.237305 0.209375
0 0.320117 0.434277 0.158203 0.36582
0 0.714063 0.0218262 0.373437 0.0436523
0 0.106934 0.946094 0.100586 0.0953125
0 0.648828 0.0382813 0.217969 0.0765625
0 0.787695 0.536816 0.424609 0.793555
0 0.723437 0.0731934 0.279687 0.146387
0 0.557422 0.567187 0.194531 0.307813
0 0.320898 0.108203 0.641797 0.216406
0 0.811133 0.900391 0.252734 0.199219
0 0.523828 0.642578 0.203906 0.221094
0 0.161133 0.154688 0.322266 0.309375
0 0.863281 0.83125 0.075 0.046875
0 0.170801 0.376758 0.341602 0.753516
0 0.0625 0.723437 0.125 0.278125
0 0.65 0.895312 0.11875 0.178125
0 0.685938 0.904688 0.242188 0.190625
0 0.0804688 0.975 0.141016 0.05
0 0.636328 0.0675781 0.142969 0.135156
0 0.6625 0.848828 0.675 0.302344
0 0.653125 0.182617 0.090625 0.16875
0 0.532422 0.733594 0.0929688 0.04375
0 0.544531 0.784766 0.6375 0.430469
0 0.0269409 0.957812 0.0443604 0.075
0 0.889063 0.83125 0.08125 0.04375
0 0.523438 0.566797 0.155469 0.321875
0 0.536719 0.829883 0.176563 0.308984
0 0.905469 0.832031 0.0921875 0.05
0 0.980078 0.168945 0.0398437 0.113281
0 0.0271973 0.815625 0.0541992 0.0828125
0 0.826563 0.8375 0.26875 0.1875
0 0.0376099 0.585156 0.0599365 0.0898438
0 0.627344 0.167773 0.148438 0.149609
0 0.30957 0.625781 0.114453 0.404687
0 0.815625 0.410156 0.36875 0.820312
0 0.809375 0.829688 0.0984375 0.053125
0 0.687891 0.043457 0.135156 0.0869141
0 0.205859 0.275781 0.411719 0.551562
0 0.0402832 0.602344 0.0487305 0.059375
0 0.678906 0.103125 0.05 0.0949219
0 0.77793 0.829688 0.0972656 0.046875
0 0.174609 0.0555664 0.313281 0.111133
0 0.0403809 0.564844 0.0612305 0.0796875
0 0.387891 0.289453 0.0359375 0.0515625
0 0.564063 0.317578 0.701563 0.635156
0 0.517188 0.694531 0.232813 0.285938
0 0.0820068 0.735938 0.155127 0.246875
0 0.236719 0.429297 0.0761719 0.396094
0 0.0671875 0.0935303 0.0794922 0.107471
0 0.888281 0.319531 0.0359375 0.104688
0 0.687891 0.131055 0.0640625 0.0730469
0 0.0643555 0.793945 0.0533203 0.121484
0 0.9875 0.144116 0.025 0.191455
0 0.0567261 0.585156 0.0998291 0.096875
0 0.162695 0.0682617 0.225781 0.136523
0 0.978906 0.123145 0.0421875 0.246289
0 0.00634766 0.145801 0.0126953 0.182617
0 0.38291 0.7 0.129492 0.278125
0 0.259375 0.736328 0.109375 0.258594
0 0.625 0.0571289 0.246875 0.114258
0 0.131934 0.939063 0.0912109 0.078125
0 0.0410278 0.842188 0.0800537 0.09375
0 0.0711426 0.785937 0.0500977 0.11875
0 0.00240479 0.180273 0.00480957 0.169141
0 0.783008 0.0212891 0.418359 0.0425781
0 0.407715 0.648828 0.564258 0.702344
0 0.306641 0.647656 0.613281 0.704688
0 0.425781 0.713281 0.458594 0.570312
0 0.503027 0.661816 0.561133 0.676367
0 0.30625 0.708203 0.6125 0.583594
0 0.496973 0.687891 0.513867 0.392969
0 0.280469 0.623047 0.560938 0.753906
0 0.0275879 0.83125 0.0478516 0.04375
0 0.304297 0.661719 0.608594 0.651563
0 0.434277 0.660937 0.425195 0.329688
0 0.489063 0.7 0.451562 0.251563
0 0.386816 0.303516 0.0357422 0.0664062
0 0.326562 0.673047 0.575 0.478906
0 0.382031 0.307031 0.034375 0.0875
0 0.377734 0.316016 0.0328125 0.0882813
0 0.589844 0.61875 0.0375 0.0507812
0 0.536719 0.6625 0.15 0.146875
0 0.371094 0.414941 0.05 0.0857422
0 0.497266 0.66875 0.248438 0.1625
0 0.375781 0.374414 0.0359375 0.0777344
0 0.539062 0.696875 0.145313 0.225
0 0.0282715 0.829688 0.056543 0.053125
0 0.375879 0.396875 0.0341797 0.0453125
0 0.592969 0.614844 0.028125 0.0429688
0 0.572754 0.683984 0.660742 0.621094
0 0.133398 0.980469 0.0339844 0.0390625
0 0.610938 0.652734 0.778125 0.694531
0 0.385156 0.350391 0.0507812 0.154688
0 0.388281 0.296094 0.0359375 0.0492188
0 0.352344 0.462891 0.0335938 0.0882813
0 0.372656 0.397266 0.0429688 0.0710938
0 0.384473 0.317578 0.0404297 0.0984375
0 0.376953 0.334961 0.0328125 0.115234
0 0.682422 0.489453 0.635156 0.636719
0 0.733789 0.477246 0.532422 0.536133
0 0.40166 0.744531 0.476367 0.417188
0 0.251953 0.503906 0.503906 0.992188
0 0.0307617 0.829688 0.0304688 0.046875
0 0.583984 0.617188 0.0484375 0.0585938
0 0.513281 0.749219 0.151562 0.126563
0 0.375 0.353906 0.0375 0.128125
0 0.355469 0.44375 0.0265625 0.0484375
0 0.497656 0.757031 0.198437 0.114063
0 0.358398 0.613281 0.0488281 0.0796875
0 0.385059 0.337305 0.0408203 0.126172
0 0.0309692 0.821875 0.0486084 0.046875
0 0.0373047 0.832812 0.0570313 0.05625
0 0.760938 0.386816 0.478125 0.337305
0 0.336328 0.502344 0.040625 0.0578125
0 0.35625 0.449219 0.0421875 0.0609375
0 0.545313 0.723437 0.053125 0.08125
0 0.520312 0.748047 0.107813 0.138281
0 0.742578 0.498437 0.514844 0.261719
0 0.372461 0.346875 0.0535156 0.157813
0 0.463281 0.759375 0.242188 0.0984375
0 0.340234 0.491797 0.0390625 0.0484375
0 0.0394531 0.842188 0.0525391 0.065625
0 0.378516 0.30625 0.0515625 0.09375
0 0.546484 0.671875 0.114844 0.153125
0 0.382422 0.297656 0.04375 0.0671875
0 0.0297363 0.8375 0.0594727 0.05625
0 0.359375 0.630469 0.0515625 0.084375
0 0.48125 0.702734 0.260938 0.214844
0 0.391504 0.302148 0.0419922 0.0578125
0 0.767188 0.489844 0.465625 0.199219
0 0.373828 0.322266 0.0414063 0.0984375
0 0.530469 0.728516 0.0757812 0.0742188
0 0.397266 0.347266 0.0851563 0.153125
0 0.123535 0.976953 0.0552734 0.0460938
0 0.372461 0.372266 0.0441406 0.090625
0 0.352539 0.441797 0.0371094 0.0476562
0 0.0320801 0.839063 0.0482422 0.06875
0 0.551562 0.705078 0.040625 0.0492188
0 0.391309 0.313281 0.0439453 0.0875
0 0.364648 0.421094 0.0488281 0.0921875
0 0.409766 0.732031 0.140625 0.05
0 0.338672 0.693359 0.677344 0.463281
0 0.589063 0.623438 0.0421875 0.065625
0 0.333203 0.345703 0.13125 0.160938
0 0.895312 0.835938 0.071875 0.04375
0 0.553906 0.717969 0.0445313 0.06875
0 0.779688 0.351367 0.440625 0.262891
0 0.921875 0.835938 0.075 0.04375
0 0.909375 0.825781 0.075 0.0421875
0 0.379297 0.391406 0.0359375 0.0601563
0 0.327734 0.524219 0.0328125 0.0875
0 0.0342285 0.80918 0.068457 0.0753906
0 0.896875 0.825781 0.0703125 0.040625
0 0.81875 0.859375 0.0671875 0.04375
0 0.834375 0.871875 0.075 0.046875
0 0.538281 0.719531 0.065625 0.065625
0 0.845313 0.859375 0.065625 0.04375
0 0.0733398 0.0682617 0.0279297 0.046875
0 0.945312 0.835938 0.071875 0.04375
0 0.308594 0.664844 0.175 0.179688
0 0.860938 0.873438 0.071875 0.046875
0 0.358594 0.642188 0.0484375 0.05625
0 0.516406 0.74375 0.0984375 0.05625
0 0.777148 0.542188 0.445703 0.203125
0 0.390625 0.290234 0.03125 0.0445313
0 0.846875 0.873438 0.075 0.0453125
0 0.860938 0.859375 0.065625 0.046875
0 0.348438 0.45625 0.0464844 0.090625
0 0.603125 0.467187 0.79375 0.846875
0 0.440625 0.733594 0.126563 0.053125
0 0.905469 0.811719 0.0625 0.04375
0 0.821094 0.871875 0.075 0.046875
0 0.924219 0.847656 0.0828125 0.0453125
0 0.341406 0.492578 0.04375 0.075
0 0.2375 0.7125 0.475 0.575
0 0.472754 0.764453 0.232617 0.155469
0 0.613281 0.685156 0.545313 0.367188
0 0.551172 0.713281 0.0367188 0.0484375
0 0.539844 0.745313 0.0984375 0.135937
0 0.342969 0.504687 0.065625 0.1625
0 0.338281 0.5 0.0351562 0.0421875
0 0.247852 0.416406 0.495703 0.832812
0 0.807031 0.847656 0.0703125 0.0453125
0 0.705078 0.533984 0.589844 0.324219
0 0.523438 0.7375 0.0757812 0.08125
0 0.935938 0.859375 0.08125 0.046875
0 0.806445 0.835938 0.0683594 0.04375
0 0.957812 0.846875 0.075 0.046875
0 0.873438 0.871875 0.071875 0.046875
0 0.859375 0.884375 0.075 0.0453125
0 0.875 0.859375 0.065625 0.046875
0 0.749414 0.304102 0.501172 0.251172
0 0.885938 0.883594 0.078125 0.046875
0 0.293359 0.3625 0.586719 0.725
0 0.280469 0.65 0.21875 0.176563
0 0.961719 0.835156 0.05625 0.0453125
0 0.386035 0.355859 0.0654297 0.175
0 0.957031 0.871875 0.071875 0.046875
0 0.951563 0.934375 0.0625 0.04375
0 0.910937 0.859375 0.078125 0.046875
0 0.957031 0.859375 0.0734375 0.046875
0 0.885938 0.871094 0.075 0.046875
0 0.835938 0.885156 0.08125 0.0453125
0 0.93125 0.826563 0.06875 0.040625
0 0.871875 0.884375 0.0765625 0.046875
0 0.325 0.36875 0.140625 0.1875
0 0.953125 0.920313 0.0640625 0.046875
0 0.342969 0.471484 0.0445313 0.0890625
0 0.942187 0.827344 0.0625 0.0390625
0 0.585547 0.622656 0.05625 0.0726563
0 0.898438 0.846875 0.078125 0.046875
0 0.810742 0.884375 0.0785156 0.046875
0 0.545313 0.727734 0.071875 0.0890625
0 0.9125 0.870313 0.08125 0.0484375
0 0.759375 0.884375 0.0640625 0.046875
0 0.517578 0.7375 0.0742188 0.0484375
0 0.828125 0.846875 0.059375 0.04375
0 0.582812 0.388281 0.8125 0.776563
0 0.953906 0.909375 0.065625 0.046875
0 0.9375 0.871875 0.08125 0.046875
0 0.788281 0.873438 0.0609375 0.04375
0 0.0370117 0.367188 0.0439453 0.0664062
0 0.896875 0.859375 0.075 0.046875
0 0.380469 0.351172 0.0375 0.146094
0 0.9375 0.884375 0.08125 0.046875
0 0.95625 0.884375 0.071875 0.046875
0 0.378906 0.389062 0.0421875 0.0742188
0 0.469531 0.744531 0.0898438 0.046875
0 0.0379883 0.823438 0.0673828 0.0484375
0 0.895312 0.8125 0.0625 0.04375
0 0.0344727 0.863281 0.0634766 0.107813
0 0.900391 0.841406 0.199219 0.185938
0 0.588672 0.60625 0.0414063 0.0484375
0 0.485547 0.746094 0.107031 0.05
0 0.925 0.8125 0.053125 0.0421875
0 0.84375 0.846875 0.05625 0.04375
0 0.95625 0.896875 0.06875 0.046875
0 0.593359 0.607031 0.0257812 0.046875
0 0.55625 0.703516 0.0257812 0.0445313
0 0.787695 0.884375 0.0683594 0.0453125
0 0.0886719 0.330078 0.0380859 0.0699219
0 0.914062 0.884375 0.084375 0.046875
0 0.825781 0.835156 0.05625 0.0453125
0 0.789258 0.860938 0.0558594 0.04375
0 0.896875 0.896875 0.071875 0.0453125
0 0.130957 0.980078 0.0558594 0.0398437
0 0.363281 0.364844 0.071875 0.198437
0 0.777344 0.874219 0.059375 0.0421875
0 0.774609 0.884375 0.0679687 0.046875
0 0.354297 0.466016 0.046875 0.102344
0 0.673438 0.460938 0.0375 0.0570313
0 0.877344 0.846875 0.0578125 0.046875
0 0.953125 0.946875 0.065625 0.04375
0 0.80293 0.824219 0.0597656 0.0421875
0 0.398828 0.783008 0.152344 0.143359
0 0.547266 0.735938 0.0960938 0.109375
0 0.9375 0.896875 0.08125 0.046875
0 0.378809 0.409375 0.0439453 0.0976562
0 0.368359 0.402344 0.0625 0.090625
0 0.627734 0.528906 0.151562 0.171875
0 0.359375 0.651953 0.0507812 0.0695313
0 0.750977 0.582812 0.498047 0.2125
0 0.567187 0.66875 0.0890625 0.14375
0 0.329883 0.677344 0.144141 0.20625
0 0.879492 0.848633 0.241016 0.212109
0 0.307617 0.816406 0.615234 0.278125
0 0.758594 0.875 0.04375 0.040625
0 0.858594 0.896875 0.075 0.046875
0 0.9125 0.896875 0.0828125 0.046875
0 0.864062 0.846875 0.05625 0.0453125
0 0.760156 0.896094 0.0671875 0.046875
0 0.40791 0.891406 0.543555 0.217188
0 0.809375 0.907813 0.0625 0.046875
0 0.398828 0.305078 0.0664062 0.0742188
0 0.782813 0.409277 0.434375 0.251758
0 0.784961 0.459766 0.430078 0.228906
0 0.719531 0.885938 0.059375 0.04375
0 0.910937 0.908594 0.078125 0.046875
0 0.026709 0.871094 0.053418 0.11875
0 0.895312 0.908594 0.0703125 0.046875
0 0.382031 0.0851563 0.0671875 0.0453125
0 0.333203 0.528516 0.0421875 0.111719
0 0.378516 0.285352 0.0578125 0.065625
0 0.344531 0.0851563 0.0632813 0.0449219
0 0.832812 0.907813 0.071875 0.046875
0 0.670313 0.452344 0.0257812 0.040625
0 0.960938 0.826563 0.05 0.0390625
0 0.857813 0.907813 0.071875 0.05
0 0.548047 0.700781 0.108594 0.201563
0 0.0443359 0.3625 0.0472656 0.0726563
0 0.888281 0.8125 0.046875 0.040625
0 0.823438 0.897656 0.078125 0.0453125
0 0.43125 0.0858398 0.0578125 0.0439453
0 0.889063 0.878125 0.221875 0.234375
0 0.419531 0.0850586 0.065625 0.0453125
0 0.354297 0.605078 0.0664062 0.0726563
0 0.936719 0.908594 0.078125 0.046875
0 0.909375 0.920313 0.075 0.046875
0 0.369531 0.0850586 0.0617188 0.0453125
0 0.878906 0.835938 0.0484375 0.04375
0 0.563281 0.741016 0.589063 0.311719
0 0.0583496 0.347656 0.0606445 0.05625
0 0.550781 0.694922 0.05 0.05
0 0.522656 0.737891 0.1 0.0429688
0 0.0455078 0.83125 0.0759766 0.0625
0 0.810156 0.896875 0.0765625 0.046875
0 0.5 0.763281 0.154688 0.1625
0 0.882812 0.920313 0.065625 0.046875
0 0.387598 0.281641 0.0388672 0.0484375
0 0.088501 0.316797 0.0343262 0.0507812
0 0.803125 0.811719 0.0546875 0.0421875
0 0.973047 0.834375 0.0539063 0.04375
0 0.845313 0.907813 0.071875 0.0484375
0 0.871875 0.907813 0.071875 0.0484375
0 0.44375 0.0861572 0.0523438 0.0433105
0 0.341016 0.480859 0.03125 0.0632813
0 0.449902 0.688281 0.245508 0.157813
0 0.534375 0.735547 0.0765625 0.100781
0 0.415723 0.766406 0.162305 0.10625
0 0.935156 0.934375 0.0671875 0.0453125
0 0.871094 0.920313 0.0640625 0.046875
0 0.842188 0.835938 0.053125 0.04375
0 0.395703 0.0851563 0.0695313 0.0453125
0 0.9125 0.857031 0.175 0.171875
0 0.585156 0.644531 0.0507812 0.104688
0 0.429688 0.0742188 0.0546875 0.0429688
0 0.30625 0.0852539 0.0679687 0.0449219
0 0.70625 0.885938 0.05625 0.04375
0 0.707031 0.896875 0.0640625 0.046875
0 0.801367 0.853125 0.234766 0.214062
0 0.368359 0.645703 0.0507812 0.0664062
0 0.719922 0.896875 0.0664062 0.046875
0 0.454297 0.0858398 0.0507812 0.0435547
0 0.857031 0.920313 0.065625 0.0484375
0 0.935156 0.920313 0.0734375 0.046875
0 0.910937 0.934375 0.071875 0.046875
0 0.0715332 0.0769531 0.0416992 0.0605469
0 0.332031 0.0851563 0.0640625 0.0449219
0 0.546094 0.705469 0.0578125 0.05625
0 0.0324219 0.179883 0.0378906 0.05
0 0.895312 0.920313 0.06875 0.046875
0 0.852344 0.883594 0.25 0.23125
0 0.760156 0.907813 0.0578125 0.046875
0 0.379688 0.0751709 0.0539063 0.0410645
0 0.90625 0.796875 0.046875 0.0453125
0 0.0381714 0.840625 0.0638916 0.08125
0 0.555859 0.720313 0.0742188 0.0765625
0 0.972656 0.870313 0.0515625 0.046875
0 0.802344 0.891016 0.242188 0.217969
0 0.222656 0.639551 0.445312 0.720898
0 0.884375 0.934375 0.0625 0.04375
0 0.810938 0.594531 0.378125 0.203125
0 0.673438 0.450781 0.0359375 0.0375
0 0.0725586 0.341602 0.0828125 0.0597656
0 0.935156 0.947656 0.0640625 0.0453125
0 0.0311035 0.165625 0.0292969 0.0496094
0 0.788281 0.896875 0.06875 0.046875
0 0.147559 0.982813 0.0611328 0.034375
0 0.357812 0.0851563 0.0625 0.0449219
0 0.417969 0.0741211 0.0546875 0.0429688
0 0.744531 0.896094 0.065625 0.046875
0 0.303516 0.0751953 0.0554687 0.0414063
0 0.910156 0.946875 0.06875 0.046875
0 0.33418 0.388672 0.140234 0.247656
0 0.939063 0.813281 0.05 0.040625
0 0.389062 0.544922 0.61875 0.536719
0 0.358203 0.617871 0.716406 0.686133
0 0.501465 0.559375 0.395508 0.521875
0 0.544922 0.699219 0.116406 0.228125
0 0.526953 0.696875 0.172656 0.232813
0 0.332031 0.625391 0.664062 0.749219
0 0.386328 0.341406 0.046875 0.152344
0 0.674219 0.118359 0.0359375 0.0539063
0 0.5375 0.741797 0.129688 0.130469
0 0.332227 0.378516 0.135547 0.223438
0 0.567969 0.700391 0.09375 0.224219
0 0.338672 0.528516 0.677344 0.494531
0 0.676172 0.110156 0.0273438 0.0515625
0 0.319141 0.538379 0.638281 0.676367
0 0.280664 0.53291 0.561328 0.666992
0 0.465234 0.629297 0.288281 0.578906
0 0.36875 0.335156 0.0625 0.142188
0 0.0362305 0.828125 0.0396484 0.04375
0 0.672266 0.111719 0.0414063 0.0714844
0 0.387109 0.303516 0.0375 0.0695313
0 0.449316 0.764258 0.310742 0.471484
0 0.671875 0.0986084 0.0382813 0.0961426
0 0.354297 0.363867 0.078125 0.200391
0 0.0318848 0.83125 0.0495117 0.053125
0 0.0348633 0.754687 0.0697266 0.196875
0 0.389453 0.292578 0.03125 0.0597656
0 0.371094 0.352344 0.0765625 0.176563
0 0.675391 0.0964844 0.0328125 0.0777344
0 0.929688 0.120313 0.140625 0.236719
0 0.340234 0.600781 0.0742188 0.2875
0 0.442578 0.605078 0.34375 0.441406
0 0.926172 0.0855957 0.147656 0.171191
0 0.417578 0.794922 0.396875 0.410156
0 0.557031 0.658203 0.1 0.139844
0 0.818945 0.84707 0.290234 0.152734
0 0.903906 0.875 0.192188 0.221875
0 0.671777 0.234375 0.656445 0.46875
0 0.934375 0.15957 0.13125 0.285938
0 0.651563 0.421094 0.0664062 0.0796875
0 0.0332031 0.821094 0.0492188 0.0578125
0 0.382422 0.308594 0.0320312 0.078125
0 0.909375 0.83457 0.18125 0.149609
0 0.387109 0.290625 0.0351562 0.0453125
0 0.0372559 0.810156 0.0452148 0.0765625
0 0.767188 0.248047 0.465625 0.492969
0 0.367578 0.382422 0.0882813 0.239063
0 0.880469 0.824219 0.239063 0.10625
0 0.903125 0.0628906 0.19375 0.125781
0 0.306445 0.707812 0.612891 0.584375
0 0.0282715 0.80918 0.056543 0.0816406
0 0.357031 0.564063 0.090625 0.376563
0 0.784375 0.379688 0.43125 0.226562
0 0.828125 0.878125 0.295312 0.209375
0 0.5625 0.739062 0.104688 0.128125
0 0.356836 0.396484 0.0785156 0.2375
0 0.619922 0.401172 0.760156 0.802344
0 0.377344 0.308789 0.680469 0.617578
0 0.526953 0.664453 0.157813 0.151562
0 0.520312 0.742188 0.185156 0.13125
0 0.859375 0.889844 0.28125 0.220313
0 0.029541 0.821875 0.059082 0.06875
0 0.841016 0.21875 0.317969 0.4375
0 0.608594 0.500879 0.165625 0.260742
0 0.671094 0.125977 0.0375 0.0660156
0 0.592969 0.617578 0.028125 0.0554687
0 0.363867 0.775586 0.494141 0.448828
0 0.412598 0.245703 0.579492 0.491406
0 0.326172 0.366406 0.463281 0.719531
0 0.939453 0.883594 0.121094 0.220313
0 0.878516 0.858008 0.242969 0.187109
0 0.941406 0.429297 0.117188 0.279687
0 0.391406 0.288086 0.0265625 0.0429688
0 0.929688 0.221289 0.140625 0.241797
0 0.909766 0.90625 0.180469 0.175
0 0.777344 0.875 0.289062 0.203125
0 0.664844 0.0961182 0.0585938 0.10542
0 0.552734 0.23457 0.457031 0.469141
0 0.815625 0.82832 0.271875 0.112109
0 0.587891 0.615234 0.0375 0.0445313
0 0.773633 0.467578 0.452734 0.391406
0 0.342578 0.547266 0.0597656 0.344531
0 0.971094 0.130176 0.0578125 0.260352
0 0.615234 0.280469 0.769531 0.560938
0 0.345313 0.484375 0.0625 0.164062
0 0.939844 0.367969 0.120313 0.235938
0 0.455566 0.77793 0.554492 0.444141
0 0.9 0.216992 0.078125 0.203906
0 0.0379883 0.796094 0.0548828 0.10625
0 0.313477 0.420312 0.626953 0.840625
0 0.0325684 0.83125 0.0651367 0.059375
0 0.682031 0.11875 0.053125 0.0519531
0 0.975781 0.399316 0.0484375 0.241992
0 0.133105 0.0819336 0.26582 0.163867
0 0.200977 0.129688 0.238672 0.234766
0 0.925 0.360938 0.15 0.178906
0 0.735156 0.417285 0.529688 0.526367
0 0.679688 0.0905273 0.04375 0.0912109
0 0.932813 0.824219 0.134375 0.139063
0 0.895312 0.19082 0.065625 0.210156
0 0.882617 0.114746 0.234766 0.229492
0 0.667578 0.119336 0.05625 0.0464844
0 0.471973 0.653125 0.420117 0.35
0 0.355859 0.601172 0.0773438 0.292969
0 0.59375 0.613281 0.025 0.040625
0 0.0337891 0.789844 0.0675781 0.14375
0 0.879687 0.0391602 0.240625 0.0783203
0 0.916406 0.232813 0.167187 0.465625
0 0.331836 0.341406 0.137109 0.15
0 0.939063 0.916406 0.121875 0.167187
0 0.98125 0.81875 0.0375 0.165625
0 0.762109 0.38125 0.286719 0.202344
0 0.753906 0.850195 0.282813 0.155859
0 0.379004 0.329688 0.0326172 0.11875
0 0.571875 0.666406 0.096875 0.136719
0 0.321094 0.612109 0.126563 0.276563
0 0.653125 0.439063 0.0703125 0.10625
0 0.9 0.255029 0.107813 0.24541
0 0.282422 0.616797 0.564844 0.766406
0 0.589453 0.619531 0.0421875 0.0640625
0 0.68125 0.160547 0.04375 0.124609
0 0.386621 0.282031 0.0361328 0.0429688
0 0.147559 0.14668 0.0685547 0.0757812
0 0.284961 0.432031 0.569922 0.864062
0 0.674609 0.125977 0.0507812 0.0761719
0 0.392969 0.347461 0.0835937 0.165234
0 0.86543 0.83125 0.269141 0.134375
0 0.180859 0.109961 0.235156 0.182422
0 0.783594 0.834375 0.24375 0.132812
0 0.242188 0.705078 0.484375 0.503906
0 0.0457031 0.727344 0.0914062 0.239063
0 0.986719 0.886719 0.0265625 0.184375
0 0.206836 0.0917725 0.274609 0.178174
0 0.663281 0.417969 0.0851563 0.084375
0 0.974219 0.352539 0.0515625 0.215234
0 0.653125 0.414062 0.0609375 0.059375
0 0.980469 0.853125 0.0390625 0.178125
0 0.367578 0.603125 0.111719 0.2875
0 0.53125 0.771484 0.154688 0.188281
0 0.658594 0.428125 0.0640625 0.0914062
0 0.0273926 0.840625 0.0547852 0.1
0 0.9625 0.0902344 0.075 0.180469
0 0.927344 0.27832 0.145313 0.289453
0 0.842969 0.338672 0.201563 0.164844
0 0.977344 0.441797 0.0453125 0.278906
0 0.6875 0.0820068 0.0578125 0.111768
0 0.878125 0.0557617 0.24375 0.111523
0 0.667969 0.0740234 0.0578125 0.122266
0 0.667578 0.132422 0.0546875 0.0832031
0 0.346875 0.415234 0.06875 0.291406
0 0.364648 0.622656 0.0644531 0.235938
0 0.389453 0.295703 0.04375 0.0675781
0 0.725 0.869531 0.29375 0.2
0 0.885547 0.351758 0.228906 0.179297
0 0.274414 0.506641 0.548828 0.986719
0 0.0393066 0.6875 0.0786133 0.339063
0 0.922656 0.0492188 0.154688 0.0984375
0 0.851758 0.0614746 0.296484 0.122949
0 0.0724609 0.0993164 0.144922 0.147656
0 0.0473633 0.77832 0.0566406 0.143359
0 0.811719 0.196875 0.228125 0.151172
0 0.678125 0.105957 0.0828125 0.119727
0 0.845117 0.266602 0.166016 0.260547
0 0.10625 0.09021 0.2125 0.165674
0 0.15332 0.143359 0.0804688 0.0945313
0 0.719531 0.293018 0.560938 0.394434
0 0.982031 0.920313 0.0359375 0.159375
0 0.479297 0.205859 0.421094 0.411719
0 0.356445 0.502344 0.0855469 0.267969
0 0.378809 0.291406 0.0548828 0.0851563
0 0.886719 0.273242 0.167187 0.261328
0 0.584766 0.6125 0.0554687 0.046875
0 0.648828 0.170313 0.0929688 0.15
0 0.990625 0.787695 0.01875 0.196484
0 0.71875 0.1125 0.129688 0.0703125
0 0.68125 0.130273 0.0453125 0.0675781
0 0.986719 0.358398 0.0265625 0.169922
0 0.664844 0.0711914 0.0703125 0.142383
0 0.411719 0.352344 0.115625 0.178906
0 0.937891 0.326953 0.124219 0.222656
0 0.168945 0.168164 0.199219 0.133984
0 0.128516 0.205518 0.132031 0.17959
0 0.767383 0.466797 0.465234 0.255469
0 0.124805 0.0403809 0.249609 0.0807617
0 0.112085 0.162793 0.146533 0.120898
0 0.560547 0.763672 0.878906 0.472656
0 0.717969 0.884375 0.564063 0.23125
0 0.0320312 0.865625 0.0640625 0.121875
0 0.983594 0.401953 0.0328125 0.2875
0 0.0996094 0.115332 0.199219 0.149023
0 0.983594 0.464063 0.0328125 0.307031
0 0.375781 0.635938 0.0898438 0.209375
0 0.569922 0.783008 0.860156 0.433984
0 0.186816 0.845508 0.373633 0.308984
0 0.860156 0.0951172 0.279687 0.190234
0 0.854297 0.888281 0.291406 0.204688
0 0.0282715 0.782813 0.056543 0.289062
0 0.349609 0.395313 0.0914062 0.304688
0 0.803906 0.886328 0.392188 0.227344
0 0.374219 0.352734 0.040625 0.139063
0 0.186328 0.164282 0.221875 0.18667
0 0.891406 0.231641 0.0578125 0.160547
0 0.377441 0.357227 0.0357422 0.173828
0 0.482422 0.658594 0.289844 0.179688
0 0.0943604 0.149121 0.176123 0.130273
0 0.970313 0.171191 0.059375 0.29082
0 0.885938 0.285742 0.228125 0.277734
0 0.921875 0.0495117 0.15625 0.0990234
0 0.4 0.371484 0.135156 0.215625
0 0.659375 0.404687 0.078125 0.0890625
0 0.804492 0.17334 0.391016 0.34668
0 0.990625 0.335352 0.01875 0.173047
0 0.831055 0.823438 0.337891 0.109375
0 0.0962647 0.233984 0.190283 0.179297
0 0.750391 0.178564 0.219531 0.132715
0 0.820312 0.23418 0.209375 0.220703
0 0.994531 0.310547 0.0109375 0.171094
0 0.982813 0.385156 0.034375 0.163281
0 0.961719 0.812695 0.0765625 0.130859
0 0.889063 0.196826 0.053125 0.0961914
0 0.889844 0.208252 0.0609375 0.136621
0 0.632812 0.416406 0.107813 0.121094
0 0.664844 0.168652 0.08125 0.150977
0 0.475098 0.617969 0.273242 0.2625
0 0.988281 0.355469 0.0234375 0.260938
0 0.633203 0.196094 0.128125 0.201563
0 0.484277 0.689063 0.29707 0.157813
0 0.976562 0.498437 0.046875 0.270313
0 0.0642578 0.707812 0.128516 0.309375
0 0.839063 0.209033 0.173438 0.172559
0 0.666016 0.151758 0.0570313 0.115234
0 0.985156 0.317188 0.0296875 0.153125
0 0.752344 0.464844 0.26875 0.175
0 0.237891 0.0810059 0.258984 0.162012
0 0.363086 0.664062 0.0605469 0.157813
0 0.635938 0.703906 0.279687 0.242188
0 0.378125 0.339063 0.0421875 0.142188
0 0.820312 0.341797 0.245312 0.13125
0 0.492578 0.741406 0.267188 0.135937
0 0.994531 0.433594 0.0109375 0.160938
0 0.147559 0.158887 0.0701172 0.108008
0 0.689453 0.857813 0.621094 0.284375
0 0.547656 0.709375 0.053125 0.05625
0 0.580469 0.745313 0.104688 0.145313
0 0.967969 0.171973 0.0640625 0.126367
0 0.794531 0.180273 0.232813 0.110937
0 0.741797 0.389062 0.239844 0.1625
0 0.182715 0.698047 0.36543 0.335156
0 0.0362305 0.773438 0.0710938 0.16875
0 0.974609 0.932031 0.0507812 0.135937
0 0.465625 0.355273 0.244531 0.175391
0 0.588281 0.607813 0.0445313 0.04375
0 0.996094 0.272656 0.0078125 0.19375
0 0.0395996 0.614844 0.0791992 0.320312
0 0.063623 0.0401367 0.127246 0.0802734
0 0.752344 0.133398 0.196875 0.266797
0 0.514063 0.414844 0.171875 0.151562
0 0.169434 0.135059 0.114258 0.0861328
0 0.6625 0.124023 0.059375 0.084375
0 0.960938 0.8375 0.078125 0.11875
0 0.896875 0.25332 0.0546875 0.172266
0 0.698047 0.169922 0.199219 0.15
0 0.926172 0.464063 0.147656 0.288281
0 0.883594 0.199268 0.0421875 0.0717773
0 0.483594 0.760547 0.867188 0.478906
0 0.892188 0.18457 0.0609375 0.104297
0 0.983594 0.785156 0.0328125 0.175
0 0.760547 0.414941 0.283594 0.138867
0 0.672656 0.174414 0.113281 0.155859
0 0.877344 0.0248535 0.245312 0.049707
0 0.757422 0.156738 0.210156 0.183398
0 0.149414 0.138672 0.0466797 0.0445313
0 0.00469971 0.469531 0.00939941 0.217188
0 0.994531 0.475781 0.0109375 0.153125
0 0.810547 0.0321777 0.378906 0.0643555
0 0.863281 0.0438477 0.273438 0.0876953
0 0.945312 0.490527 0.109375 0.301758
0 0.0324951 0.845313 0.0649902 0.084375
0 0.985156 0.412891 0.0296875 0.182812
0 0.755469 0.8625 0.485938 0.178125
0 0.150488 0.136523 0.0595703 0.0544922
0 0.976562 0.414746 0.046875 0.15957
0 0.583203 0.619531 0.05 0.0546875
0 0.141797 0.185352 0.116797 0.158594
0 0.582812 0.483691 0.214062 0.285742
0 0.334375 0.544531 0.0679687 0.292188
0 0.519531 0.45 0.159375 0.210938
0 0.564063 0.433984 0.254688 0.18125
0 0.590625 0.599219 0.0453125 0.078125
0 0.578125 0.630469 0.0578125 0.078125
0 0.389062 0.279297 0.04375 0.0617188
0 0.00595703 0.485938 0.0119141 0.121875
0 0.0619141 0.0883789 0.123828 0.176758
0 0.9875 0.51875 0.025 0.296875
0 0.0930664 0.167773 0.186133 0.200391
0 0.403027 0.562109 0.183008 0.361719
0 0.483594 0.8 0.241406 0.24375
0 0.987109 0.292969 0.0257812 0.158594
0 0.85625 0.153711 0.14375 0.221484
0 0.082373 0.817187 0.164746 0.325
0 0.757812 0.901563 0.271875 0.185938
0 0.565625 0.658984 0.0828125 0.142188
0 0.475879 0.693359 0.288867 0.463281
0 0.379688 0.348047 0.0492188 0.158594
0 0.499902 0.780469 0.35332 0.414062
0 0.559375 0.683984 0.0921875 0.196094
0 0.475 0.791406 0.875 0.417188
0 0.341602 0.560156 0.0753906 0.179688
0 0.342578 0.608203 0.0796875 0.289844
0 0.363281 0.667969 0.06875 0.15625
0 0.524219 0.714844 0.132812 0.107813
0 0.374609 0.385059 0.0734375 0.239258
0 0.35918 0.387598 0.0730469 0.341992
0 0.548047 0.715234 0.0460938 0.0789063
0 0.587891 0.613672 0.0367188 0.040625
0 0.545313 0.709375 0.0609375 0.075
0 0.59375 0.6125 0.025 0.0375
0 0.550391 0.711719 0.0390625 0.0640625
0 0.575781 0.682813 0.0851563 0.190625
0 0.353125 0.619141 0.04375 0.0867188
0 0.5625 0.741016 0.0921875 0.146094
0 0.458691 0.546484 0.295117 0.560156
0 0.374609 0.386621 0.0375 0.0689453
0 0.387109 0.792383 0.517188 0.415234
0 0.517969 0.7375 0.121875 0.1375
0 0.585547 0.8 0.513281 0.4
0 0.353906 0.591797 0.0773438 0.304688
0 0.35625 0.639453 0.0742188 0.203906
0 0.583984 0.6125 0.0453125 0.0515625
0 0.353711 0.561328 0.0832031 0.189844
0 0.503027 0.644922 0.373633 0.524219
0 0.339453 0.521875 0.0539063 0.13125
0 0.527344 0.674219 0.142188 0.146875
0 0.370117 0.395996 0.0378906 0.0564453
0 0.505859 0.714453 0.145313 0.0859375
0 0.351367 0.421875 0.0613281 0.277344
0 0.342578 0.537109 0.0640625 0.141406
0 0.534766 0.749219 0.0953125 0.134375
0 0.371484 0.372852 0.0429688 0.105859
0 0.344141 0.713281 0.0359375 0.075
0 0.369141 0.417578 0.0882813 0.292969
0 0.589844 0.667188 0.1125 0.160938
0 0.34668 0.455078 0.0628906 0.221094
0 0.358594 0.629297 0.0460938 0.0835937
0 0.576563 0.748438 0.0859375 0.14375
0 0.594531 0.705469 0.11875 0.2375
0 0.556641 0.702344 0.0257812 0.04375
0 0.533203 0.720313 0.0835937 0.075
0 0.403125 0.349219 0.0929688 0.157031
0 0.352344 0.608594 0.0515625 0.104688
0 0.352344 0.669531 0.0601563 0.1625
0 0.375684 0.39375 0.0345703 0.0523438
0 0.59375 0.610938 0.034375 0.0453125
0 0.582812 0.653906 0.0546875 0.13125
0 0.519531 0.706641 0.110937 0.0882813
0 0.377734 0.667969 0.0921875 0.159375
0 0.340234 0.710156 0.0539063 0.090625
0 0.365625 0.396777 0.0515625 0.101758
0 0.467187 0.668359 0.258594 0.169531
0 0.322461 0.606641 0.133984 0.285156
0 0.355859 0.493359 0.0796875 0.257031
0 0.559375 0.7625 0.107813 0.160938
0 0.341406 0.482031 0.0429688 0.0695313
0 0.333594 0.669141 0.0859375 0.163281
0 0.474609 0.717188 0.194531 0.090625
0 0.504297 0.751563 0.136719 0.146875
0 0.596094 0.601562 0.03125 0.0585938
0 0.373047 0.571094 0.125 0.214062
0 0.345313 0.594531 0.0734375 0.115625
0 0.467969 0.712891 0.26875 0.0820312
0 0.499219 0.50459 0.369531 0.550195
0 0.3375 0.495313 0.0375 0.0578125
0 0.351172 0.632031 0.046875 0.1
0 0.362891 0.415625 0.0476562 0.0875
0 0.340234 0.4875 0.0347656 0.05
0 0.557422 0.703906 0.0414063 0.0515625
0 0.341797 0.579297 0.0703125 0.101562
0 0.317188 0.673047 0.14375 0.172656
0 0.348828 0.719922 0.0347656 0.0539063
0 0.366797 0.369922 0.0585938 0.114844
0 0.553516 0.704688 0.0460938 0.0640625
0 0.353906 0.635547 0.0335938 0.0828125
0 0.648438 0.466406 0.0984375 0.157813
0 0.547266 0.649219 0.430469 0.375
0 0.346484 0.614062 0.0734375 0.105469
0 0.341992 0.725781 0.0429688 0.05625
0 0.393359 0.407813 0.142969 0.346094
0 0.618359 0.792969 0.185156 0.414062
0 0.338086 0.49375 0.0472656 0.0695313
0 0.372266 0.403516 0.0359375 0.0476562
0 0.516797 0.719531 0.11875 0.071875
0 0.354883 0.425781 0.0847656 0.325781
0 0.348828 0.588281 0.0523438 0.116406
0 0.575 0.629687 0.0671875 0.0898438
0 0.34375 0.467969 0.0429688 0.0882813
0 0.589453 0.601953 0.04375 0.0601563
0 0.358594 0.641406 0.0414063 0.0640625
0 0.389746 0.345508 0.0517578 0.158984
0 0.343164 0.389453 0.112109 0.230469
0 0.535156 0.786719 0.142188 0.21875
0 0.435547 0.384766 0.217969 0.452344
0 0.470313 0.620313 0.265625 0.253125
0 0.334961 0.725 0.0492188 0.0640625
0 0.335938 0.710547 0.0820312 0.252344
0 0.580469 0.622656 0.0515625 0.0703125
0 0.329492 0.461719 0.129297 0.313281
0 0.674609 0.119141 0.03125 0.0441406
0 0.560156 0.69375 0.0359375 0.0609375
0 0.350781 0.713281 0.0296875 0.0625
0 0.627344 0.464063 0.134375 0.153125
0 0.633594 0.4875 0.123438 0.204688
0 0.414062 0.39375 0.1125 0.251563
0 0.635156 0.763281 0.23125 0.365625
0 0.647656 0.444531 0.09375 0.115625
0 0.504687 0.668359 0.18125 0.1625
0 0.579297 0.605859 0.0601563 0.0882813
0 0.338477 0.464844 0.0535156 0.110937
0 0.348047 0.657813 0.0390625 0.0890625
0 0.33457 0.572656 0.0589844 0.0828125
0 0.639063 0.699219 0.239063 0.242188
0 0.303906 0.589063 0.133594 0.229687
0 0.378516 0.717188 0.110156 0.253125
0 0.482031 0.734766 0.1875 0.139844
0 0.325391 0.520312 0.0351562 0.0890625
0 0.344922 0.635938 0.0710938 0.109375
0 0.607031 0.45791 0.189063 0.512305
0 0.367578 0.404297 0.0390625 0.0539063
0 0.370703 0.599219 0.0992187 0.294531
0 0.35332 0.610938 0.03125 0.065625
0 0.485938 0.737891 0.0765625 0.0453125
0 0.365625 0.472656 0.0859375 0.286719
0 0.554297 0.801562 0.135156 0.242188
0 0.340234 0.351562 0.119531 0.173438
0 0.653516 0.432031 0.08125 0.0984375
0 0.525 0.692187 0.101562 0.107813
0 0.357422 0.687109 0.0398437 0.114844
0 0.678125 0.115234 0.028125 0.0367188
0 0.582812 0.76875 0.0945313 0.171875
0 0.567187 0.663281 0.0445313 0.123438
0 0.379297 0.375391 0.04375 0.0890625
0 0.375 0.505859 0.1125 0.250781
0 0.350195 0.599609 0.034375 0.046875
0 0.378516 0.301172 0.0570313 0.0914062
0 0.667578 0.121973 0.03125 0.0460938
0 0.460938 0.735938 0.123438 0.0546875
0 0.342969 0.655469 0.0671875 0.103125
0 0.349219 0.692578 0.0367188 0.110937
0 0.328906 0.511719 0.0332031 0.0859375
0 0.557031 0.669531 0.0640625 0.151562
0 0.386816 0.603906 0.14668 0.278125
0 0.324609 0.566016 0.0367188 0.0609375
0 0.614062 0.662891 0.11875 0.163281
0 0.625781 0.508594 0.145313 0.248438
0 0.360938 0.346289 0.103906 0.162109
0 0.394141 0.724219 0.1125 0.0460938
0 0.330859 0.480859 0.059375 0.128906
0 0.351953 0.660156 0.0328125 0.0609375
0 0.664062 0.467187 0.0828125 0.1625
0 0.603125 0.6125 0.0460938 0.06875
0 0.374219 0.358203 0.0390625 0.116406
0 0.378906 0.309766 0.0296875 0.084375
0 0.395313 0.481152 0.153125 0.25957
0 0.611719 0.446484 0.157813 0.146875
0 0.312695 0.704297 0.134766 0.236719
0 0.349609 0.482422 0.0617188 0.0976562
0 0.672656 0.111719 0.0328125 0.0462891
0 0.545313 0.678906 0.0640625 0.14375
0 0.546875 0.835938 0.136719 0.275
0 0.370508 0.314063 0.0339844 0.103125
0 0.366992 0.634375 0.0472656 0.075
0 0.510938 0.688281 0.125781 0.125
0 0.452734 0.312109 0.196094 0.577344
0 0.490625 0.84707 0.457031 0.305859
0 0.697656 0.819336 0.242188 0.361328
0 0.514063 0.738281 0.0804688 0.0421875
0 0.356641 0.409277 0.0671875 0.114258
0 0.34668 0.674219 0.0398437 0.10625
0 0.690625 0.886914 0.25625 0.226172
0 0.313281 0.719531 0.110156 0.090625
0 0.600781 0.623438 0.0515625 0.06875
0 0.332227 0.726562 0.0710938 0.08125
0 0.629687 0.43125 0.122656 0.125781
0 0.101758 0.830859 0.203516 0.338281
0 0.606641 0.87793 0.350781 0.244141
0 0.408984 0.726172 0.0585938 0.053125
0 0.456348 0.820312 0.756055 0.359375
0 0.666797 0.117578 0.0398437 0.0449219
0 0.378516 0.384473 0.0359375 0.0841797
0 0.605078 0.600781 0.0476562 0.065625
0 0.152441 0.829492 0.304883 0.341016
0 0.661719 0.122656 0.0484375 0.0589844
0 0.489063 0.739453 0.05 0.0429688
0 0.583594 0.5375 0.109375 0.214062
0 0.58125 0.585547 0.0601563 0.0945313
0 0.422656 0.730078 0.065625 0.0609375
0 0.582812 0.801758 0.09375 0.246484
0 0.435156 0.768555 0.870313 0.462891
0 0.441406 0.799219 0.525 0.401563
0 0.530469 0.735938 0.0820312 0.0453125
0 0.532813 0.807813 0.165625 0.28125
0 0.670703 0.116504 0.028125 0.0402344
0 0.58125 0.76875 0.0625 0.0859375
0 0.387109 0.56875 0.7 0.646875
0 0.692187 0.614062 0.2375 0.465625
0 0.525 0.679688 0.103906 0.152344
0 0.329883 0.478223 0.0789063 0.24043
0 0.370703 0.336719 0.0367188 0.0992187
0 0.381934 0.299219 0.0439453 0.0742188
0 0.184473 0.805469 0.368945 0.389062
0 0.354688 0.600781 0.0265625 0.040625
0 0.340039 0.675 0.06875 0.125
0 0.348438 0.539844 0.0679687 0.175
0 0.491406 0.721094 0.157813 0.06875
0 0.348828 0.755469 0.114063 0.198437
0 0.584375 0.775781 0.0515625 0.075
0 0.391406 0.288672 0.028125 0.0382813
0 0.340625 0.733594 0.0527344 0.0695313
0 0.603125 0.735938 0.145313 0.303125
0 0.417969 0.725781 0.0484375 0.04375
0 0.290234 0.611719 0.178906 0.278125
0 0.350977 0.785742 0.129297 0.162891
0 0.353516 0.442578 0.0292969 0.0578125
0 0.389844 0.679688 0.111719 0.154688
0 0.364453 0.746094 0.117969 0.221875
0 0.359766 0.433594 0.0382813 0.0953125
0 0.324609 0.535937 0.0328125 0.0859375
0 0.267383 0.832031 0.370703 0.335938
0 0.451172 0.738281 0.117969 0.075
0 0.689844 0.467578 0.239063 0.542969
0 0.659375 0.430859 0.0484375 0.0882813
0 0.333594 0.519141 0.0390625 0.0945313
0 0.516406 0.78125 0.75625 0.4375
0 0.451953 0.723437 0.128125 0.0671875
0 0.325781 0.663281 0.101562 0.101562
0 0.380566 0.732031 0.0982422 0.0671875
0 0.372266 0.787305 0.102344 0.141016
0 0.387109 0.291406 0.0367188 0.04375
0 0.329297 0.500781 0.0527344 0.110937
0 0.527344 0.838867 0.557813 0.322266
0 0.387109 0.386035 0.0601563 0.11543
0 0.349609 0.508594 0.0625 0.1125
0 0.669531 0.432031 0.0328125 0.0828125
0 0.5625 0.7125 0.05625 0.071875
0 0.352539 0.426172 0.0566406 0.134375
0 0.35 0.452344 0.0367188 0.0492188
0 0.339258 0.567969 0.0558594 0.104688
0 0.378906 0.353516 0.1875 0.502344
0 0.329492 0.522266 0.0699219 0.1875
0 0.354883 0.421484 0.0394531 0.0835937
0 0.0797852 0.840625 0.15957 0.31875
0 0.966797 0.00966797 0.0664062 0.0193359
0 0.385156 0.310547 0.0351562 0.0828125
0 0.666406 0.454688 0.0328125 0.0515625
0 0.375098 0.329492 0.0326172 0.0628906
0 0.348438 0.461328 0.0382813 0.075
0 0.571094 0.614844 0.0859375 0.090625
0 0.353906 0.727344 0.04375 0.0625
0 0.576563 0.788281 0.05 0.0609375
0 0.312695 0.71875 0.109766 0.301563
0 0.582812 0.810938 0.378125 0.378125
0 0.365234 0.321484 0.0515625 0.108594
0 0.671094 0.447656 0.0359375 0.0507812
0 0.382129 0.319531 0.0373047 0.0890625
0 0.449609 0.689453 0.233594 0.152344
0 0.748438 0.887305 0.2125 0.225391
0 0.551953 0.596094 0.121875 0.110937
0 0.388672 0.275781 0.0414063 0.0523438
0 0.342187 0.438672 0.0625 0.142188
0 0.330859 0.646875 0.0929688 0.107813
0 0.541797 0.739062 0.0898438 0.101562
0 0.541016 0.477441 0.254688 0.54043
0 0.542188 0.721875 0.0515625 0.075
0 0.548828 0.55625 0.124219 0.182812
0 0.555859 0.73125 0.0554687 0.1125
0 0.435937 0.354492 0.142188 0.180859
0 0.512891 0.625391 0.175 0.239844
0 0.3875 0.3 0.0375 0.0625
0 0.335938 0.800781 0.614844 0.398438
0 0.418359 0.35 0.108594 0.167187
0 0.544531 0.746875 0.148438 0.123438
0 0.683594 0.465625 0.1125 0.160938
0 0.573438 0.648047 0.090625 0.172656
0 0.354688 0.725781 0.034375 0.0453125
0 0.342969 0.504297 0.0492188 0.0890625
0 0.385938 0.710156 0.115625 0.0742188
0 0.036731 0.826563 0.0361084 0.040625
0 0.566016 0.702344 0.0492188 0.0703125
0 0.539062 0.871094 0.154688 0.253125
0 0.432813 0.708203 0.104688 0.0789063
0 0.115234 0.00672607 0.111719 0.0134521
0 0.140039 0.00645752 0.109375 0.012915
0 0.378223 0.283008 0.0623047 0.109375
0 0.6125 0.598828 0.065625 0.0757812
0 0.653906 0.450781 0.0625 0.0671875
0 0.795313 0.887305 0.2125 0.225391
0 0.578125 0.783594 0.0625 0.0625
0 0.594531 0.833594 0.09375 0.179688
0 0.583203 0.633594 0.0453125 0.0859375
0 0.355273 0.745313 0.0582031 0.090625
0 0.240234 0.00666504 0.108594 0.0133301
0 0.864062 0.00638428 0.1125 0.0127686
0 0.341406 0.526172 0.0835937 0.292969
0 0.457031 0.597656 0.307031 0.453125
0 0.342187 0.599219 0.0851563 0.303125
0 0.361719 0.452246 0.0828125 0.343945
0 0.339648 0.477734 0.0816406 0.285156
0 0.43125 0.479297 0.304688 0.508594
0 0.348633 0.457813 0.0957031 0.401563
0 0.593359 0.613281 0.0375 0.04375
0 0.318945 0.611719 0.130078 0.28125
0 0.375 0.363672 0.059375 0.18125
0 0.558984 0.702344 0.121875 0.226562
0 0.379297 0.399316 0.05625 0.24668
0 0.524219 0.704688 0.179688 0.220313
0 0.593359 0.610938 0.0257812 0.0367188
0 0.480859 0.758984 0.2625 0.147656
0 0.589063 0.702344 0.139844 0.226562
0 0.597266 0.6125 0.0507812 0.046875
0 0.518359 0.749219 0.183594 0.148438
0 0.382422 0.418359 0.382812 0.485156
0 0.373828 0.358398 0.0492188 0.125391
0 0.567969 0.748047 0.0953125 0.122656
0 0.339063 0.548047 0.0484375 0.138281
0 0.385254 0.328906 0.0498047 0.0984375
0 0.0925537 0.385547 0.117236 0.0554687
0 0.0751953 0.405859 0.119531 0.0515625
0 0.676953 0.117969 0.0289063 0.0357422
0 0.481641 0.639453 0.369531 0.372656
0 0.473535 0.707812 0.279492 0.240625
0 0.100366 0.407031 0.0945801 0.05
0 0.586719 0.618359 0.0375 0.0507812
0 0.35625 0.621094 0.0664062 0.135937
0 0.391406 0.295508 0.0484375 0.0507812
0 0.11582 0.336719 0.122656 0.0539063
0 0.606641 0.613281 0.0757812 0.05
0 0.358203 0.514844 0.121094 0.305469
0 0.0767334 0.396973 0.120752 0.0529297
0 0.12793 0.311328 0.121094 0.0546875
0 0.105176 0.374609 0.120117 0.0546875
0 0.381348 0.433984 0.143555 0.400781
0 0.439453 0.578125 0.2875 0.353125
0 0.384375 0.303906 0.0421875 0.065625
0 0.104712 0.362109 0.123779 0.0539063
0 0.392188 0.321484 0.0804688 0.090625
0 0.333398 0.553125 0.0511719 0.176563
0 0.103613 0.35 0.12207 0.0578125
0 0.39375 0.558594 0.172656 0.398438
0 0.589844 0.625 0.0484375 0.0640625
0 0.128125 0.349414 0.121484 0.0550781
0 0.128418 0.299219 0.122852 0.0539063
0 0.592969 0.629687 0.0546875 0.084375
0 0.340625 0.417578 0.117188 0.280469
0 0.394922 0.287109 0.0320312 0.0328125
0 0.128906 0.362305 0.122266 0.0542969
0 0.347461 0.614453 0.0816406 0.177344
0 0.358203 0.575781 0.122656 0.353125
0 0.115137 0.421875 0.111719 0.0546875
0 0.0736816 0.415625 0.120215 0.0625
0 0.0904297 0.337891 0.123047 0.059375
0 0.578516 0.636328 0.0671875 0.0914062
0 0.0654297 0.385156 0.11875 0.0554687
0 0.128223 0.324414 0.12168 0.0546875
0 0.0782227 0.373828 0.122461 0.0554687
0 0.115625 0.410156 0.114844 0.053125
0 0.101196 0.417969 0.0851074 0.0578125
0 0.401563 0.514063 0.202344 0.309375
0 0.584375 0.617969 0.0585938 0.0578125
0 0.905469 0.198242 0.11875 0.0511719
0 0.0726563 0.433203 0.123828 0.0601563
0 0.108105 0.398438 0.108594 0.0539063
0 0.720313 0.116211 0.142188 0.0433594
0 0.155469 0.300391 0.110937 0.0515625
0 0.115625 0.386816 0.117969 0.0576172
0 0.0963135 0.649219 0.0651855 0.0515625
0 0.567578 0.624609 0.116406 0.0742188
0 0.311328 0.454004 0.157813 0.34043
0 0.552344 0.742188 0.123438 0.142188
0 0.114648 0.435937 0.110547 0.0570313
0 0.498437 0.528125 0.414062 0.521875
0 0.078125 0.35 0.120313 0.0609375
0 0.141797 0.338086 0.119531 0.0511719
0 0.578125 0.624219 0.059375 0.06875
0 0.905469 0.187305 0.121875 0.0511719
0 0.101758 0.432813 0.0847656 0.0578125
0 0.0755859 0.457031 0.116406 0.059375
0 0.0605469 0.702344 0.121094 0.096875
0 0.101538 0.457031 0.0836426 0.05625
0 0.567969 0.657031 0.0742188 0.129688
0 0.114648 0.460156 0.110352 0.0539063
0 0.0785156 0.362109 0.122266 0.0570313
0 0.154102 0.3125 0.105859 0.0554687
0 0.104004 0.325391 0.123047 0.0554687
0 0.115723 0.248828 0.12168 0.0523438
0 0.114746 0.449219 0.111328 0.0546875
0 0.101172 0.655859 0.0810547 0.0585938
0 0.393359 0.302539 0.0539063 0.0683594
0 0.0922852 0.705078 0.0757812 0.0625
0 0.0732422 0.447266 0.123047 0.0554687
0 0.155273 0.289648 0.112109 0.0511719
0 0.104297 0.313672 0.122656 0.0554687
0 0.333984 0.517188 0.0445313 0.0875
0 0.603125 0.628516 0.0703125 0.0585938
0 0.332813 0.541406 0.0453125 0.128125
0 0.11604 0.237891 0.123779 0.0515625
0 0.101465 0.667969 0.0818359 0.059375
0 0.0604492 0.372461 0.10293 0.0542969
0 0.12854 0.375781 0.120264 0.0554687
0 0.392969 0.323438 0.065625 0.114844
0 0.0918945 0.720703 0.0767578 0.0710938
0 0.0825928 0.469531 0.101611 0.0609375
0 0.578906 0.76875 0.065625 0.075
0 0.3625 0.629687 0.053125 0.0796875
0 0.0623047 0.739844 0.118164 0.075
0 0.584375 0.682031 0.05625 0.182812
0 0.375098 0.361328 0.0388672 0.146875
0 0.12832 0.287695 0.123047 0.0535156
0 0.0898682 0.552344 0.0733887 0.071875
0 0.0526245 0.396094 0.0920166 0.0515625
0 0.152734 0.351172 0.110156 0.0523438
0 0.101343 0.644922 0.0809082 0.0554687
0 0.0428223 0.357031 0.0788086 0.059375
0 0.153418 0.325781 0.104883 0.0546875
0 0.597656 0.634375 0.053125 0.06875
0 0.15332 0.278125 0.108203 0.0546875
0 0.100879 0.682031 0.0806641 0.0578125
0 0.558203 0.759375 0.1125 0.0984375
0 0.0783447 0.326172 0.120654 0.0578125
0 0.629687 0.119141 0.160938 0.0404297
0 0.38584 0.348828 0.0767578 0.157031
0 0.0808594 0.483203 0.105273 0.0585938
0 0.11543 0.686719 0.109375 0.0546875
0 0.908594 0.235742 0.107813 0.0539063
0 0.115527 0.260938 0.120117 0.0570313
0 0.575 0.751172 0.1 0.157031
0 0.672266 0.114746 0.0289063 0.0345703
0 0.116113 0.697656 0.110937 0.0546875
0 0.153809 0.251563 0.110742 0.0546875
0 0.114258 0.471875 0.108398 0.0546875
0 0.675781 0.118945 0.0382813 0.046875
0 0.0839844 0.495313 0.0984375 0.0578125
0 0.904688 0.176953 0.11875 0.0546875
0 0.0956055 0.539844 0.0550781 0.0578125
0 0.907813 0.221875 0.1125 0.0554687
0 0.0620605 0.485156 0.124121 0.0640625
0 0.0923828 0.734766 0.078125 0.0632813
0 0.392285 0.335938 0.0513672 0.128125
0 0.90625 0.209766 0.1125 0.0554687
0 0.0931641 0.644531 0.0777344 0.0671875
0 0.716016 0.122559 0.122656 0.0515625
0 0.592578 0.607813 0.0484375 0.0421875
0 0.205127 0.124023 0.12334 0.0527344
0 0.602344 0.698438 0.075 0.198437
0 0.164648 0.809375 0.112891 0.053125
0 0.042273 0.370508 0.082251 0.0621094
0 0.0599487 0.360156 0.0943604 0.0523438
0 0.10061 0.48125 0.0815918 0.0578125
0 0.104297 0.301563 0.122266 0.05625
0 0.165039 0.152637 0.123438 0.0611328
0 0.0920898 0.746094 0.0806641 0.0546875
0 0.164258 0.798633 0.111328 0.0527344
0 0.153125 0.265234 0.108203 0.0578125
0 0.100879 0.467969 0.0820312 0.0585938
0 0.0898193 0.50625 0.0848145 0.0578125
0 0.408496 0.759375 0.19082 0.125
0 0.111914 0.498437 0.101367 0.0546875
0 0.599219 0.620313 0.0546875 0.059375
0 0.0734375 0.460938 0.146875 0.0679687
0 0.16377 0.786719 0.110742 0.05625
0 0.567969 0.628125 0.071875 0.0734375
0 0.0616211 0.471875 0.123242 0.0671875
0 0.117188 0.0731934 0.125 0.0545898
0 0.331641 0.559375 0.0585938 0.107813
0 0.116504 0.710938 0.113086 0.0546875
0 0.0724609 0.132422 0.126172 0.0535156
0 0.158789 0.775 0.105859 0.05
0 0.113379 0.485156 0.105664 0.0546875
0 0.0669434 0.339844 0.109863 0.0554687
0 0.0619629 0.496875 0.123926 0.0625
0 0.165723 0.138086 0.126367 0.053125
0 0.0425781 0.385059 0.0851563 0.0548828
0 0.100171 0.585938 0.0723145 0.04375
0 0.358203 0.696094 0.05625 0.1125
0 0.078418 0.828906 0.156836 0.04375
0 0.117798 0.0630859 0.134717 0.0501953
0 0.115723 0.275 0.120508 0.0582031
0 0.917188 0.247266 0.117188 0.0546875
0 0.340039 0.572656 0.0652344 0.159375
0 0.0910156 0.517578 0.08125 0.0617188
0 0.124194 0.785156 0.126611 0.053125
0 0.589453 0.768359 0.0476562 0.0710938
0 0.0922852 0.0638672 0.161914 0.0474609
0 0.154297 0.10022 0.120313 0.0519043
0 0.327344 0.461719 0.101562 0.375781
0 0.0950928 0.615625 0.0578613 0.0679687
0 0.339063 0.581641 0.0796875 0.129688
0 0.115991 0.186279 0.116064 0.0540039
0 0.917188 0.258984 0.115625 0.0539063
0 0.0444214 0.346875 0.0756104 0.0539063
0 0.116016 0.228516 0.120703 0.0523438
0 0.382031 0.352148 0.0492188 0.146484
0 0.0723633 0.467187 0.144727 0.101562
0 0.0714844 0.834375 0.142969 0.0546875
0 0.725 0.347461 0.129688 0.0527344
0 0.362109 0.680078 0.0523438 0.141406
0 0.128223 0.398828 0.118555 0.0546875
0 0.114453 0.672266 0.107422 0.0554687
0 0.0896729 0.592188 0.0831543 0.0617188
0 0.0954102 0.634766 0.0568359 0.0507812
0 0.219873 0.0563965 0.142285 0.0790039
0 0.104102 0.290234 0.120703 0.0601563
0 0.141699 0.237305 0.118945 0.0519531
0 0.414844 0.942187 0.114063 0.0625
0 0.302344 0.505859 0.142969 0.242969
0 0.116211 0.724219 0.114453 0.05625
0 0.0781006 0.313281 0.121533 0.0578125
0 0.163867 0.340039 0.112891 0.0554687
0 0.0836914 0.584375 0.0994141 0.0554687
0 0.141211 0.226953 0.118359 0.0527344
0 0.727344 0.144922 0.140625 0.0816406
0 0.904688 0.165527 0.115625 0.0587891
0 0.577734 0.672266 0.065625 0.151562
0 0.100562 0.131836 0.0848145 0.0527344
0 0.358984 0.494141 0.342187 0.585156
0 0.602344 0.603906 0.046875 0.053125
0 0.0915039 0.53125 0.0802734 0.0625
0 0.100366 0.692969 0.0793457 0.059375
0 0.0633301 0.554688 0.116309 0.090625
0 0.077832 0.300586 0.121484 0.0578125
0 0.0902344 0.542188 0.0800781 0.0609375
0 0.0683594 0.0667969 0.136719 0.040625
0 0.454785 0.683594 0.287305 0.173438
0 0.928125 0.222852 0.11875 0.0539063
0 0.696094 0.120703 0.0875 0.0476562
0 0.378516 0.315625 0.0351562 0.084375
0 0.099585 0.49375 0.0793457 0.05625
0 0.0439453 0.283984 0.0796875 0.0539063
0 0.365625 0.632812 0.05 0.059375
0 0.124243 0.798242 0.127295 0.0535156
0 0.0430176 0.319922 0.0772461 0.059375
0 0.0962647 0.525391 0.0621582 0.0585938
0 0.29668 0.60625 0.151953 0.303125
0 0.115918 0.7375 0.11543 0.0578125
0 0.194336 0.260156 0.075 0.0601563
0 0.125684 0.811719 0.127148 0.0515625
0 0.216797 0.135156 0.125781 0.0546875
0 0.0728516 0.539062 0.142578 0.142188
0 0.0639648 0.597656 0.116602 0.0734375
0 0.103711 0.511328 0.0810547 0.0570313
0 0.0745117 0.441406 0.149023 0.0625
0 0.198779 0.0579102 0.115723 0.0759766
0 0.268359 0.0581055 0.0488281 0.0685547
0 0.0430786 0.295703 0.0794678 0.05625
0 0.553906 0.699219 0.0484375 0.0429688
0 0.0953369 0.60625 0.0651855 0.06875
0 0.198486 0.235156 0.0655273 0.0601563
0 0.11123 0.747656 0.100586 0.0515625
0 0.116211 0.760156 0.118359 0.0515625
0 0.928125 0.199023 0.11875 0.0523438
0 0.057373 0.725781 0.114746 0.0984375
0 0.116602 0.173438 0.117578 0.0511719
0 0.928125 0.236328 0.11875 0.0542969
0 0.151074 0.364844 0.110352 0.0539063
0 0.0484863 0.305273 0.0737305 0.0585938
0 0.0720215 0.496875 0.142285 0.146875
0 0.0998291 0.0577148 0.132764 0.0417969
0 0.724219 0.357422 0.128125 0.0523438
0 0.150586 0.0790039 0.122266 0.0574219
0 0.216846 0.112988 0.124902 0.0542969
0 0.0962891 0.0764648 0.192578 0.065625
0 0.851562 0.17583 0.134375 0.0538086
0 0.0642578 0.628906 0.117383 0.0953125
0 0.218359 0.183398 0.0507812 0.0613281
0 0.363086 0.672656 0.122266 0.159375
0 0.0734375 0.118555 0.123047 0.0550781
0 0.0629883 0.429688 0.0984375 0.078125
0 0.594531 0.690234 0.0578125 0.178906
0 0.378516 0.341797 0.0390625 0.113281
0 0.0621582 0.409375 0.096582 0.0703125
0 0.0566406 0.753906 0.113281 0.0921875
0 0.214453 0.207031 0.0476562 0.0609375
0 0.0984131 0.119434 0.0937988 0.0533203
0 0.947656 0.084668 0.0703125 0.0537109
0 0.305078 0.648438 0.153906 0.201563
0 0.876563 0.197461 0.129688 0.0523438
0 0.95 0.13457 0.059375 0.0542969
0 0.0758789 0.107813 0.121289 0.0511719
0 0.564063 0.715625 0.0625 0.0828125
0 0.396484 0.772266 0.119531 0.135156
0 0.0744629 0.564844 0.141699 0.135937
0 0.0666992 0.0724609 0.122461 0.0496094
0 0.393066 0.288281 0.0466797 0.0375
0 0.464844 0.939063 0.122656 0.0625
0 0.193164 0.284961 0.0804688 0.0570313
0 0.949219 0.110547 0.0640625 0.0539063
0 0.380469 0.387109 0.113281 0.216406
0 0.852344 0.186377 0.129688 0.0561523
0 0.207764 0.0823242 0.15166 0.0603516
0 0.630469 0.6125 0.10625 0.0546875
0 0.0773438 0.0976562 0.122266 0.0517578
0 0.371875 0.938281 0.135156 0.05
0 0.350195 0.645312 0.0792969 0.195312
0 0.453125 0.527344 0.389062 0.501563
0 0.382031 0.396484 0.146094 0.265625
0 0.403516 0.506641 0.257812 0.490625
0 0.386719 0.464063 0.160938 0.388281
0 0.757422 0.160156 0.224219 0.116797
0 0.492578 0.424902 0.421094 0.683008
0 0.429297 0.61875 0.222656 0.246875
0 0.698047 0.156445 0.0929688 0.113672
0 0.408203 0.585547 0.19375 0.314844
0 0.670703 0.125098 0.0328125 0.0564453
0 0.440625 0.572266 0.346875 0.386719
0 0.712109 0.160547 0.119531 0.126563
0 0.625781 0.434375 0.157813 0.1375
0 0.653125 0.421875 0.0632813 0.090625
0 0.66875 0.155078 0.0828125 0.110937
0 0.527344 0.744531 0.167187 0.1375
0 0.414746 0.454297 0.206445 0.420312
0 0.41875 0.48916 0.214844 0.287305
0 0.3625 0.577734 0.150781 0.317969
0 0.684375 0.145898 0.0578125 0.101562
0 0.675 0.131348 0.046875 0.0744141
0 0.664062 0.418848 0.0695313 0.0888672
0 0.667578 0.130078 0.0484375 0.0664062
0 0.710156 0.16084 0.339063 0.193164
0 0.725 0.182227 0.284375 0.204688
0 0.646484 0.15752 0.141406 0.11582
0 0.383984 0.649609 0.210938 0.189063
0 0.738281 0.168555 0.170313 0.148438
0 0.646875 0.146582 0.0921875 0.0865234
0 0.116406 0.110254 0.232813 0.220508
0 0.367969 0.513281 0.125781 0.348438
0 0.436621 0.652344 0.258008 0.192188
0 0.427246 0.421484 0.21582 0.310937
0 0.423047 0.688281 0.365625 0.373437
0 0.459277 0.392188 0.264258 0.253125
0 0.691406 0.165723 0.11875 0.141992
0 0.425781 0.753516 0.409375 0.291406
0 0.362695 0.628125 0.174609 0.232813
0 0.675 0.420996 0.071875 0.0939453
0 0.663281 0.440625 0.103125 0.126563
0 0.6625 0.441406 0.0703125 0.121875
0 0.708203 0.120117 0.361719 0.240234
0 0.673438 0.444531 0.071875 0.13125
0 0.373828 0.384473 0.0976562 0.21543
0 0.348242 0.412109 0.135547 0.295312
0 0.111426 0.423047 0.222852 0.335156
0 0.813281 0.163477 0.123438 0.0730469
0 0.626563 0.151367 0.1375 0.101562
0 0.52041 0.292188 0.399805 0.445312
0 0.352734 0.541406 0.139063 0.254688
0 0.8 0.117188 0.346875 0.234375
0 0.669141 0.140527 0.0414063 0.0826172
0 0.471484 0.342578 0.282031 0.240625
0 0.134375 0.129785 0.26875 0.25957
0 0.676562 0.449219 0.096875 0.126563
0 0.890625 0.0931641 0.21875 0.186328
0 0.401563 0.6875 0.345313 0.121875
0 0.607813 0.159375 0.165625 0.113672
0 0.83125 0.154102 0.071875 0.0617188
0 0.785937 0.172363 0.198437 0.0986328
0 0.205029 0.169727 0.134473 0.100781
0 0.799219 0.16748 0.401563 0.173242
0 0.671094 0.160352 0.160938 0.127344
0 0.37207 0.675 0.220703 0.14375
0 0.83125 0.167383 0.10625 0.0828125
0 0.499609 0.733984 0.225 0.139844
0 0.384766 0.365234 0.05625 0.182812
0 0.646094 0.145605 0.0796875 0.113867
0 0.111328 0.499609 0.222656 0.358594
0 0.55 0.740625 0.125781 0.125
0 0.656641 0.64375 0.419531 0.321875
0 0.512109 0.726562 0.201563 0.2
0 0.6375 0.0898438 0.35 0.179688
0 0.84375 0.162109 0.059375 0.075
0 0.674609 0.716406 0.405469 0.203125
0 0.586719 0.403125 0.0953125 0.141406
0 0.901563 0.214502 0.196875 0.250684
0 0.13418 0.119824 0.268359 0.239648
0 0.387891 0.335938 0.0539063 0.13125
0 0.897656 0.203125 0.204688 0.367188
0 0.467187 0.632031 0.273438 0.232813
0 0.694922 0.252344 0.316406 0.246094
0 0.598437 0.401953 0.204688 0.14375
0 0.578906 0.766406 0.0625 0.0828125
0 0.407813 0.667188 0.280469 0.159375
0 0.498437 0.349609 0.335938 0.571094
0 0.511719 0.760156 0.2 0.175
0 0.29668 0.370508 0.259766 0.618359
0 0.684375 0.464063 0.096875 0.0929688
0 0.559375 0.693359 0.114063 0.224219
0 0.657813 0.885938 0.295312 0.228125
0 0.376563 0.592188 0.459375 0.340625
0 0.421484 0.558203 0.217188 0.408594
0 0.591016 0.293945 0.517969 0.365234
0 0.735938 0.164648 0.034375 0.0527344
0 0.726953 0.252783 0.261719 0.339746
0 0.671875 0.180273 0.154688 0.179688
0 0.581152 0.549316 0.506445 0.520117
0 0.408594 0.707422 0.38125 0.0992187
0 0.452734 0.590625 0.289844 0.309375
0 0.699219 0.664062 0.371875 0.267188
0 0.365234 0.933984 0.310156 0.132031
0 0.708594 0.171582 0.0921875 0.0904297
0 0.587891 0.151953 0.214062 0.101953
0 0.496094 0.782031 0.239063 0.192188
0 0.741016 0.162305 0.0226563 0.0445313
0 0.555469 0.40166 0.114063 0.135742
0 0.903906 0.134766 0.192188 0.240625
0 0.523438 0.596094 0.172656 0.301563
0 0.578516 0.383496 0.0601563 0.0970703
0 0.641797 0.582812 0.466406 0.3875
0 0.458203 0.715625 0.535156 0.08125
0 0.149707 0.249414 0.299414 0.387109
0 0.427344 0.8125 0.428906 0.107813
0 0.193555 0.160156 0.165234 0.0953125
0 0.605469 0.40459 0.116406 0.143945
0 0.838672 0.348779 0.322656 0.390723
0 0.821094 0.162793 0.0796875 0.0794922
0 0.888672 0.250732 0.222656 0.219629
0 0.394141 0.308398 0.128125 0.436328
0 0.339844 0.602344 0.151562 0.3
0 0.725 0.582031 0.359375 0.36875
0 0.595313 0.413281 0.13125 0.1875
0 0.585938 0.725781 0.515625 0.2125
0 0.575391 0.746875 0.0609375 0.110937
0 0.432813 0.764453 0.3625 0.199219
0 0.876953 0.903125 0.246094 0.19375
0 0.719141 0.425684 0.533594 0.214258
0 0.888672 0.0396973 0.222656 0.0793945
0 0.547266 0.407715 0.296875 0.158008
0 0.414062 0.722656 0.407031 0.0578125
0 0.5875 0.393359 0.0679687 0.117969
0 0.582812 0.767578 0.0515625 0.0648438
0 0.706641 0.176367 0.111719 0.171094
0 0.385254 0.346094 0.0716797 0.221094
0 0.672266 0.787695 0.353906 0.283984
0 0.467871 0.66875 0.27207 0.165625
0 0.826758 0.417871 0.346484 0.306445
0 0.792188 0.205859 0.359375 0.268359
0 0.601953 0.887109 0.344531 0.225781
0 0.558203 0.388184 0.0992187 0.108008
0 0.503906 0.814258 0.228125 0.221484
0 0.545313 0.684375 0.128125 0.175
0 0.508203 0.778906 0.541406 0.28125
0 0.378027 0.350391 0.0533203 0.154688
0 0.742969 0.170215 0.046875 0.0662109
0 0.771875 0.321484 0.45625 0.421875
0 0.749219 0.817383 0.367188 0.221484
0 0.814258 0.83125 0.315234 0.198437
0 0.0328003 0.825781 0.0511963 0.046875
0 0.846094 0.166309 0.0953125 0.0939453
0 0.378223 0.716406 0.545117 0.0703125
0 0.868359 0.317578 0.263281 0.300781
0 0.623438 0.161914 0.096875 0.107422
0 0.112109 0.944531 0.224219 0.110937
0 0.579688 0.698438 0.119531 0.203125
0 0.542188 0.152051 0.325 0.100586
0 0.574609 0.413184 0.122656 0.181445
0 0.137695 0.711328 0.275391 0.291406
0 0.731641 0.15918 0.0414063 0.0507812
0 0.742578 0.162891 0.0601563 0.0777344
0 0.613281 0.0607422 0.260938 0.121484
0 0.339648 0.6625 0.191797 0.173438
0 0.531152 0.874023 0.395508 0.251953
0 0.375 0.367969 0.0648438 0.271094
0 0.572266 0.374805 0.0617188 0.0808594
0 0.776367 0.509766 0.372266 0.327344
0 0.366797 0.819531 0.489844 0.101562
0 0.691406 0.425098 0.096875 0.113867
0 0.114258 0.907031 0.228516 0.182812
0 0.551172 0.549219 0.172656 0.434375
0 0.542188 0.753906 0.145313 0.16875
0 0.632812 0.41875 0.0890625 0.0890625
0 0.119141 0.353125 0.238281 0.332031
0 0.346484 0.688281 0.199219 0.123438
0 0.567969 0.750781 0.096875 0.160938
0 0.190625 0.158496 0.103906 0.0919922
0 0.472656 0.277344 0.280469 0.322656
0 0.332422 0.558594 0.126563 0.30625
0 0.541406 0.391406 0.123438 0.114844
0 0.248242 0.355469 0.319141 0.575781
0 0.311328 0.790625 0.513281 0.332813
0 0.000793457 0.0869141 0.00158691 0.173828
0 0.363672 0.823438 0.430469 0.078125
0 0.642578 0.163086 0.463281 0.198828
0 0.141797 0.949219 0.283594 0.101562
0 0.594531 0.1625 0.06875 0.100391
0 0.523828 0.936328 0.422656 0.127344
0 0.502734 0.412891 0.0679687 0.0976562
0 0.455078 0.714844 0.302344 0.2375
0 0.135547 0.200439 0.271094 0.363184
0 0.169043 0.153711 0.22832 0.0855469
0 0.227734 0.6 0.432813 0.329688
0 0.507422 0.157227 0.344531 0.314453
0 0.601562 0.164941 0.05 0.100977
0 0.415723 0.889844 0.337305 0.190625
0 0.451172 0.303906 0.230469 0.401563
0 0.923438 0.0447266 0.153125 0.0894531
0 0.466797 0.83418 0.325781 0.222266
0 0.318359 0.0633789 0.3 0.126758
0 0.854688 0.163379 0.0625 0.0736328
0 0.765625 0.892188 0.346875 0.0890625
0 0.451562 0.887109 0.425781 0.225781
0 0.870117 0.917188 0.259766 0.165625
0 0.520312 0.675 0.18125 0.153906
0 0.385547 0.321875 0.046875 0.111719
0 0.617969 0.416406 0.115625 0.126563
0 0.669531 0.159082 0.0625 0.130273
0 0.104688 0.153223 0.209375 0.283008
0 0.683984 0.339258 0.330469 0.321484
0 0.766016 0.721875 0.416406 0.2
0 0.8625 0.167578 0.0515625 0.0730469
0 0.489063 0.399609 0.053125 0.0679687
0 0.401563 0.28457 0.138281 0.316016
0 0.104492 0.227734 0.208984 0.253906
0 0.809375 0.156055 0.09375 0.0722656
0 0.652344 0.425391 0.071875 0.119531
0 0.688281 0.460156 0.084375 0.129688
0 0.492188 0.143945 0.282813 0.287891
0 0.817187 0.778906 0.314063 0.253125
0 0.396973 0.345703 0.0701172 0.167187
0 0.627734 0.939453 0.310156 0.121094
0 0.384473 0.758984 0.466992 0.236719
0 0.454785 0.814063 0.554492 0.09375
0 0.521094 0.713281 0.103125 0.0765625
0 0.84375 0.185889 0.121875 0.125098
0 0.146777 0.165625 0.283789 0.33125
0 0.578516 0.636719 0.0546875 0.096875
0 0.796875 0.564453 0.403125 0.417969
0 0.725 0.17793 0.0640625 0.0976562
0 0.603027 0.195508 0.543945 0.248047
0 0.716406 0.753125 0.378125 0.279687
0 0.138184 0.803125 0.276367 0.3625
0 0.273047 0.942187 0.432031 0.115625
0 0.578906 0.7375 0.110937 0.14375
0 0.295703 0.448535 0.213281 0.685742
0 0.860156 0.166699 0.126563 0.0767578
0 0.331641 0.458203 0.151562 0.375781
0 0.898438 0.267773 0.203125 0.459766
0 0.754687 0.179639 0.215625 0.164941
0 0.790234 0.160547 0.419531 0.133594
0 0.779297 0.443359 0.441406 0.267969
0 0.326562 0.696875 0.592188 0.353125
0 0.980469 0.867969 0.0390625 0.229687
0 0.294922 0.610938 0.411719 0.310937
0 0.686719 0.88125 0.31875 0.103125
0 0.818359 0.231592 0.363281 0.318066
0 0.827344 0.149219 0.0578125 0.0578125
0 0.589063 0.647656 0.0523438 0.122656
0 0.584375 0.618359 0.0414063 0.0640625
0 0.561328 0.379688 0.0820312 0.0882813
0 0.529688 0.423438 0.1125 0.109375
0 0.00185547 0.0599609 0.00371094 0.119922
0 0.832812 0.88125 0.310937 0.120313
0 0.821875 0.172168 0.096875 0.106445
0 0.532813 0.778906 0.175781 0.196875
0 0.582031 0.163867 0.101562 0.106641
0 0.860938 0.19917 0.110937 0.13291
0 0.886719 0.808594 0.226562 0.259375
0 0.851953 0.93125 0.296094 0.1375
0 0.6 0.173242 0.034375 0.0828125
0 0.399219 0.816992 0.361719 0.166016
0 0.645312 0.414453 0.059375 0.078125
0 0.640234 0.161328 0.102344 0.135937
0 0.626563 0.402734 0.148438 0.180469
0 0.708203 0.152344 0.0921875 0.0976562
0 0.399219 0.714844 0.3 0.235938
0 0.969922 0.910156 0.0601563 0.179688
0 0.790625 0.151758 0.107813 0.0777344
0 0.620313 0.167383 0.24375 0.138281
0 0.557813 0.82207 0.14375 0.205859
0 0.17168 0.145508 0.15 0.106641
0 0.776367 0.156445 0.119141 0.0851563
0 0.492969 0.396777 0.034375 0.0517578
0 0.98125 0.835742 0.0375 0.244141
0 0.250391 0.168555 0.0554687 0.0847656
0 0.768359 0.927344 0.385156 0.145313
0 0.535156 0.715625 0.08125 0.075
0 0.576172 0.478516 0.277344 0.270313
0 0.357812 0.715625 0.0609375 0.0765625
0 0.518359 0.163965 0.344531 0.10918
0 0.501563 0.442578 0.123438 0.152344
0 0.752344 0.175781 0.0625 0.0792969
0 0.705469 0.110547 0.3375 0.221094
0 0.33125 0.537109 0.065625 0.132812
0 0.362891 0.675 0.0898438 0.135937
0 0.664844 0.459375 0.08125 0.101562
0 0.36875 0.285156 0.121875 0.296875
0 0.249609 0.0553711 0.346875 0.110742
0 0.457031 0.415625 0.103125 0.109375
0 0.220264 0.15752 0.137598 0.0841797
0 0.0814453 0.925391 0.162891 0.149219
0 0.614844 0.756641 0.273438 0.0976562
0 0.182471 0.170605 0.184277 0.120508
0 0.696094 0.195117 0.13125 0.183594
0 0.635156 0.428906 0.173438 0.178125
0 0.451172 0.864062 0.415625 0.15625
0 0.26543 0.935938 0.191016 0.06875
0 0.332813 0.699219 0.114844 0.110937
0 0.357031 0.716797 0.04375 0.0625
0 0.439844 0.506641 0.275 0.499219
0 0.492188 0.522754 0.369531 0.495117
0 0.715234 0.268945 0.405469 0.328516
0 0.655078 0.333984 0.553906 0.496875
0 0.451562 0.714063 0.263281 0.1125
0 0.680078 0.122266 0.492969 0.244531
0 0.474219 0.728906 0.203125 0.104688
0 0.769922 0.154004 0.252344 0.0998047
0 0.209375 0.533594 0.41875 0.5125
0 0.729297 0.142773 0.147656 0.0851563
0 0.673438 0.125195 0.03125 0.0464844
0 0.86875 0.171875 0.221875 0.104688
0 0.721484 0.139453 0.303906 0.0792969
0 0.0316895 0.840625 0.0633789 0.08125
0 0.0353027 0.827344 0.0606445 0.046875
0 0.3875 0.505371 0.225781 0.493945
0 0.384375 0.358594 0.05625 0.192969
0 0.473438 0.747656 0.210156 0.104688
0 0.539844 0.712109 0.0710938 0.0734375
0 0.55 0.726172 0.271875 0.116406
0 0.732422 0.144238 0.425781 0.0919922
0 0.527344 0.710156 0.090625 0.0773438
0 0.692187 0.153906 0.467187 0.307813
0 0.305127 0.507422 0.295996 0.495313
0 0.692969 0.618359 0.392188 0.441406
0 0.762305 0.248633 0.475391 0.308203
0 0.383594 0.350977 0.0453125 0.292578
0 0.570703 0.74375 0.335156 0.075
0 0.0305664 0.83125 0.0582031 0.0625
0 0.416504 0.710938 0.454492 0.0921875
0 0.442969 0.727734 0.285938 0.0773438
0 0.043457 0.698438 0.0869141 0.329688
0 0.792188 0.783008 0.415625 0.433984
0 0.671094 0.140234 0.0421875 0.0808594
0 0.474609 0.640625 0.302344 0.245312
0 0.476562 0.566406 0.298438 0.379688
0 0.66875 0.125781 0.046875 0.0525391
0 0.354883 0.413281 0.109766 0.300781
0 0.774609 0.169238 0.274219 0.117773
0 0.904297 0.0525879 0.191406 0.0741211
0 0.034082 0.730859 0.0681641 0.282031
0 0.0378418 0.809375 0.0686523 0.08125
0 0.516797 0.70625 0.115625 0.0890625
0 0.35957 0.460547 0.0949219 0.400781
0 0.451953 0.692187 0.253125 0.182812
0 0.0337036 0.821094 0.0531006 0.053125
0 0.674609 0.130859 0.0414063 0.0664062
0 0.0310059 0.799219 0.0620117 0.103125
0 0.348633 0.614844 0.0910156 0.267188
0 0.585938 0.733594 0.44375 0.0953125
0 0.701563 0.1375 0.182812 0.0777344
0 0.350781 0.559375 0.0921875 0.384375
0 0.794922 0.850977 0.410156 0.298047
0 0.764453 0.572656 0.471094 0.475
0 0.422754 0.698438 0.176367 0.1
0 0.383203 0.766992 0.496875 0.466016
0 0.525781 0.747266 0.175 0.107031
0 0.0330566 0.801562 0.0661133 0.15
0 0.564063 0.317188 0.41875 0.514063
0 0.12002 0.144922 0.240039 0.289844
0 0.429688 0.717969 0.192188 0.0703125
0 0.559766 0.757031 0.191406 0.0875
0 0.628027 0.232422 0.61582 0.464844
0 0.832031 0.163672 0.176563 0.0902344
0 0.791797 0.140625 0.416406 0.28125
0 0.680469 0.125 0.0421875 0.0511719
0 0.669531 0.131543 0.05625 0.0714844
0 0.386328 0.70625 0.103906 0.0859375
0 0.674219 0.117773 0.028125 0.046875
0 0.0551636 0.834375 0.0898682 0.05625
0 0.694141 0.122559 0.203906 0.126758
0 0.55 0.709375 0.0601563 0.0640625
0 0.361719 0.648438 0.0632813 0.192188
0 0.680469 0.13291 0.0515625 0.0740234
0 0.468066 0.695703 0.27168 0.128125
0 0.464063 0.665234 0.258594 0.188281
0 0.206641 0.341016 0.413281 0.682031
0 0.384277 0.338867 0.0486328 0.151953
0 0.762891 0.180078 0.449219 0.360156
0 0.558594 0.514453 0.529688 0.519531
0 0.832617 0.16123 0.262891 0.0884766
0 0.367578 0.685938 0.0632813 0.121094
0 0.649219 0.739062 0.545313 0.0875
0 0.592188 0.763281 0.23125 0.071875
0 0.596484 0.615234 0.0390625 0.0476562
0 0.674219 0.113477 0.0359375 0.0527344
0 0.630859 0.113281 0.494531 0.226562
0 0.385254 0.358203 0.0669922 0.239844
0 0.651172 0.175391 0.550781 0.292969
0 0.557813 0.712109 0.06875 0.0742188
0 0.605078 0.715234 0.326562 0.124219
0 0.667578 0.29375 0.170313 0.405469
0 0.539453 0.444922 0.435937 0.657031
0 0.822656 0.166895 0.1 0.0896484
0 0.501172 0.540723 0.23125 0.404492
0 0.660937 0.220654 0.142188 0.253223
0 0.7625 0.305664 0.475 0.382422
0 0.352734 0.689063 0.0328125 0.10625
0 0.5 0.725 0.142188 0.103125
0 0.659375 0.138281 0.05625 0.0863281
0 0.564844 0.723047 0.102344 0.103125
0 0.684375 0.14873 0.0859375 0.100586
0 0.359766 0.487109 0.114844 0.507031
0 0.776367 0.155273 0.334766 0.0871094
0 0.557031 0.738281 0.117188 0.1625
0 0.642188 0.765625 0.279687 0.065625
0 0.523438 0.460547 0.38125 0.447656
0 0.697656 0.143945 0.078125 0.0882813
0 0.932031 0.0633789 0.135937 0.0828125
0 0.379297 0.467871 0.160938 0.414258
0 0.532422 0.328711 0.369531 0.412891
0 0.0641113 0.842188 0.128223 0.078125
0 0.375781 0.379297 0.0585938 0.275
0 0.12168 0.492578 0.243359 0.730469
0 0.0456543 0.795313 0.0913086 0.103125
0 0.946094 0.0557617 0.107813 0.0794922
0 0.680859 0.161621 0.0625 0.130664
0 0.0804199 0.620703 0.16084 0.449219
0 0.530859 0.784375 0.491406 0.43125
0 0.865625 0.0670898 0.214062 0.0767578
0 0.047998 0.140039 0.0959961 0.078125
0 0.0243652 0.699219 0.0487305 0.33125
0 0.0476685 0.811719 0.0937256 0.078125
0 0.0322266 0.833594 0.0644531 0.1
0 0.864062 0.188672 0.210938 0.144922
0 0.040332 0.764844 0.0806641 0.221875
0 0.794141 0.642871 0.411719 0.606445
0 0.596191 0.7875 0.529492 0.425
0 0.714844 0.11582 0.164062 0.110937
0 0.0358398 0.839844 0.0716797 0.104688
0 0.688281 0.138281 0.065625 0.0867188
0 0.397754 0.341797 0.0904297 0.182031
0 0.559375 0.665625 0.1125 0.173438
0 0.353125 0.714063 0.0339844 0.0515625
0 0.741016 0.0902588 0.175781 0.0589355
0 0.208203 0.645312 0.416406 0.509375
0 0.829688 0.160352 0.09375 0.0691406
0 0.851562 0.170703 0.075 0.090625
0 0.546094 0.725 0.103125 0.121875
0 0.0927734 0.0813477 0.114844 0.0560547
0 0.590625 0.619531 0.0421875 0.0570313
0 0.770312 0.136328 0.271875 0.0726563
0 0.641797 0.14248 0.228906 0.0849609
0 0.355469 0.234766 0.127344 0.408594
0 0.0449219 0.148804 0.0898438 0.157471
0 0.528906 0.691016 0.0953125 0.114844
0 0.177148 0.138086 0.334375 0.0761719
0 0.0171875 0.668359 0.034375 0.325781
0 0.182031 0.142383 0.203516 0.0730469
0 0.501563 0.725781 0.136719 0.059375
0 0.595313 0.608203 0.03125 0.0492188
0 0.394434 0.233594 0.136133 0.467187
0 0.503906 0.668359 0.226562 0.186719
0 0.594531 0.602734 0.0421875 0.059375
0 0.699219 0.361719 0.4125 0.364063
0 0.590625 0.639844 0.0484375 0.1
0 0.289844 0.790625 0.525 0.41875
0 0.851562 0.163281 0.059375 0.0683594
0 0.557813 0.830859 0.5375 0.338281
0 0.581641 0.639063 0.0554687 0.104688
0 0.570703 0.814063 0.120313 0.0546875
0 0.653906 0.546094 0.498437 0.36875
0 0.0488281 0.597656 0.0964844 0.14375
0 0.453223 0.342578 0.25918 0.592969
0 0.415234 0.688672 0.163281 0.185156
0 0.770703 0.0863525 0.167969 0.0558105
0 0.846875 0.185742 0.090625 0.122656
0 0.603125 0.614453 0.0578125 0.0523438
0 0.473047 0.730469 0.103906 0.0578125
0 0.0944336 0.303516 0.0248047 0.0453125
0 0.396484 0.677734 0.136719 0.149219
0 0.37666 0.615625 0.120117 0.26875
0 0.860938 0.291406 0.278125 0.379688
0 0.0326416 0.542285 0.0652832 0.49668
0 0.688672 0.760547 0.233594 0.0789063
0 0.0416992 0.631641 0.0833984 0.117969
0 0.048877 0.0799072 0.0977539 0.0858887
0 0.357031 0.677734 0.04375 0.124219
0 0.589844 0.623438 0.0453125 0.0765625
0 0.0290894 0.585938 0.0576416 0.101562
0 0.70625 0.151367 0.0984375 0.106641
0 0.0710938 0.0826172 0.111328 0.0525391
0 0.818555 0.870313 0.362891 0.259375
0 0.579688 0.653906 0.0640625 0.129688
0 0.510156 0.727734 0.075 0.053125
0 0.430078 0.685547 0.283594 0.138281
0 0.814844 0.184766 0.104688 0.133984
0 0.814258 0.248047 0.224609 0.279687
0 0.571484 0.828906 0.119531 0.059375
0 0.667969 0.848828 0.473438 0.302344
0 0.0443848 0.582031 0.0854492 0.110937
0 0.939844 0.0487183 0.065625 0.0633057
0 0.644922 0.74375 0.344531 0.0703125
0 0.410059 0.276758 0.126758 0.451172
0 0.669922 0.160547 0.0617188 0.128906
0 0.0993164 0.899219 0.198633 0.201563
0 0.0215576 0.0990234 0.0431152 0.198047
0 0.0426758 0.0963867 0.0853516 0.170117
0 0.0237793 0.592578 0.0475586 0.458594
0 0.0442871 0.6 0.0874023 0.0953125
0 0.0511719 0.628125 0.102344 0.109375
0 0.032666 0.621875 0.065332 0.0976562
0 0.0229004 0.50791 0.0458008 0.449805
0 0.161426 0.0511719 0.120898 0.0669922
0 0.766797 0.853711 0.466406 0.292578
0 0.807813 0.085376 0.142188 0.0565918
0 0.220703 0.726953 0.441406 0.546094
0 0.651563 0.839063 0.382812 0.075
0 0.878125 0.137109 0.2 0.108594
0 0.684375 0.227344 0.115625 0.264062
0 0.414453 0.461328 0.217969 0.439063
0 0.539453 0.745313 0.114063 0.165625
0 0.0442871 0.615625 0.0860352 0.0828125
0 0.817187 0.15332 0.0953125 0.0679687
0 0.36875 0.361328 0.0875 0.24375
0 0.847656 0.150781 0.207813 0.104297
0 0.774609 0.239453 0.271094 0.291406
0 0.79375 0.143848 0.046875 0.0544922
0 0.471094 0.705078 0.275 0.528906
0 0.121899 0.0828125 0.11167 0.0564453
0 0.511328 0.355859 0.349219 0.536719
0 0.054834 0.559375 0.109668 0.559375
0 0.945312 0.0472168 0.0625 0.0513672
0 0.867188 0.178174 0.05 0.0569336
0 0.0291016 0.598437 0.0496094 0.110937
0 0.361328 0.673438 0.0585938 0.139063
0 0.828125 0.0804688 0.165625 0.0589844
0 0.453516 0.453125 0.2875 0.350781
0 0.397656 0.517969 0.403125 0.457031
0 0.0565918 0.70625 0.113184 0.475
0 0.577344 0.663672 0.078125 0.161719
0 0.701563 0.171094 0.103125 0.148828
0 0.740625 0.164941 0.171875 0.129102
0 0.592969 0.829688 0.10625 0.0578125
0 0.792969 0.501172 0.414062 0.574219
0 0.0488281 0.0449219 0.0976562 0.08125
0 0.200195 0.169727 0.135156 0.0835937
0 0.133594 0.64375 0.267188 0.503125
0 0.217773 0.136816 0.138281 0.0705078
0 0.5 0.39375 0.028125 0.04375
0 0.338867 0.253906 0.174609 0.445312
0 0.710156 0.289062 0.254688 0.446875
0 0.818555 0.151758 0.362891 0.294922
0 0.653906 0.152734 0.121094 0.108203
0 0.577734 0.744141 0.06875 0.0726563
0 0.136816 0.0493164 0.131445 0.0693359
0 0.522656 0.721484 0.09375 0.0617188
0 0.578516 0.761719 0.0671875 0.0765625
0 0.0833496 0.707422 0.166699 0.378906
0 0.0450195 0.158691 0.0900391 0.0912109
0 0.248047 0.0535156 0.110156 0.0630859
0 0.274219 0.0515625 0.121094 0.0662109
0 0.485156 0.130176 0.492188 0.260352
0 0.0194824 0.131055 0.0389648 0.251563
0 0.0347656 0.621094 0.0695313 0.4
0 0.620313 0.832812 0.151562 0.0625
0 0.59209 0.741406 0.506445 0.4625
0 0.204102 0.0546875 0.160547 0.0628906
0 0.400391 0.829688 0.553125 0.340625
0 0.141895 0.311133 0.283789 0.558984
0 0.0725586 0.775 0.145117 0.45
0 0.657031 0.834375 0.560938 0.33125
0 0.547656 0.830469 0.128125 0.0625
0 0.215625 0.784766 0.43125 0.430469
0 0.360547 0.648438 0.0570313 0.139063
0 0.382422 0.553906 0.133594 0.390625
0 0.118164 0.205078 0.236328 0.386719
0 0.421875 0.627344 0.276563 0.245312
0 0.679688 0.6625 0.371875 0.320312
0 0.680469 0.120508 0.0484375 0.06875
0 0.789062 0.142969 0.0328125 0.0550781
0 0.538281 0.814063 0.120313 0.053125
0 0.280859 0.0805664 0.0898438 0.05
0 0.0351562 0.831445 0.0703125 0.146484
0 0.0870605 0.553125 0.174121 0.603125
0 0.832031 0.148242 0.0609375 0.0546875
0 0.862109 0.486328 0.275781 0.646094
0 0.49834 0.890625 0.425195 0.075
0 0.0912109 0.304492 0.0376953 0.0515625
0 0.0399414 0.558594 0.0787109 0.0898438
0 0.216016 0.959375 0.0632813 0.021875
0 0.842188 0.15498 0.034375 0.0486328
0 0.842188 0.148047 0.04375 0.0527344
0 0.425391 0.603906 0.213281 0.29375
0 0.172461 0.0538086 0.173438 0.0650391
0 0.473535 0.333398 0.238867 0.419141
0 0.4875 0.715625 0.135937 0.078125
0 0.291016 0.0855469 0.0816406 0.0271484
0 0.768359 0.646484 0.463281 0.336719
0 0.291406 0.059375 0.0625 0.0285156
0 0.563672 0.558594 0.159375 0.367969
0 0.496973 0.889063 0.24668 0.075
0 0.15332 0.0848633 0.0800781 0.0302734
0 0.0949463 0.133594 0.0897949 0.0679687
0 0.441406 0.0790039 0.0890625 0.0539063
0 0.741016 0.258203 0.296094 0.367969
0 0.213281 0.468359 0.426563 0.585156
0 0.655859 0.127539 0.0648438 0.0769531
0 0.528516 0.738281 0.100781 0.120313
0 0.281055 0.0598633 0.0628906 0.0289063
0 0.468848 0.506641 0.285742 0.484375
0 0.457129 0.731641 0.288867 0.408594
0 0.4375 0.785547 0.348438 0.428906
0 0.521973 0.513672 0.401367 0.480469
0 0.35 0.795898 0.516406 0.408203
0 0.382031 0.344141 0.034375 0.153125
0 0.461328 0.591406 0.289062 0.378125
0 0.328711 0.73125 0.555078 0.5375
0 0.384375 0.34707 0.0484375 0.168359
0 0.0308105 0.826563 0.0401367 0.040625
0 0.201953 0.276367 0.403906 0.511328
0 0.380469 0.363867 0.034375 0.217578
0 0.592969 0.6125 0.025 0.040625
0 0.0296387 0.824219 0.0583008 0.0578125
0 0.382812 0.323438 0.034375 0.1
0 0.0237061 0.829688 0.0474121 0.046875
0 0.346875 0.541797 0.08125 0.4125
0 0.198633 0.544629 0.397266 0.537305
0 0.201563 0.366797 0.403125 0.380469
0 0.432813 0.856445 0.364844 0.287109
0 0.673438 0.120508 0.025 0.0402344
0 0.589844 0.610938 0.0320312 0.046875
0 0.0510742 0.820312 0.102148 0.08125
0 0.676562 0.118359 0.025 0.0330078
0 0.385938 0.329688 0.0390625 0.125
0 0.589844 0.607813 0.0375 0.0632813
0 0.348828 0.599219 0.0789063 0.289062
0 0.306445 0.496875 0.612891 0.434375
0 0.213281 0.371289 0.426563 0.277734
0 0.032251 0.857813 0.064502 0.1125
0 0.347852 0.458203 0.0824219 0.380469
0 0.377246 0.368945 0.0361328 0.298828
0 0.501563 0.612891 0.2125 0.282031
0 0.519922 0.710938 0.104688 0.0734375
0 0.030957 0.80293 0.0619141 0.0972656
0 0.028418 0.836719 0.0568359 0.0671875
0 0.0448242 0.802344 0.0896484 0.101562
0 0.386719 0.311719 0.0375 0.0835937
0 0.337305 0.572656 0.101953 0.351562
0 0.510938 0.694922 0.125 0.108594
0 0.332227 0.949609 0.144141 0.100781
0 0.0331299 0.832812 0.0662598 0.053125
0 0.0317871 0.845313 0.0635742 0.0875
0 0.353906 0.642578 0.06875 0.203906
0 0.507422 0.708594 0.15625 0.0828125
0 0.669531 0.127539 0.0296875 0.0480469
0 0.45791 0.692969 0.248242 0.117188
0 0.364844 0.660937 0.0695313 0.16875
0 0.586719 0.616016 0.0304688 0.0476562
0 0.389844 0.957422 0.133594 0.0851563
0 0.541406 0.710938 0.0609375 0.071875
0 0.47041 0.660937 0.243555 0.182812
0 0.0481445 0.85625 0.0962891 0.117188
0 0.357422 0.95625 0.100781 0.0875
0 0.596875 0.610547 0.0359375 0.0414063
0 0.387598 0.294922 0.0341797 0.0476562
0 0.314063 0.650781 0.615625 0.5375
0 0.332227 0.928906 0.0785156 0.0515625
0 0.351367 0.946875 0.137891 0.09375
0 0.341016 0.940625 0.110937 0.075
0 0.669141 0.121582 0.0367188 0.0498047
0 0.0355469 0.900781 0.0710938 0.198437
0 0.585156 0.607031 0.0484375 0.0703125
0 0.0277832 0.84375 0.0555664 0.1375
0 0.125 0.978125 0.0320312 0.0375
0 0.427246 0.683594 0.198633 0.13125
0 0.392188 0.333984 0.0492188 0.141406
0 0.228906 0.673828 0.457813 0.521094
0 0.0727539 0.901953 0.145508 0.196094
0 0.391406 0.661719 0.122656 0.171875
0 0.559375 0.208984 0.503125 0.417969
0 0.337109 0.486328 0.0867188 0.353906
0 0.392188 0.314258 0.046875 0.0964844
0 0.678906 0.119336 0.0328125 0.0390625
0 0.37959 0.372656 0.0517578 0.25
0 0.354297 0.477344 0.0867188 0.472656
0 0.584766 0.616406 0.0445313 0.0578125
0 0.374219 0.337109 0.06875 0.141406
0 0.582422 0.594922 0.0554687 0.0945313
0 0.601562 0.610938 0.0421875 0.0484375
0 0.351367 0.945312 0.0816406 0.071875
0 0.0567383 0.835938 0.113477 0.059375
0 0.324219 0.597656 0.134375 0.292188
0 0.316211 0.935156 0.194922 0.129688
0 0.0629395 0.828125 0.125879 0.071875
0 0.318359 0.846484 0.583594 0.307031
0 0.302539 0.946484 0.196484 0.107031
0 0.00559082 0.487891 0.0111816 0.366406
0 0.0822266 0.854688 0.164453 0.125
0 0.207813 0.212305 0.415625 0.424609
0 0.770312 0.192969 0.459375 0.385938
0 0.492188 0.717188 0.167187 0.0671875
0 0.326562 0.927344 0.130469 0.075
0 0.00563965 0.554688 0.0112793 0.369531
0 0.316406 0.911719 0.136719 0.0828125
0 0.412891 0.824219 0.282031 0.346875
0 0.0274414 0.766406 0.0548828 0.325
0 0.318555 0.922656 0.103906 0.0609375
0 0.00578613 0.402734 0.0115723 0.371094
0 0.207031 0.272656 0.414062 0.403906
0 0.832617 0.300195 0.334766 0.427734
0 0.0646484 0.848437 0.129297 0.075
0 0.314648 0.174609 0.547266 0.349219
0 0.341016 0.932813 0.155469 0.10625
0 0.00629883 0.647656 0.0125977 0.401563
0 0.31875 0.420703 0.179688 0.313281
0 0.382812 0.309961 0.0523438 0.0988281
0 0.390625 0.34707 0.0796875 0.173828
0 0.0982422 0.84082 0.196484 0.133984
0 0.148242 0.978125 0.0878906 0.04375
0 0.824219 0.854492 0.351562 0.291016
0 0.51416 0.167383 0.560742 0.334766
0 0.672266 0.133984 0.0390625 0.0701172
0 0.554688 0.710156 0.0421875 0.065625
0 0.370898 0.94375 0.161328 0.104688
0 0.382129 0.546973 0.148242 0.398242
0 0.482715 0.530859 0.245508 0.385156
0 0.019751 0.897656 0.039502 0.204688
0 0.0658203 0.810156 0.131641 0.10625
0 0.387891 0.358203 0.0625 0.203125
0 0.405859 0.311719 0.0890625 0.0914062
0 0.280078 0.91875 0.2625 0.1625
0 0.672656 0.113086 0.0328125 0.0527344
0 0.660156 0.133398 0.0539063 0.0726563
0 0.304688 0.278516 0.5375 0.409375
0 0.701953 0.185156 0.532031 0.370313
0 0.667188 0.12793 0.0414063 0.0507812
0 0.375391 0.953906 0.19375 0.0921875
0 0.395703 0.370313 0.586719 0.559375
0 0.513281 0.817187 0.539062 0.365625
0 0.678906 0.124609 0.0359375 0.0558594
0 0.466797 0.716016 0.171875 0.0742188
0 0.314063 0.392285 0.551562 0.245117
0 0.244141 0.198047 0.488281 0.396094
0 0.140625 0.905469 0.28125 0.189063
0 0.425684 0.70625 0.331445 0.096875
0 0.349805 0.941797 0.203516 0.116406
0 0.403125 0.173047 0.5625 0.346094
0 0.122266 0.977344 0.0503906 0.0453125
0 0.561719 0.623438 0.096875 0.0757812
0 0.745313 0.290234 0.509375 0.580469
0 0.667188 0.155371 0.0625 0.111914
0 0.404297 0.966797 0.114844 0.0664062
0 0.404687 0.949219 0.167969 0.101562
0 0.269336 0.944531 0.277734 0.110937
0 0.848047 0.2125 0.303906 0.425
0 0.119824 0.979688 0.0337891 0.040625
0 0.525098 0.428516 0.374805 0.349219
0 0.607031 0.609375 0.0734375 0.06875
0 0.368359 0.905469 0.227344 0.189063
0 0.920313 0.0501465 0.053125 0.0692383
0 0.674219 0.127539 0.0359375 0.0519531
0 0.824023 0.405859 0.351953 0.488281
0 0.677344 0.135742 0.0492188 0.0808594
0 0.374219 0.348047 0.0546875 0.177344
0 0.435156 0.886328 0.413281 0.227344
0 0.375 0.299805 0.059375 0.124609
0 0.617871 0.265234 0.539258 0.530469
0 0.307422 0.898438 0.145313 0.1
0 0.0967773 0.875 0.193555 0.146875
0 0.348438 0.417578 0.107031 0.301563
0 0.559766 0.607422 0.102344 0.0945313
0 0.0645996 0.857813 0.0981445 0.0953125
0 0.00578613 0.320361 0.0115723 0.387402
0 0.516406 0.659766 0.189844 0.186719
0 0.835938 0.151172 0.028125 0.0435547
0 0.536719 0.705859 0.0789063 0.0804688
0 0.354297 0.344922 0.105469 0.176563
0 0.811719 0.150781 0.0828125 0.0488281
0 0.595313 0.599219 0.0515625 0.08125
0 0.333203 0.915625 0.166406 0.1
0 0.418359 0.653906 0.196094 0.19375
0 0.703906 0.156934 0.09375 0.111133
0 0.352344 0.933594 0.157813 0.132812
0 0.782031 0.142285 0.0265625 0.0476562
0 0.462109 0.838086 0.255469 0.323828
0 0.0953125 0.901953 0.190625 0.196094
0 0.392969 0.973437 0.0765625 0.053125
0 0.2125 0.369336 0.425 0.733203
0 0.0356689 0.664844 0.0713379 0.395313
0 0.308984 0.910156 0.116406 0.0640625
0 0.79707 0.7625 0.405859 0.475
0 0.00762939 0.889063 0.0152588 0.221875
0 0.642188 0.15166 0.107813 0.10918
0 0.423047 0.604688 0.271094 0.290625
0 0.589063 0.621094 0.0359375 0.071875
0 0.503516 0.622656 0.458594 0.326562
0 0.0855225 0.851562 0.148486 0.0875
0 0.301563 0.539062 0.176563 0.370313
0 0.62334 0.18584 0.562695 0.37168
0 0.399219 0.582031 0.184375 0.330469
0 0.698047 0.139063 0.0835937 0.0921875
0 0.574219 0.591406 0.075 0.107813
0 0.0273438 0.785937 0.0546875 0.1375
0 0.461719 0.732422 0.115625 0.046875
0 0.0312988 0.500391 0.0625977 0.475
0 0.366406 0.488965 0.119531 0.429883
0 0.246533 0.939844 0.385059 0.120313
0 0.824023 0.556152 0.351953 0.437695
0 0.823828 0.810547 0.352344 0.378906
0 0.0807617 0.839063 0.157227 0.075
0 0.504297 0.708594 0.488281 0.25
0 0.0303711 0.588672 0.0607422 0.511719
0 0.0108765 0.716406 0.0217529 0.375
0 0.917969 0.0534668 0.0265625 0.059082
0 0.370117 0.843945 0.244141 0.312109
0 0.584766 0.858594 0.571094 0.282813
0 0.375781 0.325 0.0539063 0.121094
0 0.538672 0.685938 0.149219 0.248438
0 0.823828 0.154102 0.352344 0.294141
0 0.15791 0.974219 0.116602 0.0515625
0 0.774219 0.453516 0.451562 0.564844
0 0.796875 0.366797 0.40625 0.613281
0 0.914062 0.0535034 0.0375 0.0674072
0 0.544531 0.714063 0.103125 0.096875
0 0.186719 0.298047 0.373437 0.596094
0 0.824023 0.63125 0.351953 0.409375
0 0.655469 0.175391 0.1375 0.151562
0 0.0231201 0.853125 0.0462402 0.109375
0 0.413965 0.617188 0.201758 0.264062
0 0.446094 0.330078 0.559375 0.425
0 0.473438 0.728125 0.203125 0.0515625
0 0.79668 0.614062 0.406641 0.559375
0 0.7875 0.144531 0.0421875 0.053125
0 0.848437 0.163477 0.05 0.0589844
0 0.0454102 0.810156 0.0908203 0.246875
0 0.0984375 0.802344 0.196875 0.214062
0 0.00549316 0.240967 0.0109863 0.307129
0 0.203906 0.957812 0.380469 0.084375
0 0.9125 0.0489258 0.090625 0.0710938
0 0.338086 0.335156 0.131641 0.195312
0 0.139746 0.969531 0.0748047 0.0609375
0 0.730469 0.798828 0.526563 0.402344
0 0.559375 0.693359 0.104688 0.228906
0 0.238672 0.975781 0.477344 0.0484375
0 0.264453 0.929688 0.127734 0.06875
0 0.0919922 0.307227 0.0236328 0.0339844
0 0.383203 0.973437 0.0492188 0.053125
0 0.824609 0.701953 0.350781 0.361719
0 0.0518555 0.785937 0.103711 0.126563
0 0.125195 0.974219 0.0691406 0.0515625
0 0.35293 0.690625 0.0375 0.114063
0 0.023877 0.817187 0.0477539 0.139063
0 0.839063 0.153027 0.046875 0.0474609
0 0.345703 0.754687 0.203125 0.384375
0 0.521094 0.897656 0.598437 0.204688
0 0.89375 0.202734 0.040625 0.0515625
0 0.885938 0.200781 0.0421875 0.0492188
0 0.223047 0.158594 0.446094 0.317188
0 0.785742 0.146484 0.0347656 0.0421875
0 0.704297 0.174414 0.102344 0.148828
0 0.0315674 0.388281 0.0631348 0.53125
0 0.408594 0.948828 0.270313 0.102344
0 0.0390625 0.721875 0.078125 0.4
0 0.550781 0.733594 0.121875 0.135937
0 0.699219 0.156543 0.514063 0.313086
0 0.00539551 0.164844 0.010791 0.303125
0 0.351367 0.805469 0.233984 0.382812
0 0.582031 0.286768 0.45625 0.36709
0 0.828906 0.174609 0.135937 0.112891
0 0.0656738 0.336719 0.084668 0.0664062
0 0.184814 0.00490723 0.220996 0.00981445
0 0.834375 0.147461 0.040625 0.0501953
0 0.542188 0.751172 0.190625 0.103906
0 0.530469 0.7125 0.0664062 0.0625
0 0.407129 0.329297 0.0919922 0.145313
0 0.664453 0.112598 0.0523438 0.0572266
0 0.845313 0.161328 0.075 0.06875
0 0.416504 0.976172 0.13418 0.0476562
0 0.0878906 0.308203 0.0285156 0.0457031
0 0.369336 0.9625 0.0621094 0.071875
0 0.38584 0.784375 0.242383 0.390625
0 0.152246 0.958984 0.104102 0.0820312
0 0.353516 0.704688 0.0414063 0.0859375
0 0.564063 0.76875 0.09375 0.065625
0 0.55625 0.712109 0.071875 0.0757812
0 0.0682129 0.882812 0.0424805 0.040625
0 0.360547 0.676562 0.0570313 0.141406
0 0.30625 0.480566 0.179688 0.373242
0 0.403125 0.509375 0.191406 0.467187
0 0.31875 0.945312 0.110937 0.1
0 0.298047 0.603906 0.189844 0.285938
0 0.0745605 0.327148 0.0731445 0.0667969
0 0.105078 0.00526123 0.210156 0.0105225
0 0.383594 0.29082 0.0460938 0.0597656
0 0.846875 0.155469 0.05625 0.0527344
0 0.603125 0.194336 0.021875 0.0332031
0 0.667578 0.260352 0.547656 0.452734
0 0.329688 0.293799 0.146875 0.26709
0 0.0789063 0.824219 0.157813 0.0828125
0 0.630469 0.172949 0.13125 0.150586
0 0.0492676 0.889063 0.0985352 0.053125
0 0.878125 0.190967 0.04375 0.0493164
0 0.303906 0.914062 0.0933594 0.053125
0 0.741016 0.160547 0.0226563 0.040625
0 0.127832 0.980469 0.0482422 0.0390625
0 0.640234 0.138477 0.0960938 0.0804688
0 0.892188 0.192188 0.06875 0.0683594
0 0.392578 0.977344 0.0617188 0.0453125
0 0.0533691 0.840625 0.106738 0.31875
0 0.458496 0.514063 0.298633 0.525
0 0.760156 0.17207 0.220313 0.157031
0 0.461328 0.757031 0.296094 0.4625
0 0.676562 0.113477 0.0203125 0.0351562
0 0.460547 0.730078 0.285156 0.322656
0 0.675391 0.115723 0.0273438 0.0376953
0 0.0321167 0.822656 0.0488525 0.0421875
0 0.670313 0.134375 0.0382813 0.0769531
0 0.819531 0.138281 0.35 0.276563
0 0.668359 0.146484 0.0453125 0.108594
0 0.670703 0.125 0.0328125 0.0558594
0 0.555859 0.514941 0.472656 0.523242
0 0.722656 0.145703 0.151562 0.104688
0 0.0286621 0.825781 0.0573242 0.0515625
0 0.64375 0.150586 0.0914062 0.115234
0 0.405469 0.512598 0.177344 0.507617
0 0.383203 0.322656 0.0546875 0.110937
0 0.81582 0.173926 0.337109 0.183789
0 0.762109 0.129712 0.219531 0.147217
0 0.667578 0.124121 0.0414063 0.0751953
0 0.84375 0.153223 0.05 0.0572266
0 0.740625 0.154102 0.175 0.120703
0 0.673438 0.109961 0.0375 0.0519531
0 0.896875 0.166602 0.165625 0.0941406
0 0.678906 0.119336 0.0367188 0.05
0 0.84375 0.166406 0.0890625 0.0921875
0 0.0354736 0.667188 0.0709473 0.378125
0 0.59375 0.608594 0.025 0.0382813
0 0.47334 0.667969 0.276758 0.176563
0 0.614941 0.508594 0.620117 0.573438
0 0.304688 0.510156 0.609375 0.510938
0 0.678906 0.124219 0.040625 0.0707031
0 0.663281 0.136914 0.0515625 0.0835937
0 0.695312 0.182617 0.109375 0.173828
0 0.850781 0.161426 0.05625 0.0763672
0 0.030127 0.828906 0.0602539 0.0625
0 0.85 0.158887 0.046875 0.0626953
0 0.0383911 0.81875 0.0700928 0.075
0 0.832812 0.152637 0.065625 0.0607422
0 0.59375 0.611719 0.0335938 0.0515625
0 0.729297 0.124512 0.160156 0.065625
0 0.303516 0.773047 0.607031 0.453906
0 0.0316162 0.842188 0.0632324 0.0890625
0 0.910547 0.177539 0.178906 0.123047
0 0.669531 0.15791 0.0625 0.130664
0 0.0315918 0.772656 0.0631836 0.390625
0 0.202734 0.529004 0.405469 0.50918
0 0.589063 0.615625 0.040625 0.059375
0 0.626563 0.156055 0.125 0.125391
0 0.792188 0.171777 0.176563 0.106055
0 0.910937 0.176758 0.178125 0.344141
0 0.596094 0.156836 0.16875 0.136328
0 0.586719 0.633594 0.053125 0.101562
0 0.0321777 0.835938 0.0643555 0.0875
0 0.0202393 0.691406 0.0404785 0.354688
0 0.889844 0.23042 0.175 0.216504
0 0.676562 0.142676 0.05625 0.0982422
0 0.00889893 0.659375 0.0177979 0.390625
0 0.830469 0.225977 0.175 0.211328
0 0.808594 0.21543 0.320312 0.263672
0 0.748828 0.138281 0.194531 0.090625
0 0.0300781 0.775 0.0601563 0.157813
0 0.81875 0.149316 0.078125 0.0634766
0 0.839063 0.264404 0.189063 0.280566
0 0.376563 0.337109 0.05 0.16875
0 0.50625 0.477344 0.36875 0.574219
0 0.659375 0.123047 0.0578125 0.0808594
0 0.860938 0.167187 0.078125 0.0734375
0 0.0333496 0.900391 0.0666992 0.199219
0 0.658203 0.188672 0.124219 0.187109
0 0.602344 0.130566 0.179688 0.180273
0 0.469922 0.694922 0.274219 0.133594
0 0.80293 0.204248 0.166016 0.175098
0 0.671094 0.107715 0.0539063 0.0740234
0 0.991406 0.844727 0.0171875 0.310547
0 0.855469 0.170313 0.0734375 0.101953
0 0.582031 0.620313 0.053125 0.0703125
0 0.854688 0.376172 0.021875 0.0375
0 0.857813 0.166016 0.0421875 0.0621094
0 0.575781 0.637891 0.0671875 0.110156
0 0.738281 0.188477 0.175 0.189453
0 0.834375 0.160547 0.0734375 0.0855469
0 0.857813 0.167187 0.053125 0.0871094
0 0.0322022 0.720703 0.0644043 0.253906
0 0.909766 0.130859 0.180469 0.252344
0 0.753125 0.198779 0.24375 0.218848
0 0.714063 0.131079 0.134375 0.151904
0 0.596875 0.620313 0.0546875 0.0765625
0 0.814063 0.187305 0.371875 0.256641
0 0.7 0.14541 0.0921875 0.106055
0 0.80918 0.239648 0.153516 0.236328
0 0.307031 0.692969 0.614062 0.614062
0 0.947266 0.116504 0.105469 0.197852
0 0.607031 0.108203 0.178125 0.216406
0 0.976562 0.835938 0.046875 0.328125
0 0.689844 0.133008 0.0609375 0.0779297
0 0.0302246 0.805469 0.0604492 0.0859375
0 0.437109 0.614453 0.346094 0.644531
0 0.0337891 0.787695 0.0675781 0.118359
0 0.389844 0.320312 0.0640625 0.128906
0 0.366797 0.811914 0.472656 0.376172
0 0.0310059 0.623828 0.0620117 0.125781
0 0.871094 0.173926 0.195312 0.11543
0 0.872656 0.168945 0.0625 0.0769531
0 0.742578 0.5 0.0226563 0.040625
0 0.660547 0.216602 0.142188 0.251953
0 0.34375 0.348438 0.6875 0.696875
0 0.0678223 0.0607422 0.0223633 0.0351562
0 0.911719 0.213281 0.176563 0.199609
0 0.901563 0.145313 0.19375 0.163281
0 0.680469 0.150293 0.0703125 0.104492
0 0.651172 0.135742 0.0726563 0.0832031
0 0.108496 0.829688 0.216992 0.123438
0 0.019458 0.623438 0.038916 0.142969
0 0.0428589 0.808594 0.0769775 0.0890625
0 0.648438 0.146484 0.1 0.184766
0 0.774609 0.161719 0.207031 0.0855469
0 0.105664 0.853906 0.211328 0.125
0 0.573047 0.110352 0.251563 0.220703
0 0.341016 0.320312 0.682031 0.61875
0 0.751563 0.504297 0.04375 0.0445313
0 0.896094 0.110327 0.185938 0.191064
0 0.374902 0.357812 0.0720703 0.207813
0 0.810938 0.15293 0.084375 0.0820312
0 0.358203 0.455371 0.08125 0.386133
0 0.00957031 0.682031 0.0191406 0.127344
0 0.91875 0.100781 0.1625 0.167969
0 0.006604 0.5875 0.013208 0.375
0 0.821875 0.161621 0.08125 0.0916016
0 0.884375 0.182861 0.0890625 0.0717773
0 0.661328 0.483203 0.663281 0.802344
0 0.432813 0.305859 0.675781 0.552344
0 0.100391 0.810156 0.200781 0.13125
0 0.758594 0.120508 0.440625 0.241016
0 0.652344 0.111694 0.0710938 0.106299
0 0.0884766 0.846875 0.176953 0.1
0 0.0694824 0.748438 0.138965 0.503125
0 0.85625 0.369531 0.028125 0.0484375
0 0.903125 0.19917 0.040625 0.0500977
0 0.854688 0.376563 0.034375 0.046875
0 0.477734 0.340234 0.414844 0.542188
0 0.708594 0.168555 0.090625 0.108984
0 0.0108643 0.648438 0.0217285 0.152344
0 0.0193604 0.646484 0.0387207 0.151562
0 0.744922 0.495313 0.0320312 0.0453125
0 0.94375 0.0592651 0.078125 0.0883057
0 0.954688 0.0420776 0.046875 0.0564697
0 0.0731445 0.828125 0.146289 0.084375
0 0.775781 0.91875 0.448438 0.1625
0 0.376563 0.375684 0.046875 0.226758
0 0.0597656 0.901563 0.119531 0.196875
0 0.945312 0.158594 0.109375 0.313672
0 0.593359 0.603906 0.046875 0.059375
0 0.876563 0.258984 0.1375 0.274219
0 0.406641 0.703125 0.150781 0.090625
0 0.886719 0.195312 0.08125 0.0726563
0 0.626563 0.149023 0.135937 0.200391
0 0.042041 0.815625 0.084082 0.078125
0 0.356055 0.349414 0.0871094 0.161328
0 0.018457 0.678906 0.0369141 0.1375
0 0.0651367 0.700781 0.130273 0.289062
0 0.896875 0.193311 0.075 0.0602539
0 0.700781 0.18125 0.273438 0.201563
0 0.345313 0.53916 0.084375 0.43418
0 0.750781 0.499219 0.0382813 0.0421875
0 0.621484 0.189648 0.130469 0.195312
0 0.129883 0.867188 0.259766 0.1625
0 0.947656 0.883203 0.104688 0.233594
0 0.0476074 0.823438 0.0758789 0.075
0 0.713281 0.154395 0.0921875 0.0810547
0 0.992578 0.908594 0.0148437 0.182812
0 0.395703 0.967188 0.0851563 0.0625
0 0.90625 0.195703 0.025 0.034375
0 0.38125 0.959375 0.084375 0.08125
0 0.5875 0.169336 0.191406 0.179297
0 0.00424805 0.664844 0.00849609 0.159375
0 0.0869629 0.896875 0.173926 0.196875
0 0.748828 0.49375 0.0460938 0.059375
0 0.0687012 0.0562012 0.0266602 0.0420898
0 0.729688 0.169629 0.0515625 0.0755859
0 0.573047 0.626563 0.0757812 0.0796875
0 0.416504 0.333789 0.13418 0.141016
0 0.465234 0.133374 0.421875 0.193018
0 0.960938 0.0388794 0.034375 0.0466553
0 0.690625 0.122852 0.0703125 0.0699219
0 0.00678711 0.695312 0.0135742 0.140625
0 0.00554199 0.617578 0.011084 0.192188
0 0.907813 0.196875 0.034375 0.0414063
0 0.353125 0.461719 0.0867188 0.534375
0 0.361328 0.571484 0.114844 0.349219
0 0.738281 0.15957 0.0328125 0.0496094
0 0.598437 0.612109 0.065625 0.075
0 0.969531 0.896875 0.0609375 0.20625
0 0.38291 0.96875 0.0576172 0.059375
0 0.758594 0.0791992 0.214062 0.158398
0 0.0296875 0.591797 0.059375 0.460156
0 0.370703 0.406152 0.0585938 0.287695
0 0.374219 0.964063 0.05625 0.065625
0 0.742969 0.166602 0.025 0.0617188
0 0.753906 0.186914 0.034375 0.0597656
0 0.0335449 0.642578 0.0670898 0.139844
0 0.639063 0.121484 0.096875 0.0800781
0 0.0250244 0.615625 0.0500488 0.1
0 0.396777 0.350977 0.0908203 0.196484
0 0.859375 0.123462 0.209375 0.18042
0 0.426172 0.697656 0.194531 0.104688
0 0.555469 0.694141 0.110937 0.222656
0 0.994531 0.816406 0.0109375 0.365625
0 0.405859 0.395703 0.195312 0.314844
0 0.366016 0.948438 0.0929688 0.090625
0 0.0177246 0.6 0.0354492 0.142969
0 0.917969 0.0567383 0.025 0.0472656
0 0.193945 0.383203 0.387891 0.5125
0 0.383594 0.305078 0.0453125 0.078125
0 0.815039 0.26543 0.369922 0.342578
0 0.754687 0.509766 0.0375 0.0445313
0 0.37666 0.515234 0.123242 0.505469
0 0.920313 0.0539063 0.03125 0.0544922
0 0.0432617 0.625781 0.0865234 0.1125
0 0.702344 0.270264 0.151562 0.338379
0 0.313672 0.954688 0.25625 0.090625
0 0.819531 0.285156 0.165625 0.330469
0 0.00632324 0.354492 0.0126465 0.384766
0 0.570312 0.144531 0.21875 0.16875
0 0.0463867 0.751172 0.0927734 0.192969
0 0.127344 0.815625 0.254688 0.160938
0 0.927344 0.91875 0.145313 0.1625
0 0.669922 0.260547 0.169531 0.322656
0 0.462891 0.104883 0.433594 0.209766
0 0.860156 0.277344 0.129688 0.30625
0 0.524609 0.69375 0.183594 0.226562
0 0.906641 0.936328 0.186719 0.127344
0 0.729688 0.0779297 0.164062 0.155859
0 0.740234 0.163672 0.0226563 0.0472656
0 0.114063 0.901563 0.228125 0.196875
0 0.206445 0.557715 0.412891 0.661133
0 0.848633 0.921875 0.302734 0.15625
0 0.0885742 0.768359 0.177148 0.188281
0 0.293555 0.971875 0.301953 0.05625
0 0.0203857 0.0631348 0.0407715 0.12627
0 0.0543945 0.0482422 0.108789 0.0964844
0 0.649219 0.0927734 0.136719 0.185547
0 0.0371826 0.85 0.0743652 0.114063
0 0.354688 0.94375 0.084375 0.078125
0 0.760156 0.21167 0.0421875 0.0735352
0 0.353906 0.666016 0.0601563 0.164844
0 0.3125 0.948828 0.196875 0.102344
0 0.416309 0.707031 0.179883 0.264062
0 0.951563 0.217578 0.065625 0.0820312
0 0.558594 0.241211 0.371094 0.301172
0 0.857813 0.369531 0.040625 0.05625
0 0.0678223 0.0593262 0.0334961 0.050293
0 0.799219 0.15918 0.0953125 0.090625
0 0.586719 0.607422 0.0546875 0.0703125
0 0.015625 0.703906 0.03125 0.142188
0 0.380469 0.660156 0.114063 0.180469
0 0.423438 0.0368652 0.283594 0.0737305
0 0.402734 0.133203 0.557813 0.266406
0 0.705859 0.924219 0.588281 0.151562
0 0.749219 0.259766 0.195312 0.314844
0 0.749219 0.174023 0.0328125 0.0738281
0 0.784375 0.269873 0.190625 0.316504
0 0.882812 0.177734 0.0765625 0.0984375
0 0.696875 0.314453 0.025 0.0390625
0 0.775 0.0954102 0.253125 0.19082
0 0.935156 0.0495972 0.0640625 0.0644775
0 0.0381348 0.7625 0.0762695 0.134375
0 0.345313 0.934375 0.0632813 0.059375
0 0.366797 0.678906 0.0851563 0.178125
0 0.479297 0.7375 0.291406 0.20625
0 0.739844 0.163867 0.0375 0.0628906
0 0.374219 0.0358643 0.28125 0.0717285
0 0.0486816 0.77832 0.0811523 0.140234
0 0.86875 0.175977 0.065625 0.110547
0 0.953125 0.220508 0.0453125 0.0832031
0 0.362305 0.953125 0.0691406 0.0875
0 0.00548096 0.0824219 0.0109619 0.164844
0 0.997656 0.384375 0.0046875 0.272656
0 0.857813 0.35918 0.0375 0.0738281
0 0.208398 0.426563 0.391797 0.328125
0 0.7125 0.141211 0.1 0.0878906
0 0.93125 0.217969 0.078125 0.084375
0 0.570312 0.649609 0.0796875 0.133594
0 0.545313 0.704688 0.065625 0.0914062
0 0.9125 0.0972656 0.175 0.194531
0 0.991406 0.147168 0.0171875 0.294336
0 0.0706543 0.0550781 0.0432617 0.0546875
0 0.351953 0.289844 0.129688 0.3375
0 0.078418 0.679297 0.156836 0.625781
0 0.00686035 0.724219 0.0137207 0.0984375
0 0.270313 0.977734 0.384375 0.0445313
0 0.00404053 0.589844 0.00808106 0.186719
0 0.677344 0.851953 0.645312 0.296094
0 0.338281 0.951172 0.178125 0.0976562
0 0.951563 0.819922 0.096875 0.360156
0 0.339063 0.358789 0.132812 0.241016
0 0.880469 0.94375 0.239063 0.1125
0 0.126172 0.980469 0.252344 0.0390625
0 1 0.0474121 0 0.0948242
0 0.942578 0.0982422 0.114844 0.196484
0 0.46084 0.524609 0.308008 0.502344
0 0.464453 0.673828 0.308594 0.652344
0 0.673438 0.126758 0.0289063 0.0525391
0 0.50625 0.546484 0.385938 0.555469
0 0.670313 0.126367 0.0257812 0.0445313
0 0.66875 0.133008 0.0296875 0.0707031
0 0.446484 0.794141 0.335156 0.411719
0 0.433594 0.333008 0.552344 0.666016
0 0.677344 0.13623 0.04375 0.0783203
0 0.0347168 0.828125 0.0436523 0.040625
0 0.666406 0.141016 0.0554687 0.084375
0 0.361914 0.341797 0.699609 0.683594
0 0.670313 0.136719 0.040625 0.0832031
0 0.309375 0.735547 0.61875 0.528906
0 0.0316406 0.802344 0.0632813 0.10625
0 0.666797 0.125098 0.0460938 0.0585938
0 0.667969 0.11377 0.0421875 0.0558594
0 0.415625 0.84082 0.397656 0.318359
0 0.723437 0.139844 0.132812 0.0824219
0 0.515625 0.370313 0.392969 0.740625
0 0.0324707 0.774219 0.0649414 0.159375
0 0.0334106 0.829688 0.0599365 0.05
0 0.401172 0.525391 0.264062 0.496875
0 0.0381714 0.803125 0.0627197 0.0921875
0 0.769531 0.194189 0.309375 0.163184
0 0.226953 0.483594 0.453906 0.845313
0 0.593359 0.614844 0.0257812 0.0390625
0 0.170703 0.555078 0.341406 0.714844
0 0.0359131 0.753125 0.0718262 0.19375
0 0.701563 0.135742 0.121875 0.0773438
0 0.247656 0.496875 0.495313 0.80625
0 0.648438 0.143555 0.08125 0.0929688
0 0.503906 0.334375 0.383594 0.63125
0 0.611719 0.525781 0.515625 0.885938
0 0.0319824 0.797656 0.0639648 0.148438
0 0.38916 0.680859 0.462305 0.638281
0 0.0314453 0.832812 0.0628906 0.0765625
0 0.042041 0.786719 0.0745117 0.128125
0 0.664062 0.120898 0.0546875 0.071875
0 0.589063 0.622656 0.034375 0.065625
0 0.0347656 0.820312 0.0648438 0.065625
0 0.387402 0.575781 0.164258 0.354688
0 0.760156 0.158203 0.210938 0.118359
0 0.388379 0.339648 0.0654297 0.141016
0 0.361914 0.461621 0.398047 0.689258
0 0.475391 0.380371 0.3375 0.231445
0 0.842969 0.171875 0.053125 0.0738281
0 0.684766 0.14248 0.0570313 0.0958984
0 0.322656 0.557031 0.592188 0.601562
0 0.589063 0.617188 0.0359375 0.046875
0 0.733594 0.150098 0.159375 0.0998047
0 0.8375 0.164844 0.053125 0.0671875
0 0.314063 0.437402 0.628125 0.736133
0 0.515234 0.503125 0.413281 0.840625
0 0.271484 0.353906 0.542969 0.707812
0 0.748047 0.139844 0.188281 0.0835937
0 0.779688 0.150684 0.323438 0.237305
0 0.85 0.176514 0.05 0.0790039
0 0.8375 0.162891 0.040625 0.0605469
0 0.378809 0.353125 0.0673828 0.164062
0 0.85 0.176123 0.06875 0.0883789
0 0.587109 0.628125 0.0460938 0.0796875
0 0.392188 0.367578 0.113281 0.203906
0 0.639063 0.175049 0.10625 0.157715
0 0.675781 0.148145 0.0578125 0.0982422
0 0.180273 0.144824 0.05 0.0904297
0 0.655469 0.129688 0.0640625 0.0722656
0 0.648828 0.114551 0.0921875 0.187305
0 0.708594 0.185352 0.153125 0.173828
0 0.266797 0.501563 0.517188 0.5875
0 0.414941 0.369141 0.17793 0.207031
0 0.675 0.100488 0.103906 0.147656
0 0.594531 0.624219 0.0351562 0.0695313
0 0.590625 0.610156 0.034375 0.0484375
0 0.656641 0.186914 0.0664062 0.177734
0 0.0418945 0.728125 0.0837891 0.245312
0 0.333203 0.647754 0.666406 0.670117
0 0.0312012 0.84375 0.056543 0.075
0 0.378906 0.448828 0.132812 0.341406
0 0.170508 0.138086 0.0421875 0.0730469
0 0.190039 0.146289 0.0734375 0.0933594
0 0.66875 0.10625 0.0515625 0.0675781
0 0.40459 0.417969 0.181445 0.289062
0 0.63125 0.138672 0.125 0.277344
0 0.0320801 0.85625 0.0641602 0.107813
0 0.404004 0.26543 0.581055 0.530859
0 0.691406 0.149805 0.0773438 0.100781
0 0.382031 0.31543 0.0460938 0.0910156
0 0.3875 0.308398 0.0546875 0.0917969
0 0.376172 0.371875 0.0757812 0.210938
0 0.373047 0.550684 0.126563 0.37207
0 0.0635742 0.753125 0.0330078 0.0421875
0 0.0276855 0.830469 0.0553711 0.04375
0 0.692187 0.465527 0.315625 0.73457
0 0.3625 0.603516 0.139844 0.311719
0 0.337891 0.501563 0.247656 0.535937
0 0.172461 0.131641 0.0371094 0.0527344
0 0.608984 0.195654 0.686719 0.179004
0 0.8625 0.190674 0.03125 0.0444336
0 0.358789 0.428125 0.0925781 0.3125
0 0.0642578 0.775 0.0492188 0.10625
0 0.308398 0.841406 0.616797 0.317188
0 0.381641 0.338086 0.0453125 0.133203
0 0.0424927 0.8375 0.0673584 0.0703125
0 0.372461 0.880273 0.480078 0.239453
0 0.667578 0.424219 0.03125 0.0648438
0 0.607031 0.582812 0.285938 0.471875
0 0.392578 0.380469 0.148438 0.221875
0 0.420703 0.495703 0.188281 0.511719
0 0.399902 0.484375 0.176758 0.364063
0 0.376563 0.311328 0.753125 0.622656
0 0.474219 0.642188 0.2875 0.232813
0 0.569922 0.628516 0.08125 0.08125
0 0.364258 0.385547 0.0949219 0.232031
0 0.835938 0.176172 0.0875 0.113281
0 0.4375 0.576563 0.265625 0.351562
0 0.428516 0.380469 0.232813 0.225
0 0.489941 0.735938 0.324805 0.178125
0 0.830469 0.16582 0.0703125 0.0800781
0 0.414844 0.341797 0.141406 0.148438
0 0.384375 0.303516 0.0367188 0.0515625
0 0.661719 0.110742 0.0625 0.0791016
0 0.46709 0.426953 0.314258 0.328125
0 0.385938 0.307422 0.0390625 0.0703125
0 0.180908 0.134473 0.0420898 0.0632813
0 0.753906 0.214258 0.33125 0.216797
0 0.855469 0.187695 0.0453125 0.0664062
0 0.660547 0.428125 0.0515625 0.084375
0 0.620313 0.159766 0.685938 0.247656
0 0.728906 0.367188 0.23125 0.534375
0 0.414844 0.65625 0.178125 0.1875
0 0.608203 0.245264 0.669531 0.272754
0 0.397559 0.701563 0.19707 0.270313
0 0.400781 0.732813 0.303125 0.303125
0 0.202295 0.14873 0.0852539 0.100586
0 0.642188 0.131738 0.0890625 0.0810547
0 0.589844 0.610938 0.0453125 0.0546875
0 0.842188 0.190576 0.084375 0.130566
0 0.463184 0.607422 0.33457 0.280469
0 0.472656 0.356641 0.295312 0.18125
0 0.678125 0.117285 0.046875 0.0787109
0 0.4625 0.74375 0.419531 0.2125
0 0.669531 0.424219 0.0398437 0.075
0 0.0392578 0.828125 0.0785156 0.09375
0 0.701953 0.104688 0.119531 0.147656
0 0.0561523 0.771875 0.0486328 0.123438
0 0.764063 0.181299 0.2375 0.167871
0 0.482422 0.430859 0.360156 0.21875
0 0.68623 0.80918 0.627539 0.381641
0 0.20957 0.14707 0.0667969 0.0875
0 0.79668 0.185107 0.162891 0.149316
0 0.343359 0.557422 0.0890625 0.342969
0 0.420215 0.692187 0.173633 0.123438
0 0.362695 0.613672 0.191797 0.285156
0 0.542285 0.830859 0.756055 0.338281
0 0.478516 0.481641 0.353906 0.241406
0 0.468066 0.486035 0.316992 0.331055
0 0.864062 0.197461 0.028125 0.0472656
0 0.275195 0.290625 0.550391 0.58125
0 0.674219 0.211133 0.128125 0.211328
0 0.664062 0.391016 0.360938 0.571875
0 0.581641 0.639844 0.0648438 0.107813
0 0.853125 0.177539 0.084375 0.113672
0 0.557813 0.699609 0.121875 0.228906
0 0.0396973 0.757031 0.0793945 0.170313
0 0.48291 0.697656 0.329492 0.151562
0 0.566406 0.610938 0.0875 0.1
0 0.0208984 0.782813 0.0417969 0.107813
0 0.344531 0.707031 0.025 0.0664062
0 0.426953 0.722656 0.392188 0.2625
0 0.423828 0.6875 0.192188 0.214062
0 0.483496 0.775 0.389258 0.196875
0 0.453906 0.707812 0.234375 0.0921875
0 0.285156 0.915625 0.0378906 0.04375
0 0.574219 0.65 0.075 0.125
0 0.0577148 0.749219 0.0591797 0.104688
0 0.764453 0.130371 0.216406 0.119727
0 0.0654297 0.758594 0.0357422 0.059375
0 0.708594 0.15332 0.0703125 0.0820312
0 0.353125 0.359375 0.096875 0.174219
0 0.0643555 0.746094 0.0408203 0.0492188
0 0.65 0.0817871 0.114063 0.163574
0 0.822656 0.99375 0.253125 0.0125
0 0.564844 0.621094 0.115625 0.0796875
0 0.669141 0.446875 0.0304688 0.0453125
0 0.622656 0.14707 0.15 0.104297
0 0.0333496 0.900781 0.0666992 0.198437
0 0.336914 0.519922 0.0777344 0.339063
0 0.127246 0.835938 0.254492 0.107813
0 0.635547 0.99375 0.247656 0.0125
0 0.899219 0.20625 0.0328125 0.0554687
0 0.646094 0.211768 0.110937 0.215527
0 0.0373535 0 0.074707 0
0 0.278906 0.9125 0.03125 0.0375
0 0.6125 0.170508 0.176563 0.169922
0 0.255859 0.61709 0.511719 0.606445
0 0.871875 0.994141 0.25625 0.0117188
0 0.191016 0.135156 0.0605469 0.0808594
0 0.035376 0.814063 0.070752 0.267188
0 0.598437 0.7 0.146875 0.229687
0 0.81875 0.160059 0.0625 0.0697266
0 0.93125 0 0.1375 0
0 0.578906 0.614844 0.0640625 0.0875
0 0.748438 0.99375 0.245312 0.0125
0 0.188232 0.158789 0.0899414 0.109375
0 0.0426758 0.85 0.0853516 0.1
0 0.616406 0.198828 0.153125 0.208984
0 0.0378906 0.0104248 0.0757812 0.0208496
0 0.161914 0.133398 0.034375 0.0523438
0 0.0521484 0.00605469 0.104297 0.0121094
0 0.740625 0.20625 0.239063 0.203906
0 0.567969 0.749219 0.090625 0.13125
0 0.617285 0.190674 0.76543 0.351465
0 0.166992 0.131055 0.0265625 0.040625
0 0.666406 0.408984 0.034375 0.0476562
0 0.0466797 0.700781 0.0933594 0.30625
0 0.399902 0.305078 0.0767578 0.0976562
0 0.697656 0.994141 0.264062 0.0117188
0 0.382422 0.697656 0.101562 0.101562
0 0.767578 0.118652 0.219531 0.185352
0 0.593359 0.426953 0.375781 0.796094
0 0.305469 0.929688 0.116406 0.0859375
0 0.68125 0.0764648 0.126563 0.15293
0 0.607813 0.14082 0.184375 0.281641
0 0.823438 0.183398 0.114063 0.148828
0 0.696875 0.205664 0.148438 0.201172
0 0.553125 0.769141 0.123438 0.146094
0 0.828125 0.175781 0.084375 0.0914062
0 0.346289 0.646094 0.196484 0.304688
0 0.751563 0.277344 0.2875 0.346875
0 0.345313 0.723047 0.0242188 0.0445313
0 0.811719 0.221875 0.170313 0.212109
0 0.717188 0.294922 0.165625 0.383594
0 0.0343018 0.733594 0.0686035 0.246875
0 0.675781 0.150391 0.05 0.128125
0 0.457813 0.524219 0.3125 0.482031
0 0.387891 0.523047 0.205469 0.483594
0 0.463184 0.600781 0.304883 0.345313
0 0.0362793 0.828125 0.0463867 0.0375
0 0.463965 0.684375 0.308008 0.226562
0 0.466406 0.639063 0.302344 0.229687
0 0.0359375 0.825 0.0585938 0.040625
0 0.365234 0.562402 0.115625 0.37832
0 0.855859 0.823438 0.288281 0.353125
0 0.0377441 0.796094 0.0633789 0.10625
0 0.805469 0.10625 0.3 0.2125
0 0.676953 0.116309 0.0265625 0.0394531
0 0.0333984 0.805469 0.0667969 0.0765625
0 0.914062 0.825 0.171875 0.35
0 0.644141 0.634766 0.711719 0.730469
0 0.380566 0.356641 0.0544922 0.163281
0 0.594922 0.612109 0.0273438 0.0414063
0 0.385059 0.591016 0.156445 0.314844
0 0.80625 0.149414 0.342187 0.272656
0 0.403516 0.5625 0.184375 0.371875
0 0.0391602 0.814844 0.0591797 0.065625
0 0.0316895 0.829688 0.0633789 0.040625
0 0.814844 0.912891 0.370313 0.174219
0 0.227734 0.405469 0.455469 0.810938
0 0.910156 0.385352 0.179688 0.770703
0 0.887109 0.716797 0.225781 0.566406
0 0.47959 0.705469 0.331445 0.113281
0 0.903906 0.9 0.192188 0.2
0 0.379688 0.535547 0.139844 0.409375
0 0.852148 0.878516 0.295703 0.242969
0 0.0354492 0.81543 0.0708984 0.109766
0 0.617285 0.520312 0.749805 0.860938
0 0.453516 0.36875 0.655469 0.730469
0 0.846094 0.772266 0.257812 0.455469
0 0.818945 0.337695 0.315234 0.653516
0 0.425 0.607031 0.226562 0.290625
0 0.457813 0.747656 0.321875 0.285938
0 0.0426758 0.702344 0.0853516 0.301563
0 0.364648 0.446875 0.0988281 0.325781
0 0.480078 0.728516 0.347656 0.199219
0 0.318799 0.349609 0.291309 0.676562
0 0.909375 0.75625 0.18125 0.4875
0 0.548438 0.673438 0.119531 0.148438
0 0.221289 0.522266 0.442578 0.517969
0 0.361328 0.677344 0.0703125 0.14375
0 0.353125 0.539453 0.173438 0.497656
0 0.388672 0.345703 0.0476562 0.157031
0 0.491309 0.74375 0.426758 0.346875
0 0.68125 0.11582 0.0367188 0.046875
0 0.710938 0.148926 0.11875 0.207617
0 0.80625 0.218945 0.345313 0.419922
0 0.676953 0.108984 0.0398437 0.0527344
0 0.825 0.831641 0.221875 0.336719
0 0.591406 0.611719 0.0320312 0.0484375
0 0.0324707 0.834375 0.0649414 0.0625
0 0.640527 0.421875 0.65332 0.84375
0 0.545313 0.764844 0.579688 0.353125
0 0.878711 0.860938 0.242578 0.278125
0 0.216992 0.116602 0.364453 0.228516
0 0.0363037 0.782617 0.0726074 0.153516
0 0.59375 0.61875 0.0265625 0.0515625
0 0.188623 0.172266 0.358691 0.310937
0 0.670703 0.444531 0.0289063 0.040625
0 0.414941 0.792969 0.412305 0.25
0 0.36543 0.508984 0.105859 0.373437
0 0.836719 0.857813 0.273438 0.284375
0 0.386328 0.349219 0.251563 0.676562
0 0.853906 0.924219 0.292188 0.151562
0 0.902344 0.289648 0.189063 0.569922
0 0.384277 0.30957 0.0423828 0.0777344
0 0.867969 0.625391 0.21875 0.749219
0 0.528125 0.675781 0.16875 0.15
0 0.0426636 0.792969 0.0820557 0.11875
0 0.0348633 0.85 0.0697266 0.1
0 0.606641 0.563672 0.632031 0.586719
0 0.673047 0.120508 0.0265625 0.0423828
0 0.331641 0.541406 0.0539063 0.135937
0 0.746094 0.102344 0.182812 0.201953
0 0.70625 0.161426 0.0984375 0.118945
0 0.584375 0.619141 0.0484375 0.0546875
0 0.896875 0.470313 0.18125 0.890625
0 0.596875 0.607813 0.034375 0.05
0 0.0646484 0.752344 0.034375 0.0390625
0 0.508984 0.712891 0.124219 0.0757812
0 0.0441284 0.829688 0.0677979 0.05625
0 0.691797 0.163696 0.144531 0.187451
0 0.332617 0.546875 0.0636719 0.169531
0 0.257422 0.116211 0.514844 0.199609
0 0.408203 0.642578 0.161719 0.213281
0 0.673438 0.135742 0.0484375 0.0808594
0 0.669531 0.442969 0.0390625 0.0484375
0 0.671094 0.130273 0.03125 0.0613281
0 0.0305908 0.825 0.0611816 0.05625
0 0.03396 0.86875 0.0679199 0.11875
0 0.661719 0.444531 0.0421875 0.0453125
0 0.193555 0.264453 0.387109 0.500781
0 0.387891 0.295703 0.0351562 0.046875
0 0.68125 0.157813 0.0890625 0.114063
0 0.0324707 0.859375 0.0649414 0.09375
0 0.661328 0.135059 0.652344 0.237695
0 0.673438 0.120898 0.0453125 0.0480469
0 0.212695 0.52666 0.300391 0.510742
0 0.378906 0.369531 0.06875 0.192969
0 0.708203 0.0946289 0.124219 0.161523
0 0.0672852 0.746094 0.0447266 0.0515625
0 0.873438 0.363281 0.20625 0.702344
0 0.685938 0.0925781 0.0460938 0.100781
0 0.389844 0.350977 0.0648438 0.162891
0 0.484277 0.670313 0.311133 0.160938
0 0.258252 0.108374 0.356152 0.193799
0 0.85293 0.619434 0.209766 0.593945
0 0.619434 0.785547 0.698633 0.428906
0 0.675 0.162891 0.0625 0.123438
0 0.230859 0.496484 0.461719 0.675781
0 0.591406 0.627344 0.0390625 0.0796875
0 0.654688 0.446875 0.059375 0.0546875
0 0.0483398 0.751563 0.0966797 0.2
0 0.0347412 0.901563 0.0694824 0.196875
0 0.657031 0.45625 0.05625 0.0625
0 0.354883 0.102148 0.221484 0.189453
0 0.835156 0.523047 0.260938 0.611719
0 0.884375 0.474902 0.171875 0.345508
0 0.448535 0.659766 0.241992 0.178125
0 0.691016 0.129004 0.059375 0.0919922
0 0.558594 0.624609 0.10625 0.0671875
0 0.367578 0.383984 0.08125 0.215625
0 0.789062 0.8375 0.1875 0.325
0 0.605469 0.691406 0.657813 0.617188
0 0.667578 0.441406 0.0484375 0.0609375
0 0.839844 0.684375 0.185938 0.365625
0 0.751563 0.0740234 0.196875 0.14082
0 0.574609 0.661719 0.0757812 0.153125
0 0.0572266 0.788281 0.053125 0.129688
0 0.0643555 0.757031 0.0449219 0.05625
0 0.726562 0.0814453 0.134375 0.133594
0 0.664453 0.428125 0.05 0.0695313
0 0.377734 0.357422 0.0445313 0.123438
0 0.684766 0.110547 0.152344 0.207031
0 0.423438 0.671094 0.189844 0.164062
0 0.4875 0.133203 0.585938 0.266406
0 0.792188 0.753906 0.353125 0.492188
0 0.878125 0.546094 0.19375 0.682813
0 0.698438 0.105054 0.075 0.107861
0 0.0459839 0.807617 0.0685791 0.0878906
0 0.116406 0.8375 0.232813 0.114063
0 0.581641 0.642969 0.0703125 0.115625
0 0.648047 0.448438 0.0734375 0.06875
0 0.55625 0.625391 0.15 0.0742188
0 0.682031 0.0855469 0.059375 0.108594
0 0.309375 0.70625 0.61875 0.4
0 0.667188 0.149121 0.06875 0.104102
0 0.86875 0.538379 0.1625 0.385742
0 0.448828 0.673438 0.282031 0.3625
0 0.399609 0.383203 0.177344 0.766406
0 0.392578 0.289844 0.04375 0.0578125
0 0.344141 0.472656 0.0710938 0.129688
0 0.685938 0.13916 0.0578125 0.0880859
0 0.402344 0.366016 0.114063 0.191406
0 0.0155273 0.786719 0.0310547 0.05625
0 0.529297 0.709375 0.0875 0.0828125
0 0.910547 0.961719 0.178906 0.0765625
0 0.717188 0.179346 0.129688 0.155371
0 0.689063 0.181689 0.10625 0.161621
0 0.65625 0.425 0.059375 0.0796875
0 0.681641 0.194922 0.199219 0.182812
0 0.328125 0.537891 0.040625 0.101562
0 0.861719 0.642188 0.184375 0.360938
0 0.884766 0.946484 0.230469 0.107031
0 0.174219 0.118262 0.286719 0.20332
0 0.266357 0.319141 0.359473 0.610938
0 0.311133 0.803125 0.604297 0.25
0 0.354102 0.6875 0.0472656 0.101562
0 0.485938 0.775781 0.442188 0.19375
0 0.855469 0.73125 0.226562 0.375
0 0.369531 0.696094 0.0859375 0.0945313
0 0.946875 0.945312 0.10625 0.109375
0 0.683203 0.0829102 0.189844 0.151758
0 0.366602 0.421973 0.0621094 0.12168
0 0.312305 0.872461 0.624609 0.255078
0 0.120996 0.185742 0.156445 0.305469
0 0.061084 0.755469 0.0600586 0.0875
0 0.514453 0.714453 0.214844 0.0914062
0 0.0375977 0.842188 0.0699219 0.071875
0 0.406348 0.688281 0.201367 0.275
0 0.087207 0.722266 0.174414 0.508594
0 0.105957 0.862305 0.211914 0.275391
0 0.0635742 0.804688 0.126172 0.129688
0 0.645312 0.469141 0.0875 0.107031
0 0.814844 0.764453 0.185938 0.328906
0 0.64375 0.432813 0.08125 0.0921875
0 0.0683594 0.753125 0.136719 0.2
0 0.830469 0.894531 0.3125 0.210938
0 0.900781 0.385254 0.139063 0.268555
0 0.166016 0.567187 0.332031 0.545313
0 0.68125 0.132812 0.04375 0.0675781
0 0.042041 0.817969 0.084082 0.2875
0 0.0671875 0.73125 0.0410156 0.071875
0 0.863281 0.825 0.232813 0.3125
0 0.352734 0.454688 0.08125 0.160938
0 0.332227 0.519531 0.0433594 0.090625
0 0.342187 0.530859 0.0726563 0.173438
0 0.885938 0.43291 0.139063 0.295117
0 0.0707031 0.75 0.0367188 0.0421875
0 0.953125 0.928125 0.09375 0.14375
0 0.580078 0.628125 0.059375 0.08125
0 0.685156 0.154883 0.0625 0.114063
0 0.91875 0.932031 0.1625 0.135937
0 0.903906 0.500879 0.192188 0.362305
0 0.208203 0.14082 0.416406 0.238672
0 0.420703 0.350781 0.117969 0.220313
0 0.368359 0.423047 0.0726563 0.154688
0 0.0691406 0.71875 0.138281 0.278125
0 0.712109 0.194336 0.161719 0.178906
0 0.88125 0.596875 0.184375 0.367188
0 0.528906 0.725781 0.189063 0.253125
0 0.760547 0.159351 0.216406 0.189111
0 0.141992 0.138867 0.190234 0.260547
0 0.644141 0.182764 0.123438 0.166504
0 0.403516 0.2375 0.124219 0.470313
0 0.113281 0.854688 0.226562 0.1
0 0.182227 0.145703 0.283594 0.2875
0 0.0540039 0.828711 0.108008 0.342578
0 0.909375 0.329639 0.13125 0.328223
0 0.408203 0.235547 0.177344 0.471094
0 0.652344 0.451562 0.075 0.0984375
0 0.0486816 0.877344 0.0973633 0.146875
0 0.983594 0.930469 0.0328125 0.139063
0 0.654688 0.1625 0.104688 0.126172
0 0.760156 0.876953 0.195312 0.246094
0 0.851562 0.592188 0.14375 0.364063
0 0.0389648 0.867188 0.0779297 0.217188
0 0.566406 0.799805 0.710938 0.366016
0 0.659375 0.4625 0.0710938 0.0804688
0 0.591406 0.4 0.817187 0.8
0 0.398438 0.319531 0.0734375 0.124219
0 0.723828 0.00772705 0.205469 0.0154541
0 0.148438 0.903906 0.296875 0.192188
0 0.355078 0.698438 0.0710938 0.0921875
0 0.855469 0.113867 0.229687 0.223047
0 0.0453125 0.991406 0.090625 0.0171875
0 0.907813 0.993359 0.184375 0.0132813
0 0.513281 0.77793 0.217188 0.194141
0 0.939844 0.898438 0.120313 0.203125
0 0.625781 0.252539 0.725 0.489453
0 0.504297 0.80625 0.250781 0.179688
0 0.406641 0.721875 0.316406 0.278125
0 0.65 0.112891 0.190625 0.224219
0 0.750781 0.187305 0.195312 0.177734
0 0.996875 0.914453 0.00625 0.171094
0 0.507031 0.729688 0.240625 0.198437
0 0.356641 0.612891 0.157813 0.298438
0 0.349023 0.0067749 0.244141 0.0135498
0 0.0613281 0.767188 0.0501953 0.084375
0 0.451172 0.721094 0.149219 0.0625
0 0.941406 0.998047 0.117188 0.00390625
0 0.661719 0.14873 0.182812 0.231836
0 0.870117 0.163379 0.234766 0.324805
0 0.920703 0.880469 0.158594 0.239063
0 0.69375 0.0796875 0.0664062 0.123438
0 0.0519531 0.901563 0.103906 0.196875
0 0.577344 0.769141 0.08125 0.0726563
0 0.464453 0.00887451 0.311719 0.017749
0 0.875781 0.138184 0.182812 0.269727
0 0.0283936 0.804492 0.0567871 0.0878906
0 0.650781 0.432031 0.0804688 0.126563
0 0.526172 0.378906 0.442969 0.75625
0 0.543359 0.780469 0.153906 0.19375
0 0.629687 0.00787354 0.257812 0.0157471
0 0.639453 0.441016 0.115625 0.0929688
0 0.0588867 0.876172 0.117773 0.247656
0 0.028125 0.838281 0.05625 0.0609375
0 0.399609 0.00672607 0.249219 0.0134521
0 0.594531 0.605859 0.046875 0.0609375
0 0.377344 0.372656 0.0554687 0.113281
0 0.770312 0.00639648 0.2375 0.012793
0 0.357227 0.707422 0.0496094 0.0765625
0 0.679297 0.00908203 0.253906 0.0181641
0 0.303711 0.00784912 0.270703 0.0156982
0 0.141406 0.82793 0.282813 0.141016
0 0.132422 0.360547 0.264844 0.721094
0 0.406641 0.0998047 0.259375 0.185547
0 0.669531 0.0763672 0.264062 0.152344
0 0.604297 0.150977 0.791406 0.301953
0 1 0.938672 0 0.122656
0 0.74375 0.80918 0.4625 0.381641
0 0.580469 0.00947266 0.2875 0.0189453
0 0.892188 0.0172607 0.215625 0.0345215
0 0.014917 0.776367 0.029834 0.0597656
0 0.782031 0.180078 0.270313 0.250391
0 0.788281 0.802344 0.153125 0.332813
0 0.580078 0.783008 0.0820312 0.0871094
0 0.976562 0.946094 0.046875 0.107813
0 0.403125 0.336328 0.0820312 0.152344
0 0.910156 0.0292969 0.179688 0.0585938
0 0.690625 0.947656 0.525 0.104688
0 0.483594 0.721484 0.1375 0.0617188
0 0.322461 0.0898682 0.294922 0.14917
0 0.391797 0.306641 0.0484375 0.0789063
0 0.346875 0.85 0.571875 0.264062
0 0.100293 0.894531 0.200586 0.210938
0 0.458594 0.633594 0.326562 0.732813
0 0.547754 0.622266 0.501367 0.716406
0 0.672656 0.114258 0.0335938 0.0367188
0 0.554785 0.782813 0.510742 0.4125
0 0.218164 0.620703 0.436328 0.689844
0 0.0493164 0.130371 0.0986328 0.175977
0 0.672656 0.118555 0.040625 0.0417969
0 0.666406 0.116602 0.0484375 0.0363281
0 0.325 0.61416 0.65 0.67793
0 0.375 0.0804688 0.142969 0.146094
0 0.0500488 0.16748 0.100098 0.224414
0 0.406641 0.0806397 0.153906 0.146533
0 0.0484375 0.246875 0.096875 0.199609
0 0.0442383 0.707812 0.0884766 0.282813
0 0.319141 0.0761719 0.175 0.152344
0 0.278174 0.133008 0.217871 0.239453
0 0.667969 0.119922 0.0625 0.0457031
0 0.753906 0.105273 0.215625 0.210547
0 0.0485352 0.302734 0.0970703 0.220313
0 0.860156 0.231641 0.276563 0.428906
0 0.285156 0.0761231 0.174219 0.152246
0 0.438672 0.0791992 0.176563 0.149805
0 0.349805 0.0871338 0.175391 0.162842
0 0.0507324 0.252539 0.101465 0.263672
0 0.455371 0.758203 0.337695 0.464844
0 0.907813 0.396875 0.176563 0.217188
0 0.101367 0.0898193 0.192969 0.158252
0 0.673438 0.10957 0.0445313 0.05625
0 0.791406 0.501172 0.15625 0.200781
0 0.0408203 0.737109 0.0816406 0.210156
0 0.795313 0.0931641 0.214062 0.186328
0 0.0353638 0.817969 0.0636475 0.0546875
0 0.0483398 0.350781 0.0966797 0.198437
0 0.0399902 0.770703 0.0799805 0.147656
0 0.784375 0.129492 0.25 0.238672
0 0.796875 0.0755859 0.145313 0.150781
0 0.283203 0.0949219 0.207813 0.185156
0 0.326953 0.411328 0.239844 0.817969
0 0.222461 0.0754395 0.194141 0.150879
0 0.226123 0.133398 0.225098 0.261328
0 0.0510742 0.101929 0.102148 0.139893
0 0.030127 0.823438 0.0602539 0.04375
0 0.391309 0.398047 0.223633 0.794531
0 0.470996 0.0773193 0.192383 0.153174
0 0.059375 0.138379 0.11875 0.191211
0 0.205859 0.417969 0.411719 0.823438
0 0.665234 0.108984 0.0609375 0.059375
0 0.707422 0.0748047 0.171094 0.142383
0 0.0510254 0.354883 0.102051 0.267578
0 0.678906 0.114453 0.040625 0.040625
0 0.885938 0.422559 0.20625 0.20332
0 0.733594 0.07854 0.167187 0.152686
0 0.204102 0.488672 0.408203 0.730469
0 0.776563 0.0798584 0.196875 0.156299
0 0.923438 0.336133 0.151562 0.177734
0 0.0779785 0.716406 0.155957 0.271875
0 0.410938 0.275781 0.175 0.453125
0 0.0367676 0.805469 0.0708984 0.0921875
0 0.309375 0.729688 0.61875 0.540625
0 0.820312 0.0807617 0.164062 0.152344
0 0.677734 0.698438 0.227344 0.221875
0 0.748438 0.490625 0.207813 0.234375
0 0.810156 0.516016 0.16875 0.196875
0 0.860156 0.457129 0.214062 0.179492
0 0.478125 0.408984 0.355469 0.816406
0 0.753516 0.691797 0.169531 0.207031
0 0.378223 0.101367 0.176367 0.162891
0 0.896875 0.466016 0.19375 0.19375
0 0.361328 0.446191 0.108594 0.357617
0 0.776563 0.522656 0.15625 0.185938
0 0.77832 0.64375 0.152734 0.2
0 0.310547 0.12207 0.196094 0.209375
0 0.182617 0.0759766 0.176953 0.151953
0 0.867969 0.12168 0.1875 0.208594
0 0.814844 0.0773438 0.101562 0.150391
0 0.0594727 0.244922 0.118945 0.182422
0 0.846875 0.0920898 0.170313 0.174414
0 0.871094 0.38916 0.235938 0.232617
0 0.827344 0.123047 0.203125 0.21875
0 0.917188 0.446191 0.159375 0.19043
0 0.0541016 0.774609 0.0744141 0.161719
0 0.592188 0.611719 0.034375 0.05
0 0.0320312 0.821875 0.0640625 0.05
0 0.0605469 0.198047 0.121094 0.19375
0 0.721094 0.118164 0.179688 0.213281
0 0.855469 0.545703 0.217188 0.214062
0 0.0327881 0.786133 0.0655762 0.124609
0 0.05625 0.287695 0.1125 0.185547
0 0.378125 0.551172 0.15 0.403125
0 0.85625 0.491016 0.215625 0.209375
0 0.887305 0.283594 0.225391 0.469531
0 0.0483398 0.388281 0.0966797 0.199219
0 0.804492 0.566406 0.159766 0.203125
0 0.433984 0.586719 0.284375 0.604688
0 0.675 0.103711 0.059375 0.0699219
0 0.0493164 0.766016 0.0986328 0.171094
0 0.689063 0.75 0.201563 0.229687
0 0.895312 0.742578 0.196875 0.225781
0 0.651563 0.123242 0.10625 0.0539063
0 0.825781 0.271094 0.3125 0.492969
0 0.871875 0.781445 0.234375 0.274609
0 0.660547 0.104004 0.0757812 0.0730469
0 0.0316895 0.813281 0.0633789 0.06875
0 0.305664 0.785156 0.611328 0.382812
0 0.85625 0.596484 0.215625 0.203906
0 0.0536133 0.322656 0.107227 0.216406
0 0.742578 0.599219 0.186719 0.232031
0 0.942187 0.351953 0.115625 0.161719
0 0.735938 0.712891 0.18125 0.202344
0 0.810938 0.479688 0.145313 0.1875
0 0.474219 0.142969 0.209375 0.229687
0 0.853906 0.388184 0.0328125 0.0517578
0 0.147754 0.0763916 0.181836 0.152295
0 0.946875 0.326953 0.10625 0.174219
0 0.0632324 0.0835937 0.126465 0.155859
0 0.8375 0.566406 0.185938 0.203125
0 0.355078 0.119507 0.189844 0.190283
0 0.0495605 0.413672 0.0991211 0.292969
0 0.589453 0.360352 0.564844 0.688672
0 0.802344 0.618359 0.153125 0.199219
0 0.101367 0.803906 0.202734 0.389062
0 0.673438 0.125586 0.0421875 0.0597656
0 0.0959961 0.449316 0.191992 0.688867
0 0.476172 0.107788 0.207031 0.17583
0 0.833594 0.446484 0.15625 0.160156
0 0.525 0.670313 0.18125 0.153906
0 0.065918 0.499609 0.131836 0.638281
0 0.0875977 0.120703 0.169531 0.186719
0 0.625 0.194141 0.153125 0.183594
0 0.0522949 0.369141 0.10166 0.161719
0 0.778906 0.589844 0.157813 0.204688
0 0.247266 0.1625 0.227344 0.262109
0 0.0685547 0.401172 0.137109 0.572656
0 0.9125 0.304492 0.175 0.220703
0 0.939063 0.380566 0.121875 0.187305
0 0.20542 0.10498 0.210254 0.209961
0 0.853125 0.382031 0.0296875 0.0367188
0 0.8375 0.0816162 0.1 0.152783
0 0.0788086 0.769141 0.157617 0.385156
0 0.386328 0.291797 0.0429688 0.046875
0 0.0509277 0.792188 0.101855 0.367188
0 0.0447388 0.790625 0.073999 0.120313
0 0.583984 0.611328 0.05 0.0421875
0 0.69375 0.128906 0.2 0.247656
0 0.795508 0.665625 0.143359 0.196875
0 0.741797 0.642969 0.186719 0.216406
0 0.671875 0.0749023 0.223438 0.147852
0 0.051123 0.0915039 0.102246 0.183008
0 0.347852 0.618359 0.188672 0.685156
0 0.0317383 0.814844 0.0634766 0.0796875
0 0.854492 0.644922 0.219141 0.204688
0 0.909375 0.771875 0.178125 0.223438
0 0.653125 0.781445 0.33125 0.377734
0 0.393652 0.348828 0.0626953 0.171094
0 0.915625 0.492969 0.1625 0.2
0 0.899219 0.688672 0.190625 0.203906
0 0.757422 0.575781 0.178906 0.20625
0 0.873242 0.701172 0.228516 0.232031
0 0.683594 0.132812 0.0546875 0.0742188
0 0.592188 0.608594 0.03125 0.0382813
0 0.896875 0.851562 0.196875 0.260938
0 0.917188 0.623438 0.159375 0.192969
0 0.917188 0.715625 0.1625 0.185938
0 0.675781 0.13418 0.0765625 0.0796875
0 0.332617 0.141406 0.187109 0.217578
0 0.877344 0.621484 0.220313 0.210156
0 0.873438 0.163477 0.20625 0.256641
0 0.360938 0.467187 0.117188 0.503125
0 0.383594 0.296875 0.0507812 0.0539063
0 0.853906 0.38291 0.0484375 0.0607422
0 0.567969 0.620313 0.0789063 0.0601563
0 0.660937 0.125391 0.0679687 0.0613281
0 0.38125 0.268018 0.0921875 0.388965
0 0.87832 0.571094 0.218359 0.220313
0 0.91875 0.672656 0.15625 0.198437
0 0.503906 0.106055 0.167187 0.192578
0 0.898438 0.640625 0.19375 0.203125
0 0.0666016 0.654297 0.133203 0.460156
0 0.896875 0.59375 0.19375 0.203125
0 0.707812 0.583203 0.207813 0.221875
0 0.398047 0.121509 0.190625 0.185107
0 0.0591797 0.684766 0.118359 0.339844
0 0.697266 0.0946289 0.183594 0.189258
0 0.65625 0.640234 0.273438 0.260156
0 0.14502 0.741016 0.290039 0.313281
0 0.413184 0.103809 0.16582 0.157227
0 0.475 0.645703 0.278125 0.228906
0 0.737109 0.350781 0.427344 0.68125
0 0.0675781 0.482715 0.123242 0.368945
0 0.878125 0.519531 0.21875 0.232813
0 0.915625 0.573438 0.1625 0.192188
0 0.289453 0.186133 0.182031 0.233594
0 0.350586 0.294922 0.131641 0.5
0 0.328906 0.721875 0.657813 0.378125
0 0.150195 0.800195 0.300391 0.355859
0 0.0671875 0.745703 0.0513672 0.0882813
0 0.865625 0.191016 0.028125 0.0335938
0 0.156836 0.946875 0.313672 0.075
0 0.753125 0.155469 0.226562 0.263281
0 0.0423706 0.819531 0.0752197 0.0796875
0 0.250586 0.070752 0.190234 0.141504
0 0.741797 0.753906 0.191406 0.21875
0 0.391309 0.294336 0.0470703 0.065625
0 0.870313 0.839258 0.240625 0.299609
0 0.366992 0.386719 0.0902344 0.235938
0 0.347852 0.427344 0.142578 0.35625
0 0.915234 0.251563 0.169531 0.433594
0 0.852344 0.735156 0.226562 0.251563
0 0.365234 0.0703125 0.207813 0.140625
0 0.692578 0.144336 0.0757812 0.0996094
0 0.436035 0.270117 0.201367 0.400391
0 0.555078 0.175195 0.525781 0.325781
0 0.835156 0.619922 0.185938 0.196094
0 0.847656 0.390234 0.0296875 0.0445313
0 0.9125 0.814844 0.171875 0.226562
0 0.0494141 0.730078 0.0988281 0.285156
0 0.387598 0.309375 0.0451172 0.0851563
0 0.820117 0.317188 0.203516 0.407813
0 0.859375 0.0827881 0.103125 0.154346
0 0.909375 0.178906 0.175 0.276563
0 0.910937 0.886328 0.175 0.227344
0 0.457031 0.611328 0.285938 0.292969
0 0.0341797 0.805469 0.0683594 0.142188
0 0.6875 0.114941 0.0734375 0.0408203
0 0.576953 0.610938 0.0648438 0.0515625
0 0.391797 0.321484 0.0523438 0.114844
0 0.289258 0.634766 0.578516 0.496094
0 0.896875 0.542578 0.19375 0.209375
0 0.755469 0.453516 0.196875 0.2125
0 0.938281 0.415723 0.123438 0.20293
0 0.521094 0.0779541 0.101562 0.152295
0 0.377344 0.306445 0.0648438 0.0800781
0 0.0573242 0.732813 0.114648 0.2375
0 0.55 0.666406 0.121875 0.145313
0 0.742188 0.83125 0.189063 0.334375
0 0.196484 0.9375 0.392969 0.078125
0 0.414453 0.794531 0.557813 0.382812
0 0.717969 0.678906 0.189063 0.225
0 0.839063 0.420703 0.178125 0.210156
0 0.709375 0.475781 0.259375 0.260938
0 0.0436035 0.769531 0.084668 0.204688
0 0.0475586 0.454297 0.0951172 0.310156
0 0.787695 0.691406 0.127734 0.196875
0 0.65 0.719922 0.226562 0.236719
0 0.052002 0.774219 0.104004 0.248438
0 0.686719 0.79043 0.192188 0.219141
0 0.860156 0.36875 0.0421875 0.065625
0 0.602344 0.182617 0.188281 0.194141
0 0.232813 0.341992 0.275391 0.647266
0 0.719141 0.620313 0.188281 0.228125
0 0.0906006 0.478809 0.178955 0.348633
0 0.0651367 0.769531 0.0646484 0.135937
0 0.730469 0.78457 0.198437 0.227734
0 0.203467 0.164258 0.222754 0.269141
0 0.378223 0.361719 0.0763672 0.184375
0 0.803906 0.450879 0.126563 0.160742
0 0.898438 0.25708 0.2 0.284277
0 0.210938 0.942187 0.271484 0.071875
0 0.690625 0.128418 0.071875 0.0650391
0 0.644531 0.121289 0.151562 0.0539063
0 0.573828 0.627344 0.0804688 0.0875
0 0.870313 0.190674 0.034375 0.0366211
0 0.658594 0.586719 0.270313 0.234375
0 0.86543 0.888281 0.256641 0.223438
0 0.836719 0.666406 0.201563 0.201563
0 0.534375 0.716406 0.179688 0.248438
0 0.0509766 0.479688 0.0892578 0.404687
0 0.0792969 0.073584 0.158594 0.147168
0 0.198633 0.402246 0.332422 0.793945
0 0.767188 0.189648 0.251563 0.337891
0 0.154492 0.0986328 0.225391 0.194141
0 0.140234 0.535156 0.0507812 0.0640625
0 0.642188 0.145898 0.26875 0.244922
0 0.112598 0.5625 0.0970703 0.0953125
0 0.898438 0.0799805 0.196875 0.151758
0 0.830469 0.173242 0.221875 0.305859
0 0.720313 0.17207 0.190625 0.205859
0 0.907031 0.139551 0.165625 0.227539
0 0.101074 0.748438 0.202148 0.307813
0 0.864062 0.190625 0.0375 0.0394531
0 0.0707031 0.0463867 0.141406 0.0927734
0 0.399609 0.321875 0.0742188 0.134375
0 0.939063 0.711719 0.121875 0.184375
0 0.140527 0.9375 0.281055 0.0875
0 0.403516 0.539062 0.205469 0.446875
0 0.64375 0.0855469 0.251563 0.171094
0 0.820312 0.146289 0.08125 0.0357422
0 0.808594 0.146387 0.0796875 0.0326172
0 0.045752 0.478516 0.0915039 0.334375
0 0.0627441 0.471875 0.125488 0.410156
0 0.14375 0.946875 0.102344 0.096875
0 0.324414 0.195898 0.162891 0.278516
0 0.50625 0.148535 0.142188 0.223242
0 0.723437 0.543359 0.182812 0.160156
0 0.938281 0.642578 0.123438 0.184375
0 0.428906 0.141797 0.175781 0.208594
0 0.644922 0.210547 0.16875 0.207813
0 0.9375 0.46875 0.125 0.178125
0 0.137891 0.973437 0.112109 0.04375
0 0.040625 0.828125 0.08125 0.34375
0 0.461719 0.528516 0.315625 0.553906
0 0.460156 0.620313 0.320312 0.426563
0 0.383203 0.359766 0.0523438 0.183594
0 0.358594 0.448438 0.0859375 0.371875
0 0.375 0.526172 0.135156 0.507031
0 0.404687 0.511816 0.240625 0.520117
0 0.673438 0.116504 0.028125 0.0398437
0 0.459473 0.696094 0.32168 0.328125
0 0.355859 0.464063 0.0875 0.551562
0 0.671875 0.103101 0.0421875 0.0703613
0 0.546094 0.695312 0.134375 0.228125
0 0.362305 0.389062 0.0839844 0.254688
0 0.0348633 0.751172 0.0697266 0.178906
0 0.339258 0.542969 0.0738281 0.435937
0 0.0379883 0.77793 0.0759766 0.131641
0 0.679688 0.115625 0.0414063 0.0464844
0 0.051123 0.635156 0.102246 0.434375
0 0.386328 0.32207 0.0390625 0.113672
0 0.377344 0.346484 0.053125 0.172656
0 0.59375 0.609375 0.025 0.0453125
0 0.390625 0.345313 0.0570313 0.157813
0 0.671094 0.113672 0.0367188 0.0558594
0 0.345313 0.515625 0.170313 0.525
0 0.372656 0.369727 0.0695313 0.215234
0 0.34375 0.585156 0.0835937 0.321875
0 0.349609 0.538672 0.0765625 0.566406
0 0.519531 0.694531 0.19375 0.223438
0 0.454004 0.395215 0.291992 0.268945
0 0.462109 0.668359 0.300781 0.219531
0 0.362891 0.604688 0.110156 0.278125
0 0.592969 0.616406 0.028125 0.0546875
0 0.679297 0.100781 0.0445313 0.0753906
0 0.0408691 0.689453 0.0817383 0.313281
0 0.330078 0.530859 0.0609375 0.175781
0 0.212109 0.54209 0.424219 0.57832
0 0.0355347 0.801562 0.0664307 0.096875
0 0.33457 0.533594 0.0765625 0.215625
0 0.259814 0.517578 0.331934 0.533594
0 0.667188 0.122461 0.040625 0.0578125
0 0.667188 0.108398 0.0421875 0.0632813
0 0.667188 0.100879 0.0640625 0.0757812
0 0.0348145 0.813281 0.0603516 0.0625
0 0.595703 0.610938 0.040625 0.0523438
0 0.378809 0.395703 0.12832 0.266406
0 0.38125 0.44541 0.1375 0.337305
0 0.582812 0.626563 0.0578125 0.0875
0 0.361328 0.546875 0.100781 0.408594
0 0.424609 0.387891 0.217969 0.246094
0 0.459766 0.707812 0.303125 0.2375
0 0.101465 0.226562 0.0269531 0.0554687
0 0.525 0.725 0.184375 0.154688
0 0.663281 0.426172 0.0515625 0.0828125
0 0.0317261 0.81875 0.04729 0.0484375
0 0.35625 0.615625 0.075 0.248438
0 0.341406 0.44375 0.135937 0.342187
0 0.339648 0.560156 0.257422 0.5625
0 0.0703125 0.0638672 0.0261719 0.0386719
0 0.570312 0.648438 0.084375 0.129688
0 0.0715332 0.0619141 0.0342773 0.0400391
0 0.655469 0.0988281 0.0703125 0.0833984
0 0.429004 0.434473 0.243555 0.316992
0 0.676562 0.0772461 0.0632813 0.125195
0 0.561328 0.698047 0.0984375 0.200781
0 0.150781 0.134766 0.0722656 0.0539063
0 0.428125 0.555859 0.238281 0.3875
0 0.5375 0.484277 0.31875 0.295508
0 0.042627 0.772656 0.0852539 0.176563
0 0.0493042 0.771094 0.0763916 0.15
0 0.671094 0.427344 0.0375 0.0835937
0 0.578906 0.694922 0.1 0.217969
0 0.68125 0.124219 0.0398437 0.0652344
0 0.16084 0.131152 0.0521484 0.0503906
0 0.346289 0.38125 0.117578 0.232813
0 0.460547 0.782031 0.328125 0.403125
0 0.391504 0.446484 0.156055 0.429688
0 0.387402 0.291211 0.0314453 0.04375
0 0.378125 0.356445 0.0390625 0.135547
0 0.384277 0.313281 0.0361328 0.0875
0 0.0522461 0.753906 0.0933594 0.18125
0 0.664062 0.123438 0.0554687 0.0605469
0 0.659375 0.0736328 0.0703125 0.120508
0 0.5875 0.616406 0.0421875 0.0546875
0 0.419922 0.632812 0.201563 0.223438
0 0.408594 0.258203 0.195312 0.414844
0 0.385938 0.63125 0.120313 0.223438
0 0.497656 0.388184 0.0296875 0.0408203
0 0.59375 0.498828 0.203906 0.269531
0 0.646094 0.115332 0.0890625 0.0595703
0 0.353906 0.492578 0.109375 0.40625
0 0.653906 0.428125 0.0640625 0.0859375
0 0.59375 0.600781 0.04375 0.0703125
0 0.614062 0.522656 0.165625 0.275
0 0.0428711 0.346094 0.0257812 0.0398437
0 0.686719 0.118457 0.05 0.0541016
0 0.570312 0.622266 0.0742188 0.0648438
0 0.496094 0.387598 0.0359375 0.0482422
0 0.381348 0.579688 0.143555 0.332813
0 0.685156 0.0871094 0.065625 0.10918
0 0.169043 0.127734 0.0384766 0.0480469
0 0.632031 0.577344 0.129688 0.392188
0 0.703125 0.0827148 0.0953125 0.135742
0 0.45625 0.259375 0.157813 0.3875
0 0.455566 0.630859 0.329492 0.252344
0 0.0441895 0.345508 0.0344727 0.0425781
0 0.602344 0.610938 0.0421875 0.05
0 0.398535 0.610156 0.176367 0.276563
0 0.657813 0.120996 0.0617188 0.0505859
0 0.0539551 0.509766 0.0991211 0.213281
0 0.126782 0.0952148 0.12417 0.163086
0 0.550391 0.735938 0.128906 0.135937
0 0.502344 0.39375 0.04375 0.0515625
0 0.674219 0.0737305 0.084375 0.136133
0 0.363281 0.669141 0.075 0.144531
0 0.461328 0.750781 0.326562 0.2125
0 0.157324 0.1375 0.0619141 0.0679687
0 0.0558594 0.732031 0.104102 0.2375
0 0.372656 0.249609 0.0921875 0.478125
0 0.0689453 0.0560547 0.0367188 0.0605469
0 0.633594 0.691406 0.103125 0.221875
0 0.063623 0.502344 0.122363 0.246875
0 0.13252 0.143457 0.0333984 0.0552734
0 0.320117 0.397656 0.174609 0.267969
0 0.389453 0.360156 0.0898438 0.194531
0 0.0797363 0.649219 0.159473 0.39375
0 0.602344 0.739062 0.254688 0.320312
0 0.496094 0.383691 0.0664062 0.0716797
0 0.673438 0.426172 0.0703125 0.0859375
0 0.0986328 0.237109 0.0316406 0.059375
0 0.428027 0.371094 0.170508 0.215625
0 0.391797 0.287891 0.0390625 0.0492188
0 0.711719 0.0962891 0.107813 0.13125
0 0.517969 0.754687 0.194531 0.173438
0 0.565625 0.614844 0.0859375 0.0546875
0 0.6875 0.107227 0.0609375 0.0828125
0 0.0518066 0.057959 0.0682617 0.0584961
0 0.665625 0.419531 0.0453125 0.065625
0 0.129297 0.152148 0.0244141 0.040625
0 0.425684 0.617188 0.242383 0.270313
0 0.568359 0.602344 0.0851563 0.0796875
0 0.0642578 0.770703 0.0455078 0.150781
0 0.596875 0.628516 0.0375 0.0929688
0 0.330469 0.534375 0.053125 0.134375
0 0.144629 0.144922 0.0830078 0.0574219
0 0.34375 0.541797 0.0765625 0.183594
0 0.0638672 0.333984 0.0691406 0.0726563
0 0.46709 0.710156 0.300195 0.567187
0 0.388379 0.299023 0.0357422 0.0589844
0 0.657031 0.486719 0.078125 0.128125
0 0.132812 0.149512 0.0285156 0.0455078
0 0.563281 0.742188 0.0921875 0.123438
0 0.576953 0.771094 0.0640625 0.075
0 0.673828 0.132129 0.046875 0.0740234
0 0.591797 0.439844 0.196875 0.196875
0 0.0307617 0.755469 0.0615234 0.232813
0 0.346289 0.769922 0.544141 0.460156
0 0.532031 0.392969 0.154688 0.0953125
0 0.496875 0.709375 0.235938 0.279687
0 0.175391 0.0835937 0.028125 0.0441406
0 0.401953 0.331055 0.0710938 0.141797
0 0.354102 0.360938 0.0964844 0.18125
0 0.552734 0.713281 0.0929688 0.08125
0 0.495703 0.375 0.0390625 0.0773438
0 0.0478516 0.604688 0.0886719 0.310937
0 0.641406 0.428906 0.084375 0.090625
0 0.547266 0.168359 0.314844 0.246875
0 0.392578 0.316797 0.0460938 0.10625
0 0.0624512 0.532422 0.108496 0.164062
0 0.126367 0.158789 0.0253906 0.0515625
0 0.465527 0.454004 0.320508 0.306055
0 0.708594 0.0765869 0.126563 0.141357
0 0.372266 0.333398 0.06875 0.150391
0 0.0984375 0.221289 0.0375 0.0582031
0 0.105664 0.230469 0.0306641 0.0546875
0 0.0776367 0.059375 0.0414063 0.0431641
0 0.673438 0.444531 0.0585938 0.08125
0 0.534473 0.424902 0.323242 0.181445
0 0.104688 0.221484 0.0369141 0.065625
0 0.507812 0.717969 0.148438 0.0835937
0 0.660937 0.479297 0.078125 0.2
0 0.172852 0.10332 0.0386719 0.0832031
0 0.679688 0.689844 0.209375 0.221875
0 0.0413208 0.813281 0.0732178 0.0828125
0 0.381641 0.674219 0.103125 0.1375
0 0.0408325 0.534375 0.074585 0.132031
0 0.56875 0.549902 0.265625 0.38457
0 0.667188 0.49375 0.053125 0.110937
0 0.536719 0.773047 0.18125 0.213281
0 0.0604004 0.273047 0.0999023 0.184375
0 0.0692871 0.690234 0.138574 0.307031
0 0.176758 0.124219 0.0453125 0.0496094
0 0.0449707 0.742578 0.0831055 0.113281
0 0.166602 0.137793 0.0570313 0.0748047
0 0.542969 0.709375 0.0609375 0.0734375
0 0.0308594 0.793945 0.0617188 0.108984
0 0.60625 0.692578 0.107813 0.222656
0 0.155566 0.09104 0.11582 0.169482
0 0.665625 0.456348 0.0984375 0.218555
0 0.605078 0.621094 0.04375 0.075
0 0.634375 0.503125 0.121875 0.25625
0 0.386719 0.298047 0.0484375 0.06875
0 0.666016 0.444531 0.0429688 0.0976562
0 0.35625 0.431641 0.084375 0.164062
0 0.589063 0.641016 0.0609375 0.110156
0 0.5625 0.771094 0.096875 0.078125
0 0.591406 0.378516 0.203125 0.238281
0 0.460156 0.51875 0.309375 0.342187
0 0.090625 0.310547 0.0253906 0.0429688
0 0.653906 0.446484 0.0671875 0.0984375
0 0.529297 0.741797 0.161719 0.113281
0 0.370703 0.30957 0.078125 0.0839844
0 0.584766 0.58125 0.0765625 0.107813
0 0.582812 0.716016 0.145313 0.241406
0 0.560938 0.630469 0.1 0.08125
0 0.422656 0.660937 0.185156 0.173438
0 0.341211 0.465625 0.0707031 0.110937
0 0.178516 0.080249 0.0246094 0.0387207
0 0.0834961 0.585938 0.0273438 0.0492188
0 0.344727 0.637109 0.0832031 0.146094
0 0.0776367 0.0652344 0.0371094 0.0419922
0 0.738672 0.174219 0.150781 0.186719
0 0.0744141 0.707031 0.059375 0.123438
0 0.635156 0.0796875 0.120313 0.128906
0 0.714844 0.171094 0.1125 0.166016
0 0.377344 0.370117 0.0523438 0.116797
0 0.532031 0.406152 0.103125 0.0798828
0 0.609375 0.629297 0.05625 0.0929688
0 0.489063 0.379688 0.0453125 0.071875
0 0.496094 0.394531 0.0296875 0.046875
0 0.0727051 0.719531 0.0459961 0.0953125
0 0.0848633 0.578516 0.0363281 0.0625
0 0.541797 0.297852 0.327344 0.459766
0 0.610156 0.0966797 0.164062 0.129883
0 0.614844 0.620313 0.06875 0.0953125
0 0.635156 0.577734 0.111719 0.521094
0 0.100098 0.769531 0.182227 0.195312
0 0.128613 0.789062 0.233789 0.189063
0 0.54375 0.401172 0.11875 0.109375
0 0.110937 0.112305 0.160156 0.19375
0 0.51875 0.710547 0.109375 0.0765625
0 0.685938 0.13252 0.053125 0.0759766
0 0.0683594 0.737891 0.0371094 0.0742188
0 0.579688 0.760156 0.0742188 0.0953125
0 0.0585938 0.56875 0.103125 0.201563
0 0.655469 0.0719727 0.096875 0.143945
0 0.100684 0.561719 0.0720703 0.0890625
0 0.0439453 0.342187 0.0477539 0.0476562
0 0.0896484 0.568359 0.0519531 0.0820312
0 0.667188 0.0785156 0.0671875 0.157031
0 0.671875 0.45625 0.0398437 0.101562
0 0.0290527 0.539062 0.0491211 0.16875
0 0.399121 0.726953 0.20957 0.274219
0 0.0773438 0.323047 0.0515625 0.0679687
0 0.361133 0.625 0.0496094 0.0953125
0 0.0280762 0.766406 0.0561523 0.15625
0 0.0478516 0.051709 0.0810547 0.0754883
0 0.206641 0.323438 0.413281 0.646875
0 0.069043 0.747266 0.04375 0.100781
0 0.0484253 0.721094 0.091626 0.110937
0 0.66875 0.477344 0.0609375 0.123438
0 0.685938 0.466406 0.0984375 0.176563
0 0.521777 0.147754 0.40332 0.243555
0 0.511719 0.404004 0.0546875 0.0623047
0 0.690625 0.105664 0.0734375 0.136914
0 0.353906 0.671094 0.0515625 0.142188
0 0.636719 0.121094 0.1375 0.0460938
0 0.365625 0.397266 0.0617188 0.1375
0 0.348828 0.626563 0.0742188 0.113281
0 0.646484 0.492188 0.0914062 0.232813
0 0.371289 0.620313 0.162109 0.273438
0 0.341406 0.4875 0.0734375 0.170313
0 0.689453 0.181836 0.0976562 0.183984
0 0.207813 0.430469 0.415625 0.521875
0 0.369141 0.621484 0.0398437 0.0734375
0 0.373828 0.379688 0.040625 0.113281
0 0.496875 0.403906 0.0453125 0.0703125
0 0.0885742 0.320703 0.0310547 0.0617188
0 0.0507324 0.592188 0.0852539 0.09375
0 0.0861328 0.0516113 0.172266 0.102246
0 0.557031 0.75625 0.145313 0.18125
0 0.616406 0.605859 0.0765625 0.0953125
0 0.642188 0.454785 0.096875 0.21543
0 0.358203 0.653125 0.05625 0.178125
0 0.312891 0.441309 0.203125 0.342383
0 0.172949 0.132031 0.0583984 0.0671875
0 0.0665039 0.590234 0.0630859 0.0726563
0 0.062793 0.452344 0.121094 0.364063
0 0.168555 0.621094 0.337109 0.4375
0 0.0862305 0.555371 0.17168 0.554883
0 0.627344 0.711719 0.253125 0.267188
0 0.587109 0.569141 0.0773438 0.1625
0 0.327734 0.553906 0.046875 0.121875
0 0.0863525 0.510547 0.155029 0.217969
0 0.714844 0.485938 0.128125 0.220313
0 0.0575195 0.0707031 0.115039 0.141406
0 0.73125 0.146289 0.14375 0.183984
0 0.646094 0.476562 0.0859375 0.116406
0 0.401953 0.666797 0.149219 0.228906
0 0.649609 0.464453 0.0828125 0.171094
0 0.122852 0.165625 0.0308594 0.0613281
0 0.0639648 0.7125 0.0703125 0.1125
0 0.475781 0.53125 0.33125 0.523438
0 0.675781 0.116602 0.025 0.0449219
0 0.675781 0.113867 0.0328125 0.0546875
0 0.0410645 0.825 0.0298828 0.04375
0 0.0392578 0.824219 0.040918 0.05
0 0.439453 0.620703 0.316406 0.703906
0 0.0361816 0.8125 0.0547852 0.071875
0 0.675 0.107422 0.0398437 0.0591797
0 0.0311523 0.803125 0.0599609 0.090625
0 0.351953 0.455078 0.0953125 0.383594
0 0.351953 0.602734 0.480469 0.678906
0 0.670703 0.11582 0.0328125 0.0503906
0 0.673828 0.122461 0.0335938 0.0609375
0 0.350195 0.39375 0.0980469 0.253906
0 0.306982 0.553516 0.26416 0.582031
0 0.206201 0.555469 0.379004 0.582812
0 0.384375 0.344727 0.0421875 0.152734
0 0.339453 0.421777 0.119531 0.312695
0 0.680078 0.118555 0.0304688 0.05
0 0.594531 0.608594 0.0265625 0.05
0 0.18457 0.94375 0.235547 0.08125
0 0.460547 0.693359 0.300781 0.613281
0 0.0367188 0.817187 0.0734375 0.06875
0 0.030957 0.764844 0.0619141 0.1625
0 0.0308105 0.781445 0.0616211 0.127734
0 0.391016 0.287891 0.0304688 0.046875
0 0.386035 0.315625 0.0373047 0.096875
0 0.14082 0.945312 0.259766 0.078125
0 0.583594 0.5375 0.226562 0.378125
0 0.352344 0.464844 0.0976562 0.582812
0 0.180469 0.936719 0.360938 0.0765625
0 0.207813 0.934375 0.221875 0.08125
0 0.390527 0.35957 0.0470703 0.185547
0 0.375391 0.395996 0.151562 0.26582
0 0.342578 0.488965 0.117188 0.436133
0 0.672656 0.428125 0.0375 0.0867188
0 0.375781 0.455859 0.153906 0.365625
0 0.551562 0.695312 0.128125 0.23125
0 0.0725586 0.0620605 0.0273438 0.0399414
0 0.0506836 0.631641 0.101367 0.444531
0 0.0393555 0.829688 0.0486328 0.0703125
0 0.674219 0.44375 0.0296875 0.05
0 0.498828 0.389062 0.028125 0.04375
0 0.379004 0.349023 0.0451172 0.181641
0 0.595313 0.616406 0.0296875 0.0507812
0 0.399121 0.722656 0.433008 0.554688
0 0.173828 0.12793 0.0296875 0.0474609
0 0.318164 0.524121 0.159766 0.50957
0 0.3875 0.304102 0.034375 0.0703125
0 0.169141 0.130078 0.0363281 0.0496094
0 0.683594 0.114063 0.05 0.0570313
0 0.130273 0.15498 0.0238281 0.0416016
0 0.0399414 0.781055 0.0798828 0.144141
0 0.596094 0.608594 0.040625 0.059375
0 0.0388184 0.735156 0.0776367 0.225
0 0.348438 0.53584 0.08125 0.56582
0 0.149902 0.134375 0.0736328 0.0558594
0 0.59375 0.488379 0.192188 0.276367
0 0.0379883 0.798438 0.0759766 0.0984375
0 0.0492676 0.689453 0.0985352 0.319531
0 0.418359 0.444629 0.223438 0.338867
0 0.176904 0.123047 0.0274414 0.046875
0 0.383594 0.378809 0.0445313 0.248633
0 0.474316 0.740625 0.279492 0.223438
0 0.221484 0.935938 0.28125 0.096875
0 0.496875 0.388281 0.0359375 0.0515625
0 0.0298584 0.746094 0.0597168 0.2125
0 0.308203 0.722656 0.600781 0.554688
0 0.380859 0.324219 0.040625 0.110156
0 0.459473 0.569531 0.293555 0.370313
0 0.655469 0.116699 0.06875 0.0541016
0 0.439746 0.391016 0.24082 0.260156
0 0.267627 0.934375 0.338184 0.10625
0 0.39375 0.289453 0.0367188 0.05625
0 0.0330078 0.699219 0.0660156 0.292188
0 0.136621 0.147168 0.05 0.0552734
0 0.66875 0.434375 0.034375 0.0757812
0 0.501563 0.395313 0.0453125 0.0507812
0 0.655078 0.433984 0.0648438 0.0828125
0 0.681641 0.0965088 0.233594 0.0847168
0 0.131445 0.151367 0.0300781 0.0464844
0 0.142383 0.825781 0.207422 0.103125
0 0.678516 0.104907 0.0492188 0.0702637
0 0.0711914 0.0510254 0.0408203 0.0666992
0 0.386719 0.521094 0.153125 0.458594
0 0.0925781 0.946875 0.185156 0.06875
0 0.617969 0.105469 0.145313 0.0699219
0 0.351758 0.355859 0.0980469 0.172656
0 0.675391 0.450781 0.0351562 0.071875
0 0.601562 0.072168 0.171875 0.144336
0 0.0431763 0.767969 0.08396 0.203125
0 0.612891 0.586328 0.167969 0.411719
0 0.494531 0.389062 0.0625 0.0632813
0 0.525 0.696094 0.178125 0.226562
0 0.0361328 0.502344 0.0341797 0.0421875
0 0.148145 0.93125 0.296289 0.09375
0 0.639844 0.109473 0.120313 0.0595703
0 0.0219238 0.78418 0.0438477 0.106641
0 0.703125 0.111035 0.160938 0.0642578
0 0.514453 0.358984 0.351562 0.395313
0 0.141406 0.976562 0.0601563 0.0359375
0 0.610156 0.0980469 0.157813 0.101953
0 0.155664 0.975 0.101953 0.0375
0 0.672656 0.130664 0.0429688 0.0648438
0 0.471484 0.681641 0.275 0.278906
0 0.355859 0.541016 0.0984375 0.417969
0 0.555078 0.0724121 0.290625 0.144824
0 0.514844 0.19292 0.355469 0.29541
0 0.677344 0.447656 0.0421875 0.0578125
0 0.0259277 0.502344 0.0461914 0.053125
0 0.124219 0.935938 0.248438 0.078125
0 0.596094 0.625781 0.0359375 0.0835937
0 0.0344238 0.658984 0.0688477 0.528906
0 0.623438 0.122656 0.134375 0.0683594
0 0.273828 0.979688 0.0953125 0.034375
0 0.152637 0.951563 0.180273 0.075
0 0.0266113 0.511328 0.0488281 0.0757812
0 0.0309692 0.510156 0.0497803 0.0617188
0 0.0450317 0.792188 0.0695068 0.117188
0 0.0186279 0.779688 0.0372559 0.146875
0 0.466406 0.461719 0.323438 0.308594
0 0.151538 0.973437 0.185205 0.0375
0 0.136719 0.827344 0.273438 0.109375
0 0.0699219 0.0604492 0.0330078 0.0478516
0 0.511328 0.279883 0.360938 0.393359
0 0.34707 0.258203 0.111328 0.516406
0 0.0842285 0.00786133 0.168457 0.0157227
0 0.613281 0.120801 0.153125 0.0990234
0 0.655469 0.446094 0.0625 0.0609375
0 0.251172 0.950781 0.257031 0.0921875
0 0.0553711 0.764844 0.0599609 0.1875
0 0.529297 0.728906 0.16875 0.157813
0 0.160156 0.136914 0.0523438 0.0601563
0 0.373437 0.592188 0.125781 0.30625
0 0.598047 0.616016 0.034375 0.0640625
0 0.272461 0.978906 0.201172 0.0390625
0 0.415527 0.513672 0.211133 0.478906
0 0.211523 0.922656 0.224219 0.13125
0 0.673438 0.467187 0.0429688 0.126563
0 0.582031 0.604688 0.05625 0.075
0 0.658594 0.105493 0.0703125 0.0737793
0 0.0774414 0.0644531 0.0353516 0.0410156
0 0.525 0.395313 0.164062 0.0671875
0 0.467871 0.00834961 0.198633 0.0166992
0 0.116406 0.00731201 0.204297 0.014624
0 0.0236572 0.00449219 0.0473145 0.00898437
0 0.585156 0.612891 0.046875 0.059375
0 0.678125 0.482031 0.040625 0.1125
0 0.206201 0.969531 0.196973 0.0609375
0 0.635156 0.435156 0.1 0.0984375
0 0.14248 0.975 0.0732422 0.0421875
0 0.663281 0.44375 0.046875 0.078125
0 0.0314209 0.793555 0.0628418 0.178516
0 0.0258789 0.529297 0.0476562 0.103125
0 0.14248 0.898438 0.257227 0.16875
0 0.654688 0.070166 0.229687 0.140332
0 0.212695 0.957812 0.216016 0.084375
0 0.0725586 0.0036377 0.145117 0.00727539
0 0.515234 0.138379 0.369531 0.236523
0 0.0566895 0.00739746 0.113379 0.0147949
0 0.103906 0.0416992 0.207813 0.0833984
0 0.0766602 0.0559082 0.040625 0.0526367
0 0.31875 0.399609 0.157813 0.2625
0 0.642969 0.124023 0.10625 0.0636719
0 0.507031 0.4 0.04375 0.0539063
0 0.128418 0.156641 0.0314453 0.0464844
0 0.371875 0.344727 0.0585938 0.163672
0 0.674219 0.425391 0.0523438 0.096875
0 0.870117 0.0074707 0.197266 0.0149414
0 0.012207 0.750781 0.0244141 0.109375
0 0.464453 0.239258 0.446875 0.393359
0 0.418359 0.00822754 0.196875 0.0164551
0 0.243408 0.974219 0.190527 0.0515625
0 0.481934 0.777344 0.298633 0.251563
0 0.669531 0.10127 0.0539063 0.0791016
0 0.139453 0.946875 0.189453 0.096875
0 0.751563 0.163477 0.176563 0.169531
0 0.176611 0.9625 0.213184 0.05625
0 0.226562 0.972656 0.166406 0.0546875
0 0.518359 0.0081543 0.208594 0.0163086
0 0.410938 0.735938 0.15625 0.275
0 0.690625 0.0744629 0.217188 0.147949
0 0.741797 0.133887 0.158594 0.111914
0 0.548438 0.50625 0.270313 0.320312
0 0.392578 0.609766 0.153125 0.275
0 0.142383 0.965625 0.168359 0.046875
0 0.702344 0.104395 0.217188 0.10293
0 0.144531 0.00163574 0.289062 0.00327148
0 0.149023 0.141797 0.0835937 0.0582031
0 0.369141 0.00742187 0.196875 0.0148437
0 0.657813 0.472656 0.065625 0.126563
0 0.910547 0.00737305 0.178906 0.0147461
0 0.598047 0.604688 0.0546875 0.0671875
0 0.198828 0.982813 0.173438 0.034375
0 0.24375 0.00715332 0.195703 0.0143066
0 0.0949219 0.784375 0.189844 0.15625
0 0.166699 0.00667725 0.200977 0.0133545
0 0.042627 0.0127441 0.0852539 0.0254883
0 0.496094 0.379297 0.0390625 0.0695313
0 0.339453 0.368359 0.1125 0.196094
0 0.0956055 0.821875 0.191211 0.0953125
0 0.103809 0.059082 0.207617 0.118164
0 0.635547 0.591797 0.117969 0.555469
0 0.820312 0.00734863 0.19375 0.0146973
0 0.294336 0.00717773 0.198828 0.0143555
0 0.664453 0.586035 0.141406 0.491992
0 0.390625 0.630469 0.123438 0.235938
0 0.516797 0.582031 0.341406 0.451562
0 0.123145 0.963281 0.200977 0.0734375
0 0.398047 0.692187 0.132812 0.3125
0 0.158496 0.967188 0.11543 0.05
0 0.588672 0.0873047 0.205469 0.174609
0 0.337891 0.542969 0.0796875 0.49375
0 0.57666 0.171094 0.49668 0.264062
0 0.112598 0.00162354 0.225195 0.00324707
0 0.736328 0.116309 0.155469 0.0832031
0 0.769531 0.0072998 0.195312 0.0145996
0 0.494922 0.241602 0.285938 0.356641
0 0.512402 0.00172119 0.304883 0.00344238
0 0.642969 0.104883 0.0953125 0.0730469
0 0.7625 0.14043 0.198437 0.139453
0 0.501953 0.225391 0.247656 0.450781
0 0.4375 0.607422 0.277344 0.282031
0 0.276563 0.979688 0.0578125 0.034375
0 0.420703 0.65 0.175781 0.198437
0 0.632031 0.447266 0.121094 0.103125
0 0.639844 0.145117 0.10625 0.105859
0 0.249609 0.00175781 0.30625 0.00351563
0 0.872656 0.00194092 0.254688 0.00388184
0 0.573438 0.427246 0.235938 0.161133
0 0.392578 0.314258 0.0460938 0.108984
0 0.699219 0.603906 0.225 0.446875
0 0.00517578 0.00275879 0.0103516 0.00551758
0 0.376953 0.380859 0.0429688 0.232031
0 0.107397 0.000561523 0.177783 0.00112305
0 0.646094 0.449219 0.0757812 0.0625
0 0.572656 0.0124023 0.207813 0.0248047
0 0.065625 0.0445435 0.13125 0.0849365
0 0.617969 0.143359 0.148438 0.120313
0 0.682813 0.131445 0.0390625 0.0691406
0 0.610938 0.572266 0.451562 0.424219
0 0.257031 0.966797 0.205469 0.0664062
0 0.59375 0.369141 0.189063 0.236719
0 0.386621 0.00187988 0.308008 0.00375977
0 0.719922 0.00895996 0.203906 0.0179199
0 0.708984 0.124414 0.111719 0.0703125
0 0.0369141 0.00119629 0.0738281 0.00239258
0 0.694531 0.0142578 0.207813 0.0285156
0 0.113867 0.814063 0.227734 0.0921875
0 0.381641 0.303516 0.0507812 0.0859375
0 0.357031 0.667969 0.0539063 0.154688
0 0.393359 0.278906 0.0390625 0.0664062
0 0.073877 0.0394653 0.0666992 0.0540771
0 0.623438 0.521777 0.135937 0.300195
0 0.167969 0.996094 0.156641 0.0078125
0 0.554688 0.790625 0.123438 0.196875
0 0.0706055 0.778125 0.0341797 0.151562
0 0.901563 0.00270996 0.196875 0.00541992
0 0.184375 0.82793 0.325 0.106641
0 0.617969 0.0355469 0.204688 0.0710938
0 0.0194824 0.521484 0.0359375 0.115625
0 0.0673828 0.772266 0.0433594 0.217969
0 0.035083 0.651953 0.070166 0.417969
0 0.0158203 0.507812 0.0316406 0.0734375
0 0.515625 0.550098 0.20625 0.398242
0 0.0445801 0.8125 0.0891602 0.0890625
0 0.594531 0.0235596 0.20625 0.0471191
0 0.671875 0.0291504 0.2125 0.0583008
0 0.575781 0.696094 0.11875 0.234375
0 0.113281 0.971875 0.214844 0.05
0 0.185107 0.989062 0.168848 0.021875
0 0.497754 0.0323486 0.282617 0.0646973
0 0.823438 0.00198975 0.309375 0.00397949
0 0.403125 0.239844 0.197656 0.470313
0 0.0597656 0.000891113 0.119531 0.00178223
0 0.0341675 0.501563 0.0558838 0.05
0 0.253711 0.975781 0.127734 0.0484375
0 0.33125 0.55 0.0480469 0.2
0 0.325 0.271289 0.15 0.535547
0 0.145288 0.000756836 0.178955 0.00151367
0 0.173438 0.128516 0.0539063 0.0585938
0 0.429297 0.764844 0.189844 0.26875
0 0.930469 0.000927734 0.139063 0.00185547
0 0.364063 0.239258 0.132031 0.449609
0 0.469531 0.000708008 0.176563 0.00141602
0 0.0307617 0.542969 0.0567383 0.121094
0 0.144434 0.0478516 0.288867 0.0957031
0 0.661328 0.00195312 0.308594 0.00390625
0 0.447656 0.680469 0.24375 0.164062
0 0.290625 0.98125 0.0710938 0.0375
0 0.351172 0.677344 0.0417969 0.132812
0 0.442188 0.0358398 0.192969 0.0716797
0 0.626172 0.0742676 0.457031 0.145801
0 0.275342 0.503027 0.257129 0.47207
0 0.0795898 0.000512695 0.15918 0.00102539
0 0.541504 0.231445 0.426367 0.337109
0 0.0165283 0.747656 0.0330566 0.146875
0 0.7625 0.0958984 0.196875 0.142578
0 0.514844 0.761719 0.178125 0.185938
0 0.250439 0.995313 0.171777 0.009375
0 0.462109 0.541016 0.305469 0.532031
0 0.361914 0.457813 0.119922 0.385156
0 0.2 0.563184 0.399219 0.620508
0 0.672266 0.122168 0.0304688 0.0482422
0 0.468066 0.635938 0.28418 0.614062
0 0.525 0.704688 0.182812 0.229687
0 0.191016 0.573828 0.269531 0.608594
0 0.357812 0.476465 0.109375 0.543945
0 0.364648 0.404687 0.104297 0.274219
0 0.672656 0.12627 0.0375 0.0626953
0 0.476562 0.703906 0.285938 0.242188
0 0.457813 0.726562 0.317188 0.546875
0 0.401172 0.552344 0.210938 0.571875
0 0.678125 0.123633 0.04375 0.0519531
0 0.380371 0.544922 0.151758 0.415625
0 0.380859 0.342578 0.05 0.139063
0 0.0372559 0.742578 0.0745117 0.222656
0 0.0628906 0.644141 0.125781 0.424219
0 0.446484 0.566406 0.272656 0.38125
0 0.631934 0.538281 0.679883 0.901563
0 0.674219 0.114941 0.040625 0.0595703
0 0.669531 0.13457 0.046875 0.06875
0 0.41084 0.752734 0.42207 0.494531
0 0.311719 0.751953 0.6125 0.496094
0 0.220508 0.40625 0.376172 0.8125
0 0.55625 0.707031 0.13125 0.229687
0 0.680469 0.128125 0.046875 0.06875
0 0.198242 0.954688 0.208594 0.084375
0 0.299609 0.569531 0.0625 0.607813
0 0.0686523 0.0642578 0.0304688 0.0453125
0 0.0485352 0.712891 0.0970703 0.289844
0 0.354297 0.575 0.102344 0.344531
0 0.149707 0.628906 0.279492 0.45
0 0.0375 0.785156 0.0724609 0.139063
0 0.502441 0.533984 0.401367 0.597656
0 0.385059 0.357031 0.0580078 0.175
0 0.687891 0.142969 0.0539063 0.107422
0 0.156641 0.957812 0.264844 0.075
0 0.480859 0.762891 0.296875 0.192969
0 0.130469 0.964063 0.260938 0.06875
0 0.673828 0.146289 0.0523438 0.096875
0 0.469531 0.642188 0.285156 0.23125
0 0.472266 0.795508 0.332031 0.408984
0 0.374219 0.354688 0.0585938 0.16875
0 0.38125 0.320703 0.0460938 0.100391
0 0.147363 0.489844 0.260742 0.757812
0 0.521094 0.417969 0.390625 0.676562
0 0.517969 0.293359 0.398438 0.586719
0 0.16543 0.975 0.129688 0.0375
0 0.153027 0.971875 0.0916016 0.046875
0 0.0700195 0.0571777 0.0378906 0.0536133
0 0.198242 0.953125 0.396484 0.09375
0 0.512891 0.740625 0.185938 0.165625
0 0.34375 0.552344 0.0890625 0.464063
0 0.314453 0.708984 0.628906 0.582031
0 0.591406 0.622266 0.03125 0.0648438
0 0.0700684 0.0542969 0.0446289 0.0671875
0 0.158984 0.971875 0.1625 0.040625
0 0.211719 0.537891 0.183594 0.539844
0 0.193018 0.948438 0.278027 0.0921875
0 0.369922 0.608203 0.1 0.310156
0 0.0710938 0.0675781 0.0363281 0.0644531
0 0.166406 0.133594 0.0472656 0.053125
0 0.696875 0.162109 0.0914062 0.133594
0 0.950781 0.0939453 0.0984375 0.182422
0 0.804492 0.317578 0.359766 0.569531
0 0.389062 0.645312 0.121875 0.295312
0 0.591797 0.617188 0.0257812 0.0484375
0 0.402344 0.59375 0.192969 0.308594
0 0.387109 0.399316 0.157813 0.26543
0 0.389844 0.698828 0.11875 0.339844
0 0.429785 0.623828 0.235742 0.267969
0 0.035791 0.823438 0.059082 0.0640625
0 0.448535 0.23125 0.170117 0.379688
0 0.680859 0.150977 0.0554687 0.110937
0 0.449219 0.686719 0.245312 0.290625
0 0.588281 0.627344 0.0421875 0.0757812
0 0.458203 0.444629 0.29375 0.345117
0 0.917188 0.0959229 0.0375 0.111279
0 0.539453 0.746094 0.150781 0.1625
0 0.932813 0.0878906 0.059375 0.15293
0 0.922656 0.112109 0.0515625 0.140625
0 0.917188 0.0728516 0.034375 0.0664062
0 0.0332153 0.828125 0.0468506 0.046875
0 0.669434 0.432129 0.626758 0.724805
0 0.464453 0.601953 0.317969 0.300781
0 0.436816 0.408984 0.251367 0.291406
0 0.689844 0.156641 0.0632813 0.132812
0 0.929688 0.0609863 0.059375 0.0952148
0 0.143359 0.98125 0.114844 0.0375
0 0.939063 0.0421387 0.053125 0.0564453
0 0.344336 0.439844 0.126953 0.351562
0 0.391504 0.328516 0.0529297 0.133594
0 0.377441 0.661719 0.104492 0.373437
0 0.665625 0.1625 0.1 0.13125
0 0.165527 0.964063 0.148633 0.0625
0 0.380469 0.363477 0.0578125 0.226172
0 0.736328 0.17207 0.149219 0.155078
0 0.0782959 0.659766 0.153955 0.502344
0 0.402441 0.434277 0.187305 0.323633
0 0.405078 0.751953 0.14375 0.207031
0 0.114624 0.971875 0.197314 0.05625
0 0.662891 0.127832 0.0578125 0.0802734
0 0.407422 0.662891 0.155469 0.252344
0 0.0554687 0.609473 0.0916016 0.512305
0 0.411328 0.605078 0.182031 0.736719
0 0.0374146 0.793945 0.0611084 0.112109
0 0.673047 0.159668 0.0726563 0.12207
0 0.162305 0.137207 0.0660156 0.0689453
0 0.151953 0.963281 0.147266 0.05
0 0.17041 0.12832 0.0419922 0.0498047
0 0.684766 0.271094 0.0867188 0.35
0 0.370313 0.257812 0.189844 0.476562
0 0.59375 0.610156 0.0328125 0.0515625
0 0.192773 0.963281 0.232422 0.0625
0 0.25625 0.949219 0.326562 0.096875
0 0.922656 0.0632324 0.0453125 0.0817383
0 0.158301 0.979297 0.116211 0.0414063
0 0.809375 0.213281 0.351562 0.379688
0 0.667188 0.180859 0.257812 0.175
0 0.427344 0.758203 0.192969 0.189844
0 0.494922 0.391309 0.0359375 0.0501953
0 0.144629 0.947656 0.289258 0.08125
0 0.642188 0.617969 0.1125 0.570312
0 0.425781 0.466016 0.228906 0.451562
0 0.939063 0.0466309 0.0640625 0.0731445
0 0.489844 0.800781 0.2875 0.26875
0 0.0750977 0.0520508 0.0570313 0.0800781
0 0.032666 0.80625 0.0557617 0.0828125
0 0.635547 0.133496 0.182812 0.266992
0 0.04375 0.778125 0.0808594 0.18125
0 0.40166 0.258398 0.229492 0.419141
0 0.540234 0.779883 0.157031 0.224609
0 0.683594 0.222461 0.0929688 0.249609
0 0.1375 0.975 0.0703125 0.0484375
0 0.314453 0.686621 0.628906 0.626758
0 0.539453 0.469922 0.482031 0.803906
0 0.654297 0.185596 0.114844 0.177246
0 0.507031 0.804688 0.548438 0.390625
0 0.182861 0.0587769 0.0358398 0.0715088
0 0.173242 0.129102 0.0632813 0.0835937
0 0.350586 0.682031 0.0457031 0.123438
0 0.174609 0.130273 0.0527344 0.0630859
0 0.154199 0.946875 0.173242 0.0890625
0 0.80957 0.175391 0.380859 0.21875
0 0.235889 0.513672 0.333691 0.528906
0 0.417578 0.302344 0.204688 0.564063
0 0.307813 0.530859 0.08125 0.514844
0 0.181641 0.0723633 0.0300781 0.0486328
0 0.559766 0.344531 0.305469 0.521094
0 0.186133 0.675488 0.372266 0.649023
0 0.464063 0.220898 0.151562 0.441797
0 0.311133 0.502441 0.227734 0.479492
0 0.18042 0.978906 0.149316 0.0421875
0 0.935938 0.0928711 0.084375 0.185742
0 0.710938 0.209424 0.11875 0.225684
0 0.123047 0.984375 0.136719 0.03125
0 0.602734 0.647949 0.758594 0.704102
0 0.652344 0.220752 0.132812 0.250684
0 0.688281 0.127905 0.0671875 0.108252
0 0.090332 0.0647461 0.0912109 0.111914
0 0.507422 0.7875 0.205469 0.2375
0 0.628906 0.622656 0.146875 0.48125
0 0.324805 0.538281 0.0496094 0.142188
0 0.63125 0.200439 0.135937 0.21084
0 0.582812 0.635156 0.0578125 0.090625
0 0.818555 0.160449 0.362891 0.302539
0 0.703516 0.129102 0.194531 0.258203
0 0.596094 0.625 0.0390625 0.078125
0 0.580859 0.568359 0.232031 0.414844
0 0.174121 0.942969 0.348242 0.114063
0 0.0395996 0.810938 0.0791992 0.110937
0 0.430078 0.682813 0.200781 0.240625
0 0.778125 0.356055 0.40625 0.712109
0 0.713672 0.181641 0.196094 0.183594
0 0.187109 0.96875 0.173047 0.0625
0 0.632812 0.162012 0.123438 0.127148
0 0.391309 0.727344 0.143945 0.278125
0 0.0330811 0.767969 0.0661621 0.196875
0 0.664844 0.15127 0.0671875 0.119727
0 0.370898 0.361328 0.0863281 0.177344
0 0.748438 0.189844 0.425 0.191406
0 0.326367 0.513965 0.141016 0.483008
0 0.732422 0.126172 0.158594 0.252344
0 0.539844 0.573047 0.209375 0.428906
0 0.227344 0.297461 0.382812 0.578516
0 0.594531 0.632812 0.046875 0.09375
0 0.102539 0.414062 0.146484 0.828125
0 0.399902 0.326953 0.0689453 0.15625
0 0.0894531 0.309766 0.0314453 0.0507812
0 0.489063 0.391504 0.0765625 0.0638672
0 0.365234 0.671875 0.139063 0.410938
0 0.0761719 0.065625 0.0486328 0.0753906
0 0.357617 0.667969 0.0558594 0.15
0 0.677344 0.113086 0.0578125 0.0875
0 0.334766 0.533594 0.0609375 0.199219
0 0.700391 0.13689 0.078125 0.161377
0 0.625781 0.296289 0.260156 0.405859
0 0.158203 0.964063 0.0925781 0.071875
0 0.0555176 0.470313 0.0862305 0.803125
0 0.389844 0.310156 0.0515625 0.0890625
0 0.207227 0.977344 0.177734 0.0453125
0 0.0826172 0.0421875 0.104102 0.0595703
0 0.181055 0.0644043 0.0449219 0.0790039
0 0.105664 0.0560669 0.103711 0.0956787
0 0.9625 0.0402222 0.0609375 0.0627197
0 0.598437 0.620313 0.05625 0.06875
0 0.491406 0.382812 0.040625 0.0671875
0 0.0383789 0.829688 0.0709961 0.0875
0 0.0905273 0.300586 0.0341797 0.0539063
0 0.940625 0.125781 0.084375 0.251563
0 0.944531 0.0357422 0.0484375 0.044043
0 0.115918 0.0780273 0.160352 0.146484
0 0.595703 0.619922 0.0351562 0.0578125
0 0.469922 0.501172 0.323438 0.35625
0 0.596484 0.614062 0.0429688 0.0609375
0 0.326172 0.55 0.0523438 0.2
0 0.292578 0.423438 0.265625 0.552344
0 0.504687 0.834375 0.238281 0.282813
0 0.157031 0.138477 0.0703125 0.0535156
0 0.384375 0.76875 0.134375 0.185938
0 0.0939453 0.95625 0.187891 0.065625
0 0.767188 0.310156 0.392188 0.426563
0 0.664062 0.109595 0.0648438 0.0780762
0 0.399609 0.785937 0.140625 0.145313
0 0.819141 0.0927734 0.361719 0.185547
0 0.91875 0.118579 0.053125 0.193311
0 0.0342529 0.80918 0.0685059 0.153516
0 0.91875 0.0636719 0.06875 0.105469
0 0.367188 0.305859 0.151562 0.59375
0 0.385156 0.299219 0.0367188 0.0570313
0 0.391016 0.817187 0.113281 0.06875
0 0.505469 0.570703 0.20625 0.411719
0 0.47666 0.00148926 0.310742 0.00297852
0 0.534375 0.720313 0.126563 0.101562
0 0.123438 0.935156 0.246875 0.125
0 0.424219 0.789844 0.189063 0.154688
0 0.58125 0.646875 0.065625 0.110937
0 0.361719 0.696484 0.190625 0.341406
0 0.575391 0.253906 0.296094 0.4
0 0.592969 0.65 0.0546875 0.125
0 0.349219 0.690625 0.0359375 0.110937
0 0.164258 0.348438 0.260156 0.691406
0 0.524219 0.7125 0.107031 0.0742188
0 0.0916992 0.286914 0.0390625 0.0765625
0 0.492969 0.531641 0.389062 0.505469
0 0.676172 0.116797 0.0242188 0.0449219
0 0.390234 0.52041 0.157813 0.48418
0 0.676562 0.116211 0.0289063 0.0539063
0 0.357031 0.435254 0.116406 0.341992
0 0.223242 0.544922 0.446484 0.614844
0 0.451953 0.512109 0.289062 0.491406
0 0.364063 0.392188 0.0992187 0.255469
0 0.675781 0.114648 0.0375 0.0625
0 0.383594 0.334961 0.0539063 0.127734
0 0.382422 0.358008 0.0578125 0.162891
0 0.184961 0.513965 0.316797 0.501758
0 0.0374023 0.788281 0.0720703 0.126563
0 0.676562 0.121484 0.046875 0.0574219
0 0.487109 0.703516 0.328906 0.0960938
0 0.376172 0.368945 0.071875 0.205859
0 0.492871 0.683594 0.331445 0.1375
0 0.59375 0.613281 0.0234375 0.0421875
0 0.5125 0.321875 0.372656 0.609375
0 0.364648 0.515527 0.120703 0.481445
0 0.0385254 0.829688 0.0731445 0.0625
0 0.30957 0.535937 0.619141 0.5375
0 0.0362305 0.762891 0.0724609 0.175781
0 0.594531 0.613281 0.0265625 0.0578125
0 0.472559 0.713672 0.286133 0.0859375
0 0.516406 0.697656 0.198437 0.228125
0 0.0705078 0.0570313 0.0257812 0.0416016
0 0.035437 0.826563 0.0543213 0.04375
0 0.672266 0.133594 0.0546875 0.0722656
0 0.382129 0.344727 0.0716797 0.156641
0 0.418066 0.441406 0.210742 0.345313
0 0.599219 0.621094 0.0304688 0.0625
0 0.669531 0.12207 0.0523438 0.0695313
0 0.0422363 0.829688 0.078418 0.084375
0 0.0368652 0.717188 0.0737305 0.273438
0 0.682031 0.126563 0.053125 0.0707031
0 0.643359 0.129102 0.108594 0.0759766
0 0.635547 0.0754395 0.120313 0.150879
0 0.676562 0.119629 0.05625 0.0791016
0 0.59375 0.613281 0.034375 0.046875
0 0.033313 0.814844 0.0566162 0.0640625
0 0.0714355 0.0469727 0.0368164 0.0640625
0 0.489063 0.701563 0.257031 0.173438
0 0.506641 0.229883 0.380469 0.426172
0 0.469629 0.582812 0.293555 0.376563
0 0.598437 0.624219 0.0367188 0.075
0 0.0364258 0.805469 0.0639648 0.0875
0 0.458496 0.748438 0.317383 0.35625
0 0.495313 0.733984 0.245312 0.132031
0 0.0686035 0.0558594 0.0407227 0.0515625
0 0.385156 0.315625 0.04375 0.0972656
0 0.675 0.110156 0.046875 0.0777344
0 0.592188 0.617188 0.0359375 0.0617188
0 0.218945 0.399609 0.392578 0.799219
0 0.619531 0.11416 0.157813 0.0689453
0 0.072998 0.0606934 0.0323242 0.0452148
0 0.674219 0.139258 0.0953125 0.09375
0 0.0687988 0.0472168 0.0510742 0.0692383
0 0.6625 0.121094 0.0578125 0.0777344
0 0.628906 0.101074 0.135937 0.0974609
0 0.548438 0.703125 0.128125 0.221875
0 0.35 0.547266 0.104688 0.394531
0 0.597656 0.620313 0.0578125 0.06875
0 0.283203 0.507812 0.111719 0.498437
0 0.23457 0.453516 0.361328 0.378906
0 0.329883 0.520312 0.155078 0.492188
0 0.141406 0.973437 0.0574219 0.040625
0 0.436328 0.703906 0.358594 0.276563
0 0.371484 0.552344 0.146094 0.389844
0 0.145117 0.973437 0.0792969 0.046875
0 0.186719 0.614746 0.358984 0.501758
0 0.0518555 0.669531 0.103711 0.3625
0 0.479785 0.652344 0.313867 0.203125
0 0.0445313 0.70625 0.0890625 0.284375
0 0.389453 0.301367 0.0507812 0.0742188
0 0.0398315 0.814844 0.079126 0.104688
0 0.547656 0.7375 0.1375 0.134375
0 0.6875 0.133203 0.0609375 0.101953
0 0.308008 0.447754 0.226172 0.362305
0 0.388965 0.296484 0.0314453 0.0578125
0 0.229102 0.461621 0.383203 0.55957
0 0.3 0.513281 0.0757812 0.501563
0 0.505469 0.455566 0.357812 0.36543
0 0.440625 0.661719 0.240625 0.177344
0 0.0676758 0.05 0.0685547 0.0746094
0 0.0741211 0.0632813 0.0478516 0.0703125
0 0.584375 0.623438 0.053125 0.075
0 0.317578 0.51084 0.096875 0.49707
0 0.657031 0.421094 0.059375 0.0875
0 0.391504 0.295703 0.0388672 0.0695313
0 0.0513794 0.0473511 0.0945068 0.0769775
0 0.0638672 0.059375 0.0546875 0.0673828
0 0.630469 0.15166 0.257812 0.135742
0 0.435254 0.617969 0.245117 0.275
0 0.097168 0.627344 0.174023 0.4625
0 0.314063 0.811719 0.595313 0.357812
0 0.0518066 0.779492 0.0719727 0.159766
0 0.664844 0.407813 0.0390625 0.0578125
0 0.724219 0.144238 0.167187 0.105273
0 0.322852 0.651172 0.645703 0.600781
0 0.397656 0.316797 0.0648438 0.116406
0 0.677734 0.145996 0.0664062 0.0990234
0 0.630469 0.10918 0.163281 0.179297
0 0.6125 0.0915039 0.170313 0.125195
0 0.586328 0.638672 0.0648438 0.0984375
0 0.664844 0.148633 0.0671875 0.114453
0 0.314063 0.786719 0.628125 0.426563
0 0.677344 0.109961 0.0640625 0.0994141
0 0.343359 0.58125 0.0851563 0.329688
0 0.453906 0.692969 0.279687 0.113281
0 0.634766 0.147949 0.125781 0.127539
0 0.0979492 0.533984 0.155664 0.647656
0 0.410156 0.829688 0.416406 0.33125
0 0.0574219 0.0493286 0.0644531 0.0669678
0 0.283008 0.979297 0.0273438 0.0414063
0 0.359961 0.346875 0.104297 0.160938
0 0.0799805 0.0463013 0.125 0.077124
0 0.233984 0.321875 0.467969 0.617188
0 0.0367676 0.828125 0.0735352 0.110937
0 0.335352 0.530469 0.0640625 0.154688
0 0.317969 0.701172 0.635938 0.597656
0 0.0572266 0.620703 0.114453 0.469531
0 0.148145 0.9625 0.0974609 0.0625
0 0.129688 0.971875 0.0667969 0.04375
0 0.355859 0.688281 0.0492188 0.109375
0 0.331055 0.535547 0.053125 0.127344
0 0.657031 0.105103 0.071875 0.085498
0 0.0469727 0.05 0.0939453 0.0892578
0 0.42959 0.716016 0.200195 0.0789063
0 0.54375 0.204297 0.329688 0.326172
0 0.605469 0.177002 0.429688 0.22334
0 0.590234 0.568652 0.192188 0.425195
0 0.401465 0.5625 0.193945 0.367188
0 0.660937 0.410938 0.0609375 0.0765625
0 0.137598 0.96875 0.0673828 0.04375
0 0.341016 0.561719 0.0867188 0.495313
0 0.645703 0.119727 0.0921875 0.111719
0 0.398828 0.338086 0.06875 0.162109
0 0.101953 0.961719 0.203906 0.06875
0 0.441406 0.706641 0.257031 0.0882813
0 0.396875 0.666016 0.135937 0.169531
0 0.379297 0.410547 0.153906 0.282813
0 0.070752 0.042395 0.105957 0.0599365
0 0.144531 0.951563 0.289062 0.08125
0 0.617578 0.583984 0.157031 0.428906
0 0.683984 0.153613 0.0664062 0.119336
0 0.0813477 0.0632813 0.108398 0.105469
0 0.603906 0.625781 0.0515625 0.078125
0 0.100391 0.0483887 0.128125 0.0750977
0 0.3625 0.669531 0.065625 0.145313
0 0.454688 0.422754 0.272656 0.32168
0 0.500781 0.668359 0.220313 0.164062
0 0.582031 0.0829102 0.239063 0.145117
0 0.458203 0.273438 0.349219 0.525781
0 0.162402 0.95625 0.145508 0.084375
0 0.659375 0.436719 0.0625 0.0875
0 0.748438 0.152441 0.190625 0.144336
0 0.520703 0.748828 0.192969 0.149219
0 0.670703 0.100684 0.05625 0.0904297
0 0.315039 0.763672 0.630078 0.472656
0 0.0470215 0.81875 0.0926758 0.139063
0 0.610156 0.624609 0.06875 0.102344
0 0.630469 0.577734 0.125 0.525781
0 0.387891 0.621094 0.130469 0.253125
0 0.0594727 0.692187 0.118945 0.315625
0 0.603125 0.647656 0.059375 0.123438
0 0.674609 0.0797852 0.169531 0.15957
0 0.351953 0.296484 0.703906 0.588281
0 0.427734 0.679688 0.196094 0.140625
0 0.482812 0.602344 0.351562 0.29375
0 0.0486206 0.0703125 0.0845947 0.123828
0 0.0655762 0.0723633 0.0569336 0.0771484
0 0.501563 0.392578 0.025 0.0460938
0 0.677734 0.160352 0.283594 0.151172
0 0.366211 0.218945 0.119922 0.437891
0 0.291211 0.565625 0.194141 0.376563
0 0.354297 0.331055 0.146875 0.212891
0 0.357227 0.4875 0.107422 0.375
0 0.3875 0.374609 0.0734375 0.219531
0 0.362891 0.684766 0.502344 0.292969
0 0.704688 0.152539 0.10625 0.117969
0 0.0788086 0.0658691 0.0654297 0.0879883
0 0.420703 0.7 0.175 0.101562
0 0.56709 0.277344 0.456445 0.398438
0 0.697656 0.132812 0.0765625 0.164844
0 0.292188 0.274219 0.584375 0.528125
0 0.440625 0.263281 0.248438 0.526563
0 0.666406 0.396875 0.0625 0.107813
0 0.634766 0.136914 0.402344 0.210156
0 0.514453 0.436328 0.379688 0.750781
0 0.138672 0.989062 0.103906 0.021875
0 0.126758 0.972656 0.128125 0.0546875
0 0.0540039 0.0593872 0.0724609 0.0757568
0 0.370313 0.60625 0.103125 0.2875
0 0.504297 0.398828 0.05625 0.0578125
0 0.628516 0.448438 0.742969 0.745313
0 0.649219 0.427344 0.0640625 0.0921875
0 0.496875 0.387402 0.0328125 0.0548828
0 0.0521973 0.614844 0.0795898 0.5
0 0.0711914 0.0378906 0.142383 0.0757812
0 0.312695 0.669922 0.625391 0.416406
0 0.597656 0.120508 0.204688 0.105859
0 0.163672 0.969531 0.141406 0.0609375
0 0.376953 0.320312 0.0617188 0.121094
0 0.416797 0.216211 0.124219 0.432422
0 0.0445313 0.0820068 0.0890625 0.152393
0 0.385156 0.217188 0.108594 0.434375
0 0.054834 0.786719 0.109668 0.171875
0 0.289648 0.98125 0.0285156 0.0375
0 0.460059 0.792969 0.362695 0.410938
0 0.662891 0.103711 0.207031 0.207422
0 0.444922 0.285596 0.158594 0.264746
0 0.653906 0.448438 0.0617188 0.05625
0 0.596094 0.610938 0.0390625 0.0734375
0 0.45625 0.223828 0.11875 0.447656
0 0.665625 0.429688 0.0875 0.144531
0 0.612891 0.517969 0.154688 0.339063
0 0.502344 0.00185547 0.3 0.00371094
0 0.0365723 0.814063 0.0731445 0.278125
0 0.502344 0.396875 0.0390625 0.0523438
0 0.358594 0.710547 0.046875 0.0609375
0 0.489746 0.767969 0.275195 0.179688
0 0.654688 0.164258 0.0921875 0.149219
0 0.710547 0.150684 0.225781 0.151758
0 0.653906 0.437109 0.0625 0.0695313
0 0.697266 0.339453 0.028125 0.0613281
0 0.282813 0.979688 0.0492188 0.040625
0 0.621875 0.64834 0.703125 0.698633
0 0.0735352 0.0172363 0.14707 0.0344727
0 0.575781 0.625781 0.0640625 0.0875
0 0.612891 0.646094 0.0679687 0.151562
0 0.356055 0.701563 0.0457031 0.08125
0 0.0912109 0.0660645 0.182422 0.132129
0 0.358594 0.389062 0.201563 0.234375
0 0.678516 0.167871 0.0695313 0.145508
0 0.170703 0.948438 0.178125 0.103125
0 0.0706543 0.648438 0.133691 0.4125
0 0.438672 0.343359 0.150781 0.158594
0 0.698438 0.171484 0.096875 0.153906
0 0.359375 0.273438 0.155469 0.546875
0 0.591504 0.329297 0.735742 0.503906
0 0.299609 0.908594 0.0898438 0.0640625
0 0.597266 0.6125 0.046875 0.0882813
0 0.445703 0.230518 0.146094 0.371777
0 0.0462769 0.845313 0.0810791 0.114063
0 0.0550781 0.734375 0.110156 0.259375
0 0.408496 0.642188 0.167383 0.214062
0 0.492969 0.383691 0.046875 0.0810547
0 0.55625 0.0835937 0.35 0.15625
0 0.385938 0.305664 0.0554687 0.0953125
0 0.35 0.364844 0.147656 0.222656
0 0.569531 0.134375 0.335938 0.227344
0 0.0993896 0.431641 0.127393 0.825781
0 0.666016 0.403516 0.0773438 0.130469
0 0.774219 0.141772 0.245312 0.193018
0 0.375684 0.624609 0.226758 0.254688
0 0.0675781 0.814844 0.135156 0.13125
0 0.137598 0.301172 0.221289 0.569531
0 0.472754 0.39541 0.324805 0.249805
0 0.393359 0.296094 0.0484375 0.103906
0 0.139453 0.0015625 0.278906 0.003125
0 0.0356689 0.757812 0.0713379 0.20625
0 0.664844 0.449219 0.0390625 0.0492188
0 0.496094 0.391016 0.06875 0.0757812
0 0.457715 0.53125 0.325195 0.521875
0 0.460547 0.575781 0.301563 0.392969
0 0.676562 0.115332 0.028125 0.0458984
0 0.334375 0.521875 0.640625 0.534375
0 0.358984 0.460254 0.119531 0.393555
0 0.366016 0.525879 0.153906 0.501367
0 0.0385254 0.772656 0.0760742 0.154688
0 0.675 0.113281 0.0375 0.0546875
0 0.408691 0.52334 0.24668 0.504883
0 0.35918 0.411035 0.130078 0.291992
0 0.462109 0.634375 0.325781 0.292188
0 0.270898 0.523047 0.369141 0.516406
0 0.391406 0.5125 0.346094 0.507031
0 0.66875 0.115918 0.0390625 0.0541016
0 0.68125 0.11543 0.0359375 0.0503906
0 0.351953 0.487891 0.121875 0.521094
0 0.0378906 0.784375 0.0625977 0.128125
0 0.472656 0.700781 0.283594 0.148438
0 0.678125 0.121289 0.0429688 0.0658203
0 0.409473 0.320703 0.593555 0.641406
0 0.338477 0.522656 0.155859 0.510938
0 0.407129 0.586719 0.216992 0.323438
0 0.473047 0.655859 0.298438 0.207031
0 0.405859 0.336328 0.811719 0.672656
0 0.0395508 0.718359 0.0791016 0.263281
0 0.0346436 0.746875 0.0692871 0.253125
0 0.672656 0.110254 0.0484375 0.0708984
0 0.68125 0.144141 0.071875 0.105469
0 0.188281 0.557715 0.326562 0.63457
0 0.628125 0.458984 0.74375 0.910156
0 0.666406 0.14082 0.0578125 0.0976562
0 0.66875 0.120508 0.05625 0.071875
0 0.0508789 0.638281 0.101758 0.423438
0 0.475781 0.404687 0.471094 0.754687
0 0.688281 0.122656 0.0507812 0.0703125
0 0.513281 0.693359 0.213281 0.219531
0 0.378516 0.348438 0.0617188 0.160938
0 0.672656 0.132129 0.0640625 0.0773438
0 0.0417114 0.799805 0.077124 0.125391
0 0.298096 0.450879 0.262402 0.36543
0 0.592188 0.613281 0.03125 0.046875
0 0.595703 0.610938 0.0273438 0.040625
0 0.235205 0.443359 0.363184 0.358594
0 0.0354004 0.825781 0.0415039 0.04375
0 0.594531 0.619531 0.034375 0.0632813
0 0.0364746 0.7 0.0729492 0.309375
0 0.680469 0.153516 0.0875 0.1375
0 0.0338745 0.810938 0.0486572 0.071875
0 0.658984 0.130078 0.0742188 0.0964844
0 0.0390503 0.826563 0.0670166 0.06875
0 0.639844 0.139453 0.103125 0.0992187
0 0.382422 0.33418 0.0523438 0.130078
0 0.053418 0.771484 0.106836 0.178906
0 0.353906 0.576563 0.109375 0.342187
0 0.496484 0.671875 0.228125 0.171875
0 0.0740234 0.6375 0.1125 0.476562
0 0.644531 0.152344 0.0953125 0.132422
0 0.0828369 0.55625 0.118311 0.632812
0 0.652734 0.0838867 0.084375 0.158398
0 0.0350342 0.821484 0.0700684 0.357031
0 0.626953 0.587109 0.746094 0.825781
0 0.0413208 0.828125 0.0798584 0.0890625
0 0.459766 0.438672 0.289062 0.327344
0 0.703125 0.14541 0.101562 0.10918
0 0.685938 0.12168 0.0625 0.0875
0 0.674609 0.10957 0.0867188 0.214453
0 0.952344 0.203125 0.0953125 0.40625
0 0.232031 0.476953 0.410156 0.469531
0 0.532129 0.544141 0.462305 0.580469
0 0.0564453 0.709375 0.112891 0.296875
0 0.355859 0.382715 0.103125 0.236133
0 0.336328 0.462402 0.135156 0.404883
0 0.659375 0.0734375 0.071875 0.146875
0 0.677344 0.113281 0.059375 0.0878906
0 0.705469 0.155371 0.110937 0.144727
0 0.0531738 0.606641 0.087207 0.541406
0 0.739844 0.449219 0.520312 0.898438
0 0.421973 0.662109 0.198242 0.192969
0 0.0473633 0.783594 0.0732422 0.15
0 0.538281 0.689063 0.154688 0.2125
0 0.0327637 0.821094 0.0522461 0.0640625
0 0.910937 0.378906 0.178125 0.757812
0 0.339648 0.548047 0.0871094 0.455469
0 0.584375 0.621094 0.0546875 0.071875
0 0.419922 0.635156 0.230469 0.2375
0 0.334766 0.597656 0.101562 0.304688
0 0.632812 0.127441 0.117188 0.0982422
0 0.939063 0.320508 0.121875 0.641016
0 0.660937 0.375 0.678125 0.75
0 0.555469 0.702344 0.126563 0.209375
0 0.361523 0.658594 0.259766 0.209375
0 0.381152 0.60625 0.162695 0.282813
0 0.398047 0.635156 0.15625 0.226562
0 0.680469 0.0747559 0.0820312 0.149512
0 0.429688 0.703906 0.220313 0.139063
0 0.0584961 0.806055 0.116992 0.144141
0 0.283203 0.296094 0.524219 0.592188
0 0.240625 0.323047 0.3875 0.646094
0 0.591406 0.4375 0.817187 0.740625
0 0.325 0.602344 0.65 0.346875
0 0.636719 0.170703 0.115625 0.167578
0 0.700391 0.112012 0.104688 0.224023
0 0.699219 0.135742 0.08125 0.126953
0 0.860742 0.402344 0.278516 0.804688
0 0.413379 0.653906 0.407617 0.251563
0 0.449219 0.726562 0.249219 0.109375
0 0.984375 0.223047 0.03125 0.446094
0 0.289648 0.610547 0.180078 0.280469
0 0.589844 0.6125 0.0390625 0.0546875
0 0.702734 0.0775391 0.101562 0.155078
0 0.470215 0.387109 0.24707 0.249219
0 0.678906 0.170508 0.06875 0.150391
0 0.990625 0.909375 0.01875 0.18125
0 0.65625 0.111304 0.0734375 0.0730957
0 0.3375 0.613281 0.141406 0.271875
0 0.432422 0.232031 0.535937 0.44375
0 0.571094 0.625391 0.08125 0.0851563
0 0.598047 0.613281 0.0328125 0.05
0 0.989844 0.874609 0.0203125 0.250781
0 0.907031 0.217188 0.185938 0.434375
0 0.630469 0.0900391 0.120313 0.157031
0 0.664844 0.166992 0.06875 0.148828
0 0.384375 0.324219 0.0703125 0.114844
0 0.484375 0.300586 0.444531 0.531641
0 0.0475708 0.823242 0.0925537 0.125391
0 0.392188 0.545703 0.1875 0.410938
0 0.636719 0.0749512 0.104688 0.149902
0 0.305078 0.601953 0.610156 0.553906
0 0.988281 0.831836 0.0234375 0.336328
0 0.375391 0.870313 0.520312 0.217188
0 0.469922 0.532031 0.305469 0.51875
0 0.672656 0.116211 0.0265625 0.0361328
0 0.672656 0.118164 0.0296875 0.0464844
0 0.0360352 0.826563 0.0541016 0.046875
0 0.0307495 0.826563 0.0383057 0.0359375
0 0.673828 0.124023 0.034375 0.0605469
0 0.503125 0.45625 0.371094 0.36875
0 0.592969 0.6125 0.025 0.0359375
0 0.668359 0.116113 0.0375 0.0408203
0 0.679688 0.118262 0.034375 0.0482422
0 0.0390503 0.83125 0.0703369 0.06875
0 0.4625 0.615234 0.310937 0.344531
0 0.671484 0.109277 0.03125 0.0369141
0 0.370898 0.478027 0.119922 0.417383
0 0.0379883 0.816406 0.0556641 0.05625
0 0.034668 0.821875 0.0470703 0.0375
0 0.370117 0.44209 0.0988281 0.350195
0 0.685547 0.126758 0.046875 0.0652344
0 0.0705566 0.0607422 0.0233398 0.0351562
0 0.383594 0.344922 0.0476562 0.148438
0 0.0404419 0.805469 0.0656006 0.0984375
0 0.400098 0.464453 0.176367 0.39375
0 0.663281 0.126465 0.053125 0.0607422
0 0.394434 0.396777 0.14707 0.258008
0 0.352734 0.487109 0.104688 0.521094
0 0.0382813 0.762109 0.0765625 0.269531
0 0.0376953 0.827344 0.0753906 0.34375
0 0.696875 0.130859 0.08125 0.0746094
0 0.664844 0.419531 0.046875 0.0898438
0 0.666016 0.401563 0.0382813 0.0453125
0 0.594141 0.6125 0.03125 0.04375
0 0.683594 0.133203 0.0570313 0.0726563
0 0.591406 0.60625 0.0296875 0.034375
0 0.0448242 0.776758 0.0845703 0.149609
0 0.692969 0.147363 0.0671875 0.0962891
0 0.680469 0.112891 0.0445313 0.0507812
0 0.0364746 0.853125 0.0631836 0.096875
0 0.591406 0.617969 0.0265625 0.053125
0 0.498047 0.392871 0.299219 0.233008
0 0.378027 0.359766 0.0564453 0.18125
0 0.670313 0.111523 0.0484375 0.0453125
0 0.589844 0.628516 0.0328125 0.0726563
0 0.654688 0.423047 0.0632813 0.09375
0 0.377344 0.384766 0.0734375 0.228906
0 0.0420044 0.860938 0.0782959 0.109375
0 0.515234 0.3875 0.358594 0.657813
0 0.0305908 0.832812 0.0611816 0.05625
0 0.498828 0.390625 0.0273438 0.040625
0 0.0709473 0.055957 0.0307617 0.0345703
0 0.383594 0.361133 0.0554687 0.216797
0 0.661719 0.400781 0.040625 0.0375
0 0.172266 0.12793 0.0351562 0.0394531
0 0.673438 0.147656 0.0523438 0.0984375
0 0.460938 0.638281 0.279687 0.242188
0 0.0422363 0.835156 0.0838867 0.084375
0 0.583594 0.632422 0.0484375 0.075
0 0.0359619 0.8375 0.0719238 0.126563
0 0.0458862 0.815625 0.0845947 0.220313
0 0.710156 0.143066 0.111719 0.100586
0 0.494531 0.388184 0.0328125 0.0392578
0 0.50625 0.396094 0.0453125 0.05
0 0.589063 0.610547 0.040625 0.0421875
0 0.06875 0.0606445 0.0351562 0.0416016
0 0.17793 0.124902 0.028125 0.034375
0 0.555469 0.531348 0.275 0.360742
0 0.388184 0.287109 0.0314453 0.0328125
0 0.520215 0.555859 0.376758 0.513281
0 0.458203 0.397754 0.257031 0.254492
0 0.399609 0.357812 0.0960938 0.176563
0 0.390234 0.300781 0.66875 0.601562
0 0.0461792 0.834375 0.0855713 0.110937
0 0.500391 0.392578 0.034375 0.0492188
0 0.0421387 0.722656 0.0842773 0.365625
0 0.596094 0.620313 0.034375 0.065625
0 0.664453 0.395313 0.0382813 0.0414063
0 0.325586 0.526953 0.637891 0.536719
0 0.575781 0.635938 0.0640625 0.0875
0 0.656641 0.408594 0.0554687 0.0625
0 0.0714844 0.0629883 0.0269531 0.0507812
0 0.0466309 0.732031 0.0864258 0.246875
0 0.71875 0.127344 0.11875 0.0660156
0 0.0319824 0.867969 0.0639648 0.167187
0 0.0338867 0.769531 0.0677734 0.460938
0 0.671875 0.435156 0.0328125 0.071875
0 0.357422 0.563379 0.113281 0.413867
0 0.494141 0.3875 0.0382813 0.0546875
0 0.0468262 0.792969 0.0717773 0.145313
0 0.463281 0.673047 0.257812 0.183594
0 0.437109 0.462891 0.257031 0.419531
0 0.647656 0.430469 0.0734375 0.114063
0 0.390625 0.294727 0.0421875 0.0566406
0 0.674609 0.161523 0.0648438 0.120313
0 0.0473633 0.685156 0.0947266 0.470313
0 0.507031 0.699219 0.215625 0.207813
0 0.466016 0.366797 0.227344 0.196875
0 0.391406 0.313672 0.0492188 0.090625
0 0.531641 0.323047 0.346094 0.489844
0 0.0487305 0.689453 0.0974609 0.369531
0 0.682031 0.153711 0.0953125 0.119141
0 0.667188 0.485938 0.0601563 0.128125
0 0.3875 0.525 0.149219 0.503125
0 0.168848 0.131055 0.0521484 0.0441406
0 0.685938 0.117383 0.0570313 0.0667969
0 0.653906 0.151758 0.075 0.107031
0 0.0327881 0.900781 0.0655762 0.198437
0 0.291406 0.520312 0.426563 0.525
0 0.414453 0.596875 0.219531 0.335938
0 0.0677734 0.0577148 0.0447266 0.0462891
0 0.503516 0.389062 0.046875 0.0578125
0 0.6375 0.397656 0.698438 0.652344
0 0.664062 0.397266 0.05 0.0578125
0 0.425 0.333008 0.85 0.657422
0 0.672656 0.452344 0.0320312 0.0632813
0 0.217773 0.535059 0.397266 0.562695
0 0.524219 0.726953 0.1875 0.152344
0 0.0306152 0.80957 0.0582031 0.0714844
0 0.672656 0.133594 0.0546875 0.0757812
0 0.430859 0.38291 0.160938 0.223242
0 0.367383 0.596094 0.124609 0.321094
0 0.425391 0.331641 0.198437 0.536719
0 0.0723145 0.0627441 0.0329102 0.0606445
0 0.0574341 0.765234 0.0972412 0.219531
0 0.155469 0.131934 0.0589844 0.0431641
0 0.499219 0.385254 0.0578125 0.0873047
0 0.518359 0.405078 0.0757812 0.0929688
0 0.029541 0.829688 0.059082 0.19375
0 0.179248 0.125781 0.0407227 0.0417969
0 0.383203 0.321875 0.0398437 0.102734
0 0.626172 0.615234 0.557031 0.546094
0 0.0787109 0.057373 0.0355469 0.0454102
0 0.285352 0.480469 0.273047 0.446875
0 0.515625 0.401563 0.05625 0.0570313
0 0.510938 0.396973 0.0703125 0.0951172
0 0.0453613 0.875 0.0891602 0.078125
0 0.485156 0.276172 0.442188 0.479688
0 0.658594 0.448828 0.0546875 0.0664062
0 0.0671875 0.814063 0.119531 0.159375
0 0.647266 0.147656 0.705469 0.259375
0 0.0304199 0.817969 0.0608398 0.0953125
0 0.458691 0.742969 0.191992 0.0796875
0 0.596875 0.617969 0.05 0.0625
0 0.671484 0.449609 0.0265625 0.0445313
0 0.632031 0.413184 0.123438 0.123633
0 0.451172 0.534375 0.292969 0.528125
0 0.321484 0.550781 0.642969 0.585938
0 0.0324707 0.825 0.050293 0.05
0 0.213086 0.463379 0.426172 0.74043
0 0.0330566 0.826563 0.059082 0.06875
0 0.215625 0.529688 0.43125 0.528125
0 0.0333862 0.817187 0.0552979 0.059375
0 0.676172 0.115039 0.0289063 0.0392578
0 0.68125 0.117188 0.0367188 0.0574219
0 0.0361816 0.786133 0.0723633 0.124609
0 0.385547 0.347266 0.0429688 0.155469
0 0.675 0.117773 0.021875 0.0445313
0 0.503027 0.570703 0.44082 0.616406
0 0.673828 0.110156 0.0320312 0.0433594
0 0.0357422 0.803125 0.0714844 0.084375
0 0.578809 0.588672 0.651758 0.652344
0 0.678125 0.125391 0.03125 0.0640625
0 0.0390625 0.749609 0.078125 0.192969
0 0.0551758 0.65625 0.110352 0.384375
0 0.686719 0.127344 0.046875 0.0683594
0 0.378906 0.560547 0.147656 0.394531
0 0.362305 0.460938 0.103516 0.415625
0 0.653516 0.507031 0.692969 0.696875
0 0.670313 0.115723 0.0398437 0.0449219
0 0.036084 0.825 0.072168 0.0546875
0 0.351172 0.481641 0.103906 0.535156
0 0.0441895 0.717969 0.0883789 0.264062
0 0.0372559 0.835938 0.0729492 0.096875
0 0.6875 0.115625 0.05 0.0617188
0 0.0454956 0.77832 0.0886963 0.140234
0 0.0431519 0.799219 0.0777588 0.0984375
0 0.384473 0.532031 0.460742 0.49375
0 0.675 0.125391 0.0234375 0.05625
0 0.0340576 0.714844 0.0681152 0.29375
0 0.454297 0.655469 0.300781 0.2125
0 0.461328 0.71875 0.253125 0.153125
0 0.361133 0.545996 0.111328 0.504883
0 0.59375 0.612891 0.025 0.0390625
0 0.042627 0.826563 0.0603516 0.065625
0 0.692187 0.124414 0.0671875 0.0636719
0 0.465723 0.679688 0.270117 0.170313
0 0.649316 0.644922 0.701367 0.689844
0 0.694531 0.112207 0.071875 0.0517578
0 0.0322266 0.756641 0.0644531 0.232031
0 0.671875 0.110449 0.0484375 0.0474609
0 0.0331055 0.8125 0.0662109 0.090625
0 0.0297607 0.822656 0.0595215 0.173438
0 0.213672 0.376563 0.423438 0.753125
0 0.391406 0.332813 0.0515625 0.134375
0 0.0714355 0.0605957 0.022168 0.0375977
0 0.682813 0.133789 0.0375 0.06875
0 0.682422 0.6125 0.605469 0.55625
0 0.381152 0.354492 0.0486328 0.192578
0 0.032666 0.859375 0.065332 0.170313
0 0.409277 0.585938 0.19707 0.3375
0 0.0318115 0.767969 0.063623 0.332813
0 0.593359 0.63125 0.025 0.08125
0 0.693359 0.134277 0.0601563 0.0716797
0 0.596484 0.614062 0.03125 0.0546875
0 0.455078 0.7375 0.171875 0.0734375
0 0.0422852 0.684375 0.0845703 0.334375
0 0.383496 0.477246 0.136133 0.450195
0 0.0576172 0.792969 0.105859 0.134375
0 0.372266 0.397266 0.0734375 0.251563
0 0.672266 0.124023 0.0390625 0.0664062
0 0.589844 0.641406 0.0296875 0.100781
0 0.033667 0.820312 0.067334 0.359375
0 0.0188232 0.660156 0.0376465 0.404687
0 0.366797 0.422559 0.090625 0.31582
0 0.45625 0.741016 0.120313 0.0945313
0 0.679688 0.112988 0.08125 0.0478516
0 0.676562 0.10498 0.034375 0.0541016
0 0.663281 0.127344 0.05 0.078125
0 0.0345215 0.857031 0.0644531 0.1125
0 0.0675781 0.826563 0.126367 0.090625
0 0.453125 0.649609 0.307031 0.297656
0 0.403516 0.735938 0.134375 0.117188
0 0.0565918 0.744531 0.10459 0.209375
0 0.21875 0.424609 0.391406 0.557813
0 0.273633 0.511621 0.291016 0.493945
0 0.513281 0.734375 0.20625 0.157813
0 0.350586 0.565527 0.111328 0.381445
0 0.709766 0.113965 0.100781 0.0556641
0 0.707031 0.125 0.0914062 0.0636719
0 0.344141 0.560547 0.102344 0.507031
0 0.414844 0.677734 0.169531 0.157031
0 0.375879 0.360547 0.0701172 0.178906
0 0.65 0.373242 0.679688 0.746484
0 0.596875 0.628906 0.034375 0.0875
0 0.678906 0.126074 0.071875 0.0607422
0 0.0369629 0.635156 0.0739258 0.473438
0 0.5 0.707422 0.221875 0.203906
0 0.590625 0.610938 0.0375 0.0484375
0 0.150098 0.586328 0.300195 0.527344
0 0.439844 0.747656 0.138281 0.13125
0 0.152637 0.442188 0.305273 0.7875
0 0.445312 0.699609 0.228125 0.125
0 0.512109 0.367578 0.379688 0.735156
0 0.419922 0.739062 0.171875 0.1
0 0.0723145 0.0564941 0.028418 0.0391602
0 0.462109 0.584766 0.294531 0.355469
0 0.351953 0.703906 0.03125 0.0875
0 0.176758 0.128125 0.0390625 0.0417969
0 0.435156 0.732031 0.167187 0.0703125
0 0.413672 0.645312 0.179688 0.229687
0 0.676562 0.133984 0.028125 0.0644531
0 0.661719 0.120605 0.0609375 0.0591797
0 0.180078 0.123242 0.0269531 0.0335938
0 0.581641 0.647656 0.053125 0.110156
0 0.0338379 0.873828 0.0676758 0.252344
0 0.0578613 0.690625 0.115723 0.314063
0 0.682813 0.104199 0.04375 0.0564453
0 0.704688 0.141211 0.0890625 0.0832031
0 0.501953 0.672266 0.202344 0.169531
0 0.0919922 0.774609 0.183984 0.230469
0 0.450098 0.523828 0.281055 0.488281
0 0.675 0.114844 0.0273438 0.0371094
0 0.383691 0.348828 0.0466797 0.157031
0 0.0316895 0.824219 0.0493164 0.0390625
0 0.032605 0.815625 0.0580322 0.065625
0 0.673828 0.118555 0.0304688 0.0476562
0 0.348633 0.491406 0.0996094 0.440625
0 0.0314453 0.828125 0.0570313 0.053125
0 0.374609 0.520215 0.150781 0.487695
0 0.0343262 0.782617 0.0686523 0.141016
0 0.676562 0.124707 0.0359375 0.0587891
0 0.360352 0.520312 0.510547 0.498437
0 0.680469 0.117383 0.034375 0.0478516
0 0.288086 0.520703 0.261328 0.508594
0 0.267578 0.520703 0.389844 0.497656
0 0.673438 0.111719 0.0335938 0.0414063
0 0.667188 0.116602 0.0359375 0.0414063
0 0.684375 0.125488 0.05 0.0619141
0 0.037207 0.742188 0.0744141 0.210938
0 0.217188 0.455078 0.396094 0.688281
0 0.0416504 0.796875 0.0791992 0.103125
0 0.389941 0.340039 0.0482422 0.142578
0 0.0367188 0.832812 0.0695313 0.065625
0 0.0325684 0.713281 0.0651367 0.29375
0 0.400781 0.553516 0.185938 0.391406
0 0.035791 0.8125 0.0678711 0.0828125
0 0.378125 0.359766 0.0460938 0.171875
0 0.0317627 0.825 0.0635254 0.0625
0 0.0469727 0.672656 0.0939453 0.354688
0 0.669922 0.128809 0.071875 0.0632813
0 0.667969 0.111523 0.04375 0.0449219
0 0.37168 0.461816 0.119922 0.39668
0 0.0435059 0.721094 0.0870117 0.2625
0 0.0321289 0.84375 0.0631836 0.084375
0 0.689063 0.129785 0.0640625 0.0669922
0 0.693359 0.120996 0.0609375 0.0585938
0 0.480078 0.550391 0.352344 0.571094
0 0.660937 0.13252 0.053125 0.0779297
0 0.0307617 0.846094 0.0615234 0.096875
0 0.667188 0.124219 0.0953125 0.0597656
0 0.461816 0.726172 0.262305 0.150781
0 0.371094 0.349023 0.0515625 0.161328
0 0.0464355 0.78457 0.0831055 0.143359
0 0.496094 0.701563 0.209375 0.21875
0 0.657031 0.125 0.0632813 0.0640625
0 0.036377 0.648828 0.0727539 0.408594
0 0.358594 0.431152 0.0945313 0.333008
0 0.325 0.4875 0.146094 0.432813
0 0.0403809 0.820312 0.0807617 0.08125
0 0.0334229 0.778906 0.0668457 0.234375
0 0.653516 0.112207 0.0992187 0.0982422
0 0.591797 0.612109 0.0296875 0.0453125
0 0.363086 0.557715 0.116016 0.386133
0 0.042395 0.828906 0.05896 0.0546875
0 0.718359 0.121289 0.108594 0.0634766
0 0.514844 0.735547 0.184375 0.161719
0 0.0706055 0.059082 0.0244141 0.0333984
0 0.621875 0.111719 0.155469 0.113672
0 0.424219 0.607813 0.2375 0.285938
0 0.5875 0.64375 0.0335938 0.096875
0 0.448047 0.661719 0.329688 0.201563
0 0.644531 0.133203 0.0921875 0.0914062
0 0.0323975 0.823242 0.0647949 0.141016
0 0.675781 0.105078 0.034375 0.0574219
0 0.0289063 0.801367 0.0578125 0.0941406
0 0.622656 0.128516 0.165625 0.0734375
0 0.0300781 0.827344 0.0601563 0.10625
0 0.689063 0.114844 0.05 0.0710938
0 0.475 0.69375 0.2875 0.153125
0 0.0571289 0.658594 0.114258 0.404687
0 0.0426758 0.820312 0.0646484 0.071875
0 0.333984 0.542188 0.0546875 0.15
0 0.664062 0.144922 0.0789063 0.0960938
0 0.0638672 0.817383 0.127734 0.124609
0 0.382422 0.590625 0.157031 0.325
0 0.360547 0.689063 0.0617188 0.126563
0 0.652344 0.440625 0.0640625 0.125
0 0.366016 0.383984 0.0804688 0.238281
0 0.657813 0.0863281 0.09375 0.127148
0 0.579688 0.649219 0.0515625 0.107031
0 0.523438 0.683594 0.15625 0.185938
0 0.3875 0.288867 0.0429688 0.0480469
0 0.0622559 0.6875 0.124512 0.315625
0 0.0213379 0.658984 0.0426758 0.405469
0 0.05625 0.775 0.111914 0.164062
0 0.345703 0.590234 0.116406 0.333594
0 0.697656 0.130371 0.0703125 0.0939453
0 0.691406 0.142383 0.059375 0.0886719
0 0.592969 0.6125 0.0234375 0.0367188
0 0.689844 0.113867 0.05625 0.103906
0 0.297852 0.573828 0.197266 0.35
0 0.342187 0.557031 0.1 0.482812
0 0.277344 0.945312 0.554688 0.109375
0 0.0347656 0.864062 0.0645508 0.053125
0 0.370313 0.36582 0.065625 0.196484
0 0.620313 0.149414 0.150781 0.105859
0 0.572754 0.54834 0.585742 0.61582
0 0.514844 0.535156 0.165625 0.489063
0 0.457129 0.513672 0.293555 0.482031
0 0.673438 0.115039 0.025 0.0328125
0 0.674609 0.117383 0.0273438 0.0441406
0 0.349414 0.488672 0.106641 0.461719
0 0.38125 0.349219 0.0421875 0.159375
0 0.047998 0.70625 0.0959961 0.290625
0 0.0435547 0.765625 0.0871094 0.165625
0 0.66875 0.115039 0.0328125 0.0410156
0 0.674219 0.126855 0.034375 0.0623047
0 0.0403809 0.785156 0.0807617 0.128125
0 0.409375 0.518359 0.176563 0.490625
0 0.37207 0.353125 0.0746094 0.167187
0 0.682031 0.128711 0.0484375 0.0667969
0 0.0326294 0.824219 0.0499756 0.0390625
0 0.0493652 0.733984 0.0987305 0.225781
0 0.673047 0.117871 0.0359375 0.0572266
0 0.664844 0.125684 0.0671875 0.0615234
0 0.369922 0.478516 0.102344 0.411719
0 0.346875 0.564844 0.103906 0.373437
0 0.461328 0.610547 0.317969 0.283594
0 0.375684 0.35957 0.0392578 0.175391
0 0.464063 0.721094 0.280469 0.121875
0 0.457813 0.65 0.290625 0.214062
0 0.360742 0.424219 0.0917969 0.315625
0 0.666406 0.112695 0.0429688 0.0466797
0 0.380859 0.593359 0.15 0.317969
0 0.523047 0.552344 0.464063 0.579688
0 0.0449219 0.667188 0.0898438 0.375
0 0.653906 0.12334 0.06875 0.0685547
0 0.387891 0.357422 0.0445313 0.170313
0 0.659375 0.119727 0.084375 0.0484375
0 0.690234 0.132812 0.0507812 0.0707031
0 0.321289 0.479785 0.147266 0.42793
0 0.467969 0.701563 0.292188 0.121875
0 0.0365723 0.738281 0.0731445 0.240625
0 0.0336426 0.821875 0.0570313 0.05
0 0.650781 0.126758 0.090625 0.0636719
0 0.037207 0.79375 0.0607422 0.10625
0 0.362891 0.550781 0.111719 0.389062
0 0.716406 0.125586 0.134375 0.0628906
0 0.712109 0.123047 0.202344 0.0539063
0 0.586719 0.641406 0.0328125 0.0984375
0 0.634277 0.385547 0.625195 0.771094
0 0.176367 0.125977 0.0324219 0.0472656
0 0.0376953 0.801367 0.0753906 0.103516
0 0.635547 0.0900391 0.114844 0.122656
0 0.642969 0.119165 0.09375 0.0917481
0 0.362305 0.463281 0.0933594 0.538281
0 0.378027 0.674219 0.0845703 0.14375
0 0.362891 0.380859 0.0828125 0.228125
0 0.653516 0.0925781 0.0820312 0.108398
0 0.591406 0.621875 0.0382813 0.065625
0 0.671875 0.145508 0.065625 0.0957031
0 0.650781 0.151562 0.0914062 0.109375
0 0.415527 0.613281 0.225195 0.265625
0 0.461719 0.737891 0.05625 0.03125
0 0.391797 0.338281 0.0515625 0.14375
0 0.642188 0.485938 0.7 0.840625
0 0.638281 0.119141 0.114063 0.0527344
0 0.701563 0.129688 0.4125 0.0722656
0 0.439941 0.807813 0.357617 0.384375
0 0.351953 0.511035 0.200781 0.504492
0 0.469531 0.735156 0.0609375 0.0328125
0 0.340625 0.535547 0.053125 0.157031
0 0.580078 0.649219 0.0515625 0.114063
0 0.608203 0.609766 0.614844 0.722656
0 0.0263184 0.664062 0.0526367 0.379688
0 0.34082 0.555078 0.0980469 0.503906
0 0.628125 0.093042 0.640625 0.16626
0 0.593359 0.622656 0.0242188 0.05625
0 0.294531 0.403027 0.234375 0.742383
0 0.028833 0.716406 0.057666 0.2875
0 0.501953 0.729297 0.225 0.174219
0 0.830469 0.15 0.0453125 0.0466797
0 0.36543 0.678516 0.0714844 0.128906
0 0.844531 0.163086 0.1375 0.0910156
0 0.671875 0.132227 0.0523438 0.0730469
0 0.470313 0.734375 0.115625 0.0421875
0 0.299805 0.503516 0.241016 0.525781
0 0.591016 0.634375 0.0289063 0.084375
0 0.629687 0.11709 0.1375 0.100977
0 0.560547 0.436328 0.500781 0.689844
0 0.670313 0.106055 0.0484375 0.0636719
0 0.0708008 0.061084 0.0246094 0.0389648
0 0.510547 0.538672 0.183594 0.415625
0 0.474219 0.7375 0.103125 0.0328125
0 0.0359131 0.786719 0.0718262 0.28125
0 0.438281 0.276953 0.714063 0.528906
0 0.0164063 0.642188 0.0328125 0.4
0 0.614844 0.0833984 0.160156 0.146094
0 0.507031 0.324023 0.548438 0.628516
0 0.823438 0.147461 0.0515625 0.0460938
0 0.835938 0.15791 0.046875 0.0607422
0 0.101367 0.453125 0.157031 0.810938
0 0.333984 0.494141 0.120313 0.523438
0 0.369727 0.632031 0.133203 0.229687
0 0.238232 0.396484 0.329004 0.792969
0 0.565234 0.644922 0.0804688 0.117969
0 0.482031 0.732031 0.140625 0.0507812
0 0.430469 0.709375 0.201563 0.0835937
0 0.592969 0.635938 0.04375 0.09375
0 0.783594 0.162305 0.314063 0.13125
0 0.42334 0.857227 0.38457 0.285547
0 0.391016 0.684375 0.123438 0.126563
0 0.438281 0.733203 0.1 0.040625
0 0.710156 0.142773 0.104688 0.0914062
0 0.490527 0.7 0.231445 0.223438
0 0.513281 0.673828 0.189063 0.166406
0 0.170801 0.130176 0.0486328 0.059375
0 0.647656 0.115625 0.0820312 0.0722656
0 0.831445 0.158496 0.183984 0.104102
0 0.505469 0.611719 0.19375 0.292188
0 0.0347168 0.817187 0.065332 0.075
0 0.0540039 0.632812 0.108008 0.454688
0 0.0603516 0.573047 0.109766 0.577344
0 0.514844 0.758203 0.20625 0.136719
0 0.61084 0.200195 0.67207 0.355859
0 0.64209 0.318359 0.661133 0.544531
0 0.495313 0.391406 0.0273438 0.0375
0 0.424219 0.721094 0.124219 0.0765625
0 0.778906 0.163672 0.257812 0.09375
0 0.354297 0.689063 0.0539063 0.104688
0 0.344727 0.532813 0.0667969 0.184375
0 0.38916 0.461816 0.15293 0.37168
0 0.651953 0.14502 0.628906 0.24043
0 0.948438 0.00197754 0.103125 0.00395508
0 0.520312 0.704688 0.11875 0.107031
0 0.4875 0.734375 0.0765625 0.0375
0 0.492188 0.725781 0.172656 0.0609375
0 0.331641 0.534375 0.0457031 0.134375
0 0.425098 0.728125 0.12793 0.0375
0 0.504297 0.716406 0.169531 0.0765625
0 0.474609 0.673828 0.257812 0.160156
0 0.396094 0.726562 0.152344 0.034375
0 0.834375 0.157422 0.08125 0.0769531
0 0.0866943 0.507715 0.126221 0.712695
0 0.779688 0.148438 0.370313 0.119141
0 0.494141 0.393848 0.0367188 0.0591797
0 0.489844 0.392578 0.0359375 0.0476562
0 0.673438 0.081543 0.0890625 0.144727
0 0.660937 0.108203 0.0578125 0.0726563
0 0.576563 0.626953 0.0648438 0.0914062
0 0.460254 0.520703 0.306055 0.482031
0 0.353516 0.44834 0.0882813 0.361133
0 0.352734 0.463281 0.0976562 0.555469
0 0.674219 0.117285 0.025 0.0337891
0 0.359375 0.382031 0.0875 0.230469
0 0.379297 0.350391 0.0421875 0.160938
0 0.366797 0.360742 0.08125 0.188672
0 0.0354614 0.826563 0.0511475 0.040625
0 0.460156 0.643359 0.278906 0.213281
0 0.387109 0.342187 0.04375 0.155469
0 0.0326416 0.763281 0.0652832 0.159375
0 0.355273 0.555078 0.0980469 0.380469
0 0.0422363 0.735156 0.0844727 0.217188
0 0.0330566 0.786719 0.0661133 0.115625
0 0.461035 0.691406 0.273242 0.21875
0 0.0325684 0.806055 0.0602539 0.0816406
0 0.347656 0.59375 0.0945313 0.295312
0 0.032251 0.708594 0.064502 0.295312
0 0.384277 0.667969 0.0986328 0.146875
0 0.668359 0.120898 0.0359375 0.05
0 0.0335815 0.822656 0.06604 0.0671875
0 0.3625 0.418359 0.0820312 0.3625
0 0.369922 0.671094 0.0835937 0.140625
0 0.373437 0.367969 0.05625 0.165625
0 0.673828 0.112793 0.0320312 0.040625
0 0.453516 0.592188 0.286719 0.314063
0 0.048877 0.670313 0.0977539 0.351562
0 0.0322266 0.782813 0.0644531 0.278125
0 0.0313477 0.796094 0.0626953 0.120313
0 0.675781 0.126465 0.0398437 0.0544922
0 0.378809 0.342969 0.0689453 0.146875
0 0.382812 0.334766 0.0414063 0.128906
0 0.044043 0.757031 0.0880859 0.176563
0 0.414062 0.423535 0.196875 0.306055
0 0.412891 0.602344 0.207031 0.285938
0 0.592188 0.617188 0.034375 0.0546875
0 0.362305 0.624609 0.100391 0.224219
0 0.605469 0.529688 0.598437 0.525
0 0.0338013 0.828906 0.0618896 0.0484375
0 0.369531 0.657031 0.1 0.16875
0 0.370313 0.533594 0.121875 0.423438
0 0.040332 0.778125 0.0806641 0.14375
0 0.395313 0.6125 0.15625 0.260938
0 0.59375 0.615625 0.025 0.046875
0 0.36543 0.492969 0.103516 0.31875
0 0.592188 0.630469 0.028125 0.078125
0 0.45166 0.696094 0.256055 0.121875
0 0.364063 0.688281 0.0679687 0.101562
0 0.391016 0.350781 0.0578125 0.161719
0 0.590625 0.637109 0.0296875 0.100781
0 0.419922 0.644531 0.197656 0.198437
0 0.000537109 0.951563 0.00107422 0.096875
0 0.677344 0.130762 0.0351562 0.0716797
0 0.466016 0.763281 0.297656 0.185938
0 0.419922 0.360547 0.182031 0.192969
0 0.403027 0.660937 0.151758 0.164062
0 0.457422 0.728516 0.273438 0.146094
0 0.443652 0.671094 0.24082 0.154688
0 0.389453 0.361523 0.0929688 0.195703
0 0.401953 0.380469 0.174219 0.228125
0 0.406152 0.542188 0.195508 0.404687
0 0.527344 0.694531 0.160938 0.210938
0 0.567187 0.728906 0.0945313 0.145313
0 0.334375 0.541016 0.0519531 0.117969
0 0.0359863 0.799219 0.0719727 0.10625
0 0.667969 0.121875 0.0421875 0.065625
0 0.661719 0.129199 0.0578125 0.0919922
0 0.0365723 0.648438 0.0731445 0.404687
0 0.407813 0.684375 0.1625 0.125
0 0.00174561 0.314844 0.00349121 0.211719
0 0.580078 0.76875 0.059375 0.0734375
0 0.376953 0.359766 0.0375 0.121875
0 0.498437 0.585938 0.2125 0.334375
0 0.587891 0.639063 0.0382813 0.1125
0 0.539844 0.738672 0.149219 0.135156
0 0.436719 0.343555 0.150781 0.149609
0 0.336133 0.469531 0.119922 0.395313
0 0.0318115 0.812891 0.063623 0.374219
0 0.44375 0.44375 0.257812 0.323438
0 0.342578 0.51875 0.0574219 0.189063
0 0.561719 0.695703 0.1 0.205469
0 0.00144043 0.204102 0.00288086 0.207422
0 0 0.960547 0 0.0789063
0 0.591016 0.619531 0.0492188 0.0757812
0 0.00151367 0.351953 0.00302734 0.20625
0 0.402344 0.469434 0.179688 0.32207
0 0.0316406 0.821875 0.0632813 0.0703125
0 0.00236816 0.974219 0.00473633 0.0515625
0 0.680469 0.131348 0.05 0.0763672
0 0.59375 0.628906 0.0390625 0.08125
0 0.0558105 0.710938 0.111621 0.267188
0 0.00136719 0.253906 0.00273437 0.210156
0 0.00161133 0.453516 0.00322266 0.19375
0 0.310352 0.841992 0.620703 0.316016
0 0.42959 0.70625 0.37832 0.573438
0 0.000622559 0.932031 0.00124512 0.135937
0 0.583203 0.628906 0.05625 0.0984375
0 0.542969 0.475781 0.251563 0.30625
0 0.947656 0.00240479 0.104688 0.00480957
0 0.00651855 0.439844 0.0130371 0.301563
0 0.581641 0.774219 0.075 0.0953125
0 0.650391 0.114258 0.0796875 0.127344
0 0.578906 0.742188 0.0679687 0.121875
0 0.00192871 0.390625 0.00385742 0.211719
0 0.475098 0.553027 0.25918 0.381445
0 0.0396484 0.817187 0.0792969 0.078125
0 0 0.289453 0 0.199219
0 0.692969 0.144238 0.0671875 0.0923828
0 0.510938 0.507812 0.201563 0.403906
0 0.324023 0.507422 0.648047 0.534375
0 0.00142822 0.155957 0.00285645 0.199023
0 0.00241699 0.512891 0.00483398 0.203906
0 0.365234 0.794141 0.511719 0.411719
0 0 0.335547 0 0.191406
0 0.41875 0.513379 0.434375 0.506055
0 0.580469 0.697656 0.096875 0.207813
0 0.505469 0.659375 0.195312 0.265625
0 0.0470215 0.00187988 0.094043 0.00375977
0 0 0.224609 0 0.199219
0 0.567187 0.622656 0.0890625 0.139063
0 0.367969 0.664844 0.155469 0.190625
0 0.351562 0.685938 0.059375 0.107813
0 0.6875 0.130664 0.05 0.0626953
0 0.440723 0.397559 0.19668 0.26582
0 0.00164795 0.114063 0.0032959 0.213281
0 0.523438 0.771094 0.185938 0.215625
0 0.5 0.742188 0.23125 0.1625
0 0 0.177295 0 0.196191
0 0.029126 0.817187 0.058252 0.196875
0 0.0300293 0.821875 0.0600586 0.135937
0 0 0.473438 0 0.173438
0 0.400098 0.340039 0.0763672 0.155859
0 0 0.139478 0 0.18667
0 0.677344 0.139844 0.040625 0.0878906
0 0.00634766 0.362109 0.0126953 0.303906
0 0 0.425781 0 0.209375
0 0 0.374414 0 0.187109
0 0.363867 0.358594 0.0628906 0.1625
0 0.344336 0.542969 0.0941406 0.448438
0 0.006604 0.515234 0.013208 0.301563
0 0.492188 0.675 0.228125 0.201563
0 0.0193604 0.65625 0.0387207 0.353125
0 0.929297 0.00198975 0.141406 0.00397949
0 0.388672 0.301953 0.0460938 0.075
0 0.00166016 0.0849609 0.00332031 0.169922
0 0.670313 0.144727 0.0625 0.0933594
0 0.582031 0.758594 0.071875 0.0921875
0 0.0610352 0.00185547 0.12207 0.00371094
0 0.348438 0.538281 0.071875 0.189063
0 0.439844 0.80293 0.357031 0.153516
0 0.624219 0.00404053 0.159375 0.00808106
0 0.00621338 0.289844 0.0124268 0.298438
0 0 0.0919922 0 0.183984
0 0 0.523438 0 0.182812
0 0.453223 0.553125 0.30918 0.554688
0 0.353516 0.42959 0.0867188 0.32832
0 0.673047 0.116992 0.0265625 0.0353516
0 0.362109 0.393652 0.0882813 0.262695
0 0.350195 0.523047 0.0902344 0.460156
0 0.673438 0.12041 0.0296875 0.0513672
0 0.0305176 0.826563 0.052832 0.046875
0 0.692969 0.132129 0.065625 0.0728516
0 0.0307129 0.829688 0.0614258 0.059375
0 0.386816 0.339648 0.0498047 0.147266
0 0.682813 0.130273 0.05 0.0648438
0 0.425098 0.533984 0.226367 0.517969
0 0.0311523 0.810938 0.059375 0.0796875
0 0.717188 0.149902 0.115625 0.105273
0 0.675781 0.126953 0.034375 0.0597656
0 0.73125 0.138867 0.140625 0.0855469
0 0.669141 0.121973 0.034375 0.0595703
0 0.367578 0.566797 0.126563 0.358594
0 0.75 0.166504 0.196875 0.136133
0 0.0339355 0.8375 0.0678711 0.08125
0 0.7 0.142871 0.08125 0.0939453
0 0.463672 0.710156 0.282031 0.248438
0 0.0306152 0.848437 0.0612305 0.1
0 0.272656 0.938281 0.171875 0.115625
0 0.370313 0.369141 0.075 0.214062
0 0.297461 0.940625 0.169141 0.11875
0 0.676562 0.133008 0.065625 0.0734375
0 0.253516 0.930469 0.242188 0.101562
0 0.770703 0.169727 0.236719 0.164453
0 0.455078 0.711719 0.31875 0.576563
0 0.410254 0.413379 0.201367 0.288867
0 0.0341309 0.794531 0.0682617 0.103125
0 0.0290527 0.772656 0.0581055 0.16875
0 0.60625 0.515234 0.607813 0.636719
0 0.0304688 0.797656 0.0609375 0.110937
0 0.284766 0.907813 0.0773438 0.05
0 0.275195 0.9125 0.150391 0.0671875
0 0.0294922 0.754687 0.0589844 0.234375
0 0.667969 0.425781 0.0375 0.0796875
0 0.315625 0.583984 0.63125 0.628906
0 0.686719 0.140625 0.065625 0.0878906
0 0.330859 0.940625 0.246875 0.11875
0 0.090625 0.845313 0.18125 0.0875
0 0.592188 0.611719 0.0328125 0.0484375
0 0.508984 0.542871 0.196094 0.420508
0 0.672266 0.440625 0.028125 0.046875
0 0.378809 0.349219 0.0611328 0.166406
0 0.0382813 0.826563 0.0765625 0.06875
0 0.293164 0.914062 0.0886719 0.0515625
0 0.347852 0.582812 0.0902344 0.326562
0 0.0300293 0.823242 0.0600586 0.137891
0 0.66875 0.439844 0.0375 0.071875
0 0.660937 0.422266 0.0476562 0.096875
0 0.0402344 0.848437 0.0804688 0.09375
0 0.233203 0.91875 0.261719 0.08125
0 0.413281 0.580078 0.420312 0.616406
0 0.403223 0.555078 0.198242 0.379688
0 0.379688 0.357812 0.040625 0.204688
0 0.282031 0.905469 0.090625 0.0625
0 0.512402 0.535059 0.41582 0.567383
0 0.313672 0.745313 0.627344 0.509375
0 0.590625 0.635938 0.0296875 0.101562
0 0.0366455 0.702344 0.073291 0.304688
0 0.675 0.131445 0.101562 0.0757812
0 0.384277 0.592188 0.15957 0.3125
0 0.655859 0.434375 0.0648438 0.103125
0 0.280469 0.917188 0.0964844 0.065625
0 0.454688 0.590625 0.30625 0.321875
0 0.0307129 0.708594 0.0614258 0.33125
0 0.275 0.907031 0.0828125 0.04375
0 0.396484 0.382422 0.166406 0.239063
0 0.0320801 0.73125 0.0641602 0.239063
0 0.592578 0.627344 0.028125 0.078125
0 0.673438 0.130469 0.04375 0.0707031
0 0.257031 0.939844 0.286719 0.120313
0 0.667188 0.0937256 0.115625 0.126221
0 0.585156 0.635156 0.05 0.101562
0 0.460156 0.753906 0.300781 0.226562
0 0.35957 0.487402 0.0988281 0.331445
0 0.583203 0.621875 0.05625 0.0859375
0 0.592188 0.637109 0.04375 0.110156
0 0.842188 0.148633 0.028125 0.0355469
0 0.040332 0.779492 0.0806641 0.184766
0 0.456934 0.646484 0.298633 0.246094
0 0.309961 0.87793 0.619922 0.241016
0 0.663672 0.131836 0.053125 0.0851563
0 0.667188 0.446484 0.0328125 0.0570313
0 0.0285156 0.865625 0.0570313 0.146875
0 0.509766 0.696484 0.188281 0.227344
0 0.671875 0.44375 0.0539063 0.078125
0 0.268555 0.903125 0.0460938 0.0390625
0 0.211328 0.560938 0.422656 0.595313
0 0.648438 0.419141 0.08125 0.110937
0 0.368359 0.525781 0.107031 0.507812
0 0.64375 0.144922 0.120313 0.09375
0 0.838281 0.149609 0.03125 0.0433594
0 0.64375 0.433984 0.0921875 0.139063
0 0.0279297 0.805469 0.0558594 0.192188
0 0.295312 0.926562 0.105469 0.10625
0 0.296875 0.947266 0.221094 0.105469
0 0.365625 0.635938 0.102344 0.226562
0 0.667969 0.416016 0.040625 0.10625
0 0.667969 0.430371 0.0671875 0.111133
0 0.65625 0.450781 0.0625 0.090625
0 0.0316895 0.8875 0.0633789 0.184375
0 0.300391 0.920313 0.0976562 0.065625
0 0.403125 0.644531 0.160938 0.217188
0 0.691016 0.0891602 0.125781 0.114648
0 0.569531 0.625 0.0804688 0.104688
0 0.591406 0.614844 0.04375 0.078125
0 0.0323242 0.772656 0.0630859 0.15625
0 0.406934 0.618359 0.20332 0.267969
0 0.362109 0.867969 0.360938 0.264062
0 0.598047 0.649219 0.0625 0.132031
0 0.671484 0.457813 0.034375 0.0828125
0 0.719141 0.166211 0.138281 0.14375
0 0.30293 0.521875 0.425391 0.528125
0 0.309961 0.910937 0.619922 0.1375
0 0.384375 0.323438 0.0453125 0.114063
0 0.539062 0.767578 0.148438 0.230469
0 0.644922 0.407813 0.084375 0.160156
0 0.592969 0.626953 0.0390625 0.0835937
0 0.946875 0.00202637 0.10625 0.00405273
0 0.621875 0.423438 0.13125 0.1625
0 0.0428711 0.725391 0.0857422 0.258594
0 0.657813 0.586328 0.660937 0.802344
0 0.391406 0.710938 0.470313 0.578125
0 0.645703 0.0924805 0.133594 0.127344
0 0.345703 0.454004 0.114063 0.360742
0 0.0500977 0.00158691 0.100195 0.00317383
0 0.578906 0.778906 0.0734375 0.1125
0 0.66875 0.405469 0.0484375 0.128906
0 0.038916 0.818945 0.077832 0.0933594
0 0.69375 0.15498 0.121875 0.122461
0 0.260547 0.900781 0.0453125 0.0359375
0 0.119141 0.85 0.238281 0.13125
0 0.472656 0.528516 0.353906 0.492969
0 0.355469 0.432031 0.0898438 0.324219
0 0.444531 0.610938 0.30625 0.354688
0 0.382422 0.332031 0.046875 0.120313
0 0.385156 0.562402 0.167187 0.389258
0 0.405859 0.615234 0.208594 0.277344
0 0.673438 0.118359 0.025 0.0355469
0 0.377246 0.344141 0.0486328 0.142969
0 0.0322754 0.826563 0.0493164 0.046875
0 0.582031 0.521875 0.592188 0.565625
0 0.673828 0.120117 0.028125 0.0511719
0 0.366992 0.364648 0.0816406 0.194141
0 0.361719 0.66875 0.06875 0.157813
0 0.364844 0.541406 0.123438 0.414844
0 0.0297852 0.83125 0.0587891 0.0546875
0 0.673438 0.127344 0.0328125 0.0625
0 0.0319824 0.810156 0.0577148 0.0765625
0 0.680469 0.120605 0.0390625 0.0548828
0 0.685938 0.12832 0.0578125 0.0640625
0 0.352344 0.48584 0.0929688 0.342383
0 0.0377441 0.79668 0.0713867 0.0941406
0 0.501953 0.710938 0.164844 0.0867188
0 0.509766 0.714063 0.128906 0.0765625
0 0.360156 0.385938 0.0898438 0.240625
0 0.385938 0.325195 0.0609375 0.114453
0 0.8375 0.152051 0.034375 0.0423828
0 0.646875 0.429297 0.084375 0.114844
0 0.0384277 0.757812 0.0768555 0.19375
0 0.422656 0.658984 0.238281 0.200781
0 0.589844 0.629687 0.0296875 0.0796875
0 0.0768555 0.95625 0.146289 0.084375
0 0.655469 0.425781 0.059375 0.0828125
0 0.580859 0.645312 0.05625 0.107813
0 0.592578 0.622656 0.0265625 0.065625
0 0.675 0.113086 0.0328125 0.0449219
0 0.119238 0.9625 0.0648438 0.06875
0 0.588672 0.640234 0.0335938 0.0976562
0 0.123047 0.970313 0.0503906 0.053125
0 0.520703 0.701563 0.110937 0.10625
0 0.33418 0.535156 0.0582031 0.159375
0 0.69375 0.133203 0.06875 0.078125
0 0.678906 0.132715 0.05 0.0705078
0 0.703125 0.13291 0.096875 0.0759766
0 0.0335449 0.835156 0.0670898 0.06875
0 0.659375 0.125195 0.065625 0.0689453
0 0.59375 0.614844 0.025 0.05
0 0.121484 0.976562 0.0429688 0.0453125
0 0.0428711 0.782031 0.0785156 0.123438
0 0.546875 0.733203 0.126563 0.157031
0 0.577734 0.775 0.0695313 0.0703125
0 0.0438477 0.728125 0.0876953 0.242188
0 0.503125 0.405469 0.3875 0.327344
0 0.364453 0.692969 0.0671875 0.10625
0 0.287305 0.537109 0.366016 0.528906
0 0.840625 0.15166 0.028125 0.0359375
0 0.671875 0.128711 0.0453125 0.0679687
0 0.579688 0.744531 0.0695313 0.123438
0 0.450781 0.680469 0.292969 0.16875
0 0.661719 0.417969 0.0640625 0.0828125
0 0.658594 0.442969 0.053125 0.053125
0 0.760547 0.141992 0.196094 0.0949219
0 0.545703 0.517871 0.291406 0.312695
0 0.648438 0.452734 0.078125 0.0882813
0 0.405469 0.732031 0.451562 0.535937
0 0.567969 0.638281 0.0828125 0.109375
0 0.500781 0.542285 0.204688 0.337305
0 0.66875 0.133301 0.0625 0.0767578
0 0.374219 0.669922 0.0773438 0.155469
0 0.548438 0.396973 0.120313 0.0998047
0 0.297217 0.946094 0.255566 0.107813
0 0.521484 0.721094 0.109375 0.0765625
0 0.642188 0.448438 0.096875 0.107813
0 0.116504 0.952344 0.0814453 0.0796875
0 0.467871 0.709375 0.289258 0.139063
0 0.0739746 0.921875 0.147949 0.15625
0 0.503516 0.725781 0.166406 0.0640625
0 0.832812 0.154492 0.05625 0.0566406
0 0.839063 0.157031 0.040625 0.0527344
0 0.636719 0.430078 0.107031 0.146094
0 0.53125 0.708203 0.0875 0.0882813
0 0.0317871 0.787305 0.0635742 0.116016
0 0.41875 0.438379 0.214062 0.329492
0 0.0320312 0.829688 0.0640625 0.075
0 0.533594 0.725781 0.114063 0.129688
0 0.662891 0.411719 0.046875 0.06875
0 0.179688 0.127344 0.0441406 0.0449219
0 0.669922 0.115137 0.0453125 0.0568359
0 0.383594 0.312891 0.04375 0.0867188
0 0.668359 0.441797 0.0335938 0.0492188
0 0.339453 0.508984 0.0585938 0.177344
0 0.815625 0.163867 0.103125 0.0871094
0 0.336523 0.551562 0.0539063 0.1125
0 0.592969 0.608984 0.0289063 0.0414063
0 0.378223 0.351172 0.0591797 0.194531
0 0.124609 0.970313 0.0720703 0.059375
0 0.664062 0.440625 0.0484375 0.0640625
0 0.331641 0.944531 0.176563 0.110937
0 0.583594 0.627344 0.0484375 0.0804688
0 0.447266 0.714844 0.308594 0.384375
0 0.467578 0.44375 0.322656 0.325
0 0.589844 0.632031 0.046875 0.0914062
0 0.444922 0.641016 0.290625 0.239844
0 0.174951 0.132617 0.0516602 0.0566406
0 0.471191 0.734766 0.291992 0.196094
0 0.589844 0.611719 0.040625 0.053125
0 0.583594 0.771875 0.0515625 0.0609375
0 0.14082 0.960156 0.119922 0.0796875
0 0.0338623 0.758984 0.0677246 0.299219
0 0.689844 0.120313 0.05 0.0484375
0 0.657031 0.407031 0.0484375 0.0578125
0 0.414746 0.544531 0.225195 0.402344
0 0.103809 0.963281 0.0853516 0.071875
0 0.372461 0.630859 0.145703 0.242188
0 0.117773 0.951953 0.202734 0.0960938
0 0.658203 0.140234 0.108594 0.0867188
0 0.338867 0.477344 0.0621094 0.1125
0 0.458594 0.732813 0.165625 0.0578125
0 0.672656 0.441797 0.0265625 0.0421875
0 0.659375 0.452734 0.05 0.0664062
0 0.547656 0.280469 0.467187 0.560938
0 0.168457 0.135156 0.0728516 0.0648438
0 0.0938477 0.946875 0.117578 0.090625
0 0.0745117 0.899219 0.149023 0.201563
0 0.542188 0.679688 0.129688 0.18125
0 0.179688 0.125391 0.034375 0.0371094
0 0.675391 0.435156 0.0953125 0.0796875
0 0.560938 0.392871 0.078125 0.0876953
0 0.048291 0.702344 0.0932617 0.129688
0 0.592969 0.619141 0.0359375 0.0664062
0 0.625 0.446094 0.14375 0.120313
0 0.55 0.629297 0.121094 0.126563
0 0.0314697 0.80625 0.0629395 0.114063
0 0.5625 0.621094 0.096875 0.104688
0 0.597559 0.326953 0.57207 0.653906
0 0.0332031 0.787305 0.0664062 0.162891
0 0.437598 0.736719 0.145117 0.0796875
0 0.112305 0.971875 0.0777344 0.05625
0 0.533496 0.478027 0.326758 0.23457
0 0.639063 0.132324 0.103125 0.0738281
0 0.0280273 0.817187 0.0560547 0.214062
0 0.670313 0.419531 0.090625 0.0859375
0 0.0391113 0.704297 0.0782227 0.310156
0 0.578516 0.623438 0.0664062 0.084375
0 0.494922 0.382715 0.03125 0.0392578
0 0.354102 0.578125 0.103516 0.354688
0 0.510156 0.732813 0.11875 0.053125
0 0.38916 0.651563 0.170117 0.204688
0 0.383203 0.944922 0.308594 0.110156
0 0.386328 0.525 0.328906 0.503125
0 0.337305 0.788281 0.572266 0.423438
0 0.316016 0.909375 0.632031 0.18125
0 0.670313 0.449609 0.028125 0.0515625
0 0.839063 0.165918 0.0546875 0.0724609
0 0.678906 0.446094 0.08125 0.0578125
0 0.390723 0.403809 0.15918 0.273633
0 0.312109 0.739062 0.624219 0.521875
0 0.0961182 0.966016 0.129248 0.0679687
0 0.530469 0.397559 0.16875 0.0876953
0 0.567187 0.656641 0.078125 0.125781
0 0.717969 0.144922 0.11875 0.096875
0 0.845313 0.158984 0.040625 0.0585938
0 0.477344 0.735156 0.138281 0.0515625
0 0.701563 0.448438 0.0484375 0.0445313
0 0.650781 0.46875 0.071875 0.107031
0 0.119629 0.979688 0.0550781 0.040625
0 0.412109 0.736719 0.153906 0.090625
0 0.621484 0.457422 0.138281 0.169531
0 0.045166 0.716016 0.090332 0.155469
0 0.817383 0.150293 0.0871094 0.0552734
0 0.0327881 0.822656 0.0655762 0.354688
0 0.780469 0.160352 0.171875 0.0761719
0 0.355859 0.935938 0.246875 0.128125
0 0.49375 0.388281 0.028125 0.0429688
0 0.303516 0.9125 0.0398437 0.0375
0 0.632031 0.140625 0.125781 0.0910156
0 0.454297 0.530859 0.29375 0.326562
0 0.147559 0.946875 0.143164 0.0875
0 0.600781 0.628906 0.0585938 0.084375
0 0.605859 0.501953 0.171094 0.272656
0 0.512402 0.276953 0.406445 0.524219
0 0.540234 0.710938 0.059375 0.0710938
0 0.464063 0.782031 0.324219 0.260938
0 0.573438 0.775781 0.0890625 0.0828125
0 0.305664 0.910156 0.053125 0.046875
0 0.844531 0.154004 0.0328125 0.0431641
0 0.385547 0.301563 0.0523438 0.0773438
0 0.464844 0.399609 0.103125 0.121094
0 0.573438 0.392188 0.0578125 0.0820312
0 0.808594 0.154297 0.120313 0.0753906
0 0.315625 0.939844 0.114063 0.120313
0 0.0385742 0.865625 0.0771484 0.25
0 0.560938 0.7375 0.104688 0.135937
0 0.383984 0.960938 0.0617188 0.071875
0 0.557813 0.405469 0.0890625 0.090625
0 0.160742 0.138086 0.1 0.0707031
0 0.0541016 0.721094 0.0699219 0.0882813
0 0.0328369 0.533594 0.0656738 0.15
0 0.7625 0.166309 0.20625 0.117383
0 0.0356323 0.923438 0.0687744 0.103125
0 0.633984 0.116602 0.117969 0.0773438
0 0.425684 0.746875 0.139258 0.135937
0 0.035791 0.848437 0.071582 0.090625
0 0.304492 0.896875 0.0652344 0.075
0 0.441016 0.744141 0.124219 0.111719
0 0.354297 0.646094 0.0578125 0.146875
0 0.828906 0.16709 0.0765625 0.0853516
0 0.225977 0.946094 0.424609 0.107813
0 0.417578 0.732031 0.183594 0.06875
0 0.291846 0.513281 0.260059 0.492969
0 0.496875 0.393359 0.0578125 0.0671875
0 0.253516 0.935156 0.507031 0.129688
0 0.529297 0.432422 0.334375 0.160156
0 0.0566284 0.597656 0.094165 0.0890625
0 0.30625 0.93125 0.0859375 0.0921875
0 0.339453 0.521094 0.575 0.478906
0 0.379004 0.348438 0.10918 0.157813
0 0.578125 0.658203 0.0609375 0.172656
0 0.394531 0.315625 0.0695313 0.103125
0 0.393359 0.728125 0.114844 0.075
0 0.175439 0.954688 0.289746 0.090625
0 0.0892578 0.939063 0.169922 0.121875
0 0.826563 0.145508 0.046875 0.0480469
0 0.549219 0.415234 0.123438 0.108594
0 0.491406 0.390625 0.0359375 0.05
0 0.55625 0.654688 0.109375 0.15
0 0.380078 0.312695 0.0585938 0.102734
0 0.057373 0.895312 0.114746 0.2
0 0.387402 0.296875 0.0392578 0.0546875
0 0.0527344 0.715625 0.105469 0.284375
0 0.682813 0.467187 0.10625 0.0953125
0 0.448438 0.397559 0.141406 0.164258
0 0.336328 0.525 0.0492188 0.128125
0 0.0751953 0.720703 0.04375 0.0734375
0 0.539062 0.380566 0.134375 0.107617
0 0.0379883 0.824219 0.0759766 0.0625
0 0.520312 0.699609 0.160938 0.232031
0 0.491016 0.386328 0.0828125 0.0796875
0 0.348047 0.603906 0.0773438 0.122656
0 0.0483276 0.726172 0.0861572 0.103906
0 0.0504395 0.932813 0.0977539 0.09375
0 0.440723 0.721094 0.176367 0.08125
0 0.212891 0.559375 0.425781 0.565625
0 0.469922 0.400781 0.0867188 0.0882813
0 0.595313 0.642188 0.06875 0.1125
0 0.798438 0.168555 0.132812 0.0875
0 0.390625 0.669922 0.107031 0.15625
0 0.353906 0.691016 0.0578125 0.108594
0 0.501172 0.669531 0.2 0.185938
0 0.389941 0.965625 0.0466797 0.065625
0 0.0424805 0.807617 0.0849609 0.131641
0 0.0741211 0.591797 0.046875 0.0515625
0 0.602344 0.620313 0.05 0.06875
0 0.312891 0.91875 0.0742188 0.05625
0 0.297266 0.910156 0.0359375 0.0375
0 0.4625 0.739453 0.107813 0.0757812
0 0.3875 0.29043 0.0484375 0.0589844
0 0.546094 0.384375 0.255469 0.248438
0 0.15293 0.965625 0.239453 0.06875
0 0.041748 0.542969 0.0834961 0.157813
0 0.664844 0.464844 0.0492188 0.0890625
0 0.632812 0.405566 0.10625 0.0966797
0 0.0619141 0.601562 0.0785156 0.0671875
0 0.186279 0.123828 0.0594727 0.0441406
0 0.0317383 0.767188 0.0634766 0.167187
0 0.470996 0.38125 0.283008 0.23125
0 0.492188 0.381934 0.0421875 0.0689453
0 0.647656 0.11228 0.090625 0.0758301
0 0.0633789 0.939063 0.126758 0.09375
0 0.653906 0.449609 0.114063 0.165625
0 0.371875 0.369531 0.0507812 0.174219
0 0.341797 0.479688 0.06875 0.146875
0 0.531641 0.685156 0.09375 0.139063
0 0.292969 0.926562 0.585938 0.134375
0 0.0694824 0.713672 0.0606445 0.0898438
0 0.495313 0.397656 0.0296875 0.0601563
0 0.314844 0.913281 0.0945313 0.0734375
0 0.690625 0.438672 0.075 0.0601563
0 0.0606934 0.728906 0.0532227 0.084375
0 0.319531 0.8 0.639063 0.285938
0 0.176758 0.139844 0.0882813 0.0796875
0 0.678906 0.141504 0.0609375 0.0873047
0 0.710156 0.150488 0.0765625 0.0509766
0 0.671875 0.402441 0.078125 0.0982422
0 0.617969 0.414062 0.151562 0.114844
0 0.667969 0.459375 0.0671875 0.0828125
0 0.519531 0.730859 0.110937 0.110156
0 0.0681152 0.699219 0.0786133 0.115625
0 0.43125 0.730469 0.214844 0.246875
0 0.0908203 0.998438 0.137695 0.003125
0 0.805469 0.138965 0.0421875 0.0378906
0 0.0544434 0.00581055 0.108887 0.0116211
0 0.472559 0.328125 0.314258 0.455469
0 0.0457031 0.680469 0.0914062 0.175
0 0.563281 0.706641 0.096875 0.207031
0 0.387598 0.928125 0.348242 0.14375
0 0.548828 0.378516 0.442969 0.366406
0 0.385938 0.685156 0.207813 0.239063
0 0.405469 0.738672 0.203125 0.322656
0 0.64375 0.478125 0.0953125 0.117188
0 0.0636719 0.736719 0.0443359 0.0765625
0 0.476172 0.519531 0.322656 0.489844
0 0.366016 0.460547 0.103125 0.396094
0 0.676562 0.117969 0.0265625 0.0371094
0 0.672656 0.120703 0.0265625 0.0429688
0 0.0405396 0.826563 0.037085 0.040625
0 0.368555 0.356641 0.0871094 0.183594
0 0.68125 0.117188 0.0351562 0.0449219
0 0.0357544 0.829688 0.0491943 0.05
0 0.675781 0.123242 0.034375 0.0558594
0 0.463379 0.71875 0.254492 0.11875
0 0.0408691 0.81875 0.0537109 0.0671875
0 0.467578 0.66875 0.274219 0.167187
0 0.499219 0.708594 0.173438 0.0914062
0 0.682031 0.125293 0.046875 0.0623047
0 0.672656 0.121191 0.046875 0.0595703
0 0.516406 0.7125 0.121875 0.0796875
0 0.0398926 0.823438 0.0473633 0.053125
0 0.660156 0.421875 0.0640625 0.08125
0 0.653906 0.426172 0.0703125 0.116406
0 0.540625 0.515625 0.444531 0.534375
0 0.464063 0.698047 0.260938 0.105469
0 0.689453 0.121875 0.0515625 0.0628906
0 0.0374146 0.80918 0.05896 0.0816406
0 0.119922 0.975781 0.034375 0.040625
0 0.124023 0.96875 0.0464844 0.053125
0 0.663672 0.123047 0.06875 0.0742188
0 0.5375 0.725 0.0953125 0.117188
0 0.689063 0.13291 0.0585938 0.0787109
0 0.669531 0.444531 0.0328125 0.0515625
0 0.527344 0.7 0.104688 0.110937
0 0.422266 0.511328 0.205469 0.480469
0 0.0375854 0.834375 0.0636963 0.0671875
0 0.840625 0.153711 0.0375 0.0421875
0 0.043457 0.8 0.0759766 0.090625
0 0.0408203 0.769531 0.0751953 0.167187
0 0.659375 0.445703 0.053125 0.05625
0 0.124219 0.960938 0.0574219 0.0625
0 0.592969 0.625391 0.0265625 0.0742188
0 0.130664 0.967188 0.0582031 0.059375
0 0.382715 0.522656 0.368945 0.501563
0 0.842188 0.153711 0.028125 0.0363281
0 0.264453 0.542871 0.430469 0.54082
0 0.589453 0.632031 0.034375 0.0859375
0 0.35625 0.536719 0.0921875 0.460938
0 0.542969 0.666016 0.125 0.157031
0 0.513965 0.410059 0.383008 0.34082
0 0.124805 0.973437 0.0384766 0.04375
0 0.65625 0.45 0.0640625 0.078125
0 0.514063 0.665234 0.182031 0.165625
0 0.386328 0.319531 0.0445313 0.10625
0 0.676562 0.421875 0.0765625 0.0859375
0 0.678516 0.435547 0.0679687 0.0757812
0 0.670313 0.447656 0.0265625 0.04375
0 0.645703 0.428125 0.0890625 0.139063
0 0.703516 0.127734 0.084375 0.071875
0 0.546484 0.737891 0.121094 0.153906
0 0.117188 0.972656 0.0457031 0.046875
0 0.532031 0.711719 0.0867188 0.0796875
0 0.673438 0.44375 0.025 0.0390625
0 0.457813 0.662891 0.289062 0.247656
0 0.845313 0.158203 0.0296875 0.05
0 0.368164 0.411719 0.0902344 0.300781
0 0.0994141 0.964063 0.130859 0.0625
0 0.59375 0.61875 0.025 0.0515625
0 0.671875 0.133789 0.0609375 0.0792969
0 0.596875 0.613281 0.028125 0.0484375
0 0.652344 0.444922 0.075 0.0960938
0 0.141016 0.959375 0.0914062 0.075
0 0.335547 0.509375 0.189844 0.492969
0 0.464063 0.739062 0.25625 0.16875
0 0.650781 0.119922 0.0953125 0.0746094
0 0.582812 0.634766 0.053125 0.1
0 0.579688 0.769922 0.065625 0.0710938
0 0.047168 0.8125 0.0685547 0.08125
0 0.539844 0.500391 0.304688 0.260156
0 0.439746 0.707812 0.168945 0.0921875
0 0.665625 0.45 0.0421875 0.0539063
0 0.317969 0.824219 0.625781 0.285938
0 0.376953 0.335352 0.0601563 0.124609
0 0.5 0.689844 0.204688 0.2
0 0.517578 0.294922 0.388281 0.582031
0 0.501953 0.721484 0.166406 0.0679687
0 0.389746 0.302344 0.0517578 0.0773438
0 0.652344 0.414844 0.0640625 0.0882813
0 0.0333984 0.821875 0.0667969 0.096875
0 0.678516 0.444531 0.0421875 0.0515625
0 0.575781 0.641406 0.0625 0.113281
0 0.176221 0.125781 0.0366211 0.0402344
0 0.349219 0.79082 0.550781 0.418359
0 0.848437 0.155664 0.03125 0.040625
0 0.110449 0.964063 0.0630859 0.065625
0 0.572656 0.626172 0.08125 0.108594
0 0.0343018 0.80625 0.0686035 0.134375
0 0.525781 0.722656 0.09375 0.0953125
0 0.452441 0.625391 0.316992 0.245312
0 0.0517578 0.701563 0.0957031 0.135937
0 0.319141 0.879687 0.638281 0.240625
0 0.594531 0.619531 0.0359375 0.06875
0 0.385938 0.322656 0.0640625 0.116406
0 0.370703 0.671875 0.0757812 0.140625
0 0.389453 0.676953 0.107813 0.132812
0 0.665625 0.438281 0.0882813 0.129688
0 0.463281 0.714844 0.265625 0.065625
0 0.27793 0.5125 0.283203 0.49375
0 0.120703 0.951563 0.0785156 0.08125
0 0.477734 0.715625 0.176563 0.075
0 0.664844 0.410547 0.0546875 0.0921875
0 0.64375 0.133008 0.1 0.0761719
0 0.359961 0.675391 0.0660156 0.13125
0 0.0925781 0.974219 0.134766 0.0515625
0 0.462891 0.435254 0.313281 0.312305
0 0.378906 0.339063 0.04375 0.13125
0 0.580859 0.744922 0.0695313 0.117969
0 0.0489746 0.739844 0.0868164 0.19375
0 0.506641 0.622656 0.197656 0.214062
0 0.708594 0.133008 0.0921875 0.0929688
0 0.603516 0.613281 0.0453125 0.0515625
0 0.832812 0.155469 0.059375 0.0578125
0 0.401172 0.543652 0.185156 0.398633
0 0.449609 0.771875 0.335156 0.409375
0 0.0465698 0.78125 0.0801025 0.128125
0 0.554688 0.398047 0.135937 0.123438
0 0.457813 0.710156 0.294531 0.2625
0 0.397656 0.315625 0.0734375 0.108594
0 0.603906 0.619531 0.05 0.0703125
0 0.639063 0.457422 0.107813 0.169531
0 0.592188 0.634375 0.0453125 0.0984375
0 0.173145 0.131055 0.0443359 0.0503906
0 0.0792969 0.960938 0.158398 0.065625
0 0.0986328 0.954688 0.139648 0.084375
0 0.520312 0.709375 0.209375 0.239063
0 0.119727 0.98125 0.0460938 0.034375
0 0.695312 0.446875 0.0578125 0.0484375
0 0.535937 0.450684 0.3125 0.17832
0 0.0341675 0.789062 0.060376 0.115625
0 0.175586 0.130469 0.0605469 0.0535156
0 0.173633 0.964063 0.194531 0.065625
0 0.438184 0.542578 0.262695 0.394531
0 0.589063 0.615625 0.0453125 0.0609375
0 0.593359 0.610156 0.0289063 0.0445313
0 0.644922 0.446875 0.096875 0.109375
0 0.692187 0.436719 0.0703125 0.065625
0 0.508594 0.689063 0.153125 0.126563
0 0.108594 0.974219 0.0535156 0.0453125
0 0.672656 0.404687 0.053125 0.107031
0 0.540625 0.41875 0.298438 0.149219
0 0.574219 0.45 0.490625 0.40625
0 0.848437 0.162988 0.04375 0.0650391
0 0.652344 0.445703 0.084375 0.136719
0 0.573535 0.322266 0.52168 0.644531
0 0.456641 0.732031 0.0585938 0.0421875
0 0.125977 0.973047 0.0988281 0.0539063
0 0.602344 0.630078 0.05625 0.0921875
0 0.325781 0.917969 0.651563 0.164062
0 0.561719 0.388281 0.0921875 0.110937
0 0.165039 0.13457 0.0632813 0.0601563
0 0.541797 0.703906 0.150781 0.228125
0 0.387109 0.95625 0.0390625 0.06875
0 0.156641 0.953906 0.146875 0.08125
0 0.5375 0.711719 0.06875 0.06875
0 0.107251 0.954688 0.0733887 0.075
0 0.7375 0.137695 0.15 0.0710938
0 0.501563 0.736719 0.209375 0.176563
0 0.507031 0.589063 0.214062 0.2125
0 0.641406 0.406641 0.0875 0.114063
0 0.672656 0.454688 0.034375 0.065625
0 0.65625 0.114063 0.075 0.059375
0 0.182373 0.123828 0.0391602 0.0382813
0 0.0279785 0.828906 0.055957 0.179688
0 0.457813 0.726562 0.142188 0.053125
0 0.0552734 0.71875 0.0804688 0.101562
0 0.561719 0.735156 0.117188 0.13125
0 0.149512 0.946875 0.11582 0.090625
0 0.617188 0.411035 0.142188 0.170117
0 0.650781 0.4 0.0796875 0.153125
0 0.520312 0.723437 0.0976562 0.071875
0 0.386328 0.720703 0.0953125 0.0460938
0 0.638281 0.410547 0.101562 0.164062
0 0.466406 0.949219 0.123438 0.1
0 0.695312 0.453906 0.0640625 0.0585938
0 0.820117 0.150781 0.0941406 0.0765625
0 0.497656 0.385156 0.0265625 0.0375
0 0.460938 0.934375 0.0914062 0.078125
0 0.391016 0.963281 0.0351562 0.0640625
0 0.098999 0.957812 0.0965332 0.065625
0 0.560156 0.627344 0.109375 0.129688
0 0.572266 0.383984 0.0695313 0.0960938
0 0.378809 0.944531 0.0345703 0.05625
0 0.372266 0.332031 0.090625 0.155469
0 0.541016 0.385547 0.140625 0.121094
0 0.10791 0.998438 0.138867 0.003125
0 0.570312 0.771875 0.05 0.0546875
0 0.380078 0.953125 0.0375 0.0625
0 0.621875 0.134277 0.135937 0.0853516
0 0.528906 0.55 0.260938 0.251563
0 0.535156 0.682813 0.096875 0.139063
0 0.553125 0.621875 0.146875 0.207031
0 0.614062 0.608984 0.0546875 0.0515625
0 0.0349121 0.81582 0.0698242 0.199609
0 0.388965 0.291797 0.0486328 0.0625
0 0.455371 0.5625 0.311133 0.257812
0 0.158203 0.137695 0.0855469 0.065625
0 0.0793945 0.722656 0.0349609 0.0664062
0 0.569531 0.645703 0.084375 0.125781
0 0.403125 0.965625 0.0484375 0.065625
0 0.144727 0.997656 0.134375 0.0046875
0 0.561719 0.660937 0.0945313 0.15
0 0.0502441 0.842188 0.0602539 0.071875
0 0.689844 0.460547 0.08125 0.0898438
0 0.440234 0.934375 0.0484375 0.05625
0 0.142285 0.973437 0.0958984 0.053125
0 0.0334229 0.783008 0.0668457 0.262109
0 0.380469 0.308984 0.0625 0.107813
0 0.0802979 0.712109 0.0491699 0.0882813
0 0.450781 0.953906 0.103125 0.084375
0 0.758203 0.148242 0.202344 0.0804688
0 0.553125 0.368359 0.45 0.365625
0 0.470703 0.932813 0.104688 0.09375
0 0.374414 0.34375 0.0613281 0.16875
0 0.449219 0.729688 0.0875 0.05
0 0.404687 0.682813 0.16875 0.121875
0 0.592969 0.392578 0.201563 0.202344
0 0.379297 0.661719 0.0945313 0.161719
0 0.317773 0.945312 0.635547 0.109375
0 0.580469 0.624219 0.065625 0.0859375
0 0.63125 0.415234 0.117969 0.125781
0 0.0708984 0.698828 0.0720703 0.110156
0 0.0582031 0.796875 0.0523438 0.0765625
0 0.733594 0.154199 0.034375 0.0378906
0 0.365039 0.630469 0.0980469 0.219531
0 0.0364502 0.733203 0.0729004 0.264844
0 0.553125 0.377344 0.110937 0.114063
0 0.559375 0.381348 0.270313 0.218555
0 0.789844 0.159375 0.153125 0.0726563
0 0.580859 0.780469 0.0851563 0.0984375
0 0.189404 0.123047 0.0571289 0.0472656
0 0.467969 0.704688 0.1625 0.0984375
0 0.0769287 0.742969 0.0258301 0.0484375
0 0.479688 0.291797 0.321094 0.492969
0 0.32832 0.958594 0.233984 0.0828125
0 0.509766 0.730469 0.090625 0.0484375
0 0.742188 0.155859 0.0242188 0.0345703
0 0.399609 0.71875 0.167969 0.053125
0 0.0782959 0.734375 0.0293457 0.0695313
0 0.471094 0.924219 0.0789063 0.071875
0 0.320508 0.770312 0.621484 0.248438
0 0.571094 0.590234 0.234375 0.197656
0 0.353516 0.428516 0.117969 0.309375
0 0.413965 0.960938 0.298633 0.078125
0 0.440625 0.647656 0.251563 0.195312
0 0.601562 0.429297 0.178125 0.146094
0 0.388281 0.630469 0.129688 0.220313
0 0.398438 0.697266 0.121094 0.1
0 0.623828 0.432422 0.126563 0.144531
0 0.58125 0.617188 0.190625 0.2125
0 0.742969 0.16123 0.025 0.0466797
0 0.475391 0.732813 0.071875 0.0421875
0 0.0842773 0.698438 0.0515625 0.0882813
0 0.426172 0.954688 0.0445313 0.059375
0 0.0615234 0.729297 0.0607422 0.0914062
0 0.449219 0.923438 0.0414063 0.05
0 0.683594 0.414941 0.096875 0.0873047
0 0.179883 0.975781 0.220703 0.0484375
0 0.523438 0.397266 0.110937 0.0914062
0 0.414453 0.707812 0.177344 0.084375
0 0.667969 0.397656 0.0828125 0.150781
0 0.42666 0.724609 0.123242 0.0445313
0 0.442188 0.726172 0.110937 0.0671875
0 0.488281 0.361719 0.227344 0.201563
0 0.0513672 0.698828 0.102734 0.225781
0 0.354297 0.483984 0.102344 0.29375
0 0.496875 0.386035 0.06875 0.0763672
0 0.635547 0.60625 0.110156 0.0765625
0 0.0611816 0.730469 0.0883789 0.201563
0 0.0369019 0.848437 0.069751 0.090625
0 0.394531 0.714063 0.116406 0.0625
0 0.383984 0.946875 0.04375 0.071875
0 0.0383301 0.853906 0.0615234 0.0671875
0 0.710156 0.445703 0.0375 0.0429688
0 0.417188 0.965625 0.040625 0.0625
0 0.0729004 0.739062 0.0354492 0.0671875
0 0.723437 0.144922 0.120313 0.0832031
0 0.494531 0.391016 0.028125 0.0445313
0 0.316797 0.99375 0.245312 0.0125
0 0.585156 0.374414 0.0515625 0.0839844
0 0.546875 0.706641 0.0625 0.0695313
0 0.00955811 0.80625 0.0191162 0.21875
0 0.0868164 0.998047 0.173633 0.00390625
0 0.0862305 0.709766 0.0320312 0.0695313
0 0.807031 0.166797 0.114063 0.0816406
0 0.09021 0.703906 0.0348145 0.084375
0 0.561328 0.75 0.0703125 0.120313
0 0.430469 0.715234 0.154688 0.071875
0 0.0973633 0.965625 0.0667969 0.0484375
0 0.452734 0.760156 0.302344 0.204688
0 0.6125 0.620703 0.0640625 0.0804688
0 0.074707 0.73125 0.0410156 0.071875
0 0.719922 0.151562 0.0632813 0.053125
0 0.371875 0.94375 0.0421875 0.05625
0 0.417969 0.643359 0.177344 0.202344
0 0.49834 0.525098 0.395508 0.532617
0 0.366406 0.474121 0.105469 0.423633
0 0.44375 0.514844 0.279687 0.510938
0 0.376563 0.510938 0.142188 0.502344
0 0.407422 0.506641 0.196875 0.497656
0 0.380469 0.349219 0.0617188 0.160938
0 0.673828 0.118359 0.0335938 0.0476562
0 0.673828 0.116211 0.0289063 0.0361328
0 0.679688 0.119824 0.040625 0.0521484
0 0.667188 0.426563 0.05 0.0796875
0 0.672656 0.119336 0.0484375 0.0566406
0 0.346094 0.508984 0.160938 0.489844
0 0.034375 0.826563 0.055957 0.046875
0 0.658594 0.42041 0.0640625 0.110742
0 0.676172 0.112695 0.0414063 0.05
0 0.385254 0.325977 0.0529297 0.125391
0 0.453906 0.621484 0.295312 0.347656
0 0.0318359 0.825 0.0444336 0.0390625
0 0.0350586 0.809375 0.0610352 0.08125
0 0.669531 0.44375 0.034375 0.0546875
0 0.382031 0.378027 0.0617188 0.226758
0 0.378027 0.428125 0.0705078 0.329688
0 0.0378906 0.798438 0.0685547 0.096875
0 0.68125 0.124414 0.05 0.0644531
0 0.451953 0.642188 0.310937 0.223438
0 0.0387207 0.833594 0.068457 0.0796875
0 0.666406 0.120605 0.065625 0.0712891
0 0.689844 0.130957 0.06875 0.0751953
0 0.671875 0.419531 0.0445313 0.0773438
0 0.669531 0.447656 0.0265625 0.034375
0 0.351953 0.535547 0.0960938 0.513281
0 0.686719 0.118555 0.05625 0.0605469
0 0.361719 0.485547 0.0984375 0.582031
0 0.592969 0.625 0.040625 0.0765625
0 0.389844 0.307031 0.0523438 0.0867188
0 0.666406 0.449219 0.0398437 0.0460938
0 0.380469 0.348047 0.04375 0.157813
0 0.594531 0.619531 0.0328125 0.0601563
0 0.694531 0.121484 0.0796875 0.0621094
0 0.392188 0.344922 0.0742188 0.160156
0 0.0446411 0.80918 0.0890381 0.0878906
0 0.648828 0.421094 0.084375 0.145313
0 0.602734 0.620313 0.0484375 0.0703125
0 0.386328 0.567578 0.169531 0.361719
0 0.660156 0.445312 0.0578125 0.0765625
0 0.340039 0.907031 0.680078 0.185938
0 0.675391 0.133691 0.0609375 0.0798828
0 0.417188 0.615625 0.235156 0.2625
0 0.842188 0.153027 0.028125 0.0388672
0 0.594922 0.514063 0.528906 0.58125
0 0.716797 0.12793 0.119531 0.06875
0 0.576563 0.771484 0.0734375 0.0726563
0 0.670703 0.452344 0.03125 0.0484375
0 0.588281 0.632031 0.0328125 0.0890625
0 0.653125 0.436719 0.0757812 0.107813
0 0.839063 0.151758 0.0390625 0.0414063
0 0.467969 0.708594 0.2875 0.2125
0 0.591797 0.612109 0.034375 0.0515625
0 0.603125 0.633594 0.0578125 0.101562
0 0.353125 0.864844 0.70625 0.270313
0 0.292578 0.506934 0.266406 0.493945
0 0.401563 0.317578 0.0828125 0.117969
0 0.0322754 0.824219 0.0645508 0.0625
0 0.526563 0.686719 0.165625 0.209375
0 0.655859 0.114844 0.0898438 0.0796875
0 0.0441284 0.821094 0.0804932 0.0703125
0 0.122852 0.976562 0.0509766 0.0375
0 0.757422 0.130664 0.203906 0.0605469
0 0.0456177 0.792188 0.089624 0.109375
0 0.0405762 0.769531 0.0764648 0.151562
0 0.0328613 0.783594 0.0657227 0.185938
0 0.479688 0.753906 0.294531 0.148438
0 0.554688 0.732422 0.124219 0.144531
0 0.715625 0.141602 0.120313 0.0898438
0 0.661719 0.111523 0.06875 0.0574219
0 0.846875 0.15752 0.034375 0.0498047
0 0.603125 0.614062 0.0703125 0.0625
0 0.130859 0.975 0.071875 0.04375
0 0.677344 0.413281 0.0578125 0.0867188
0 0.368164 0.679688 0.0769531 0.123438
0 0.134961 0.970313 0.0925781 0.053125
0 0.666016 0.452344 0.0421875 0.0625
0 0.137305 0.964453 0.126953 0.0710938
0 0.0363159 0.834375 0.0672119 0.121875
0 0.154492 0.721094 0.0289063 0.0375
0 0.578906 0.776758 0.078125 0.108984
0 0.131152 0.994531 0.262305 0.0109375
0 0.431348 0.316406 0.21543 0.614062
0 0.588281 0.644141 0.059375 0.121094
0 0.584375 0.63125 0.0492188 0.0875
0 0.13291 0.974219 0.26582 0.0515625
0 0.301953 0.939453 0.603906 0.121094
0 0.428027 0.474609 0.22207 0.600781
0 0.758984 0.145801 0.210156 0.0794922
0 0.671484 0.424902 0.065625 0.108008
0 0.536719 0.472754 0.319531 0.220117
0 0.571875 0.86875 0.85625 0.260938
0 0.588281 0.614844 0.0453125 0.0601563
0 0.503906 0.396484 0.0421875 0.0523438
0 0.641406 0.455371 0.101562 0.164258
0 0.498437 0.390234 0.0257812 0.034375
0 0.157129 0.727734 0.0443359 0.0601563
0 0.532813 0.7375 0.159375 0.126563
0 0.674219 0.410254 0.0375 0.0998047
0 0.650781 0.14314 0.667188 0.193408
0 0.688672 0.0834229 0.0632813 0.106982
0 0.395313 0.299414 0.0640625 0.0796875
0 0.25293 0.989062 0.344922 0.021875
0 0.492578 0.307422 0.317188 0.574219
0 0.442285 0.42041 0.254492 0.32168
0 0.516016 0.397656 0.0632813 0.0609375
0 0.645312 0.132031 0.10625 0.0753906
0 0.712109 0.123047 0.107813 0.0919922
0 0.126563 0.96875 0.0601563 0.059375
0 0.129199 0.965625 0.258398 0.06875
0 0.623438 0.110254 0.753125 0.175195
0 0.328516 0.832812 0.657031 0.201563
0 0.385547 0.657422 0.166406 0.180469
0 0.0486328 0.746094 0.0972656 0.207813
0 0.658594 0.457031 0.0625 0.0898438
0 0.360547 0.573438 0.123438 0.35625
0 0.120117 0.98125 0.0511719 0.034375
0 0.576172 0.757031 0.0726563 0.0921875
0 0.43125 0.68125 0.203906 0.133594
0 0.166211 0.958203 0.1875 0.0835937
0 0.660156 0.447656 0.065625 0.139063
0 0.188672 0.992969 0.319141 0.0140625
0 0.454004 0.506152 0.306055 0.283008
0 0.153516 0.973437 0.142188 0.05
0 0.387109 0.300781 0.046875 0.0671875
0 0.505078 0.666016 0.199219 0.178125
0 0.577344 0.625781 0.06875 0.0890625
0 0.351953 0.488281 0.104688 0.351562
0 0.832812 0.151855 0.059375 0.0533203
0 0.572656 0.77793 0.0640625 0.0535156
0 0.181055 0.973437 0.362109 0.053125
0 0.625391 0.8375 0.749219 0.314063
0 0.368164 0.513281 0.130078 0.385156
0 0.571875 0.7375 0.0875 0.134375
0 0.5375 0.532031 0.259375 0.328125
0 0.707031 0.0881836 0.090625 0.111914
0 0.523828 0.603125 0.174219 0.284375
0 0.045166 0.839063 0.0807617 0.096875
0 0.460547 0.696094 0.26875 0.10625
0 0.524219 0.411035 0.096875 0.0919922
0 0.3625 0.661328 0.0695313 0.164844
0 0.745313 0.118164 0.179688 0.0558594
0 0.379297 0.311328 0.059375 0.111719
0 0.6625 0.410156 0.0484375 0.08125
0 0.667188 0.0849365 0.065625 0.11333
0 0.0926758 0.992969 0.185352 0.0140625
0 0.422656 0.544531 0.2375 0.389844
0 0.0974365 0.825 0.191455 0.0671875
0 0.560059 0.922656 0.79082 0.154688
0 0.403809 0.924219 0.768945 0.151562
0 0.634375 0.940234 0.73125 0.119531
0 0.612891 0.625781 0.0796875 0.090625
0 0.388379 0.289453 0.0482422 0.0585938
0 0.375781 0.363281 0.0453125 0.152344
0 0.15332 0.723828 0.0382813 0.04375
0 0.298486 0.991406 0.346777 0.0171875
0 0.0329834 0.749219 0.0659668 0.201563
0 0.464746 0.519531 0.323633 0.539062
0 0.455859 0.632031 0.296094 0.328125
0 0.357812 0.48125 0.111719 0.4375
0 0.674219 0.117188 0.03125 0.0466797
0 0.0350098 0.822656 0.0316406 0.0359375
0 0.674219 0.115625 0.0265625 0.0382813
0 0.0352661 0.823438 0.0431396 0.0453125
0 0.423438 0.504297 0.248438 0.483594
0 0.614062 0.510547 0.639063 0.566406
0 0.0395508 0.807031 0.0594727 0.0734375
0 0.678906 0.120703 0.040625 0.0574219
0 0.0397949 0.81875 0.0507812 0.065625
0 0.655078 0.423047 0.0617188 0.0851563
0 0.656641 0.435937 0.0570313 0.0625
0 0.464063 0.659375 0.282031 0.18125
0 0.671094 0.117871 0.040625 0.0556641
0 0.348438 0.501953 0.157813 0.4875
0 0.376563 0.328906 0.0632813 0.123438
0 0.355469 0.566797 0.0976562 0.361719
0 0.376172 0.505469 0.148438 0.492969
0 0.386328 0.32168 0.0414063 0.107422
0 0.674219 0.125977 0.0367188 0.0632813
0 0.660547 0.445312 0.0476562 0.0453125
0 0.378906 0.354102 0.0601563 0.176953
0 0.667188 0.438281 0.0359375 0.05625
0 0.0421753 0.795117 0.0810791 0.0878906
0 0.548438 0.734375 0.144531 0.128125
0 0.66875 0.444922 0.0265625 0.040625
0 0.351953 0.497656 0.09375 0.582812
0 0.688281 0.119531 0.0515625 0.0671875
0 0.679688 0.125977 0.0507812 0.0679687
0 0.0322144 0.803906 0.0463135 0.071875
0 0.524219 0.730078 0.104688 0.108594
0 0.669531 0.420312 0.0421875 0.075
0 0.593359 0.610938 0.0304688 0.0484375
0 0.664844 0.12002 0.0617188 0.0664062
0 0.654688 0.448047 0.0625 0.0515625
0 0.465234 0.709375 0.277344 0.19375
0 0.381641 0.572266 0.148438 0.346094
0 0.594531 0.615625 0.0359375 0.059375
0 0.305078 0.502344 0.233594 0.4875
0 0.38916 0.30625 0.0498047 0.0828125
0 0.690625 0.133594 0.0734375 0.0777344
0 0.0393555 0.829688 0.0503906 0.053125
0 0.385156 0.32168 0.0632813 0.113672
0 0.4625 0.686719 0.292969 0.353125
0 0.380371 0.325977 0.0361328 0.107422
0 0.0322754 0.821094 0.0635742 0.0453125
0 0.0445435 0.777344 0.0822022 0.125
0 0.0303711 0.809375 0.0607422 0.065625
0 0.470313 0.737891 0.285938 0.155469
0 0.701563 0.124609 0.0875 0.0757812
0 0.517969 0.711719 0.110937 0.075
0 0.658594 0.414453 0.05 0.0664062
0 0.0450195 0.810156 0.0728516 0.0859375
0 0.699609 0.11189 0.0992187 0.0824707
0 0.379785 0.34375 0.0373047 0.169531
0 0.653125 0.117383 0.090625 0.0726563
0 0.532813 0.691406 0.15 0.2125
0 0.672656 0.135254 0.0570313 0.0806641
0 0.660156 0.11084 0.0671875 0.0615234
0 0.394531 0.313477 0.0765625 0.101953
0 0.577344 0.635156 0.059375 0.0859375
0 0.652344 0.455469 0.065625 0.0710938
0 0.501172 0.691406 0.209375 0.215625
0 0.566406 0.760547 0.0875 0.0773438
0 0.708984 0.132227 0.104688 0.0777344
0 0.602344 0.613281 0.0546875 0.0625
0 0.0248535 0.800781 0.0370117 0.0734375
0 0.545703 0.555078 0.492969 0.486719
0 0.714844 0.0844727 0.103125 0.131055
0 0.66875 0.453516 0.03125 0.0523438
0 0.0390503 0.842188 0.0529541 0.0625
0 0.575391 0.76875 0.0695313 0.0609375
0 0.585938 0.632031 0.0359375 0.08125
0 0.520312 0.454297 0.435937 0.455469
0 0.69375 0.0841797 0.078125 0.129297
0 0.590625 0.627344 0.0328125 0.071875
0 0.344141 0.5875 0.0890625 0.317188
0 0.382031 0.350781 0.0914062 0.172656
0 0.211328 0.507422 0.422656 0.507031
0 0.601562 0.615234 0.0414063 0.0570313
0 0.364453 0.616797 0.100781 0.24375
0 0.498437 0.389453 0.025 0.0304688
0 0.708203 0.107007 0.115625 0.10708
0 0.419434 0.572266 0.223633 0.346094
0 0.650781 0.417969 0.0734375 0.103125
0 0.607422 0.789844 0.785156 0.401563
0 0.461328 0.415723 0.313281 0.293555
0 0.736719 0.130859 0.159375 0.0800781
0 0.511719 0.757031 0.196875 0.126563
0 0.410156 0.0841797 0.820312 0.168359
0 0.564063 0.640625 0.0859375 0.1125
0 0.675781 0.105371 0.0476562 0.0720703
0 0.647266 0.368164 0.633594 0.367578
0 0.602344 0.632812 0.0578125 0.0921875
0 0.335156 0.528906 0.0484375 0.15
0 0.585547 0.647656 0.503906 0.290625
0 0.393359 0.63125 0.144531 0.217188
0 0.571875 0.746875 0.084375 0.10625
0 0.513281 0.283252 0.40625 0.389746
0 0.330859 0.87207 0.661719 0.224609
0 0.666797 0.425781 0.0703125 0.0828125
0 0.370703 0.403125 0.0804688 0.276563
0 0.346484 0.514453 0.0929688 0.326562
0 0.647656 0.442969 0.0828125 0.125
0 0.377246 0.314453 0.0501953 0.101562
0 0.706641 0.776563 0.586719 0.434375
0 0.390527 0.29375 0.0533203 0.065625
0 0.365039 0.352344 0.0894531 0.174219
0 0.358594 0.659375 0.0609375 0.160938
0 0.559375 0.689844 0.10625 0.2125
0 0.0372559 0.828125 0.0631836 0.071875
0 0.051355 0.7875 0.0658447 0.0859375
0 0.0684082 0.745313 0.028418 0.0390625
0 0.48125 0.374902 0.321094 0.22207
0 0.536719 0.717969 0.0953125 0.090625
0 0.620313 0.475879 0.759375 0.58418
0 0.614844 0.616406 0.0609375 0.0734375
0 0.457813 0.502734 0.304688 0.539062
0 0.675 0.118359 0.028125 0.0398437
0 0.675 0.121973 0.0328125 0.0529297
0 0.037793 0.824219 0.0368164 0.0390625
0 0.382031 0.509766 0.155469 0.483594
0 0.0358276 0.828125 0.0463135 0.046875
0 0.354883 0.567187 0.0886719 0.365625
0 0.669531 0.116602 0.034375 0.046875
0 0.357422 0.488379 0.0953125 0.44668
0 0.677344 0.124316 0.040625 0.0648438
0 0.461719 0.623047 0.289062 0.325781
0 0.0343872 0.807617 0.0513428 0.0691406
0 0.0410645 0.825 0.0482422 0.059375
0 0.594141 0.609375 0.0289063 0.0421875
0 0.458984 0.674219 0.260156 0.190625
0 0.671875 0.12832 0.040625 0.0654297
0 0.689063 0.124902 0.046875 0.0726563
0 0.668359 0.112207 0.0421875 0.0525391
0 0.0361328 0.8375 0.0536133 0.06875
0 0.0413086 0.794531 0.0759766 0.090625
0 0.68125 0.117969 0.0460938 0.0632813
0 0.596094 0.613672 0.0367188 0.053125
0 0.663281 0.120703 0.059375 0.0597656
0 0.669922 0.448047 0.0265625 0.0414063
0 0.344922 0.510156 0.160156 0.495313
0 0.582129 0.511719 0.563867 0.532813
0 0.380469 0.332031 0.05625 0.13125
0 0.383203 0.353125 0.04375 0.165625
0 0.373047 0.577344 0.117188 0.34375
0 0.421484 0.512891 0.2375 0.486719
0 0.0322022 0.825 0.0644043 0.046875
0 0.383984 0.332031 0.0351562 0.128125
0 0.524219 0.721094 0.0984375 0.0953125
0 0.457129 0.738672 0.24668 0.152344
0 0.680859 0.130078 0.05 0.0746094
0 0.671094 0.447656 0.0351562 0.0453125
0 0.0409668 0.810742 0.0613281 0.0847656
0 0.382031 0.363477 0.0421875 0.232422
0 0.688281 0.13457 0.065625 0.0796875
0 0.3625 0.426172 0.084375 0.325
0 0.468359 0.646484 0.289062 0.233594
0 0.834375 0.145117 0.0296875 0.0351562
0 0.841406 0.147168 0.028125 0.0351562
0 0.649219 0.119727 0.0859375 0.0675781
0 0.345703 0.534375 0.0789063 0.453125
0 0.498828 0.390625 0.0273438 0.03125
0 0.70625 0.131348 0.09375 0.0974609
0 0.0274658 0.832812 0.0549316 0.0625
0 0.0705078 0.0652832 0.0251953 0.030957
0 0.0392578 0.780469 0.0611328 0.128125
0 0.661035 0.512891 0.67793 0.639844
0 0.659375 0.110352 0.0625 0.0601563
0 0.669531 0.457031 0.03125 0.0609375
0 0.660937 0.131836 0.05625 0.0765625
0 0.476562 0.735938 0.101562 0.040625
0 0.592969 0.623047 0.0265625 0.065625
0 0.386719 0.611719 0.121875 0.270313
0 0.671094 0.430859 0.0367188 0.06875
0 0.304492 0.51084 0.224609 0.486133
0 0.603125 0.614062 0.05 0.0625
0 0.389453 0.290234 0.0398437 0.0554687
0 0.364844 0.359375 0.0757812 0.188281
0 0.18042 0.119922 0.0274414 0.0308594
0 0.532813 0.731641 0.107813 0.128906
0 0.463281 0.734375 0.11875 0.046875
0 0.690625 0.121484 0.0671875 0.0691406
0 0.0682617 0.749219 0.0279297 0.040625
0 0.595703 0.601562 0.0375 0.053125
0 0.478125 0.7375 0.0796875 0.05625
0 0.83125 0.142676 0.0375 0.0414063
0 0.602344 0.621094 0.0414063 0.0703125
0 0.465625 0.741406 0.109375 0.0734375
0 0.582422 0.773438 0.0578125 0.065625
0 0.673438 0.10498 0.040625 0.0681641
0 0.509375 0.709375 0.160938 0.08125
0 0.659375 0.442188 0.059375 0.05625
0 0.659375 0.453516 0.05625 0.0554687
0 0.521875 0.70625 0.1125 0.0921875
0 0.34082 0.577344 0.0855469 0.340625
0 0.450781 0.741406 0.120313 0.0859375
0 0.590234 0.630469 0.0351562 0.08125
0 0.401953 0.570312 0.176563 0.359375
0 0.584375 0.630469 0.05 0.0835937
0 0.66875 0.126563 0.0546875 0.0742188
0 0.0476074 0.793555 0.0762695 0.112891
0 0.678125 0.447266 0.053125 0.0609375
0 0.741016 0.153125 0.0273438 0.0308594
0 0.48125 0.735938 0.0546875 0.034375
0 0.736328 0.151367 0.0296875 0.0332031
0 0.0296631 0.830469 0.0593262 0.11875
0 0.821875 0.136133 0.034375 0.0363281
0 0.839063 0.145605 0.0359375 0.0435547
0 0.154492 0.721094 0.0304688 0.0398437
0 0.517969 0.717188 0.128125 0.0757812
0 0.0278809 0.797656 0.0557617 0.090625
0 0.697266 0.112402 0.0742188 0.0949219
0 0.542969 0.739453 0.13125 0.158594
0 0.0629883 0.746875 0.0306641 0.0390625
0 0.669531 0.144727 0.05625 0.1
0 0.348633 0.445215 0.108984 0.342383
0 0.664453 0.430469 0.046875 0.071875
0 0.495313 0.694531 0.210938 0.159375
0 0.0680664 0.742969 0.0380859 0.0515625
0 0.185107 0.119531 0.0344727 0.0328125
0 0.657031 0.463281 0.059375 0.0796875
0 0.472656 0.747656 0.103125 0.107813
0 0.851562 0.160645 0.0421875 0.0603516
0 0.586328 0.608594 0.0554687 0.053125
0 0.0680664 0.757031 0.0341797 0.0546875
0 0.428223 0.739453 0.15293 0.0914062
0 0.49375 0.730469 0.210938 0.120313
0 0.0691406 0.0636719 0.0339844 0.0369141
0 0.848437 0.152539 0.0328125 0.04375
0 0.845313 0.156738 0.0421875 0.0560547
0 0.0520508 0.778906 0.0662109 0.104688
0 0.0361328 0.851562 0.0589844 0.1
0 0.385254 0.3 0.0544922 0.0804688
0 0.4375 0.734375 0.126563 0.0546875
0 0.675781 0.14043 0.0453125 0.0839844
0 0.597656 0.192969 0.025 0.0328125
0 0.710156 0.142969 0.0875 0.0537109
0 0.378906 0.390723 0.0351562 0.24668
0 0.83125 0.147168 0.0515625 0.0480469
0 0.2125 0.500684 0.419531 0.49707
0 0.0397461 0.871875 0.0417969 0.021875
0 0.58125 0.639844 0.0546875 0.1125
0 0.595703 0.604297 0.0429688 0.0679687
0 0.0713867 0.0681641 0.0287109 0.0414063
0 0.557031 0.674219 0.096875 0.170313
0 0.696875 0.447656 0.0546875 0.0421875
0 0.336133 0.534375 0.0484375 0.151562
0 0.034668 0.867188 0.0441406 0.0296875
0 0.432422 0.42959 0.224219 0.337695
0 0.742188 0.160742 0.03125 0.0496094
0 0.845313 0.148633 0.034375 0.0398437
0 0.667969 0.462891 0.0375 0.0773438
0 0.721484 0.13623 0.119531 0.0904297
0 0.614453 0.616797 0.0515625 0.0679687
0 0.515625 0.733594 0.195312 0.142188
0 0.576563 0.785156 0.0734375 0.075
0 0.516406 0.674219 0.173438 0.178125
0 0.577344 0.783594 0.065625 0.05
0 0.511719 0.540234 0.201563 0.347656
0 0.676562 0.453516 0.0414063 0.0578125
0 0.431348 0.726172 0.15293 0.040625
0 0.904688 0.191016 0.025 0.0296875
0 0.648438 0.108398 0.084375 0.0652344
0 0.5125 0.73125 0.117188 0.129688
0 0.809375 0.132617 0.0359375 0.0382813
0 0.451562 0.728125 0.117188 0.0421875
0 0.550781 0.426563 0.0296875 0.034375
0 0.373437 0.356641 0.0429688 0.203125
0 0.636719 0.119824 0.123438 0.0716797
0 0.492188 0.389844 0.034375 0.034375
0 0.318164 0.885156 0.636328 0.182812
0 0.413672 0.730469 0.161719 0.065625
0 0.602344 0.629687 0.0492188 0.0898438
0 0.675781 0.422266 0.0328125 0.0679687
0 0.502344 0.393359 0.0375 0.0414063
0 0.662109 0.467187 0.04375 0.0859375
0 0.671875 0.474219 0.0453125 0.103125
0 0.342383 0.512402 0.0871094 0.31582
0 0.416016 0.653125 0.170313 0.196875
0 0.820312 0.139063 0.0625 0.0511719
0 0.621094 0.546875 0.757812 0.8
0 0.0270752 0.792969 0.0541504 0.167187
0 0.0321045 0.807031 0.064209 0.198437
0 0.315625 0.835938 0.63125 0.16875
0 0.46875 0.720313 0.125 0.0640625
0 0.435156 0.569141 0.235938 0.372656
0 0.357227 0.675391 0.0503906 0.130469
0 0.0494263 0.850781 0.07146 0.0921875
0 0.859375 0.170117 0.04375 0.0621094
0 0.391406 0.324219 0.0476562 0.114063
0 0.691016 0.0914795 0.0617188 0.136572
0 0.392188 0.285156 0.0484375 0.06875
0 0.351367 0.692187 0.0359375 0.09375
0 0.0485229 0.83125 0.0767822 0.084375
0 0.0686523 0.0685547 0.0384766 0.0521484
0 0.457031 0.544434 0.302344 0.567383
0 0.673438 0.11875 0.028125 0.0441406
0 0.671094 0.126953 0.034375 0.0605469
0 0.0310425 0.824219 0.0488525 0.0421875
0 0.458203 0.725 0.258594 0.209375
0 0.678125 0.125 0.0390625 0.0585938
0 0.461621 0.671094 0.26582 0.207813
0 0.66875 0.116602 0.0359375 0.0496094
0 0.0301636 0.830469 0.054126 0.053125
0 0.0305542 0.809375 0.0519775 0.06875
0 0.0361328 0.825 0.0532227 0.05
0 0.355469 0.490723 0.0914062 0.451367
0 0.526172 0.609375 0.434375 0.703125
0 0.592969 0.609375 0.0296875 0.0453125
0 0.0693848 0.0637695 0.0270508 0.0367188
0 0.032373 0.835938 0.0608398 0.06875
0 0.0363159 0.822656 0.0609619 0.0671875
0 0.382031 0.346484 0.0429688 0.158594
0 0.687891 0.125 0.05 0.06875
0 0.839844 0.147949 0.028125 0.0371094
0 0.834375 0.146484 0.034375 0.0378906
0 0.665625 0.112695 0.0453125 0.0519531
0 0.46084 0.643359 0.28457 0.378906
0 0.632812 0.588281 0.632812 0.823438
0 0.178955 0.119141 0.0288086 0.03125
0 0.659375 0.119727 0.059375 0.0519531
0 0.679297 0.129492 0.0515625 0.0726563
0 0.29082 0.928125 0.112891 0.0703125
0 0.595703 0.622656 0.0328125 0.0671875
0 0.039209 0.792383 0.0758789 0.0964844
0 0.667969 0.425781 0.0375 0.0773438
0 0.4625 0.632812 0.28125 0.248438
0 0.592188 0.617188 0.0273438 0.05625
0 0.174219 0.120215 0.0328125 0.0339844
0 0.286719 0.909375 0.0601563 0.046875
0 0.067041 0.0632813 0.0366211 0.0390625
0 0.51875 0.735938 0.171875 0.170313
0 0.661328 0.424219 0.0484375 0.0828125
0 0.294922 0.914062 0.065625 0.0453125
0 0.357227 0.503906 0.0871094 0.629687
0 0.83125 0.14668 0.05 0.0433594
0 0.270117 0.928125 0.140625 0.065625
0 0.297852 0.920313 0.0945313 0.0609375
0 0.836719 0.153906 0.046875 0.0503906
0 0.382422 0.368359 0.04375 0.264062
0 0.420312 0.746875 0.384375 0.50625
0 0.279687 0.904688 0.0546875 0.0375
0 0.661719 0.442969 0.0445313 0.0515625
0 0.031543 0.77793 0.0621094 0.134766
0 0.667969 0.442188 0.0296875 0.0484375
0 0.542188 0.735547 0.135156 0.161719
0 0.305078 0.920313 0.139063 0.065625
0 0.589063 0.623438 0.0328125 0.06875
0 0.292773 0.911719 0.0957031 0.0421875
0 0.662109 0.13125 0.0578125 0.0742188
0 0.333984 0.940625 0.178906 0.109375
0 0.682813 0.133008 0.06875 0.0761719
0 0.826563 0.139258 0.04375 0.0402344
0 0.306445 0.917188 0.0648438 0.05
0 0.3875 0.573828 0.15625 0.338281
0 0.510938 0.696875 0.183594 0.242188
0 0.845313 0.152734 0.034375 0.0441406
0 0.655859 0.444531 0.0671875 0.05625
0 0.653125 0.452344 0.0632813 0.0546875
0 0.364844 0.569531 0.113281 0.346875
0 0.846875 0.162891 0.046875 0.0667969
0 0.539844 0.675391 0.128125 0.183594
0 0.514844 0.66875 0.178125 0.173438
0 0.371094 0.354102 0.0640625 0.171484
0 0.442871 0.703125 0.223633 0.182812
0 0.362891 0.425391 0.0898438 0.324219
0 0.304492 0.942969 0.133984 0.101562
0 0.0721191 0.0693359 0.0352539 0.0498047
0 0.65625 0.112305 0.0640625 0.05625
0 0.525 0.719922 0.096875 0.0953125
0 0.309766 0.925 0.0925781 0.06875
0 0.317578 0.761328 0.611719 0.477344
0 0.0459961 0.78125 0.0800781 0.11875
0 0.496094 0.391797 0.0328125 0.0484375
0 0.586719 0.625 0.040625 0.08125
0 0.663281 0.146484 0.059375 0.101953
0 0.174219 0.12168 0.05625 0.0347656
0 0.536719 0.70625 0.14375 0.217188
0 0.521484 0.73125 0.108594 0.126563
0 0.81875 0.145215 0.075 0.0523438
0 0.675 0.141406 0.05 0.0871094
0 0.168555 0.129688 0.0464844 0.0523438
0 0.0324707 0.857031 0.0561523 0.0515625
0 0.258203 0.922656 0.174219 0.059375
0 0.279102 0.905469 0.0816406 0.034375
0 0.0597656 0.765625 0.0550781 0.0765625
0 0.509375 0.557031 0.209375 0.40625
0 0.644922 0.11875 0.0867188 0.0597656
0 0.182227 0.115234 0.0421875 0.0316406
0 0.383594 0.323828 0.0421875 0.1125
0 0.0631348 0.749219 0.0321289 0.0414063
0 0.038916 0.810938 0.0717773 0.0859375
0 0.53125 0.74375 0.159375 0.21875
0 0.578125 0.782813 0.065625 0.0734375
0 0.0427246 0.83125 0.0643555 0.0625
0 0.30332 0.945312 0.0820312 0.103125
0 0.829688 0.154395 0.059375 0.0572266
0 0.622656 0.553125 0.754687 0.89375
0 0.658984 0.451953 0.0484375 0.0632813
0 0.0339355 0.867188 0.0588867 0.03125
0 0.0321289 0.854688 0.0638672 0.10625
0 0.682813 0.148828 0.071875 0.108984
0 0.45625 0.763281 0.592188 0.473438
0 0.180664 0.124316 0.0457031 0.0443359
0 0.650781 0.458594 0.0671875 0.0734375
0 0.564844 0.728906 0.101562 0.176563
0 0.700781 0.137695 0.0953125 0.084375
0 0.322656 0.833789 0.6125 0.332422
0 0.027832 0.794531 0.0556641 0.104688
0 0.576953 0.78418 0.065625 0.0503906
0 0.422559 0.456641 0.214258 0.373437
0 0.8125 0.13418 0.04375 0.0376953
0 0.694141 0.130078 0.0757812 0.0734375
0 0.59375 0.603906 0.0375 0.0671875
0 0.583594 0.510547 0.5125 0.832031
0 0.0654297 0.0588867 0.0451172 0.05625
0 0.276563 0.913281 0.119531 0.04375
0 0.315625 0.873438 0.621875 0.234375
0 0.303125 0.915625 0.0742188 0.065625
0 0.0675293 0.0767578 0.0323242 0.0607422
0 0.0663086 0.755469 0.0330078 0.046875
0 0.271484 0.903125 0.0570313 0.03125
0 0.557813 0.696484 0.114063 0.235156
0 0.03125 0.796875 0.0625 0.190625
0 0.585156 0.608594 0.05625 0.0578125
0 0.189648 0.119727 0.0460938 0.0386719
0 0.859375 0.183789 0.04375 0.040625
0 0.577344 0.786719 0.0726563 0.1
0 0.350391 0.5875 0.090625 0.339063
0 0.365039 0.942187 0.258984 0.115625
0 0.578125 0.544922 0.189844 0.390625
0 0.416406 0.595313 0.209375 0.3
0 0.175 0.116797 0.0414063 0.0310547
0 0.0311523 0.848437 0.0623047 0.1875
0 0.602344 0.625 0.04375 0.0765625
0 0.516016 0.720313 0.107813 0.071875
0 0.49375 0.400391 0.03125 0.0578125
0 0.864062 0.173145 0.0453125 0.0646484
0 0.276563 0.917969 0.153125 0.109375
0 0.572266 0.793555 0.084375 0.0660156
0 0.650781 0.430469 0.0671875 0.084375
0 0.579297 0.771484 0.813281 0.457031
0 0.642969 0.453906 0.0484375 0.053125
0 0.230469 0.850781 0.0296875 0.0484375
0 0.682813 0.121094 0.0671875 0.0648438
0 0.362109 0.376953 0.0789063 0.225781
0 0.239893 0.929688 0.187402 0.065625
0 0.839063 0.162695 0.0609375 0.075
0 0.0443481 0.830469 0.0861084 0.078125
0 0.405078 0.415527 0.183594 0.292383
0 0.0712891 0.0619141 0.0386719 0.0470703
0 0.0598145 0.0600098 0.0584961 0.0483398
0 0.455469 0.523828 0.301563 0.507031
0 0.671875 0.12041 0.025 0.0480469
0 0.678906 0.123633 0.0390625 0.0574219
0 0.671875 0.127148 0.034375 0.0574219
0 0.361719 0.475781 0.115625 0.421875
0 0.671875 0.112891 0.0367188 0.0601563
0 0.678125 0.127344 0.05 0.0632813
0 0.0390137 0.779492 0.072168 0.137891
0 0.493359 0.530469 0.410156 0.567187
0 0.0348145 0.815625 0.0532227 0.065625
0 0.468359 0.679688 0.2875 0.189844
0 0.0345215 0.798438 0.0625977 0.09375
0 0.323828 0.940625 0.159375 0.0984375
0 0.357812 0.497656 0.1 0.628125
0 0.666406 0.109473 0.046875 0.0679687
0 0.0356445 0.822656 0.0458984 0.04375
0 0.6875 0.122852 0.05625 0.0671875
0 0.374609 0.538965 0.142188 0.44082
0 0.385547 0.343359 0.053125 0.153906
0 0.385156 0.322656 0.0460938 0.108594
0 0.682813 0.115137 0.05625 0.0767578
0 0.466309 0.721094 0.279883 0.209375
0 0.0367065 0.828906 0.0693604 0.0671875
0 0.0349609 0.828125 0.0586914 0.053125
0 0.0380859 0.832812 0.0707031 0.0953125
0 0.0448242 0.729688 0.0873047 0.239063
0 0.5375 0.703906 0.146875 0.235938
0 0.345898 0.939063 0.192578 0.120313
0 0.296484 0.915625 0.08125 0.059375
0 0.694531 0.132812 0.0734375 0.0736328
0 0.351562 0.554297 0.0945313 0.416406
0 0.393848 0.427344 0.173242 0.325781
0 0.695312 0.118555 0.0734375 0.0699219
0 0.034082 0.761328 0.0681641 0.180469
0 0.155078 0.528809 0.290234 0.598633
0 0.305469 0.932813 0.190625 0.0796875
0 0.35957 0.408203 0.112109 0.285938
0 0.0389771 0.782813 0.07146 0.20625
0 0.389844 0.350586 0.0664062 0.187891
0 0.389062 0.305078 0.0460938 0.0765625
0 0.0435669 0.821094 0.0784912 0.0859375
0 0.673438 0.10647 0.0523438 0.0808105
0 0.0530273 0.763281 0.102734 0.173438
0 0.594531 0.622656 0.0296875 0.06875
0 0.285938 0.911719 0.05625 0.0453125
0 0.592578 0.614844 0.0242188 0.046875
0 0.378027 0.355078 0.0501953 0.188281
0 0.308203 0.920313 0.0992187 0.065625
0 0.588281 0.625 0.0296875 0.06875
0 0.511328 0.695312 0.2 0.245312
0 0.114551 0.532422 0.213867 0.627344
0 0.403516 0.520312 0.191406 0.510938
0 0.300781 0.910937 0.0875 0.078125
0 0.7125 0.118945 0.10625 0.0769531
0 0.669531 0.120801 0.0625 0.0763672
0 0.212891 0.52959 0.425781 0.568945
0 0.496094 0.392969 0.028125 0.0484375
0 0.368945 0.382129 0.0878906 0.23418
0 0.427246 0.696094 0.198633 0.175
0 0.0491699 0.803125 0.0834961 0.1
0 0.0634277 0.782813 0.114941 0.1375
0 0.40791 0.933203 0.323242 0.133594
0 0.039209 0.825781 0.0727539 0.301563
0 0.0436523 0.825781 0.0873047 0.107813
0 0.156445 0.726172 0.0296875 0.0453125
0 0.709375 0.136816 0.101562 0.0849609
0 0.663281 0.129297 0.0578125 0.0738281
0 0.321484 0.934375 0.116406 0.0875
0 0.0352539 0.854688 0.0609375 0.121875
0 0.05448 0.778906 0.0824463 0.142188
0 0.680859 0.14248 0.0664062 0.0970703
0 0.292188 0.898438 0.0757812 0.090625
0 0.562109 0.70625 0.111719 0.2125
0 0.696875 0.149121 0.0828125 0.118555
0 0.051062 0.804883 0.0959229 0.171484
0 0.591406 0.625 0.0390625 0.075
0 0.384766 0.327539 0.0695313 0.124609
0 0.503125 0.404687 0.0515625 0.0710938
0 0.699219 0.107324 0.0859375 0.104102
0 0.0380859 0.692578 0.0761719 0.322656
0 0.670313 0.423828 0.0359375 0.0789063
0 0.278906 0.909375 0.0464844 0.040625
0 0.657813 0.0993896 0.065625 0.0937988
0 0.5375 0.883008 0.821875 0.233984
0 0.292188 0.923438 0.105469 0.06875
0 0.316016 0.53916 0.632031 0.56543
0 0.456641 0.646094 0.300781 0.384375
0 0.0647949 0.720313 0.12959 0.267188
0 0.376563 0.332031 0.630469 0.664062
0 0.287891 0.521875 0.414844 0.529688
0 0.0757812 0.820312 0.140234 0.129688
0 0.460156 0.699219 0.264062 0.142969
0 0.362695 0.575 0.122266 0.357812
0 0.317188 0.926562 0.195312 0.146875
0 0.176904 0.123242 0.0266602 0.0378906
0 0.583594 0.000366211 0.145313 0.000732422
0 0.498437 0.344141 0.3875 0.688281
0 0.584375 0.69375 0.126563 0.235938
0 0.303906 0.940625 0.105469 0.104688
0 0.653516 0.467578 0.692969 0.902344
0 0.621094 0.000341797 0.145313 0.000683594
0 0.171777 0.124414 0.0298828 0.0410156
0 0.671875 0.146875 0.065625 0.11875
0 0.503906 0.732813 0.20625 0.176563
0 0.0692383 0.864844 0.13457 0.229687
0 0.434766 0.329883 0.446094 0.659766
0 0.30625 0.903125 0.110156 0.103125
0 0.546094 0.000439453 0.148438 0.000878906
0 0.426953 0.441016 0.222656 0.360156
0 0.951563 0.000573731 0.096875 0.00114746
0 0.392871 0.310742 0.0705078 0.0941406
0 0.0251953 0.916406 0.0366211 0.0828125
0 0.492969 0.515527 0.357812 0.504883
0 0.674219 0.117578 0.025 0.0398437
0 0.0369629 0.823438 0.0449219 0.04375
0 0.468652 0.585156 0.287695 0.375
0 0.359375 0.554688 0.096875 0.400781
0 0.478906 0.674219 0.309375 0.171875
0 0.355078 0.486035 0.0960938 0.443555
0 0.0347778 0.817187 0.0650147 0.0625
0 0.0333008 0.803125 0.0548828 0.08125
0 0.673438 0.124609 0.03125 0.0554687
0 0.38584 0.350977 0.0501953 0.168359
0 0.679688 0.122266 0.034375 0.0492188
0 0.669922 0.117773 0.03125 0.046875
0 0.355078 0.488281 0.0875 0.610938
0 0.4625 0.71875 0.258594 0.10625
0 0.0375488 0.800195 0.0741211 0.0871094
0 0.680078 0.126172 0.0492188 0.0613281
0 0.0338867 0.795313 0.059668 0.110937
0 0.0356445 0.828125 0.0641602 0.0578125
0 0.347656 0.577344 0.0804688 0.370313
0 0.404297 0.520703 0.185156 0.497656
0 0.458203 0.727344 0.250781 0.167187
0 0.301563 0.933594 0.110156 0.0765625
0 0.322266 0.939063 0.128906 0.0875
0 0.387402 0.577344 0.142383 0.345313
0 0.2875 0.910156 0.0484375 0.040625
0 0.291406 0.911719 0.0648438 0.0453125
0 0.594531 0.611328 0.0257812 0.04375
0 0.0432495 0.782813 0.0838135 0.123438
0 0.507031 0.670313 0.2 0.165625
0 0.666406 0.113477 0.040625 0.0613281
0 0.670703 0.126172 0.0414063 0.0609375
0 0.688281 0.12373 0.05625 0.059375
0 0.0359863 0.752734 0.0706055 0.186719
0 0.309766 0.946875 0.139063 0.10625
0 0.30293 0.920313 0.120313 0.059375
0 0.324219 0.921875 0.139844 0.0625
0 0.536719 0.669141 0.135937 0.164062
0 0.651563 0.482812 0.0859375 0.13125
0 0.034668 0.823438 0.0611328 0.120313
0 0.467578 0.646875 0.286719 0.270313
0 0.475684 0.694531 0.251758 0.148438
0 0.361523 0.404687 0.0871094 0.28125
0 0.348828 0.947266 0.188281 0.105469
0 0.292773 0.91875 0.0785156 0.0625
0 0.373828 0.519434 0.122656 0.49707
0 0.342187 0.532031 0.0640625 0.203125
0 0.378516 0.356445 0.0453125 0.233203
0 0.0430176 0.814063 0.0793945 0.078125
0 0.35 0.564453 0.078125 0.546094
0 0.28125 0.909375 0.0398437 0.0375
0 0.655469 0.425781 0.0609375 0.0890625
0 0.213867 0.535937 0.427734 0.553125
0 0.302344 0.914844 0.0796875 0.053125
0 0.669141 0.426172 0.0375 0.0828125
0 0.454004 0.646094 0.345117 0.214062
0 0.0441406 0.720313 0.0882813 0.2625
0 0.376953 0.928125 0.689844 0.14375
0 0.0348145 0.850781 0.062793 0.0953125
0 0.0716309 0.0625 0.0239258 0.0382813
0 0.596875 0.621094 0.0359375 0.0695313
0 0.56416 0.645312 0.643555 0.709375
0 0.339844 0.934375 0.175 0.0890625
0 0.660937 0.123242 0.0515625 0.0691406
0 0.494922 0.386719 0.0265625 0.0414063
0 0.175586 0.125781 0.0335938 0.0433594
0 0.696094 0.138477 0.075 0.0796875
0 0.291406 0.901563 0.0726563 0.075
0 0.526563 0.714844 0.09375 0.075
0 0.031958 0.734766 0.063916 0.228906
0 0.690625 0.120605 0.06875 0.0708984
0 0.655078 0.440625 0.0625 0.0671875
0 0.590625 0.621094 0.03125 0.0640625
0 0.179883 0.124414 0.0285156 0.0386719
0 0.0317139 0.779492 0.0634277 0.200391
0 0.389062 0.944531 0.289062 0.110937
0 0.307813 0.942187 0.100781 0.115625
0 0.591797 0.616797 0.025 0.0546875
0 0.299805 0.909375 0.102734 0.071875
0 0.698438 0.126758 0.0828125 0.0699219
0 0.385547 0.329297 0.0414063 0.124219
0 0.548438 0.562109 0.292188 0.367969
0 0.581641 0.635156 0.05 0.09375
0 0.543848 0.356445 0.462305 0.653516
0 0.671875 0.442188 0.0273438 0.0515625
0 0.039502 0.839063 0.0790039 0.08125
0 0.653125 0.457813 0.0703125 0.075
0 0.523438 0.717969 0.104688 0.0984375
0 0.0327271 0.838281 0.0572021 0.078125
0 0.343555 0.521094 0.169141 0.509375
0 0.366211 0.365234 0.0792969 0.190625
0 0.349219 0.504687 0.096875 0.30625
0 0.0352051 0.84043 0.0636719 0.169141
0 0.371875 0.351953 0.0476562 0.203906
0 0.321875 0.948438 0.203906 0.103125
0 0.619922 0.462109 0.627344 0.797656
0 0.541406 0.915234 0.689063 0.169531
0 0.543652 0.678027 0.462695 0.643945
0 0.670313 0.127539 0.075 0.0714844
0 0.449316 0.734375 0.229492 0.225
0 0.670313 0.139063 0.0671875 0.0804688
0 0.281445 0.923438 0.164844 0.059375
0 0.713281 0.144141 0.1 0.0917969
0 0.698438 0.155469 0.084375 0.11875
0 0.389062 0.446094 0.157813 0.35
0 0.291406 0.946094 0.0945313 0.107813
0 0.661719 0.444922 0.046875 0.0523438
0 0.424902 0.481152 0.233008 0.417383
0 0.523047 0.622559 0.382031 0.601758
0 0.028125 0.770312 0.0516602 0.151562
0 0.390234 0.291406 0.0367188 0.0546875
0 0.367188 0.66875 0.0632813 0.146875
0 0.667188 0.483594 0.0609375 0.128125
0 0.712109 0.158398 0.103906 0.127344
0 0.671094 0.13252 0.0515625 0.0751953
0 0.564063 0.660156 0.08125 0.144531
0 0.0561523 0.703125 0.107813 0.145313
0 0.675781 0.154785 0.0796875 0.119336
0 0.356445 0.692969 0.0449219 0.10625
0 0.458594 0.523828 0.305469 0.495313
0 0.610254 0.60166 0.651367 0.69668
0 0.494922 0.542969 0.403906 0.576563
0 0.211719 0.559766 0.423438 0.644531
0 0.353125 0.499316 0.0960938 0.445117
0 0.381152 0.348438 0.0564453 0.163281
0 0.350977 0.577344 0.0902344 0.35
0 0.0353027 0.826563 0.0428711 0.04375
0 0.469531 0.678125 0.311719 0.185938
0 0.671875 0.12168 0.028125 0.0457031
0 0.653809 0.521484 0.692383 0.663281
0 0.0316895 0.828125 0.0520508 0.053125
0 0.232227 0.536328 0.383203 0.535156
0 0.375391 0.522656 0.153125 0.503125
0 0.473438 0.717578 0.320312 0.124219
0 0.35 0.499609 0.0882813 0.600781
0 0.356641 0.42334 0.0929688 0.30957
0 0.524219 0.678906 0.175 0.178125
0 0.672656 0.125195 0.034375 0.0550781
0 0.345117 0.567285 0.0792969 0.451367
0 0.451953 0.732813 0.257031 0.15625
0 0.667969 0.125098 0.0359375 0.0638672
0 0.552344 0.689844 0.115625 0.195312
0 0.0310059 0.813281 0.0549805 0.0765625
0 0.0333984 0.832812 0.0646484 0.075
0 0.0306641 0.79375 0.0613281 0.1
0 0.0304688 0.793945 0.0609375 0.140234
0 0.3625 0.367188 0.0851563 0.201563
0 0.576465 0.504004 0.561133 0.529492
0 0.638281 0.342383 0.667188 0.665234
0 0.37168 0.353516 0.0542969 0.189063
0 0.347266 0.524219 0.125781 0.514063
0 0.0393555 0.792969 0.0787109 0.107813
0 0.678125 0.126172 0.0375 0.0585938
0 0.0324219 0.816406 0.0648438 0.173438
0 0.310937 0.525391 0.2 0.513281
0 0.341406 0.603906 0.0859375 0.311719
0 0.396875 0.599219 0.178125 0.304688
0 0.63125 0.44375 0.7375 0.735938
0 0.0450684 0.778906 0.0901367 0.14375
0 0.0309082 0.833594 0.0618164 0.303125
0 0.328516 0.944531 0.140625 0.0984375
0 0.674219 0.132227 0.046875 0.0753906
0 0.0350098 0.85625 0.0693359 0.115625
0 0.665234 0.117212 0.046875 0.0894043
0 0.307031 0.935938 0.1375 0.078125
0 0.0295898 0.764063 0.0591797 0.178125
0 0.299609 0.920313 0.08125 0.06875
0 0.507812 0.661719 0.210938 0.198437
0 0.347852 0.345117 0.695703 0.690234
0 0.35 0.946875 0.1875 0.10625
0 0.498437 0.692187 0.23125 0.203125
0 0.292578 0.915625 0.0617188 0.053125
0 0.323242 0.929688 0.144922 0.0734375
0 0.51875 0.330859 0.43125 0.539844
0 0.580371 0.303906 0.567383 0.557813
0 0.625781 0.629297 0.748438 0.741406
0 0.0654297 0.884375 0.130859 0.20625
0 0.697266 0.636328 0.542969 0.702344
0 0.360547 0.616797 0.109375 0.270313
0 0.308545 0.947656 0.281348 0.104688
0 0.352148 0.939844 0.704297 0.120313
0 0.280859 0.93125 0.199219 0.06875
0 0.588672 0.639063 0.0390625 0.100781
0 0.288281 0.914062 0.0414063 0.0421875
0 0.314648 0.940625 0.115234 0.11875
0 0.0263672 0.836719 0.0527344 0.0734375
0 0.0458008 0.814063 0.0908203 0.128125
0 0.304883 0.915625 0.111719 0.06875
0 0.278516 0.406641 0.557031 0.655469
0 0.690625 0.144629 0.11875 0.137305
0 0.6625 0.133105 0.090625 0.105664
0 0.460059 0.524609 0.301758 0.49375
0 0.65166 0.52959 0.695117 0.54082
0 0.356641 0.464844 0.0914062 0.4125
0 0.385156 0.348047 0.0507812 0.164062
0 0.35625 0.473828 0.0867188 0.582031
0 0.0367065 0.823438 0.044165 0.04375
0 0.211719 0.531641 0.423438 0.677344
0 0.0393066 0.823438 0.0569336 0.059375
0 0.367578 0.404297 0.0835937 0.29375
0 0.0395508 0.782031 0.0728516 0.126563
0 0.523438 0.673828 0.167187 0.175
0 0.673047 0.117773 0.0320312 0.0527344
0 0.378906 0.35 0.0539063 0.189063
0 0.472559 0.674219 0.268945 0.178125
0 0.549219 0.676562 0.11875 0.18125
0 0.367773 0.37168 0.0746094 0.229297
0 0.592188 0.613672 0.0265625 0.0429688
0 0.04375 0.771094 0.0835937 0.157813
0 0.355664 0.386816 0.0957031 0.263867
0 0.0350586 0.800195 0.059375 0.0902344
0 0.332617 0.577246 0.665234 0.661133
0 0.65127 0.345703 0.697461 0.691406
0 0.40625 0.518066 0.198437 0.512305
0 0.66875 0.115625 0.0390625 0.071875
0 0.358789 0.548828 0.0972656 0.433594
0 0.370703 0.573047 0.123438 0.363281
0 0.0479492 0.726562 0.0958984 0.246875
0 0.628516 0.553516 0.742969 0.667969
0 0.591406 0.614844 0.03125 0.0523438
0 0.466016 0.625781 0.289844 0.551562
0 0.625781 0.414844 0.748438 0.829688
0 0.589844 0.61875 0.0390625 0.0617188
0 0.671875 0.106445 0.034375 0.0675781
0 0.385254 0.323242 0.0404297 0.112891
0 0.464746 0.678125 0.29082 0.367188
0 0.466309 0.717969 0.30332 0.110937
0 0.580469 0.646094 0.0578125 0.11875
0 0.348828 0.552734 0.0773438 0.560156
0 0.0397583 0.828125 0.067749 0.0875
0 0.348242 0.579297 0.0847656 0.378125
0 0.36582 0.508984 0.114453 0.547656
0 0.587891 0.626563 0.05 0.0796875
0 0.338477 0.526172 0.180859 0.536719
0 0.674609 0.122949 0.0421875 0.0677734
0 0.0587891 0.778125 0.0966797 0.14375
0 0.503906 0.638281 0.207813 0.249219
0 0.0373535 0.782031 0.074707 0.190625
0 0.036084 0.75625 0.072168 0.185938
0 0.617969 0.678516 0.764063 0.642969
0 0.537891 0.640625 0.141406 0.24375
0 0.68125 0.117773 0.05 0.0710938
0 0.447754 0.652344 0.318555 0.21875
0 0.391309 0.375684 0.156445 0.239258
0 0.286523 0.528516 0.270703 0.525781
0 0.404297 0.416406 0.204688 0.309375
0 0.456152 0.526172 0.301758 0.500781
0 0.619141 0.440625 0.761719 0.857813
0 0.672656 0.115625 0.0296875 0.0519531
0 0.0423828 0.788281 0.0792969 0.121875
0 0.358203 0.485547 0.0890625 0.428906
0 0.667188 0.114453 0.0375 0.0511719
0 0.530469 0.529688 0.449219 0.520312
0 0.673438 0.12207 0.040625 0.0722656
0 0.659375 0.497266 0.68125 0.666406
0 0.039502 0.774219 0.0790039 0.142188
0 0.355078 0.496094 0.0875 0.58125
0 0.468359 0.665234 0.277344 0.180469
0 0.212109 0.433984 0.424219 0.782031
0 0.0322754 0.823438 0.0545898 0.065625
0 0.663281 0.108203 0.046875 0.0642578
0 0.637207 0.566016 0.725586 0.867969
0 0.670703 0.113477 0.0578125 0.0710938
0 0.354688 0.5625 0.0929688 0.389062
0 0.467578 0.721484 0.275781 0.117969
0 0.469434 0.702734 0.286133 0.180469
0 0.655078 0.111694 0.0664062 0.0781738
0 0.031543 0.799219 0.0601563 0.096875
0 0.3875 0.339453 0.0476562 0.138281
0 0.0328003 0.822656 0.0484619 0.046875
0 0.679688 0.124316 0.0609375 0.0833984
0 0.0342285 0.829688 0.062793 0.084375
0 0.657813 0.122656 0.059375 0.08125
0 0.0407227 0.753906 0.0814453 0.184375
0 0.594531 0.613281 0.0226563 0.0421875
0 0.667188 0.108423 0.075 0.0804199
0 0.371875 0.387109 0.0679687 0.244531
0 0.61709 0.376758 0.573633 0.753516
0 0.357227 0.415234 0.0957031 0.305469
0 0.650391 0.115063 0.0789063 0.104248
0 0.390625 0.549219 0.16875 0.430469
0 0.385156 0.364453 0.0476562 0.21875
0 0.519922 0.317969 0.424219 0.635938
0 0.46416 0.645312 0.285742 0.309375
0 0.365625 0.444531 0.0773438 0.360938
0 0.345313 0.588281 0.0796875 0.328125
0 0.0466309 0.721094 0.0932617 0.257812
0 0.651563 0.133789 0.0828125 0.126953
0 0.596094 0.477734 0.576563 0.577344
0 0.501953 0.694531 0.207031 0.225
0 0.640625 0.10918 0.096875 0.122656
0 0.682031 0.123535 0.0890625 0.100781
0 0.580859 0.643359 0.0484375 0.110937
0 0.219531 0.539062 0.439063 0.5875
0 0.590234 0.632812 0.040625 0.0875
0 0.546094 0.697656 0.116406 0.225
0 0.380859 0.347656 0.053125 0.161719
0 0.476953 0.733203 0.296094 0.164844
0 0.682031 0.105835 0.096875 0.113721
0 0.291797 0.512598 0.260938 0.516992
0 0.378906 0.368164 0.0421875 0.261328
0 0.387109 0.319141 0.0421875 0.100781
0 0.592578 0.625 0.0273438 0.071875
0 0.0583008 0.677344 0.116602 0.351562
0 0.364844 0.554297 0.114844 0.532031
0 0.645312 0.0820312 0.0867188 0.152148
0 0.296094 0.916406 0.0703125 0.0546875
0 0.633594 0.11853 0.109375 0.0902832
0 0.595313 0.619922 0.0273438 0.059375
0 0.534766 0.326562 0.619531 0.653125
0 0.591797 0.614844 0.0296875 0.0515625
0 0.588281 0.636719 0.0476562 0.1125
0 0.564063 0.733984 0.0953125 0.158594
0 0.713281 0.5375 0.573438 0.925
0 0.680078 0.146094 0.103906 0.148438
0 0.286914 0.913281 0.0578125 0.0453125
0 0.577734 0.735938 0.0695313 0.148438
0 0.594531 0.617969 0.0359375 0.0671875
0 0.292773 0.916406 0.0910156 0.0703125
0 0.0712402 0.0602539 0.0291992 0.0486328
0 0.539844 0.728906 0.10625 0.14375
0 0.690625 0.0984619 0.128125 0.121826
0 0.639844 0.141797 0.110937 0.187891
0 0.307031 0.920313 0.0746094 0.065625
0 0.348438 0.648438 0.114844 0.201563
0 0.580859 0.776563 0.0703125 0.0890625
0 0.34668 0.460254 0.120703 0.395117
0 0.628906 0.104688 0.120313 0.145703
0 0.575781 0.78418 0.06875 0.0628906
0 0.907031 0.527734 0.185938 0.907031
0 0.452734 0.520703 0.303125 0.486719
0 0.674219 0.117773 0.0265625 0.0414063
0 0.673438 0.12793 0.0359375 0.0632813
0 0.674219 0.119531 0.0328125 0.0496094
0 0.47334 0.666016 0.279883 0.177344
0 0.341406 0.573438 0.0726563 0.348438
0 0.359375 0.477344 0.103906 0.415625
0 0.348047 0.54834 0.0820312 0.473633
0 0.678906 0.128711 0.0484375 0.0726563
0 0.669531 0.118848 0.034375 0.0451172
0 0.029248 0.789258 0.0584961 0.105859
0 0.0328003 0.827344 0.0531494 0.0609375
0 0.0303467 0.771875 0.0606934 0.15
0 0.530469 0.670313 0.153125 0.160938
0 0.032959 0.839063 0.0591797 0.075
0 0.466309 0.632031 0.286133 0.253125
0 0.515625 0.68125 0.189063 0.1875
0 0.0434448 0.779688 0.0861572 0.129688
0 0.0327148 0.825 0.0445313 0.040625
0 0.551562 0.676562 0.110937 0.171875
0 0.368555 0.580469 0.119141 0.3375
0 0.685938 0.124609 0.0546875 0.0761719
0 0.383594 0.357422 0.0492188 0.173438
0 0.385547 0.319922 0.0476562 0.1
0 0.0401367 0.732031 0.0802734 0.228125
0 0.0282471 0.746094 0.0564941 0.196875
0 0.29375 0.91875 0.075 0.053125
0 0.304688 0.923438 0.0816406 0.0609375
0 0.346484 0.617188 0.0835937 0.257812
0 0.391797 0.510938 0.18125 0.482031
0 0.360156 0.403906 0.100781 0.279687
0 0.667969 0.1125 0.0421875 0.053125
0 0.594531 0.614062 0.0234375 0.040625
0 0.0298706 0.820312 0.0539307 0.046875
0 0.679297 0.11582 0.0460938 0.0546875
0 0.59375 0.610156 0.028125 0.0390625
0 0.29375 0.915625 0.0921875 0.0734375
0 0.0519531 0.703125 0.103906 0.29375
0 0.376563 0.367578 0.0429688 0.264062
0 0.0303833 0.803125 0.0570068 0.0765625
0 0.658984 0.12959 0.0617188 0.0708984
0 0.285352 0.914844 0.0582031 0.0453125
0 0.0710938 0.0645508 0.0253906 0.0380859
0 0.355078 0.660156 0.0492188 0.160938
0 0.349805 0.69375 0.0335938 0.090625
0 0.582031 0.636719 0.0484375 0.0875
0 0.488672 0.696484 0.248438 0.225781
0 0.319141 0.946094 0.123438 0.101562
0 0.029248 0.779688 0.0584961 0.198437
0 0.505566 0.535156 0.39668 0.529688
0 0.0304199 0.707812 0.0608398 0.275
0 0.441309 0.400781 0.25332 0.275
0 0.595703 0.617969 0.0351562 0.059375
0 0.304688 0.910937 0.100781 0.09375
0 0.181201 0.122266 0.0243164 0.034375
0 0.31543 0.920313 0.0949219 0.09375
0 0.279687 0.913281 0.08125 0.0546875
0 0.0825928 0.523438 0.159033 0.195312
0 0.0456055 0.759766 0.0912109 0.177344
0 0.279492 0.89375 0.109766 0.103125
0 0.385059 0.626563 0.139258 0.248438
0 0.0283081 0.853906 0.0519775 0.0796875
0 0.569922 0.553906 0.242188 0.4125
0 0.320312 0.908594 0.114844 0.115625
0 0.470996 0.727344 0.264258 0.203125
0 0.331641 0.555078 0.0453125 0.252344
0 0.327734 0.534375 0.0367188 0.203125
0 0.356641 0.648047 0.0914062 0.201563
0 0.459277 0.708594 0.29707 0.492188
0 0.21582 0.539062 0.431641 0.557813
0 0.130859 0.557813 0.0542969 0.0796875
0 0.0302246 0.807031 0.0604492 0.192188
0 0.296094 0.9375 0.198437 0.084375
0 0.5375 0.388281 0.153125 0.128125
0 0.592969 0.628906 0.03125 0.0742188
0 0.0337036 0.8125 0.0659912 0.0765625
0 0.12998 0.567578 0.0478516 0.0773438
0 0.668359 0.133203 0.0421875 0.071875
0 0.590625 0.639063 0.040625 0.09375
0 0.359961 0.94375 0.191797 0.1125
0 0.700781 0.132422 0.0851563 0.0960938
0 0.317188 0.927344 0.0855469 0.0703125
0 0.66875 0.150781 0.0515625 0.114063
0 0.3 0.935938 0.0898438 0.0765625
0 0.677344 0.140723 0.0546875 0.0861328
0 0.0677734 0.674609 0.135547 0.372656
0 0.577734 0.7375 0.0828125 0.146875
0 0.503125 0.394922 0.0609375 0.059375
0 0.0719727 0.0665039 0.0294922 0.0482422
0 0.0358887 0.798438 0.0714844 0.096875
0 0.0160156 0.714453 0.0320312 0.260156
0 0.581641 0.646875 0.0578125 0.115625
0 0.559375 0.7375 0.10625 0.15
0 0.564063 0.394141 0.165625 0.117969
0 0.608594 0.557129 0.169531 0.40918
0 0.330664 0.920313 0.108203 0.121875
0 0.374023 0.446094 0.151953 0.346875
0 0.129883 0.583594 0.0394531 0.0554687
0 0.685938 0.141016 0.0515625 0.09375
0 0.417285 0.446875 0.22168 0.345313
0 0.340625 0.909375 0.135156 0.128125
0 0.338672 0.535156 0.0554687 0.217188
0 0.604688 0.47666 0.178125 0.254492
0 0.497656 0.387598 0.0320312 0.0466797
0 0.496973 0.522754 0.391992 0.504492
0 0.675 0.115039 0.028125 0.0410156
0 0.674609 0.120703 0.0335938 0.0664062
0 0.678906 0.115625 0.0328125 0.0505859
0 0.594141 0.613281 0.0234375 0.040625
0 0.671094 0.114453 0.0359375 0.0539063
0 0.0373047 0.824219 0.0374023 0.04375
0 0.679688 0.122461 0.0484375 0.0757812
0 0.3625 0.477734 0.107813 0.430469
0 0.540625 0.671094 0.132812 0.167187
0 0.036377 0.822656 0.0428711 0.0640625
0 0.380859 0.367383 0.0445313 0.210547
0 0.0330078 0.821875 0.0478516 0.05
0 0.503906 0.670313 0.201563 0.170313
0 0.507031 0.714453 0.132812 0.0804688
0 0.381348 0.339258 0.0435547 0.150391
0 0.0313477 0.814063 0.0525391 0.06875
0 0.385059 0.31875 0.0455078 0.110937
0 0.386816 0.351562 0.0513672 0.175781
0 0.0357422 0.83125 0.0490234 0.0875
0 0.471094 0.665625 0.2875 0.179688
0 0.0383301 0.788281 0.0677734 0.121875
0 0.686328 0.115625 0.0507812 0.0757812
0 0.0303223 0.800781 0.0526367 0.090625
0 0.377246 0.356055 0.0345703 0.150391
0 0.5625 0.536621 0.273438 0.383008
0 0.675781 0.103711 0.0359375 0.0636719
0 0.595703 0.613281 0.0335938 0.0484375
0 0.583594 0.631641 0.0421875 0.0835937
0 0.694922 0.13252 0.0601563 0.0857422
0 0.479688 0.394141 0.260938 0.251563
0 0.444141 0.426172 0.264844 0.330469
0 0.0446411 0.782813 0.0849365 0.142188
0 0.476953 0.692578 0.303125 0.157813
0 0.591797 0.617188 0.0289063 0.053125
0 0.363281 0.6 0.107813 0.298438
0 0.701563 0.127246 0.084375 0.0982422
0 0.437109 0.52041 0.267969 0.50918
0 0.48291 0.735156 0.312305 0.173438
0 0.697656 0.115137 0.0671875 0.0708984
0 0.356836 0.54375 0.0878906 0.528125
0 0.571094 0.645312 0.0734375 0.121875
0 0.590234 0.624219 0.0320312 0.075
0 0.472754 0.707031 0.270117 0.11875
0 0.526563 0.714844 0.096875 0.0859375
0 0.71875 0.116797 0.109375 0.0660156
0 0.219531 0.520312 0.439063 0.5125
0 0.30625 0.716406 0.6125 0.565625
0 0.467969 0.352539 0.232031 0.174609
0 0.562109 0.671484 0.0875 0.161719
0 0.50625 0.392969 0.05 0.0585938
0 0.375684 0.338086 0.0720703 0.150391
0 0.660156 0.124609 0.0609375 0.0839844
0 0.0287231 0.774219 0.0515381 0.145313
0 0.535156 0.719922 0.101562 0.116406
0 0.0345215 0.766406 0.0668945 0.167187
0 0.715625 0.130078 0.101562 0.0794922
0 0.614062 0.00268555 0.248438 0.00537109
0 0.460059 0.635938 0.301758 0.260938
0 0.131836 0.557031 0.0476562 0.0796875
0 0.186719 0.00256348 0.233203 0.00512695
0 0.652734 0.459375 0.0765625 0.090625
0 0.475391 0.00245361 0.235156 0.00490723
0 0.575684 0.347656 0.483008 0.564063
0 0.489844 0.710938 0.264062 0.215625
0 0.580859 0.636719 0.0507812 0.103125
0 0.654297 0.116992 0.075 0.0769531
0 0.523438 0.0026001 0.226562 0.0052002
0 0.614062 0.471875 0.165625 0.254688
0 0.603906 0.537891 0.184375 0.396875
0 0.425879 0.00263672 0.241992 0.00527344
0 0.530078 0.32832 0.396094 0.480859
0 0.105664 0.00249023 0.211328 0.00498047
0 0.701953 0.141895 0.0757812 0.118164
0 0.0434082 0.753125 0.0868164 0.190625
0 0.130469 0.567969 0.0408203 0.075
0 0.310352 0.00270996 0.223828 0.00541992
0 0.785937 0.00258789 0.228125 0.00517578
0 0.625781 0.523438 0.140625 0.364063
0 0.662109 0.00268555 0.235156 0.00537109
0 0.891406 0.00266113 0.217188 0.00532227
0 0.549219 0.383594 0.157813 0.124219
0 0.558594 0.741406 0.13125 0.159375
0 0.0533691 0.00275879 0.106738 0.00551758
0 0.642188 0.473438 0.110937 0.205469
0 0.702344 0.108789 0.0875 0.123438
0 0.723047 0.00263672 0.225781 0.00527344
0 0.379297 0.364258 0.053125 0.121484
0 0.923438 0.00292969 0.153125 0.00585938
0 0.189844 0.945312 0.379688 0.090625
0 0.834375 0.00249023 0.217188 0.00498047
0 0.5 0.70625 0.186719 0.0953125
0 0.305127 0.941406 0.32959 0.117188
0 0.147363 0.00257568 0.216211 0.00515137
0 0.510938 0.400781 0.084375 0.071875
0 0.500391 0.53125 0.389062 0.525
0 0.672656 0.11543 0.0296875 0.0429688
0 0.672266 0.121191 0.0367188 0.0611328
0 0.363477 0.482812 0.107422 0.446875
0 0.456348 0.593359 0.306055 0.533594
0 0.676562 0.11582 0.0421875 0.0566406
0 0.670313 0.108765 0.0484375 0.0809082
0 0.358789 0.476172 0.0902344 0.577344
0 0.300781 0.940625 0.210938 0.115625
0 0.675781 0.125293 0.0484375 0.0744141
0 0.0387817 0.826563 0.0445068 0.046875
0 0.398047 0.704688 0.432031 0.570312
0 0.444141 0.51875 0.271094 0.510938
0 0.258398 0.94375 0.295703 0.10625
0 0.220313 0.514746 0.432813 0.517383
0 0.378906 0.346484 0.0546875 0.166406
0 0.0326904 0.790625 0.0653809 0.121875
0 0.451172 0.684375 0.31875 0.6125
0 0.0318237 0.825 0.0543213 0.05625
0 0.661719 0.0959961 0.065625 0.0966797
0 0.311914 0.699219 0.623828 0.589063
0 0.35 0.939063 0.348438 0.121875
0 0.0318848 0.810938 0.0583008 0.0875
0 0.445312 0.437109 0.271094 0.346094
0 0.32168 0.928125 0.204297 0.140625
0 0.653516 0.0858398 0.0820312 0.131836
0 0.218359 0.386719 0.425781 0.773438
0 0.034375 0.83125 0.06875 0.10625
0 0.360156 0.549219 0.1 0.410938
0 0.0356934 0.780469 0.0713867 0.170313
0 0.661719 0.127539 0.05625 0.0882813
0 0.314063 0.85918 0.628125 0.256641
0 0.353906 0.598047 0.0890625 0.316406
0 0.653125 0.426563 0.0757812 0.09375
0 0.360938 0.909375 0.302344 0.176563
0 0.401563 0.46709 0.194531 0.393945
0 0.592969 0.613281 0.0234375 0.040625
0 0.542969 0.698438 0.126563 0.221875
0 0.55625 0.538379 0.282813 0.412305
0 0.216016 0.939063 0.432031 0.084375
0 0.384375 0.360938 0.0632813 0.20625
0 0.478516 0.415625 0.297656 0.297656
0 0.671094 0.0901367 0.1125 0.151367
0 0.468652 0.696094 0.28457 0.229687
0 0.392578 0.821094 0.467969 0.346875
0 0.685156 0.108032 0.0703125 0.0960449
0 0.572656 0.626953 0.75625 0.746094
0 0.319922 0.898438 0.639844 0.18125
0 0.355811 0.517871 0.361816 0.517383
0 0.0432129 0.762109 0.0864258 0.205469
0 0.480078 0.302344 0.411719 0.579688
0 0.310156 0.521191 0.6 0.52793
0 0.671875 0.408984 0.0367188 0.0585938
0 0.561719 0.681641 0.090625 0.183594
0 0.57041 0.354492 0.548242 0.690234
0 0.40166 0.933594 0.357617 0.13125
0 0.671875 0.401563 0.0328125 0.0421875
0 0.59375 0.39834 0.8125 0.789258
0 0.555469 0.741406 0.128125 0.151562
0 0.684766 0.120508 0.0617188 0.0808594
0 0.452441 0.516797 0.291992 0.485938
0 0.357422 0.459277 0.102344 0.38457
0 0.673438 0.114063 0.0328125 0.040625
0 0.456348 0.638281 0.288867 0.260156
0 0.380859 0.514063 0.163281 0.498437
0 0.358008 0.596484 0.0933594 0.289844
0 0.034082 0.810156 0.0646484 0.0859375
0 0.224023 0.407422 0.419922 0.749219
0 0.671875 0.114355 0.0445313 0.0582031
0 0.243359 0.511621 0.477344 0.511133
0 0.357422 0.467969 0.090625 0.546875
0 0.0388672 0.823438 0.0453125 0.053125
0 0.0326172 0.824219 0.0615234 0.0734375
0 0.353711 0.557813 0.0816406 0.389844
0 0.673047 0.118164 0.0484375 0.08125
0 0.275586 0.515527 0.285547 0.508008
0 0.0341797 0.789844 0.0683594 0.15
0 0.0351562 0.83125 0.0699219 0.11875
0 0.555859 0.675781 0.0992187 0.165625
0 0.521875 0.517871 0.417969 0.537695
0 0.589844 0.596094 0.820312 0.807813
0 0.619434 0.551562 0.64082 0.640625
0 0.371094 0.542578 0.11875 0.415625
0 0.376953 0.346094 0.0601563 0.1625
0 0.158203 0.503027 0.295312 0.72832
0 0.59375 0.611719 0.025 0.0390625
0 0.378125 0.592188 0.129688 0.300781
0 0.663281 0.114844 0.065625 0.0851563
0 0.0427734 0.771875 0.0855469 0.190625
0 0.369336 0.375391 0.0746094 0.214844
0 0.0438354 0.791406 0.0845947 0.129688
0 0.394922 0.441309 0.173438 0.34707
0 0.32832 0.791406 0.656641 0.417188
0 0.650391 0.10166 0.0976562 0.0949219
0 0.029248 0.848437 0.0584961 0.1125
0 0.682031 0.104468 0.0453125 0.0637207
0 0.457129 0.665234 0.30293 0.16875
0 0.435059 0.441504 0.25332 0.349805
0 0.0491699 0.744141 0.0983398 0.239844
0 0.166406 0.377344 0.306641 0.754687
0 0.347266 0.850781 0.647656 0.298438
0 0.0324707 0.814844 0.0649414 0.175
0 0.521094 0.705078 0.779688 0.589844
0 0.590234 0.455859 0.819531 0.897656
0 0.409473 0.703125 0.388867 0.553125
0 0.0280762 0.814844 0.0555664 0.0578125
0 0.380078 0.331641 0.0476562 0.128906
0 0.133008 0.463672 0.264453 0.905469
0 0.32207 0.946875 0.208984 0.10625
0 0.0336182 0.758594 0.0672363 0.229687
0 0.0289063 0.801758 0.0578125 0.105859
0 0.457813 0.584766 0.310937 0.360156
0 0.577734 0.777344 0.0773438 0.075
0 0.513281 0.705859 0.204688 0.244531
0 0.684375 0.125366 0.090625 0.10708
0 0.537109 0.697266 0.140625 0.216406
0 0.228174 0.358789 0.39209 0.717578
0 0.456348 0.531152 0.29668 0.501758
0 0.329492 0.941406 0.153516 0.117188
0 0.364453 0.458594 0.107031 0.3875
0 0.463672 0.675 0.298438 0.3
0 0.674609 0.117578 0.03125 0.0441406
0 0.50166 0.539844 0.37168 0.560938
0 0.247852 0.448828 0.482422 0.883594
0 0.412109 0.521484 0.222656 0.497656
0 0.160449 0.459375 0.302539 0.8625
0 0.675781 0.125586 0.0390625 0.0652344
0 0.364844 0.603516 0.105469 0.297656
0 0.671094 0.116016 0.0390625 0.0605469
0 0.677734 0.114258 0.0421875 0.0546875
0 0.0322266 0.80957 0.0582031 0.0839844
0 0.419531 0.703516 0.423438 0.586719
0 0.3125 0.94375 0.188281 0.096875
0 0.0356934 0.8 0.0677734 0.148438
0 0.573535 0.477734 0.495117 0.700781
0 0.33457 0.482422 0.669141 0.596094
0 0.678516 0.127539 0.0507812 0.0761719
0 0.600781 0.416406 0.798438 0.832812
0 0.669922 0.109375 0.046875 0.0734375
0 0.0324707 0.828906 0.0567383 0.0703125
0 0.373633 0.938281 0.251172 0.123438
0 0.0347168 0.824219 0.0454102 0.05
0 0.347656 0.932813 0.185938 0.13125
0 0.452344 0.749609 0.330469 0.472656
0 0.300195 0.920313 0.0792969 0.0640625
0 0.710938 0.127124 0.102344 0.109814
0 0.281055 0.9125 0.0382813 0.040625
0 0.305859 0.925 0.0964844 0.084375
0 0.352344 0.921875 0.604688 0.15625
0 0.294531 0.916406 0.0640625 0.053125
0 0.692969 0.120508 0.06875 0.0964844
0 0.339648 0.66377 0.570703 0.672461
0 0.283984 0.917188 0.0515625 0.05
0 0.0327637 0.832031 0.0645508 0.107813
0 0.413184 0.884766 0.462695 0.230469
0 0.0410156 0.764063 0.0820312 0.204688
0 0.356641 0.466797 0.090625 0.544531
0 0.660937 0.113062 0.08125 0.101221
0 0.593359 0.613672 0.025 0.0421875
0 0.353711 0.518359 0.194141 0.508594
0 0.373047 0.889063 0.241406 0.21875
0 0.0587891 0.711328 0.115039 0.294531
0 0.6625 0.105762 0.059375 0.0904297
0 0.0334229 0.810156 0.0668457 0.24375
0 0.127344 0.488379 0.249219 0.76543
0 0.402246 0.926953 0.308008 0.146094
0 0.383203 0.348438 0.0539063 0.1625
0 0.576953 0.779883 0.0679687 0.0871094
0 0.5625 0.698828 0.0921875 0.219531
0 0.6875 0.107837 0.0765625 0.094873
0 0.660937 0.09729 0.0960938 0.132373
0 0.371094 0.551172 0.117188 0.409375
0 0.677344 0.106934 0.0546875 0.0785156
0 0.516406 0.703125 0.185938 0.23125
0 0.438281 0.355469 0.873438 0.689063
0 0.660059 0.46875 0.679883 0.81875
0 0.0450195 0.738281 0.0900391 0.265625
0 0.462109 0.565527 0.307031 0.69707
0 0.668359 0.132715 0.0617188 0.108008
0 0.273438 0.909375 0.0269531 0.03125
0 0.0351562 0.750781 0.0703125 0.276563
0 0.317383 0.929688 0.126172 0.115625
0 0.194873 0.40625 0.368066 0.8125
0 0.691797 0.00141602 0.153906 0.00283203
0 0.396094 0.446191 0.173438 0.362305
0 0.107715 0.0012207 0.117969 0.00244141
0 0.180664 0.00123291 0.125781 0.00246582
0 0.0441895 0.800195 0.0862305 0.183984
0 0.325977 0.592969 0.651953 0.685938
0 0.183984 0.599219 0.340234 0.801562
0 0.644141 0.111426 0.100781 0.101172
0 0.132715 0.00123291 0.109961 0.00246582
0 0.239648 0.00146484 0.141406 0.00292969
0 0.688281 0.131836 0.08125 0.09375
0 0.214795 0.0013916 0.136035 0.0027832
0 0.329297 0.00142822 0.145313 0.00285645
0 0.728906 0.00146484 0.160938 0.00292969
0 0.156543 0.0012085 0.12832 0.00241699
0 0.653906 0.00142822 0.164062 0.00285645
0 0.519531 0.00153809 0.189063 0.00307617
0 0.829688 0.0013916 0.15625 0.0027832
0 0.0808594 0.00119629 0.136719 0.00239258
0 0.795117 0.00144043 0.178516 0.00288086
0 0.268555 0.00148926 0.173828 0.00297852
0 0.373633 0.396191 0.0777344 0.260742
0 0.354688 0.00136719 0.139063 0.00273437
0 0.873438 0.00146484 0.195312 0.00292969
0 0.276758 0.915625 0.0355469 0.04375
0 0.029126 0.797656 0.058252 0.110937
0 0.289453 0.925 0.0835937 0.06875
0 0.0303711 0.859375 0.0570313 0.08125
0 0.48125 0.00129395 0.1625 0.00258789
0 0.444531 0.00136719 0.180469 0.00273437
0 0.566406 0.00177002 0.225781 0.00354004
0 0.0291016 0.815625 0.0567383 0.059375
0 0.617188 0.00170898 0.229687 0.00341797
0 0.294141 0.932813 0.217188 0.128125
0 0.399219 0.00166016 0.204688 0.00332031
0 0.903906 0.00159912 0.192188 0.00319824
0 0.375391 0.363672 0.0710938 0.192969
0 0.498828 0.869922 0.642969 0.260156
0 0.726172 0.145605 0.132031 0.148633
0 0.279639 0.9375 0.233691 0.08125
0 0.0537109 0.757422 0.105078 0.219531
0 0.758594 0.00100098 0.14375 0.00200195
0 0.684375 0.101562 0.103125 0.143945
0 0.919531 0.00185547 0.160938 0.00371094
0 0.297266 0.000939941 0.142969 0.00187988
0 0.545313 0.000976562 0.139063 0.00195312
0 0.583594 0.611328 0.053125 0.090625
0 0.701563 0.144629 0.08125 0.130664
0 0.571094 0.000878906 0.140625 0.00175781
0 0.45625 0.521484 0.296875 0.485938
0 0.351562 0.481152 0.0992187 0.426758
0 0.385059 0.333398 0.0455078 0.130078
0 0.382715 0.346094 0.0548828 0.155469
0 0.0306641 0.801562 0.0613281 0.0921875
0 0.349219 0.567187 0.0882813 0.373437
0 0.675781 0.116406 0.0304688 0.0359375
0 0.396875 0.514844 0.197656 0.490625
0 0.675 0.111133 0.0375 0.0554687
0 0.578516 0.65 0.0554687 0.125
0 0.375391 0.356445 0.053125 0.168359
0 0.585938 0.635547 0.0453125 0.096875
0 0.678125 0.127344 0.0453125 0.0589844
0 0.0323486 0.787695 0.0646973 0.127734
0 0.679688 0.116211 0.0382813 0.0429688
0 0.463672 0.675 0.303125 0.635938
0 0.671484 0.118359 0.0398437 0.0535156
0 0.564844 0.666406 0.084375 0.153906
0 0.669531 0.103027 0.0476562 0.0734375
0 0.590234 0.627344 0.034375 0.0734375
0 0.591797 0.480469 0.816406 0.854688
0 0.546094 0.686719 0.114063 0.196875
0 0.633594 0.387109 0.732813 0.774219
0 0.671094 0.125781 0.0445313 0.0640625
0 0.0416016 0.694141 0.0832031 0.317969
0 0.030188 0.814063 0.0568115 0.06875
0 0.190234 0.425391 0.369531 0.850781
0 0.335938 0.535156 0.0632813 0.178125
0 0.592188 0.613281 0.0296875 0.05
0 0.03479 0.749219 0.0695801 0.204688
0 0.592969 0.6125 0.025 0.040625
0 0.23457 0.941406 0.326172 0.0859375
0 0.316406 0.688672 0.632812 0.622656
0 0.042981 0.785742 0.0859131 0.141016
0 0.0526367 0.709375 0.105273 0.28125
0 0.524316 0.691797 0.635742 0.603906
0 0.374902 0.565625 0.126758 0.364063
0 0.664062 0.10896 0.059375 0.0777832
0 0.0324219 0.832812 0.0648438 0.115625
0 0.339063 0.785547 0.674219 0.428906
0 0.279102 0.946094 0.215234 0.0890625
0 0.0318359 0.8125 0.0636719 0.182812
0 0.31875 0.944531 0.0796875 0.084375
0 0.689453 0.11748 0.0648438 0.0798828
0 0.477246 0.75625 0.317383 0.195312
0 0.638672 0.474609 0.628906 0.727344
0 0.0314453 0.810156 0.0628906 0.275
0 0.547754 0.358594 0.693555 0.621875
0 0.576563 0.770312 0.0671875 0.078125
0 0.321094 0.95 0.154688 0.0875
0 0.689063 0.135742 0.0625 0.0910156
0 0.576563 0.677734 0.0820312 0.216406
0 0.571094 0.517871 0.4875 0.614258
0 0.0322754 0.726172 0.0645508 0.269531
0 0.498437 0.670313 0.203906 0.167187
0 0.624219 0.00124512 0.259375 0.00249023
0 0.657813 0.0928711 0.0734375 0.0988281
0 0.670313 0.1375 0.0578125 0.0984375
0 0.709375 0.00106201 0.246875 0.00212402
0 0.340234 0.950781 0.117969 0.0984375
0 0.179688 0.00078125 0.208984 0.0015625
0 0.360156 0.478027 0.107031 0.53457
0 0.589844 0.614453 0.0359375 0.0648438
0 0.574219 0.00126953 0.2625 0.00253906
0 0.435254 0.00114746 0.251367 0.00229492
0 0.24458 0.00100098 0.237402 0.00200195
0 0.333203 0.00107422 0.239063 0.00214844
0 0.558594 0.648438 0.0921875 0.159375
0 0.316211 0.932031 0.0667969 0.05625
0 0.596094 0.000512695 0.170313 0.00102539
0 0.759375 0.00108643 0.246875 0.00217285
0 0.114648 0.00078125 0.203516 0.0015625
0 0.380469 0.361523 0.0601563 0.222266
0 0.708594 0.125586 0.104688 0.0941406
0 0.885156 0.00117188 0.229687 0.00234375
0 0.495313 0.703906 0.2375 0.235938
0 0.633594 0.000524902 0.170313 0.0010498
0 0.522266 0.0010376 0.246875 0.0020752
0 0.221484 0.000512695 0.169531 0.00102539
0 0.684375 0.000537109 0.171875 0.00107422
0 0.340625 0.4875 0.0636719 0.158594
0 0.385254 0.0010498 0.248242 0.00209961
0 0.845508 0.00102539 0.240234 0.00205078
0 0.415527 0.453223 0.214258 0.381055
0 0.58125 0.614062 0.0585938 0.123438
0 0.559375 0.000634766 0.175 0.00126953
0 0.585938 0.603906 0.0476562 0.09375
0 0.281201 0.511719 0.313379 0.528125
0 0.917188 0.00140381 0.165625 0.00280762
0 0.433496 0.000512695 0.168945 0.00102539
0 0.66875 0.118848 0.0640625 0.0830078
0 0.343359 0.514453 0.153906 0.503906
0 0.721875 0.000585938 0.173438 0.00117188
0 0.259375 0.000610352 0.174609 0.0012207
0 0.414453 0.724609 0.763281 0.550781
0 0.152832 0.484766 0.294336 0.755469
0 0.0295898 0.796094 0.0591797 0.198437
0 0.471484 0.000524902 0.171094 0.0010498
0 0.509375 0.000561523 0.173438 0.00112305
0 0.386328 0.316602 0.0390625 0.0964844
0 0.29707 0.000610352 0.174609 0.0012207
0 0.366602 0.955469 0.187109 0.0859375
0 0.146704 0.000500488 0.169092 0.00100098
0 0.396875 0.000671387 0.173438 0.00134277
0 0.329297 0.535937 0.0539063 0.146875
0 0.0518555 0.703906 0.103711 0.15
0 0.184961 0.94375 0.369922 0.090625
0 0.317773 0.948438 0.107813 0.0953125
0 0.551562 0.39209 0.464063 0.700195
0 0.507422 0.526953 0.384375 0.519531
0 0.694531 0.146875 0.0765625 0.122656
0 0.450781 0.333594 0.901563 0.667188
0 0.304492 0.940625 0.119141 0.0875
0 0.933203 0.000830078 0.133594 0.00166016
0 0.758984 0.000610352 0.174219 0.0012207
0 0.677344 0.103516 0.0546875 0.0689453
0 0.332031 0.873438 0.664062 0.253125
0 0.333984 0.000610352 0.174219 0.0012207
0 0.126758 0.972656 0.0550781 0.0421875
0 0.0845703 0.000463867 0.169141 0.000927734
0 0.0290527 0.8625 0.0581055 0.08125
0 0.386621 0.468359 0.158008 0.392969
0 0.796875 0.000585938 0.175 0.00117188
0 0.884375 0.000732422 0.178125 0.00146484
0 0.125977 0.945312 0.103906 0.090625
0 0.134375 0.970313 0.065625 0.0484375
0 0.356836 0.665625 0.0628906 0.15625
0 0.574219 0.742969 0.0765625 0.123438
0 0.0935547 0.00102539 0.187109 0.00205078
0 0.659766 0.477344 0.059375 0.125
0 0.304492 0.928125 0.0835937 0.0625
0 0.834375 0.000646973 0.173438 0.00129395
0 0.360156 0.594531 0.115625 0.307813
0 0.485938 0.792188 0.359375 0.165625
0 0.0098999 0.00732422 0.0197998 0.0146484
0 0.660156 0.124219 0.053125 0.0714844
0 0.675 0.147266 0.0671875 0.127344
0 0.105957 0.944531 0.166992 0.090625
0 0.357422 0.408496 0.0898438 0.286133
0 0.133594 0.946094 0.2625 0.0921875
0 0.684375 0.131836 0.0546875 0.0691406
0 0.0494141 0.00273437 0.0988281 0.00546875
0 0.344141 0.607813 0.116406 0.283594
0 0.308398 0.95 0.200391 0.1
0 0.0430542 0.824219 0.0855713 0.217188
0 0.127832 0.964063 0.0705078 0.059375
0 0.335156 0.509766 0.0570313 0.142969
0 0.649219 0.135352 0.09375 0.105469
0 0.0319824 0.862109 0.0639648 0.275781
0 0.797656 0.278516 0.320312 0.503906
0 0.585156 0.655859 0.0679687 0.153906
0 0.454785 0.516406 0.299805 0.507812
0 0.674609 0.114648 0.0296875 0.040625
0 0.675 0.116797 0.0359375 0.0486328
0 0.675 0.108789 0.0390625 0.0621094
0 0.361328 0.47959 0.113281 0.436133
0 0.0311401 0.801367 0.0580322 0.0941406
0 0.592578 0.6125 0.0242188 0.040625
0 0.385059 0.344336 0.0470703 0.158203
0 0.679688 0.113867 0.0390625 0.0515625
0 0.381641 0.358398 0.0625 0.176172
0 0.679688 0.120508 0.0460938 0.0605469
0 0.0314941 0.823438 0.0581055 0.065625
0 0.666406 0.101782 0.0609375 0.0780762
0 0.591797 0.613281 0.0304688 0.05
0 0.355078 0.475781 0.0984375 0.559375
0 0.0344238 0.786719 0.0616211 0.148438
0 0.0307129 0.821875 0.049707 0.05
0 0.042273 0.792969 0.0820557 0.123438
0 0.464453 0.699609 0.302344 0.575781
0 0.682031 0.127148 0.0546875 0.0652344
0 0.672656 0.122656 0.0515625 0.0667969
0 0.0338379 0.832031 0.0668945 0.101562
0 0.589063 0.628516 0.0375 0.0828125
0 0.679297 0.105176 0.05625 0.0751953
0 0.587891 0.634375 0.046875 0.0953125
0 0.461719 0.704688 0.296875 0.392188
0 0.0418823 0.771484 0.0797119 0.178906
0 0.655859 0.100879 0.0796875 0.0830078
0 0.590625 0.614844 0.0367188 0.0640625
0 0.670313 0.110547 0.0796875 0.0744141
0 0.6875 0.11582 0.05625 0.0734375
0 0.462109 0.757031 0.277344 0.190625
0 0.584375 0.622656 0.053125 0.0875
0 0.573438 0.644922 0.0765625 0.114844
0 0.686719 0.0831055 0.153125 0.137695
0 0.693359 0.102734 0.078125 0.096875
0 0.162012 0.945312 0.308008 0.0953125
0 0.0592773 0.722656 0.113867 0.264062
0 0.712891 0.110132 0.107813 0.089502
0 0.532813 0.675781 0.146875 0.16875
0 0.652344 0.0955322 0.10625 0.0968262
0 0.386328 0.325781 0.040625 0.119531
0 0.653125 0.490234 0.0796875 0.130469
0 0.665625 0.492969 0.0625 0.125
0 0.560547 0.653125 0.0960938 0.1375
0 0.584375 0.6375 0.0609375 0.109375
0 0.374219 0.360742 0.0539063 0.205859
0 0.366992 0.565234 0.120703 0.4
0 0.0307129 0.857813 0.0575195 0.08125
0 0.733594 0.0847656 0.167187 0.138281
0 0.667969 0.50625 0.05 0.0875
0 0.0499512 0.691016 0.0999023 0.333594
0 0.175586 0.450781 0.325 0.857813
0 0.670313 0.486328 0.0453125 0.128906
0 0.675781 0.507031 0.0375 0.0695313
0 0.120898 0.945312 0.235547 0.0875
0 0.669531 0.102637 0.0898438 0.0966797
0 0.658594 0.0807617 0.145313 0.141602
0 0.674219 0.473438 0.0375 0.0859375
0 0.670313 0.513281 0.04375 0.06875
0 0.332813 0.539062 0.0609375 0.164062
0 0.0296875 0.789844 0.059375 0.13125
0 0.739062 0.109668 0.157813 0.0925781
0 0.0335938 0.73125 0.0671875 0.289062
0 0.708984 0.073877 0.172656 0.138965
0 0.670313 0.455469 0.0296875 0.0484375
0 0.601562 0.612109 0.0460938 0.053125
0 0.578125 0.617969 0.06875 0.120313
0 0.17832 0.122559 0.0273438 0.0392578
0 0.0318848 0.769531 0.0637695 0.221875
0 0.567969 0.677344 0.0890625 0.185156
0 0.395313 0.34375 0.0640625 0.170313
0 0.225391 0.940625 0.3 0.0875
0 0.49375 0.676562 0.220313 0.170313
0 0.528906 0.589844 0.397656 0.667188
0 0.176514 0.125195 0.0344727 0.0476562
0 0.685938 0.474219 0.0625 0.096875
0 0.396484 0.450098 0.177344 0.376367
0 0.210156 0.516406 0.414062 0.739062
0 0.682031 0.500781 0.0429688 0.0632813
0 0.665625 0.519531 0.0421875 0.0601563
0 0.494922 0.7125 0.432031 0.55
0 0.316797 0.685059 0.633594 0.629883
0 0.0381836 0.8375 0.0763672 0.125
0 0.592188 0.60625 0.0414063 0.071875
0 0.0443359 0.801367 0.0824219 0.175391
0 0.673438 0.118066 0.059375 0.0964844
0 0.0387695 0.663281 0.0775391 0.39375
0 0.928906 0.0010498 0.142188 0.00209961
0 0.751563 0.071875 0.1875 0.132031
0 0.451562 0.547266 0.302344 0.546094
0 0.672656 0.114063 0.03125 0.0410156
0 0.508203 0.530078 0.409375 0.510156
0 0.675 0.110352 0.0375 0.0507812
0 0.0307617 0.821875 0.0449219 0.046875
0 0.0321411 0.801367 0.0542725 0.0878906
0 0.0318359 0.823438 0.0552734 0.059375
0 0.653516 0.533594 0.692969 0.654688
0 0.670313 0.116797 0.04375 0.0550781
0 0.679688 0.121289 0.046875 0.0601563
0 0.0358887 0.775 0.0612305 0.148438
0 0.26582 0.44375 0.510547 0.86875
0 0.591406 0.610156 0.0234375 0.0382813
0 0.680469 0.109961 0.0453125 0.0589844
0 0.667969 0.10354 0.0546875 0.0722168
0 0.0349121 0.832812 0.0649414 0.0875
0 0.383496 0.348438 0.0564453 0.1625
0 0.607813 0.510938 0.784375 0.8875
0 0.462109 0.646484 0.296094 0.419531
0 0.0425293 0.764063 0.0766602 0.173438
0 0.59375 0.608984 0.03125 0.0429688
0 0.589844 0.611719 0.03125 0.0421875
0 0.0383301 0.797656 0.0698242 0.109375
0 0.587891 0.372266 0.824219 0.744531
0 0.0272949 0.817187 0.0538086 0.05
0 0.032666 0.814063 0.0460938 0.0625
0 0.385547 0.335938 0.04375 0.136719
0 0.58125 0.619531 0.0460938 0.0765625
0 0.6875 0.125195 0.0640625 0.0734375
0 0.672656 0.123828 0.053125 0.0691406
0 0.358203 0.474609 0.117188 0.446094
0 0.468652 0.748438 0.289258 0.171875
0 0.689063 0.108789 0.0609375 0.0816406
0 0.456152 0.619531 0.308008 0.264062
0 0.0585449 0.710938 0.111035 0.275
0 0.698438 0.0975586 0.084375 0.103711
0 0.712891 0.110742 0.107031 0.09375
0 0.0320312 0.851562 0.0578125 0.084375
0 0.0489258 0.738281 0.0910156 0.220313
0 0.662891 0.107227 0.0851563 0.0794922
0 0.311133 0.456641 0.622266 0.913281
0 0.685938 0.0813477 0.138281 0.139844
0 0.708594 0.0828857 0.129688 0.136963
0 0.678125 0.130859 0.0546875 0.0707031
0 0.0427856 0.79082 0.0812256 0.146484
0 0.0333496 0.741406 0.0666992 0.232813
0 0.731641 0.0853516 0.155469 0.1375
0 0.467871 0.7125 0.292383 0.575
0 0.736719 0.113379 0.154688 0.0970703
0 0.0293945 0.785156 0.0587891 0.135937
0 0.5875 0.626563 0.040625 0.0765625
0 0.374023 0.602344 0.141016 0.307813
0 0.592188 0.617188 0.0390625 0.0570313
0 0.489844 0.50459 0.386719 0.564258
0 0.673438 0.116895 0.0242188 0.0380859
0 0.0331909 0.804688 0.0554932 0.0875
0 0.385547 0.349609 0.04375 0.167187
0 0.675781 0.123047 0.0359375 0.0578125
0 0.0343628 0.825 0.0523682 0.0515625
0 0.674219 0.112793 0.0320312 0.0433594
0 0.0371582 0.824219 0.0400391 0.04375
0 0.678906 0.116211 0.0359375 0.04375
0 0.355859 0.467969 0.1125 0.490625
0 0.670313 0.115625 0.0375 0.0523438
0 0.0358887 0.835156 0.0625 0.0890625
0 0.0402466 0.795117 0.0753662 0.116016
0 0.458691 0.744531 0.260742 0.18125
0 0.378027 0.362891 0.0501953 0.197656
0 0.680078 0.125879 0.046875 0.0638672
0 0.220703 0.467871 0.405469 0.773633
0 0.0372192 0.778125 0.0638428 0.139063
0 0.0382324 0.825 0.0530273 0.065625
0 0.590625 0.638281 0.0421875 0.100781
0 0.381152 0.56875 0.14707 0.370313
0 0.59375 0.611719 0.025 0.040625
0 0.671094 0.112109 0.0453125 0.0626953
0 0.02948 0.817187 0.0564697 0.0515625
0 0.592578 0.627344 0.0289063 0.075
0 0.0332031 0.85625 0.0591797 0.0953125
0 0.458594 0.526563 0.303906 0.49375
0 0.0536621 0.694922 0.101074 0.316406
0 0.387891 0.357812 0.0546875 0.203125
0 0.565625 0.660156 0.0921875 0.14375
0 0.46084 0.678125 0.268945 0.198437
0 0.0423828 0.79375 0.0835937 0.159375
0 0.676172 0.107813 0.0390625 0.0613281
0 0.525098 0.409766 0.457617 0.760156
0 0.582031 0.64375 0.05625 0.107813
0 0.358789 0.564063 0.107422 0.39375
0 0.332422 0.541406 0.0578125 0.15625
0 0.508984 0.716797 0.129688 0.078125
0 0.0439941 0.729688 0.0823242 0.239063
0 0.617969 0.328906 0.764063 0.657813
0 0.455078 0.636719 0.302344 0.257812
0 0.602734 0.6375 0.0507812 0.1
0 0.689453 0.12793 0.0601563 0.0964844
0 0.047937 0.763281 0.0888916 0.173438
0 0.6875 0.117578 0.0515625 0.0613281
0 0.591406 0.616406 0.03125 0.053125
0 0.6625 0.121484 0.0570313 0.0640625
0 0.0305786 0.79043 0.05896 0.134766
0 0.469434 0.737891 0.286133 0.133594
0 0.704688 0.10896 0.090625 0.0977051
0 0.352539 0.55166 0.0964844 0.541992
0 0.691406 0.0988281 0.0609375 0.101172
0 0.498437 0.728906 0.1625 0.0617188
0 0.451953 0.712891 0.323438 0.574219
0 0.528516 0.725781 0.103125 0.103125
0 0.406934 0.592188 0.195508 0.326562
0 0.586719 0.657422 0.0671875 0.159375
0 0.427441 0.467578 0.241992 0.400781
0 0.549219 0.736719 0.132812 0.153125
0 0.357422 0.689063 0.0570313 0.129688
0 0.414453 0.516504 0.226562 0.529492
0 0.396484 0.349219 0.0664062 0.180469
0 0.0348633 0.74375 0.0697266 0.215625
0 0.497266 0.703125 0.242969 0.223438
0 0.495703 0.515625 0.374219 0.498437
0 0.672656 0.116895 0.0265625 0.0386719
0 0.0327148 0.803906 0.0555664 0.0875
0 0.675 0.125586 0.03125 0.0523438
0 0.032666 0.825 0.0469727 0.04375
0 0.383984 0.361133 0.0429688 0.194922
0 0.678125 0.119043 0.040625 0.0501953
0 0.0329102 0.820312 0.0532227 0.05625
0 0.675 0.112988 0.0296875 0.0476562
0 0.670313 0.115625 0.0328125 0.0476562
0 0.680469 0.127148 0.05 0.065625
0 0.362305 0.488672 0.109766 0.45
0 0.042273 0.79082 0.0812744 0.121484
0 0.386719 0.338086 0.04375 0.139453
0 0.0382324 0.766797 0.0672852 0.155469
0 0.454688 0.742188 0.254688 0.178125
0 0.0345825 0.8375 0.0636475 0.08125
0 0.708594 0.111035 0.0953125 0.0869141
0 0.6875 0.125 0.059375 0.0728516
0 0.689063 0.107056 0.0609375 0.0878418
0 0.672656 0.114258 0.046875 0.0648438
0 0.0523438 0.70625 0.0972656 0.296875
0 0.696875 0.127637 0.0734375 0.0837891
0 0.700781 0.102173 0.0796875 0.0913574
0 0.672656 0.126465 0.0390625 0.0625
0 0.0457031 0.73125 0.0845703 0.232813
0 0.462598 0.576563 0.287305 0.385938
0 0.0306519 0.789062 0.0547119 0.11875
0 0.378027 0.589844 0.137695 0.328906
0 0.378516 0.371875 0.0476562 0.223438
0 0.592969 0.6125 0.0234375 0.0375
0 0.6625 0.123438 0.05625 0.0683594
0 0.590625 0.635938 0.0359375 0.0960938
0 0.719531 0.126367 0.115625 0.110547
0 0.495313 0.684375 0.220313 0.154688
0 0.481152 0.705469 0.245508 0.115625
0 0.652734 0.425781 0.0632813 0.0984375
0 0.034082 0.860938 0.0623047 0.103125
0 0.224219 0.505859 0.400781 0.686719
0 0.495703 0.710938 0.241406 0.192188
0 0.649609 0.4875 0.078125 0.129688
0 0.0395508 0.840625 0.0791016 0.10625
0 0.467871 0.672656 0.27207 0.179688
0 0.661719 0.423438 0.0492188 0.0875
0 0.466406 0.725781 0.278906 0.103125
0 0.703906 0.126465 0.09375 0.0994141
0 0.0349365 0.742969 0.069873 0.207813
0 0.450781 0.715625 0.240625 0.153125
0 0.432813 0.525391 0.253906 0.502344
0 0.505566 0.409766 0.398242 0.725781
0 0.790625 0.14043 0.03125 0.0457031
0 0.0297363 0.548828 0.0538086 0.1375
0 0.666016 0.495313 0.05 0.110156
0 0.0689453 0.000573731 0.137891 0.00114746
0 0.656641 0.416016 0.0523438 0.0726563
0 0.449316 0.000378418 0.149805 0.000756836
0 0.928125 8.54492e-05 0.14375 0.000170898
0 0.483203 0.739062 0.249219 0.139063
0 0.486328 0.000463867 0.152344 0.000927734
0 0.169727 0.129297 0.0335938 0.0472656
0 0.0488281 0.655469 0.0921875 0.403125
0 0.583594 0.635156 0.04375 0.0859375
0 0.611719 0.000390625 0.148438 0.00078125
0 0.679688 0.108398 0.053125 0.0683594
0 0.648438 0.00045166 0.15 0.00090332
0 0.665625 0.415234 0.034375 0.0679687
0 0.8 0.142285 0.0484375 0.0519531
0 0.0980469 0.000415039 0.152344 0.000830078
0 0.576953 9.76563e-05 0.19375 0.000195313
0 0.817187 0.151562 0.0734375 0.0574219
0 0.173047 0.000427246 0.153906 0.000854492
0 0.523438 0.000415039 0.154688 0.000830078
0 0.669922 0.513281 0.040625 0.065625
0 0.421777 0.000244141 0.212695 0.000488281
0 0.671094 0.457813 0.0359375 0.0796875
0 0.648438 0.446875 0.065625 0.075
0 0.907031 0.00012207 0.185938 0.000244141
0 0.686719 0.000439453 0.153125 0.000878906
0 0.386328 0.362305 0.0570313 0.227734
0 0.669531 0.45 0.0273438 0.0453125
0 0.0233643 0.596094 0.032666 0.0390625
0 0.125366 6.10352e-05 0.18208 0.00012207
0 0.0379883 0.000109863 0.0759766 0.000219727
0 0.832031 1.2207e-05 0.167187 2.44141e-05
0 0.0335449 0.799805 0.0670898 0.222266
0 0.323828 0.000439453 0.155469 0.000878906
0 0.95 0.000488281 0.1 0.000976562
0 0.996094 0.016333 0.0078125 0.032666
0 0.381348 0.000146484 0.206055 0.000292969
0 0.332422 0.537891 0.0578125 0.160156
0 0.0207764 0.595313 0.0234863 0.0359375
0 0.68125 0.132129 0.06875 0.0970703
0 0.725 7.32422e-05 0.185938 0.000146484
0 0.774219 4.88281e-05 0.184375 9.76563e-05
0 0.665625 0.402344 0.0296875 0.0429688
0 0.8 0.000439453 0.151562 0.000878906
0 0.594141 0.616406 0.0320312 0.0515625
0 0.507812 0.715625 0.13125 0.078125
0 0.543359 0.675781 0.124219 0.165625
0 0.203125 0.000195313 0.192578 0.000390625
0 0.878125 0.000170898 0.2 0.000341797
0 0.594922 0.629297 0.0359375 0.0804688
0 0.722266 0.108374 0.127344 0.0980957
0 0.024585 0.000415039 0.0491699 0.000830078
0 0.962891 0.00240479 0.0742188 0.00480957
0 0.235596 0.000463867 0.155371 0.000927734
0 0.666406 0.433984 0.040625 0.100781
0 0.671094 0.498437 0.0429688 0.09375
0 0.281055 0.000183105 0.204297 0.000366211
0 0.803906 0.149512 0.0578125 0.0541016
0 0.785937 0.139648 0.0265625 0.0453125
0 0.0250488 0.780469 0.0451172 0.15625
0 0.469434 0.769531 0.281445 0.1875
0 0.630078 0.450781 0.028125 0.0484375
0 0.0518555 0.711328 0.100977 0.132031
0 0.834375 0.152734 0.0375 0.046875
0 0.658594 0.457422 0.053125 0.0710938
0 0.689453 0.108203 0.103906 0.101758
0 0.665234 0.525781 0.0320312 0.0484375
0 0.35332 0.548047 0.0886719 0.539844
0 0.794531 0.148242 0.0390625 0.0515625
0 0.699219 0.0931396 0.0929688 0.11958
0 0.65 0.376758 0.7 0.753516
0 0.456152 0.516406 0.301758 0.498437
0 0.674219 0.11582 0.025 0.0414063
0 0.0332886 0.825 0.0500244 0.04375
0 0.357812 0.485938 0.0945313 0.442188
0 0.0331177 0.803125 0.055249 0.0921875
0 0.675781 0.125488 0.034375 0.0570313
0 0.375 0.512891 0.153906 0.496094
0 0.388184 0.350586 0.0470703 0.171484
0 0.679688 0.118945 0.0375 0.0509766
0 0.670313 0.116113 0.0359375 0.0525391
0 0.372852 0.565625 0.124609 0.379688
0 0.682031 0.127246 0.053125 0.0689453
0 0.0367188 0.834375 0.0675781 0.084375
0 0.0419434 0.7875 0.0788086 0.121875
0 0.0350586 0.821094 0.0547852 0.0625
0 0.0342773 0.769922 0.0617188 0.157031
0 0.0296875 0.81875 0.0557617 0.0453125
0 0.0412231 0.750781 0.0757568 0.198437
0 0.59375 0.616406 0.0265625 0.0507812
0 0.655469 0.428516 0.0625 0.110937
0 0.673047 0.125391 0.0445313 0.0644531
0 0.171875 0.129102 0.0367188 0.0488281
0 0.667969 0.423438 0.04375 0.090625
0 0.658594 0.419141 0.0539063 0.0835937
0 0.66875 0.416016 0.0359375 0.0726563
0 0.670313 0.117188 0.046875 0.0660156
0 0.660937 0.12207 0.059375 0.0785156
0 0.655469 0.482812 0.0703125 0.128125
0 0.592969 0.624219 0.0296875 0.06875
0 0.591406 0.632031 0.040625 0.0953125
0 0.672656 0.452344 0.0335938 0.0648438
0 0.0468262 0.722656 0.0852539 0.254688
0 0.465625 0.680078 0.284375 0.191406
0 0.667969 0.4 0.028125 0.0421875
0 0.171777 0.132227 0.0470703 0.0582031
0 0.690625 0.128613 0.0578125 0.078125
0 0.671094 0.432031 0.034375 0.0859375
0 0.0234131 0.595313 0.0291504 0.0375
0 0.0327637 0.547656 0.0584961 0.139063
0 0.0318237 0.834375 0.0564697 0.06875
0 0.385547 0.361523 0.0460938 0.231641
0 0.657813 0.4625 0.0625 0.0875
0 0.0306763 0.810938 0.0587646 0.0625
0 0.665625 0.454688 0.0421875 0.0640625
0 0.452344 0.732422 0.254688 0.203906
0 0.671094 0.448438 0.028125 0.04375
0 0.682422 0.455078 0.05625 0.109375
0 0.026123 0.601562 0.0388672 0.05
0 0.403223 0.591406 0.181055 0.320312
0 0.410156 0.517188 0.214062 0.501563
0 0.660156 0.449219 0.0515625 0.09375
0 0.672656 0.480859 0.046875 0.116406
0 0.671094 0.438281 0.0421875 0.10625
0 0.070752 0.0649414 0.0249023 0.0423828
0 0.694922 0.118945 0.06875 0.071875
0 0.0348633 0.854688 0.0638672 0.0984375
0 0.0301758 0.789062 0.0520508 0.114063
0 0.674219 0.403906 0.0320312 0.0515625
0 0.676562 0.464844 0.0398437 0.078125
0 0.179297 0.126465 0.0476562 0.0501953
0 0.584375 0.632812 0.0484375 0.090625
0 0.453027 0.601562 0.301758 0.414062
0 0.670703 0.128516 0.0515625 0.0816406
0 0.582031 0.647656 0.05625 0.11875
0 0.659375 0.399219 0.0375 0.0421875
0 0.657813 0.455859 0.0765625 0.166406
0 0.03573 0.600781 0.0511963 0.053125
0 0.338281 0.533594 0.0570313 0.21875
0 0.379688 0.352148 0.0515625 0.173047
0 0.0589722 0.603125 0.0865479 0.0609375
0 0.453516 0.722656 0.297656 0.320312
0 0.0232178 0.00161133 0.0464355 0.00322266
0 0.677344 0.485938 0.0390625 0.0921875
0 0.0351562 0.00106201 0.0703125 0.00212402
0 0.0543945 0.000830078 0.108789 0.00166016
0 0.0332153 0.805469 0.0609131 0.148438
0 0.0298828 0.570312 0.049707 0.084375
0 0.603516 0.00078125 0.220313 0.0015625
0 0.642578 0.453516 0.0507812 0.05625
0 0.923047 0.000817871 0.153906 0.00163574
0 0.683203 0.473438 0.0523438 0.0875
0 0.640234 0.117188 0.107813 0.0765625
0 0.0214111 0.588672 0.0287598 0.0460938
0 0.0529297 0.670313 0.0939453 0.36875
0 0.776563 0.000769043 0.214062 0.00153809
0 0.648438 0.000732422 0.203125 0.00146484
0 0.702734 0.000744629 0.216406 0.00148926
0 0.496875 0.386328 0.028125 0.0453125
0 0.636719 0.113086 0.142188 0.0902344
0 0.326953 0.000756836 0.211719 0.00151367
0 0.671094 0.45791 0.08125 0.173242
0 0.174414 0.000732422 0.200781 0.00146484
0 0.553125 0.674219 0.0984375 0.173438
0 0.0705566 0.000878906 0.141113 0.00175781
0 0.678906 0.445312 0.059375 0.157031
0 0.835938 0.000720215 0.20625 0.00144043
0 0.554688 0.00078125 0.223438 0.0015625
0 0.165234 0.138672 0.0710938 0.0769531
0 0.488281 0.000732422 0.204688 0.00146484
0 0.896094 0.000842285 0.207813 0.00168457
0 0.39375 0.000817871 0.225781 0.00163574
0 0.100098 0.000708008 0.200195 0.00141602
0 0.823438 0.154004 0.071875 0.0587891
0 0.646875 0.463281 0.0734375 0.08125
0 0.280469 0.000805664 0.224219 0.00161133
0 0.024707 0.577734 0.0368164 0.0773438
0 0.0317383 0.815625 0.0634766 0.204688
0 0.675781 0.509375 0.0414063 0.065625
0 0.0363281 0.607813 0.0583984 0.065625
0 0.835938 0.152051 0.034375 0.0433594
0 0.681641 0.413965 0.0484375 0.0783203
0 0.203906 0.929688 0.407813 0.08125
0 0.439844 0.000695801 0.210156 0.0013916
0 0.666797 0.11416 0.1125 0.0896484
0 0.705078 0.130664 0.0875 0.0839844
0 0.00834961 0.00255127 0.0166992 0.00510254
0 0.95625 0.00245361 0.0875 0.00490723
0 0.214844 0.000842285 0.209375 0.00168457
0 0.995313 0.017627 0.009375 0.0352539
0 0.0673828 0.600781 0.0623047 0.059375
0 0.692969 0.135742 0.065625 0.105859
0 0.136304 0.000695801 0.198096 0.0013916
0 0.682813 0.488281 0.04375 0.065625
0 0.592969 0.608984 0.0265625 0.04375
0 0.0522461 0.70625 0.101367 0.132812
0 0.0254395 0.564063 0.0398437 0.10625
0 0.271289 0.935938 0.398047 0.1
0 0.655859 0.409375 0.0515625 0.0671875
0 0.611719 0.000708008 0.157813 0.00141602
0 0.173535 0.132617 0.0689453 0.0707031
0 0.454297 0.633594 0.316406 0.251563
0 0.361719 0.000830078 0.164062 0.00166016
0 0.678906 0.423535 0.0554687 0.10293
0 0.0422852 0.820312 0.071875 0.084375
0 0.736328 0.000805664 0.161719 0.00161133
0 0.0276855 0.501563 0.0441406 0.0578125
0 0.153516 0.132715 0.0578125 0.0439453
0 0.334375 0.540625 0.0578125 0.1625
0 0.579688 0.678516 0.0625 0.199219
0 0.0729492 0.0687012 0.0300781 0.0506836
0 0.396875 0.351367 0.0648438 0.185547
0 0.673828 0.135059 0.0625 0.10957
0 0.566406 0.648438 0.0789063 0.123438
0 0.197852 0.00770264 0.223828 0.0154053
0 0.505469 0.678125 0.19375 0.18125
0 0.248828 0.000830078 0.1625 0.00166016
0 0.590625 0.682031 0.0484375 0.225
0 0.00488281 0.00979004 0.00976562 0.0195801
0 0.0698242 0.0640625 0.0353516 0.0585938
0 0.299414 0.00755615 0.222266 0.0151123
0 0.249609 0.00773926 0.227344 0.0154785
0 0.670313 0.521094 0.0390625 0.05
0 0.0195312 0.499219 0.0296875 0.0515625
0 0.647656 0.442188 0.0765625 0.142188
0 0.0318848 0.879687 0.0572266 0.0625
0 0.14834 0.00737305 0.220117 0.0147461
0 0.349219 0.00756836 0.220313 0.0151367
0 0.648438 0.444922 0.06875 0.107031
0 0.473438 0.00762939 0.215625 0.0152588
0 0.682031 0.505469 0.04375 0.059375
0 0.810742 0.148047 0.0722656 0.0578125
0 0.022583 0.783594 0.0372559 0.128125
0 0.724219 0.00738525 0.21875 0.0147705
0 0.676172 0.00686035 0.224219 0.0137207
0 0.336328 0.514453 0.172656 0.500781
0 0.524219 0.00748291 0.219531 0.0149658
0 0.628906 0.00625 0.225 0.0125
0 0.671484 0.120703 0.06875 0.0722656
0 0.423438 0.00766602 0.221094 0.015332
0 0.771875 0.00751953 0.2125 0.0150391
0 0.0248047 0.00671387 0.0496094 0.0134277
0 0.069043 0.0693359 0.0402344 0.078125
0 0.813281 0.158496 0.0796875 0.0689453
0 0.664062 0.522656 0.0328125 0.0484375
0 0.576563 0.00686035 0.228125 0.0137207
0 1 0.0436035 0 0.087207
0 0.0294434 0.917188 0.0491211 0.053125
0 0.371094 0.361914 0.0664062 0.191797
0 0.223242 0.529688 0.398828 0.528125
0 0.691406 0.450781 0.071875 0.09375
0 0.104688 0.00701904 0.209375 0.0140381
0 0.345703 0.45625 0.125781 0.389062
0 0.0270508 0.782617 0.0511719 0.0753906
0 0.456641 0.518652 0.307031 0.50332
0 0.355469 0.480371 0.104688 0.437695
0 0.672266 0.123438 0.0320312 0.0539063
0 0.0350098 0.826563 0.0620117 0.075
0 0.676172 0.126855 0.0429688 0.0685547
0 0.0316406 0.823438 0.0544922 0.0484375
0 0.385156 0.350977 0.0507812 0.176172
0 0.404297 0.515234 0.21875 0.497656
0 0.466504 0.678125 0.293555 0.190625
0 0.0373901 0.832031 0.0715088 0.10625
0 0.0318237 0.810156 0.0558838 0.0828125
0 0.0332153 0.796875 0.0613037 0.10625
0 0.460254 0.653125 0.29043 0.370313
0 0.682813 0.127734 0.0546875 0.0777344
0 0.382715 0.565625 0.154883 0.376563
0 0.528516 0.526172 0.450781 0.538281
0 0.0469238 0.789258 0.0911133 0.133984
0 0.496484 0.673438 0.217969 0.171875
0 0.462891 0.728125 0.279687 0.214062
0 0.0692383 0.0673828 0.0267578 0.046875
0 0.657422 0.567187 0.685156 0.715625
0 0.462891 0.721094 0.294531 0.398438
0 0.589063 0.627734 0.040625 0.0820312
0 0.36582 0.367188 0.0800781 0.203906
0 0.0309082 0.841406 0.0594727 0.0859375
0 0.0360474 0.850781 0.0700928 0.114063
0 0.587109 0.633594 0.0515625 0.101562
0 0.035498 0.78418 0.0680664 0.162891
0 0.452246 0.659375 0.31582 0.55625
0 0.591406 0.646094 0.0546875 0.128906
0 0.353125 0.553809 0.096875 0.529883
0 0.455469 0.637891 0.321094 0.236719
0 0.042688 0.816406 0.0790771 0.107813
0 0.387109 0.355469 0.0578125 0.235938
0 0.575781 0.650391 0.065625 0.128125
0 0.410059 0.694531 0.412695 0.596875
0 0.170313 0.130078 0.0359375 0.0507812
0 0.327344 0.698438 0.585156 0.5875
0 0.602734 0.535937 0.794531 0.884375
0 0.591406 0.624609 0.03125 0.0726563
0 0.671094 0.122363 0.0554687 0.0763672
0 0.925 0.00124512 0.15 0.00249023
0 0.360938 0.406641 0.0898438 0.288281
0 0.679688 0.119727 0.04375 0.0667969
0 0.548438 0.673828 0.115625 0.174219
0 0.0426758 0.857813 0.0853516 0.134375
0 0.590527 0.326562 0.575195 0.634375
0 0.594922 0.00115967 0.246875 0.00231934
0 0.691406 0.122363 0.0695313 0.0865234
0 0.6625 0.127148 0.0617188 0.0816406
0 0.0548828 0.680078 0.104492 0.369531
0 0.0458984 0.00118408 0.0917969 0.00236816
0 0.941406 0.000756836 0.117188 0.00151367
0 0.0725586 0.0012085 0.145117 0.00241699
0 0.420312 0.00118408 0.246875 0.00236816
0 0.427344 0.567969 0.242969 0.370313
0 0.0678223 0.0712402 0.0381836 0.0708008
0 0.646094 0.342773 0.707812 0.685547
0 0.586719 0.000634766 0.175 0.00126953
0 0.0452148 0.757031 0.0861328 0.209375
0 0.209375 0.93125 0.41875 0.075
0 0.566406 0.665234 0.0828125 0.158594
0 0.0319336 0.00153809 0.0638672 0.00307617
0 0.803906 0.00108643 0.235938 0.00217285
0 0.639063 0.00107422 0.229687 0.00214844
0 0.46416 0.00100098 0.224805 0.00200195
0 0.324805 0.802734 0.598828 0.394531
0 0.54375 0.00106201 0.241406 0.00212402
0 0.0719727 0.0708496 0.0353516 0.0614258
0 0.701172 0.00102539 0.227344 0.00205078
0 0.752734 0.00109863 0.230469 0.00219727
0 0.623438 0.000610352 0.171875 0.0012207
0 0.436719 0.000683594 0.174219 0.00136719
0 0.16582 0.13418 0.0582031 0.065625
0 0.462402 0.778125 0.331445 0.179688
0 0.549219 0.000646973 0.175 0.00129395
0 0.799219 0.00065918 0.173438 0.00131836
0 0.853906 0.00113525 0.235938 0.00227051
0 0.892188 0.00118408 0.215625 0.00236816
0 0.0941406 0.00108643 0.188281 0.00217285
0 0.761719 0.000708008 0.173438 0.00141602
0 0.366016 0.0010498 0.232813 0.00209961
0 0.511719 0.00065918 0.176563 0.00131836
0 0.399121 0.000708008 0.175195 0.00141602
0 0.576563 0.775781 0.0734375 0.078125
0 0.654688 0.427734 0.0640625 0.114844
0 0.711719 0.000634766 0.173438 0.00126953
0 0.692578 0.134375 0.0625 0.0898438
0 0.661328 0.000634766 0.172656 0.00126953
0 0.31582 0.0010498 0.230859 0.00209961
0 0.0544922 0.000683594 0.108984 0.00136719
0 0.835742 0.000683594 0.172266 0.00136719
0 0.265625 0.00106201 0.230469 0.00212402
0 0.0286987 0.857031 0.0523682 0.103125
0 0.0463013 0.54375 0.0878662 0.170313
0 0.967578 0.0105713 0.0648438 0.0211426
0 0.457422 0.568066 0.310156 0.599805
0 0.673047 0.116406 0.0234375 0.0394531
0 0.0352539 0.795313 0.0631836 0.1
0 0.674219 0.112695 0.0296875 0.0449219
0 0.593359 0.612109 0.021875 0.0367188
0 0.671875 0.125781 0.034375 0.0585938
0 0.678906 0.114063 0.040625 0.0511719
0 0.383984 0.355078 0.0476562 0.180469
0 0.0325195 0.804688 0.0543945 0.0796875
0 0.670703 0.118164 0.0382813 0.0492188
0 0.595313 0.610938 0.028125 0.0421875
0 0.0448364 0.788281 0.0857178 0.126563
0 0.351562 0.473047 0.102344 0.407031
0 0.0349121 0.81875 0.062793 0.06875
0 0.0338989 0.820312 0.0507568 0.05
0 0.040918 0.829492 0.0791016 0.112891
0 0.036377 0.78125 0.0641602 0.145313
0 0.679297 0.123242 0.04375 0.0636719
0 0.388965 0.284375 0.0283203 0.0335938
0 0.467285 0.664844 0.291992 0.178125
0 0.45625 0.735156 0.263281 0.226562
0 0.367383 0.433496 0.119922 0.33457
0 0.682031 0.12832 0.0554687 0.0761719
0 0.670703 0.111719 0.0484375 0.0515625
0 0.591406 0.616406 0.025 0.046875
0 0.434375 0.690625 0.3625 0.61875
0 0.594531 0.619531 0.0328125 0.05625
0 0.589063 0.628125 0.03125 0.0703125
0 0.591797 0.6375 0.0554687 0.1
0 0.666406 0.516797 0.0390625 0.0617188
0 0.0303589 0.810938 0.0574463 0.05625
0 0.665625 0.524219 0.0335938 0.0523438
0 0.0239258 0.820312 0.0445313 0.040625
0 0.671094 0.127148 0.0453125 0.0652344
0 0.0422974 0.760156 0.0781006 0.192188
0 0.694141 0.110132 0.0757812 0.0902832
0 0.594922 0.628516 0.0429688 0.08125
0 0.670313 0.511719 0.0382813 0.0578125
0 0.603906 0.613281 0.046875 0.053125
0 0.690625 0.129883 0.0734375 0.0837891
0 0.0379883 0.85625 0.0720703 0.109375
0 0.0296387 0.839063 0.0524414 0.075
0 0.671094 0.0990234 0.0554687 0.0488281
0 0.386719 0.359766 0.0578125 0.213281
0 0.456152 0.63125 0.312695 0.24375
0 0.0464844 0.807031 0.0787109 0.0984375
0 0.453223 0.77832 0.291992 0.190234
0 0.334375 0.67959 0.585938 0.64082
0 0.378516 0.38125 0.0429688 0.173438
0 0.660937 0.515625 0.0445313 0.0703125
0 0.360938 0.5 0.110937 0.492188
0 0.494531 0.384766 0.034375 0.05
0 0.571094 0.654688 0.0765625 0.125781
0 0.379688 0.380469 0.0460938 0.125
0 0.0624023 0.691797 0.119727 0.328906
0 0.578906 0.639063 0.0578125 0.0984375
0 0.240234 1 0.179297 0
0 0.510547 0.582422 0.403906 0.638281
0 0.939844 0.0010498 0.120313 0.00209961
0 0.055957 0.000976562 0.111914 0.00195312
0 0.0311035 0.857813 0.056543 0.09375
0 0.457422 0.513281 0.308594 0.48125
0 0.673438 0.119531 0.0234375 0.0414063
0 0.351172 0.462598 0.1 0.382617
0 0.381934 0.348633 0.0517578 0.161328
0 0.377441 0.567187 0.148242 0.364063
0 0.0330566 0.800781 0.055957 0.09375
0 0.671094 0.125586 0.03125 0.0554687
0 0.674219 0.11377 0.0296875 0.0447266
0 0.0313965 0.824219 0.0504883 0.04375
0 0.032959 0.826563 0.0602539 0.059375
0 0.595313 0.613672 0.0210938 0.0398437
0 0.365234 0.412402 0.115625 0.292383
0 0.677734 0.11748 0.0398437 0.0470703
0 0.039209 0.835938 0.0768555 0.103125
0 0.326758 0.652051 0.591016 0.695898
0 0.0438477 0.7875 0.0876953 0.13125
0 0.667969 0.112695 0.04375 0.053125
0 0.0361816 0.828125 0.0696289 0.075
0 0.428125 0.414453 0.245312 0.292188
0 0.0330078 0.812305 0.0643555 0.0816406
0 0.352344 0.564844 0.100781 0.373437
0 0.666406 0.528125 0.0328125 0.05
0 0.0336914 0.772266 0.0650391 0.155469
0 0.667188 0.521484 0.0375 0.0546875
0 0.467969 0.663281 0.289062 0.182812
0 0.402344 0.582812 0.196875 0.327344
0 0.595313 0.614844 0.0328125 0.0492188
0 0.495313 0.389453 0.0328125 0.0453125
0 0.428906 0.659473 0.364063 0.679492
0 0.677344 0.128516 0.05 0.0691406
0 0.0647461 0.691797 0.126758 0.321094
0 0.0370605 0.801758 0.0741211 0.112109
0 0.6625 0.520703 0.040625 0.0625
0 0.458984 0.624609 0.311719 0.260938
0 0.589063 0.627344 0.0296875 0.071875
0 0.0389648 0.748828 0.0767578 0.203906
0 0.6625 0.532813 0.034375 0.053125
0 0.365625 0.3625 0.0804688 0.19375
0 0.664062 0.510938 0.0523438 0.0859375
0 0.583594 0.635156 0.046875 0.0921875
0 0.455566 0.575879 0.313867 0.69043
0 0.377441 0.459375 0.141992 0.364063
0 0.591406 0.614844 0.034375 0.05625
0 0.492578 0.384277 0.0367188 0.0486328
0 0.508984 0.400781 0.0578125 0.0578125
0 0.0220703 0.825 0.0383789 0.0375
0 0.452344 0.719531 0.267188 0.209375
0 0.675 0.405469 0.028125 0.04375
0 0.667188 0.531641 0.04375 0.0625
0 0.385938 0.364453 0.0578125 0.202344
0 0.0300781 0.839063 0.0541016 0.071875
0 0.507422 0.397656 0.06875 0.0703125
0 0.505469 0.671094 0.203125 0.166406
0 0.573438 0.653125 0.071875 0.125
0 0.659766 0.117578 0.0617188 0.06875
0 0.519531 0.407422 0.0671875 0.0640625
0 0.652344 0.490625 0.0734375 0.132812
0 0.602734 0.6125 0.04375 0.0515625
0 0.488281 0.386621 0.0445313 0.0580078
0 0.576563 0.640625 0.0601563 0.103125
0 0.553906 0.534375 0.26875 0.384375
0 0.0374512 0.860938 0.0725586 0.10625
0 0.450781 0.672656 0.30625 0.492188
0 0.592578 0.628125 0.0421875 0.08125
0 0.662109 0.128906 0.0539063 0.0683594
0 0.373828 0.35625 0.0554687 0.179688
0 0.496875 0.397559 0.0375 0.0548828
0 0.669141 0.420312 0.040625 0.075
0 0.0484375 0.714844 0.0953125 0.270313
0 0.028894 0.785742 0.0488525 0.119141
0 0.599609 0.350195 0.769531 0.700391
0 0.22832 0.552734 0.434766 0.641406
0 0.0510254 0.76875 0.102051 0.171875
0 0.663672 0.0980469 0.0820312 0.0484375
0 0.547266 0.670313 0.117969 0.1625
0 0.664844 0.491406 0.059375 0.121875
0 0.569141 0.485547 0.236719 0.25
0 0.657813 0.432031 0.065625 0.107813
0 0.564844 0.665625 0.0859375 0.15
0 0.490625 0.394434 0.0421875 0.0533203
0 0.579688 0.666406 0.06875 0.161719
0 0.356055 0.384766 0.0941406 0.242188
0 0.621875 0.517969 0.621875 0.5375
0 0.671094 0.0975586 0.05625 0.0474609
0 0.459473 0.526953 0.306055 0.502344
0 0.672266 0.119531 0.0296875 0.0480469
0 0.385156 0.348828 0.0476562 0.163281
0 0.671875 0.125391 0.0359375 0.0621094
0 0.441016 0.692969 0.353906 0.603125
0 0.0332031 0.800781 0.0558594 0.1
0 0.0338867 0.825 0.0621094 0.075
0 0.678125 0.120605 0.0390625 0.0607422
0 0.0601074 0.669531 0.112402 0.36875
0 0.431641 0.412891 0.249219 0.291406
0 0.0354492 0.772656 0.0637695 0.157813
0 0.356641 0.461035 0.102344 0.385742
0 0.0316406 0.825 0.0512695 0.05
0 0.0450684 0.786133 0.0893555 0.137109
0 0.0393555 0.832812 0.078125 0.103125
0 0.391406 0.419922 0.167187 0.30625
0 0.678906 0.127734 0.0515625 0.0765625
0 0.369922 0.667871 0.507031 0.664258
0 0.593359 0.614453 0.0242188 0.0445313
0 0.0364258 0.802344 0.0725586 0.1125
0 0.0410156 0.748438 0.078125 0.207813
0 0.0304688 0.815625 0.0512695 0.06875
0 0.380469 0.566016 0.144531 0.378906
0 0.671094 0.118164 0.0492188 0.0779297
0 0.595313 0.619531 0.0328125 0.0640625
0 0.0480957 0.703125 0.0948242 0.295312
0 0.588281 0.626563 0.0328125 0.078125
0 0.0463867 0.840625 0.0927734 0.11875
0 0.589844 0.616797 0.028125 0.0554687
0 0.510156 0.403516 0.0664062 0.0671875
0 0.35293 0.488281 0.0941406 0.542969
0 0.497656 0.395215 0.0359375 0.0564453
0 0.580469 0.651172 0.059375 0.126563
0 0.691406 0.127344 0.071875 0.0824219
0 0.566406 0.538672 0.470313 0.510156
0 0.0738281 0.646875 0.141797 0.423438
0 0.585156 0.639844 0.0484375 0.10625
0 0.448828 0.74375 0.277344 0.246875
0 0.46416 0.589844 0.318555 0.345313
0 0.0432617 0.819531 0.0865234 0.1
0 0.0321045 0.758594 0.064209 0.2
0 0.471484 0.678906 0.2875 0.203125
0 0.535156 0.528809 0.31875 0.375195
0 0.592969 0.628906 0.0453125 0.0890625
0 0.695312 0.115332 0.078125 0.0826172
0 0.499219 0.399609 0.0515625 0.0710938
0 0.0630371 0.656641 0.116699 0.521094
0 0.423438 0.567187 0.235156 0.378125
0 0.0692383 0.710938 0.136328 0.284375
0 0.0411133 0.854688 0.0822266 0.117188
0 0.492969 0.391406 0.034375 0.05
0 0.0408203 0.666406 0.0816406 0.376563
0 0.0432739 0.546875 0.0820068 0.185938
0 0.492188 0.395703 0.0453125 0.0648438
0 0.66875 0.133691 0.04375 0.078125
0 0.358984 0.562109 0.108594 0.390625
0 0.19917 0.555078 0.368848 0.621094
0 0.0523438 0.717188 0.100781 0.14375
0 0.118262 0.595313 0.21582 0.548438
0 0.386816 0.329492 0.0419922 0.126953
0 0.369141 0.555469 0.121094 0.484375
0 0.457715 0.792188 0.337695 0.257812
0 0.467285 0.484375 0.326367 0.278125
0 0.660937 0.114844 0.0671875 0.0861328
0 0.695312 0.145117 0.071875 0.107422
0 0.466406 0.384473 0.311719 0.231055
0 0.521094 0.407813 0.0695313 0.0710938
0 0.663281 0.515625 0.0421875 0.0757812
0 0.652344 0.483984 0.0734375 0.147656
0 0.516406 0.414844 0.0796875 0.0929688
0 0.664844 0.424219 0.05 0.0890625
0 0.359375 0.373242 0.0875 0.216016
0 0.370898 0.346289 0.0667969 0.156641
0 0.719922 0.133496 0.121094 0.0826172
0 0.0374023 0.713281 0.0748047 0.278125
0 0.603906 0.674609 0.792188 0.650781
0 0.361719 0.407422 0.101562 0.274219
0 0.401172 0.349609 0.0726563 0.174219
0 0.663281 0.524609 0.0375 0.0601563
0 0.571875 0.680078 0.535937 0.608594
0 0.455859 0.530078 0.301563 0.502344
0 0.673438 0.115137 0.0265625 0.0388672
0 0.0308105 0.803906 0.0547852 0.0796875
0 0.0335938 0.796875 0.0671875 0.0953125
0 0.358398 0.466406 0.111328 0.396875
0 0.0356934 0.78125 0.0713867 0.13125
0 0.409277 0.526172 0.212695 0.510156
0 0.677344 0.1125 0.040625 0.0484375
0 0.531641 0.528223 0.449219 0.513867
0 0.673047 0.116602 0.0398437 0.0515625
0 0.463965 0.681641 0.276758 0.197656
0 0.592969 0.610938 0.0234375 0.0359375
0 0.0385254 0.756641 0.0770508 0.182031
0 0.430859 0.414844 0.250781 0.292188
0 0.0467773 0.678516 0.0935547 0.342969
0 0.458984 0.638281 0.3 0.371875
0 0.673438 0.123926 0.0359375 0.0542969
0 0.460156 0.609375 0.30625 0.751563
0 0.434473 0.69375 0.362305 0.6125
0 0.312109 0.686035 0.624219 0.62793
0 0.386719 0.355078 0.04375 0.174219
0 0.458984 0.732031 0.270313 0.182812
0 0.602246 0.603125 0.568945 0.675
0 0.674219 0.110156 0.0476562 0.0640625
0 0.595313 0.608594 0.0296875 0.0390625
0 0.594531 0.614062 0.0328125 0.0515625
0 0.0324707 0.815625 0.0543945 0.05625
0 0.0413574 0.728125 0.0827148 0.239063
0 0.350781 0.485547 0.101562 0.529688
0 0.680469 0.126758 0.053125 0.0691406
0 0.035498 0.820312 0.0673828 0.06875
0 0.0400391 0.821875 0.0800781 0.084375
0 0.0315552 0.823438 0.0523193 0.040625
0 0.0595703 0.640234 0.116211 0.422656
0 0.0368408 0.709375 0.0736816 0.279687
0 0.461719 0.639453 0.299219 0.246094
0 0.467578 0.396973 0.316406 0.248242
0 0.112695 0.550879 0.225391 0.60293
0 0.673828 0.105078 0.0367188 0.0703125
0 0.206641 0.546875 0.407031 0.6125
0 0.459375 0.687891 0.308594 0.517969
0 0.691406 0.116016 0.071875 0.0675781
0 0.589063 0.625391 0.0296875 0.0710938
0 0.589844 0.635156 0.0484375 0.0953125
0 0.0943359 0.601172 0.188672 0.507031
0 0.382422 0.582031 0.153125 0.346875
0 0.674219 0.125781 0.0453125 0.0621094
0 0.696094 0.107202 0.0828125 0.0785645
0 0.0270508 0.680469 0.0541016 0.340625
0 0.590234 0.615625 0.0273438 0.0460938
0 0.694531 0.124902 0.08125 0.0736328
0 0.0489258 0.835938 0.0978516 0.1125
0 0.354297 0.382812 0.100781 0.23125
0 0.0746094 0.622266 0.149219 0.457031
0 0.361328 0.564453 0.11875 0.403125
0 0.034082 0.808594 0.0681641 0.165625
0 0.654297 0.422656 0.0664062 0.090625
0 0.496875 0.389453 0.0328125 0.04375
0 0.720313 0.127832 0.126563 0.0748047
0 0.575781 0.659375 0.0765625 0.14375
0 0.405469 0.56709 0.194531 0.387695
0 0.5875 0.649219 0.06875 0.126563
0 0.0424683 0.80625 0.0840088 0.09375
0 0.695703 0.11582 0.075 0.112891
0 0.602344 0.610938 0.046875 0.0523438
0 0.551562 0.550391 0.279687 0.457031
0 0.507422 0.400098 0.0640625 0.0669922
0 0.0654297 0.694531 0.130859 0.315625
0 0.663281 0.112793 0.071875 0.0785156
0 0.453516 0.533594 0.299219 0.509375
0 0.352539 0.458984 0.105078 0.383594
0 0.673438 0.120313 0.0335938 0.0511719
0 0.0313477 0.80625 0.0616211 0.084375
0 0.674219 0.124805 0.0390625 0.0640625
0 0.0349121 0.821875 0.0665039 0.078125
0 0.458691 0.719531 0.268555 0.207813
0 0.0325439 0.791406 0.0650879 0.117188
0 0.454297 0.633984 0.300781 0.388281
0 0.0330078 0.824219 0.0551758 0.046875
0 0.033252 0.772656 0.0665039 0.1625
0 0.0373291 0.82207 0.0746582 0.0964844
0 0.68125 0.127148 0.05625 0.0789063
0 0.592188 0.6125 0.0273438 0.040625
0 0.384277 0.354297 0.0486328 0.178906
0 0.375391 0.582812 0.144531 0.345313
0 0.462109 0.653906 0.283594 0.217969
0 0.361523 0.383594 0.0886719 0.236719
0 0.351562 0.522656 0.096875 0.48125
0 0.589844 0.625 0.034375 0.0796875
0 0.696875 0.13125 0.096875 0.0929688
0 0.677734 0.116602 0.0476562 0.0765625
0 0.589844 0.632812 0.0523438 0.105469
0 0.0338135 0.737891 0.067627 0.230469
0 0.545313 0.537891 0.4875 0.538281
0 0.41875 0.419434 0.224219 0.30332
0 0.0390625 0.785937 0.078125 0.142188
0 0.619141 0.608203 0.635156 0.692969
0 0.0485352 0.694141 0.0970703 0.322656
0 0.0485352 0.835742 0.0970703 0.131641
0 0.703516 0.107129 0.1 0.110352
0 0.59375 0.617188 0.0359375 0.0609375
0 0.683984 0.133008 0.071875 0.0871094
0 0.0694336 0.00108643 0.138867 0.00217285
0 0.165723 0.000878906 0.17168 0.00175781
0 0.311719 0.684375 0.623438 0.63125
0 0.465625 0.4 0.309375 0.267188
0 0.945312 0.00151367 0.109375 0.00302734
0 0.528125 0.000952148 0.170313 0.0019043
0 0.401953 0.692969 0.428906 0.614062
0 0.691016 0.000830078 0.169531 0.00166016
0 0.128613 0.000952148 0.17168 0.0019043
0 0.203125 0.000952148 0.169531 0.0019043
0 0.565625 0.000891113 0.16875 0.00178223
0 0.615625 0.000756836 0.16875 0.00151367
0 0.578125 0.666016 0.071875 0.182031
0 0.0907227 0.000830078 0.170508 0.00166016
0 0.728906 0.000927734 0.16875 0.00185547
0 0.815625 0.000976562 0.16875 0.00195312
0 0.396484 0.520312 0.196875 0.509375
0 0.653125 0.000732422 0.167969 0.00146484
0 0.766016 0.0010498 0.169531 0.00209961
0 0.328516 0.00100098 0.171094 0.00200195
0 0.24043 0.00109863 0.170703 0.00219727
0 0.490625 0.000976562 0.170313 0.00195312
0 0.365625 0.00098877 0.170313 0.00197754
0 0.403125 0.00114746 0.170313 0.00229492
0 0.291016 0.00102539 0.171094 0.00205078
0 0.85293 0.00100098 0.169141 0.00200195
0 0.453027 0.00102539 0.168945 0.00205078
0 0.718359 0.136328 0.122656 0.0910156
0 0.914844 0.000976562 0.170313 0.00195312
0 0.0422852 0.807617 0.0845703 0.0972656
0 0.356641 0.594141 0.110937 0.328125
0 0.544531 0.55166 0.184375 0.51543
0 0.212891 0.530469 0.425781 0.673438
0 0.0224121 0.690625 0.0448242 0.326562
0 0.0336182 0.805469 0.0672363 0.214062
0 0.672656 0.106348 0.0484375 0.0876953
0 0.197266 0.0010376 0.255078 0.0020752
0 0.365625 0.355469 0.0804688 0.176563
0 0.38125 0.365039 0.0617188 0.229297
0 0.147559 0.00112305 0.258008 0.00224609
0 0.571875 0.652734 0.0695313 0.134375
0 0.670703 0.132227 0.0507812 0.0886719
0 0.635156 0.00111084 0.259375 0.00222168
0 0.658984 0.11543 0.0804688 0.0878906
0 0.680859 0.128906 0.0992187 0.0976562
0 0.739453 0.140234 0.161719 0.0976562
0 0.0941406 0.00129395 0.188281 0.00258789
0 0.0493164 0.734375 0.0986328 0.24375
0 0.786133 0.14082 0.255859 0.0941406
0 0.923438 0.00106201 0.153125 0.00212402
0 0.331055 0.714063 0.576953 0.571875
0 0.585156 0.00115967 0.259375 0.00231934
0 0.467187 0.751563 0.271875 0.16875
0 0.722656 0.00108643 0.257812 0.00217285
0 0.455859 0.523047 0.305469 0.501563
0 0.461035 0.638672 0.31543 0.722656
0 0.0309692 0.804688 0.0591553 0.084375
0 0.675391 0.116602 0.0273438 0.0380859
0 0.361523 0.482031 0.116016 0.422656
0 0.0319336 0.821875 0.053125 0.053125
0 0.674219 0.126367 0.0375 0.0597656
0 0.383691 0.353906 0.0513672 0.170313
0 0.679688 0.119336 0.040625 0.0550781
0 0.592969 0.613672 0.025 0.0421875
0 0.0344727 0.821875 0.0642578 0.0734375
0 0.674219 0.116406 0.034375 0.0546875
0 0.0351074 0.774609 0.0702148 0.153906
0 0.0440552 0.790625 0.0878662 0.126563
0 0.0339355 0.79375 0.0678711 0.109375
0 0.683203 0.12959 0.0539063 0.0716797
0 0.371094 0.571484 0.130469 0.371094
0 0.696094 0.121484 0.0734375 0.0785156
0 0.0368652 0.821875 0.0737305 0.0984375
0 0.697656 0.131641 0.0828125 0.0820312
0 0.667188 0.114258 0.0546875 0.0738281
0 0.591016 0.624219 0.0335938 0.0734375
0 0.594531 0.616797 0.034375 0.0601563
0 0.596094 0.614062 0.0296875 0.0484375
0 0.944141 0.00157471 0.111719 0.00314941
0 0.719141 0.13623 0.121094 0.0830078
0 0.589844 0.6125 0.0359375 0.0546875
0 0.0345947 0.75625 0.0691895 0.195312
0 0.463184 0.717578 0.27207 0.202344
0 0.590625 0.633594 0.0515625 0.101562
0 0.354688 0.551953 0.0976562 0.440625
0 0.61875 0.000830078 0.178125 0.00166016
0 0.0670898 0.000976562 0.13418 0.00195312
0 0.58125 0.000878906 0.178125 0.00175781
0 0.69375 0.000878906 0.178125 0.00175781
0 0.0529297 0.707812 0.105859 0.289062
0 0.831445 0.00100098 0.177734 0.00200195
0 0.54375 0.000915527 0.178125 0.00183105
0 0.79375 0.000964355 0.178125 0.00192871
0 0.655469 0.000830078 0.176563 0.00166016
0 0.73125 0.000927734 0.178125 0.00185547
0 0.0854492 0.000854492 0.170898 0.00170898
0 0.168457 0.000756836 0.179492 0.00151367
0 0.0441406 0.743359 0.0882813 0.217969
0 0.50625 0.000915527 0.178125 0.00183105
0 0.318359 0.000927734 0.178125 0.00185547
0 0.86875 0.0010376 0.178125 0.0020752
0 0.118726 0.000854492 0.179736 0.00170898
0 0.332227 0.693359 0.581641 0.613281
0 0.218555 0.000927734 0.178906 0.00185547
0 0.355859 0.000939941 0.177344 0.00187988
0 0.90625 0.000952148 0.178125 0.0019043
0 0.46875 0.000952148 0.178125 0.0019043
0 0.405859 0.00109863 0.178125 0.00219727
0 0.465625 0.640234 0.285938 0.228906
0 0.28125 0.000927734 0.179688 0.00185547
0 0.660937 0.122461 0.0625 0.0818359
0 0.360156 0.430371 0.102344 0.325195
0 0.376563 0.374609 0.0484375 0.220313
0 0.386328 0.355078 0.0625 0.200781
0 0.577344 0.663672 0.075 0.172656
0 0.465234 0.676172 0.277344 0.194531
0 0.679688 0.136816 0.0828125 0.0853516
0 0.925 0.000537109 0.15 0.00107422
0 0.585156 0.630469 0.046875 0.0851563
0 0.582031 0.618359 0.05625 0.0953125
0 0.702734 0.132031 0.163281 0.0800781
0 0.053894 0.598828 0.0920166 0.0671875
0 0.705469 0.141895 0.104688 0.0865234
0 0.634375 0.000573731 0.253125 0.00114746
0 0.304688 0.921094 0.09375 0.0875
0 0.352734 0.598047 0.100781 0.313281
0 0.298047 0.917188 0.0679687 0.0609375
0 0.400098 0.455078 0.181055 0.369531
0 0.366016 0.367969 0.0875 0.203125
0 0.588281 0.657031 0.0671875 0.165625
0 0.0395508 0.716016 0.0791016 0.266406
0 0.583594 0.639844 0.0546875 0.107813
0 0.0415039 0.804688 0.0830078 0.0953125
0 0.584375 0.000598145 0.253125 0.00119629
0 0.100293 0.000634766 0.200586 0.00126953
0 0.670313 0.134668 0.053125 0.0826172
0 0.722266 0.000573731 0.250781 0.00114746
0 0.797656 0.000622559 0.251563 0.00124512
0 0.847656 0.000610352 0.251563 0.0012207
0 0.896875 0.000634766 0.20625 0.00126953
0 0.534766 0.000561523 0.250781 0.00112305
0 0.410059 0.000585938 0.251758 0.00117188
0 0.0491211 0.842383 0.0982422 0.143359
0 0.347266 0.000585938 0.250781 0.00117188
0 0.29707 0.000598145 0.252734 0.00119629
0 0.460059 0.000573731 0.250195 0.00114746
0 0.742188 0.135742 0.171875 0.0808594
0 0.763281 0.143457 0.210938 0.0927734
0 0.247852 0.000549316 0.250391 0.00109863
0 0.713672 0.121118 0.110937 0.102295
0 0.595313 0.629297 0.64375 0.741406
0 0.0345703 0.829688 0.0691406 0.229687
0 0.0444336 0.00065918 0.0888672 0.00131836
0 0.376953 0.364844 0.0523438 0.160156
0 0.389453 0.337891 0.0492188 0.140625
0 0.0323486 0.802344 0.0646973 0.129688
0 0.660937 0.130078 0.153125 0.0832031
0 0.594922 0.628906 0.0429688 0.084375
0 0.058252 0.641016 0.116504 0.425781
0 0.799219 0.14082 0.295312 0.0882813
0 0.253564 1 0.174121 0
0 0.578906 0.771094 0.065625 0.0734375
0 0.646484 0.135742 0.10625 0.0878906
0 0.475098 0.747656 0.295117 0.21875
0 0.456152 0.514844 0.306445 0.483594
0 0.365234 0.570703 0.11875 0.367969
0 0.354883 0.531348 0.102734 0.531055
0 0.376953 0.516309 0.146094 0.486133
0 0.674609 0.115234 0.0265625 0.0378906
0 0.383203 0.35 0.0585938 0.157813
0 0.0389648 0.790625 0.0779297 0.11875
0 0.673828 0.11875 0.0320312 0.0476562
0 0.349219 0.585938 0.0960938 0.328125
0 0.0300781 0.801367 0.0594727 0.0910156
0 0.66875 0.116992 0.0375 0.0492188
0 0.473047 0.658594 0.282813 0.185938
0 0.0473633 0.763281 0.0947266 0.16875
0 0.677734 0.118945 0.0429688 0.0574219
0 0.674219 0.125586 0.040625 0.0628906
0 0.0305786 0.817187 0.0577881 0.0625
0 0.0327637 0.821875 0.0503906 0.046875
0 0.592969 0.613281 0.0242188 0.0421875
0 0.0533203 0.704688 0.106641 0.292188
0 0.607031 0.522266 0.617188 0.507031
0 0.46084 0.698438 0.273633 0.15
0 0.455078 0.623047 0.307031 0.510156
0 0.590234 0.625781 0.0375 0.075
0 0.376953 0.357031 0.0523438 0.185156
0 0.667188 0.113477 0.0453125 0.0621094
0 0.386035 0.337695 0.0482422 0.139453
0 0.313867 0.687012 0.617578 0.625977
0 0.0405273 0.746094 0.0810547 0.204688
0 0.0526367 0.733984 0.105273 0.228906
0 0.589844 0.635156 0.0570313 0.101562
0 0.458984 0.724219 0.272656 0.220313
0 0.364453 0.625781 0.110156 0.245312
0 0.379688 0.599219 0.155469 0.310937
0 0.359375 0.438281 0.102344 0.344531
0 0.462109 0.624609 0.299219 0.257812
0 0.732031 0.133301 0.157813 0.0828125
0 0.588281 0.612109 0.0367188 0.0523438
0 0.641406 0.606641 0.717188 0.707031
0 0.736719 0.128418 0.260938 0.0748047
0 0.660547 0.120703 0.0578125 0.0792969
0 0.944531 0.00126953 0.110937 0.00253906
0 0.389844 0.628906 0.139063 0.24375
0 0.692578 0.121191 0.075 0.0833984
0 0.0575195 0.639063 0.115039 0.434375
0 0.402246 0.546875 0.19082 0.416406
0 0.832031 0.000817871 0.173438 0.00163574
0 0.59375 0.275391 0.8125 0.417969
0 0.694531 0.000732422 0.175 0.00146484
0 0.619531 0.00065918 0.173438 0.00131836
0 0.589453 0.187891 0.821094 0.263672
0 0.418359 0.698438 0.392969 0.603125
0 0.794531 0.00078125 0.175 0.0015625
0 0.656641 0.000695801 0.172656 0.0013916
0 0.732031 0.00078125 0.173438 0.0015625
0 0.338867 0.530469 0.0722656 0.189063
0 0.212891 0.50791 0.425781 0.706055
0 0.544531 0.000732422 0.175 0.00146484
0 0.582031 0.000708008 0.175 0.00141602
0 0.507031 0.000720215 0.175 0.00144043
0 0.416309 0.666797 0.183008 0.18125
0 0.0539185 0.598437 0.0945068 0.0640625
0 0.319531 0.000732422 0.174219 0.00146484
0 0.870313 0.00090332 0.178125 0.00180664
0 0.445215 0.678516 0.243945 0.160938
0 0.683594 0.129297 0.0578125 0.0734375
0 0.0292969 0.782813 0.0585938 0.132812
0 0.0790039 0.000756836 0.158008 0.00151367
0 0.667188 0.133789 0.1375 0.0871094
0 0.907031 0.000878906 0.176563 0.00175781
0 0.356641 0.000756836 0.174219 0.00151367
0 0.469531 0.000756836 0.171875 0.00151367
0 0.282031 0.000732422 0.175 0.00146484
0 0.106543 0.000610352 0.175195 0.0012207
0 0.582031 0.619531 0.053125 0.078125
0 0.036084 0.82168 0.072168 0.103516
0 0.340234 0.519531 0.157031 0.499219
0 0.626563 0.358984 0.746875 0.597656
0 0.394531 0.000830078 0.175 0.00166016
0 0.925781 0.000463867 0.148438 0.000927734
0 0.432129 0.000842285 0.174805 0.00168457
0 0.629687 0.132324 0.148438 0.0892578
0 0.244092 0.000732422 0.173535 0.00146484
0 0.143848 0.000585938 0.173242 0.00117188
0 0.372266 0.382715 0.0585938 0.193945
0 0.0354248 0.804883 0.0708496 0.158984
0 0.594922 0.160718 0.810156 0.183643
0 0.696094 0.131543 0.0875 0.0806641
0 0.689453 0.127246 0.275781 0.0744141
0 0.0595703 0.000744629 0.119141 0.00148926
0 0.181445 0.000415039 0.174609 0.000830078
0 0.41416 0.630469 0.19668 0.242188
0 0.594922 0.615625 0.0296875 0.0515625
0 0.573828 0.660156 0.08125 0.167187
0 0.553906 0.667969 0.10625 0.1625
0 0.633984 0.000488281 0.247656 0.000976562
0 0.0387207 0.599609 0.0621094 0.0640625
0 0.583594 0.617188 0.0445313 0.0640625
0 0.624609 0.133789 0.750781 0.159766
0 0.0394531 0.530859 0.0789063 0.138281
0 0.83457 0.000524902 0.246484 0.0010498
0 0.351172 0.465625 0.0820312 0.1375
0 0.721484 0.000488281 0.246094 0.000976562
0 0.584375 0.000500488 0.246875 0.00100098
0 0.784375 0.000512695 0.246875 0.00102539
0 0.879492 0.000585938 0.241016 0.00117188
0 0.507031 0.670313 0.196875 0.170313
0 0.362109 0.692578 0.130469 0.307031
0 0.534375 0.000463867 0.245312 0.000927734
0 0.343555 0.490625 0.0691406 0.14375
0 0.367969 0.405469 0.0679687 0.149219
0 0.754687 0.132422 0.204688 0.0933594
0 0.585156 0.652734 0.071875 0.159375
0 0.0311035 0.80625 0.062207 0.121875
0 0.054541 0.539844 0.109082 0.153125
0 0.514844 0.339063 0.848437 0.564063
0 0.364844 0.382031 0.0882813 0.234375
0 0.29668 0.000488281 0.246484 0.000976562
0 0.523047 0.216016 0.871094 0.297266
0 0.385254 0.367188 0.0685547 0.201563
0 0.346875 0.000488281 0.244531 0.000976562
0 0.455371 0.519922 0.31582 0.500781
0 0.364258 0.517871 0.125391 0.50332
0 0.471973 0.678906 0.288867 0.189063
0 0.673047 0.11582 0.028125 0.0390625
0 0.46084 0.706641 0.275195 0.174219
0 0.0316895 0.823438 0.0532227 0.046875
0 0.645703 0.537109 0.708594 0.541406
0 0.0333862 0.821094 0.0656494 0.075
0 0.671094 0.118359 0.0375 0.0503906
0 0.54834 0.523438 0.511133 0.510938
0 0.677344 0.121191 0.04375 0.0552734
0 0.0300903 0.810938 0.0573975 0.071875
0 0.0347412 0.79668 0.0694824 0.0972656
0 0.0407715 0.79082 0.081543 0.121484
0 0.592969 0.613281 0.025 0.0421875
0 0.38291 0.55 0.157617 0.414062
0 0.515234 0.678125 0.197656 0.18125
0 0.386719 0.341992 0.05625 0.148828
0 0.550781 0.678125 0.113281 0.178906
0 0.0407227 0.767578 0.0814453 0.163281
0 0.395215 0.52334 0.189258 0.512695
0 0.0312012 0.823438 0.0624023 0.0578125
0 0.682813 0.130078 0.059375 0.0708984
0 0.0485352 0.684766 0.0970703 0.335156
0 0.720313 0.134863 0.125 0.0833984
0 0.310156 0.695703 0.620313 0.608594
0 0.694531 0.129688 0.08125 0.0748047
0 0.461621 0.647656 0.295508 0.217188
0 0.460059 0.749609 0.273633 0.172656
0 0.746094 0.133594 0.176563 0.0867188
0 0.667969 0.116602 0.05 0.065625
0 0.672656 0.127637 0.0484375 0.0669922
0 0.589063 0.625391 0.0367188 0.0734375
0 0.0356445 0.820312 0.0712891 0.103125
0 0.0365479 0.745313 0.0730957 0.209375
0 0.589844 0.611719 0.0375 0.0515625
0 0.214258 0.529297 0.428516 0.667969
0 0.305469 0.932031 0.1125 0.090625
0 0.661719 0.122363 0.059375 0.0732422
0 0.59375 0.619531 0.0375 0.0640625
0 0.594531 0.615625 0.03125 0.05
0 0.589453 0.635938 0.05625 0.107031
0 0.0399414 0.710156 0.0798828 0.279687
0 0.70625 0.140918 0.104688 0.0900391
0 0.0485352 0.732422 0.0970703 0.235156
0 0.453027 0.707031 0.314258 0.251563
0 0.435937 0.703906 0.219531 0.125781
0 0.645312 0.335547 0.709375 0.482031
0 0.656641 0.435156 0.686719 0.590625
0 0.424219 0.712109 0.376563 0.575781
0 0.683594 0.137891 0.078125 0.0875
0 0.0543945 0.633203 0.108789 0.441406
0 0.450684 0.738672 0.32207 0.433594
0 0.786719 0.147168 0.26875 0.116992
0 0.0304688 0.802344 0.0609375 0.140625
0 0.254736 0.934375 0.202246 0.08125
0 0.295898 0.91875 0.0855469 0.071875
0 0.355859 0.571875 0.116406 0.371875
0 0.541406 0.703125 0.134375 0.232813
0 0.610156 0.574219 0.779688 0.851562
0 0.0519531 0.6 0.0900391 0.0648438
0 0.574609 0.303906 0.835156 0.44375
0 0.710156 0.12373 0.110937 0.100781
0 0.498437 0.389453 0.028125 0.0429688
0 0.300781 0.920313 0.101172 0.0875
0 0.6 0.208252 0.8 0.24209
0 0.583203 0.617969 0.0546875 0.0703125
0 0.484766 0.709375 0.251563 0.214062
0 0.948438 0.000415039 0.103125 0.000830078
0 0.660937 0.445312 0.0453125 0.046875
0 0.450684 0.606152 0.317383 0.492383
0 0.496094 0.396094 0.0375 0.05625
0 0.361719 0.439063 0.107031 0.347656
0 0.667578 0.447266 0.0320312 0.0429688
0 0.658984 0.136328 0.124219 0.0882813
0 0.400098 0.691797 0.148242 0.146094
0 0.284766 0.915625 0.0703125 0.0625
0 0.447656 0.521484 0.30625 0.507031
0 0.673438 0.114844 0.0320312 0.0410156
0 0.349414 0.488672 0.104297 0.435156
0 0.388184 0.513672 0.186133 0.500781
0 0.0310547 0.820312 0.055957 0.053125
0 0.678125 0.119824 0.0476562 0.0580078
0 0.673438 0.11582 0.0390625 0.0523438
0 0.44541 0.615625 0.306055 0.471875
0 0.030481 0.80625 0.0601318 0.08125
0 0.458594 0.724219 0.274219 0.221875
0 0.040918 0.789844 0.0818359 0.121875
0 0.0340332 0.821875 0.0651367 0.08125
0 0.464063 0.686719 0.284375 0.209375
0 0.0337402 0.796875 0.0674805 0.0984375
0 0.0473633 0.703516 0.0947266 0.289844
0 0.303125 0.694531 0.60625 0.610938
0 0.381641 0.347656 0.0507812 0.1625
0 0.598437 0.547656 0.626563 0.573438
0 0.039502 0.768359 0.0790039 0.163281
0 0.420215 0.707031 0.350195 0.585938
0 0.683984 0.127539 0.065625 0.0738281
0 0.618359 0.598828 0.763281 0.705469
0 0.0435547 0.641797 0.0871094 0.441406
0 0.667969 0.114258 0.053125 0.0625
0 0.0356689 0.744922 0.0713379 0.213281
0 0.691797 0.121484 0.0796875 0.08125
0 0.208594 0.522266 0.417188 0.644531
0 0.0308594 0.821094 0.0617188 0.0640625
0 0.0360352 0.824219 0.0720703 0.109375
0 0.445312 0.720703 0.303125 0.430469
0 0.695312 0.113843 0.0890625 0.104346
0 0.358398 0.529297 0.118359 0.542969
0 0.705469 0.134375 0.107813 0.084375
0 0.725391 0.126465 0.144531 0.0779297
0 0.0490234 0.733594 0.0980469 0.226562
0 0.673047 0.125195 0.0515625 0.0695313
0 0.0334229 0.804688 0.0668457 0.15
0 0.124609 0.973437 0.0441406 0.04375
0 0.683594 0.136816 0.096875 0.0892578
0 0.592188 0.611328 0.03125 0.0460938
0 0.133008 0.973437 0.0646484 0.05
0 0.087793 0.619141 0.175586 0.475781
0 0.0571777 0.646875 0.114355 0.414062
0 0.499219 0.389453 0.0296875 0.0421875
0 0.453516 0.778125 0.285156 0.19375
0 0.509375 0.399219 0.0609375 0.0617188
0 0.46416 0.42959 0.329492 0.325195
0 0.658594 0.116992 0.06875 0.06875
0 0.0523438 0.774805 0.104688 0.153516
0 0.452344 0.523828 0.303906 0.492969
0 0.674609 0.116992 0.0328125 0.0464844
0 0.380371 0.346875 0.0501953 0.15625
0 0.0321289 0.814063 0.055957 0.06875
0 0.352734 0.483203 0.1 0.425781
0 0.679688 0.117578 0.046875 0.0634766
0 0.450781 0.674219 0.301563 0.339063
0 0.0372559 0.79707 0.0745117 0.108984
0 0.671875 0.114844 0.040625 0.0550781
0 0.0341675 0.823438 0.0625244 0.078125
0 0.0335938 0.821094 0.0509766 0.0515625
0 0.0452637 0.789258 0.0905273 0.137109
0 0.416016 0.703516 0.383594 0.592969
0 0.461328 0.683203 0.275 0.194531
0 0.689844 0.120508 0.06875 0.0806641
0 0.373828 0.553125 0.141406 0.398438
0 0.325195 0.693359 0.584766 0.613281
0 0.402246 0.516797 0.204883 0.492188
0 0.0396973 0.766016 0.0793945 0.166406
0 0.458984 0.727344 0.269531 0.21875
0 0.0370239 0.828906 0.0700928 0.104688
0 0.047998 0.697266 0.0959961 0.310156
0 0.594531 0.616406 0.034375 0.05625
0 0.630469 0.596094 0.739062 0.679688
0 0.592188 0.612891 0.028125 0.0453125
0 0.387109 0.333984 0.05625 0.132031
0 0.378516 0.360156 0.04375 0.215625
0 0.588281 0.635938 0.034375 0.0960938
0 0.213867 0.555859 0.427734 0.619531
0 0.0304199 0.800781 0.0608398 0.09375
0 0.0454102 0.732031 0.0908203 0.23125
0 0.691797 0.110156 0.0789063 0.114258
0 0.0357178 0.744922 0.0714355 0.210156
0 0.446875 0.684375 0.322656 0.485938
0 0.355273 0.578125 0.112109 0.345313
0 0.516016 0.687891 0.519531 0.514844
0 0.053418 0.640234 0.106836 0.436719
0 0.585938 0.649219 0.04375 0.133594
0 0.722656 0.115625 0.13125 0.0787109
0 0.680859 0.108765 0.0570313 0.0891113
0 0.459375 0.639844 0.29375 0.235938
0 0.93125 0.000537109 0.1375 0.00107422
0 0.0339355 0.811719 0.0678711 0.140625
0 0.335547 0.533984 0.071875 0.207031
0 0.446875 0.771484 0.304688 0.227344
0 0.0494629 0.752734 0.0981445 0.199219
0 0.947656 0.000512695 0.104688 0.00102539
0 0.670703 0.106738 0.05 0.0708984
0 0.395215 0.573828 0.186133 0.347656
0 0.707031 0.119824 0.101562 0.100586
0 0.373437 0.608984 0.145313 0.277344
0 0.0335938 0.688281 0.0671875 0.325
0 0.672656 0.117578 0.03125 0.0458984
0 0.455859 0.520215 0.30625 0.495508
0 0.651563 0.516016 0.696875 0.530469
0 0.382031 0.345898 0.0570313 0.152734
0 0.680078 0.120117 0.0445313 0.0636719
0 0.675781 0.116797 0.0359375 0.0550781
0 0.673438 0.124023 0.0375 0.0595703
0 0.357031 0.484473 0.10625 0.432617
0 0.0334839 0.823438 0.0488525 0.0484375
0 0.0313965 0.807617 0.0586914 0.0847656
0 0.0327637 0.824219 0.0558594 0.0625
0 0.592188 0.615234 0.0289063 0.0492188
0 0.594531 0.617188 0.0328125 0.0609375
0 0.037207 0.801562 0.0744141 0.104688
0 0.671094 0.116602 0.046875 0.0664062
0 0.688281 0.117969 0.0640625 0.0859375
0 0.455566 0.615234 0.304492 0.310156
0 0.0358521 0.829688 0.0657959 0.090625
0 0.680469 0.125977 0.05625 0.0695313
0 0.555859 0.517188 0.507031 0.507031
0 0.214453 0.488281 0.428906 0.720313
0 0.0462891 0.791992 0.0925781 0.131641
0 0.650391 0.420312 0.699219 0.65625
0 0.0410156 0.760547 0.0820312 0.182031
0 0.464746 0.661719 0.279883 0.198437
0 0.706641 0.12832 0.1 0.0914062
0 0.726562 0.117871 0.135937 0.0755859
0 0.396777 0.519531 0.195508 0.508594
0 0.235156 0.521484 0.45 0.536719
0 0.660547 0.11748 0.0648438 0.0677734
0 0.554688 0.670313 0.104688 0.173438
0 0.0435059 0.822656 0.0723633 0.104688
0 0.590625 0.625391 0.0375 0.0757812
0 0.371875 0.555469 0.132812 0.399219
0 0.709375 0.110962 0.10625 0.121826
0 0.0455566 0.844531 0.0911133 0.128125
0 0.0415039 0.666406 0.0830078 0.376563
0 0.0359131 0.7375 0.0718262 0.23125
0 0.933594 0.000463867 0.132812 0.000927734
0 0.460254 0.708984 0.266992 0.172656
0 0.327344 0.563281 0.654688 0.629687
0 0.0504395 0.698438 0.100879 0.315625
0 0.752734 0.117871 0.186719 0.0871094
0 0.332227 0.707812 0.636328 0.584375
0 0.599219 0.617188 0.0546875 0.0695313
0 0.0340332 0.814844 0.0680664 0.19375
0 0.448438 0.689844 0.328125 0.498437
0 0.826563 0.142383 0.0625 0.0679687
0 0.390625 0.458496 0.160938 0.387695
0 0.946875 0.000854492 0.10625 0.00170898
0 0.589844 0.612891 0.0484375 0.0773438
0 0.3375 0.51875 0.167187 0.50625
0 0.592969 0.635156 0.0484375 0.0984375
0 0.0524414 0.732813 0.104883 0.24375
0 0.0105713 0.677734 0.0211426 0.349219
0 0.70625 0.000366211 0.203125 0.000732422
0 0.546094 0.000366211 0.215625 0.000732422
0 0.632422 0.000390625 0.210156 0.00078125
0 0.453027 0.520703 0.29707 0.4875
0 0.674219 0.118164 0.025 0.0414063
0 0.382031 0.346094 0.0609375 0.153125
0 0.358594 0.484277 0.107031 0.431445
0 0.455371 0.617969 0.298633 0.3
0 0.0319458 0.815625 0.0587646 0.0625
0 0.406934 0.522559 0.208008 0.508008
0 0.0324707 0.824219 0.0496094 0.0453125
0 0.032666 0.8125 0.0630859 0.0859375
0 0.675391 0.126758 0.040625 0.0613281
0 0.0385742 0.801562 0.0771484 0.0984375
0 0.673438 0.116602 0.0359375 0.0539063
0 0.0351807 0.828125 0.0703613 0.09375
0 0.0475098 0.791406 0.0950195 0.129688
0 0.0338745 0.782031 0.0656494 0.129688
0 0.472559 0.664844 0.281445 0.182812
0 0.0396973 0.751953 0.0793945 0.192969
0 0.680469 0.12832 0.0609375 0.0671875
0 0.64541 0.439063 0.695117 0.70625
0 0.667969 0.119727 0.05 0.0703125
0 0.322656 0.695703 0.601562 0.608594
0 0.2125 0.509277 0.425 0.706445
0 0.594922 0.614453 0.0289063 0.0476562
0 0.698047 0.129297 0.0953125 0.0757812
0 0.375 0.553906 0.135937 0.402344
0 0.555469 0.670313 0.103125 0.164062
0 0.0430664 0.820312 0.0787109 0.107813
0 0.429688 0.715625 0.367969 0.56875
0 0.0473633 0.845313 0.0947266 0.128125
0 0.0256348 0.596094 0.0259766 0.0359375
0 0.592969 0.617969 0.0375 0.0609375
0 0.0532227 0.594922 0.0792969 0.0476562
0 0.0480469 0.717578 0.0960938 0.260156
0 0.0370117 0.599219 0.0530273 0.046875
0 0.387109 0.357812 0.0765625 0.178125
0 0.0342041 0.719531 0.0684082 0.28125
0 0.0557495 0.6 0.0965088 0.0554687
0 0.525 0.672656 0.167187 0.16875
0 0.296484 0.524219 0.253906 0.526563
0 0.660156 0.123145 0.0609375 0.0654297
0 0.029541 0.826563 0.059082 0.053125
0 0.0383301 0.661719 0.0766602 0.404687
0 0.052832 0.535937 0.105664 0.149219
0 0.592188 0.523047 0.564063 0.514844
0 0.020166 0.594141 0.0222656 0.0328125
0 0.354688 0.420215 0.0976562 0.306445
0 0.380566 0.611719 0.149805 0.28125
0 0.461328 0.702734 0.266406 0.160156
0 0.3375 0.521777 0.164844 0.504883
0 0.0322266 0.782617 0.0644531 0.191016
0 0.0330078 0.818945 0.0660156 0.237109
0 0.930469 0.000524902 0.139063 0.0010498
0 0.389844 0.480371 0.164062 0.42207
0 0.706641 0.13457 0.108594 0.09375
0 0.703906 0.14082 0.139063 0.0953125
0 0.00212402 0.655469 0.00424805 0.4375
0 0.454297 0.519922 0.301563 0.492969
0 0.383203 0.345703 0.059375 0.159375
0 0.0349121 0.808008 0.0650391 0.0902344
0 0.672656 0.118652 0.0328125 0.0509766
0 0.0411011 0.793555 0.0793213 0.122266
0 0.0327637 0.821875 0.0612305 0.078125
0 0.033252 0.821094 0.0536133 0.059375
0 0.035498 0.825 0.0709961 0.1
0 0.0494629 0.789258 0.0989258 0.140234
0 0.671094 0.120117 0.04375 0.0628906
0 0.0355469 0.776367 0.0710938 0.150391
0 0.457129 0.615625 0.301367 0.303125
0 0.355469 0.47959 0.111719 0.42832
0 0.0400391 0.751172 0.0800781 0.202344
0 0.0479492 0.669922 0.0958984 0.369531
0 0.317969 0.688672 0.614062 0.622656
0 0.378516 0.476953 0.147656 0.422656
0 0.677344 0.123047 0.046875 0.071875
0 0.213672 0.543652 0.427344 0.600195
0 0.0463867 0.71875 0.0927734 0.264062
0 0.578516 0.542871 0.538281 0.564258
0 0.295508 0.52041 0.351953 0.524805
0 0.0387695 0.70625 0.0775391 0.307813
0 0.431641 0.713672 0.370313 0.572656
0 0.669531 0.121289 0.05625 0.0789063
0 0.211719 0.453906 0.423438 0.907813
0 0.046582 0.84043 0.0931641 0.141016
0 0.0425781 0.652344 0.0851563 0.467187
0 0.0482422 0.540234 0.0964844 0.160938
0 0.0551758 0.640234 0.110352 0.450781
0 0.948438 0.0010498 0.103125 0.00209961
0 0.654688 0.452344 0.0640625 0.0617188
0 0.0335938 0.782813 0.0671875 0.20625
0 0.120313 0.481934 0.240625 0.781445
0 0.00531006 0.660937 0.0106201 0.439063
0 0.930469 0.000695801 0.139063 0.0013916
0 0.019043 0.673438 0.0380859 0.371875
0 0.328125 0.542188 0.514063 0.575
0 0.0559082 0.596094 0.0952148 0.065625
0 0.680078 0.131836 0.0585938 0.0820312
0 0.458203 0.688281 0.3125 0.465625
0 0.45625 0.520312 0.299219 0.4875
0 0.396777 0.516797 0.18457 0.496094
0 0.362891 0.516406 0.114844 0.49375
0 0.0343262 0.810156 0.0640625 0.08125
0 0.673047 0.118555 0.0296875 0.0429688
0 0.0321411 0.81875 0.0564209 0.0625
0 0.383203 0.346484 0.053125 0.157813
0 0.0399414 0.795313 0.0775391 0.115625
0 0.0321167 0.825 0.0508057 0.0484375
0 0.669141 0.120898 0.0390625 0.0539063
0 0.675781 0.12207 0.0421875 0.0539063
0 0.0470215 0.788281 0.094043 0.1375
0 0.0343506 0.826563 0.0687012 0.084375
0 0.335938 0.516016 0.157813 0.504687
0 0.667969 0.120117 0.0515625 0.071875
0 0.355078 0.453223 0.10625 0.373242
0 0.0393066 0.75625 0.0786133 0.1875
0 0.456348 0.624609 0.298242 0.2875
0 0.049707 0.670313 0.0994141 0.360938
0 0.0342773 0.776563 0.0685547 0.146875
0 0.0473145 0.728516 0.0946289 0.236719
0 0.471875 0.668359 0.28125 0.180469
0 0.211328 0.561328 0.422656 0.599219
0 0.321094 0.694922 0.598437 0.610156
0 0.0401367 0.704688 0.0802734 0.29375
0 0.30293 0.51709 0.231641 0.506445
0 0.676172 0.131641 0.05625 0.0742188
0 0.0424805 0.834375 0.0849609 0.115625
0 0.0429565 0.81875 0.0758057 0.101562
0 0.0534668 0.708594 0.106934 0.285938
0 0.600781 0.54375 0.559375 0.571875
0 0.693359 0.126367 0.0898438 0.0820312
0 0.658203 0.121289 0.0679687 0.0746094
0 0.527246 0.520703 0.437695 0.514844
0 0.436328 0.748438 0.359375 0.453125
0 0.949219 0.000878906 0.101562 0.00175781
0 0.0442383 0.622266 0.0884766 0.521094
0 0.0334717 0.811133 0.0669434 0.221484
0 0.519141 0.000219727 0.157031 0.000439453
0 0.210938 0.452734 0.421875 0.905469
0 0.0182373 0.669531 0.0364746 0.376563
0 0.136719 0.487109 0.273438 0.758594
0 0.929688 0.00100098 0.140625 0.00200195
0 0.118359 0.000170898 0.157031 0.000341797
0 0.657031 0.142188 0.090625 0.0953125
0 0.961719 0.616797 0.0765625 0.717969
0 0.457813 0.512891 0.30625 0.492969
0 0.356836 0.512109 0.109766 0.494531
0 0.405566 0.510254 0.210742 0.499805
0 0.673047 0.116016 0.0328125 0.0445313
0 0.0350098 0.807031 0.0700195 0.0859375
0 0.0407715 0.789844 0.081543 0.125
0 0.670313 0.11709 0.0390625 0.0560547
0 0.369531 0.55166 0.132031 0.40918
0 0.382715 0.346484 0.0548828 0.1625
0 0.456152 0.629687 0.301758 0.275
0 0.329297 0.5125 0.154688 0.504687
0 0.0310059 0.819531 0.0592773 0.05625
0 0.675781 0.123633 0.0484375 0.0675781
0 0.468848 0.667969 0.282617 0.179688
0 0.0371094 0.826563 0.0742188 0.0875
0 0.345313 0.696875 0.539062 0.601562
0 0.0434082 0.767188 0.0868164 0.165625
0 0.0504883 0.705078 0.100977 0.288281
0 0.300391 0.519531 0.221875 0.517188
0 0.69375 0.127344 0.0953125 0.0824219
0 0.435547 0.769531 0.354688 0.439063
0 0.0530762 0.784375 0.106152 0.140625
0 0.43125 0.674121 0.357031 0.623633
0 0.307813 0.9375 0.153906 0.115625
0 0.0381348 0.74375 0.0762695 0.2125
0 0.208594 0.566406 0.413281 0.620313
0 0.679688 0.128516 0.0640625 0.0796875
0 0.275342 0.942187 0.202441 0.1
0 0.0433105 0.66875 0.0866211 0.365625
0 0.339844 0.876563 0.172656 0.179688
0 0.316797 0.9125 0.146094 0.134375
0 0.658984 0.117188 0.0679687 0.0730469
0 0.0541992 0.754297 0.108398 0.189844
0 0.044873 0.835938 0.0897461 0.115625
0 0.538281 0.670313 0.135937 0.173438
0 0.33457 0.925 0.169922 0.146875
0 0.591016 0.614844 0.0351562 0.053125
0 0.314453 0.91875 0.121094 0.10625
0 0.361719 0.360547 0.0953125 0.2
0 0.393359 0.564844 0.172656 0.378125
0 0.671875 0.11084 0.05 0.0728516
0 0.306445 0.460156 0.205859 0.389844
0 0.961719 0.618066 0.0765625 0.70918
0 0.489453 0.384375 0.0421875 0.0554687
0 0.0445435 0.812305 0.0773193 0.0847656
0 0.208936 0.942187 0.32666 0.0875
0 0.591406 0.613281 0.028125 0.04375
0 0.660156 0.132617 0.084375 0.0890625
0 0.65625 0.120117 0.117188 0.0742188
0 0.575 0.654688 0.0640625 0.132812
0 0.357422 0.58125 0.110937 0.339063
0 0.0540039 0.64375 0.108008 0.434375
0 0.03396 0.810938 0.0679199 0.117188
0 0.307422 0.756641 0.614844 0.482031
0 0.561328 0.661328 0.0851563 0.144531
0 0.0289307 0.678125 0.0578613 0.348438
0 0.327734 0.438281 0.161719 0.348438
0 0.492969 0.384375 0.03125 0.0445313
0 0.458496 0.719531 0.262695 0.145313
0 0.933984 0.576953 0.132031 0.764844
0 0.459473 0.521777 0.306055 0.50332
0 0.674219 0.115625 0.0257812 0.0398437
0 0.407031 0.520703 0.203125 0.505469
0 0.362109 0.519629 0.115625 0.50293
0 0.449902 0.676562 0.320508 0.646875
0 0.0394531 0.786719 0.0789063 0.125
0 0.672656 0.118945 0.0328125 0.0558594
0 0.0315918 0.825 0.0563477 0.053125
0 0.0323242 0.802344 0.0616211 0.0921875
0 0.383594 0.346875 0.0507812 0.153125
0 0.208984 0.569531 0.417969 0.615625
0 0.319141 0.6875 0.603906 0.625
0 0.467285 0.671875 0.27793 0.1875
0 0.677344 0.121484 0.04375 0.059375
0 0.66875 0.121289 0.04375 0.0691406
0 0.330273 0.530859 0.169141 0.532031
0 0.0431641 0.753125 0.0863281 0.1875
0 0.370313 0.571875 0.132031 0.373437
0 0.0493164 0.683203 0.0986328 0.333594
0 0.28667 0.574316 0.262598 0.623242
0 0.679688 0.131152 0.05 0.0746094
0 0.452344 0.700391 0.304688 0.447656
0 0.0350098 0.828906 0.0700195 0.0796875
0 0.0375977 0.738672 0.0751953 0.217969
0 0.554688 0.66875 0.0953125 0.15625
0 0.0527344 0.732422 0.105469 0.230469
0 0.389844 0.721094 0.457813 0.557813
0 0.35625 0.433496 0.107813 0.339258
0 0.461719 0.710938 0.265625 0.23125
0 0.15166 0.493066 0.30332 0.731055
0 0.688672 0.130859 0.075 0.0792969
0 0.0344727 0.815625 0.06875 0.071875
0 0.515234 0.571875 0.364844 0.640625
0 0.0576172 0.648438 0.115234 0.41875
0 0.210156 0.454688 0.420312 0.909375
0 0.331445 0.435156 0.159766 0.330469
0 0.052832 0.710156 0.105078 0.146875
0 0.575781 0.654688 0.0609375 0.129688
0 0.455859 0.51875 0.305469 0.489844
0 0.673438 0.116797 0.0265625 0.0410156
0 0.378516 0.517969 0.151562 0.49375
0 0.468652 0.66875 0.279883 0.171875
0 0.211719 0.567187 0.423438 0.601562
0 0.038916 0.790625 0.077832 0.121875
0 0.0324341 0.803125 0.0628662 0.09375
0 0.673828 0.125781 0.0351562 0.0613281
0 0.0322388 0.824219 0.052124 0.046875
0 0.370313 0.557422 0.130469 0.386719
0 0.0316895 0.817187 0.059668 0.0640625
0 0.678906 0.126953 0.0421875 0.0679687
0 0.310547 0.684766 0.621094 0.630469
0 0.457422 0.691406 0.261719 0.140625
0 0.38125 0.346484 0.05625 0.149219
0 0.357812 0.533984 0.110156 0.477344
0 0.687891 0.131934 0.06875 0.0779297
0 0.454785 0.732813 0.262305 0.2
0 0.0426758 0.760156 0.0853516 0.173438
0 0.671484 0.121777 0.0484375 0.0728516
0 0.436035 0.70625 0.35918 0.58125
0 0.525098 0.516504 0.437305 0.510742
0 0.359375 0.458984 0.1125 0.380469
0 0.552734 0.667969 0.101562 0.153125
0 0.342578 0.519141 0.167969 0.502344
0 0.605469 0.528516 0.56875 0.553906
0 0.0515625 0.691797 0.103125 0.317969
0 0.05 0.740625 0.1 0.215625
0 0.0438477 0.785937 0.0876953 0.154688
0 0.0342285 0.826563 0.068457 0.084375
0 0.707422 0.137109 0.0953125 0.0882813
0 0.525 0.671484 0.165625 0.166406
0 0.144141 0.555859 0.288281 0.603906
0 0.453125 0.632031 0.305469 0.271875
0 0.037207 0.739844 0.0744141 0.217188
0 0.71875 0.154102 0.11875 0.125
0 0.65459 0.411719 0.69082 0.667969
0 0.622266 0.504687 0.755469 0.871875
0 0.732031 0.13252 0.148438 0.0876953
0 0.737891 0.15791 0.160156 0.134961
0 0.95625 0.619922 0.0875 0.753906
0 0.0417969 0.666406 0.0835937 0.370313
0 0.453809 0.70625 0.311133 0.43125
0 0.259961 0.521484 0.323828 0.503906
0 0.301953 0.569922 0.603906 0.607031
0 0.450391 0.510156 0.297656 0.4875
0 0.360742 0.509766 0.119141 0.485938
0 0.673438 0.119141 0.0265625 0.0425781
0 0.381641 0.346094 0.059375 0.154688
0 0.673438 0.125781 0.034375 0.0605469
0 0.392188 0.513281 0.184375 0.492188
0 0.467871 0.663281 0.27832 0.176563
0 0.0384766 0.790625 0.0769531 0.125
0 0.0314941 0.804883 0.0629883 0.0933594
0 0.678906 0.126953 0.040625 0.0660156
0 0.0311523 0.823438 0.0508789 0.05
0 0.213867 0.565723 0.426953 0.606055
0 0.657031 0.426953 0.685938 0.703906
0 0.687891 0.132031 0.0664062 0.0769531
0 0.0310547 0.815625 0.0592773 0.06875
0 0.660156 0.509375 0.679688 0.535937
0 0.379004 0.55459 0.148242 0.393945
0 0.553516 0.510547 0.499219 0.505469
0 0.377734 0.707812 0.466406 0.584375
0 0.436816 0.739844 0.345117 0.514063
0 0.0412109 0.764453 0.0824219 0.166406
0 0.591406 0.612891 0.0296875 0.0476562
0 0.458203 0.628125 0.29375 0.245312
0 0.28042 0.519434 0.281348 0.511133
0 0.553906 0.667188 0.101562 0.157813
0 0.452734 0.724219 0.250781 0.209375
0 0.671875 0.121484 0.053125 0.0746094
0 0.746094 0.137109 0.173438 0.100781
0 0.704297 0.135352 0.0875 0.0878906
0 0.721094 0.136328 0.120313 0.0933594
0 0.457715 0.689063 0.264258 0.129688
0 0.733594 0.126367 0.146875 0.0875
0 0.0338013 0.825 0.0673584 0.084375
0 0.0494629 0.687109 0.0989258 0.330469
0 0.0469727 0.745703 0.0939453 0.208594
0 0.357031 0.567969 0.105469 0.357812
0 0.944141 0.000463867 0.111719 0.000927734
0 0.182031 0 0.172656 0
0 0.112207 0.56875 0.224414 0.578125
0 0.616797 0.544531 0.766406 0.804688
0 0.739844 0.155859 0.164062 0.141016
0 0.710938 0.123438 0.105469 0.084375
0 0.036084 0.741016 0.072168 0.221094
0 0.925781 0.00126953 0.148438 0.00253906
0 0.586719 0.625 0.0460938 0.0757812
0 0.451562 0.513672 0.297656 0.492969
0 0.365234 0.511621 0.121875 0.489258
0 0.674219 0.122266 0.0257812 0.0457031
0 0.39209 0.518359 0.179883 0.497656
0 0.674219 0.126563 0.034375 0.0595703
0 0.605469 0.513281 0.607813 0.511719
0 0.680469 0.12793 0.0375 0.0580078
0 0.0363281 0.79043 0.0722656 0.119141
0 0.381641 0.346875 0.059375 0.157031
0 0.0314941 0.803906 0.062207 0.0890625
0 0.688281 0.131055 0.0625 0.0730469
0 0.680469 0.129297 0.046875 0.0664062
0 0.216406 0.561719 0.43125 0.6
0 0.669531 0.123242 0.0328125 0.05625
0 0.0304688 0.825 0.0503906 0.0453125
0 0.658594 0.431641 0.682813 0.694531
0 0.51875 0.514844 0.43125 0.498437
0 0.467969 0.661328 0.28125 0.186719
0 0.0463013 0.769922 0.0884522 0.155469
0 0.357227 0.458203 0.111328 0.385156
0 0.702734 0.135156 0.0820312 0.0835937
0 0.696875 0.000219727 0.178125 0.000439453
0 0.18418 0.000170898 0.177734 0.000341797
0 0.046582 0.674219 0.0931641 0.354688
0 0.94375 0.000793457 0.1125 0.00158691
0 0.045459 0.736719 0.090918 0.226562
0 0.146289 0.000195313 0.176563 0.000390625
0 0.927344 0.00113525 0.145313 0.00227051
0 0.221875 0.000268555 0.178125 0.000537109
0 0.707031 0.125684 0.0953125 0.0794922
0 0.108398 0.000146484 0.175391 0.000292969
0 0.723828 0.128516 0.127344 0.0824219
0 0.733984 0.000219727 0.177344 0.000439453
0 0.771875 0.000244141 0.178125 0.000488281
0 0.213281 0.00078125 0.245312 0.0015625
0 0.0354736 0.747656 0.0709473 0.203125
0 0.80957 0.000268555 0.180859 0.000537109
0 0.151172 0.000805664 0.245312 0.00161133
0 0.713281 0.000915527 0.246875 0.00183105
0 0.7375 0.136914 0.153125 0.0898438
0 0.30957 0.000292969 0.180078 0.000585938
0 0.658203 0.000146484 0.175781 0.000292969
0 0.621094 0.000158691 0.176563 0.000317383
0 0.35957 0.000292969 0.179297 0.000585938
0 0.571875 0.000183105 0.179688 0.000366211
0 0.521875 0.00020752 0.178125 0.000415039
0 0.458984 0.000292969 0.177344 0.000585938
0 0.846875 0.000341797 0.178125 0.000683594
0 0.460547 0.689844 0.267969 0.136719
0 0.314453 0.690625 0.628906 0.61875
0 0.263672 0.000939941 0.246875 0.00187988
0 0.25918 0.000268555 0.178125 0.000537109
0 0.458594 0.723437 0.266406 0.203125
0 0.313477 0.000939941 0.249609 0.00187988
0 0.46416 0.000854492 0.24668 0.00170898
0 0.838281 0.000964355 0.246875 0.00192871
0 0.788281 0.000830078 0.248438 0.00166016
0 0.079834 0.000170898 0.159668 0.000341797
0 0.396875 0.000317383 0.178125 0.000634766
0 0.363477 0.000891113 0.247266 0.00178223
0 0.413672 0.000830078 0.246094 0.00166016
0 0.403516 0.707812 0.428125 0.58125
0 0.882227 0.000939941 0.235547 0.00187988
0 0.884375 0.000317383 0.18125 0.000634766
0 0.513281 0.00078125 0.246875 0.0015625
0 0.638281 0.000878906 0.248438 0.00175781
0 0.563281 0.000842285 0.247656 0.00168457
0 0.730469 0.152344 0.142188 0.121875
0 0.921875 0.000317383 0.15625 0.000634766
0 0.112109 0.000830078 0.224219 0.00166016
0 0.7125 0.150391 0.104688 0.115234
0 0.0346558 0.825 0.06604 0.078125
0 0.0316406 0.782813 0.0632813 0.167187
0 0.108789 0.56416 0.212891 0.576367
0 0.454297 0.602344 0.308594 0.323438
0 0.0584961 0.652344 0.116992 0.4125
0 0.552344 0.666406 0.107813 0.157031
0 0.0388184 0.698047 0.0776367 0.307031
0 0.665625 0.122656 0.065625 0.0763672
0 0.157422 0.00610352 0.203125 0.012207
0 0.45625 0.516309 0.303125 0.48457
0 0.362109 0.515723 0.114844 0.488867
0 0.674219 0.121777 0.0265625 0.0460938
0 0.0354004 0.796094 0.0674805 0.10625
0 0.674609 0.127344 0.0367188 0.0609375
0 0.68125 0.126953 0.0382813 0.0585938
0 0.213477 0.561328 0.426953 0.591406
0 0.588379 0.511035 0.573242 0.507617
0 0.383691 0.519531 0.163867 0.499219
0 0.0415161 0.789844 0.080249 0.129688
0 0.689063 0.130469 0.0640625 0.0707031
0 0.468359 0.665625 0.283594 0.182812
0 0.680469 0.129492 0.05 0.0660156
0 0.380371 0.347266 0.0580078 0.153906
0 0.669922 0.122559 0.0390625 0.0574219
0 0.030957 0.823438 0.0529297 0.046875
0 0.354883 0.46084 0.106641 0.379883
0 0.0364746 0.767188 0.0709961 0.159375
0 0.704688 0.136328 0.0890625 0.0835937
0 0.0313355 0.808008 0.0590088 0.0777344
0 0.459473 0.692969 0.268555 0.146875
0 0.657031 0.387891 0.685938 0.585156
0 0.457422 0.630859 0.304688 0.248438
0 0.457031 0.723828 0.266406 0.189844
0 0.0458984 0.665234 0.0917969 0.372656
0 0.254102 0.526563 0.334766 0.51875
0 0.0422852 0.739844 0.0845703 0.21875
0 0.742969 0.137305 0.16875 0.0917969
0 0.6625 0.119922 0.06875 0.08125
0 0.726953 0.129883 0.136719 0.0804688
0 0.0314941 0.785742 0.0629883 0.156641
0 0.0349487 0.817969 0.057251 0.065625
0 0.371094 0.56875 0.132031 0.36875
0 0.551562 0.667969 0.10625 0.157813
0 0.710938 0.119165 0.107031 0.119482
0 0.0593262 0.645312 0.118652 0.420312
0 0.11709 0.558594 0.23418 0.58125
0 0.0367188 0.715625 0.0734375 0.26875
0 0.578125 0.670313 0.0546875 0.160938
0 0.68125 0.138281 0.065625 0.0851563
0 0.716797 0.147949 0.119531 0.110352
0 0.754297 0.153223 0.197656 0.131445
0 0.762109 0.124805 0.213281 0.0945313
0 0.928906 0.000805664 0.142188 0.00161133
0 0.0366089 0.834375 0.0711182 0.0875
0 0.309961 0.676562 0.619922 0.564063
0 0.560547 0.653906 0.0953125 0.13125
0 0.685547 0.13125 0.0835937 0.0785156
0 0.0644531 0.694922 0.128906 0.316406
0 0.944922 0.00045166 0.110156 0.00090332
0 0.199951 0.000476074 0.237598 0.000952148
0 0.226953 0.99375 0.192188 0.0125
0 0.458203 0.521094 0.3 0.496875
0 0.674219 0.117969 0.0296875 0.0429688
0 0.411719 0.520312 0.210938 0.498437
0 0.363672 0.521484 0.110937 0.503906
0 0.680859 0.120117 0.040625 0.0542969
0 0.0356323 0.796094 0.0664307 0.10625
0 0.673828 0.116504 0.0351562 0.0539063
0 0.675 0.125391 0.0398437 0.0605469
0 0.0428711 0.789258 0.0816406 0.130859
0 0.0322266 0.804688 0.0583984 0.0828125
0 0.469141 0.671875 0.282031 0.184375
0 0.383594 0.548438 0.149219 0.410938
0 0.680469 0.126953 0.053125 0.0652344
0 0.457813 0.639453 0.297656 0.261719
0 0.382812 0.347656 0.05625 0.160156
0 0.0317383 0.820312 0.0544922 0.05
0 0.6875 0.121875 0.0585938 0.0609375
0 0.358008 0.458691 0.105859 0.38418
0 0.613379 0.515234 0.61543 0.511719
0 0.664844 0.114453 0.05625 0.0730469
0 0.214062 0.566406 0.425 0.590625
0 0.0405762 0.74375 0.0756836 0.20625
0 0.51709 0.519141 0.420508 0.507031
0 0.705469 0.130957 0.09375 0.0859375
0 0.0582031 0.680859 0.111719 0.339844
0 0.748047 0.13418 0.178906 0.0871094
0 0.727344 0.125 0.1375 0.0707031
0 0.554688 0.66875 0.103125 0.165625
0 0.0348633 0.815625 0.0570313 0.065625
0 0.0356323 0.823438 0.0658447 0.075
0 0.0460449 0.716797 0.0913086 0.260156
0 0.315625 0.692578 0.605469 0.614844
0 0.0327148 0.78125 0.0625 0.171875
0 0.487891 0.38125 0.0460938 0.0632813
0 0.462109 0.718359 0.265625 0.202344
0 0.65625 0.375781 0.6875 0.49375
0 0.227734 0.990625 0.293359 0.01875
0 0.690625 0.129297 0.06875 0.0693359
0 0.592969 0.613281 0.028125 0.046875
0 0.038855 0.833594 0.0752197 0.0953125
0 0.339063 0.521875 0.166406 0.514063
0 0.769922 0.135352 0.233594 0.0984375
0 0.675 0.133789 0.05625 0.078125
0 0.049707 0.632812 0.0988281 0.448438
0 0.673438 0.108691 0.05625 0.0789063
0 0.757031 0.149805 0.204688 0.125391
0 0.458691 0.707031 0.301367 0.417188
0 0.385059 0.329688 0.0470703 0.123438
0 0.422656 0.70625 0.382812 0.579688
0 0.0198242 0.594531 0.0208984 0.04375
0 0.497656 0.388379 0.0289063 0.0419922
0 0.719141 0.146094 0.125781 0.110156
0 0.186523 0.993359 0.335547 0.0132813
0 0.494531 0.385156 0.034375 0.05
0 0.661719 0.124414 0.0640625 0.0728516
0 0.573828 0.666406 0.0617188 0.154688
0 0.0237793 0.598828 0.0275391 0.0507812
0 0.45459 0.522266 0.295508 0.488281
0 0.673438 0.120703 0.0320312 0.0496094
0 0.404297 0.520312 0.197656 0.496875
0 0.672656 0.126172 0.040625 0.0601563
0 0.0364136 0.792969 0.0699463 0.1125
0 0.358984 0.522266 0.109375 0.497656
0 0.383496 0.34707 0.0548828 0.156641
0 0.0320801 0.801367 0.059082 0.0878906
0 0.373047 0.550781 0.13125 0.398438
0 0.678906 0.123047 0.0421875 0.0570313
0 0.0310547 0.826563 0.0568359 0.05625
0 0.0428711 0.7875 0.0847656 0.132812
0 0.679297 0.128711 0.0546875 0.0664062
0 0.0322266 0.825 0.0492188 0.040625
0 0.453516 0.64375 0.3 0.25
0 0.0408203 0.755469 0.078125 0.184375
0 0.465527 0.673438 0.276758 0.178125
0 0.662109 0.115039 0.0585938 0.0773438
0 0.212109 0.566016 0.424219 0.594531
0 0.630469 0.51709 0.653125 0.514258
0 0.358203 0.457422 0.1 0.379688
0 0.0362793 0.834375 0.0725586 0.0890625
0 0.0563477 0.682813 0.111914 0.332813
0 0.686328 0.124512 0.0609375 0.0615234
0 0.0335449 0.817187 0.0601563 0.06875
0 0.045752 0.732031 0.0913086 0.23125
0 0.310547 0.692187 0.617969 0.615625
0 0.0341309 0.729688 0.0682617 0.242188
0 0.327344 0.522656 0.176563 0.507812
0 0.0316162 0.762891 0.0632324 0.177344
0 0.385156 0.332617 0.046875 0.127734
0 0.591797 0.615625 0.025 0.0453125
0 0.65498 0.546191 0.690039 0.593555
0 0.590234 0.621875 0.03125 0.065625
0 0.267578 0.560547 0.305469 0.583594
0 0.721094 0.126172 0.129688 0.0707031
0 0.553125 0.669531 0.103125 0.1625
0 0.671094 0.135742 0.05625 0.0800781
0 0.324023 0.772656 0.611328 0.44375
0 0.463184 0.714844 0.26582 0.203125
0 0.652734 0.440527 0.694531 0.631445
0 0.232031 0.991797 0.304688 0.0164063
0 0.386719 0.598828 0.15625 0.3
0 0.714063 0.135937 0.1125 0.0832031
0 0.697266 0.133691 0.0820312 0.0759766
0 0.702734 0.124414 0.0976562 0.0667969
0 0.417188 0.70625 0.385938 0.582812
0 0.582812 0.627344 0.04375 0.0796875
0 0.574219 0.773438 0.075 0.071875
0 0.4875 0.383984 0.0453125 0.0601563
0 0.661328 0.127051 0.0617188 0.0728516
0 0.73125 0.139648 0.146875 0.0953125
0 0.0387695 0.655859 0.0775391 0.391406
0 0.454297 0.51709 0.295312 0.489258
0 0.672266 0.116895 0.028125 0.0390625
0 0.35918 0.517578 0.112109 0.494531
0 0.395703 0.517969 0.183594 0.494531
0 0.669531 0.119434 0.0359375 0.0550781
0 0.672656 0.125488 0.0390625 0.0599609
0 0.0351074 0.792188 0.0696289 0.1125
0 0.383594 0.348047 0.0546875 0.158594
0 0.0309082 0.801562 0.0572266 0.0875
0 0.677344 0.120898 0.040625 0.0523438
0 0.0312988 0.823438 0.0494141 0.040625
0 0.0429688 0.783008 0.0859375 0.133984
0 0.0306152 0.825 0.0573242 0.05625
0 0.455078 0.639063 0.3 0.2625
0 0.663281 0.109473 0.053125 0.0818359
0 0.213281 0.556641 0.426563 0.597656
0 0.465234 0.675781 0.278906 0.175
0 0.0373047 0.759375 0.0746094 0.173438
0 0.679297 0.129297 0.05625 0.0691406
0 0.65 0.459766 0.7 0.746094
0 0.31543 0.516406 0.197266 0.492188
0 0.374805 0.550391 0.134766 0.389844
0 0.050293 0.664844 0.100586 0.359375
0 0.460547 0.719531 0.266406 0.2125
0 0.651953 0.523535 0.696094 0.55918
0 0.276758 0.529297 0.282422 0.517969
0 0.358398 0.458594 0.101953 0.382812
0 0.677344 0.118652 0.046875 0.0728516
0 0.592188 0.614062 0.025 0.0453125
0 0.522559 0.505078 0.442383 0.529688
0 0.0470703 0.726172 0.0941406 0.230469
0 0.0384766 0.835938 0.0769531 0.09375
0 0.685938 0.120117 0.0632813 0.0808594
0 0.313867 0.694141 0.627734 0.611719
0 0.0333984 0.734375 0.0667969 0.228125
0 0.589844 0.617188 0.0304688 0.0546875
0 0.0635254 0.649609 0.127051 0.408594
0 0.233594 0.991797 0.302344 0.0164063
0 0.0345703 0.826563 0.0691406 0.071875
0 0.029834 0.814063 0.059668 0.0671875
0 0.456152 0.716406 0.300195 0.28125
0 0.603906 0.520312 0.792188 0.925
0 0.583203 0.623438 0.0476562 0.078125
0 0.321484 0.559277 0.642969 0.618945
0 0.42334 0.705469 0.383008 0.58125
0 0.660547 0.121289 0.0625 0.0828125
0 0.671875 0.10752 0.046875 0.0806641
0 0.668359 0.140137 0.0648438 0.0986328
0 0.0390625 0.685938 0.078125 0.315625
0 0.455078 0.521875 0.299219 0.49375
0 0.411719 0.521094 0.214844 0.50625
0 0.369531 0.519531 0.129688 0.50625
0 0.674609 0.116602 0.0296875 0.0425781
0 0.675781 0.116602 0.0375 0.0583984
0 0.0385254 0.792969 0.0758789 0.117188
0 0.675391 0.125586 0.0398437 0.0609375
0 0.214453 0.550684 0.428906 0.626758
0 0.0314575 0.803906 0.0573975 0.0875
0 0.358984 0.478125 0.105469 0.41875
0 0.652734 0.455469 0.694531 0.757812
0 0.456934 0.633594 0.300195 0.276563
0 0.0479004 0.786719 0.0958008 0.1375
0 0.0391602 0.758594 0.0783203 0.182812
0 0.0319336 0.821875 0.052832 0.0453125
0 0.0327637 0.825 0.0623047 0.0625
0 0.678906 0.116699 0.0453125 0.0730469
0 0.0499023 0.683594 0.0998047 0.329688
0 0.383594 0.348047 0.05625 0.159375
0 0.667969 0.108618 0.053125 0.0851074
0 0.0583984 0.702344 0.116797 0.292188
0 0.679688 0.128516 0.0546875 0.0689453
0 0.687109 0.12998 0.0726563 0.0751953
0 0.6875 0.113501 0.0640625 0.0933105
0 0.469922 0.672656 0.282031 0.189063
0 0.047168 0.730469 0.0943359 0.234375
0 0.313672 0.693359 0.627344 0.613281
0 0.281689 0.533984 0.284277 0.538281
0 0.0355957 0.742969 0.0711914 0.215625
0 0.0368652 0.825781 0.0737305 0.0859375
0 0.6375 0.533594 0.664062 0.614062
0 0.607031 0.545313 0.785937 0.909375
0 0.338281 0.519922 0.1625 0.513281
0 0.121875 0.538281 0.24375 0.634375
0 0.0424805 0.833594 0.0849609 0.107813
0 0.357812 0.562891 0.096875 0.514844
0 0.0615234 0.651172 0.123047 0.405469
0 0.462402 0.717578 0.270508 0.196094
0 0.330859 0.559375 0.661719 0.632812
0 0.459375 0.71875 0.309375 0.517188
0 0.0332031 0.782031 0.0664062 0.146875
0 0.412402 0.703906 0.40957 0.592188
0 0.691016 0 0.140625 0
0 0.692187 0.10625 0.078125 0.117578
0 0.0212402 0.670703 0.0424805 0.360156
0 0.178711 0 0.144922 0
0 0.704688 0.130859 0.096875 0.0953125
0 0.453809 0.519922 0.300195 0.489063
0 0.675781 0.118555 0.0328125 0.0492188
0 0.0395996 0.792188 0.0766602 0.115625
0 0.670313 0.115234 0.040625 0.0640625
0 0.679688 0.117188 0.0421875 0.0617188
0 0.047168 0.786719 0.0943359 0.134375
0 0.0318848 0.80293 0.0572266 0.0878906
0 0.674219 0.124609 0.040625 0.0625
0 0.38291 0.347266 0.0560547 0.15625
0 0.0404297 0.763281 0.0808594 0.173438
0 0.649219 0.450391 0.701563 0.738281
0 0.212305 0.561035 0.424609 0.618555
0 0.0313599 0.815625 0.0554443 0.0609375
0 0.355273 0.481934 0.100391 0.425195
0 0.0585938 0.710547 0.117188 0.275781
0 0.453809 0.630078 0.30332 0.272656
0 0.665625 0.105884 0.0546875 0.0839356
0 0.6875 0.12666 0.0640625 0.0744141
0 0.0477539 0.730469 0.0955078 0.235938
0 0.688281 0.110742 0.0625 0.0914062
0 0.0358643 0.749609 0.0717285 0.202344
0 0.0352051 0.824219 0.0671875 0.071875
0 0.0410645 0.825 0.0821289 0.101562
0 0.31875 0.566016 0.6375 0.616406
0 0.675781 0.105273 0.0515625 0.08125
0 0.0609375 0.655859 0.121875 0.397656
0 0.0418945 0.66875 0.0837891 0.3625
0 0.671484 0.126465 0.0507812 0.0736328
0 0.647266 0.535156 0.692969 0.554688
0 0.39375 0.519922 0.182812 0.510156
0 0.0439453 0.807813 0.0878906 0.0921875
0 0.311719 0.697656 0.623438 0.604688
0 0.704297 0.130371 0.0953125 0.0978516
0 0.114844 0.574316 0.229687 0.573242
0 0.0333984 0.780469 0.0667969 0.146875
0 0.478125 0.673438 0.264062 0.171875
0 0.546875 0.673438 0.123438 0.173438
0 0.669531 0.107129 0.078125 0.123242
0 0.673438 0.137891 0.0703125 0.111719
0 0.0640625 0.744922 0.128125 0.210156
0 0.455078 0.515527 0.296875 0.49082
0 0.674609 0.117969 0.0289063 0.0449219
0 0.0369995 0.795313 0.0687744 0.10625
0 0.383203 0.345898 0.0539063 0.151953
0 0.0458496 0.789062 0.0916992 0.128125
0 0.032666 0.802344 0.0575195 0.0875
0 0.680469 0.119922 0.0390625 0.0605469
0 0.675781 0.116016 0.0382813 0.059375
0 0.674219 0.126465 0.0390625 0.0607422
0 0.0388184 0.757812 0.0776367 0.182812
0 0.354102 0.482812 0.0980469 0.426563
0 0.453906 0.639844 0.302344 0.251563
0 0.046875 0.724219 0.09375 0.246875
0 0.0575684 0.705859 0.11377 0.285156
0 0.0319336 0.815625 0.0554687 0.0609375
0 0.688281 0.12793 0.0578125 0.071875
0 0.0353027 0.825781 0.0650391 0.0703125
0 0.0599609 0.651563 0.117383 0.407813
0 0.0351807 0.74375 0.0703613 0.214062
0 0.340039 0.532031 0.0699219 0.2
0 0.471094 0.671094 0.273438 0.175781
0 0.0401855 0.663672 0.0803711 0.372656
0 0.665625 0.108813 0.0578125 0.0847168
0 0.0396484 0.826563 0.0792969 0.096875
0 0.0358521 0.814063 0.068335 0.075
0 0.68125 0.132812 0.053125 0.075
0 0.211523 0.5625 0.423047 0.610938
0 0.642578 0.544141 0.649219 0.582031
0 0.676172 0.105176 0.0523438 0.0833984
0 0.551953 0.675 0.111719 0.172656
0 0.671094 0.129004 0.0484375 0.0708984
0 0.310937 0.698047 0.621875 0.603906
0 0.0435547 0.807617 0.0859375 0.0910156
0 0.150977 0.561328 0.291016 0.599219
0 0.460547 0.703125 0.261719 0.129688
0 0.384766 0.350391 0.0679687 0.175781
0 0.0475586 0.54375 0.0917969 0.173438
0 0.690625 0.10647 0.0664062 0.108154
0 0.0335938 0.774219 0.0671875 0.173438
0 0.305859 0.564844 0.611719 0.615625
0 0.698828 0.130469 0.0789063 0.0925781
0 0.453906 0.723437 0.246875 0.2
0 0.572656 0.650781 0.0789063 0.132812
0 0.422266 0.716406 0.38125 0.567187
0 0.51416 0.519922 0.410742 0.510156
0 0.383594 0.520703 0.1625 0.511719
0 0.498437 0.390723 0.0304688 0.0435547
0 0.610156 0.550391 0.779688 0.827344
0 0.104785 0.625391 0.20957 0.475781
0 0.0629395 0.621191 0.125879 0.50293
0 0.332813 0.536719 0.0601563 0.170313
0 0.212305 0.998438 0.185547 0.003125
0 0.453906 0.517188 0.300781 0.496875
0 0.673438 0.120117 0.03125 0.0511719
0 0.0375 0.796094 0.0709961 0.109375
0 0.385059 0.516309 0.16582 0.504883
0 0.354492 0.481641 0.101953 0.425781
0 0.672656 0.126367 0.0398437 0.0632813
0 0.672266 0.11377 0.0382813 0.0642578
0 0.678125 0.119336 0.040625 0.0683594
0 0.0457886 0.789062 0.0908447 0.129688
0 0.382031 0.345703 0.0554687 0.151562
0 0.0322388 0.803906 0.05896 0.0875
0 0.453223 0.635938 0.30293 0.26875
0 0.0370117 0.773438 0.0732422 0.15625
0 0.0459961 0.661328 0.0919922 0.380469
0 0.0315918 0.817187 0.05625 0.0625
0 0.0445313 0.719141 0.0890625 0.264844
0 0.688281 0.129102 0.0648438 0.0746094
0 0.0340942 0.826563 0.0626709 0.071875
0 0.662109 0.108569 0.0609375 0.0844238
0 0.0324341 0.823438 0.0509521 0.0453125
0 0.688281 0.111035 0.0617188 0.102539
0 0.358203 0.520312 0.125 0.509375
0 0.0390625 0.828125 0.078125 0.104688
0 0.467578 0.676562 0.274219 0.174219
0 0.679688 0.132422 0.053125 0.0765625
0 0.214648 0.562109 0.429297 0.611719
0 0.672656 0.104297 0.053125 0.0841797
0 0.0353516 0.735156 0.0707031 0.242188
0 0.309375 0.678516 0.61875 0.625781
0 0.45791 0.708984 0.257617 0.144531
0 0.0378906 0.697266 0.0757812 0.311719
0 0.323047 0.567969 0.646094 0.623438
0 0.339063 0.532422 0.071875 0.205469
0 0.453516 0.728125 0.244531 0.2125
0 0.554688 0.675781 0.10625 0.175
0 0.59375 0.614844 0.025 0.046875
0 0.700391 0.129688 0.0828125 0.09375
0 0.0369629 0.646094 0.0739258 0.453125
0 0.425 0.709766 0.375 0.580469
0 0.69375 0.102637 0.0765625 0.120898
0 0.45459 0.71875 0.308008 0.503125
0 0.0649414 0.685547 0.126953 0.336719
0 0.0440308 0.807617 0.0828369 0.0941406
0 0.572656 0.65 0.078125 0.1375
0 0.034082 0.776758 0.0681641 0.190234
0 0.590234 0.620313 0.0328125 0.0609375
0 0.652344 0.581348 0.695312 0.65293
0 0.0402344 0.535547 0.0775391 0.169531
0 0.497656 0.391309 0.0296875 0.0439453
0 0.454785 0.7 0.304492 0.275
0 0.361328 0.537891 0.233594 0.555469
0 0.0516113 0.842969 0.103223 0.139063
0 0.0553223 0.615234 0.110645 0.547656
0 0.350391 0.566797 0.090625 0.541406
0 0.0524414 0.543359 0.104883 0.182031
0 0.660937 0.120508 0.0671875 0.0820312
0 0.68125 0.100171 0.0625 0.098877
0 0.583984 0.634375 0.0476562 0.090625
0 0.330469 0.520312 0.176563 0.5125
0 0.494531 0.389844 0.0351562 0.0554687
0 0.0314697 0.814844 0.0629395 0.078125
0 0.357031 0.5625 0.103125 0.375781
0 0.453906 0.518848 0.302344 0.491992
0 0.672266 0.120801 0.0304688 0.0525391
0 0.373047 0.519141 0.14375 0.497656
0 0.036145 0.796094 0.0691162 0.107813
0 0.35625 0.478125 0.107031 0.415625
0 0.672656 0.125586 0.0390625 0.0628906
0 0.669141 0.119043 0.0398437 0.0591797
0 0.381934 0.343555 0.0533203 0.148047
0 0.0447144 0.789062 0.0886963 0.129688
0 0.0319824 0.803906 0.0591797 0.0859375
0 0.454004 0.627344 0.30293 0.2875
0 0.678125 0.12666 0.04375 0.0695313
0 0.0375488 0.772656 0.0727539 0.157813
0 0.689453 0.129492 0.06875 0.0742188
0 0.0555176 0.696094 0.109082 0.309375
0 0.0452148 0.720313 0.0904297 0.260938
0 0.214453 0.559375 0.428906 0.603125
0 0.0313477 0.815625 0.0561523 0.0625
0 0.467187 0.676953 0.276563 0.169531
0 0.677344 0.114819 0.046875 0.0828613
0 0.689063 0.113379 0.065625 0.105664
0 0.660937 0.109668 0.0640625 0.0824219
0 0.0318237 0.822656 0.05354 0.0453125
0 0.0334473 0.826563 0.0619141 0.071875
0 0.590625 0.61875 0.03125 0.0578125
0 0.59375 0.613281 0.0234375 0.0421875
0 0.339453 0.521484 0.166406 0.510156
0 0.0388184 0.828906 0.0776367 0.103125
0 0.458594 0.700781 0.257031 0.144531
0 0.651563 0.579297 0.696875 0.650781
0 0.0459473 0.633203 0.090332 0.447656
0 0.258008 0.532129 0.328516 0.529492
0 0.312305 0.564844 0.622266 0.620313
0 0.310156 0.670996 0.620313 0.629883
0 0.035498 0.727344 0.0709961 0.254688
0 0.0365234 0.535156 0.0706055 0.165625
0 0.453516 0.724219 0.244531 0.207813
0 0.702344 0.130957 0.0875 0.0923828
0 0.573438 0.644531 0.078125 0.126563
0 0.0377441 0.658984 0.0754883 0.386719
0 0.585156 0.628125 0.0453125 0.0796875
0 0.671094 0.104126 0.0546875 0.0839356
0 0.553906 0.675391 0.109375 0.172656
0 0.693359 0.10459 0.08125 0.125195
0 0.0239258 0.603906 0.0307617 0.065625
0 0.418359 0.706641 0.391406 0.586719
0 0.0446167 0.808594 0.0838135 0.0953125
0 0.0484375 0.532813 0.096875 0.173438
0 0.35293 0.557422 0.0957031 0.513281
0 0.551172 0.529297 0.491406 0.536719
0 0.0208496 0.599609 0.0244141 0.0570313
0 0.584375 0.637891 0.0578125 0.1125
0 0.498437 0.392969 0.028125 0.0453125
0 0.455078 0.699219 0.304688 0.301563
0 0.45459 0.51709 0.298633 0.487695
0 0.365234 0.519141 0.125 0.495313
0 0.672656 0.120801 0.0296875 0.0519531
0 0.357617 0.475684 0.105078 0.411133
0 0.0354492 0.795313 0.0693359 0.110937
0 0.383984 0.339258 0.0539063 0.143359
0 0.675 0.125977 0.0382813 0.0646484
0 0.0315308 0.803906 0.0586182 0.0859375
0 0.400391 0.519531 0.192969 0.498437
0 0.0442261 0.788281 0.0881104 0.132812
0 0.213867 0.560547 0.426953 0.605469
0 0.453906 0.626563 0.3 0.28125
0 0.669531 0.120508 0.0390625 0.0578125
0 0.468359 0.667969 0.276563 0.176563
0 0.0390625 0.757031 0.0757812 0.189063
0 0.68125 0.127832 0.053125 0.0712891
0 0.691406 0.129004 0.071875 0.0759766
0 0.0556641 0.7 0.108203 0.303125
0 0.0444824 0.724219 0.0889648 0.251563
0 0.0307617 0.81875 0.0546875 0.05625
0 0.692969 0.115015 0.0742188 0.107471
0 0.308984 0.564746 0.611719 0.614258
0 0.59375 0.613281 0.0234375 0.040625
0 0.678125 0.117578 0.05 0.0867188
0 0.385547 0.348438 0.0679687 0.16875
0 0.591406 0.620313 0.0296875 0.059375
0 0.354883 0.550098 0.0957031 0.488867
0 0.338672 0.522266 0.164844 0.508594
0 0.260547 0.534473 0.317969 0.531055
0 0.0318237 0.823438 0.0484619 0.040625
0 0.0351807 0.7375 0.0703613 0.234375
0 0.0465942 0.631641 0.0894287 0.447656
0 0.586719 0.627344 0.0421875 0.0789063
0 0.578125 0.639844 0.0640625 0.104688
0 0.309766 0.703906 0.61875 0.592188
0 0.704688 0.131348 0.0929688 0.0951172
0 0.0370605 0.535156 0.0722656 0.160938
0 0.0368652 0.83125 0.0737305 0.09375
0 0.566406 0.649219 0.0851563 0.125
0 0.375391 0.448535 0.126563 0.362305
0 0.660547 0.11123 0.0664062 0.0833984
0 0.553906 0.674219 0.104688 0.171875
0 0.629687 0.5875 0.65 0.671875
0 0.0234131 0.602344 0.0284668 0.05625
0 0.037793 0.661719 0.0755859 0.38125
0 0.602734 0.582812 0.794531 0.796875
0 0.697656 0.104688 0.0929688 0.129492
0 0.395215 0.334766 0.0720703 0.142969
0 0.458691 0.714063 0.257617 0.182812
0 0.0203857 0.598828 0.0229004 0.0492188
0 0.048291 0.533594 0.096582 0.16875
0 0.338867 0.534375 0.0714844 0.207813
0 0.361328 0.5625 0.110156 0.371875
0 0.0485352 0.600781 0.0818359 0.071875
0 0.574219 0.668359 0.0609375 0.155469
0 0.452441 0.522656 0.299805 0.496875
0 0.39834 0.520703 0.189258 0.503125
0 0.672656 0.119336 0.0265625 0.0429688
0 0.673438 0.123047 0.03125 0.0539063
0 0.355273 0.490723 0.101172 0.52793
0 0.0356445 0.795313 0.0708984 0.110937
0 0.385059 0.340234 0.0564453 0.145313
0 0.359375 0.457422 0.107031 0.378906
0 0.451172 0.609766 0.304688 0.333594
0 0.0389526 0.760156 0.0773682 0.182812
0 0.0318481 0.80293 0.0595459 0.0847656
0 0.213672 0.565234 0.427344 0.605469
0 0.0435669 0.787695 0.086499 0.133984
0 0.678906 0.127344 0.040625 0.0683594
0 0.0437988 0.735156 0.0875977 0.23125
0 0.0562012 0.688672 0.109668 0.328906
0 0.689844 0.130078 0.0671875 0.0726563
0 0.467187 0.665625 0.278906 0.179688
0 0.0311035 0.820312 0.0553711 0.0515625
0 0.0491699 0.630469 0.0950195 0.448438
0 0.451953 0.692969 0.305469 0.278125
0 0.0400513 0.547266 0.0781006 0.171094
0 0.0387695 0.6625 0.0775391 0.38125
0 0.3375 0.528125 0.169531 0.523438
0 0.46084 0.704688 0.267383 0.221875
0 0.59375 0.613281 0.025 0.0421875
0 0.310547 0.702344 0.617969 0.595313
0 0.578125 0.639844 0.0625 0.103125
0 0.0233154 0.601953 0.0275879 0.053125
0 0.0520508 0.601562 0.0880859 0.0703125
0 0.55625 0.676562 0.0984375 0.176563
0 0.507422 0.671875 0.196094 0.16875
0 0.341016 0.474219 0.151562 0.409375
0 0.591406 0.620313 0.0296875 0.059375
0 0.565625 0.648438 0.0828125 0.122656
0 0.678125 0.122559 0.05 0.0832031
0 0.372461 0.550781 0.132422 0.39375
0 0.582031 0.63125 0.05 0.084375
0 0.0309082 0.538281 0.0581055 0.171875
0 0.451953 0.714063 0.308594 0.401563
0 0.37959 0.357617 0.0548828 0.180859
0 0.703906 0.133398 0.0890625 0.0910156
0 0.63916 0.613184 0.673242 0.72207
0 0.0385742 0.836719 0.0761719 0.090625
0 0.587891 0.636719 0.0492188 0.109375
0 0.0201172 0.597656 0.0219727 0.0453125
0 0.0353027 0.603906 0.0512695 0.065625
0 0.498437 0.391797 0.028125 0.0421875
0 0.6625 0.115234 0.065625 0.0808594
0 0.453516 0.519922 0.297656 0.488281
0 0.672656 0.116797 0.0257812 0.0386719
0 0.405469 0.51875 0.203125 0.497656
0 0.673047 0.119922 0.0296875 0.0484375
0 0.356055 0.490234 0.0972656 0.530469
0 0.0348633 0.795508 0.0685547 0.108984
0 0.674609 0.126563 0.0359375 0.0605469
0 0.032019 0.802344 0.0586182 0.084375
0 0.452344 0.633203 0.303906 0.282031
0 0.385156 0.342773 0.0554687 0.150391
0 0.359961 0.457715 0.101953 0.381445
0 0.0397461 0.760547 0.0755859 0.174219
0 0.0438477 0.784375 0.0851563 0.148438
0 0.0560547 0.684766 0.108984 0.328906
0 0.0463379 0.726172 0.0926758 0.238281
0 0.213281 0.563965 0.426563 0.60332
0 0.0311523 0.821875 0.0537109 0.04375
0 0.680859 0.129102 0.0515625 0.0675781
0 0.467871 0.666406 0.276758 0.176563
0 0.0518066 0.631641 0.0993164 0.446094
0 0.453516 0.707812 0.303906 0.257812
0 0.373047 0.549121 0.132812 0.393945
0 0.332813 0.525391 0.178125 0.521094
0 0.688281 0.130469 0.0625 0.075
0 0.0408203 0.547656 0.0798828 0.173438
0 0.0396973 0.660937 0.0793945 0.376563
0 0.557422 0.673438 0.0953125 0.170313
0 0.497266 0.390625 0.0289063 0.0414063
0 0.0344238 0.739062 0.0688477 0.21875
0 0.59375 0.612891 0.0265625 0.0445313
0 0.310742 0.705078 0.621484 0.589844
0 0.503906 0.670313 0.201563 0.16875
0 0.0530762 0.6 0.0895508 0.06875
0 0.656641 0.602246 0.683594 0.700195
0 0.365625 0.394141 0.0914062 0.257031
0 0.265234 0.538184 0.307813 0.545508
0 0.453516 0.727344 0.247656 0.228125
0 0.338281 0.454004 0.151562 0.366992
0 0.0319336 0.539062 0.0609375 0.171875
0 0.0235107 0.6 0.0272949 0.053125
0 0.339258 0.534766 0.0730469 0.208594
0 0.577344 0.648438 0.0632813 0.121875
0 0.461328 0.696094 0.267188 0.189063
0 0.428516 0.717969 0.367188 0.542188
0 0.0374512 0.8375 0.0728516 0.078125
0 0.454004 0.516406 0.29668 0.49375
0 0.400098 0.51709 0.191992 0.504883
0 0.672656 0.11875 0.03125 0.053125
0 0.360547 0.51709 0.117188 0.506445
0 0.675 0.125 0.0390625 0.0662109
0 0.0355957 0.795313 0.0708008 0.110937
0 0.0317383 0.803125 0.0605469 0.0859375
0 0.680078 0.126953 0.053125 0.0730469
0 0.360156 0.453809 0.105469 0.386133
0 0.0379395 0.758594 0.0708008 0.179688
0 0.453516 0.625 0.302344 0.3
0 0.0434692 0.784375 0.0847412 0.154688
0 0.0425293 0.732813 0.0821289 0.229687
0 0.383594 0.34082 0.0609375 0.150391
0 0.052832 0.673828 0.10293 0.350781
0 0.0313355 0.817187 0.0562744 0.05625
0 0.212891 0.560938 0.425781 0.60625
0 0.313281 0.7 0.617188 0.6
0 0.333398 0.521875 0.178516 0.523438
0 0.670313 0.11582 0.0507812 0.0730469
0 0.685938 0.125586 0.0632813 0.0863281
0 0.0472656 0.627344 0.0914062 0.457813
0 0.36582 0.38916 0.0933594 0.25293
0 0.454688 0.714453 0.302344 0.274219
0 0.555859 0.671484 0.102344 0.174219
0 0.414453 0.718359 0.396875 0.563281
0 0.0379883 0.538281 0.0753906 0.1625
0 0.0380859 0.658984 0.0761719 0.380469
0 0.285938 0.533594 0.26875 0.545313
0 0.454785 0.728516 0.306055 0.416406
0 0.337109 0.456641 0.15625 0.385156
0 0.0322754 0.781445 0.0612305 0.146484
0 0.571484 0.665625 0.0679687 0.159375
0 0.036084 0.825781 0.072168 0.0953125
0 0.385938 0.533594 0.298438 0.545313
0 0.467969 0.662109 0.278906 0.1875
0 0.0484375 0.546094 0.096875 0.185938
0 0.374023 0.547656 0.137109 0.4
0 0.45166 0.726562 0.248242 0.228125
0 0.453809 0.516406 0.292383 0.489063
0 0.377344 0.519531 0.148438 0.503125
0 0.672266 0.118457 0.028125 0.046875
0 0.674219 0.126465 0.0375 0.0630859
0 0.355664 0.490625 0.105859 0.536719
0 0.0350586 0.795313 0.0678711 0.10625
0 0.35918 0.452344 0.105859 0.373437
0 0.0372559 0.754297 0.0696289 0.185156
0 0.0431641 0.782813 0.0837891 0.15
0 0.679688 0.128516 0.05 0.0695313
0 0.380566 0.343945 0.0576172 0.150391
0 0.030957 0.803906 0.0580078 0.0859375
0 0.453027 0.642188 0.298633 0.264062
0 0.0416992 0.728906 0.0806641 0.234375
0 0.332813 0.525391 0.171094 0.521094
0 0.212109 0.563965 0.424219 0.606445
0 0.0448242 0.651172 0.0878906 0.389844
0 0.0312012 0.81875 0.0546875 0.0515625
0 0.0355469 0.538672 0.0701172 0.152344
0 0.686719 0.129883 0.0632813 0.078125
0 0.364453 0.384766 0.09375 0.235938
0 0.312109 0.7 0.619531 0.6
0 0.669922 0.118164 0.0539063 0.075
0 0.553906 0.672656 0.103906 0.169531
0 0.370313 0.546484 0.129688 0.401563
0 0.291602 0.535156 0.255078 0.540625
0 0.0369141 0.694141 0.0738281 0.305469
0 0.366406 0.539844 0.238281 0.553125
0 0.422656 0.722656 0.377344 0.554688
0 0.0325684 0.779492 0.0604492 0.141016
0 0.0464355 0.54375 0.0928711 0.175
0 0.457129 0.723437 0.26543 0.215625
0 0.466797 0.664453 0.275781 0.179688
0 0.366797 0.347656 0.0882813 0.157813
0 0.571875 0.667188 0.0640625 0.154688
0 0.698438 0.133594 0.0796875 0.0824219
0 0.453516 0.745313 0.304688 0.417188
0 0.0374023 0.834375 0.0736328 0.09375
0 0.0266602 0.541016 0.0485352 0.160156
0 0.452344 0.518652 0.290625 0.49082
0 0.391016 0.520996 0.175781 0.50332
0 0.672656 0.117773 0.028125 0.0441406
0 0.358203 0.524219 0.117188 0.507812
0 0.674219 0.126563 0.0367188 0.0621094
0 0.0362427 0.796094 0.0689209 0.107813
0 0.671094 0.120703 0.0359375 0.0558594
0 0.0325073 0.803125 0.0586182 0.0859375
0 0.043457 0.783594 0.0841797 0.151562
0 0.0381836 0.753125 0.0720703 0.189063
0 0.358594 0.450781 0.108594 0.367188
0 0.679688 0.129102 0.0515625 0.0691406
0 0.213281 0.564844 0.426563 0.607813
0 0.380078 0.343945 0.0570313 0.148828
0 0.332813 0.526172 0.171094 0.522656
0 0.0342773 0.776563 0.0642578 0.142188
0 0.453125 0.636328 0.296875 0.278906
0 0.0437988 0.717969 0.0862305 0.257812
0 0.0312988 0.821094 0.0541992 0.0484375
0 0.0299805 0.542969 0.0571289 0.157031
0 0.0450317 0.652344 0.0888428 0.392188
0 0.311719 0.698047 0.621094 0.603906
0 0.285156 0.534766 0.265625 0.539844
0 0.687109 0.130957 0.0632813 0.0779297
0 0.363672 0.383984 0.0960938 0.234375
0 0.671094 0.119336 0.0515625 0.0730469
0 0.369531 0.544629 0.28125 0.560742
0 0.552344 0.674219 0.10625 0.169531
0 0.477246 0.673438 0.258008 0.16875
0 0.647266 0.589453 0.705469 0.680469
0 0.0421387 0.535156 0.0842773 0.167187
0 0.0312012 0.815625 0.0605469 0.0640625
0 0.456934 0.726953 0.261133 0.213281
0 0.392578 0.717188 0.438281 0.565625
0 0.0375 0.835938 0.0731445 0.09375
0 0.0345459 0.636328 0.0690918 0.442969
0 0.366406 0.347461 0.0890625 0.156641
0 0.7 0.135547 0.0828125 0.084375
0 0.448535 0.521191 0.295117 0.501367
0 0.673047 0.119824 0.0304688 0.0460938
0 0.366016 0.522656 0.129688 0.510938
0 0.674219 0.126758 0.0390625 0.0640625
0 0.671484 0.119238 0.0367188 0.0568359
0 0.0414185 0.787305 0.0804443 0.141016
0 0.0345215 0.79668 0.0631836 0.109766
0 0.680469 0.12959 0.053125 0.0716797
0 0.213281 0.550781 0.426563 0.579688
0 0.319727 0.693359 0.623047 0.613281
0 0.0385742 0.756641 0.0736328 0.185156
0 0.380078 0.34375 0.0585938 0.15
0 0.671094 0.118066 0.05 0.0730469
0 0.0321167 0.820312 0.0574463 0.053125
0 0.358203 0.452441 0.1125 0.374805
0 0.452441 0.617578 0.299805 0.353906
0 0.687891 0.131641 0.0664062 0.0820312
0 0.0302246 0.54375 0.0573242 0.154688
0 0.0325195 0.807813 0.0578125 0.08125
0 0.300781 0.564941 0.6 0.607617
0 0.270313 0.534277 0.301563 0.542383
0 0.0442383 0.725 0.0876953 0.248438
0 0.0451172 0.655859 0.0896484 0.388281
0 0.0321777 0.824219 0.0501953 0.0421875
0 0.335938 0.524902 0.174219 0.523633
0 0.0371094 0.8375 0.0724609 0.096875
0 0.633594 0.595313 0.6875 0.690625
0 0.453125 0.703125 0.299219 0.309375
0 0.451562 0.713672 0.303906 0.477344
0 0.32793 0.785547 0.643359 0.428906
0 0.551562 0.674609 0.110937 0.177344
0 0.457031 0.731641 0.2625 0.217969
0 0.482812 0.675391 0.248438 0.178906
0 0.361914 0.38125 0.101953 0.233594
0 0.702344 0.135547 0.0921875 0.0953125
0 0.032666 0.773828 0.059668 0.171094
0 0.0699707 0.065625 0.0241211 0.0375
0 0.5375 0.562402 0.469531 0.60957
0 0.416016 0.716016 0.429688 0.567969
0 0.446875 0.518652 0.2875 0.493945
0 0.672656 0.116016 0.028125 0.0410156
0 0.375879 0.519141 0.148242 0.5
0 0.675 0.126367 0.0375 0.0632813
0 0.671094 0.12041 0.0375 0.0521484
0 0.357031 0.486328 0.111719 0.530469
0 0.0362793 0.796875 0.0674805 0.107813
0 0.0410278 0.786719 0.0788818 0.1375
0 0.381348 0.344531 0.0560547 0.152344
0 0.033252 0.80332 0.0573242 0.0871094
0 0.453125 0.647656 0.296875 0.254688
0 0.313867 0.696484 0.598828 0.607031
0 0.680859 0.129297 0.053125 0.0707031
0 0.0320801 0.821875 0.0558594 0.046875
0 0.671875 0.11748 0.0484375 0.0697266
0 0.214258 0.564844 0.428516 0.601562
0 0.030481 0.544531 0.0566162 0.153906
0 0.0373901 0.758594 0.0699463 0.178125
0 0.358398 0.455566 0.110547 0.379492
0 0.688281 0.131543 0.065625 0.0818359
0 0.0312988 0.815625 0.0602539 0.0625
0 0.0419434 0.736328 0.0811523 0.222656
0 0.59375 0.612891 0.025 0.04375
0 0.0352051 0.836719 0.0677734 0.0875
0 0.044043 0.654688 0.0869141 0.3875
0 0.468359 0.673438 0.275781 0.178125
0 0.332227 0.838281 0.635547 0.323438
0 0.296875 0.523438 0.248438 0.517188
0 0.397266 0.719922 0.421875 0.560156
0 0.456152 0.728906 0.25957 0.20625
0 0.576563 0.653906 0.0648438 0.13125
0 0.703906 0.138184 0.0921875 0.0912109
0 0.553125 0.667188 0.101562 0.159375
0 0.337109 0.519922 0.174219 0.510156
0 0.583984 0.632031 0.0429688 0.0859375
0 0.505859 0.671484 0.197656 0.172656
0 0.0567383 1 0.103711 0
0 0.17998 0.991016 0.359961 0.0179687
0 0.0700195 0.0660645 0.0232422 0.0348633
0 0.179883 0.942187 0.359766 0.084375
0 0.323828 0.908594 0.6375 0.18125
0 0.0708008 0.994141 0.138867 0.0117188
0 0.448047 0.516406 0.292969 0.497656
0 0.672656 0.116113 0.028125 0.040625
0 0.380469 0.515527 0.159375 0.500195
0 0.675 0.125781 0.0375 0.0625
0 0.674219 0.118359 0.0328125 0.0554687
0 0.0359375 0.79707 0.0662109 0.108984
0 0.0409058 0.785742 0.0779541 0.137891
0 0.0334961 0.802344 0.0572266 0.0875
0 0.357422 0.488281 0.110937 0.53125
0 0.382422 0.344531 0.0546875 0.154688
0 0.313281 0.696484 0.6 0.607031
0 0.680859 0.128516 0.0523438 0.0699219
0 0.0319458 0.821875 0.055249 0.04375
0 0.453906 0.64375 0.297656 0.253125
0 0.672656 0.117578 0.0484375 0.0707031
0 0.213672 0.566504 0.427344 0.60918
0 0.6875 0.131055 0.0640625 0.08125
0 0.0306519 0.54375 0.0560791 0.160938
0 0.0377075 0.759375 0.0700928 0.176563
0 0.0312012 0.814063 0.0600586 0.0625
0 0.593359 0.6125 0.0257812 0.04375
0 0.358594 0.453906 0.110156 0.378125
0 0.0423828 0.7375 0.0810547 0.220313
0 0.0349487 0.835938 0.0670166 0.0875
0 0.703125 0.136621 0.0898438 0.0888672
0 0.304688 0.564063 0.603125 0.60625
0 0.332031 0.832031 0.635938 0.335938
0 0.396094 0.719922 0.425781 0.560156
0 0.298779 0.517969 0.247754 0.510938
0 0.0448242 0.657422 0.0869141 0.382031
0 0.488379 0.673047 0.24043 0.172656
0 0.18252 0.990625 0.365039 0.01875
0 0.204102 0.94375 0.296875 0.0890625
0 0.0571289 1 0.105664 0
0 0.456152 0.725 0.25957 0.204688
0 0.576563 0.652734 0.065625 0.13125
0 0.0713867 0.994141 0.138867 0.0117188
0 0.552344 0.667188 0.103125 0.160938
0 0.323633 0.910156 0.636328 0.179688
0 0.3375 0.516406 0.176563 0.509375
0 0.107031 0.991406 0.214062 0.0171875
0 0.447656 0.517578 0.298438 0.502344
0 0.673047 0.119141 0.03125 0.05
0 0.389941 0.517578 0.19043 0.507031
0 0.675391 0.12627 0.0398437 0.0642578
0 0.68125 0.128906 0.0546875 0.071875
0 0.0360352 0.795313 0.0667969 0.114063
0 0.040332 0.786719 0.0767578 0.142188
0 0.313281 0.694922 0.601562 0.610156
0 0.0335938 0.802344 0.0574219 0.0890625
0 0.0309082 0.825 0.0546875 0.05
0 0.353516 0.516797 0.142969 0.5
0 0.214062 0.56875 0.428125 0.614062
0 0.671875 0.118555 0.0507812 0.0746094
0 0.686719 0.128223 0.0640625 0.0869141
0 0.0377441 0.760156 0.0706055 0.178125
0 0.0307739 0.542969 0.0566162 0.165625
0 0.381348 0.344141 0.0560547 0.154688
0 0.0310059 0.817187 0.0597656 0.059375
0 0.454004 0.642578 0.298242 0.266406
0 0.0351562 0.834375 0.0683594 0.090625
0 0.701563 0.136133 0.0867188 0.0882813
0 0.358203 0.47334 0.110156 0.414258
0 0.315234 0.566309 0.630469 0.611133
0 0.0425659 0.738281 0.0818604 0.221875
0 0.391016 0.711328 0.436719 0.577344
0 0.292578 0.520312 0.260156 0.515625
0 0.0456177 0.662891 0.0886475 0.375781
0 0.333984 0.82207 0.638281 0.355859
0 0.179395 0.94375 0.358789 0.0875
0 0.467871 0.673047 0.27832 0.18125
0 0.455859 0.725781 0.2625 0.2125
0 0.179297 0.991406 0.358594 0.0171875
0 0.239063 0.946094 0.232031 0.0953125
0 0.592969 0.613281 0.0265625 0.0453125
0 0.448535 0.517969 0.29668 0.501563
0 0.672656 0.119824 0.03125 0.0498047
0 0.675 0.126563 0.0390625 0.0636719
0 0.389062 0.519531 0.180469 0.507812
0 0.0351562 0.795117 0.0646484 0.112891
0 0.0397339 0.786133 0.0752197 0.140234
0 0.68125 0.128906 0.0539063 0.0707031
0 0.314648 0.696094 0.597266 0.607813
0 0.0335938 0.801562 0.0566406 0.0890625
0 0.0317383 0.823438 0.0543945 0.0421875
0 0.355664 0.510938 0.106641 0.539062
0 0.215234 0.569141 0.430469 0.611719
0 0.0380981 0.760547 0.0710693 0.177344
0 0.454297 0.641797 0.296094 0.277344
0 0.686719 0.128613 0.0640625 0.0849609
0 0.671484 0.118945 0.0507812 0.0746094
0 0.0309692 0.817187 0.0591553 0.0578125
0 0.0307495 0.540625 0.0560791 0.170313
0 0.382031 0.344531 0.0539063 0.155469
0 0.0351685 0.834375 0.068335 0.090625
0 0.0436035 0.737109 0.0834961 0.224219
0 0.700781 0.135449 0.084375 0.0861328
0 0.357812 0.452734 0.107813 0.374219
0 0.315625 0.567969 0.625781 0.610938
0 0.40625 0.711328 0.403125 0.577344
0 0.330664 0.816406 0.626953 0.365625
0 0.456152 0.727734 0.262695 0.221094
0 0.467578 0.674219 0.278125 0.182812
0 0.0474121 0.665234 0.0918945 0.369531
0 0.205469 0.94375 0.294531 0.0875
0 0.293408 0.522559 0.258496 0.517383
0 0.56875 0.600684 0.565625 0.69082
0 0.448047 0.517578 0.29375 0.499219
0 0.673438 0.119531 0.03125 0.0488281
0 0.379297 0.519629 0.158594 0.507617
0 0.675781 0.126563 0.040625 0.0634766
0 0.0350098 0.795313 0.0641602 0.110937
0 0.0402344 0.785742 0.0761719 0.137891
0 0.68125 0.128711 0.0546875 0.0699219
0 0.0335815 0.801562 0.0562744 0.0875
0 0.313867 0.697656 0.595703 0.604688
0 0.355859 0.510156 0.107031 0.539062
0 0.0318359 0.823438 0.0541016 0.040625
0 0.455078 0.641406 0.294531 0.260938
0 0.686719 0.128125 0.0640625 0.084375
0 0.671094 0.117773 0.05 0.0734375
0 0.214648 0.568848 0.429297 0.60918
0 0.0318848 0.825 0.0564453 0.05625
0 0.358203 0.455469 0.107813 0.378125
0 0.0441406 0.737109 0.0855469 0.222656
0 0.382422 0.345117 0.0539063 0.155859
0 0.455859 0.728906 0.263281 0.209375
0 0.700781 0.135449 0.0859375 0.0873047
0 0.0359375 0.832812 0.0696289 0.090625
0 0.467187 0.674219 0.278125 0.178125
0 0.0311035 0.540234 0.0567383 0.174219
0 0.33125 0.821875 0.627344 0.353125
0 0.048291 0.675781 0.094043 0.345313
0 0.312109 0.567578 0.611719 0.608594
0 0.298438 0.521094 0.246094 0.514063
0 0.409766 0.717188 0.394531 0.565625
0 0.579004 0.580469 0.570117 0.648438
0 0.0367188 0.764844 0.0664062 0.201563
0 0.446875 0.51709 0.29375 0.501758
0 0.673438 0.119141 0.0328125 0.0496094
0 0.374414 0.519141 0.151172 0.510156
0 0.676562 0.126563 0.0421875 0.0644531
0 0.0354492 0.795313 0.065625 0.1125
0 0.68125 0.128613 0.0554687 0.0712891
0 0.0407227 0.785937 0.0775391 0.140625
0 0.0335938 0.802344 0.0568359 0.0875
0 0.313672 0.695703 0.597656 0.608594
0 0.355078 0.508203 0.107813 0.538281
0 0.671875 0.11709 0.05 0.0720703
0 0.45459 0.642188 0.295508 0.2625
0 0.0318359 0.822656 0.0546875 0.04375
0 0.0390747 0.760156 0.0751709 0.179688
0 0.686719 0.126953 0.0640625 0.0863281
0 0.214844 0.568359 0.429688 0.610156
0 0.357812 0.455469 0.109375 0.379688
0 0.0442383 0.736719 0.0871094 0.225
0 0.455859 0.730078 0.264062 0.210156
0 0.0311523 0.815625 0.0592773 0.0609375
0 0.381641 0.344531 0.05625 0.15625
0 0.7 0.13457 0.084375 0.0875
0 0.467578 0.674219 0.278906 0.180469
0 0.0367188 0.832812 0.0714844 0.090625
0 0.0483398 0.684375 0.0947266 0.329688
0 0.307227 0.566797 0.595703 0.610156
0 0.575879 0.580859 0.568555 0.652344
0 0.3 0.52041 0.242188 0.51543
0 0.0371216 0.544141 0.0724365 0.169531
0 0.339844 0.826367 0.64375 0.344141
0 0.405078 0.714063 0.402344 0.571875
0 0.447266 0.516406 0.291406 0.501563
0 0.673438 0.118945 0.0328125 0.0492188
0 0.371484 0.51875 0.142969 0.509375
0 0.676562 0.126563 0.0421875 0.0644531
0 0.0353516 0.795117 0.0652344 0.109766
0 0.68125 0.128613 0.0554687 0.0712891
0 0.0407715 0.785937 0.0774414 0.140625
0 0.0335449 0.80332 0.0567383 0.0871094
0 0.313867 0.695703 0.597266 0.608594
0 0.357812 0.474609 0.108594 0.414844
0 0.454297 0.643359 0.295312 0.258594
0 0.671094 0.116602 0.05 0.0703125
0 0.0319336 0.823438 0.0529297 0.0421875
0 0.0441406 0.7375 0.0867188 0.223438
0 0.214648 0.567969 0.429297 0.607813
0 0.0321289 0.825 0.0572266 0.05625
0 0.383594 0.341602 0.0546875 0.150391
0 0.455859 0.728906 0.263281 0.210938
0 0.316016 0.77832 0.611719 0.443359
0 0.0480469 0.689844 0.0939453 0.31875
0 0.467187 0.674219 0.278125 0.18125
0 0.699219 0.133984 0.0828125 0.0863281
0 0.355469 0.551953 0.103125 0.521094
0 0.0365723 0.832812 0.0708984 0.0890625
0 0.580469 0.578027 0.564063 0.645508
0 0.307617 0.565625 0.575391 0.607813
0 0.0370605 0.54375 0.072168 0.167187
0 0.301563 0.520703 0.2375 0.514844
0 0.345313 0.832812 0.654688 0.329688
0 0.405859 0.715234 0.399219 0.569531
0 0.0370117 0.764453 0.0673828 0.205469
0 0.447656 0.516406 0.290625 0.5
0 0.673828 0.119043 0.0320312 0.0482422
0 0.370703 0.51875 0.139844 0.507812
0 0.676172 0.126563 0.0414063 0.0636719
0 0.0353516 0.79668 0.0648438 0.106641
0 0.68125 0.128711 0.0546875 0.0707031
0 0.0411621 0.786133 0.077832 0.140234
0 0.0316895 0.805469 0.0558594 0.084375
0 0.454785 0.646094 0.295117 0.252344
0 0.357812 0.474609 0.108594 0.413281
0 0.0319336 0.823438 0.0526367 0.040625
0 0.314453 0.696094 0.596094 0.607813
0 0.671094 0.117188 0.05 0.0703125
0 0.0444458 0.7375 0.0866943 0.221875
0 0.383594 0.342187 0.0539063 0.150781
0 0.214844 0.567285 0.429688 0.604492
0 0.0312622 0.817187 0.05896 0.05625
0 0.467187 0.674219 0.278125 0.180469
0 0.455859 0.728516 0.2625 0.210156
0 0.31543 0.776758 0.611328 0.443359
0 0.0482422 0.696094 0.09375 0.304688
0 0.0358887 0.833594 0.069043 0.0859375
0 0.355469 0.552344 0.102344 0.520312
0 0.698828 0.133789 0.0804688 0.0855469
0 0.580469 0.574316 0.55 0.635742
0 0.0370117 0.54375 0.071875 0.164062
0 0.344141 0.833594 0.650781 0.328125
0 0.411719 0.717578 0.385938 0.564844
0 0.59375 0.612891 0.0257812 0.0429688
0 0.310937 0.565234 0.564063 0.605469
0 0.302344 0.521484 0.235156 0.514844
0 0.551562 0.676562 0.109375 0.173438
0 0.0373047 0.763672 0.0677734 0.207031
0 0.452441 0.522656 0.299805 0.496875
0 0.397754 0.521094 0.188867 0.503125
0 0.672656 0.119336 0.0265625 0.0429688
0 0.673438 0.123047 0.03125 0.0541016
0 0.355273 0.490723 0.101172 0.52793
0 0.0355957 0.795313 0.0708008 0.110937
0 0.359375 0.457422 0.107031 0.378906
0 0.385059 0.340234 0.0564453 0.145313
0 0.451172 0.610156 0.304688 0.332813
0 0.0389648 0.760156 0.0773438 0.182812
0 0.0318481 0.80293 0.0595459 0.0847656
0 0.213672 0.565234 0.427344 0.605469
0 0.0436035 0.787695 0.0864258 0.133984
0 0.678906 0.127441 0.040625 0.0685547
0 0.0437988 0.735156 0.0875977 0.23125
0 0.0562012 0.688672 0.109668 0.328906
0 0.689844 0.130078 0.0671875 0.0726563
0 0.467285 0.665625 0.279492 0.179688
0 0.0311035 0.820312 0.0553711 0.0515625
0 0.0491699 0.630469 0.0950195 0.448438
0 0.451953 0.692578 0.305469 0.277344
0 0.0400513 0.547266 0.0781006 0.171094
0 0.0387695 0.662109 0.0775391 0.382031
0 0.3375 0.528125 0.169531 0.523438
0 0.59375 0.613281 0.025 0.0421875
0 0.310547 0.702344 0.617969 0.595313
0 0.578125 0.639453 0.0625 0.102344
0 0.0233154 0.601953 0.0275879 0.053125
0 0.0520996 0.601562 0.0881836 0.0703125
0 0.55625 0.676562 0.0984375 0.176563
0 0.507031 0.671875 0.196875 0.16875
0 0.341016 0.473828 0.150781 0.408594
0 0.591406 0.620313 0.0296875 0.059375
0 0.565625 0.648438 0.0828125 0.122656
0 0.678125 0.122656 0.05 0.0832031
0 0.372461 0.550391 0.132422 0.39375
0 0.582031 0.63125 0.05 0.084375
0 0.030957 0.538281 0.0582031 0.171875
0 0.451953 0.713672 0.308594 0.400781
0 0.45791 0.722266 0.263867 0.224219
0 0.37959 0.357617 0.0548828 0.180859
0 0.703906 0.133398 0.0890625 0.0910156
0 0.639844 0.612598 0.673438 0.72168
0 0.0385254 0.836719 0.0760742 0.090625
0 0.587891 0.636719 0.0492188 0.109375
0 0.0201416 0.597656 0.0219238 0.0453125
0 0.0353027 0.603906 0.0512695 0.065625
0 0.498437 0.391797 0.028125 0.0421875
0 0.6625 0.115234 0.065625 0.0808594
